doi,annee,titre,revue,citations,decision,motif,confiance,resume_present,preprint,source
10.3390/biology10121324,2021.0,Genomic Analysis of 18th-Century Kazakh Individuals and Their Oral Microbiome,Biology,3,exclude,"Human oral microbiome/paleogenomics study, unrelated to animal hybridization zones or host-microbiome genetics framework",0.97,True,False,s2
10.7717/peerj.166,2013.0,"Mind the gaps: investigating the cause of the current range disjunction in the Cape Platanna, Xenopus gilli (Anura: Pipidae)",PeerJ,18,exclude,"Uses 16S as phylogenetic marker for frog species divergence/hybridization, not host microbiome characterization",0.96,True,False,s2
10.1111/ejss.12828,2019.0,Mediterranean coastal conditions and litter type drive litter microbial responses to drought stress,European Journal of Soil Science,10,exclude,"Litter decomposition microbial ecology, no host organism, no hybridization, unrelated to fish microbiota study",0.98,True,False,s2
10.1093/biolinnean/blad019,2023.0,Species divergence despite minimal morphological differentiation and habitat overlap in the Patelloida saccharina (Patellogastropoda: Lottiidae) species complex,Biological Journal of the Linnean Society,2,exclude,"Phylogenomics of gastropod species complex/hybrid zone, no microbiome or host-microbial community data",0.97,True,False,s2
10.51694/advweedsci/2023;41:00019,2023.0,Safety of genetically modified glyphosate-tolerant eucalyptus designed for integrated weed management,Advances in Weed Science,2,exclude,"GM eucalyptus herbicide tolerance, soil microbiota only, no host-microbiota hybridization link; agronomic biosafety not hybrid zone study",0.97,True,False,s2
10.1111/gcb.17440,2024.0,"Wheat genetic resources have avoided disease pandemics, improved food security, and reduced environmental footprints: A review of historical impacts and future opportunities",Global Change Biology,34,exclude,"Wheat breeding/genetic resources review, agronomic focus, no host microbiome-hybridization study",0.98,True,False,s2
10.1515/jvetres-2018-0008,2018.0,Efficacy and Safety Assessment of Microbiological Feed Additive for Chicken Broilers in Tolerance Studies,Journal of Veterinary Research,12,exclude,"Aquaculture/élevage appliqué probiotique poulets, sans hybridation ni question hôte-microbiote évolutive",0.98,True,False,s2
10.9734/ejnfs/2018/41552,2018.0,"Risk Assessment of Insect-resistant and Herbicide Tolerant Genetically Modified Maize Bt11 for Cultivation, Import, Processing, Food and Feed Uses under Directive 2001/18/EC and Regulation (EC) Opinion",,1,exclude,"GM maize risk assessment for cultivation/food safety, unrelated to host microbiota or hybridization",0.98,True,False,s2
10.1093/ismeco/ycaf090,2025.0,Benchmarking and optimizing qualitative and quantitative pipelines in environmental metatranscriptomics using mixture controlling experiments,ISME Communications,3,exclude,"Benchmark of metatranscriptomic pipelines, no hybridization, host, or hybrid microbiote study involved",0.97,True,False,s2
10.1080/1828051x.2021.1952910,2021.0,Whole-metagenome shotgun sequencing of pig faecal microbiome,Italian Journal of Animal Science,6,exclude,"Pig faecal microbiome study, no hybridization, no host genetics or ancestry, purely descriptive livestock metagenomics",0.97,True,False,s2
10.3897/zookeys.1009.54303,2021.0,"Lake Poso's shrimp fauna revisited: the description of five new species of the genus Caridina (Crustacea, Decapoda, Atyidae) more than doubles the number of endemic lacustrine species",ZooKeys,13,exclude,"Taxonomic description using 16S/COI phylogeny; not host microbiota study, no hybridization zone microbiome analysis",0.97,True,False,s2
10.1093/jas/skab254,2021.0,Effect of a Carbohydrase Admixture in Growing Pigs Fed Wheat-Based Diets in Thermoneutral and Heat Stress Conditions.,Journal of Animal Science,16,exclude,"Aquaculture/livestock feed enzyme study in pigs; no hybridization, no host genetic-microbiota link",0.97,True,False,s2
10.1007/s10347-010-0255-8,2011.0,"Hydrochemistry and microbialites of the alkaline crater lake Alchichica, Mexico",Facies,117,exclude,"Lake microbialite/cyanobacteria geochemistry study, no host organism, unrelated to hybrid fish microbiome",0.98,True,False,s2
10.3390/ijms26083619,2025.0,Multi-Omic Analysis Reveals the Potential Anti-Disease Mechanism of Disease-Resistant Grass Carp,International Journal of Molecular Sciences,3,exclude,"Backcross aquaculture study on disease resistance/cultivation, not natural hybrid zone or hologenome framework",0.9,True,False,s2
10.1158/1538-7445.am2023-5231,2023.0,"Abstract 5231: Whole genome sequencing reveals significant genetic admixture in multiple myeloma patients, impacting assessment of etiology",Cancer Research,0,exclude,"Human clinical multiple myeloma genetics/microbiome study, unrelated to hybridization zones or fish microbiota",0.98,True,False,s2
10.1111/bij.12466,2015.0,Evidence of introgressive hybridization between the morphologically divergent land snails Ainohelix and Ezohelix,Biological Journal of The Linnean Society,27,exclude,"16S used as mitochondrial phylogenetic marker for snail introgression, not host microbiome study",0.95,True,False,s2
10.18470/1992-1098-2020-4-52-62,2021.0,Effect of antibiotics on the cellulolytic and nitrification activity of gray forest soil,"South of Russia: ecology, development",9,exclude,"Soil microbiology/antibiotics study, no host organism, no hybridization, unrelated to fish microbiota topic",0.98,True,False,s2
10.1186/s13071-023-05971-2,2023.0,Genetic analysis challenges the presence of Ixodes inopinatus in Central Europe: development of a multiplex PCR to distinguish I. inopinatus from I. ricinus,Parasites & Vectors,10,exclude,"Tick species identification/hybridization via genetic markers, not host microbiome study",0.95,True,False,s2
10.1002/ece3.6982,2020.0,"Phylogeny and biogeography of the Japanese rhinoceros beetle, Trypoxylus dichotomus (Coleoptera: Scarabaeidae) based on SNP markers",Ecology and Evolution,17,exclude,"Beetle phylogeography using SNPs/16S as marker, no host microbiome or hybridization microbiota study",0.97,True,False,s2
10.3390/microorganisms11020261,2023.0,Residual Effects of Transgenic Cotton on the Intestinal Microbiota of Dysdercus concinnus,Microorganisms,3,exclude,"Insect gut microbiome on GM vs non-GM cotton, not host hybridization/introgression between organisms",0.94,True,False,s2
10.1371/journal.pone.0317657,2025.0,"Gut microbiota signatures of the three Mexican primate species, including hybrid populations",PLoS ONE,5,include,"Empirical gut microbiota study of natural primate hybrid zone, intermediate pattern, host genetic distance correlation",0.9,True,False,s2
10.1016/j.marpolbul.2019.01.041,2019.0,"Comparison of rhizosphere bacterial communities of reed and Suaeda in Shuangtaizi River Estuary, Northeast China.",Marine Pollution Bulletin,37,exclude,"Rhizosphere soil bacteria near plant zones, not host-associated hybrid microbiome; 'hybrid zone' refers to spatial vegetation mixing",0.95,True,False,s2
10.1371/journal.pone.0042786,2012.0,Assessing Bacterial Populations in the Lung by Replicate Analysis of Samples from the Upper and Lower Respiratory Tracts,PLoS ONE,157,exclude,"Human clinical respiratory microbiome study, unrelated to hybridization, host genetics, or fish tissue comparison",0.98,True,False,s2
10.1111/eva.12246,2015.0,Research highlights for issue 2: recent applications in molecular evolution,Evolutionary Applications,0,exclude,"News highlights on mosquito genomics/introgression, not host microbiome-hybrid empirical study",0.97,True,False,s2
10.7717/peerj.20460,2025.0,Human-mediated dispersal of Geniotrigona thoracica (Apidae: Meliponini) colonies promotes high genetic diversity and reduces population structuring in managed populations,PeerJ,1,exclude,"Population genetics of bee colonies via mitochondrial/microsatellite markers, not host microbiome or hybridization microbiota",0.97,True,False,s2
10.3389/fmicb.2022.871017,2022.0,Species-Resolved Metagenomics of Kindergarten Microbiomes Reveal Microbial Admixture Within Sites and Potential Microbial Hazards,Frontiers in Microbiology,23,exclude,"Human/environmental surface microbiome study, unrelated to host hybridization, fish tissues, or genetic ancestry index",0.98,True,False,s2
10.1098/rspb.2024.1970,2024.0,Eco-evolutionary dynamics of host–microbiome interactions in a natural population of closely related mouse subspecies and their hybrids,Proceedings B,2,include,"Natural hybrid zone, genetic admixture effect on host microbiome, host vs environment partitioning, directly relevant framing",0.9,True,False,"openalex,s2"
10.1093/femsec/fiz182,2019.0,No evidence for phylosymbiosis in western chipmunk species.,FEMS Microbiology Ecology,38,exclude,"Phylosymbiosis across chipmunk species/mitochondrial introgression, not a natural hybrid zone with hybrid vs parental microbiome comparison",0.72,True,False,"openalex,s2"
10.1101/2022.10.24.22281483,2022.0,BugSigDB: accelerating microbiome research through systematic comparison to published microbial signatures,medRxiv,2,exclude,"General human microbiome signature database tool, no hybridization or host genetics link",0.97,True,True,s2
10.1016/j.ympev.2015.05.018,2015.0,"Phylogeography of the arid-adapted Malagasy bullfrog, Laliostoma labrosum, influenced by past connectivity and habitat stability.",Molecular Phylogenetics and Evolution,20,exclude,"Phylogeography of frog species, no microbiote, no hybridization zone microbial study",0.98,True,False,s2
10.1016/j.dib.2025.111966,2025.0,Bacterial and fungal microbiome dataset from holobionts of CP4-EPSPS–containing hybrids and wild-type Brassica juncea in South Korea,Data in Brief,0,exclude,"Hybrides végétaux issus de transgène agricole, sans index d'ascendance continu ni cadre hôte-microbiote évolutif comparable",0.75,True,False,s2
10.1038/s41586-025-09856-5,2026.0,An ancient DNA perspective on the Russian conquest of Yakutia,Nature,1,exclude,"Human ancient DNA and oral microbiome study, unrelated to hybridization or animal/plant host-microbiota genetics",0.97,True,False,s2
10.1128/msystems.00131-18,2018.0,Finer-Scale Phylosymbiosis: Insights from Insect Viromes,mSystems,40,exclude,"Insect virome/phylosymbiosis in lab wasp species, not fish host-microbiota hybrid zone or genetic index",0.95,True,False,s2
10.1016/j.plaphy.2026.111231,2026.0,Genotyping by sequencing of wild interspecific mapping population detected novel genetic locus harbouring OsPT11 for rice yield under nutrient stress conditions.,Plant physiology and biochemistry : PPB,0,exclude,"Rice QTL mapping for yield under nutrient stress; no microbiome data, agronomic crop study only",0.97,True,False,s2
10.1128/msystems.01516-21,2022.0,Endosymbionts Reduce Microbiome Diversity and Modify Host Metabolism and Fecundity in the Planthopper Sogatella furcifera,mSystems,39,exclude,"Endosymbiont infection study in planthopper, no hybridization zone or host genetic ancestry-microbiome link",0.95,True,False,s2
10.5511/plantbiotechnology.25.0310b,2025.0,Species-level bacterial community shift in rice growth stages,Plant Biotechnology,2,exclude,"Rice growth stage phyllosphere study, no hybrid comparison or hybridization zone, agronomic focus",0.9,True,False,s2
10.26686/wgtn.25989046,,"Native and Invasive Smooth Shelled Blue Mussels (Mytilus spp.) in New Zealand: Evolutionary, Biosecurity and Aquaculture Implications",,2,exclude,"Mussel shell morphology/genetics hybridization study, no host microbiota characterization",0.97,True,False,s2
10.1038/s41598-017-02945-0,2017.0,Wandering behaviour prevents inter and intra oceanic speciation in a coastal pelagic fish,Scientific Reports,7,exclude,"Phylogeography of anchovies using mtDNA/microsatellites; no host microbiota, no hybridization microbiome study",0.97,True,False,s2
10.7717/peerj.13240,2022.0,Differentiation patterns of emperor moths (Lepidoptera: Saturniidae: Saturniinae) of a continental island: divergent evolutionary history driven by Pleistocene glaciations,PeerJ,4,exclude,"Phylogeography/speciation via mtDNA barcoding of moths; no microbiome, no hybrid zone microbiota comparison",0.98,True,False,s2
10.17816/ecogen17323-38,2019.0,Sinorhizobium meliloti: chromosomal types and genomic islands,Экологическая генетика,3,exclude,"Rhizobium genomics of alfalfa nodules, not host microbiote of hybrid animals/plants tissues",0.95,True,False,s2
10.1007/s13127-018-00389-6,2019.0,"Taxonomic revision of the dwarf spider genus Shaanxinus Tanasevitch, 2006 (Araneae, Linyphiidae, Erigoninae), with new species from Taiwan and Vietnam",Organisms Diversity & Evolution,2,exclude,"Taxonomic spider revision using COI/16S/28S markers, not host microbiome study of hybridization zones",0.97,True,False,s2
10.1186/s12885-020-07007-9,2020.0,"Integration of genomics, metagenomics, and metabolomics to identify interplay between susceptibility alleles and microbiota in adenoma initiation",BMC Cancer,9,exclude,"Mouse cancer model genetics/microbiota study, not hybridization zone or host-microbiota evolutionary framework relevant here",0.97,True,False,s2
10.1080/21564574.2023.2245840,2023.0,"Systematics of the Thirteen-scaled Green Snake Philothamnus carinatus (Squamata: Colubridae), with the description of a cryptic new species from Central and East Africa",African Journal of Herpetology,2,exclude,"Snake phylogenetics using 16S as marker gene, not host microbiota; no hybrid microbiome data",0.97,True,False,s2
10.1007/s10144-010-0252-3,2010.0,Forest gene diversity is correlated with the composition and function of soil microbial communities,Population Ecology,60,exclude,"Soil microbial community linked to plant stand gene diversity, not host-associated microbiota of hybrid organism itself",0.9,True,False,s2
10.2307/3495738,1993.0,"Research Reports: Size Difference Among 16S rRNA Genes From Endosymbiontic Bacteria Found in Testes of Heliothis Virescens, H. Subflexa, (Lepidoptera: Noctuidae) and Backcross Sterile Male Moths",Florida Entomologist,9,exclude,"Endosymbiont incompatibility in interspecific insect crosses, not host-associated 16S microbiote community study of hybridization zone",0.9,True,False,s2
10.1021/acs.est.9b06680,2020.0,Increased resistance of nitrite-admixed concrete to microbially induced corrosion in real sewers.,Environmental Science and Technology,33,exclude,"Microbiote de béton/égout sans hôte animal ni hybridation biologique, hors sujet",0.98,True,False,s2
10.5021/ad.2016.28.4.505,2016.0,A Case of Facial Sarcoptes scabiei in a Female Child,Annals of Dermatology,1,exclude,"Case report on human scabies infection, unrelated to fish hybridization or microbiota",0.99,True,False,s2
10.3897/zookeys.809.30087,2018.0,"Phylogenetic and morphological discord indicates introgressive hybridisation in two genera of Australian millipedes (Diplopoda, Polydesmida, Paradoxosomatidae)",ZooKeys,1,exclude,Phylogenetic/morphological hybridization study in millipedes; no microbiome or 16S microbial community characterization,0.96,True,False,s2
10.1098/rspb.2019.0431,2019.0,"Genes, geology and germs: gut microbiota across a primate hybrid zone are explained by site soil properties, not host species",Proceedings of the Royal Society B,124,include,"Empirical microbiome study across natural primate hybrid zone, testing host genetics vs environment predictors",0.85,True,False,s2
10.1111/mec.16616,2022.0,Unveiling biogeographical patterns in the worldwide distributed Ceratitis capitata (medfly) using population genomics and microbiome composition,Molecular Ecology,12,exclude,"Population genomics and microbiome of invasive medfly biogeography, not hybridization zone or hybrid microbiome study",0.9,True,False,s2
10.1890/07-0337.1,2008.0,Plant-soil microorganism interactions: heritable relationship between plant genotype and associated soil microorganisms.,Ecology,364,include,"Heritable plant genotype-soil microbiome link in Populus hybrids/backcrosses, supports genetic control/heritability framing",0.75,True,False,s2
10.1186/s40168-026-02345-5,2025.0,"The antimicrobial gut resistome of the Wayampi reveals a shared background of antibiotic and metal resistance genes with industrialized populations, underscoring the “robust-yet-fragile” architecture of human gut microbiomes",bioRxiv,1,exclude,"Human gut resistome study, no hybridization or host genetics link, clinical/human population comparison only",0.97,True,True,s2
10.1007/s00248-025-02622-0,2025.0,Effects of CP4-EPSPS-Containing Brassica juncea Hybrids on the Gut and Fecal Microbiota of the Terrestrial Decomposer Armadillidium vulgare,Microbial Ecology,1,exclude,GM crop hybrid effect on decomposer gut microbiome; not host hybridization/introgression zone or host genetics-microbiome link,0.95,True,False,s2
10.1093/femsyr/foag039,2026.0,Genomic Tales of Wine Yeasts: From Domestication to Functional Innovation.,FEMS Yeast Research,0,exclude,"Wine yeast genomics/domestication study, not host microbiota, hybrid zones, or fish tissue comparisons",0.97,True,False,s2
10.1093/molbev/msx206,2017.0,Archaic Hominin Introgression in Africa Contributes to Functional Salivary MUC7 Genetic Variation,Molecular biology and evolution,59,exclude,"Human oral microbiome/MUC7 introgression, not fish hybridization zone or animal/plant host microbiome study",0.9,True,False,s2
10.4049/jimmunol.206.supp.105.05,2021.0,Roles of CX3CR1 and probiotic lactobacilli on the development of autoimmunity in MRL/lpr mice,Journal of Immunology,0,exclude,"Mouse autoimmune disease/probiotic study, no hybridization, host-microbiota genetics in clinical context, not host-hybrid microbiome study",0.97,True,False,s2
10.1038/s41564-018-0338-9,2019.0,Megaphages infect Prevotella and variants are widespread in gut microbiomes,Nature Microbiology,187,exclude,"Human/animal gut phage discovery, no hybridization or host genetics-microbiome link",0.97,True,False,s2
10.22416/1382-4376-2018-28-3-88-100,2018.0,"Прукалоприд и мультиштаммовый пробиотик в разрешении автономной кишечной нейропатии у пациентов, находящихся в критическом состоянии(Клинический разбор)",,1,exclude,"Clinical human gut neuropathy case report, unrelated to hybrid fish microbiota or host genetics",0.98,True,False,s2
10.1016/j.bcab.2019.101192,2019.0,Modified cement composites for protection against microbial induced concrete corrosion of marine structures,Biocatalysis and Agricultural Biotechnology,17,exclude,"About concrete corrosion microbiology, unrelated to host microbiota or hybridization",0.99,True,False,s2
10.62550/sy3246,2015.0,Morphological and Molecular Analysis of the Sea Catfishes Arius manillensis and Arius dispar (Siluriformes: Ariidae),The Philippine agricultural scientist,2,exclude,"Taxonomic/phylogenetic species delimitation study, no microbiome data, no host-microbe hybridization analysis",0.97,True,False,s2
10.1161/atvb.39.suppl_1.378,2019.0,Abstract 378: Creation of Four Congenic Mouse Strains Confirms and Localizes an Atherosclerosis Modifying Gene on Chromosome 15,"Arteriosclerosis, Thrombosis and Vascular Biology",0,exclude,"Mouse atherosclerosis QTL genetics study, not host-microbiota hybridization research; only tangential feces-mixing control mention",0.97,True,False,s2
10.1007/bf03544344,2016.0,"Confirmation of the hybridization of Chiroxiphia Cabanis, 1847 and Antilophia Reichenbach, 1850 (Passeriformes: Pipridae) using molecular markers",Revista Brasileira de Ornitologia,4,exclude,"Hybridization genetic marker confirmation study, not host microbiota/16S community analysis of hybrids",0.97,True,False,s2
10.7554/elife.75419,2021.0,Key features of the genetic architecture and evolution of host-microbe interactions revealed by high-resolution genetic mapping of the mucosa-associated gut microbiome in hybrid mice,bioRxiv,15,include,"Hybrid mouse zone, gut microbiome heritability, host genetic mapping of microbial traits—supports heritability/genetic control frame",0.9,True,True,s2
10.1101/2023.12.11.571054,2023.0,"Subspecies divergence, hybridisation and the spatial environment shape phylosymbiosis in the microbiome of house mice",bioRxiv,3,include,"Empirical hybrid zone (house mouse), microbiome vs subspecies genetic divergence/hybridisation, phylosymbiosis, host genetics vs environment",0.9,True,True,"openalex,s2"
10.3390/plants12040737,2023.0,Exploiting Rye in Wheat Quality Breeding: The Case of Arabinoxylan Content,Plants,7,exclude,"Wheat-rye introgression for arabinoxylan/agronomic quality, not microbiome of hybridization zone hosts",0.97,True,False,s2
10.1111/mec.70498,2026.0,Genetic Links to Gut Microbiome Variation in the Yellow-Rumped Warbler Hybrid Zone.,Molecular Ecology,0,include,"Natural hybrid zone, 16S gut microbiome, host genotype-microbiome association mapping directly relevant to frames (i)-(ii)",0.85,True,False,"openalex,s2"
10.1101/2025.09.25.678039,2025.0,The reproductive microbiome inhibits pollen germination in milkweed,bioRxiv,0,exclude,"Stigmatic microbiome affects pollination barriers, not host microbiome composition compared across hybrid vs parental individuals/tissues",0.82,True,True,s2
10.4038/cjs.v49i4.7823,2020.0,Historic black rat invasions into Sri Lanka lead to hybridization forming two sub-lineages in the Rattus rattus species complex,Ceylon Journal of Science,2,exclude,"Phylogénétique/introgression de rats via gènes marqueurs, sans microbiote ni communauté bactérienne de l'hôte",0.97,True,False,s2
10.1016/j.jgeb.2026.100778,2026.0,"Ancient DNA as a temporal lens: reconstructing evolution, migration, and disease dynamics",Journal of Genetic Engineering and Biotechnology,0,exclude,"aDNA review on human migration/pathogens, no host microbiome-hybridization study relevant to fish hybrid zones",0.97,True,False,s2
10.1007/s00011-023-01731-1,2023.0,CX3CR1 modulates SLE-associated glomerulonephritis and cardiovascular disease in MRL/lpr mice,Inflammation Research,16,exclude,"Mouse lupus model study, not fish hybridization or host-microbiome hybrid zone research",0.98,True,False,s2
10.1101/2023.12.18.571948,2023.0,"JASPER: fast, powerful, multitrait association testing in structured samples gives insight on pleiotropy in gene expression",bioRxiv,0,exclude,"Statistical method for gene expression/multitrait GWAS, not host microbiome or hybridization study",0.95,True,True,s2
10.1016/j.aqrep.2023.101889,2024.0,"Effects of the total fish meal replacement by plant meal on growth performance, nutrient utilization and intestinal microbiota of backcross F2 derived from blunt snout bream (Megalobrama amblycephala, ♀) × topmouth culter (Culter alburnus, ♂)",Aquaculture Reports,9,exclude,"Aquaculture-focused study on feed replacement and growth, not evolutionary hybrid microbiome question",0.85,False,False,s2
10.1053/j.gastro.2020.10.031,2020.0,Epithelial TLR4 signaling activates DUOX2 to induce microbiota-driven tumorigenesis,Gastroenterology,84,exclude,"Human colitis/cancer TLR4-microbiota study, no hybridization or host genetic ancestry comparison",0.98,True,False,s2
10.1093/femsec/fiaa213,2020.0,Stump removal and tree species composition promote a bacterial microbiome that may be beneficial in the suppression of root disease.,FEMS Microbiology Ecology,4,exclude,"Soil bacterial community study unrelated to host microbiome, hybridization, or host genetics",0.98,True,False,s2
10.1016/j.cryobiol.2025.105281,2025.0,Study of freezing properties of aqueous leaf homogenates from Hippophae rhamnoides.,Cryobiology,3,exclude,"Plant freezing/cryobiology study with ice-nucleating bacteria, unrelated to hybridization or host-microbiota genetics",0.97,True,False,s2
10.1016/j.jaci.2017.12.586,2018.0,Skin microbiome regulates SCF level in Keratinocytes and defines mast cell maturation,Journal of Immunology,1,exclude,"Mouse immunology study of skin microbiome and mast cells, no hybridization or host genetics link",0.97,True,False,s2
10.1242/jeb.250973,2025.0,Microbiome composition shapes temperature tolerance in a Hawaiian picture-winged Drosophila,Journal of Experimental Biology,4,exclude,"Population microbiome-host physiology study, no hybridization/hybrid zone or genetic ancestry-microbiome link",0.9,True,False,s2
10.1016/s1055-7903(03)00217-3,2004.0,High mitochondrial diversity within and among populations of Malagasy poison frogs.,Molecular Phylogenetics and Evolution,41,exclude,"Phylogeography using 16S as marker gene, not host microbiome study; no microbial community analysis",0.97,True,False,s2
10.1016/b978-0-12-817052-6.00010-0,2020.0,Genetics and breeding of sheep and goats,,14,exclude,"Livestock breeding review, no hybridization zone microbiome study or host-microbiota genetic analysis",0.95,True,False,s2
10.1080/14772000.2022.2102686,2022.0,"Shedding light on taxonomic chaos: Diversity and distribution of South Asian skipper frogs (Anura, Dicroglossidae, Euphlyctis)",Systematics and Biodiversity,9,exclude,Frog taxonomy/phylogeography study; no host microbiote characterization despite mention of introgression zone,0.97,True,False,s2
10.13102/sociobiology.v65i4.3442,2018.0,Searching for Molecular Markers to Differentiate Bombus terrestris (Linnaeus) Subspecies in the Iberian Peninsula,Sociobiology,14,exclude,"16S here is a mitochondrial marker for subspecies genotyping, not host-associated microbiome study",0.95,True,False,s2
10.1038/s41587-023-01872-y,2023.0,BugSigDB captures patterns of differential abundance across a broad range of host-associated microbial signatures,Nature Biotechnology,20,exclude,"Database tool for human/host microbiome signatures generally; not hybridization zone, host genetics, or fish tissue comparison study",0.95,True,False,s2
10.1128/microbiolspec.mtbp-0008-2016,2018.0,Tracking the Rules of Transmission and Introgression with Networks,Microbiology spectrum,4,exclude,"Réseau méthodologique sur transmission de gènes/microbes, sans étude empirique d'hybrides ni zone d'hybridation naturelle",0.9,True,False,s2
10.1093/jhered/esaa052,2020.0,Strong sexual selection does not induce population differentiation in a fish species with high dispersal potential: the curious case of the worm pipefish Nerophis lumbriciformis (Teleostei: Syngnathidae).,Journal of Heredity,1,exclude,"Phylogeography using 16S as marker gene, not host microbiome; no hybridization or microbial community study",0.96,True,False,s2
10.1101/2021.08.04.21261547,2021.0,Deconvoluting complex correlates of COVID19 severity with local ancestry inference and viral phylodynamics: Results of a multiomic pandemic tracking strategy,medRxiv,1,exclude,"COVID-19 human microbiome/genomics study, unrelated to animal hybridization zones or host-microbiome heritability",0.98,True,True,s2
10.1093/femsec/fiad127,2023.0,Seasonal restructuring facilitates compositional convergence of gut microbiota in free-ranging rodents.,FEMS Microbiology Ecology,10,unclear,Woodrat hybrid zone gut microbiome study but abstract doesn't clarify hybrid vs parental comparison or host genetic control,0.55,True,False,s2
10.1186/s12862-016-0802-1,2016.0,Spatial pattern of genetic diversity and selection in the MHC class II DRB of three Neotropical bat species,BMC Evolutionary Biology,15,exclude,"MHC genetic diversity study in bats; no microbiome/microbiota data, no hybridization between organisms",0.96,True,False,s2
10.1016/j.geoderma.2023.116638,2023.0,"Tree species mixing begets admixture of soil microbial communities: Variations along bulk soil, rhizosphere soil and root tissue",Geoderma,34,exclude,"Soil/rhizosphere microbiome with tree species mixing, not animal/plant hybrid host microbiota comparison",0.88,False,False,s2
10.1016/j.ympev.2019.106701,2019.0,"Phylogeography, speciation and demographic history: Contrasting evidence from mitochondrial and nuclear markers of the Odorrana graminea sensu lato (Anura, Ranidae) in China.",Molecular Phylogenetics and Evolution,19,exclude,"Phylogéographie et spéciation d'une grenouille, sans microbiote ni analyse de communauté microbienne associée à l'hôte",0.98,True,False,s2
10.1111/mec.17192,2023.0,The effect of host admixture on wild house mouse gut microbiota is weak when accounting for spatial autocorrelation,bioRxiv,6,include,"Empirical hybrid zone gut microbiome study linking continuous admixture index to microbiota, addressing host-environment/spatial partitioning",0.93,True,True,s2
10.1007/s44372-026-00685-y,2026.0,Harnessing halophyte adaptations for salinity resilient agriculture through genetic mechanisms and crop improvement,Discover Plants,1,exclude,"Plant salt-tolerance breeding review, not hybrid zone microbiota, host genetics, or holobiont speciation study",0.97,True,False,s2
10.1093/jas/skz222,2019.0,"Effect of chronic and acute heat challenges on fecal microbiota composition, production, and thermoregulation traits in growing pigs,",Journal of Animal Science,54,exclude,"Pig gut microbiota under heat stress; aquaculture/livestock production study, not hybridization or host genetics context",0.96,True,False,s2
10.1603/0013-8746(2006)99[457:oocrpr]2.0.co;2,2006.0,Origin of Chromosomal Rearrangement: Phylogenetic Relationship Between X0/XX and XY/XX Chromosomal Races in the Brachypterous Grasshopper Podisma sapporensis (Orthoptera: Acrididae),,7,exclude,"Chromosomal phylogeography of grasshopper races via mtDNA, no microbiote or host-microbe study involved",0.97,True,False,s2
10.1038/srep37589,2016.0,Short Chain Fatty Acids Prevent High-fat-diet-induced Obesity in Mice by Regulating G Protein-coupled Receptors and Gut Microbiota,Scientific Reports,554,exclude,"Mouse gut microbiota/obesity diet study, no hybridization, no host genetics or hybrid zone context",0.98,True,False,s2
10.3389/fpls.2022.829337,2022.0,High-Throughput Sequencing-Based Analysis of Rhizosphere and Diazotrophic Bacterial Diversity Among Wild Progenitor and Closely Related Species of Sugarcane (Saccharum spp. Inter-Specific Hybrids),Frontiers in Plant Science,19,exclude,"Rhizosphere/soil microbiome of sugarcane species, not host hybrid comparison; agronomic crop breeding focus",0.9,True,False,"openalex,s2"
10.1016/j.ttbdis.2022.102020,2022.0,"A new species of tick, Ixodes (Ixodes) mojavensis (Acari: Ixodidae), from the Amargosa Valley of California",Ticks and Tick-borne Diseases,9,exclude,"Tick taxonomy/phylogenetics paper; no host microbiome study, no hybridization microbiota link",0.97,True,False,s2
10.1038/s42003-025-08862-7,2025.0,Midgut microbiota diversity and interactions shift when field Aedes aegypti mosquitoes carry the wMel strain of Wolbachia pipientis,Communications Biology,2,exclude,"Wolbachia infection study in mosquitoes, not host hybridization/hybrid zone or genetic ancestry-microbiome link",0.95,True,False,s2
10.1093/hr/uhag267,2026.0,"Tuning Tomato Immunity: Integrating Signaling Networks, Epigenetic Regulation, and Rhizosphere Microbiomes for Durable Resistance",Horticulture Research,0,exclude,"Tomato immunity/rhizosphere review, no hybridization zone, no animal microbiome, no ancestry-microbiome heritability analysis",0.97,True,False,"openalex,s2"
10.1007/s00248-026-02750-1,2026.0,Characterizing the Microbiome and Prevalence of Wolbachia in Culex pipiens Complex and Culex restuans Mosquitoes in the Midwest United States,Microbial Ecology,0,exclude,"Mosquito species complex/forms study, not a natural hybridization zone with continuous ancestry-microbiome analysis",0.75,True,False,s2
10.30978/mg-2025-3-104,2025.0,Microscopic colitis: a modern view on the problem,Modern Gastroenterology,0,exclude,"Human clinical microscopic colitis review, no hybridization or host-genetics-microbiome link",0.98,True,False,s2
10.1002/ggn2.10041,2021.0,The missing person in gene‐environment interactions,Advanced genetics,0,exclude,"Human clinical gene-environment/sickle cell disease paper, unrelated to hybridization or host microbiota",0.98,True,False,s2
10.1186/s40168-022-01407-8,2022.0,Human microbiota drives hospital-associated antimicrobial resistance dissemination in the urban environment and mirrors patient case rates,Microbiome,36,exclude,"Human clinical/urban microbiome and AMR study, unrelated to hybridization or host genetics",0.98,True,False,s2
10.1016/j.foreco.2020.118799,2021.0,Moderate effects of tree species identity on soil microbial communities and soil chemical properties in a common garden experiment,Forest Ecology and Management,34,exclude,"Soil microbial community under tree species, no host microbiome, no hybridization or host genetics involved",0.98,True,False,s2
10.1017/s0960428600000147,2000.0,"EVIDENCE FOR INTROGRESSIVE HYBRIDIZATION BASED ON CHLOROPLAST DNA POLYMORPHISMS AND MORPHOLOGICAL VARIATION IN WILD EVERGREEN AZALEA POPULATIONS OF THE KIRISHIMA MOUNTAINS, JAPAN",Edinburgh Journal of Botany,29,exclude,"Plant hybridization study using cpDNA 16S rDNA marker for phylogenetics, not host microbiome community",0.95,True,False,s2
10.1038/s41598-018-29400-y,2018.0,Trichoplax genomes reveal profound admixture and suggest stable wild populations without bisexual reproduction,Scientific Reports,47,exclude,"Placozoan genomics/admixture study, not host microbiome, no 16S community analysis of hybrid zone",0.96,True,False,s2
10.1186/s13071-015-0956-5,2015.0,Molecular characterisation of the tick Rhipicephalus microplus in Malaysia: new insights into the cryptic diversity and distinct genetic assemblages throughout the world,Parasites & Vectors,139,exclude,"Phylogenetics of tick genetic diversity via mtDNA markers, not host microbiome or hybridization between organisms",0.97,True,False,s2
10.1002/ece3.71903,2025.0,"High Connectivity at Abyssal Depths: Genomic and Proteomic Insights Into Population Structure of the Pan‐Atlantic Deep‐Sea Bivalve Ledella ultima (E. A. Smith, 1885)",Ecology and Evolution,0,exclude,"Population genomics of deep-sea bivalve, no microbiote, no hybridization between organisms, unrelated topic",0.97,True,False,s2
10.1080/14772000.2023.2291086,2024.0,"Integrative species delimitation and biogeography of the Rhinella margaritifera species group (Amphibia, Anura, Bufonidae) suggest an intense diversification throughout Amazonia during the last 10 million years",Systematics and Biodiversity,10,exclude,"Phylogeography/species delimitation using 16S mtDNA marker, not host-associated microbiome study of hybrids",0.97,True,False,s2
10.18176/jiaci.0878,2022.0,Asthma exacerbations: the genes behind the scenes,Journal of investigational allergology & clinical immunology,8,exclude,"Human asthma genomics/microbiome, clinical context, unrelated to fish hybridization or host-microbiome genetics",0.98,True,False,s2
10.1101/2020.11.24.396903,2020.0,Cyto-nuclear linkage disequilibrium resulting from admixture,bioRxiv,0,exclude,"Cyto-nuclear admixture in Silene, no host microbiome data; only mentions microbiome study as future utility",0.95,True,True,s2
10.1371/journal.pone.0004119,2009.0,Molecular Identification of Birds: Performance of Distance-Based DNA Barcoding in Three Genes to Delimit Parapatric Species,PLoS ONE,111,exclude,"DNA barcoding for species delimitation in birds, not host microbiome nor hybrid zone microbial study",0.97,True,False,s2
10.3390/foods10123090,2021.0,Detection of Species Substitution in the Meat Value Chain by High-Resolution Melting Analysis of Mitochondrial PCR Products,Foods,17,exclude,"Species substitution detection via mitochondrial PCR-HRM in meat, unrelated to hybridization or host microbiota",0.98,True,False,s2
10.1038/s41396-020-00758-0,2020.0,"A 500-year tale of co-evolution, adaptation, and virulence: Helicobacter pylori in the Americas",The ISME Journal,37,exclude,"H. pylori pathogen admixture in humans, not host microbiome study of animal hybridization zone",0.95,True,False,s2
10.1111/fwb.70285,2026.0,"Do Inter‐Basin Water Transfer Schemes Facilitate the Dispersal of Freshwater Crabs Across Catchments? A Genetic Case Study From the Eastern Cape, South Africa",Freshwater Biology,0,exclude,"Population genetics of crabs via mtDNA/microsatellites, no microbiome or host-microbe association studied",0.98,True,False,s2
10.1371/journal.pone.0104628,2014.0,Population Genetics of the São Tomé Caecilian (Gymnophiona: Dermophiidae: Schistometopum thomense) Reveals Strong Geographic Structuring,PLoS ONE,15,exclude,"Population genetics of caecilian using mtDNA (16S gene marker), not host microbiome study; no hybridization/microbiota link",0.97,True,False,s2
10.1016/j.soilbio.2018.05.027,2018.0,"The legacy of mixed planting and precipitation reduction treatments on soil microbial activity, biomass and community composition in a young tree plantation",Soil Biology and Biochemistry,63,exclude,"Sol microbien forestier, sécheresse et diversité d'arbres, sans hybridation d'hôte ni holobionte animal/végétal",0.97,True,False,s2
10.2139/ssrn.4002415,2022.0,Hybridization affects the structure and function of root microbiome by altering gene expression in roots of wheat introgression line under saline-alkali stress.,Science of the Total Environment,27,exclude,"Wheat crop hybrid studied for stress tolerance/agronomic trait, not natural hybrid zone or evolutionary hologenome question",0.85,True,False,s2
10.1038/s42003-023-04919-7,2023.0,Gut microbial communities of hybridising pygmy angelfishes reflect species boundaries,Communications Biology,2,include,"Empirical natural hybrid zone fish gut microbiome vs parents, intermediate pattern, supports frame (i)",0.9,True,False,"openalex,s2"
10.17221/590/2017-pse,2017.0,Which of soil microbes is in positive correlation to yields of maize (Zea mays L.),Plant Soil and Environment,12,exclude,"Soil microbiome/fertilizer study on maize yield, no host-microbiome or hybridization link",0.98,True,False,s2
10.1038/s41598-026-62844-1,2026.0,An integrative identification approach reveals that subspecies hybridization in Bombus terrestris predates commercial use and varies with greenhouse density.,Scientific Reports,0,exclude,"Bumblebee subspecies hybridization/introgression study using 16S as marker gene, not host microbiome characterization",0.96,True,False,s2
10.1017/s1466252321000165,2022.0,"Biotherapeutic microbial supplementation for ameliorating fish health: developing trends in probiotics, prebiotics, and synbiotics use in finfish aquaculture",Animal Health Research Reviews,29,exclude,"Aquaculture probiotics/prebiotics review for fish health/growth, no hybridization or host genetics link",0.97,True,False,s2
10.1038/s41598-018-27314-3,2018.0,Sample tracking in microbiome community profiling assays using synthetic 16S rRNA gene spike-in controls,Scientific Reports,24,exclude,"Technical 16S-seq methodology paper, no hybridization, host, or hybrid microbiome content",0.97,True,False,s2
10.1093/ajcp/aqaf121.219,2025.0,"388 Extranodal NK/T-cell Lymphoma, Nasal Type: Clinical and Diagnostic Challenges Illustrated by a Case Series",American Journal of Clinical Pathology,0,exclude,"Clinical human lymphoma case series, no fish hybridization, host-microbiote genetics, or hybrid zone relevance",0.98,True,False,s2
10.1093/gbe/evy209,2018.0,MultiTwin: A Software Suite to Analyze Evolution at Multiple Levels of Organization Using Multipartite Graphs,Genome Biology and Evolution,6,exclude,"Software tool for gene-sharing networks in genomics, unrelated to host microbiota or hybridization zones",0.97,True,False,s2
10.9734/ejnfs/2019/v11i230141,2019.0,"Environmental Risk Assessment of Insect Resistant Genetically Modified Maize MON810 for Cultivation, Seed Production, Import, Processing and Feed Uses under Directive 2001/18/EC (Notification C/F/95/12/02)",European Journal of Nutrition and Food Safety,0,exclude,"GMO maize environmental risk assessment, unrelated to hybrid zones or host microbiota",0.98,True,False,s2
10.1016/j.ympev.2019.106700,2019.0,Sympatric lineages in the Mantidactylus ambreensis complex of Malagasy frogs originated allopatrically rather than by in-situ speciation.,Molecular Phylogenetics and Evolution,14,exclude,"Frog phylogeography/speciation study, no microbiome or host-associated microbial community analysis at all",0.98,True,False,s2
10.1098/rspb.2021.1252,2021.0,Integrating multi-taxon palaeogenomes and sedimentary ancient DNA to study past ecosystem dynamics,Proceedings of the Royal Society B,24,exclude,"Ancient DNA/paleogenomics review, no hybridization microbiome study, no host-microbiota link",0.96,True,False,s2
10.1093/ismeco/ycae053,2024.0,Aberrant microbiomes are associated with increased antibiotic resistance gene load in hybrid mice,ISME Communications,3,include,"Natural hybrid zone (house mice), gut microbiome across hybrid index gradient, host genetics-microbiome link, transgressive ARG patterns",0.85,True,False,"openalex,s2"
10.1163/15685381-bja10255,2026.0,Exploring phenotypic divergence in Prosymna greigerti (Squamata: Prosymnidae),Amphibia-Reptilia,0,exclude,"Phylogeography/taxonomy of snake using mtDNA markers, no microbiote or host-microbe community study",0.97,True,False,s2
10.1371/journal.pone.0049674,2012.0,Tracing the Invasion of the Mediterranean Land Snail Cornu aspersum aspersum Becoming an Agricultural and Garden Pest in Areas Recently Introduced,PLoS ONE,59,exclude,"Snail invasion genetics using 16S rRNA as phylogenetic marker, not host microbiota study",0.97,True,False,s2
10.11646/zootaxa.5706.4.3,2025.0,Integrative taxonomy reveals mitochondrial introgression and Pleistocene diversification in Palearctic Agnocoris species (Insecta: Heteroptera: Miridae).,Zootaxa,1,exclude,"Insect systematics/mitochondrial introgression study, not host microbiome; no bacterial community characterization",0.97,True,False,s2
10.11646/zootaxa.5179.1.1,2022.0,Integrative revision of the Lygodactylus madagascariensis group reveals an unexpected diversity of little brown geckos in Madagascars rainforest.,Zootaxa,19,exclude,Gecko taxonomy/phylogenetics paper using 16S rRNA for species delimitation; no microbiome or hybrid microbiota study,0.97,True,False,s2
10.1111/ele.14135,2022.0,The gut microbiome reflects ancestry despite dietary shifts across a hybrid zone.,Ecology Letters,17,include,"Empirical hybrid zone gut microbiome study, host genotype drives assembly, intermediate hybrid pattern shown",0.95,True,False,s2
10.1016/j.apsoil.2020.103681,2020.0,Effect of monospecific and mixed litters on bacterial communities' structure and functions under contrasting Mediterranean climate conditions,"Agriculture, Ecosystems & Environment. Applied Soil Ecology",7,exclude,"Litter decomposition soil bacterial communities, no host organism, no hybridization",0.98,True,False,s2
10.1038/s41598-023-48804-z,2023.0,Benchmarking DNA isolation methods for marine metagenomics,bioRxiv,25,exclude,"DNA extraction methods benchmarking, no hybridization or host-microbiota evolutionary question addressed",0.97,True,True,s2
10.36956/njas.v1i2.14,2020.0,Vermicompost and cow dung admixture increases rhizosphere bacterial population and promotes rapid physiological maturity in Maize (Zea mays L.),,4,exclude,"Rhizosphere soil bacteria under organic fertilizer in maize agronomy, no host-microbiota or hybridization link",0.98,True,False,s2
10.1186/s12284-016-0111-8,2016.0,Effect of Wild and Cultivated Rice Genotypes on Rhizosphere Bacterial Community Composition,Rice,100,exclude,"Rhizosphere microbiote et génotype hôte, mais pas hybridation/introgression naturelle ni index hybride, rendement agronomique/domestication",0.85,True,False,s2
10.11646/zootaxa.5468.3.2,2024.0,Taxonomizing a truly morphologically cryptic complex of dwarf geckos from Madagascar: molecular evidence for new species-level lineages within the Lygodactylus tolampyae complex.,Zootaxa,6,exclude,"Gecko phylogenetics/taxonomy using 16S marker, not host microbiome study; no hybridization microbiota link",0.98,True,False,s2
10.5851/kosfa.2015.35.3.382,2015.0,A Simultaneous Analytical Method for Duplex Identification of Porcine and Horse in the Meat Products by EvaGreen based Real-time PCR,Korean Journal for Food Science of Animal Resources,8,exclude,"PCR meat species detection assay, unrelated to host microbiota, hybridization zones, or holobiont concepts",0.98,True,False,s2
10.1002/ece3.496,2013.0,Hybridization in natural sympatric populations of Dermacentor ticks in northwestern North America,Ecology and Evolution,35,exclude,"16S used as mtDNA marker for tick hybridization, not host microbiome study",0.96,True,False,"openalex,s2"
10.1111/nph.17820,2021.0,Evidence for host–microbiome co‐evolution in apple,New Phytologist,91,include,Domestication/lineage microbiome introgression across Malus species; genetic control and host phylogeny link to microbiome assembly,0.7,True,False,s2
10.3390/microorganisms11051166,2023.0,MPrESS: An R-Package for Accurately Predicting Power for Comparisons of 16S rRNA Microbiome Taxa Distributions including Simulation by Dirichlet Mixture Modeling,Microorganisms,3,exclude,"Méthodologie statistique générale pour microbiome humain, sans hybridation, hôte-poisson ou génétique de l'hôte",0.95,True,False,s2
10.1016/j.fshw.2018.04.002,2018.0,Identification of sea snake meat adulteration in meat products using PCR-RFLP of mitochondrial DNA,Food Science and Human Wellness,10,exclude,"PCR-RFLP species identification for food fraud, unrelated to microbiome, hybridization, or host-microbe genetics",0.97,True,False,s2
10.1016/j.cell.2020.01.006,2020.0,Host-specific evolutionary and transmission dynamics shape the functional diversification of Staphylococcus epidermidis in human skin,Cell,138,exclude,"Human skin microbiome study, no host hybridization/genetics link; excluded as human clinical microbiome topic",0.97,True,False,s2
10.1371/journal.pone.0015021,2010.0,Ecomorph or Endangered Coral? DNA and Microstructure Reveal Hawaiian Species Complexes: Montipora dilatata/flabellata/turgescens & M. patula/verrilli,PLoS ONE,72,exclude,"Coral phylogenetics/morphology study using 16S as marker, not host microbiome/hybridization microbiota research",0.95,True,False,s2
10.1099/ijs.0.062752-0,2015.0,Novel staphylococcal species that form part of a Staphylococcus aureus-related complex: the non-pigmented Staphylococcus argenteus sp. nov. and the non-human primate-associated Staphylococcus schweitzeri sp. nov.,International Journal of Systematic and Evolutionary Microbiology,203,exclude,"Taxonomic description of Staphylococcus species, no host hybridization or microbiome-host genetics link",0.97,True,False,s2
10.1371/journal.pone.0314477,2024.0,Genomic and bioacoustic variation in a midwife toad hybrid zone: A role for reinforcement?,PLoS ONE,5,exclude,"16S used as mitochondrial barcode marker, not host microbiome study; no microbial community analysis",0.97,True,False,s2
10.1371/journal.pone.0312386,2024.0,Genetic structure of the commercial stingless bee Heterotrigona itama (Apidae: Meliponini) in Thailand,PLoS ONE,13,exclude,"Bee population genetics using COI/16S/28S markers, not host microbiome; no hybridization-microbiome study",0.98,True,False,s2
10.3897/zookeys.651.10097,2017.0,"Phylogenetic analysis of the genus Laparocerus, with comments on colonisation and diversification in Macaronesia (Coleoptera, Curculionidae, Entiminae)",ZooKeys,34,exclude,"Phylogenetics of weevil genus using mitochondrial DNA, no microbiome, no host-microbiota hybridization study",0.98,True,False,s2
10.1093/zoolinnean/zlaf079,2025.0,Unravelling the biodiversity of Australian salt lakes—molecular phylogeny of Mytilocypridinae giant ostracods (Cyprididae),Zoological Journal of the Linnean Society,0,exclude,"Phylogénie moléculaire d'ostracodes utilisant marqueur 16S taxonomique, sans microbiote ni hybridation hôte-microbe",0.97,True,False,s2
10.3390/ijms262311616,2025.0,Benchmarking Cost-Effective DNA Extraction Kits for Diverse Metagenomic Samples,International Journal of Molecular Sciences,1,exclude,"DNA extraction kit benchmarking, no hybridization or host-microbiota genetic question addressed",0.97,True,False,s2
10.1002/ece3.3146,2017.0,Arthropod communities on hybrid and parental cottonwoods are phylogenetically structured by tree type: Implications for conservation of biodiversity in plant hybrid zones,Ecology and Evolution,6,exclude,"Arthropod communities on hybrid plants, not microbiota/16S study of host-associated microbial community",0.93,True,False,s2
10.1371/journal.pone.0091907,2014.0,"The Slugs of Britain and Ireland: Undetected and Undescribed Species Increase a Well-Studied, Economically Important Fauna by More Than 20%",PLoS ONE,76,exclude,"Slug species delimitation via DNA barcoding; not host microbiome study, no 16S microbiota of hybrids",0.97,True,False,s2
10.1016/j.ijpara.2022.11.002,2022.0,Dermacentor reticulatus - a tick on its way from glacial refugia to a panmictic Eurasian population.,International Journal of Parasitology,18,exclude,"Tick population genetics study, no microbiota characterization or host-microbe hybridization link",0.98,True,False,s2
10.1002/ece3.70262,2024.0,Mitonuclear and phenotypic discordance in an Atlantic Forest frog hybrid zone,Ecology and Evolution,2,exclude,"Frog hybrid zone genetics using 16S as mitochondrial marker, not host microbiome/16S rRNA community study",0.95,True,False,s2
10.1101/2025.06.03.657679,2025.0,Microbiome composition shapes temperature tolerance in a Hawaiian picture-winged Drosophila,bioRxiv,2,exclude,"Local adaptation/microbiome-host study, but no hybridization or hybrid zone comparison to parental species",0.9,True,True,s2
10.3389/fimmu.2021.673423,2021.0,Genetic Background but Not Intestinal Microbiota After Co-Housing Determines Hyperoxaluria-Related Nephrocalcinosis in Common Inbred Mouse Strains,Frontiers in Immunology,8,exclude,"Mouse strain kidney disease study; not hybridization zone, host-microbiota fish study, or hybrid organisms",0.97,True,False,s2
,2019.0,"Hybrid Zones, Bio-objectification and Microbiota in Human Breast Milk Banking",Tecnoscienza : Italian Journal of Science & Technology Studies,9,exclude,"Human breast milk banking, STS topic; not host-microbiota-hybridization empirical study, human/clinical excluded",0.95,False,False,s2
10.1038/s41598-018-26177-y,2018.0,"Combined genotyping, microbial diversity and metabolite profiling studies on farmed Mytilus spp. from Kiel Fjord",Scientific Reports,29,include,"Empirical hybrid zone study (Mytilus spp.) comparing host microbiota vs genotype, genotype-microbiome association tested",0.7,True,False,"openalex,s2"
10.1016/j.scitotenv.2019.01.219,2019.0,"As release under the microbial sulfate reduction during redox oscillations in the upper Mekong delta aquifers, Vietnam: A mechanistic study.",Science of the Total Environment,23,exclude,"Sediment geochemistry/arsenic study, no host organism or hybridization involved",0.98,True,False,s2
10.3389/fcimb.2025.1579950,2025.0,"Yeast protein as a fishmeal substitute: impacts on reproductive performance, immune responses, and gut microbiota in two sow hybrids",Frontiers in Cellular and Infection Microbiology,2,exclude,"Aquaculture/livestock feeding study on pig hybrids, no evolutionary hybridization zone or holobiont framework",0.97,True,False,s2
10.1371/journal.pone.0070403,2013.0,Phylogeographic Analyses Strongly Suggest Cryptic Speciation in the Giant Spiny Frog (Dicroglossidae: Paa spinosa) and Interspecies Hybridization in Paa,PLoS ONE,24,exclude,"Phylogenetics/mtDNA cryptic speciation study, no microbiome/16S bacterial community data despite '16S rRNA' meaning frog mitochondrial gene",0.95,True,False,s2
10.1038/s41396-021-00927-9,2020.0,Deep-sea mussels from a hybrid zone on the Mid-Atlantic Ridge host genetically indistinguishable symbionts,The ISME Journal,19,include,Empirical hybrid zone study comparing symbiont microbiome vs host genetics and geography across parental/hybrid mussels,0.85,True,False,"openalex,s2"
10.3390/plants14030427,2025.0,The Genomic and Phenotypic Characterization of the Sym2A Introgression Line A33.18 of Pea (Pisum sativum L.) with the Increased Specificity of Root Nodule Symbiosis,Plants,0,exclude,"Plant introgression line for symbiotic specificity gene, not hybrid microbiome community study across tissues",0.93,True,False,s2
10.32747/2020.8134164.bard,2020.0,Microbial networks on harvested apples and the design of antagonistic consortia to control postharvest pathogens,,0,exclude,"Postharvest apple fruit microbiome/pathogen control study, not hybridization zone or host genetics of animal/plant hybrids",0.95,True,False,s2
10.3389/fmicb.2017.02446,2017.0,"Microbiological and Geochemical Survey of CO2-Dominated Mofette and Mineral Waters of the Cheb Basin, Czech Republic",Frontiers in Microbiology,26,exclude,"Microbiote environnemental d'eaux minérales/mofettes, sans hôte animal ni hybridation",0.98,True,False,s2
10.1111/imm.13091,2019.0,Gut IgA abundance in adult life is a major determinant of resistance to dextran sodium sulfate‐colitis and can compensate for the effects of inadequate maternal IgA received by neonates,Immunology,19,exclude,"Mouse strain colitis/IgA immunology study, not hybridization zone or hybrid host microbiota research",0.97,True,False,s2
10.1038/s41598-025-32073-z,2025.0,Environmental DNA reveals the distinct genetic diversity and evolutionary pathways of the Chinese Minnow Rhynchocypris oxycephalus in Korean freshwater systems,Scientific Reports,0,exclude,"eDNA phylogeography study for biodiversity assessment, not host-associated microbiote or hybridization",0.97,True,False,s2
10.1016/j.ebiom.2025.105591,2024.0,Neolithic introgression of IL23R-related protection against chronic inflammatory bowel diseases in modern Europeans,bioRxiv,7,exclude,"Ancient human genetics/IBD gene introgression, not host-microbiome study of animal/plant hybrid zones",0.97,True,True,s2
10.11646/zootaxa.5306.1.4,2023.0,A new species of Pandanus-dwelling frog from northern Madagascar related to Guibemantis pulcher.,Zootaxa,3,exclude,"Frog taxonomy/phylogeography using 16S rRNA gene marker, not host microbiome or hybridization biology",0.98,True,False,s2
10.3390/app11031293,2021.0,Structure of Microbial Communities When Complementary Effluents Are Anaerobically Digested,Applied Sciences,5,exclude,"Anaerobic digestion microbial communities in wastewater, no host organism or hybridization relevance",0.98,True,False,s2
10.21203/rs.3.rs-1290283/v1,2022.0,Establishing The Taxa With Phylogenetic Profile And In-Silico-Ayurvedic Remedy Of Microbiome Of Bacterial Vaginosis,,0,exclude,"Human vaginal microbiome study, clinical, unrelated to hybridization or host genetics of animals/plants",0.98,True,False,s2
10.11646/zootaxa.4243.1.1,2017.0,"Integration of molecular, bioacoustical and morphological data reveals two new cryptic species of Pelodytes (Anura, Pelodytidae) from the Iberian Peninsula.",Zootaxa,27,exclude,"Taxonomic species delimitation of frogs using 16S rRNA marker, not host microbiome/hybrid zone microbiota study",0.97,True,False,s2
10.1016/j.aquaculture.2019.04.076,2019.0,Molecular characterization and genetic diversity study of Vibrio parahaemolyticus isolated from aquaculture farms in India,Aquaculture,11,exclude,"Aquaculture pathogen genetics study, no host hybridization or holobiont microbiote question",0.98,True,False,s2
10.3897/subtbiol.38.60865,2021.0,The Pennsylvania grotto sculpin: population genetics,Subterranean biology,2,exclude,"Population genetics/phylogeography using 16S as marker, not host microbiome study; no microbial community characterization",0.95,True,False,s2
,2016.0,Environmental and genetic determinants of bacterial microbiota and parasites associated with Cottus across natural hybrid zones,MACAU: Open Access Repository of Kiel University (University Library Kiel),1,include,"Natural fish hybrid zone, 16S microbiota, host genotype vs environment, directly matches framework (i)/(iii)",0.9,True,False,"openalex,s2"
10.1038/s41598-020-69175-9,2020.0,Domestication-driven changes in plant traits associated with changes in the assembly of the rhizosphere microbiota in tetraploid wheat,Scientific Reports,68,exclude,"Domestication of crop cultivars, not natural hybridization/introgression zone; agronomic rhizosphere study, not hybrid vs parental comparison",0.9,True,False,s2
10.1016/j.molimm.2020.03.008,2020.0,The responses of the gut microbiota to MBL deficiency.,Molecular Immunology,13,exclude,"Mouse gene-knockout immune study, not hybridization/hybrid zone or fish tissue microbiome comparison",0.97,True,False,s2
10.3389/fimmu.2022.822324,2022.0,Asthma and the Missing Heritability Problem: Necessity for Multiomics Approaches in Determining Accurate Risk Profiles,Frontiers in Immunology,19,exclude,"Human asthma heritability/multiomics review, no hybridization, no host-microbiome hybrid zone study",0.97,True,False,s2
10.1111/raq.12871,2023.0,Kelp breeding in China: Challenges and opportunities for solutions,Reviews in Aquaculture,40,exclude,"Kelp aquaculture breeding review, no natural hybrid zone microbiome study, agronomic focus",0.95,True,False,"openalex,s2"
10.1101/647446,2019.0,Analysis of leaf microbiome composition of near-isogenic maize lines differing in broad-spectrum disease resistance,bioRxiv,55,exclude,"Maize breeding introgression study, agronomic disease resistance focus, not natural hybridization zone or holobiont speciation context",0.85,True,True,s2
10.1007/s13592-025-01183-y,2025.0,Investigating interaction between genotype and microbiome profile in Irish honeybees,Apidologie,0,include,Empirical hybridization/introgression study linking honeybee genotype (mitotype/introgression) to microbiome composition,0.75,True,False,s2
10.1002/ece3.72434,2025.0,Geographic Variation in Diet and Genetic Connectivity of Populations of the Widespread Predatory Cone Snail Conus miliaris,Ecology and Evolution,1,exclude,"Diet/genetic connectivity of cone snail via 16S diet barcoding, not host microbiome or hybridization study",0.96,True,False,s2
10.1098/rspb.2024.0238,2024.0,Association between the gut microbiome and carotenoid plumage phenotype in an avian hybrid zone,Proceedings of the Royal Society B,7,include,"Natural avian hybrid zone, 16S gut microbiome vs admixture/genotype, parallels hybrid microbiome disruption framework",0.85,True,False,"openalex,s2"
10.64898/2025.12.10.693535,2026.0,Host ancestry outweighs ecology in shaping the gut microbiome of hybridizing brown lemurs,bioRxiv,0,include,"Natural hybrid zone, continuous ancestry index, 16S gut microbiome, host-genotype vs ecology partitioning in hybrids",0.9,True,True,s2
10.1371/journal.pone.0263143,2022.0,"Local-scale virome depiction in Medellín, Colombia, supports significant differences between Aedes aegypti and Aedes albopictus",PLoS ONE,22,exclude,"Virome comparison between two mosquito species, no hybridization zone or hybrid microbiome study",0.95,True,False,s2
10.24425/aep.2020.135762,2023.0,Microbial metabolic activity of drilling waste,Archives of Environmental Protection,1,exclude,"Drilling waste microbiota, no host organism, unrelated to hybridization or fish microbiome",0.98,True,False,s2
10.1371/journal.pone.0156600,2016.0,"Subspecific Differentiation Events of Montane Stag Beetles (Coleoptera, Lucanidae) Endemic to Formosa Island",PLoS ONE,13,exclude,"Phylogenetics of stag beetle subspecies using mtDNA/rDNA; no host microbiote study, unrelated topic",0.98,True,False,s2
10.3390/d17020082,2025.0,Species-Specific Mytilus Markers or Hybridization Evidence?,Diversity,0,exclude,"Mussel hybrid marker/species ID study, no host microbiome or 16S community characterization involved",0.94,True,False,s2
10.1101/2022.01.13.476242,2022.0,Local-scale virome depiction supports significant differences between Aedes aegypti and Aedes albopictus,bioRxiv,0,exclude,"Virome comparison between two mosquito species, not hybrids/hybrid zone microbiote study",0.95,True,True,s2
10.3390/ijms19092809,2018.0,The Dynamic Changes of Gut Microbiota in Muc2 Deficient Mice,International Journal of Molecular Sciences,104,exclude,"Mouse gene knockout colitis model, no hybridization/host-genotype ancestry framework relevant to hybrid zones",0.97,True,False,s2
10.3897/vz.73.e94063,2023.0,An initial molecular resolution of the mantellid frogs of the Guibemantis liber complex reveals three new species from northern Madagascar,Vertebrate zoology,1,exclude,"Frog species taxonomy/phylogenetics paper, no microbiome study, not hybridization microbiota research",0.98,True,False,s2
10.1002/ecs2.70611,2026.0,"Environment impacts gut microbiome richness in hybridizing chickadees, while ancestry influences community composition",Ecosphere,1,include,"Wild bird hybrid zone, 16S gut microbiome vs host ancestry/environment, directly relevant to frame (iii)",0.85,True,False,s2
10.7287/peerj.preprints.2058v2,2016.0,"Morphological evidence for introgressive hybridization between Feirana quadranus and Feirana taihangnica in Qinling Mountains, China",,0,exclude,"Morphological/mtDNA hybridization study of frogs, no microbiome or 16S community characterization",0.97,True,False,s2
10.1053/j.gastro.2010.07.008,2010.0,Altered macrophage function contributes to colitis in mice defective in the phosphoinositide-3 kinase subunit p110δ,Gastroenterology,92,exclude,"Mouse colitis immunology study, no hybridization zone or host-microbiota-hybrid link; clinical/mechanistic IBD model",0.98,True,False,s2
10.1186/s12864-025-12375-2,2025.0,Multi-omics interrogation of herbivorous phenotype acquisition in hybrid culter under a 30% crude protein diet,BMC Genomics,1,exclude,"Aquaculture hybrid fish diet study, no natural hybrid zone or genetic ancestry-microbiome analysis",0.88,True,False,s2
10.64898/2026.01.22.701163,2026.0,Micro-engineered Konjac Glucomannan-Montmorillonite Hybrids as Multifunctional Biomaterials for Addressing Diet-Induced Obesity in Mice,bioRxiv,0,exclude,"Étude d'obésité chez souris et matériau biomédical, sans hybridation d'organismes ni zone d'hybridation naturelle",0.98,True,True,s2
10.1038/s41467-025-68082-9,2025.0,Engineered vesicles enhance oral antibiotic absorption in proximal small intestine and mitigate gut dysbiosis,Nature Communications,2,exclude,"Drug delivery system for antibiotics/gut dysbiosis, unrelated to host hybridization or genetic ancestry of hybrids",0.98,True,False,s2
10.1186/s43094-024-00675-5,2024.0,Enhanced viability of Lactobacillus spp. via encapsulation in hyaluronan/PVA hybrid electrospun composites for vaginal drug delivery,Future Journal of Pharmaceutical Sciences,10,exclude,"Human vaginal probiotic drug delivery study, unrelated to hybridization, host genetics, or fish microbiota",0.98,True,False,s2
10.3389/fpls.2026.1808527,2026.0,Funneliformis mosseae enhances drought tolerance in maize inbred lines through root transcriptomic reprogramming,Frontiers in Plant Science,0,exclude,"Agronomic maize hybrid drought/AMF study for crop yield-stress tolerance, not host-microbiome hybridization zone genetics",0.93,True,False,s2
10.1111/jfd.70050,2025.0,Oligochitosan-Ameliorated Gut Microbiome and Metabolic Homeostasis in Hybrid Groupers (Epinephelus lanceolatu ♂ × Epinephelus fuscoguttatus ♀) Infected With Vibrio harveyi.,Journal of Fish Diseases,1,exclude,"Aquaculture disease/probiotic study on hybrid grouper, no evolutionary hybridization zone or host-genetics microbiome question",0.95,True,False,s2
10.3389/fmicb.2019.01467,2019.0,Assessing the Hybrid Effects of Neutral and Niche Processes on Gut Microbiome Influenced by HIV Infection,Frontiers in Microbiology,1,exclude,"Human HIV gut microbiome study, no hybridization between organisms or host genetics link, purely clinical",0.97,True,False,s2
10.1093/jxb/eraf400,2025.0,Unraveling novel mechanisms controlling heterosis in seeds: advances and biotechnological applications in crops,Journal of Experimental Botany,1,exclude,"Heterosis genetics/seed biology in crops; rhizosphere microbiome only tangential, no host-microbiome hybridization study",0.9,True,False,s2
10.1101/312231,2018.0,Intestinal microbiota of whitefish (Coregonus sp.) species pairs and their hybrids in natural and controlled environment,bioRxiv,1,include,"Étude empirique microbiote intestinal d'hybrides de poissons vs parentaux, montrant pattern transgressif non-intermédiaire",0.9,True,True,s2
10.1002/imo2.20,2024.0,Role of soil microbes in enhancing crop heterosis,iMetaOmics,1,exclude,"Focuses on crop yield/agronomic heterosis via soil microbes, not evolutionary hybrid zone microbiome study",0.85,True,False,s2
10.21917/ijdsml.2026.0198,2026.0,AASMA: AN ADAPTIVE AGENT-BASED SMART MULTIMODAL ASSISTANT FOR PROACTIVE HEALTHCARE,ICTACT Journal on Data Science and Machine Learning,0,exclude,"AI healthcare platform, not hybridization microbiome study; irrelevant to host-microbiota hybrid zone question",0.98,True,False,s2
10.1186/s10020-026-01533-1,2026.0,"An AI-augmented review of childhood atopic dermatitis biomarkers across genetic, immune, microbial, and metabolic domains.",Molecular Medicine,0,exclude,"Human clinical AD biomarker review, no fish/hybridization host-microbiome or genetic ancestry link",0.98,True,False,s2
10.1111/are.12492,2016.0,"Effects of a dietary organic acids blend and oxytetracycline on the growth, nutrient utilization and total cultivable gut microbiota of the red hybrid tilapia, Oreochromis sp., and resistance to Streptococcus agalactiae",Aquaculture Research,101,exclude,"Aquaculture appliquée (croissance, alimentation, antibiotique) sans question évolutive hôte-microbiote",0.95,False,False,s2
10.1016/j.fsi.2023.109003,2023.0,Glutamine improves growth and intestinal health in juvenile hybrid groupers fed high-dose glycinin.,Fish and Shellfish Immunology,12,exclude,"Aquaculture feed trial on hybrid grouper growth/immunity, not natural hybridization zone or host-microbiote genetics question",0.97,True,False,s2
10.1016/j.fsi.2023.108946,2023.0,"Effects of Chinese herbal medicines on growth performance, intestinal flora, immunity and serum metabolites of hybrid grouper (Epinephelus fuscoguttatus♀×Epinephelus lanceolatu♂).",Fish and Shellfish Immunology,26,exclude,"Aquaculture study on herbal feed additive effects on growth/immunity/gut flora, no evolutionary or hybrid-zone question",0.96,True,False,s2
10.3390/antibiotics9080502,2020.0,Efficacy and Gut Dysbiosis of Gentamicin-Intercalated Smectite as a New Therapeutic Agent against Helicobacter pylori in a Mouse Model,bioRxiv,8,exclude,"Mouse H. pylori drug therapy study, gut dysbiosis unrelated to hybridization or host genetics",0.98,True,True,s2
10.1093/ajcn/nqaa076,2020.0,Neonatal diet alters fecal microbiota and metabolome profiles at different ages in infants fed breast milk or formula.,American Journal of Clinical Nutrition,111,exclude,"Human infant fecal microbiome/diet study, no hybridization, no host genetics or hybrid zone relevance",0.98,True,False,s2
10.1128/aem.01164-18,2018.0,Dynamics and Biodiversity of Bacterial and Yeast Communities during Fermentation of Cocoa Beans,Applied and Environmental Microbiology,84,exclude,"Cocoa bean fermentation microbiome study, not host hybrid zone microbiota; food fermentation not animal/plant hybrid biology",0.98,True,False,s2
10.1097/ms9.0000000000004144,2025.0,Intratumoral microbiota as prognostic biomarkers in gastrointestinal cancers,Annals of Medicine and Surgery,1,exclude,"Human GI cancer intratumoral microbiome, clinical oncology, unrelated to hybridization or host genetics of hybrid zones",0.97,True,False,s2
10.1093/biolinnean/blaa228,2021.0,"Incipient hybrid inferiority between recently introduced, diverging dung beetle populations",Biological Journal of The Linnean Society,11,exclude,"Dung beetle hybrid fitness study; no 16S microbiote characterization, only mentions microbiome inheritance in passing",0.85,True,False,s2
10.1101/2020.01.13.904979,2020.0,Microbiome composition differs in hybrid and inbred maize,bioRxiv,3,exclude,"Maize agronomic hybrids studied for heterosis/yield-related traits, not natural hybrid zone or evolutionary host-microbiome question",0.85,True,True,s2
10.64898/2026.06.24.734177,2026.0,Enhanced Prediction of Gut Microbiome–Related Diseases Using Hybrid Machine Learning Models,bioRxiv,0,exclude,"Human clinical gut microbiome ML prediction study, unrelated to hybridization or host genetics",0.98,True,True,s2
10.3390/genes15070955,2024.0,"Divergence of Phyllosphere Microbial Community Assemblies and Components of Volatile Organic Compounds between the Invasive Sphagneticola trilobata, the Native Sphagneticola calendulacea and Their Hybrids, and Its Implications for Invasiveness",Genes,0,exclude,"Plant invasion/agronomic ecology study, not natural hybridization zone with host genetic control of microbiome question",0.8,True,False,s2
10.1101/855387,2019.0,"VIBRANT: Automated recovery, annotation and curation of microbial viruses, and evaluation of virome function from genomic sequences",bioRxiv,30,exclude,"Viral genome identification tool, unrelated to host-microbiota hybridization or fish tissue microbiome question",0.98,True,True,s2
10.1186/1471-2164-14-873,2013.0,Polysaccharides utilization in human gut bacterium Bacteroides thetaiotaomicron: comparative genomics reconstruction of metabolic and regulatory networks,BMC Genomics,151,exclude,"Human gut bacterium genomics/regulatory networks, no hybridization or host-microbiota evolutionary question",0.97,True,False,s2
10.3390/ani11030643,2021.0,Influence of Enzyme Supplementation in the Diets of Broiler Chickens Formulated with Different Corn Hybrids Dried at Various Temperatures,Animals,11,exclude,"Aquaculture/poultry feed study on corn hybrids and enzymes, not host hybridization or evolutionary microbiome question",0.98,True,False,s2
10.3389/fvets.2022.920080,2022.0,"Variations in the fecal microbiota and their functions of Thoroughbred, Mongolian, and Hybrid horses",Frontiers in Veterinary Science,9,exclude,"Domestic horse breed cross, not natural hybridization zone; no continuous ancestry index or genetic-microbiome control tested",0.85,True,False,s2
10.1021/acsabm.5c00561,2025.0,Design of 3D Additive Manufactured Hybrid Scaffolds for Periodontal Repair Strategies,ACS Applied Bio Materials,9,exclude,"Biomedical scaffold engineering study, unrelated to fish hybridization or host-microbiome genetics",0.98,True,False,s2
10.3389/fmicb.2024.1387957,2024.0,Hybridization alters red deer gut microbiome and metabolites,Frontiers in Microbiology,6,include,"Empirical hybrid vs parental gut microbiome study, dominance/transgressive patterns, host genetic influence on assembly",0.75,True,False,s2
10.1371/journal.pone.0331552,2025.0,Metagenomic profiling of the insect-specific virome in non-urban mosquitoes (Culicidae: Culicinae) from Colombia’s Northern inter-Andean valleys,PLoS ONE,3,exclude,"Mosquito virome study, no hybridization zone, no host genetic/hybrid microbiote comparison relevant to fish hybrids",0.97,True,False,s2
10.1016/j.cbd.2026.101830,2026.0,Microbiome and multi-omics insights into sustainable aquaculture: A triennial systematic review.,Comparative Biochemistry and Physiology - Part D:Genomics and Proteomics,1,exclude,"Aquaculture applied review focused on growth, immunity, disease resistance, sustainability, not natural hybrid zones or host genetics",0.94,True,False,s2
10.1128/msystems.01342-20,2021.0,Genomes of Gut Bacteria from Nasonia Wasps Shed Light on Phylosymbiosis and Microbe-Assisted Hybrid Breakdown,mSystems,17,include,"Empirical hybrid vs parental gut microbiome study, dominance shift, holobiont framework relevant to hybrid breakdown",0.85,True,False,s2
10.1021/acsnano.5c08982,2025.0,Orchestrating Gut Disorders by Oral Delivery of a Living-Synthetic Hybrid Hydrogel.,ACS Nano,23,exclude,"Biomedical hydrogel therapy for colitis in mice; no hybridization, host genetics, or hybrid microbiome relevance",0.98,True,False,s2
10.1002/adhm.202501642,2025.0,pH‐Responsive Probiotic‐Liposome Hybrid System Synergistically Treats Radiation‐Induced Injury via Dual Mechanisms of Anti‐Inflammatory and Microbiome Modulation,Advanced Healthcare Materials,12,exclude,"Biomedical probiotic-liposome therapy in irradiated mice, unrelated to hybridization or host genetics of natural populations",0.98,True,False,s2
10.3390/microorganisms12071358,2024.0,"Effects of Dietary Multi-Strain Probiotics on Growth Performance, Antioxidant Status, Immune Response, and Intestinal Microbiota of Hybrid Groupers (Epinephelus fuscoguttatus ♀ × E. lanceolatus ♂)",Microorganisms,23,exclude,"Aquaculture probiotic growth/immunity study on hybrid grouper, no evolutionary or hybridization-zone question",0.97,True,False,s2
10.3390/microorganisms9081704,2021.0,The Sisal Virome: Uncovering the Viral Diversity of Agave Varieties Reveals New and Organ-Specific Viruses,Microorganisms,10,exclude,"Virome study of Agave organs, not hybrid microbiota comparison to parental species or hybridization zone",0.95,True,False,s2
10.1038/s41477-021-01080-z,2021.0,Microbiome effects on hybrid vigour,Nature Plants,1,unclear,No abstract; title suggests relevant hybrid-microbiome topic but content unverifiable,0.3,False,False,s2
10.33540/3442,,Born to rewild: Reconnecting beneficial plant-microbiome alliances for resilient future crops,,0,exclude,Plant domestication/soil microbiome in potato agriculture; not animal/plant hybridization zones or host genetics-microbiome link required,0.95,True,False,s2
10.21203/rs.3.rs-6977322/v1,2025.0,Differential susceptibility to colonic ulceration in mice with genetic deletion of Prostaglandin E synthase,Research Square,0,exclude,"Mouse knockout colitis model with F1 hybrids, not natural hybrid zone between species; clinical disease focus",0.93,True,False,s2
10.1016/j.jconrel.2025.02.036,2025.0,Chemotaxis-driven hybrid liposomes recover intestinal homeostasis for targeted colitis therapy.,Journal of Controlled Release,22,exclude,"Clinical drug-delivery study for colitis therapy, unrelated to hybridization or host genetics/microbiota evolution",0.98,True,False,s2
10.1371/journal.pone.0272310,2022.0,"Effect of Zanthoxylum bungeanum essential oil on rumen enzyme activity, microbiome, and metabolites in lambs",PLoS ONE,18,exclude,"Aquaculture/livestock feed additive study on rumen microbiome, not hybridization zone or host-microbiota genetics question",0.97,True,False,s2
10.1016/j.aquaculture.2026.743632,2026.0,"Lactobacillus reuteri rather than Lactobacillus rhamnosus GG fermented soybean meal improves growth performance, intestinal health and gut microbiota dysbiosis of hybrid yellow catfish (Pelteobagrus fulvidraco ♀ × Pelteobagrus vachelli ♂)",Aquaculture,2,exclude,"Aquaculture probiotic/growth study, no evolutionary or hybridization-microbiote genetic question",0.9,False,False,s2
10.1016/j.compbiomed.2025.111058,2025.0,Identification of drug targets in pan-drug resistant Acinetobacter baumannii via whole genome sequencing and subtractive genomics,Comput. Biol. Medicine,0,exclude,"Bacterial genomics for drug targets, unrelated to hybridization, host microbiota, or hologenome framework",0.98,True,False,s2
10.31677/3033-8433-2026-21-1-160-171,2026.0,Intestinal microbiome and immune genes of rolo sturgeon hybrid using probiotics,Vestnik University of biotechnologiy,0,exclude,"Aquaculture probiotic study on hybrid sturgeon, no evolutionary/hybridization-zone or host genetics framing",0.95,True,False,s2
10.1111/nph.16730,2020.0,Heterosis of leaf and rhizosphere microbiomes in field-grown maize.,New Phytologist,82,exclude,"F1 crop hybrids studied for heterosis/yield-related traits, not natural hybrid zone or introgression system",0.75,True,False,s2
10.46989/001c.138382,2025.0,Positive relationship between Clostridium abundance and bacterial community diversity in the aquaculture water of hybrid grouper (Epinephelus fuscoguttatus♀ × E. lanceolatus♂) in coastal areas of Hainan Island,Israeli Journal of Aquaculture (Bamidgeh),0,exclude,"Water microbiota in aquaculture, not host microbiome; aquaculture/probiotic focus, no host-hybrid microbiome comparison",0.97,True,False,s2
10.1038/s41467-025-65829-2,2025.0,Rhizosheath inhabiting Massilia are linked to heterosis in roots of maize,Nature Communications,6,exclude,"Maize hybrids studied for agronomic heterosis/yield-stress traits, not evolutionary host-microbiote hybridization framework",0.85,True,False,s2
10.1186/s40104-025-01332-4,2026.0,Cryptosporidium spp. infection drives distinct alterations in the faecal extracellular vesicles metaproteome of calves,Journal of Animal Science and Biotechnology,0,exclude,"Calf gut infection metaproteomics, no hybridization zone or host-microbiome genetics, livestock disease focus",0.97,True,False,s2
10.1186/s42523-022-00189-6,2022.0,Expressions of resistome is linked to the key functions and stability of active rumen microbiome,Animal Microbiome,17,exclude,"Rumen resistome in cattle breeds, not hybridization zone or host-microbiome genetic hybrid study",0.96,True,False,s2
10.3390/fishes10010033,2025.0,"Effects of Chinese Herbal Medicines on Growth Performance, Antioxidant Capacity, and Liver and Intestinal Health of Hybrid Snakehead (Channa maculata ♀ × Channa. argus ♂)",Fishes,3,exclude,"Aquaculture feed additive study on growth/health, no host-genetics or hybrid zone evolutionary question",0.96,True,False,s2
10.1016/j.ejpb.2026.115119,2026.0,"Cupuaçu (Theobroma grandiflorum) butter nanoparticles associated with oligosaccharides as cosmetic carriers for prebiotic effect: development, physicochemical characterization, and preclinical evaluation.",European journal of pharmaceutics and biopharmaceutics,0,exclude,"Cosmetic nanoparticle skin microbiome study, no hybridization, no host genetics, no fish or hybrid zone relevance",0.98,True,False,s2
10.1111/jipb.13416,2022.0,Heterosis in root microbiota inhibits growth of soil-borne fungal pathogens in hybrid rice.,Journal of Integrative Plant Biology,14,exclude,"Hybrid crop rice bred for yield/pathogen protection, not natural hybridization zone or evolutionary host-microbiote question",0.85,True,False,s2
10.3390/microorganisms11040879,2023.0,Effects of Inbreeding on Microbial Community Diversity of Zea mays,bioRxiv,5,exclude,"Maize hybrid vigor microbiome study, agronomic inbred vs hybrid, not natural hybridization zone/introgression context",0.75,True,True,s2
10.1101/235341,2017.0,Phylofactorization: a graph-partitioning algorithm to identify phylogenetic scales of ecological data,bioRxiv,30,exclude,"Methodological paper on phylogenetic scale/graph-partitioning statistics, not hybridization zone or host microbiote study",0.93,True,True,s2
10.3945/jn.115.229377,2016.0,Thymol and Carvacrol Affect Hybrid Tilapia through the Combination of Direct Stimulation and an Intestinal Microbiota-Mediated Effect: Insights from a Germ-Free Zebrafish Model.,Journal of NutriLife,94,exclude,"Aquaculture feed additive study on tilapia/zebrafish gut microbiota, not hybridization zone or host genetics",0.97,True,False,s2
10.1111/1462-2920.15993,2022.0,Sarracenia pitcher plant-associated microbial communities differ primarily by host species across a longitudinal gradient.,Environmental Microbiology,6,include,"Natural plant hybrids vs parental species, host microbiome intermediate pattern, host vs geography partition—matches frames i and iii",0.8,True,False,s2
10.3389/fmars.2022.1038394,2022.0,"Effect of dietary oregano oil on growth performance, disease resistance, intestinal morphology, immunity, and microbiota of hybrid grouper (Epinephelus fuscoguttatus ♀ × Epinephelus lanceolatus ♂)",Frontiers in Marine Science,10,exclude,"Aquaculture feed additive study on hybrid grouper growth/immunity, not hybridization zone or host-genetics microbiome question",0.97,True,False,s2
10.1186/s42523-022-00203-x,2022.0,"Links between host genetics, metabolism, gut microbiome and amoebic gill disease (AGD) in Atlantic salmon",Animal Microbiome,17,exclude,"Salmon farmed vs wild crosses with AGD disease/aquaculture focus, not natural hybridization zone or host-microbiota genetics framework",0.88,True,False,s2
10.1186/s12951-025-03712-4,2025.0,Smart hybrid nanomaterials for chronic infections: microbiome-responsive and sustainable therapeutic platforms,Journal of Nanobiotechnology,28,exclude,"Human clinical wound nanomaterials review, unrelated to hybridization or host genetics microbiota",0.98,True,False,s2
10.3390/ani16142178,2026.0,"Underlying the Enhanced Ammonia Stress Resistance by Prebiotic Xylo-Oligosaccharides in Hybrid Groupers: An Integrative Analysis of Serum Physiology, Hepatic Transcriptomics, and Intestinal Health",Animals,0,exclude,"Aquaculture prebiotic study on ammonia stress, growth/health, no evolutionary or natural hybridization question",0.97,True,False,s2
10.1002/fsn3.72098,2026.0,Ameliorative Effects of Newly Developed Citrus Hybrid “Mubong” Peel Extract on Experimental Colitis and Gut Microbiota Dysbiosis,Food Science & Nutrition,0,exclude,"Citrus hybrid fruit extract studied for colitis therapy in mice, not host-hybrid microbiote evolution",0.97,True,False,s2
10.1186/s40168-020-00867-0,2020.0,"VIBRANT: automated recovery, annotation and curation of microbial viruses, and evaluation of viral community function from genomic sequences",Microbiome,989,exclude,"Bioinformatics tool for viral genome detection in metagenomes, unrelated to hybridization or host microbiote",0.97,True,False,s2
10.3390/microorganisms13071449,2025.0,Gut Microbiota Contribute to Heterosis for Growth Trait and Muscle Nutrient Composition in Hybrid Largemouth Bass (Micropterus salmoides),Microorganisms,2,include,"Empirical hybrid vs parental gut microbiota comparison, non-additive inheritance pattern relevant to framework (i)/(ii)",0.75,True,False,"openalex,s2"
10.1093/tas/txae163,2024.0,"Apparent total tract nutrient digestibility of frozen raw, freeze-dried raw, fresh, and extruded dog foods and their effects on serum metabolites and fecal characteristics, metabolites, and microbiota of healthy adult dogs",Translational Animal Science,3,exclude,"Dog food aquaculture-like diet study; no hybridization, no host genetics, applied nutrition context",0.98,True,False,s2
10.1186/s13099-026-00811-x,2026.0,Metagenomic analysis of the human gut virome reveals functional signatures and viral stability across hospitalized and non-hospitalized diarrheal and non-diarrheal individuals,Gut Pathogens,2,exclude,"Human clinical gut virome study, no hybridization or host genetics link, excluded as human microbiome without hybridization",0.98,True,False,s2
10.46497/archrheumatol.2023.10580,2023.0,Beyond the horizon: Innovations and future directions in axial-spondyloarthritis,Archives of Rheumatology,7,exclude,"Human clinical rheumatology review, no host-microbiote hybridization or fish/animal hybrid zone content",0.98,True,False,s2
10.1093/aob/mcag010,2026.0,Decoding the genetic mechanism of heterosis in rice: insights from multi-omics and systems approaches.,Annals of Botany,0,exclude,"Rice heterosis review for crop yield/breeding, no host microbiote comparison or hybridization zone study",0.92,True,False,s2
10.4049/jimmunol.2300480,2024.0,Engineering strategies to modulate the gut microbiome and immune system,Journal of Immunology,28,exclude,"Human/clinical gut microbiome therapeutics review, unrelated to hybridization or host genetics",0.98,True,False,s2
10.1002/fbe2.70024,2025.0,Gut‐Targeted Nutraceutical Delivery: Engineering Microbiome‐Responsive Nutraceutical Interfaces,Food Bioengineering,18,exclude,"Human/clinical gut microbiome nutraceutical delivery review, unrelated to hybridization or host genetics",0.98,True,False,s2
10.1002/jbm.b.35594,2025.0,Carrageenan-Based Hydrogels for Advanced Wound Healing and Controlled Drug Delivery in Tissue Engineering.,Journal of Biomedical Materials Research. Part B - Applied biomaterials,12,exclude,"Biomaterials/hydrogel review for tissue engineering, unrelated to hybrid zones or host microbiota genetics",0.98,True,False,s2
10.1016/j.aninu.2025.11.007,2026.0,Berberine alleviates soybean meal-induced enteritis in hybrid yellow catfish (Pelteobagrus fulvidraco ♀ × Pelteobagrus vachelli ♂) by regulating intestinal microbiota and tryptophan metabolism,Animal Nutrition,0,exclude,"Aquaculture study on berberine/enteritis in hybrid catfish, no host-hybridization microbiome evolutionary question",0.96,True,False,s2
10.1111/eva.13116,2020.0,Niche‐neutral theoretic approach to mechanisms underlying the biodiversity and biogeography of human microbiomes,Evolutionary Applications,19,exclude,"Human microbiome biogeography theory, no hybridization or host genetics context, unrelated to fish/hybrid zones",0.97,True,False,s2
10.1094/pbiomes-04-25-0026-r,2025.0,The Interaction Between Abiotic and Biotic Soil Factors Modulates Heterosis Expression in Maize,Phytobiomes Journal,0,exclude,"Maize hybrid vigor/agronomic yield study with soil microbiome, not host-microbiota hybridization zone or genetic heritability framework",0.92,True,False,s2
10.1111/1744-7917.70241,2026.0,Gut microbiota landscape of Haemaphysalis longicornis under Borrelia burgdorferi infection.,Insect Science,0,exclude,"Tick vector microbiome and pathogen infection study, not host hybridization or hybrid zone research",0.97,True,False,s2
10.1186/s13568-019-0747-z,2019.0,Dietary supplementation with fermented Mao-tai lees beneficially affects gut microbiota structure and function in pigs,AMB Express,30,exclude,"Aquaculture/livestock feed additive study on pig gut microbiota, no hybridization or host genetics question",0.98,True,False,s2
10.7759/cureus.61497,2024.0,Evaluation of Antimicrobial Susceptibility and Resistance Patterns of Treponema denticola Isolated From Periodontal Disease: An In Vitro Study,Cureus,8,exclude,"Human periodontal microbiome antimicrobial susceptibility study, no hybridization or host genetics link",0.98,True,False,s2
10.2174/0126662906449437260324041201,2026.0,"Unraveling the Complex Pathogenesis, Diagnosis, and Therapeutic Interventions of Inflammatory Bowel Disease",The International Journal of Gastroenterology and Hepatology Diseases,0,exclude,"Human clinical IBD review, no hybridization, no host-microbiote genetics link",0.98,True,False,s2
10.32634/0869-8155-2024-387-10-80-85,2024.0,The quality of snaplage from an early ripening corn hybrid with biological inoculant and chemical preservatives,Agrarian science,1,exclude,"Agronomic corn hybrid feed preservation study, no host-microbiome or hybridization-zone genetics context",0.98,True,False,s2
10.1016/j.tplants.2026.04.015,2026.0,Nitrous oxide mitigation in hybrid maize mediated by Massilia.,Trends in Plant Science,0,exclude,"Maïs hybride agronomique, azote/N2O, sans lien hybridation naturelle ou hôte-microbiote évolutif poisson",0.92,True,False,s2
10.1016/j.aquaculture.2020.736245,2020.0,"The intestinal microbiome of Australian abalone, Haliotis laevigata and Haliotis laevigata × Haliotis rubra, over a 1-year period in aquaculture.",Aquaculture,25,exclude,"Aquaculture abalone gut microbiome study, production/seasonal focus, no evolutionary or hybrid-vs-parental host-genetics question",0.9,True,False,s2
10.1002/npp2.70035,2026.0,Defense heterosis as a novel plant protection strategy: From theory to breeding practice,New Plant Protection,0,exclude,"Crop hybrid disease resistance review, agronomic focus, no host microbiome/hybridization-microbiota empirical study",0.95,True,False,"openalex,s2"
10.1101/2024.08.30.610574,2024.0,The interaction between abiotic and biotic soil factors drive heterosis expression in maize,bioRxiv,1,exclude,"Maize hybrids studied for heterosis/yield-related traits via soil microbiome, agronomic focus not natural hybridization/holobiont framework",0.85,True,True,s2
10.1126/science.aaz7595,2019.0,Immunostimulatory gut bacteria,Science,23,exclude,"Human clinical microbiota/GVHD study, unrelated to hybridization or host genetic control of microbiome",0.98,True,False,s2
10.1128/msystems.00004-24,2024.0,Heterosis of endophytic microbiomes in hybrid rice varieties improves seed germination,mSystems,21,exclude,"Cultivated hybrid rice seed microbiome focused on germination/breeding benefit, not natural hybridization or host genetics evolutionary framing",0.85,True,False,s2
10.1002/pld3.122,2019.0,Metabolomics of sorghum roots during nitrogen stress reveals compromised metabolic capacity for salicylic acid biosynthesis,Plant Direct,34,exclude,"Sorghum N-stress metabolomics/rhizosphere microbiome, no hybridization zone or host-microbiome genetic control study",0.96,True,False,s2
10.1021/acsnano.9b09125,2020.0,Amyloid-Polyphenol Hybrid Nanofilaments Mitigate Colitis and Regulate Gut Microbial Dysbiosis.,ACS Nano,149,exclude,"Biomedical nanomaterial/colitis mouse study, unrelated to fish hybridization or host-genetic microbiome partitioning",0.98,True,False,s2
10.3390/ani15131983,2025.0,Dietary Tea Polyphenols Improve Growth Performance and Intestinal Microbiota Under Chronic Crowding Stress in Hybrid Crucian Carp,Animals,7,exclude,"Aquaculture study on crowding stress and tea polyphenols, no evolutionary or hybridization-microbiota question",0.97,True,False,s2
10.3390/ani13010009,2022.0,Effects of Dietary Protein Restriction on Colonic Microbiota of Finishing Pigs,Animals,10,exclude,"Aquaculture pig diet study on gut microbiota, no hybridization zone or host-genetic microbiome question",0.97,True,False,s2
10.3390/ijms27114775,2026.0,"Hybridization-Driven Herbivorous Adaptation in Fish: Morphological, Digestive, Transcriptome, and Microbial Evidence from a Hybrid of Megalobrama amblycephala (♀) × Culter mongolicus (♂)",International Journal of Molecular Sciences,0,exclude,"Aquaculture hybrid fish for herbivorous trait/growth, not natural hybrid zone or evolutionary host-microbiota question",0.88,True,False,s2
10.1039/d2bm00366j,2022.0,Flavonoid-amyloid fibril hybrid hydrogels for obesity control via the construction of gut microbiota.,Biomaterials Science,15,exclude,"Mouse obesity/gut microbiota study with hydrogel material, no hybridization zone or host genetics-microbiome link",0.98,True,False,s2
10.1016/j.tplants.2024.07.015,2024.0,Beyond plant genetics: microbiome-enhancing heterosis in plants.,Trends in Plant Science,8,exclude,"Plant heterosis/seed microbiome commentary focused on agronomy, not hybridization zone or host genetic control framework",0.75,True,False,s2
10.3389/fmars.2022.1068997,2022.0,Effects of Bacillus sp. and Lactobacillus sp. combination as a water additive on the culture pond water and growth performance of hybrid grouper (Epinephelus fuscoguttatus × Epinephelus polyphekadion),Frontiers in Marine Science,7,exclude,"Aquaculture probiotic water additive study on hybrid grouper, no host microbiome/hybridization-genetics question",0.97,True,False,s2
10.23977/agrfem.2025.080118,2025.0,Economic Impact and Management Strategies for Post-Weaning Diarrhea in Piglets: A Comprehensive Review,Agricultural &amp; Forestry Economics and Management,0,exclude,"Applied swine aquaculture/economics review on weaning diarrhea, not hybridization or host-microbiome evolutionary genetics",0.97,True,False,s2
10.1016/j.jconrel.2026.114631,2026.0,Hitchhiking novel nanozymes on Bacillus licheniformis as an interactive reinforced bioactive platform for multifaceted therapy of ulcerative colitis.,Journal of Controlled Release,1,exclude,"Clinical UC nanomedicine study in mice, no hybridization or host genetics link, unrelated to fish hybrid microbiota question",0.98,True,False,s2
10.1016/j.jgg.2024.06.011,2024.0,Synergy of gut microbiota and host genome in driving heterosis expression of chickens.,Journal of genetics and genomics = Yi chuan xue bao,9,include,"Empirical hybrid vs parental gut microbiota comparison, nonadditive/transgressive patterns, host genotype-microbiome association relevant to framework (i)/(ii)",0.75,True,False,s2
10.1128/msphere.00058-25,2025.0,Multiscale ecological boundaries and microbial community coalescence in host-associated microbiota,Msphere,1,include,"Cadre conceptuel hybrides-microbiote comme frontière écologique, pertinent pour framing (i) et (iii)",0.75,True,False,s2
10.1038/nature25019,2017.0,Moving beyond microbiome-wide associations to causal microbe identification,Nature,217,exclude,"Mouse colitis microbiome causal study, not hybridization zone/host genetics, unrelated to fish hybrid microbiota",0.95,True,False,s2
10.22541/au.158801945.58822703,2020.0,The effects of host genetic architecture on the gut microbiome composition of Chinook salmon (Oncorhynchus tshawytscha),,0,include,"Chinook salmon hybrid stocks, gut 16S microbiome, host genetic architecture/heritability across families and populations",0.85,True,False,s2
10.1016/j.rvsc.2021.01.021,2021.0,Changes of gut microbiota in pregnant sows induced by 5-Aminolevulinic acid.,Research in Veterinary Science,10,exclude,"Aquaculture/livestock feed additive study, pigs are hybrid breed incidentally, no evolutionary or host-genetic hybridization question",0.97,True,False,s2
10.3390/foods14213734,2025.0,Coral dealbatus Crude Polysaccharide Attenuates Fat Accumulation and Intestinal Flora Disorders in Mice Fed with a High-Fat Diet,Foods,1,exclude,"Hybrid vegetable polysaccharide, mouse HFD model; agronomic/health application, not host-hybrid microbiote evolutionary study",0.97,True,False,s2
10.1128/spectrum.03404-22,2022.0,Diurnal Variation of Epiphytic Microbiota: an Unignorable Factor Affecting the Anaerobic Fermentation Characteristics of Sorghum-Sudangrass Hybrid Silage,Microbiology spectrum,10,exclude,"Agronomic silage fermentation study of crop hybrid, no host-microbiota evolutionary or hybridization-zone question",0.97,True,False,s2
10.2174/0115748936403743251111091822,2026.0,Intestinal Flora Disease Prediction Based on Global Hybrid Dilated Convolution,Current Bioinformatics,0,exclude,"Human clinical gut microbiome disease prediction algorithm, unrelated to hybridization or host genetics",0.98,True,False,s2
10.1111/ppl.71016,2026.0,Leaf Fungal Microbiome Is Modulated by Interspecific Hybridization Events Between Coffea Species,Physiologia Plantarum : An International Journal for Plant Biology,0,exclude,"Coffea cultivated hybrids studied for fungal microbiome, not natural hybridization zone; agronomic species context, not wild fish/animal hybridization",0.75,True,False,s2
10.3389/fmicb.2026.1852554,2026.0,Differential shaping of equine gut microbiota structure and function by breed and feeding regimen,Frontiers in Microbiology,0,exclude,"Domestic horse hybrids from crossbreeding, not natural hybridization zone; no fish tissue compartments or continuous hybrid index",0.88,True,False,"openalex,s2"
10.1016/j.tplants.2024.07.018,2024.0,Molecular concepts to explain heterosis in crops.,Trends in Plant Science,43,exclude,"Crop heterosis review focused on agronomic yield/molecular genetics, not natural hybrid zone host-microbiome study",0.9,True,False,s2
10.1111/ibi.70046,2026.0,Family templates and trophic filtering shape passerine gut microbiota with scale‐dependent phylosymbiosis,Ibis,0,exclude,"Phylosymbiosis across bird species/families, not hybridization zones or hybrid microbiota comparison",0.93,True,False,s2
10.1371/journal.pone.0089130,2014.0,High-Level Recombinant Human Lysozyme Expressed in Milk of Transgenic Pigs Can Inhibit the Growth of Escherichia coli in the Duodenum and Influence Intestinal Morphology of Sucking Pigs,PLoS ONE,31,exclude,"Transgenic pig lysozyme study, not natural hybridization zone or host-microbiome genetics of hybrids",0.97,True,False,s2
10.3390/molecules31050895,2026.0,Major Low-Molecular-Weight Metabolites from Freshwater Aquatic Macrophytes: Ecological Aspects,Molecules,0,exclude,"Plant metabolomics of aquatic macrophytes, not host microbiome, hybridization microbiota, or fish tissue microbiome question",0.97,True,False,"openalex,s2"
10.1021/acsinfecdis.9b00365,2020.0,Cariogenic Streptococcus mutans Produces Tetramic Acid Strain-Specific Antibiotics That Impair Commensal Colonization,ACS Infectious Diseases,53,exclude,"Human oral microbiome/dental caries bacterial biosynthesis study, unrelated to hybridization or fish host genetics",0.98,True,False,s2
10.1186/s12870-025-07468-9,2025.0,Beyond genotype: the influence of developmental stage on rice rhizospheric microbiome-metabolome networks,BMC Plant Biology,4,exclude,"Rice rhizosphere microbiome study, agronomic focus on yield/growth traits, not host-associated evolutionary hybridization question",0.9,True,False,s2
10.1152/physiolgenomics.00008.2025,2025.0,Differences in the bacterial communities along the intestinal tract of juvenile channel (Ictalurus punctatus) and hybrid (I. punctatus × I. furcatus) catfish.,Physiological Genomics,2,exclude,"Aquaculture hybrid catfish production context, not natural hybrid zone or evolutionary host-microbiota genetics question",0.85,True,False,s2
10.3389/fcimb.2024.1377225,2024.0,Vaginal microbiota molecular profiling and diagnostic performance of artificial intelligence-assisted multiplex PCR testing in women with bacterial vaginosis: a single-center experience,Frontiers in Cellular and Infection Microbiology,7,exclude,"Human clinical vaginal microbiota diagnostic study, unrelated to hybridization or host genetics/hybrids",0.98,True,False,s2
10.31395/2415-8240-2020-97-1-7-16,2020.0,Formation of the microbiota of the rhizosphere of spelt wheat and intermediate wheatgrass and biological activity of podzolized chernozem,Collected Works of Uman National University of Horticulture,0,exclude,"Rhizosphere soil microbiota of wheat crops, agronomic focus, no animal hybrid zone or host genetics",0.98,True,False,s2
10.1109/icciaa68481.2026.11544042,2026.0,Artificial Intelligence for Microbiome Inference and Functional Prediction,2026 2nd International Conference on Computational Intelligence Approaches and Applications (ICCIAA),0,exclude,"AI review of human clinical microbiome methods, no hybridization, host genetics, or fish tissue comparison",0.98,True,False,s2
10.2147/ijn.s607382,2026.0,"Nanobiotic-Enhanced Probiotics for Targeted Gut Delivery: Mechanisms, Therapeutic Applications, and Translational Challenges",International Journal of Nanomedicine,1,exclude,"Human clinical probiotic nanotechnology review, unrelated to host hybridization or genetic microbiome control",0.98,True,False,s2
10.63657/nijfaq/13.2.25.013,2025.0,Dietary Effect of Negro Pepper (Xylopia aethiopica) Supplementation on the Gut Health of Hybrid African Catfish (Clarias gariepinus x Heterobranchus bidorsallis),Nigerian Journal of Fisheries and Aquaculture,0,exclude,"Aquaculture feed additive study on gut health/growth, not natural hybridization or host genetics vs microbiota",0.97,True,False,s2
10.12731/2658-6649-2025-17-6-2-1555,2025.0,Microbiological study of wounds and large intestine of sturgeons using β‑cyclodextrin complex with levofloxacin,Siberian Journal of Life Sciences and Agriculture,0,exclude,"Aquaculture wound treatment study with antibiotics, no hybridization zone or host-genetics microbiome question",0.97,True,False,s2
10.1016/j.psj.2025.105289,2025.0,Multiomics analysis uncovers host-microbiota interactions regulate hybrid vigor traits in geese,Poultry Science,3,exclude,"Aquaculture/breeding hybrid vigor study, not natural hybridization zone; applied poultry production focus",0.9,True,False,s2
10.3390/fermentation11080480,2025.0,Decoding Forage-Driven Microbial–Metabolite Patterns: A Multi-Omics Comparison of Eight Tropical Silage Crops,Fermentation,5,exclude,"Silage fermentation/agronomic microbiome study, no hybridization host-microbiome or holobiont evolutionary question",0.97,True,False,s2
10.1117/12.3095697,2025.0,Integrating random forest and SHAP analysis to uncover gut microbial dynamics across growth stages in hybrid sturgeon,International Conference on Biomedicine and Bioinformatics Engineering,0,exclude,"Aquaculture growth/feeding study on hybrid sturgeon gut microbiota, no natural hybrid zone or host genetics link",0.95,True,False,s2
10.1002/advs.76598,2026.0,Hollow Cu2O Nanozymes Enhance Probiotic Therapy for Colitis via Redox Homeostasis and TXNIP/NLRP3 Inflammasome Inhibition,Advancement of science,0,exclude,"Clinical colitis nanozyme/probiotic study in mice, unrelated to host hybridization or hybrid microbiome",0.98,True,False,s2
10.1016/j.envres.2022.115095,2022.0,Residential greenness and air pollution's association with nasal microbiota among asthmatic children.,Environmental Research,14,exclude,"Human clinical nasal microbiota study, no hybridization or host genetics link",0.98,True,False,s2
10.1126/sciadv.aef1760,2026.0,Energy-assisted CRISPR cleavage and probiotic vesicle signaling platform: Microbiome reprogramming for homeostasis,Science Advances,0,exclude,"CRISPR probiotic vesicle therapeutic for oral pathogen, unrelated to hybridization or host-microbiome evolutionary genetics",0.98,True,False,s2
10.3389/fcimb.2021.784153,2021.0,Effect of Cavity Cleanser With Long-Term Antibacterial and Anti-Proteolytic Activities on Resin–Dentin Bond Stability,Frontiers in Cellular and Infection Microbiology,15,exclude,"Dental resin-dentin bonding and oral bacteria study, unrelated to fish hybrid zones or host-microbiome genetics",0.98,True,False,s2
10.22146/jfs.95268,2024.0,"Oral Probiotics Modulate the Gut Microbiome, Nutrient Transport Gene Expression, and Growth of Hybrid Tilapia (Oreochromis sp.) Fed with Black Soldier Fly (Hermetia illucens)",Jurnal Perikanan Universitas Gadjah Mada,2,exclude,"Aquaculture probiotic/growth study on hybrid tilapia, no hybridization zone or host-genetic microbiome question",0.97,True,False,s2
10.1158/1538-7445.mvc2020-b34,2020.0,Abstract B34: The ALPK1/TIFA/NF-kB axis links a bacterial carcinogen to replication stress and DNA damage,Cancer Research,0,exclude,"H. pylori cancer mechanism study, human clinical context, unrelated to fish hybridization or host genetics",0.98,True,False,s2
10.1016/j.micres.2023.127593,2023.0,Impact of epizootics on mussel farms: Insights into microbiota composition of Mytilus species.,Microbiology Research,13,exclude,"Aquaculture disease/mortality study in farmed mussels, not natural hybrid zone or host genetic control of microbiome",0.85,True,False,s2
10.17179/excli2026-9423,2026.0,"Ultra-processed food exposure and health outcomes: Current evidence, controversies, and future perspectives",EXCLI Journal : Experimental and Clinical Sciences,0,exclude,"Human nutrition/UPF health review, no hybridization, no fish microbiota, no host genetics link",0.98,True,False,s2
10.3390/ani13050893,2023.0,Eating Quality of Pork from Entire Male Pigs after Dietary Supplementation with Hydrolysable Tannins,Animals,1,exclude,"Aquaculture/livestock feed study on boar taint, no hybridization or host-microbiota evolutionary framework",0.97,True,False,s2
10.1556/030.2026.02911,2026.0,Exploring the gut-lung axis in post-liver transplant acute lung injury: A multi-omics approach.,Acta Microbiologica et Immunologica Hungarica,0,exclude,"Human clinical liver transplant/gut-lung axis study, unrelated to hybridization or host genetics in fish",0.98,True,False,s2
10.1093/cdn/nzac069.043,2022.0,Unraveling the Prebiotic Effects of Phenolic Compounds Towards Probiotic Gut Bacteria via Metabolomics,Current Developments in Nutrition,0,exclude,"In vitro gut bacteria metabolomics with dietary polyphenols; no hybridization, host genetics, or hybrid zone relevance",0.98,True,False,s2
10.1007/s00284-025-04137-w,2025.0,Enhancing Growth and Modulation of Gut Microbiota in Red Hybrid Tilapia (Oreochromis sp.) with Host-Associated Leuconostoc lactis as Feed Additive,Current Microbiology,2,exclude,"Aquaculture probiotic/growth study on hybrid tilapia, no evolutionary host-genetics microbiome question",0.9,False,False,s2
10.1016/j.aqrep.2023.101581,2023.0,Hybrids with heterosis possess a more diverse intestinal microbiome than that of carnivorous and herbivorous parental fishes in controlled conditions,Aquaculture Reports,9,unclear,"Titre pertinent (hybrides poissons, microbiote intestinal) mais abstract absent, contexte contrôlé pas zone naturelle",0.55,False,False,s2
10.37925/0039-713x-2024-7-49-52,2024.0,BIOCHEMICAL MARKERS OF PIG HEALTH AND PRODUCTIVITY ON THE BACKGROUND OF NON-ANTIBIOTICS IMMUNOMODULATORS BASED ON CHITOSAN. REVIEW,PIG-BREEDING,0,exclude,"Aquaculture/livestock feed additive study on pig productivity, not evolutionary host-microbiome hybridization research",0.98,True,False,s2
10.1016/j.jenvman.2018.08.023,2018.0,Application of hybrid anaerobic reactor: Treatment of increasing cyanide containing effluents and microbial composition identification.,Journal of Environmental Management,16,exclude,"Wastewater bioreactor microbiology, not host microbiome or animal hybridization study",0.98,True,False,s2
10.1101/2022.05.06.490877,2023.0,Characteristics of intestinal microflora and dysbiosis in relation to the disease duration in patients with Meniere’s disease,bioRxiv,0,exclude,"Human clinical gut microbiota study, no hybridization or host genetics link, unrelated to fish/hybrid zones",0.98,True,True,s2
10.1186/s40168-024-01994-8,2024.0,Transgressive hybrids as hopeful holobionts,bioRxiv,6,include,"Empirical hybrid vs parental microbiota, skin/gut compartments, transgressive segregation, holobiont framework directly supports frame (i)",0.85,True,True,"openalex,s2"
10.1038/s41598-025-26608-7,2025.0,Quercetin hybrid-hydrogel microparticles modulate gut microbiota and improve memory in an antibiotic-induced dysbiosis rat model,Scientific Reports,1,exclude,"Rat antibiotic-dysbiosis and quercetin hydrogel study; no hybridization, host genetics, or hybrid zone relevance",0.98,True,False,s2
10.1186/s40793-025-00690-w,2025.0,Diversity and functional features of the root-associated bacteriome are dependent on grapevine susceptibility to Plasmopara viticola,Environmental Microbiome,7,exclude,"Grapevine root microbiome and disease susceptibility, not hybrid vs parental comparison or hybridization zone microbiota",0.95,True,False,s2
10.1128/msystems.01181-22,2023.0,Host Hybridization Dominates over Cohabitation in Affecting Gut Microbiota of Intrageneric Hybrid Takifugu Pufferfish,mSystems,3,include,"Fish gut microbiota compared between artificial hybrids and purebreds, host genetics vs cohabitation environment, holobiont framework",0.75,True,False,s2
10.1016/j.compbiomed.2025.110592,2025.0,CRCpred: An AI-ML tool for colorectal cancer prediction using gut microbiome,Comput. Biol. Medicine,9,exclude,"Human clinical CRC gut microbiome ML tool, unrelated to hybridization or host genetics/fish tissues",0.98,True,False,s2
10.1016/j.biopha.2024.116126,2024.0,Hybrid nutraceutical of 2-ketoglutaric acid in improving inflammatory bowel disease: Role of prebiotics and TAK1 inhibitor.,Biomedicine & pharmacotherapy = Biomedecine & pharmacotherapie,13,exclude,"Clinical/mouse IBD gut microbiome study, unrelated to hybridization or host genetics of hybrid zones",0.98,True,False,s2
10.33640/2405-609x.3368,2024.0,Skin microbiome: current target for cosmeceuticals,Karbala International Journal of Modern Science,0,exclude,"Human skin/cosmeceutical microbiome review, unrelated to fish hybridization or host genetics",0.98,True,False,s2
10.3390/microorganisms14081703,2026.0,"Intestinal Microecology Dysbiosis, Cultivable Pathogen Composition, and Antimicrobial Susceptibility Profiles Associated with Intestinal Exposure and Ocular Opacity in Hybrid Porcupinefish",Microorganisms,0,exclude,"Aquaculture disease/pathogen study in hybrid fish, not natural hybridization zone or host genetics-microbiome link",0.93,True,False,s2
10.3390/ani11123590,2021.0,Carcass and Pork Quality and Gut Environment of Pigs Fed a Diet Supplemented with the Bokashi Probiotic,Animals,14,exclude,"Aquaculture/probiotic pig feeding study on carcass quality, not hybridization zone or host-microbiome evolutionary question",0.98,True,False,s2
10.1038/s41522-020-00176-2,2021.0,Host development overwhelms environmental dispersal in governing the ecological succession of zebrafish gut microbiota,npj Biofilms and Microbiomes,112,exclude,"Zebrafish gut succession study, no hybridization, no hybrid zone or genotype-microbiote comparison",0.9,True,False,s2
10.1038/s41564-020-0743-8,2020.0,Genome-wide associations of human gut microbiome variation and implications for causal inference analyses,Nature Microbiology,197,exclude,"Human gut microbiome GWAS, clinical human population study, no hybridization or animal host-genetics-microbiome link",0.95,True,False,s2
10.1038/s41598-020-64570-8,2020.0,Structure and membership of gut microbial communities in multiple fish cryptic species under potential migratory effects,Scientific Reports,33,exclude,"Cryptic species/migration study, no hybridization zone or host genetics-microbiome heritability link",0.9,True,False,s2
10.5713/ab.20.0681,2020.0,Comparison of cecal microbiota composition in a three-way cross model in two hybrid pigs.,Asian-Australasian Journal of Animal Sciences,6,exclude,"Commercial pig crossbreeding for growth/production, not natural hybridization or evolutionary host-microbiome question",0.92,True,False,s2
10.1007/s00248-024-02423-x,2024.0,"The Abrolhos Nominally Herbivorous Coral Reef Fish Acanthurus chirurgus, Kyphosus sp., Scarus trispinosus, and Sparisoma axillare Have Similarities in Feeding But Species-Specific Microbiomes",Microbial Ecology,5,exclude,"Species-specific gut microbiome comparison, no hybridization/introgression zone or host genetic ancestry index",0.95,True,False,s2
10.1111/1758-2229.12896,2020.0,Transmission of the sponge microbiome: moving towards a unified model.,Environmental Microbiology Reports,35,exclude,"Sponge microbiome transmission review, no hybridization zone or host hybrid comparison, unrelated to fish hybrid study",0.94,True,False,s2
10.1186/s40168-023-01552-8,2023.0,Using the collaborative cross to identify the role of host genetics in defining the murine gut microbiome,Microbiome,25,exclude,"Étude de génétique hôte-microbiote chez souris de laboratoire, pas hybridation naturelle ni zone d'hybridation",0.9,True,False,s2
10.1016/j.aquaculture.2024.741841,2024.0,Gut microbiota in rainbow trout Oncorhynchus mykiss with different susceptibility to Flavobacterium psychrophilum infection,Aquaculture,6,exclude,"Selective breeding lines and pathogen challenge, not natural hybridization/introgression or hybrid zone study",0.9,True,False,s2
10.3389/fpls.2024.1445713,2024.0,The microbiome and metatranscriptome of a panel from the Sarracenia mapping population reveal complex assembly and function involving host influence,bioRxiv,4,include,"Plant hybrids (F1/F2) microbiome vs parental species, host genetic influence on assembly, relevant to heritability framework",0.75,True,True,s2
10.31421/ijhs/32/2026/16855,2026.0,Phytobiome management in horticultural systems: beyond the rhizosphere toward whole-plant microbiome optimization,International journal of horticultural science,0,exclude,"Review of horticultural plant phytobiome for agronomic traits, no hybridization/hybrid zones or host genetics-microbiome link",0.95,True,False,s2
10.1186/s40168-020-00938-2,2020.0,Association of gut microbiota with metabolism in juvenile Atlantic salmon,Microbiome,53,exclude,"Aquaculture salmon feed efficiency study, no hybridization or hybrid zone, weak host genetics link only",0.9,True,False,s2
10.3390/insects12121082,2021.0,Feed and Host Genetics Drive Microbiome Diversity with Resultant Consequences for Production Traits in Mass-Reared Black Soldier Fly (Hermetia illucens) Larvae,Insects,43,exclude,"Aquaculture/mass-rearing insect production study, host genetics vs diet on gut microbiome, no hybridization zone or holobiont evolutionary framing",0.9,True,False,s2
10.3389/fmicb.2023.1209158,2023.0,Gut microbiome dysbiosis is associated with host genetics in the Norwegian Lundehund,Frontiers in Microbiology,6,include,Dog outcross F1/F2 hybrids vs purebred parental; gut microbiome linked to host genetics/genotype,0.7,True,False,s2
10.1371/journal.pone.0003064,2008.0,Predominant Role of Host Genetics in Controlling the Composition of Gut Microbiota,PLoS ONE,326,exclude,"Human clinical gut microbiota/genetics study, no hybridization or animal host-microbiota framework",0.95,True,False,s2
10.1128/msphere.00418-17,2017.0,Effect of Environmental Factors and an Emerging Parasitic Disease on Gut Microbiome of Wild Salmonid Fish,Msphere,77,exclude,"Wild trout gut microbiome vs parasite/environment; no hybridization, hybrid zone, or host genetics-microbiome link",0.9,True,False,s2
10.1093/jas/skz258.086,2019.0,219 Relationship between host-genetics and the vaginal microbiome in commercial gilts,Journal of Animal Science,1,exclude,"Pig vaginal microbiome heritability study; livestock genetics, not hybridization/hybrid zone, not fish tissue comparison",0.9,True,False,s2
10.1016/j.celrep.2026.116930,2026.0,Large-scale metagenomic analysis reveals host genetics shapes microbiomes in wild freshwater fish gut and skin.,Cell Reports,2,exclude,"Phylosymbiosis across wild fish species/phylogeny, not hybridization zone or hybrid vs parental comparison",0.85,True,False,s2
10.1093/gbe/evx014,2017.0,Host Genotype and Microbiota Contribute Asymmetrically to Transcriptional Variation in the Threespine Stickleback Gut,Genome Biology and Evolution,35,exclude,"Gene expression study in stickleback gnotobiotic model, not hybridization zone or microbiota heritability across host genotypes",0.88,True,False,s2
10.1002/ece3.72546,2025.0,"A Deep Metagenomic Snapshot as a Proof‐of‐Concept for Resource Generation: Simultaneous Assembly of Host, Food, and Microbiome Genomes From Stingless Bee Larval Food",Ecology and Evolution,1,exclude,"Métagénomique de nourriture larvaire d'abeille, pas d'hybridation hôte ni comparaison microbiote entre hybrides/parentaux",0.96,True,False,s2
10.12899/asr-1817,2019.0,The biotic adversities of poplar in Italy: a reasoned analysis of factors determining the current state and future perspectives,Annals of Silvicultural Research,7,exclude,"Poplar disease/pest review; no empirical microbiome study of hybrids or hybridization zones, just future suggestions",0.93,True,False,s2
10.1111/jfd.70225,2026.0,Microbiome and Pathobiome Characterization in Farmed Barramundi (Lates calcarifer) During and Post Scale Drop Disease Outbreaks.,Journal of Fish Diseases,0,exclude,"Aquaculture disease surveillance in single species, no hybridization, no host-microbiome evolutionary framing",0.93,True,False,s2
10.1098/rsob.240232,2025.0,Gut microbiota diversity affects fish behaviour and is influenced by host genetics and early rearing conditions,Open Biology,7,exclude,"Inbred killifish strains, not natural hybrid zone or hybridization; no ancestry index or cross comparison",0.9,True,False,s2
10.1186/s40168-024-01954-2,2024.0,The host genotype actively shapes its microbiome across generations in laboratory mice,bioRxiv,10,exclude,"Lab mice genotype-microbiome study, no hybridization zone/hybrid host comparison to parental species",0.85,True,True,s2
10.1093/jimmun/vkag141.147,2026.0,Microbiome-Derived RNA as a Trigger for Heritable Innate Immunity 2252988,Journal of Immunology,0,exclude,"C. elegans immunity/microbiome RNA signaling, no hybridization, no host genotype-microbiome or tissue partition question",0.97,True,False,s2
10.1371/journal.pone.0041594,2012.0,Inflammation Drives Dysbiosis and Bacterial Invasion in Murine Models of Ileal Crohn’s Disease,PLoS ONE,205,exclude,"Murine Crohn's disease model, clinical/immune dysbiosis, no hybridization or host genetic ancestry index",0.97,True,False,s2
10.1161/atvb.39.suppl_1.136,2019.0,Abstract 136: Host Genotype-shaped Gut Microbiome Modulate Atherosclerosis Development in Mice,"Arteriosclerosis, Thrombosis and Vascular Biology",0,exclude,"Mouse atherosclerosis/gut microbiome study, clinical disease model, no hybridization or hybrid zone context",0.97,True,False,s2
10.1186/s40168-018-0413-8,2018.0,The Populus holobiont: dissecting the effects of plant niches and genotype on the microbiome,Microbiome,374,exclude,"Populus hybrid genotype study but not natural hybrid zone with hybrid index; agronomic/tree genotype comparison, not hybridization gradient",0.68,True,False,s2
10.3389/fimmu.2022.838525,2022.0,"Properties, Genetics and Innate Immune Function of the Cuticle in Egg-Laying Species",Frontiers in Immunology,49,exclude,"Eggshell cuticle microbiome review, no hybridization, no hybrid host comparison, unrelated topic",0.97,True,False,s2
10.1038/ncomms5500,2014.0,Individual diet has sex-dependent effects on vertebrate gut microbiota,Nature Communications,515,exclude,"Diet-sex-microbiota study, no hybridization, no hybrid zone or genotype-microbiome host control tested",0.9,True,False,s2
10.1101/2021.10.18.464790,2021.0,Microbiota mediated plasticity promotes thermal adaptation in Nematostella vectensis,bioRxiv,1,exclude,"Sea anemone thermal acclimation study, no hybridization, no host genotype-microbiome link (clonal line used)",0.92,True,True,s2
10.1101/2024.10.15.618440,2024.0,Are you my mother?: When host genetics and gut microbiota tell different phylogenetic stories in the Africanized honey bee hybrid (Apis mellifera scutellata x sspp.),bioRxiv,0,include,"Empirical hybrid gut microbiota (16S) vs parental subspecies, host genetics vs environment/social transmission, relevant to frames i/iii",0.75,True,True,s2
10.3390/microorganisms11051318,2023.0,"Bacterial Microbiota of Ostreobium, the Coral-Isolated Chlorophyte Ectosymbiont, at Contrasted Salinities",bioRxiv,4,exclude,"Algal ectosymbiont microbiota vs salinity, not hybridization zone or host genetic ancestry index",0.95,True,True,s2
10.23736/s2724-5985.21.02923-5,2021.0,Microbiota and the irritable bowel syndrome.,Minerva gastroenterologica,5,exclude,"Human clinical IBS gut microbiota review, unrelated to hybridization or host genetics of hybrids",0.98,True,False,s2
10.1371/journal.pone.0224100,2019.0,Diet modulates cecum bacterial diversity and physiological phenotypes across the BXD mouse genetic reference population,PLoS ONE,12,exclude,"BXD mouse genetic reference panel diet study; not natural hybridization zone, no host-microbiome hybrid comparison relevant to speciation",0.92,True,False,s2
10.1111/mec.16344,2022.0,"Host phenotype and microbiome vary with infection status, parasite genotype, and parasite microbiome composition",Molecular Ecology,36,exclude,"Stickleback-parasite infection study, no hybridization zone or hybrid host microbiome comparison",0.93,True,False,s2
10.1101/2024.03.01.583018,2024.0,Gut Microbiome-Driven Metabolites Influence Skin Pigmentation in TYRP1 Mutant Oujiang Color Common Carp,bioRxiv,7,exclude,"CRISPR mutant carp study, not natural hybridization zone or host-microbiome hybrid comparison",0.93,True,True,s2
10.3390/microorganisms13051052,2025.0,Host–Microbiota Interactions in the Pathogenesis of Porcine Fetal Mummification,Microorganisms,2,exclude,"Pig gut microbiome-genome study on fetal mummification; not hybridization, not fish, agricultural/clinical focus only",0.97,True,False,s2
10.5493/wjem.v6.i1.9,2016.0,Inflammatory diseases modelling in zebrafish.,World Journal of Experimental Medicine,24,exclude,"Zebrafish disease model review; no hybridization, no host microbiote comparison across tissues or ancestry index",0.97,True,False,s2
10.3390/biology13010029,2024.0,Genetics and Genomics of Infectious Diseases in Key Aquaculture Species,Biology,38,exclude,"Aquaculture disease genetics/breeding study, no microbiote, no hybridization zone or holobiont framework",0.97,True,False,s2
10.1101/2020.02.28.970582,2020.0,Host genotype and colonist arrival order jointly govern plant microbiome composition and function,bioRxiv,77,exclude,"Host genotype effect on microbiome assembly, but no hybridization/hybrid zone or hybrid vs parental comparison",0.9,True,True,s2
10.5713/ajas.20.0681,2020.0,Comparison of cecal microbiota composition in a three-way cross model in two hybrid pigs,Asian-australasian Journal of Animal Sciences,0,exclude,"Agricultural three-way cross pig study, growth performance focus, not natural hybridization or evolutionary host-microbiote question",0.9,True,False,s2
10.58837/chula.the.2022.1080,,Gut microbiome and epigenetics analysis of common long-tailed macaque macaca fascicularis fascicularis and burmese long-tailed macaque m. fascicularis aurea in different habitat types,,0,exclude,"Subspecies/habitat/diet comparison, not natural hybrid zone microbiome vs parental species with host genetics link",0.85,True,False,s2
10.64898/2025.12.23.696053,2025.0,Gene-by-Environment Interaction Significantly Drives Bacterial Endophyte Communities in Maize Stalks,bioRxiv,0,exclude,"Maize hybrid varieties studied agronomically for microbiome-yield/GxE, not natural hybridization zone or holobiont speciation context",0.9,True,True,s2
10.3390/agronomy16030280,2026.0,Distinct Seed Endophytic Bacterial Communities Are Associated with Blast Resistance in Yongyou Hybrid Rice Varieties,Agronomy,0,exclude,"Rice hybrid varieties studied for disease resistance/agronomic trait, not evolutionary host-genetics-microbiome hybridization framework",0.9,True,False,s2
10.3389/fgene.2019.01230,2019.0,Recent Perspectives on Gene-Microbe Interactions Determining Predisposition to Otitis Media,Frontiers in Genetics,14,exclude,"Human clinical otitis media microbiome/genetics, unrelated to hybridization or fish hosts",0.97,True,False,s2
10.1186/s13071-024-06205-9,2024.0,Multi-omics data elucidate parasite-host-microbiota interactions and resistance to Haemonchus contortus in sheep,Parasites & Vectors,11,exclude,"Sheep-parasite-microbiota study, no hybridization zone or hybrid host comparison involved",0.97,True,False,s2
10.1371/journal.pone.0087796,2014.0,Disrupted Intestinal Microbiota and Intestinal Inflammation in Children with Cystic Fibrosis and Its Restoration with Lactobacillus GG: A Randomised Clinical Trial,PLoS ONE,210,exclude,"Human clinical microbiome study of cystic fibrosis, unrelated to hybridization or host genetics",0.98,True,False,s2
10.1016/j.ijfoodmicro.2010.12.024,2011.0,Fluorescence in situ hybridization for detection of classical propionibacteria with specific 16S rRNA-targeted probes and its application to enumeration in Gruyère cheese.,Journal of food microbiology,25,exclude,"FISH molecular hybridization technique for propionibacteria detection in cheese, not organism hybridization",0.98,True,False,s2
10.1128/msystems.00261-24,2024.0,Localization and symbiotic status of probiotics in the coral holobiont,mSystems,12,exclude,"Coral probiotics/FISH microscopy study, no hybridization zone or host genetic ancestry index; molecular FISH not organismal hybridization",0.96,True,False,s2
10.1007/s10493-020-00520-3,2020.0,Microscopic analysis of the microbiota of three commercial Phytoseiidae species (Acari: Mesostigmata),Experimental & applied acarology,8,exclude,"Mite microbiota study, no hybridization, no hybrid zone, unrelated host taxon and topic",0.97,True,False,s2
10.1111/mec.14788,2018.0,The cotton stainer's gut microbiota suppresses infection of a cotransmitted trypanosomatid parasite,Molecular Ecology,22,exclude,"Insect gut microbiota vs parasite infection; not hybridization zone, not host genotype-microbiome study",0.97,True,False,s2
10.4251/wjgo.v16.i10.4232,2024.0,Intratumoural microorganism can affect the progression of hepatocellular carcinoma,World Journal of Gastrointestinal Oncology,1,exclude,"Human liver cancer microbiome study, unrelated to hybridization or host genetics of hybrid zones",0.98,True,False,s2
10.1186/s40538-025-00765-3,2025.0,Deciphering the microbiome potential and metabolic profiling of animal waste co-composting reveals the co-occurrence network of non-microbial and microbial biostimulants to strengthen conservative practices in sustainable agriculture,Chemical and Biological Technologies in Agriculture,7,exclude,"Agricultural waste composting microbiome study, unrelated to host hybridization or fish tissue microbiota",0.98,True,False,s2
10.1093/femsec/fiad137,2023.0,Aeromonas hydrophila infection in tilapia triggers changes in the microbiota composition of fish internal organs.,FEMS Microbiology Ecology,20,exclude,"Aquaculture disease/pathogen study in tilapia, no hybridization or host genetics link",0.97,True,False,s2
10.1080/20002297.2018.1438722,2018.0,Organization of supragingival plaque at the micron scale,Journal of Oral Microbiology,13,exclude,"Human dental plaque FISH imaging study, unrelated to fish hybridization or host-microbiota genetics",0.98,True,False,s2
10.1080/21505594.2024.2313410,2024.0,Microbiome analysis reveals the inducing effect of Pseudomonas on prostatic hyperplasia via activating NF-κB signalling,Virulence,16,exclude,"Human clinical prostate microbiome study, unrelated to hybridization or host genetics/hybrid zones",0.98,True,False,s2
10.1002/smll.202510292,2025.0,Rapid Bacteria Identification and Antimicrobial Susceptibility Testing via 5-Min Fluorescence In Situ Hybridization,Small,2,exclude,"Technical FISH probe hybridization for bacterial ID, not organismal hybridization or host microbiote study",0.98,True,False,s2
10.3390/jzbg7020023,2026.0,Dietary Escherichia coli Nissle 1917 Modulates Gut Microbiota and Inflammatory Cytokines in Hybrid Grouper in a Recirculating Aquarium System,Journal of Zoological and Botanical Gardens,0,exclude,"Aquaculture probiotic study on captive hybrid grouper, no natural hybridization zone or host genetics link",0.95,True,False,s2
10.1016/j.pan.2026.08.004,2026.0,Intratumoral microbiota in pancreatic neuroendocrine tumors: Enriched bacterial biomass and diversity with association to dyslipidemia.,Pancreatology : official journal of the International Association of Pancreatology (IAP) ... [et al.],0,exclude,"Human clinical tumor microbiota study, unrelated to fish hybridization or host genetics/hybrid zones",0.98,True,False,s2
10.1101/2025.04.12.648450,2025.0,TRPV1 Defends the Healthy Murine Cornea against Staphylococcus aureus Adhesion Independently of Sensory Nerve Firing,bioRxiv,2,exclude,"Murine cornea immunology; FISH probe for bacterial detection, not host-microbiome hybridization study",0.98,True,True,s2
10.1186/s13020-024-01016-7,2024.0,Proteomic analysis and experimental validation reveal the blood–brain barrier protective of Huanshaodan in the treatment of SAMP8 mouse model of Alzheimer’s disease,Chinese Medicine,3,exclude,"Mouse Alzheimer's disease drug study, gut microbiota unrelated to hybridization or host genetics",0.98,True,False,s2
10.1016/j.watres.2026.125838,2026.0,A novel approach for achieving high enrichment of anammox and nitrogen removal rate in municipal wastewater treatment: A pure biofilm process.,Water Research,3,exclude,"Wastewater treatment biofilm anammox process, no host organism, unrelated to hybridization or fish microbiota",0.98,True,False,s2
10.3389/fimmu.2024.1475195,2025.0,"Integrative RNA, miRNA, and 16S rRNA sequencing reveals immune-related regulation network for glycinin-induced enteritis in hybrid yellow catfish, Pelteobagrus fulvidraco ♀ × Pelteobagrus vachelli ♂",Frontiers in Immunology,1,exclude,"Aquaculture feeding study on enteritis/growth in hybrid catfish, not natural hybrid zone evolutionary microbiome question",0.95,True,False,s2
10.1101/2023.06.09.544291,2023.0,Spatial Mapping of Mobile Genetic Elements and their Cognate Hosts in Complex Microbiomes,bioRxiv,1,exclude,"FISH imaging of MGEs in human oral biofilm, technical hybridization, unrelated to animal hybrid zones or host genetics",0.97,True,True,s2
10.3389/fcimb.2026.1784151,2026.0,"Tumor tissue-associated Phascolarctobacterium is associated with lymph node metastasis, prognosis, and immune-contexture features in colorectal cancer",Frontiers in Cellular and Infection Microbiology,0,exclude,"Human colorectal cancer microbiome study, clinical/human context unrelated to hybridization or host genetics",0.98,True,False,s2
10.1038/s41598-017-06055-9,2017.0,"Microbiome analysis and confocal microscopy of used kitchen sponges reveal massive colonization by Acinetobacter, Moraxella and Chryseobacterium species",Scientific Reports,65,exclude,"Kitchen sponge microbiome study, unrelated to host hybridization, fish tissues, or host genetics",0.98,True,False,s2
10.1627/jpi1958.43.43,2000.0,Identification of Bacteria Used for Microbial Enhanced Oil Recovery Process by Fluorescence In Situ Hybridization Technique,Journal of The Japan Petroleum Institute,6,exclude,"FISH molecular hybridization technique for oil recovery bacteria, not organismal hybridization or host microbiome",0.98,True,False,s2
10.1099/ijsem.0.006615,2024.0,"Bengtsoniella intestinalis gen. nov., sp. nov., a member of the family Oscillospiraceae, isolated from the hindgut of the marine herbivorous fish Kyphosus sydneyanus.",International Journal of Systematic and Evolutionary Microbiology,1,exclude,"Bacterial taxonomic description from single fish species, no hybridization, no host-microbiome comparative question",0.97,True,False,s2
10.1021/acs.est.2c03299,2022.0,Selective Enrichment of Comammox Nitrospira in a Moving Bed Biofilm Reactor with Sufficient Oxygen Supply.,Environmental Science and Technology,59,exclude,"Wastewater biofilm nitrification study; no host organism, no hybridization, unrelated to fish microbiota topic",0.98,True,False,s2
10.1016/s0043-1354(02)00624-3,2003.0,Use of fluorescent in situ hybridization to evidence the presence of Helicobacter pylori in water.,Water Research,83,exclude,"FISH molecular hybridization technique for water detection, not organism hybridization or host microbiome",0.98,True,False,s2
10.1016/j.pan.2023.07.008,2023.0,Dynamics of intestinal and intratumoral microbiome signatures in genetically engineered mice and human pancreatic ductal adenocarcinoma.,Pancreatology : official journal of the International Association of Pancreatology (IAP) ... [et al.],11,exclude,"Mouse cancer model microbiome study, unrelated to hybridization zones or host genetic ancestry",0.98,True,False,s2
10.3844/ajassp.2010.56.62,2010.0,Isolation and Characterization of Thermophilic Cellulase-Producing Bacteria from Empty Fruit Bunches-Palm Oil Mill Effluent Compost,American Journal of Applied Sciences,74,exclude,"Compost bacteria isolation with FISH, not host-associated hybrid microbiome; unrelated topic entirely",0.98,True,False,s2
10.1371/journal.pone.0188257,2017.0,Preservation of three-dimensional spatial structure in the gut microbiome,bioRxiv,37,exclude,"Mouse gut imaging methodology using FISH technique, unrelated to hybridization zones or host genetics",0.97,True,True,s2
10.1371/journal.pone.0121955,2015.0,Effects of Orange Juice Formulation on Prebiotic Functionality Using an In Vitro Colonic Model System,PLoS ONE,32,exclude,"In vitro human colonic fermentation study on prebiotics, unrelated to hybridization or host genetics",0.98,True,False,s2
10.3390/microorganisms14030707,2026.0,Hungatella hathewayi: A Tumor-Derived Bacterium Enriched in Colorectal Cancer Tissues and a Potential Diagnostic Biomarker,Microorganisms,1,exclude,"Human colorectal cancer microbiome study, clinical, unrelated to hybridization or host genetics",0.98,True,False,s2
10.1016/j.watres.2020.116372,2020.0,A refined set of rRNA-targeted oligonucleotide probes for in situ detection and quantification of ammonia-oxidizing bacteria.,Water Research,16,exclude,"FISH probe method for ammonia-oxidizing bacteria in wastewater, technical hybridization not host-microbiome hybridization",0.98,True,False,s2
10.1007/s00253-025-13537-8,2025.0,Colorectal cancer biofilm composition reveals distinct bacterial species signature,Applied Microbiology and Biotechnology,9,exclude,"Human CRC clinical biofilm study using FISH probes, unrelated to hybridization or host genetics/microbiote of hybrids",0.98,True,False,s2
10.1309/lmi4l6cf6hgfbgya,2011.0,In Silico Evaluation and Testing of Fluorescence In Situ Hybridization 16S rRNA Probes for Staphylococcus aureus,Labmedicine,3,exclude,"FISH probe technique for S. aureus, not organismal hybridization or host microbiome",0.97,False,False,s2
10.3389/fmicb.2020.603335,2020.0,A Robust Symbiotic Relationship Between the Ciliate Paramecium multimicronucleatum and the Bacterium Ca. Trichorickettsia Mobilis,Frontiers in Microbiology,12,exclude,"Ciliate-bacterium endosymbiosis study, not host-microbiome in hybridization zone or hybrid vs parental comparison",0.97,True,False,s2
10.1186/s42523-022-00201-z,2022.0,Intestine and spleen microbiota composition in healthy and diseased tilapia,Animal Microbiome,37,exclude,"Disease/health tilapia study, not natural hybrid zone or host-genetic control of microbiota assembly",0.9,True,False,"openalex,s2"
10.3209/saj.saj230206,2009.0,"Arsenicicoccus piscis sp. nov., a Mesophilic Actinobacterium Isolated from the Intestinal Tract of a Fish",Actinomycetologica,14,exclude,"Taxonomic description of a novel bacterium species, not a host microbiome/hybridization study",0.98,True,False,s2
10.11606/t.11.2016.tde-03052016-175553,2016.0,"Interactions of maize bushy stunt phytoplasma with the leafhopper vector, Dalbulus maidis (Delong and Wolcott) (Hemiptera: Cicadellidae) and associated microbiota",,2,exclude,"Insect vector-phytoplasma-plant pathogen study, not host microbiome in hybridization zone",0.97,True,False,s2
10.1021/jf073444o,2008.0,Deconjugation and degradation of flavonol glycosides by pig cecal microbiota characterized by Fluorescence in situ hybridization (FISH).,Journal of Agricultural and Food Chemistry,98,exclude,"FISH technique on pig cecal microbiota metabolism, unrelated to hybridization zones or host genetics",0.98,True,False,s2
10.3389/fmicb.2021.690251,2021.0,"Low Global Diversity of Candidatus Microthrix, a Troublesome Filamentous Organism in Full-Scale WWTPs",Frontiers in Microbiology,33,exclude,"WWTP filamentous bacteria study, FISH probes; no host organism, no hybridization between organisms",0.98,True,False,s2
10.1016/j.envpol.2022.119934,2022.0,Composition and distribution of bacterial communities and antibiotic resistance genes in fish of four mariculture systems.,Environmental Pollution,25,exclude,"Aquaculture ARG/mariculture study; hybrid grouper not natural hybrid zone, no host genetics-microbiome link",0.92,True,False,s2
10.3389/fmars.2022.970858,2022.0,Dynamic effects of short-term exercise on muscle texture and gut flora in the hybrid (Megalobrama amblycephala♀ × Ancherythroculter nigrocauda♂),Frontiers in Marine Science,10,exclude,"Aquaculture exercise/fillet quality study, no wild hybrid zone or host-genetics-microbiome question",0.93,True,False,"openalex,s2"
10.1016/j.aquaculture.2021.737453,2022.0,Short-term dietary antibiotics altered the intestinal microbiota and improved the lipid metabolism in hybrid grouper fed medium and high-lipid diets,Aquaculture,56,exclude,"Aquaculture study on diet/antibiotics and lipid metabolism, no hybridization zone or host genetics question",0.97,True,False,s2
10.1038/s41396-021-01029-2,2021.0,"“Candidatus Dechloromonas phosphoritropha” and “Ca. D. phosphorivorans”, novel polyphosphate accumulating organisms abundant in wastewater treatment systems",The ISME Journal,173,exclude,"Wastewater treatment microbiology, not host-associated hybrid zone or fish tissue microbiome study",0.98,True,False,s2
10.3389/fimmu.2025.1537325,2025.0,Thlaspi arvense suppresses gut microbiota related TNF inflammatory pathway to alleviates ulcerative colitis,Frontiers in Immunology,9,exclude,"Mouse UC model with herbal treatment; no hybridization zone, host genetics-microbiome link, or fish tissue comparison",0.97,True,False,s2
10.1158/1538-7445.am2026-4902,2026.0,Abstract 4902: Gut bacteria as hidden architects of stemness maintenance in the progression of pancreatic cancer,Cancer Research,0,exclude,"Human pancreatic cancer microbiome study; uses 16S FISH imaging technique, not host hybridization or fish tissue microbiota",0.97,True,False,s2
10.1101/678672,2019.0,Highly Multiplexed Spatial Mapping of Microbial Communities,bioRxiv,3,exclude,"FISH imaging technique paper, not host-microbiome hybridization study; molecular hybridization sense excluded",0.97,True,True,s2
10.1128/aem.66.12.5116-5122.2000,2000.0,Community Composition of Marine Bacterioplankton Determined by 16S rRNA Gene Clone Libraries and Fluorescence In Situ Hybridization,Applied and Environmental Microbiology,457,exclude,"Bactérioplancton marin libre et FISH technique, sans hôte ni hybridation d'organismes",0.98,True,False,s2
10.1016/j.aquaculture.2018.09.007,2019.0,Natural occurrence of edwardsiellosis caused by Edwardsiella ictaluri in farmed hybrid red tilapia (Oreochromis sp.) in Southeast Asia,Aquaculture,44,exclude,"Aquaculture disease report on hybrid tilapia pathogen, no host-microbiome or hybridization-genetics question",0.97,True,False,s2
10.1167/iovs.18-24651,2018.0,Identification and Visualization of a Distinct Microbiome in Ocular Surface Conjunctival Tissue.,Investigative Ophthalmology and Visual Science,63,exclude,"Human ocular microbiome study, no hybridization, no host genetics, clinical context not relevant to fish hybrid zones",0.98,True,False,s2
10.1093/femsec/fiag089,2026.0,"Experimental evidence for early bacterial inheritance in the giant kelp, Macrocystis pyrifera",FEMS Microbiology Ecology,0,exclude,"Kelp bacterial inheritance study; no hybridization/hybrid zone, no host genotype-microbiome, unrelated organism/context",0.93,True,False,s2
10.1016/j.resmic.2006.08.003,2006.0,Identification of population dynamics in sulfate-reducing consortia on exposure to sulfate.,Research in Microbiology,21,exclude,"Bioreactor SRB population via FISH; no host, no hybridization between organisms, unrelated to fish microbiota/hybrid zones",0.98,True,False,s2
10.1007/s00253-020-10748-z,2020.0,"Diversity, enrichment, and genomic potential of anaerobic methane- and ammonium-oxidizing microorganisms from a brewery wastewater treatment plant",Applied Microbiology and Biotechnology,11,exclude,"Wastewater bioreactor microbial community study, unrelated to host-microbiota, hybridization, or fish tissues",0.99,True,False,s2
10.5006/c2002-02461,2002.0,Impact of Molecular Biology Techniques on the Detection and Characterization of Microorganisms and Biofilms Involved in MIC,Corrosion,6,exclude,"MIC biofilm corrosion methods review, no host, environmental molecular hybridization not organismal hybrid zones",0.97,True,False,s2
10.31989/ffhd.v5i11.209,2015.0,Evaluation on prebiotic properties of β-glucan and oligo-β-glucan from mushrooms by human fecal microbiota in fecal batch culture,Functional Foods in Health and Disease,48,exclude,"Human fecal microbiota prebiotic study, unrelated to hybridization or host genetics",0.98,True,False,s2
10.1080/19490976.2023.2201159,2023.0,A distinct microbiota signature precedes the clinical diagnosis of hepatocellular carcinoma,Gut microbes,74,exclude,"Human clinical HCC gut/oral microbiota study, unrelated to hybridization or host genetics of hybrids",0.97,True,False,s2
10.1016/j.resmic.2006.04.004,2006.0,Exposure to sulfide causes populations shifts in sulfate-reducing consortia.,Research in Microbiology,53,exclude,"Bioreactor FISH study of sulfate-reducing bacteria community, not host-associated hybridization or hybrid organisms",0.98,True,False,s2
10.2144/000112024,2005.0,Laser capture microdissection of bacterial cells targeted by fluorescence in situ hybridization.,BioTechniques,36,exclude,"Technical FISH molecular hybridization method, not organismal hybridization or hybrid microbiome study",0.98,True,False,s2
10.1007/s00134-010-1826-4,2010.0,Impact of digestive and oropharyngeal decontamination on the intestinal microbiota in ICU patients,Intensive Care Medicine,71,exclude,"Human ICU clinical study using FISH decontamination, unrelated to hybridization or host genetics of microbiota",0.98,True,False,s2
10.54660/jsfr.2026.7.1.16-30,2026.0,Evaluating the Role of Burkholderia phytofirmans in Shaping Soil Microbial Diversity and Rhizosphere Ecology,Journal of Soil Future Research,0,exclude,"Soil rhizosphere bio-inoculant agronomy study; no hybridization, host genetics, or fish tissue microbiota relevance",0.97,True,False,s2
10.1264/jsme2.me16167,2017.0,"Esteya Vermicola, a Nematophagous Fungus Attacking the Pine Wood Nematode, Harbors a Bacterial Endosymbiont Affiliated with Gammaproteobacteria",Microbes and Environments,13,exclude,"Fungal endosymbiont study using FISH; not host-hybrid microbiome, unrelated to fish hybridization context",0.97,True,False,s2
10.1007/s00394-006-0603-1,2006.0,Lupin kernel fiber consumption modifies fecal microbiota in healthy men as determined by rRNA gene fluorescent in situ hybridization,European Journal of Nutrition,87,exclude,"Human clinical fecal microbiota/prebiotic study, FISH probe technique, unrelated to hybridization or host genetics",0.98,True,False,s2
10.1080/01635581.2020.1862253,2020.0,Association of Helicobacter bilis Infection with the Development of Colorectal Cancer,Nutrition and Cancer,10,exclude,"Human colorectal cancer study using FISH detection, unrelated to hybridization zones or host-microbiota genetics",0.98,True,False,s2
10.2172/903396,2007.0,Molecular Approaches to Understanding C & N Dynamics in MArine Sediments,,0,exclude,"Marine sediment denitrification microbiology, no host, no hybridization, unrelated to fish microbiote/hybrid zones",0.98,True,False,s2
10.1155/anu/2463494,2025.0,"Effects of Dietary Application of the Probiotic Lactobacillus paracasei N1115 on Growth, Hepatic Antioxidant and Immune Biomarkers, and Intestinal Microbiota and Histology of Hybrid Sturgeon (Acipenser baerii ♀ × A. schrenckii ♂)",Aquaculture Nutrition,1,exclude,"Aquaculture probiotic study on growth/immune biomarkers, no hybridization zone or host genetic-microbiome question",0.97,True,False,s2
10.1128/mbio.00307-22,2022.0,Active Microbial Airborne Dispersal and Biomorphs as Confounding Factors for Life Detection in the Cell-Degrading Brines of the Polyextreme Dallol Geothermal Field,mBio,10,exclude,"Extreme environment geobiology study, not host-associated microbiome or hybridization between organisms",0.98,True,False,s2
10.1186/1471-2180-6-54,2006.0,Design and evaluation of 16S rRNA sequence based oligonucleotide probes for the detection and quantification of Comamonas testosteroni in mixed microbial communities,BMC Microbiology,17,exclude,"FISH probe design for bacterial detection; molecular hybridization technique, not host-microbiome study of hybrid organisms",0.98,True,False,s2
10.1089/gtmb.2016.0080,2016.0,Polymerase Chain Reaction–Electrospray–Time-of-Flight Mass Spectrometry Versus Culture for Bacterial Detection in Septic Arthritis and Osteoarthritis,Genetic Testing and Molecular Biomarkers,19,exclude,"Clinical human joint infection study using FISH/PCR detection, unrelated to hybridization or host-microbiota genetics",0.98,True,False,s2
10.1097/mcg.0000000000000961,2017.0,Distinct Microbial Populations Exist in the Mucosa-associated Microbiota of Diarrhea Predominant Irritable Bowel Syndrome and Ulcerative Colitis,Journal of Clinical Gastroenterology,59,exclude,"Human clinical IBS/UC study using FISH technique, no hybridization between organisms or host genetics link",0.98,True,False,s2
10.3389/fmicb.2018.01423,2018.0,EPS Glycoconjugate Profiles Shift as Adaptive Response in Anaerobic Microbial Granulation at High Salinity,Frontiers in Microbiology,34,exclude,"Anaerobic sludge granulation microbiology, no host organism, no hybridization between organisms, wastewater treatment topic",0.98,True,False,s2
10.5194/bg-13-2051-2016,2016.0,Nitrification of archaeal ammonia oxidizers in a high- temperature hot spring,Biogeosciences,14,exclude,"Hot spring sediment nitrification study, no host organism or hybridization; unrelated to fish microbiote/hybrid zones",0.98,True,False,s2
10.1371/journal.pone.0135552,2015.0,Osteopontin Deficiency Accelerates Spontaneous Colitis in Mice with Disrupted Gut Microbiota and Macrophage Phagocytic Activity,PLoS ONE,34,exclude,"Mouse colitis/IBD model, no hybridization zone or host genotype-microbiome link; unrelated topic",0.98,True,False,s2
10.14202/vetworld.2017.101-111,2017.0,Molecular identification and histopathological study of natural Streptococcus agalactiae infection in hybrid tilapia (Oreochromis niloticus),Veterinary World,73,exclude,"Pathogen infection/histopathology in hybrid tilapia, not host microbiome comparison across ancestry or tissues",0.97,True,False,s2
10.1371/journal.pone.0023227,2011.0,The Influence of Staphylococcus aureus on Gut Microbial Ecology in an In Vitro Continuous Culture Human Colonic Model System,PLoS ONE,49,exclude,"Microbiote humain/clinique in vitro, sans hybridation ni génétique de l'hôte",0.98,True,False,s2
10.3147/jsfp.36.7,2001.0,Detection of Flavobacterium psychrophilum in Various Organs of Ayu Plecoglossus altivelis by in situ Hybridization,Fish Pathology,23,exclude,"In situ hybridization technique for pathogen detection, not host-hybrid microbiome study",0.97,True,False,s2
10.1111/1755-0998.13119,2019.0,Spatial structure in the “Plastisphere”: Molecular resources for imaging microscopic communities on plastic marine debris,Molecular Ecology Resources,89,exclude,"Marine plastisphere biofilm study; uses FISH molecular hybridization technique, not organismal hybridization; no host microbiote",0.97,True,False,s2
10.1016/j.cmi.2018.04.036,2019.0,Understanding the microbiome of diabetic foot osteomyelitis: insights from molecular and microscopic approaches.,Clinical Microbiology and Infection,77,exclude,"Human clinical osteomyelitis microbiome study, no hybridization or host genetics component",0.98,True,False,s2
10.1099/jmm.0.001315,2021.0,Helicobacter suis and Helicobacter pylori infection in a colony of research macaques: characterization and clinical correlates.,Journal of Medical Microbiology,6,exclude,"Clinical Helicobacter infection in macaques; no hybridization zone, no host genetics-microbiome link",0.97,True,False,s2
10.1016/j.watres.2020.116429,2020.0,Microplastic-associated biofilms in lentic Italian ecosystems.,Water Research,150,exclude,"Plastisphere/planktonic biofilm study, no host organism microbiote, uses FISH (molecular hybridization) not organismal hybridization",0.97,True,False,s2
10.1096/fasebj.2019.33.1_supplement.586.1,2019.0,Fusobacteria is Associated with a Th1 and Th17 Immune Microenvironment in Colon Cancer Patients and Germ‐Free Mice,The FASEB Journal,2,exclude,"Human CRC microbiome/immune study in germ-free mice, unrelated to hybridization or fish host genetics",0.98,True,False,s2
10.1007/pl00009991,2000.0,Bacterial community structure and colonization patterns of Fagus sylvatica L. ectomycorrhizospheres as determined by fluorescence in situ hybridization and confocal laser scanning microscopy,Mycorrhiza,81,exclude,"FISH technique study of tree ectomycorrhizosphere bacteria, not organismal hybridization or host microbiome comparison",0.95,False,False,s2
10.1264/jsme2.me12141,2012.0,Microbial Community Composition of Polyhydroxyalkanoate-Accumulating Organisms in Full-Scale Wastewater Treatment Plants Operated in Fully Aerobic Mode,Microbes and Environments,20,exclude,"Wastewater treatment plant microbial community, FISH technical hybridization, no host or animal hybridization",0.98,True,False,s2
10.1038/s41467-023-37188-3,2021.0,Spatial profiling of microbial communities by sequential FISH with error-robust encoding,bioRxiv,65,exclude,"FISH technique for spatial microbial imaging on plant roots; molecular hybridization, not organismal hybrid zone",0.98,True,True,s2
10.4172/2155-6199.1000220,2014.0,New insights into microbes in the midgut of termite Coptotermes formosanus.,Journal of Bioremediation and Biodegradation,6,exclude,"Termite gut microbiome study, no hybridization/hybrid host, FISH is technical not organismal hybridization",0.97,True,False,s2
10.1007/s13213-010-0023-6,2010.0,Presence of endophytic bacteria in Vitis vinifera leaves as detected by fluorescence in situ hybridization,Annals of Microbiology,42,exclude,"FISH molecular hybridization technique on grapevine endophytes, not host-hybrid microbiome study",0.97,True,False,s2
10.1371/journal.pone.0081230,2013.0,Hybridization-Based Detection of Helicobacter pylori at Human Body Temperature Using Advanced Locked Nucleic Acid (LNA) Probes,PLoS ONE,48,exclude,"Molecular FISH probe detection method for H. pylori, not organism hybridization or host microbiome ecology",0.98,True,False,s2
10.1158/1538-7445.am2023-5185,2023.0,Abstract 5185: Intratumoral Escherichia is associated with response to single-agent immune checkpoint inhibition in patients with advanced non-small cell lung cancer,Cancer Research,0,exclude,"Human clinical tumor microbiome study unrelated to hybridization, host genetics, or fish tissue comparisons",0.98,True,False,s2
10.1016/j.meegid.2019.01.029,2019.0,Sequestration inside the yeast vacuole may enhance Helicobacter pylori survival against stressful condition.,"Infection, Genetics and Evolution",29,exclude,"H. pylori/yeast vacuole study, unrelated to fish hybridization or host-microbiota evolutionary genetics topic",0.98,True,False,s2
10.1002/cpz1.548,2022.0,Specific Localization and Quantification of the Oligo‐Mouse‐Microbiota (OMM12) by Fluorescence In Situ Hybridization (FISH),Current Protocols,7,exclude,"FISH is molecular hybridization technique, not host hybridization; no cyprinid hybrid zone or genetic ancestry link",0.98,True,False,s2
10.2965/jwet.2004.65,2004.0,ANALYSIS OF MICROBIAL COMMUNITY STRUCTURE AND IN SITU ACTIVITY OF NITRIFYING BIOFILMS,Journal of Water and Environment Technology,6,exclude,"FISH biofilm nitrification study; no host, no hybridization between organisms, wastewater microbial ecology only",0.98,True,False,s2
10.1515/fv-2017-0024,2017.0,The Influence of Supplementation of Feed with Lactobacillus reuteri L2/6 Biocenol on Intestinal Microbiota of Conventional Mice,Folia Veterinaria,0,exclude,"FISH technique study on mouse gut probiotics, not host-hybrid microbiome or genetic ancestry question",0.97,True,False,s2
10.1099/ijsem.0.002325,2017.0,"Photobacterium toruni sp. nov., a bacterium isolated from diseased farmed fish.",International Journal of Systematic and Evolutionary Microbiology,17,exclude,"Bacterial species description from diseased farmed fish, no hybridization or host-microbiome question",0.98,True,False,s2
10.3390/ani15091338,2025.0,Effects of Short-Term Feeding with Diets Containing Insect Meal on the Gut Microbiota of African Catfish Hybrids,Animals,7,exclude,"Aquaculture feeding study on catfish gut microbiota, no hybridization/host genetics evolutionary question",0.95,True,False,s2
10.3389/fmicb.2010.00106,2010.0,Human Food Chain and Microorganisms: A Case of Co-Evolution,Front. Microbio.,11,exclude,"Food chain microbiology review, no hybridization, host genetics, or fish microbiota relevance",0.98,True,False,s2
10.1371/journal.pone.0078633,2013.0,More Than Meets the Eye: Associations of Vaginal Bacteria with Gram Stain Morphotypes Using Molecular Phylogenetic Analysis,PLoS ONE,72,exclude,"Human vaginal microbiome clinical study, unrelated to hybridization or host genetics",0.98,True,False,s2
10.14456/vol14iss11pp%p,2016.0,Microbial Community Analysis of Aquatic Gliding Bacteria (Cytophaga-Flavobacterium-Bacteroides) by Fluorescence In Situ Hybridization (FISH),,1,exclude,"FISH molecular hybridization technique for bacteria detection, not host-hybrid microbiome study",0.97,False,False,s2
10.1016/j.acthis.2011.03.008,2012.0,Simultaneous 16S and 18S rRNA fluorescence in situ hybridization (FISH) on LR White sections demonstrated in Vestimentifera (Siboglinidae) tubeworms,Acta Histochemica,12,exclude,"FISH molecular hybridization technique paper, not host-hybrid microbiome study; excluded by technical hybridization criterion",0.98,True,False,s2
10.1080/09593330.2018.1513082,2018.0,Molecular biological tools in concrete biodeterioration – a mini review,Environmental technology,6,exclude,"Concrete biodeterioration microbiology, no host, no hybridization between organisms, irrelevant to review scope",0.98,True,False,s2
10.3389/fmars.2020.587566,2020.0,"The Bacterial and Fungal Microbiota of Saccharina latissima (Laminariales, Phaeophyceae)",Frontiers in Marine Science,22,exclude,"Kelp microbiota study, no hybridization/host genetics; uses FISH not host-hybrid framework; irrelevant taxon and topic",0.97,True,False,s2
10.1016/j.fsi.2025.110529,2025.0,"Optimal Isatidis Radix extract enhances growth, immunity, modifies immune-gene action and intestinal health in hybrid snakehead (Channa maculata ♀ × Channa argus ♂) against rhabdovirus.",Fish and Shellfish Immunology,1,exclude,"Aquaculture feed-additive study on hybrid fish growth/immunity, not evolutionary host-microbiote-genetics question",0.97,True,False,s2
10.1016/j.talanta.2023.124829,2023.0,Hybridization chain reaction cascaded amplification platform for sensitive detection of pathogen.,Talanta: The International Journal of Pure and Applied Analytical Chemistry,9,exclude,"Hybridization chain reaction is molecular detection technique, not organismal hybridization or host microbiome study",0.98,True,False,s2
10.1186/s12967-025-06928-y,2025.0,Colonization by Porphyromonas gingivalis in cervical squamous cell carcinomas promotes metastasis through FimA/CD151/ITGB1 signaling,Journal of Translational Medicine,3,exclude,"Human clinical cervical cancer microbiome study; molecular FISH technique, no hybridization zone or host genetics link",0.98,True,False,s2
10.1080/19490976.2017.1334754,2017.0,"Randomized, controlled trial evaluating the effect of multi-strain probiotic on the mucosal microbiota in canine idiopathic inflammatory bowel disease",Gut microbes,124,exclude,"Canine IBD clinical probiotic trial using FISH; no hybridization zone, host genetics, or hybrid microbiota relevance",0.98,True,False,s2
10.3390/biology14111527,2025.0,"Molecular Phylogenetics of Seven Cyprinidae Distant Hybrid Lineages: Genetic Variation, 2nNCRC Convergent Evolution, and Germplasm Implications",Biology,0,exclude,"Phylogenetics of fish nuclear genome hybrids using 16S as mitochondrial marker, not host microbiome",0.96,True,False,s2
10.3390/microbiolres17020033,2026.0,Determining Selenomonas Species Subclusters in Periodontal Samples by FISH,Microbiology Research,1,exclude,"FISH molecular hybridization technique in human periodontal microbiome, not organismal hybridization or hybrid zone study",0.98,True,False,s2
10.1097/js9.0000000000002152,2024.0,Oral microbiota as a biomarker for predicting the risk of malignancy in indeterminate pulmonary nodules: a prospective multicenter study.,International Journal of Surgery,12,exclude,"Human clinical oral microbiota study for lung nodule diagnosis, no hybridization or host genetics link",0.98,True,False,s2
10.3389/fmicb.2019.02442,2019.0,Genome of a Novel Bacterium “Candidatus Jettenia ecosi” Reconstructed From the Metagenome of an Anammox Bioreactor,Frontiers in Microbiology,49,exclude,"Bioreactor anammox microbial community, no host organism or hybridization between organisms involved",0.98,True,False,s2
10.1016/j.watres.2021.116963,2021.0,Rapid formation of granules coupling n-DAMO and anammox microorganisms to remove nitrogen.,Water Research,70,exclude,"Wastewater granule microbiology, FISH technical hybridization, no host organism or hybrid zone involved",0.98,True,False,s2
10.3389/fmicb.2021.760266,2021.0,Comparative Study of Intestinal Microbiota Composition of Six Edible Fish Species,Frontiers in Microbiology,62,exclude,"Aquaculture comparative gut microbiota across species/diet, no hybridization or host genetics question",0.95,True,False,s2
10.5194/bgd-7-8779-2010,2010.0,Intriguing diversity among diazotrophic picoplankton along a Mediterranean transect: from the origin of plastids to the dominance of rhizobia,Biogeosciences Discussions,3,exclude,"Free-living marine picoplankton diazotrophs; FISH technique, no host, no hybridization between organisms",0.97,True,False,s2
10.5005/jp-journals-10005-3413,2026.0,Metagenomics as an Effective Diagnostic Approach for Exploring Oral Microbial Diversity and Dental Diseases: A Narrative Review,International Journal of Clinical Pediatric Dentistry,3,exclude,"Human oral microbiome/dental disease review, unrelated to fish hybridization or host genetics",0.98,True,False,s2
10.1038/s41598-025-34503-4,2026.0,Similarity of activated sludge and treated wastewater with special reference to nitrifiers and their seasonal variability,Scientific Reports,0,exclude,"Activated sludge/wastewater microbiome study, no host organism, no hybridization between organisms",0.98,True,False,s2
10.1186/1471-2156-15-32,2014.0,"Pacific and Atlantic Lepeophtheirus salmonis (Krøyer, 1838) are allopatric subspecies: Lepeophtheirus salmonis salmonis and L. salmonis oncorhynchi subspecies novo",BMC Genetics,81,exclude,"COI/16S used for host phylogenetics/taxonomy, not host-associated microbiome study of hybrids",0.95,True,False,s2
10.1684/ejd.2020.3948,2021.0,Identification of anti-microbial peptides and traces of microbial DNA in infrainfundibular compartments of human scalp terminal hair follicles,EJD. European journal of dermatology,16,exclude,"Human scalp hair follicle microbiome study, clinical/dermatological, unrelated to hybridization or host genetics",0.97,True,False,s2
10.1016/j.aninu.2015.08.006,2015.0,"Effects of dietary yeast nucleotides on growth, non-specific immunity, intestine growth and intestinal microbiota of juvenile hybrid tilapia Oreochromis niloticus ♀ × Oreochromis aureus ♂",Animal Nutrition,88,exclude,"Aquaculture diet study on growth/immunity/microbiota, no natural hybrid zone or host genetics question",0.97,True,False,s2
10.1111/j.1462-2920.2010.02306.x,2011.0,Non-target sites with single nucleotide insertions or deletions are frequently found in 16S rRNA sequences and can lead to false positives in fluorescence in situ hybridization (FISH).,Environmental Microbiology,32,exclude,"FISH probe technical hybridization methodology, not organismal hybridization or host microbiome study",0.98,True,False,s2
10.1099/mic.0.26112-0,2003.0,Limitations of the widely used GAM42a and BET42a probes targeting bacteria in the Gammaproteobacteria radiation.,Microbiology,36,exclude,"FISH probe methodology paper, molecular hybridization technique not organism hybridization or host microbiome",0.98,True,False,s2
10.7287/peerj.preprints.905v1,2015.0,"Molecular investigation of the microbial community associated with the fire sponge, Tedania ignis, in Bermuda",,1,exclude,"Sponge microbiome study using FISH technique, unrelated to animal hybridization zones or host genetics",0.97,True,False,s2
10.3389/fmicb.2015.00106,2015.0,Aeromonas: a book review,Frontiers in Microbiology,2,exclude,"Book review on Aeromonas taxonomy/pathogenicity, not host microbiota, hybridization, or genetic control study",0.98,True,False,s2
10.1016/j.aqrep.2022.101130,2022.0,"Effect of dietary oxidized fish oil on growth performance, physiological homeostasis and intestinal microbiome in hybrid grouper (♀ Epi-nephelus fuscoguttatus × ♂ Epinephelus lanceolatus)",Aquaculture Reports,37,exclude,"Aquaculture applied study on hybrid grouper diet/growth, not evolutionary host-microbiote hybridization question",0.9,False,False,s2
10.3389/fmicb.2011.00156,2011.0,"The Deep Biosphere in Terrestrial Sediments in the Chesapeake Bay Area, Virginia, USA",Front. Microbio.,43,exclude,"Deep sediment geomicrobiology, no host organism, no hybridization or microbiote-hôte link",0.98,True,False,s2
10.1042/ebc20250042,2026.0,Social lives of bacteria as revealed through CLASI-FISH.,Essays in Biochemistry,0,exclude,"CLASI-FISH imaging technique paper on oral/gut/kelp microbiomes, no hybridization zone, no host genetics link",0.96,True,False,s2
10.1073/pnas.2203519119,2022.0,SRS-FISH: A high-throughput platform linking microbiome metabolism to identity at the single-cell level,Proceedings of the National Academy of Sciences of the United States of America,52,exclude,"FISH technique paper on human gut microbiome metabolism, not hybridization zones or host-microbiome genetics",0.97,True,False,s2
10.1371/journal.pone.0032696,2012.0,A Novel Betaproteobacterial Agent of Gill Epitheliocystis in Seawater Farmed Atlantic Salmon (Salmo salar),PLoS ONE,79,exclude,"Salmon gill disease agent study, no hybridization zone, no host genetics-microbiome link",0.95,True,False,s2
10.1021/es400901u,2013.0,"Effects of surface charge and hydrophobicity on anodic biofilm formation, community composition, and current generation in bioelectrochemical systems.",Environmental Science and Technology,333,exclude,"Bioelectrochemical anode biofilm study, unrelated to host-associated microbiota or hybridization",0.98,True,False,s2
10.3389/fimmu.2025.1557256,2025.0,"Effect of dietary Clostridium butyricum supplementation on growth performance, immune function, and intestinal health of hybrid grouper (Epinephelus fuscoguttatus ♀ × Epinephelus lanceolatus ♂)",Frontiers in Immunology,9,unclear,,,True,False,s2
10.1093/database/bau036,2014.0,PhylOPDb: a 16S rRNA oligonucleotide probe database for prokaryotic identification,Database J. Biol. Databases Curation,22,exclude,"Database tool for probe design/FISH, not a host-microbiome hybridization study",0.97,True,False,s2
10.1007/s10482-015-0630-0,2015.0,"Tenacibaculum finnmarkense sp. nov., a fish pathogenic bacterium of the family Flavobacteriaceae isolated from Atlantic salmon",Antonie van Leeuwenhoek,1,exclude,"Taxonomic description of a fish pathogen species, not hybridization or host microbiota comparison study",0.97,True,False,s2
10.1186/s40104-020-00441-6,2020.0,A secondary bile acid from microbiota metabolism attenuates ileitis and bile acid reduction in subclinical necrotic enteritis in chickens,Journal of Animal Science and Biotechnology,37,exclude,"Poultry aquaculture/disease study on bile acids and NE, no hybridization or host-microbiota evolutionary question",0.98,True,False,s2
10.1016/j.syapm.2022.126320,2022.0,Dissimilatory microbial sulfur and methane metabolism in the water column of a shallow meromictic lake.,Systematic and Applied Microbiology,16,exclude,"Free-living lake water column microbial community, no host organism, no hybridization context",0.98,True,False,s2
10.3390/vetsci12030216,2025.0,Effects of High-Dose Prednisone on the Gastrointestinal Microbiota of Healthy Dogs,Veterinary Sciences,1,exclude,"Étude clinique canine sur glucocorticoïdes, sans hybridation, génétique hôte ni zone d'hybridation naturelle",0.98,True,False,s2
10.1108/13663666200500047,2018.0,Companion Animals,Animal Ethics,61,exclude,"Companion animal GI microbiota review, no hybridization, no hybrid zone, no host-ancestry-microbiome link",0.98,True,False,s2
10.1016/j.xinn.2024.100759,2025.0,Phylogeny-metabolism dual-directed single-cell genomics for dissecting and mining ecosystem function by FISH-scRACS-seq,Innovation (Cambridge (Mass.)),12,exclude,"Technique de FISH/single-cell genomics sur métabolisme microbien marin, sans hybridation d'organismes ni hôte",0.98,True,False,s2
,2020.0,Application of Fluorescence in situ Hybridization for Visualization Application of Fluorescence in situ Hybridization for Visualization and Quantification of Human Gastrointestinal Microbiota and Quantification of Human Gastrointestinal Microbiota,,0,exclude,"FISH technique on human gut microbiota, molecular hybridization not host-hybrid zone study",0.95,False,False,s2
10.14202/vetworld.2023.1974-1984,2023.0,"Isolation, genetic characterization, and virulence profiling of different Aeromonas species recovered from moribund hybrid catfish (Clarias spp.)",Veterinary World,7,exclude,"Aquaculture pathogen isolation from diseased catfish, not hybridization zone or host-microbiome evolutionary question",0.97,True,False,s2
10.1099/ijsem.0.005156,2021.0,"Leucobacter soli sp. nov., from soil amended with humic acid.",International Journal of Systematic and Evolutionary Microbiology,4,exclude,"Bacterial taxonomy from soil, no host, no hybridization or microbiome comparison relevance",0.98,True,False,s2
10.1016/j.bios.2024.116950,2024.0,Fast and accurate multi-bacterial identification using cleavable and FRET-based peptide nucleic acid probes.,Biosensors & bioelectronics,5,exclude,"FISH probe technique for clinical bacterial identification, not hybridization between organisms or hybrid microbiome study",0.98,True,False,s2
10.3390/pathogens11121450,2022.0,Application of Fluorescence In Situ Hybridization (FISH) in Oral Microbial Detection,Pathogens,25,exclude,"FISH molecular hybridization technique for oral microbiome detection, not organismal hybridization or host genetics",0.98,True,False,s2
10.7717/peerj.1913,2016.0,Characterization of microbial associations with methanotrophic archaea and sulfate-reducing bacteria through statistical comparison of nested Magneto-FISH enrichments,PeerJ,37,exclude,"Sediment methane seep microbial community study, no host organism, molecular FISH hybridization not organismal hybridization",0.98,True,False,s2
10.3389/fmicb.2020.00235,2020.0,Microbial Community Drivers in Anaerobic Granulation at High Salinity,Frontiers in Microbiology,37,exclude,"Anaerobic sludge granulation microbiology, no host organism or hybridization; unrelated to fish holobiont/hybrid zone topic",0.98,True,False,s2
10.1371/journal.pone.0026458,2011.0,"Who Is in There? Exploration of Endophytic Bacteria within the Siphonous Green Seaweed Bryopsis (Bryopsidales, Chlorophyta)",PLoS ONE,95,exclude,"Endophytic bacteria in seaweed, no hybridization, no host genetics/ancestry index, unrelated topic",0.95,True,False,s2
,,Quantiﬁcation of microbial communities in subsurface marine sediments of the Black Sea and off Namibia,,0,exclude,"Sediment microbial community study, no host organism, uses FISH technically, unrelated to hybridization",0.98,True,False,s2
10.1038/s41396-021-01098-3,2021.0,Spatial separation of ribosomes and DNA in Asgard archaeal cells,The ISME Journal,28,exclude,"FISH microscopy of Asgard archaea in sediment; not host microbiota, not hybridization between organisms",0.97,True,False,s2
10.64898/2026.07.10.737703,2026.0,Single-cell analysis of pre-rRNA in Escherichia coli indicates distinct pathways of action for YbeX and YbeY proteins in ribosome biogenesis,bioRxiv,0,exclude,"E. coli rRNA processing study; molecular hybridization technique (FISH), unrelated to host-microbiome hybrid zone research",0.98,True,True,s2
10.1016/s0167-7012(97)00061-4,1997.0,Rapid detection of Enterobacteriaceae in urine by fluorescent 16S rRNA in situ hybridization on membrane filters,Journal of Microbiological Methods,27,exclude,"FISH technical hybridization for clinical urine diagnostics, not organismal hybridization or host microbiota",0.97,False,False,s2
10.1038/ismej.2012.42,2012.0,Convergent development of anodic bacterial communities in microbial fuel cells,The ISME Journal,195,exclude,"Microbial fuel cell anode communities, unrelated to host microbiota, hybridization zones, or fish tissue compartments",0.98,True,False,s2
10.3390/microorganisms14010144,2026.0,Plesiomonas shigelloides as an Emerging Pathogen in Catfish Aquaculture: A Case from a South Texas Commercial Farm,Microorganisms,0,exclude,"Aquaculture disease outbreak/pathogen study, no hybridization zone or host-microbiome evolutionary question addressed",0.97,True,False,s2
10.3390/toxins14100698,2022.0,Corynebacterium sp. 2-TD Mediated Toxicity of 2-Tridecanone to Helicoverpa armigera,Toxins,13,exclude,"Insect gut symbiont degrading plant allelochemical; no hybridization, no host genetics-microbiome association",0.97,True,False,s2
10.21037/atm-22-1670,2022.0,Clostridium butyricum inhibits the progression of colorectal cancer and alleviates intestinal inflammation via the myeloid differentiation factor 88 (MyD88)-nuclear factor-kappa B (NF-κB) signaling pathway,Annals of Translational Medicine,33,unclear,,,True,False,s2
10.1016/j.aquatox.2026.107958,2026.0,Global ecotoxicity of nanopesticides: A double-edged sword for sustainable agriculture.,Aquatic Toxicology,0,exclude,"Nanopesticide ecotoxicity review, unrelated to hybridization, host genetics, or microbiota assembly",0.98,True,False,s2
10.1017/s002966512000436x,2020.0,Impact of proanthocyanidin-rich apple intake on gut microbiota composition and polyphenol metabolomic activity in healthy mildly hypercholesterolemic subjects,Proceedings of the Nutrition Society,3,exclude,"Human clinical nutrition study on gut microbiota, unrelated to hybridization or host genetics/hybrid zones",0.98,True,False,s2
10.1038/ismej.2015.250,2016.0,Long-distance electron transfer by cable bacteria in aquifer sediments,The ISME Journal,114,exclude,"Sediment cable bacteria study, no host, no hybridization between organisms, unrelated to fish microbiote",0.98,True,False,s2
10.1007/s12275-022-2250-5,2022.0,"Description of Deefgea piscis sp. nov., and Deefgea tanakiae sp. nov., isolated from the gut of Korean indigenous fish",Journal of Microbiology,9,exclude,"Taxonomic description of novel bacterial species from fish gut, no hybridization or host-microbiome question",0.96,True,False,s2
10.1111/j.1574-6941.2009.00653.x,2009.0,Molecular Characterization and In Situ Quantification of Anoxic Arsenite Oxidizing Denitrifying Enrichment Cultures,FEMS Microbiology Ecology,54,exclude,"Environmental arsenite-oxidizing bacterial cultures, no host organism or hybridization relevance",0.98,True,False,s2
10.1080/08910600310002082,2002.0,Molecular Characterization and Spatial Analysis of a Simplified Gut Microbiota Displaying Colonization Resistance against Clostridium difficile,Microbial Ecology in Health and Disease,10,exclude,"Mouse gut FISH colonization resistance study, no hybridization zone or host genetics link, uses molecular FISH technique",0.97,True,False,s2
10.1080/19490976.2025.2600053,2025.0,A defined bacterial consortium and spatial transcriptomics highlight the complex interaction between Campylobacter jejuni and the murine intestine,bioRxiv,3,exclude,"Murine Campylobacter infection study, no hybridization or host genetic ancestry linked to microbiota",0.97,True,True,s2
10.1155/anu/4176337,2026.0,"Soy Protein Concentrate Dietary Substitution and Bacillus coagulans Supplementation Influence the Growth Performance, Digestive Enzyme Activity, Antioxidant Capacity, Gene Expression, and Gut Microbiota of Hybrid Grouper (Epinephelus fuscoguttatus♀ × Epinephelus lanceolatus♂)",Aquaculture Nutrition,1,exclude,"Aquaculture feed/growth study on hybrid grouper, no evolutionary hybrid zone or host-genetic microbiota question",0.97,True,False,s2
10.1099/ijsem.0.005194,2022.0,"Hymenobacter piscis sp. nov., isolated from a fish pond.",International Journal of Systematic and Evolutionary Microbiology,2,exclude,"Taxonomic description of new bacterial species from pond water, no host or hybridization link",0.97,True,False,s2
10.1038/s41598-021-03973-7,2022.0,Multiple bacterial partners in symbiosis with the nudibranch mollusk Rostanga alisae,Scientific Reports,23,exclude,"Symbiosis study of single nudibranch species, no hybridization, no host genetic ancestry index",0.96,True,False,s2
10.1101/2024.03.01.582937,2024.0,Cellulose fermentation by the gut microbiota is likely not essential for the nutrition of millipedes,bioRxiv,0,exclude,"Gut microbiota of millipedes and cellulose digestion, no hybridization, host genetics, or hybrid comparison",0.97,True,True,s2
10.1046/j.1462-2920.2002.00364.x,2002.0,Fluorescence in situ hybridization of 16S rRNA gene clones (Clone-FISH) for probe validation and screening of clone libraries.,Environmental Microbiology,128,exclude,"Technical FISH molecular hybridization method paper, not organismal hybridization or host microbiome study",0.98,True,False,s2
10.1038/s41598-017-13466-1,2017.0,Anti-Infective Effect of Adhesive Probiotic Lactobacillus in Fish is Correlated With Their Spatial Distribution in the Intestinal Tissue,Scientific Reports,81,exclude,"Aquaculture probiotic study on zebrafish gut, 'hybrid' refers to distribution type, not host hybridization",0.97,True,False,s2
10.3390/jof7050354,2021.0,Microbiota Associated with Different Developmental Stages of the Dry Rot Fungus Serpula lacrymans,Journal of Fungi,11,exclude,"Fungal microbiota study, no hybridization zone, host genetics, or fish tissue comparison relevant to review",0.97,True,False,s2
10.1128/aem.68.9.4225-4232.2002,2002.0,Quantification of Uncultured Ruminococcus obeum-Like Bacteria in Human Fecal Samples by Fluorescent In Situ Hybridization and Flow Cytometry Using 16S rRNA-Targeted Probes,Applied and Environmental Microbiology,144,exclude,"FISH molecular hybridization technique on human fecal bacteria, not organismal hybridization or host genetics",0.98,True,False,s2
10.3389/fmicb.2014.00376,2014.0,Effect of sulfate on low-temperature anaerobic digestion,Frontiers in Microbiology,210,exclude,"Bioreactor microbial community study on anaerobic digestion, unrelated to host hybridization or fish microbiota",0.98,True,False,s2
10.5772/16443,2011.0,Detection of Ammonia-oxidizing Bacteria (AOB) in the Biofilm and Suspended Growth Biomass of Fully- and Partially-packed Biological Aerated Filters,,2,exclude,"Wastewater biofilm FISH study, no host organism, molecular hybridization technique not organismal hybridization",0.98,True,False,s2
10.1007/s00253-017-8416-0,2017.0,Enrichment of anaerobic nitrate-dependent methanotrophic ‘Candidatus Methanoperedens nitroreducens’ archaea from an Italian paddy field soil,Applied Microbiology and Biotechnology,130,exclude,"Paddy soil methanotroph enrichment; no host, no hybridization, unrelated to fish microbiota or holobiont genetics",0.99,True,False,s2
10.1111/j.1749-7345.2009.00272.x,2009.0,"The Effects of Dietary Yeast Culture or Short‐chain Fructo‐oligosaccharides on the Intestinal Autochthonous Bacterial Communities in Juvenile Hybrid Tilapia, Oreochromis niloticus♀×Oreochromis aureus♂",Journal of The World Aquaculture Society,62,exclude,"Aquaculture prebiotic feeding study on hybrid tilapia gut bacteria, no evolutionary hybridization/host-genetics question",0.95,True,False,s2
10.1007/s11274-011-0871-7,2012.0,Do dietary betaine and the antibiotic florfenicol influence the intestinal autochthonous bacterial community in hybrid tilapia (Oreochromis niloticus ♀ × O. aureus ♂)?,World Journal of Microbiology & Biotechnology,36,exclude,"Aquaculture feed additive study on hybrid tilapia gut bacteria, not hybridization zone or host genetics",0.95,True,False,s2
10.1007/s00248-009-9597-6,2009.0,"In Vitro and In Vivo Evaluation of the Prebiotics GroBiotic®-A, Inulin, Mannanoligosaccharide, and Galactooligosaccharide on the Digestive Microbiota and Performance of Hybrid Striped Bass (Morone chrysops × Morone saxatilis)",Microbial Ecology,85,exclude,"Aquaculture prebiotic feeding trial on hybrid striped bass, no evolutionary or hybridization-genetics question",0.95,True,False,s2
10.3103/s0096392515040057,2015.0,Detection of anaerobic sulfate-reducing bacteria in oxygen-containing upper water layers of the Black and Baltic Seas,Moscow University Biological Sciences Bulletin,3,exclude,"FISH molecular hybridization technique in free water bacterioplankton, not host-associated organismal hybridization",0.98,True,False,s2
10.20411/pai.v4i1.270,2019.0,The Microbiome of Temporal Arteries,Pathogens and Immunity,24,exclude,"Human clinical microbiome study of arteritis, unrelated to hybridization or host genetics",0.98,True,False,s2
10.1007/s00203-010-0627-z,2010.0,Effects of the antibiotic growth promoters flavomycin and florfenicol on the autochthonous intestinal microbiota of hybrid tilapia (Oreochromis niloticus ♀ × O. aureus ♂),Archives of Microbiology,54,exclude,"Aquaculture antibiotic growth promoter study on hybrid tilapia gut microbiota, no evolutionary/host-genetic question",0.95,True,False,s2
10.3389/fvets.2021.623666,2021.0,Bovine Abortions Revisited—Enhancing Abortion Diagnostics by 16S rDNA Amplicon Sequencing and Fluorescence in situ Hybridization,Frontiers in Veterinary Science,11,exclude,"Veterinary FISH/16S diagnostics for bovine abortion, unrelated to hybridization or host-microbiome evolution",0.98,True,False,s2
10.1186/s12967-026-08222-x,2026.0,Lactobacillus-derived indole-3-lactic acid suppresses meningioma malignant phenotypes by direct anti-proliferative effects and macrophage reprogramming,Journal of Translational Medicine,1,exclude,"Human tumor microbiome study, no hybridization, no host genetics, clinical cancer focus",0.98,True,False,s2
10.4014/jmb.1805.04057,2018.0,"Design, Optimization and Verification of 16S rRNA Oligonucleotide Probes of Fluorescence in-situ Hybridization for Targeting Clostridium spp. and Clostridium kluyveri.",Journal of Microbiology and Biotechnology,8,exclude,"FISH molecular hybridization technique for Clostridium detection, not organismal hybridization or host microbiote",0.98,True,False,s2
10.1155/2022/2964779,2022.0,"An Evaluation of Replacing Fish Meal with Fermented Soybean Meal in Diet of Hybrid Snakehead (Channa argus × Channa maculata): Growth, Nutrient Utilization, Serum Biochemical Indices, Intestinal Histology, and Microbial Community",Aquaculture Nutrition,29,exclude,"Aquaculture feed study on hybrid fish growth/nutrition, not evolutionary hybridization-microbiome question",0.96,True,False,s2
10.3390/ijms22020500,2021.0,Effects of Rifaximin on Luminal and Wall-Adhered Gut Commensal Microbiota in Mice,International Journal of Molecular Sciences,6,exclude,"Mouse antibiotic study, uses FISH for gut microbiota, no hybridization/host genetics relevance",0.98,True,False,s2
10.1080/01490450903456806,2010.0,Imaging Marine Bacteria with Unique 16S rRNA V6 Sequences by Fluorescence in situ Hybridization and Spectral Analysis,Geomicrobiology Journal,4,exclude,"FISH technique paper on marine bacteria, not host-hybrid microbiote; molecular hybridization not organism hybridization",0.95,False,False,s2
10.31053/1853.0605.v66.n4.23457,2009.0,Uso de la técnica de hibridación fluorescente in situ para la identificación rápida de staphylococcus aureus en hemocultivos,Revista de la Facultad de Ciencias Médicas de Córdoba,1,exclude,"FISH molecular hybridization technique for clinical S. aureus detection, not host-hybrid microbiome study",0.98,True,False,s2
10.13057/biodiv/d240445,2023.0,Morpho-physiological-based selection criteria for chili (Capsicum annuum) under drought stress during vegetative to generative phase,Biodiversitas Journal of Biological Diversity,5,exclude,"Aquaculture pathogen/antibiotic resistance study in hybrid grouper, not host-microbiome or hybridization-zone genetics topic",0.97,True,False,s2
10.1016/j.fsi.2024.110078,2024.0,"Effects of chronic cold stress and thermal stress on growth performance, hepatic apoptosis, oxidative stress, immune response and gut microbiota of juvenile hybrid sturgeon (Acipenser baerii ♀ × A. schrenkii ♂).",Fish and Shellfish Immunology,39,exclude,"Aquaculture thermal stress study on hybrid sturgeon; no natural hybrid zone, no host-genetic microbiota assembly question",0.95,True,False,s2
10.5194/biofilms9-116,2020.0,Seeing is believing: Can biofilm diagnostics guide individualized therapy in endocarditis?,,0,exclude,"Clinical FISH/16S diagnostics for endocarditis biofilms, unrelated to hybridization or host-microbiome evolution",0.98,True,False,s2
10.5539/jas.v7n11p254,2015.0,Investigation of Bacteria and Fish Pathogenic Bacteria Found in Freshwater Aquaponic System,The Journal of Agricultural Science,10,exclude,"Aquaponic water bacteria/aquaculture pathogen study, no host hybridization or genetic microbiote question",0.97,True,False,s2
10.1186/s40168-020-00948-0,2021.0,Corroborating evidence refutes batch effect as explanation for fetal bacteria,Microbiome,17,exclude,"Human fetal microbiome batch effect controversy, unrelated to hybridization, host genetics, or fish tissue microbiota",0.98,True,False,s2
10.1128/aem.03044-19,2020.0,Bacteria from the Genus Arcobacter Are Abundant in Effluent from Wastewater Treatment Plants,Applied and Environmental Microbiology,59,exclude,"Wastewater bacterioplankton study, no host, no hybridization; unrelated to fish microbiote hybrid zones",0.98,True,False,s2
10.1111/jfd.70213,2026.0,Outbreaks of Granulomatous Disease Associated With Vibrio harveyi Infection in Grouper (Epinephelus fuscoguttatus × E. lanceolatus) Aquaculture in Taiwan.,Journal of Fish Diseases,0,exclude,"Aquaculture disease outbreak study, in situ hybridization technique, not host-microbiome hybridization research",0.97,True,False,s2
10.2166/wpt.2022.021,2022.0,Enrichment and characterization of Anammox bacteria in a non-woven membrane reactor,Water practice and technology,6,exclude,"Anammox wastewater reactor, FISH molecular hybridization, no host microbiote or hybrid organisms",0.98,True,False,s2
10.1038/ismej.2012.108,2012.0,Diversity and population structure of Marine Group A bacteria in the Northeast subarctic Pacific Ocean,The ISME Journal,74,exclude,"Free-living marine bacterioplankton study, no host organism or hybridization involved",0.98,True,False,s2
10.1128/aem.67.10.4850-4857.2001,2001.0,"Detection and Enumeration of Methanotrophs in Acidic Sphagnum Peat by 16S rRNA Fluorescence In Situ Hybridization, Including the Use of Newly Developed Oligonucleotide Probes for Methylocella palustris",Applied and Environmental Microbiology,156,exclude,"FISH probe technique for peat methanotrophs; molecular hybridization method, no host-associated hybrid microbiome relevance",0.98,True,False,s2
10.1385/1-59259-238-4:029,2002.0,Design and evaluation of 16S rRNA-targeted oligonucleotide probes for fluorescence in situ hybridization.,Methods in molecular biology,201,exclude,"FISH probe design, technical molecular hybridization method, not host-microbiome or hybrid zone research",0.95,False,False,s2
10.3791/2967,2011.0,Oral Biofilm Analysis of Palatal Expanders by Fluorescence In-Situ Hybridization and Confocal Laser Scanning Microscopy,Journal of Visualized Experiments,22,exclude,"FISH is molecular hybridization technique for oral biofilm imaging, not host-hybrid organism microbiote study",0.98,True,False,s2
10.1099/ijsem.0.002978,2018.0,"Mycobacterium syngnathidarum sp. nov., a rapidly growing mycobacterium identified in syngnathid fish.",International Journal of Systematic and Evolutionary Microbiology,13,exclude,Species description of a bacterium from diseased fish; no host microbiome/hybridization comparison,0.97,True,False,s2
10.18174/33094,2006.0,Analyzing global gene expression of Lactobacillus plantarum in the human gastrointestinal tract,,29,exclude,"Human GI microbiota gene expression study, no hybridization zone or host genetics/hybrid comparison",0.97,True,False,s2
10.1007/s12223-017-0508-9,2017.0,Enrichment culture and identification of endophytic methanotrophs isolated from peatland plants,Folia Microbiologica (Prague),12,exclude,Endophytic methanotrophs from peatland plants using FISH; not hybridization zone or host-microbiome hybrid comparison study,0.97,True,False,s2
10.11532/proes1992.34.51,1997.0,Analysis of Microbial Ecological Structure of Anaerobic Granular Sludge Consortia by In-situ Hybridization of 16S rRNA targeted oligonucleotides,Environmental Engineering Research,1,exclude,"In-situ hybridization (FISH) of anaerobic sludge microbes, not host-microbiome or organismal hybridization",0.97,False,False,s2
10.1186/s12967-023-03938-6,2023.0,Overview of microbial profiles in human hepatocellular carcinoma and adjacent nontumor tissues,Journal of Translational Medicine,65,exclude,"Human HCC tumor microbiome study, unrelated to hybridization, host genetics, or fish tissues",0.98,True,False,s2
10.1099/ijsem.0.001705,2017.0,Isolation of Vibrio tapetis from two native fish species (Genypterus chilensis and Paralichthys adspersus) reared in Chile and description of Vibrio tapetis subsp. quintayensis subsp. nov.,International Journal of Systematic and Evolutionary Microbiology,10,exclude,"Bacterial taxonomy/pathogen isolation from diseased fish, not host microbiome or hybridization study",0.97,True,False,s2
10.13057/biodiv/d240465,2023.0,Antibiotic resistance of emerging pathogenic bacteria of hybrid grouper farming in Indonesia,Biodiversitas Journal of Biological Diversity,0,exclude,"Aquaculture pathogen/antibiotic resistance study in farmed hybrid grouper, no evolutionary host-microbiome hybridization question",0.97,True,False,s2
10.1099/ijsem.0.006894,2025.0,"Nitrincola salilacus sp. nov., isolated from Niya Fish Salt Lake Sediment in Xinjiang, Northwest China",International Journal of Systematic and Evolutionary Microbiology,0,exclude,"Sediment isolate taxonomy, no host, no hybridization between organisms or microbiome comparison",0.98,True,False,s2
10.3389/fimmu.2024.1488159,2024.0,Natural infection of hybrid sturgeon (Acipenser baerii♀×Acipenser schrenckii♂) with Nocardia seriolae and white sturgeon iridovirus: pathological and transcriptomic analyses,Frontiers in Immunology,3,exclude,"Disease pathogen infection in farmed hybrid sturgeon, not microbiome community/hybridization zone study",0.97,True,False,s2
10.3343/alm.2015.35.5.500,2015.0,Evaluation of Dual-Color Fluorescence In Situ Hybridization With Peptide Nucleic Acid Probes for the Detection of Mycobacterium tuberculosis and Non-Tuberculous Mycobacteria in Clinical Specimens,Annals of Laboratory Medicine,13,exclude,"FISH molecular hybridization technique for TB diagnosis, not organism hybridization or host microbiome study",0.98,True,False,s2
10.1093/cid/ciaa089,2020.0,First report of Candidatus Mycoplasma haemohominis infection in Australia causing persistent fever in an animal carer.,Clinical Infectious Diseases,24,exclude,"Human clinical case report with FISH diagnostic technique, unrelated to hybridization or host-microbiome evolution",0.98,True,False,s2
10.1101/2023.04.01.535225,2023.0,Revisiting the role of Acinetobacter spp. in EBPR systems,bioRxiv,0,exclude,"Wastewater treatment microbial ecology, uses FISH/hybridization technically, no host or animal hybridization involved",0.98,True,True,s2
10.1007/978-1-4020-2177-0_312,2004.0,Section 3 update: Use of Cloned Artificial Targets for FISH (catFISH) for the optimization of oligonucleotide probe hybridization conditions with 16S rRNA clones for in situ quantification of uncultivated prokaryotic cells,Molecular Microbial Ecology Manual,1,exclude,"FISH probe hybridization technique paper, molecular hybridization not host-microbiome or hybrid organism study",0.97,False,False,s2
10.1016/j.syapm.2021.126293,2021.0,"The fish pathogen Flavobacterium columnare represents four distinct species: Flavobacterium columnare, Flavobacterium covae sp. nov., Flavobacterium davisii sp. nov. and Flavobacterium oreochromis sp. nov., and emended description of Flavobacterium columnare.",Systematic and Applied Microbiology,100,exclude,"Taxonomic revision of a fish pathogen species, no host microbiota, hybridization, or hybrid zone study",0.97,True,False,s2
10.1016/j.scitotenv.2021.150682,2021.0,"When FLOW-FISH met FACS: Combining multiparametric, dynamic approaches for microbial single-cell research in the total environment.",Science of the Total Environment,25,exclude,"Technical FISH/flow cytometry methods review, not host-hybrid microbiome study; molecular hybridization sense excluded",0.97,True,False,s2
10.1007/s13213-013-0791-x,2014.0,Microbial community structure and disposal issues of table olive wastewaters generated from the fermentation of the olive cultivar ‘Kalamon’,Annals of Microbiology,3,exclude,"Wastewater microbial community study, no host organism, uses FISH technical hybridization not organismal hybridization",0.97,True,False,s2
10.1177/0022034520918536,2020.0,A New Era for the Oral Microbiome,Journal of dentistry research,8,exclude,"Human oral microbiome/dental disease review; no hybridization between organisms, no host genetics-microbiome link",0.98,True,False,s2
10.1038/s41698-025-00873-1,2025.0,Microbiome and biofilm insights from normal vs tumor tissues in Thai colorectal cancer patients,npj Precision Oncology,6,exclude,"Human colorectal cancer microbiome study, clinical, no hybridization or host genetics link",0.98,True,False,s2
10.3389/fmicb.2014.00151,2014.0,Metagenomic analysis of the medicinal leech gut microbiota,Frontiers in Microbiology,36,exclude,"Leech gut metagenome study, no hybridization zone or host genetics-microbiome link, unrelated topic",0.97,True,False,s2
10.3389/fmars.2021.707627,2021.0,"Supplementing Chitosan Oligosaccharide Positively Affects Hybrid Grouper (Epinephelus fuscoguttatus ♀ × E. lanceolatus ♂) Fed Dietary Fish Meal Replacement With Cottonseed Protein Concentrate: Effects on Growth, Gut Microbiota, Antioxidant Function and Immune Response",Frontiers in Marine Science,16,exclude,"Aquaculture study on hybrid grouper diet/growth/immune response, no evolutionary or hybridization-zone microbiota question",0.97,True,False,s2
10.1186/s12967-025-07500-4,2025.0,Multi-omics analysis reveals the association between intratumoral bacteria and somatic mutational signatures in oral squamous cell carcinoma,Journal of Translational Medicine,8,exclude,"Human oral cancer microbiome study, unrelated to fish hybridization, host genetics, or holobiont speciation framework",0.98,True,False,s2
10.1111/jfd.13366,2021.0,First description and diagnostics of disease caused by Piscirickettsia salmonis in farmed European sea bass (Dicentrarchus labrax Linnaeus) from Croatia.,Journal of Fish Diseases,7,exclude,"Fish disease diagnostics, FISH probe technique, no hybrid host or hybridization zone microbiome",0.98,True,False,s2
10.1128/aem.02080-06,2007.0,Ecology of the Microbial Community Removing Phosphate from Wastewater under Continuously Aerobic Conditions in a Sequencing Batch Reactor,Applied and Environmental Microbiology,121,exclude,"Wastewater treatment sludge microbiology, no host organism or hybridization relevance",0.98,True,False,s2
10.1101/2021.03.25.21254332,2021.0,Far from the gut but still relevant? Circulating bacterial signature is linked to metabolic disease and shifts with metabolic alleviation after bariatric surgery,medRxiv,1,exclude,"Human clinical blood microbiome study, no hybridization or host genetics link",0.98,True,True,s2
10.1128/mbio.01085-22,2022.0,Bacterial Signatures of Cerebral Thrombi in Large Vessel Occlusion Stroke,mBio,15,exclude,"Human clinical stroke thrombus microbiome study, unrelated to hybridization or host genetics/fish tissues",0.98,True,False,s2
10.3389/fmicb.2018.00031,2018.0,Prebiotic Wheat Bran Fractions Induce Specific Microbiota Changes,Frontiers in Microbiology,53,exclude,"Human gut fermentation/prebiotic study, no hybridization or host genetics context, clinical/applied focus",0.98,True,False,s2
10.1101/2023.11.27.568714,2023.0,Phylogeny-metabolism dual-directed single-cell genomics for dissecting and mining ecosystem function,bioRxiv,0,exclude,FISH here is molecular hybridization technique; no host-associated hybrid microbiome study,0.98,True,True,s2
10.1002/ece3.6138,2020.0,Decoding diversity in a coral reef fish species complex with restricted range using metagenomic sequencing of gut contents,Ecology and Evolution,5,exclude,"Species complex niche differentiation study, not a natural hybrid zone with host microbiote-genetics/hybridization framework as required",0.9,True,False,s2
10.1016/j.cbd.2020.100777,2020.0,Physiological parameters and gut microbiome associated with different dietary lipid levels in hybrid yellow catfish (Tachysurus fulvidraco♀× Pseudobagrus vachellii♂).,Comparative Biochemistry and Physiology - Part D:Genomics and Proteomics,27,exclude,"Aquaculture feeding study on hybrid catfish gut microbiome, no host genetics/hybridization-zone or ancestry-microbiome link",0.95,True,False,s2
10.3390/microorganisms12020266,2024.0,Relationship between Nitrogen Dynamics and Key Microbial Nitrogen-Cycling Genes in an Intensive Freshwater Aquaculture Pond,Microorganisms,17,exclude,"Aquaculture pond nitrogen-cycling water/sediment microbiology, no host microbiota or hybridization-zone evolutionary question",0.97,True,False,s2
10.4028/www.scientific.net/amr.20-21.577,2007.0,Microbial Communities in Acid Mine Water from Two Different Copper Mines in China,Advanced Materials Research,2,exclude,"Acid mine water bacterioplankton, no host organism, uses FISH; not host-associated hybrid microbiome study",0.98,True,False,s2
10.1155/2013/392523,2013.0,Effect of Lactobacillus plantarum C014 on Innate Immune Response and Disease Resistance against Aeromonas hydrophila in Hybrid Catfish,TheScientificWorldJournal,39,exclude,"Aquaculture probiotic study on disease resistance, no evolutionary or hybridization-microbiome question",0.97,True,False,s2
10.1128/spectrum.01973-24,2025.0,Integrating taxonomic and phenotypic information through FISH-enhanced flow cytometry for microbial community dynamics analysis,Microbiology spectrum,2,exclude,"FISH flow cytometry method paper; molecular hybridization technique, not organismal hybridization; no host microbiote link",0.97,True,False,s2
10.1038/ismej.2016.95,2016.0,Differential specificity between closely related corals and abundant Endozoicomonas endosymbionts across global scales,The ISME Journal,254,exclude,"Coral-Endozoicomonas specificity study, not hybridization/hybrid microbiome; uses FISH but not organismal hybrid zone",0.94,True,False,s2
10.24925/turjaf.v5i1.6-13.738,2017.0,Analyses of Dynamics in Dairy Products and Identification of Lactic Acid Bacteria Population by Molecular Methods,Turkish Journal of Agriculture: Food Science and Technology,1,exclude,"Dairy LAB molecular identification methods review; unrelated to host microbiota, hybridization, or fish tissues",0.98,True,False,s2
10.4049/jimmunol.204.supp.157.10,2020.0,Staphylococcus epidermidis facilitates intracellular pathogen clearance through upregulation of antimicrobial protein perforin-2 (P-2) in the human skin gamma delta T cells,Journal of Immunology,3,exclude,"Human skin immunology/microbiome study, no hybridization zone, no host genetics-microbiome link; uses FISH molecular technique, not organismal hybrids",0.97,True,False,s2
10.2147/jir.s470376,2024.0,Fusobacterium Nucleatum Aggravates Intestinal Barrier Impairment and Colitis Through IL-8 Induced Neutrophil Chemotaxis by Activating Epithelial Cells,Journal of Inflammation Research,19,exclude,"Clinical/mouse IBD mechanistic study, human-relevant, no hybridization or host genetics/microbiote inheritance context",0.98,True,False,s2
10.1002/mbo3.890,2019.0,"Diversity, enumeration, and isolation of Arcobacter spp. in the giant abalone, Haliotis gigantea",MicrobiologyOpen,9,exclude,"Abalone Arcobacter diversity study, no hybridization zone, no host genetics, unrelated to cyprinid microbiote hybrid framing",0.97,True,False,s2
10.52601/bpr.2024.240044,2025.0,An integrative approach for imaging and quantitative analysis of gut microbiota growth in vivo using fluorescent D-amino acid labeling and fluorescence in situ hybridization,Biophysics Reports,3,exclude,"Mouse gut microbiota imaging method paper, uses FISH technically, unrelated to hybridization or host genetics",0.97,True,False,s2
10.3389/froh.2025.1529061,2025.0,Utilizing a naturopathic mouthwash with selective antimicrobial effects against multispecies oral biofilms for prevention of dysbiosis,Frontiers in Oral Health,4,exclude,"Oral biofilm mouthwash study, human clinical/dental, no hybridization or host genetics link",0.98,True,False,s2
10.26686/wgtn.16958995.v1,2008.0,Molecular Characterization of Sub-cuticular Bacteria in New Zealand Echinoderms,,0,exclude,"Sub-cuticular bacteria in echinoderms, no hybridization or host genetic ancestry component",0.97,True,False,s2
10.1099/mic.0.000706,2018.0,"Genome sequence, metabolic properties and cyanobacterial attachment of Porphyrobacter sp. HT-58-2 isolated from a filamentous cyanobacterium-microbial consortium.",Microbiology,17,exclude,"Cyanobacterium-bacteria consortium genomics, FISH probes; no animal/plant hybrid zone or host-microbiome hybridization question",0.97,True,False,s2
10.1093/ismeco/ycae011,2024.0,Blind spots of universal primers and specific FISH probes for functional microbe and community characterization in EBPR systems,ISME Communications,28,exclude,"FISH probe/primer methodology for wastewater EBPR systems; molecular hybridization technique, not host-microbiome study",0.98,True,False,s2
10.3748/wjg.v23.i5.885,2017.0,Impact of humic acids on the colonic microbiome in healthy volunteers,World Journal of Gastroenterology,33,exclude,"Human colonic microbiome study using FISH, unrelated to hybridization zones or host genetics; clinical/human context excluded",0.98,True,False,s2
10.1016/j.foodres.2018.10.017,2019.0,Effect of probiotic bacteria in composition of children's saliva.,Food Research International,16,exclude,"Human oral microbiome probiotic study using FISH; no hybridization zone, no host genetics, clinical/applied context",0.98,True,False,s2
10.1093/ofid/ofaf556,2025.0,"Investigating Bacterial Vaginosis Pathogenesis Using Peptide Nucleic Acid-Fluorescence In Situ Hybridization With a Focus on the Roles of Gardnerella Species, Prevotella bivia, and Fannyhessea vaginae",Open Forum Infectious Diseases,4,exclude,"Human clinical BV study using FISH probes, unrelated to hybrid organisms or host genetic control of microbiota",0.98,True,False,s2
10.1002/mbo3.144,2014.0,Members of the uncultured bacterial candidate division WWE1 are implicated in anaerobic digestion of cellulose,MicrobiologyOpen,109,exclude,"Anaerobic digester study using FISH/NanoSIMS on cellulose degradation, no animal host or hybridization zone",0.98,True,False,s2
10.1158/1538-7445.am2026-4893,2026.0,Abstract 4893: Profiling the ovarian cancer-specific intratumoral microbiome,Cancer Research,0,exclude,"Human ovarian cancer microbiome via FISH/16S, unrelated to hybridization or host genetic ancestry in fish",0.98,True,False,s2
10.1371/journal.pone.0045309,2012.0,Microbial Distribution and Abundance in the Digestive System of Five Shipworm Species (Bivalvia: Teredinidae),PLoS ONE,62,exclude,"FISH microscopy of shipworm gut symbionts, not hybridization zone or hybrid microbiome study",0.95,True,False,s2
10.1159/000324875,2011.0,The Simultaneous Detection and Differentiation of Staphylococcus Species in Blood Cultures Using Fluorescence in situ Hybridization: A Comment,Medical Principles and Practice,0,exclude,"Molecular FISH technique for Staphylococcus detection, not organismal hybridization or host microbiota",0.98,True,False,s2
10.3389/fmicb.2022.1046226,2022.0,Streptococcus pneumoniae promotes migration and invasion of A549 cells in vitro by activating mTORC2/AKT through up-regulation of DDIT4 expression,Frontiers in Microbiology,16,exclude,"Human clinical lung cancer microbiome study, unrelated to hybridization or host genetics of hybrids",0.98,True,False,s2
10.1371/journal.pone.0104505,2014.0,Snow Surface Microbiome on the High Antarctic Plateau (DOME C),PLoS ONE,48,exclude,"Snow surface microbiome, no host organism, unrelated to hybridization or fish microbiota",0.98,True,False,s2
10.1371/journal.pone.0136424,2015.0,Characterization of the In Situ Ecophysiology of Novel Phylotypes in Nutrient Removal Activated Sludge Treatment Plants,PLoS ONE,14,exclude,"Activated sludge wastewater microbial ecology, no host organism or hybridization context",0.98,True,False,s2
10.1158/1538-7445.am2026-4888,2026.0,Abstract 4888: Association of intratumoral Fusobacterium nucleatum with stromal remodeling and immune exclusion in esophageal squamous cell carcinoma,Cancer Research,0,exclude,"Human clinical cancer microbiome study, unrelated to animal hybridization or host genetics of hybrid zones",0.98,True,False,s2
10.1038/ismej.2014.158,2014.0,Nitrotoga-like bacteria are previously unrecognized key nitrite oxidizers in full-scale wastewater treatment plants,The ISME Journal,143,exclude,"Wastewater treatment nitrifying bacteria study, unrelated to fish hybridization, host microbiota, or genetic ancestry",0.98,True,False,s2
10.5578/mb.7876,2014.0,[Identification of Mycobacterium species from BACTEC MGIT™ positive cultures with Oligo-FISH and PNA-FISH methods].,Mikrobiyoloji Bulteni,6,exclude,"Clinical FISH diagnostic method for Mycobacterium, molecular hybridization technique, not host-microbiome hybridization study",0.98,True,False,s2
10.1117/12.2577969,2021.0,SRS-FISH: high-throughput bridging of phenotype and genotype at single cell level,,0,exclude,"Technical FISH/SRS method paper, molecular hybridization sense, not host-organism hybridization or hybrid zone microbiome",0.97,True,False,s2
10.1016/j.mimet.2021.106277,2021.0,Detection of hydrocarbon-degrading bacteria on deepwater corals of the northeast Atlantic using CARD-FISH.,Journal of Microbiological Methods,4,exclude,"CARD-FISH coral holobiont study, not hybridization zone/hybrid host microbiome; molecular FISH technique, no hybrid organisms",0.97,True,False,s2
10.5194/bgd-10-2013-2013,2013.0,Differential gene expression in the mussel Bathymodiolus azoricus from the Menez Gwen and Lucky Strike deep-sea hydrothermal vent sites,Biogeosciences Discussions,0,exclude,"Symbiont gene expression in vent mussel populations, no hybridization/hybrid zone or hybrid microbiome comparison",0.95,True,False,s2
10.1016/j.syapm.2021.126186,2021.0,Flavobacterium turcicum sp. nov. and Flavobacterium kayseriense sp. nov. isolated from farmed rainbow trout in Turkey.,Systematic and Applied Microbiology,23,exclude,"Taxonomic description of Flavobacterium species from diseased farmed trout, no hybridization or host-microbiota genetics",0.97,True,False,s2
10.5194/bg-8-827-2011,2011.0,Intriguing diversity among diazotrophic picoplankton along a Mediterranean transect: a dominance of rhizobia,Biogeosciences,39,exclude,"Marine bacterioplankton diversity study, no host organism or hybridization between organisms involved",0.98,True,False,s2
10.1016/j.eng.2021.05.012,2021.0,Niche differentiation of phenol-degrading microorganisms in UASB granular sludge as revealed by fluorescence in situ hybridization,Engineering,18,exclude,"FISH technique on sludge granules, no host, molecular hybridization not organismal hybridization",0.98,True,False,s2
10.3390/antibiotics10101197,2021.0,Necrotizing Gingivitis: Microbial Diversity and Quantification of Protein Secretion in Necrotizing Gingivitis,Antibiotics,7,exclude,"Human clinical gingivitis microbiome study, unrelated to hybridization or host genetics/hybrid zones",0.98,True,False,s2
10.1016/j.anaerobe.2011.03.009,2011.0,Microbiota profile in feces of breast- and formula-fed newborns by using fluorescence in situ hybridization (FISH).,Anaerobe,422,exclude,"Human infant gut microbiota via FISH probes; clinical, no hybridization/host genetics context",0.98,True,False,s2
10.1038/s41396-019-0554-1,2019.0,Groundwater cable bacteria conserve energy by sulfur disproportionation,The ISME Journal,72,exclude,"Groundwater cable bacteria sulfur metabolism study, no host organism, hybridization, or fish microbiota relevance",0.98,True,False,s2
10.1016/j.mimet.2005.03.017,2005.0,"Quantification of bacteria in human feces using 16S rRNA-hybridization, DNA-staining and flow cytometry.",Journal of Microbiological Methods,47,exclude,"FISH molecular hybridization technique on human feces bacteria, not animal hybridization or host-microbiome genetics",0.98,True,False,s2
10.1016/j.scitotenv.2020.139310,2020.0,A mixed consortium of methanotrophic archaea and bacteria boosts methane-dependent selenate reduction.,Science of the Total Environment,23,exclude,"Bioremediation microbiology, not host microbiota; FISH is molecular hybridization, unrelated to organism hybridization",0.97,True,False,s2
10.3389/fmicb.2020.02023,2020.0,"Microbial Communities of the Shallow-Water Hydrothermal Vent Near Naples, Italy, and Chemosynthetic Symbionts Associated With a Free-Living Marine Nematode",Frontiers in Microbiology,24,exclude,"Hydrothermal vent nematode-bacteria study, no hybridization zone or host genetics vs microbiome link",0.97,True,False,s2
10.1182/blood-2023-189726,2023.0,"One-Carbon Metabolites Promote Systemic Inflammation, Gut Dysbiosis, and a Myeloid Lineage Differentiation Bias",Blood,1,exclude,"Mouse CHIP/gut microbiome diet study, no hybridization, no hybrid host-microbiome comparison",0.98,True,False,s2
10.1016/j.mimet.2007.02.009,2007.0,Improved 16S rRNA-targeted probe set for analysis of sulfate-reducing bacteria by fluorescence in situ hybridization.,Journal of Microbiological Methods,118,exclude,"FISH probe methodology paper for sulfate-reducing bacteria, not host-hybrid microbiome study",0.98,True,False,s2
10.1371/journal.pone.0168771,2016.0,Pseudomonas aeruginosa Microcolonies in Coronary Thrombi from Patients with ST-Segment Elevation Myocardial Infarction,PLoS ONE,14,exclude,"Human clinical study of coronary thrombi bacteria; no hybridization, host genetics, or animal microbiote relevance",0.97,True,False,s2
10.64898/2026.06.18.733268,2026.0,Spatial atlas highlights contribution of C. difficile in early-stage colorectal cancer,bioRxiv,0,exclude,"Human clinical CRC microbiome study, no hybridization, no host genetics or hybrid zone context",0.98,True,True,s2
10.1002/bit.21270,2007.0,"Nitrifying bacterial communities in an aquaculture wastewater treatment system using fluorescence in situ hybridization (FISH), 16S rRNA gene cloning, and phylogenetic analysis.",Biotechnology and Bioengineering,38,exclude,"FISH-based nitrifying bacteria study in aquaculture wastewater, no host microbiote or hybridization between organisms",0.98,True,False,s2
,2007.0,Molecular analysis of temporal changes of a bacterial community structure in activated sludge using denaturing gradient gel electrophoresis (DGGE) and fluorescent in situ hybridization (FISH).,Polish Journal of Microbiology,14,exclude,"Activated sludge bacterial community using FISH; not host microbiome, molecular hybridization not organismal hybridization",0.97,False,False,s2
10.1002/aff2.70248,2026.0,Mycomeal as a Functional and Sustainable Protein Alternative to Soybean Meal in Saline Tilapia Hybrid Fry ( Oreochromis spilurus ♂ × O. niloticus ♀) Diets,"Aquaculture, Fish and Fisheries",0,exclude,"Aquaculture feed trial on tilapia hybrid, gut microbiota as functional feed outcome, no evolutionary/host-genetic framing",0.96,True,False,s2
10.1016/j.vetmic.2016.03.003,2016.0,Potential bacterial core species associated with digital dermatitis in cattle herds identified by molecular profiling of interdigital skin samples.,Veterinary Microbiology,87,exclude,"Cattle disease microbiome study, no hybridization zone, host genetics, or hybrid comparison involved",0.98,True,False,s2
10.1111/hel.12841,2021.0,Application of molecular techniques in Helicobacter pylori detection: limitations and improvements,Helicobacter,21,exclude,"Human clinical H. pylori detection methods, no hybridization between organisms or host-microbiome genetics",0.98,True,False,s2
10.1080/19490976.2022.2125737,2022.0,Visualizing germination of microbiota endospores in the mammalian gut,Gut microbes,6,exclude,"Mouse gut microbiota FISH/germination methodology, no hybridization zone, no host genetics or hybrid comparison",0.97,True,False,s2
10.1016/j.vetmic.2013.12.012,2013.0,"Staphylococcus warneri, a resident skin commensal of rainbow trout (Oncorhynchus mykiss) with pathobiont characteristics",Veterinary Microbiology,44,exclude,"Trout skin commensal study, no hybridization, host genetics, or hybrid zone comparison",0.95,True,False,s2
10.1186/1756-0500-7-166,2014.0,Molecular analysis of infant fecal microbiota in an Asian at-risk cohort–correlates with infant and childhood eczema,BMC Research Notes,39,exclude,"Human infant fecal microbiome/eczema study; FISH technique used, no hybridization zone or host genetics link",0.98,True,False,s2
10.1002/anie.202004703,2020.0,Quantification of Bacterial Metabolic Activities in the Gut by D-Amino Acid-based in vivo Labeling.,Angewandte Chemie,45,exclude,"Mouse gut microbiota metabolic labeling method, unrelated to hybridization or host genetics/ancestry",0.97,True,False,s2
10.1093/jas/skab054.143,2021.0,"183 Effects of Protein Supplementation on the Gut Bacterial Community Composition of Hybrid Striped Bass, Morone Chrysops X M. Saxatilis",Journal of Animal Science,1,exclude,"Aquaculture feed study on gut bacteria, no natural hybrid zone or host-genetics question",0.96,True,False,s2
10.3389/fmicb.2016.01163,2016.0,"Characterization of Chemosynthetic Microbial Mats Associated with Intertidal Hydrothermal Sulfur Vents in White Point, San Pedro, CA, USA",Frontiers in Microbiology,12,exclude,"Microbial mat/hydrothermal vent ecology, no host organism, hybridization, or genetic microbiome control involved",0.98,True,False,s2
10.1093/jambio/lxac069,2022.0,"Oligofructose, 2'fucosyllactose and β-glucan in combination induce specific changes in microbial composition and short-chain fatty acid production compared to sole supplementation.",Journal of Applied Microbiology,5,exclude,"In vitro human gut prebiotic fermentation study, no hybridization, no host genetics link",0.98,True,False,s2
10.1016/j.syapm.2021.126269,2021.0,Specific detection and quantification of the marine flavobacterial genus Zobellia on macroalgae using novel qPCR and CARD-FISH assays.,Systematic and Applied Microbiology,12,exclude,"CARD-FISH/qPCR detection of algae-associated bacterium, technical molecular hybridization, not host hybrid microbiome study",0.97,True,False,s2
10.1155/2023/7369034,2023.0,Liver Microbiome in Healthy Rats: The Hidden Inhabitants of Hepatocytes,Cellular Microbiology,4,exclude,"Liver microbiome in healthy rats, no hybridization, no host genetics or hybrid comparison",0.97,True,False,s2
10.1186/s40168-025-02319-z,2026.0,Intracellular microbial signals in the gastrointestinal tract of dairy cattle,Microbiome,0,exclude,"Dairy cattle GIT microbiome study, no hybridization zone, no host genetic ancestry-microbiome link",0.97,True,False,s2
10.1248/jhs.56.321,2010.0,Oligonucleotide Probes for Phylogenetic Detection of Waterborne Bacteria,Journal of Health Science,8,exclude,"Molecular hybridization (probes/FISH) of waterborne bacteria, not host-organism hybridization or microbiome study",0.98,True,False,s2
,2025.0,A Bayesian Multivariate Spatial Point Pattern Model: Application to Oral Microbiome FISH Image Data.,arXiv.org,1,exclude,"FISH imaging of human oral biofilm, technical hybridization sense, no host hybridization/genetics link",0.98,True,True,s2
10.1007/s00253-014-5868-3,2014.0,Investigating bacterial populations in styrene-degrading biofilters by 16S rDNA tag pyrosequencing,Applied Microbiology and Biotechnology,33,exclude,"Biofilter microbial ecology, no host, no hybridization between organisms; FISH is molecular hybridization technique",0.98,True,False,s2
10.3390/microorganisms13030538,2025.0,Microbiome and Microbiota Within Wineries: A Review,Microorganisms,8,exclude,"Winery microbiome review; no host hybridization, no animal/plant hybrid microbiota, unrelated topic",0.98,True,False,s2
10.1086/bblv220n2p118,2011.0,"Phylogenetic Characterization of Episymbiotic Bacteria Hosted by a Hydrothermal Vent Limpet (Lepetodrilidae, Vetigastropoda)",The Biological Bulletin,9,exclude,"Symbiose gastéropode-bactérie, FISH moléculaire, pas d'hybridation entre organismes ni zone d'hybridation naturelle",0.95,True,False,s2
10.1128/aem.02569-18,2019.0,Low Temperature and Neutral pH Define “Candidatus Nitrotoga sp.” as a Competitive Nitrite Oxidizer in Coculture with Nitrospira defluvii,Applied and Environmental Microbiology,40,exclude,"Bactérioplancton de bioréacteur (nitrification), pas de microbiote d'hôte ni hybridation d'organismes",0.98,True,False,s2
10.7717/peerj.9326,2020.0,Microbial community analysis in the gills of abalones suggested possible dominance of epsilonproteobacterium in Haliotis gigantea,PeerJ,11,exclude,"Abalone gill microbiota across species, no hybridization/hybrid zone or host genetic-ancestry link studied",0.95,True,False,s2
10.1038/s41598-021-88658-x,2021.0,Uncovering the hidden bacterial ghost communities of yeast and experimental evidences demonstrates yeast as thriving hub for bacteria,Scientific Reports,12,exclude,"Yeast endobacteria study; no hybridization zone, no host genetics, uses FISH not organismal hybridization",0.97,True,False,s2
10.1093/jimmun/vkag141.1331,2026.0,Organized mucosal associated lymphoid tissue is present in the nurse shark spiral valve 2306433,Journal of Immunology,0,exclude,"Shark immune tissue histology, not hybrid microbiome or host-microbiota genetics study",0.98,True,False,s2
10.3382/ps/pez483,2019.0,Effects of dietary inulin supplementation on the composition and dynamics of cecal microbiota and growth-related parameters in broiler chickens,Poultry Science,42,exclude,"Aquaculture/poultry diet study on prebiotics and growth, no hybridization or host genetics question",0.98,True,False,s2
10.32747/2006.7591733.bard,2006.0,Biocomplexity and Selective modulation of whitefly symbiotic composition,,0,exclude,"Whitefly symbiont diversity/biotypes study, not a natural hybridization zone between host species or hybrid microbiome comparison",0.93,True,False,s2
10.1093/ofid/ofab466.1195,2021.0,1001. Chronic Colonization with Toxigenic Clostridioides difficile Strains Drives Colonic Tumorigenesis in Mice,Open Forum Infectious Diseases,0,exclude,"Mouse model of C. difficile-driven colorectal cancer; no hybridization, no host genetics-microbiome link",0.98,True,False,s2
10.1371/journal.pone.0136658,2015.0,Unravelling the Bacterial Vaginosis-Associated Biofilm: A Multiplex Gardnerella vaginalis and Atopobium vaginae Fluorescence In Situ Hybridization Assay Using Peptide Nucleic Acid Probes,PLoS ONE,101,exclude,"FISH probe technique for human vaginosis bacteria; molecular hybridization sense, no host-organism hybridization or 16S microbiota context",0.98,True,False,s2
10.1128/aem.01485-24,2025.0,Diversity and abundance of filamentous and non-filamentous “Leptothrix” in global wastewater treatment plants,Applied and Environmental Microbiology,6,exclude,"Wastewater microbial community study, no host, no hybridization between organisms, unrelated topic",0.98,True,False,s2
10.1128/aem.71.12.8683-8691.2005,2005.0,"Investigation of an Acetate-Fed Denitrifying Microbial Community by Stable Isotope Probing, Full-Cycle rRNA Analysis, and Fluorescent In Situ Hybridization-Microautoradiography",Applied and Environmental Microbiology,192,exclude,"Wastewater denitrifying microbial community study; molecular FISH technique, no host, no hybridization between organisms",0.98,True,False,s2
10.61976/fsu2024.03.130,2024.0,"Effect of the complex of probiotic microorganisms of the genus Bacillus on the growth, histological structure of intestines and the resistance of sturgeon hybrid juveniles",Ribogospodarsʹka Nauka Ukraïni,0,exclude,"Aquaculture probiotic study on hybrid sturgeon growth, no evolutionary host-genetics/hybridization-zone microbiome question",0.97,True,False,s2
10.2527/jas.2010-3032,2011.0,"Effects of dietary antibiotic growth promoter and Saccharomyces cerevisiae fermentation product on production, intestinal bacterial community, and nonspecific immunity of hybrid tilapia (Oreochromis niloticus female x Oreochromis aureus male).",Journal of Animal Science,92,exclude,"Aquaculture growth/probiotic study, no natural hybrid zone or host-genetic microbiome question",0.97,True,False,s2
10.1186/s13073-021-00919-6,2021.0,Circulating bacterial signature is linked to metabolic disease and shifts with metabolic alleviation after bariatric surgery,Genome Medicine,25,exclude,"Human clinical microbiome study on bariatric surgery, unrelated to hybridization or host genetics",0.98,True,False,s2
10.3389/fmicb.2017.02550,2017.0,The Biogeographical Distribution of Benthic Roseobacter Group Members along a Pacific Transect Is Structured by Nutrient Availability within the Sediments and Primary Production in Different Oceanic Provinces,Frontiers in Microbiology,20,exclude,"Sediment bacterioplankton study, no host organism or hybridization involved",0.98,True,False,s2
10.1038/s41598-024-72918-7,2024.0,Intratumoral microbiota as a novel prognostic indicator in bladder cancer,Scientific Reports,11,exclude,"Human bladder cancer intratumoral microbiota, clinical study, no hybridization or host genetics relevance",0.98,True,False,s2
10.1007/s13213-014-0880-5,2014.0,"Biodegradation of 2,4-dinitrotoluene (DNT) by Arthrobacter sp. K1 isolated from a crude oil contaminated soil",Annals of Microbiology,21,exclude,"FISH molecular hybridization and soil bioremediation study, unrelated to host-microbiome hybridization zones",0.98,True,False,s2
10.1021/acs.analchem.6c00243,2026.0,CommAST Enables Antibiotic Susceptibility Testing at the Gut Microbiota Community Level.,Analytical Chemistry,0,exclude,"Human gut microbiota antibiotic testing method; no hybridization zone, host genetics, or fish tissue comparison",0.98,True,False,s2
10.4319/lom.2004.2.303,2004.0,Composition of estuarine bacterial communities assessed by denaturing gradient gel electrophoresis and fluorescence in situ hybridization,Limnology and Oceanography: Methods,48,exclude,"Free-living estuarine bacterioplankton methods comparison, no host, molecular FISH not organismal hybridization",0.97,True,False,s2
10.1016/j.syapm.2018.04.005,2018.0,"Photobacterium malacitanum sp. nov., and Photobacterium andalusiense sp. nov., two new bacteria isolated from diseased farmed fish in Southern Spain.",Systematic and Applied Microbiology,17,exclude,"Aquaculture pathogen taxonomy from diseased farmed fish, no hybridization, no host-microbiome evolutionary question",0.97,True,False,s2
10.1016/j.syapm.2018.04.003,2018.0,Development of a 16S rRNA-targeted fluorescence in situ hybridization probe for quantification of the ammonia-oxidizer Nitrosotalea devanaterra and its relatives.,Systematic and Applied Microbiology,5,exclude,"FISH probe method for soil archaea; molecular hybridization sense, no host microbiote or hybrid zone",0.98,True,False,s2
10.3390/fishes11040197,2026.0,Pectin of Olecranon Honey Peach Effects on Intestinal Health and the Mechanisms Involved in Hybrid Grouper (Epinephelus lanceolatus♂ × Epinephelus fuscoguttatus♀),Fishes,0,exclude,"Aquaculture feed additive study on hybrid grouper growth/health, no evolutionary hybrid-zone microbiote question",0.96,True,False,s2
10.1039/c1lc20151d,2011.0,Microfluidic fluorescence in situ hybridization and flow cytometry (µFlowFISH),Lab on a Chip,61,exclude,"Technical FISH molecular hybridization method, not organismal hybridization or host microbiota study",0.98,True,False,s2
10.1128/msystems.01125-25,2025.0,Diverse Patescibacteria assemblages and prevalence of ultra-small free-living Parcubacteria along a subterranean estuary,mSystems,4,exclude,"Groundwater/estuary microbial community study, no host organism or hybridization involved",0.98,True,False,s2
10.1186/s40168-025-02238-z,2025.0,ProFiT-SPEci-FISH: a novel approach for linking plasmids to hosts in complex microbial communities at the single-cell level,Microbiome,2,exclude,FISH probe method for plasmid-host tracking in microbiome; not animal hybridization or hybrid zone microbiota,0.98,True,False,s2
10.15403/jgld-497,2020.0,Non-alcoholic Steatohepatitis: Comparison of Intestinal Microbiota between Different Metabolic Profiles. A Pilot Study.,Journal of Gastrointestinal and Liver Diseases,10,exclude,"Human clinical NASH microbiota study, unrelated to hybridization or host genetics; also uses FISH technique",0.98,True,False,s2
10.1080/19490976.2021.1960134,2021.0,Imaging the in vivo growth patterns of bacteria in human gut Microbiota,Gut microbes,19,exclude,"Human gut microbiota imaging study, clinical/methodological, no hybridization or host genetics link",0.98,True,False,s2
10.3389/fmicb.2021.686929,2021.0,"Taxonomy and Molecular Phylogeny of Two New Species of Prostomatean Ciliates With Establishment of Foissnerophrys gen. n. (Alveolata, Ciliophora)",Frontiers in Microbiology,10,exclude,"Ciliate taxonomy/phylogeny using FISH molecular hybridization, not animal hybrid zone microbiome study",0.97,True,False,s2
10.1371/journal.pone.0049280,2012.0,Fluorescent In Situ Hybridization: A New Tool for the Direct Identification and Detection of F. psychrophilum,PLoS ONE,14,exclude,"FISH molecular hybridization technique for pathogen detection, not host-hybrid microbiome study",0.98,True,False,s2
10.1093/neuonc/noaf193.452,2025.0,P13.11.B INTRATUMORAL LACTOBACILLUS INTESTINALIS-DERIVED METABOLITE ATTENUATES MENINGIOMA MALIGNANCY BY SUPPRESSING ONCOGENIC PATHWAYS AND REPROGRAMMING THE IMMUNE MICROENVIRONMENT,Neuro-Oncology,0,exclude,"Human tumor microbiome study, unrelated to fish hybridization or host genetic control of microbiota",0.98,True,False,s2
10.3390/genes10050349,2019.0,"Obesity, Xenobiotic Intake and Antimicrobial-Resistance Genes in the Human Gastrointestinal Tract: A Comparative Study of Eutrophic, Overweight and Obese Individuals",Genes,29,exclude,"Human clinical gut microbiome/obesity study, unrelated to hybridization or host genetics",0.98,True,False,s2
10.1111/lam.12278,2014.0,16S rRNA‐targeted oligonucleotide probes for direct detection of Propionibacterium freudenreichii in presence of Lactococcus lactis with multicolour fluorescence in situ hybridization,Letters in Applied Microbiology,9,exclude,"FISH molecular hybridization technique for bacterial detection, not organismal hybridization or host microbiota study",0.98,True,False,s2
10.3389/fmicb.2015.00243,2015.0,Phenotypic heterogeneity in metabolic traits among single cells of a rare bacterial species in its natural environment quantified with a combination of flow cell sorting and NanoSIMS,Frontiers in Microbiology,75,exclude,"Free-living lake bacterium study, no animal/plant host, no hybridization zone or microbiome-host genetics",0.98,True,False,s2
10.1111/omi.12494,2025.0,Shining Light on Oral Biofilm Fluorescent in situ Hybridization (FISH): Probing the accuracy of in situ biogeography studies,Molecular Oral Microbiology,1,exclude,"FISH probe technique study on oral biofilm, not organismal hybridization or host microbiote of hybrid zones",0.98,True,False,s2
10.1264/jsme2.me17028,2017.0,Spatiotemporal Dynamics of Total Viable Vibrio spp. in a NW Mediterranean Coastal Area,Microbes and Environments,10,exclude,"FISH technique in seawater vibrio study, not host microbiota or hybridization between organisms",0.98,True,False,s2
10.1177/0300985819891259,2020.0,Bacterial Biogeography of the Colon in Dogs With Chronic Inflammatory Enteropathy,Veterinary Pathology-Supplement,31,exclude,"FISH-based dog colon microbiota study; clinical CIE, no hybridization between organisms, technical FISH probes only",0.97,True,False,s2
10.1086/bblv218n1p95,2010.0,Subcuticular Bacteria Associated With Two Common New Zealand Echinoderms: Characterization Using 16S rRNA Sequence Analysis and Fluorescence in situ Hybridization,The Biological Bulletin,15,exclude,"FISH here is molecular hybridization technique on echinoderm symbionts, not host hybridization/hybrid zone microbiome study",0.96,True,False,s2
10.51415/10321/4110,,The prevalence of selected emerging pathogenic species in wastewater and receiving water bodies,,3,exclude,"Environmental water/wastewater bacterial pathogens, no host organism or hybridization involved",0.98,True,False,s2
10.1099/ijsem.0.006369,2024.0,"Flavobacterium acetivorans sp. nov. and Flavobacterium galactosidilyticum sp. nov., psychrotolerant flavobacteria isolated from cultivated fish.",International Journal of Systematic and Evolutionary Microbiology,0,exclude,"Taxonomic description of Flavobacterium species from aquaculture, no hybridization or host-microbiome question",0.97,True,False,s2
10.1038/s41598-021-00699-4,2021.0,Selenium-enriched Bacillus subtilis yb-114246 improved growth and immunity of broiler chickens through modified ileal bacterial composition,Scientific Reports,24,exclude,"Aquaculture/poultry feed study on probiotics and growth, no hybridization or host genetics context",0.97,True,False,s2
10.1007/s13213-013-0665-2,2013.0,Assessment of the bacterial community structure in a Brazilian clay soil treated with atrazine,Annals of Microbiology,17,exclude,"Soil bacterial community via FISH, no host, no animal/plant hybridization; excluded categories apply",0.98,True,False,s2
10.3389/fmicb.2022.1031064,2022.0,Soil composition and rootstock genotype drive the root associated microbial communities in young grapevines,Frontiers in Microbiology,43,exclude,"Grapevine rootstock genotype/soil study, agronomic focus, not hybridization zone or hybrid microbiome comparison",0.92,True,False,s2
10.1097/00005176-200001000-00019,2000.0,Analysis of intestinal flora development in breast-fed and formula-fed infants by using molecular identification and detection methods.,Journal of Pediatric Gastroenterology and Nutrition - JPGN,1382,exclude,"Human infant gut flora study, no hybridization zone, no host genetics, uses FISH not hybrid organisms",0.97,True,False,s2
10.1080/02772241003620244,2010.0,Fluorescence in situ hybridization in soil and water ecosystems: A useful method for studying the effect of xenobiotics on bacterial community structure,Toxicological & Environmental Chemistry,38,exclude,"FISH molecular hybridization method paper, not organismal hybridization or host microbiome study",0.95,False,False,s2
10.1186/1471-2180-10-261,2010.0,Planctomycetes dominate biofilms on surfaces of the kelp Laminaria hyperborea,BMC Microbiology,227,exclude,"Kelp surface biofilm study, no hybridization zone or hybrid host, not fish microbiome",0.97,True,False,s2
10.1007/s00253-002-1074-9,2002.0,Microbial community changes during organic solid waste treatment analyzed by double gradient-denaturing gradient gel electrophoresis and fluorescence in situ hybridization,Applied Microbiology and Biotechnology,82,exclude,"Waste treatment microbial ecology using FISH/DGGE, no host organism or hybridization between organisms",0.98,True,False,s2
10.3390/fishes8040179,2023.0,"Description of a Novel Fish Pathogen, Plesiomonas shigelloides subsp. oncorhynchi, Isolated from Rainbow Trout (Oncorhynchus mykiss): First Genome Analysis and Comparative Genomics",Fishes,22,exclude,"Fish pathogen genomics, not hybrid microbiota; not hybridization between organisms, no host-microbiome ecology",0.97,True,False,s2
10.5454/mi.7.4.2,2013.0,In Vitro Modulation of Human Intestinal Microbiota by Mannoligosaccharides Synthesized from Amorphophallus muelleri Glucomannan,Microbiology Indonesia,3,exclude,"Human intestinal microbiota, prebiotic/FISH study, no hybridization or host genetics relevance",0.98,True,False,s2
10.1016/j.ttbdis.2022.102005,2022.0,Growth dynamics and tissue localization of a Coxiella-like endosymbiont in the tick Haemaphysalis longicornis.,Ticks and Tick-borne Diseases,11,exclude,"Tick endosymbiont dynamics, no hybridization/hybrid zone or host genotype-microbiome question",0.95,True,False,s2
10.1158/1538-7445.am2025-6534,2025.0,Abstract 6534: Bacterial infection as a modulator of tumor growth in ovarian cancer,Cancer Research,0,exclude,"Human ovarian cancer microbiome study using FISH, unrelated to hybridization or host genetics",0.98,True,False,s2
10.1007/s10653-026-03028-8,2026.0,Potential risk assessment of different sizes of microplastics on the digestive system of hybrid sturgeon,Environmental Geochemistry and Health,0,exclude,"Microplastic toxicology in hybrid sturgeon gut microbiota, no hybridization zone/ancestry comparison to parental species",0.95,True,False,s2
10.1638/2025-0057,2026.0,PREVALENCE OF DIGITAL DERMATITIS IN EUROPEAN BISON (BISON BONASUS) IN SWITZERLAND AND REFERENCE TO OTHER EUROPEAN COUNTRIES.,Journal of zoo and wildlife medicine,0,exclude,Disease study of bison digital dermatitis; not hybridization zone or host-microbiome heritability topic,0.98,True,False,s2
10.1002/mbo3.36,2012.0,Abundance and short-term temporal variability of fecal microbiota in healthy dogs,MicrobiologyOpen,103,exclude,"Dog fecal microbiota temporal study, uses FISH technique, no hybridization zone or hybrid hosts involved",0.97,True,False,s2
10.1111/jfd.13512,2021.0,"PCR, in-situ hybridization, and phylogenetic analysis suggest that 'big belly' disease in barramundi, Lates calcarifer (Bloch), is caused by a novel Vibrio species.",Journal of Fish Diseases,18,exclude,"Aquaculture fish disease study using in-situ hybridization technique, not organism hybridization or hybrid zone microbiome",0.97,True,False,s2
10.3390/ani14192833,2024.0,Unveiling Insights into the Whole Genome Sequencing of Mycobacterium spp. Isolated from Siamese Fighting Fish (Betta splendens),Animals,6,exclude,"Pathogen genomics of Mycobacterium in fish, not hybrid host microbiome or hybridization zone study",0.97,True,False,s2
10.1016/j.mimet.2005.02.009,2005.0,"Advantages of peptide nucleic acid oligonucleotides for sensitive site directed 16S rRNA fluorescence in situ hybridization (FISH) detection of Campylobacter jejuni, Campylobacter coli and Campylobacter lari.",Journal of Microbiological Methods,62,exclude,"FISH molecular hybridization technique for pathogen detection, not organismal hybridization or host microbiome",0.98,True,False,s2
10.1371/journal.pone.0226780,2019.0,Glucocorticoid and dietary effects on mucosal microbiota in canine inflammatory bowel disease,PLoS ONE,36,exclude,"Canine IBD clinical study using FISH, no hybridization zone or host genetics-microbiome link",0.97,True,False,s2
10.3389/fphar.2019.00826,2019.0,"An Integrated Approach to Characterize Intestinal Metabolites of Four Phenylethanoid Glycosides and Intestinal Microbe-Mediated Antioxidant Activity Evaluation In Vitro Using UHPLC-Q-Exactive High-Resolution Mass Spectrometry and a 1,1-Diphenyl-2-picrylhydrazyl-Based Assay",Frontiers in Pharmacology,31,exclude,"Chemistry/pharmacology metabolite study, no hybridization, no host genetics, unrelated to fish hybrid microbiome question",0.98,True,False,s2
10.1128/msystems.00150-18,2018.0,Marine Sponges as Chloroflexi Hot Spots: Genomic Insights and High-Resolution Visualization of an Abundant and Diverse Symbiotic Clade,mSystems,95,exclude,"Marine sponge symbiont genomics, no hybridization/host genetics, unrelated topic (FISH is imaging technique, not organismal hybridization)",0.98,True,False,s2
10.1038/ismej.2015.145,2015.0,Activity and interactions of methane seep microorganisms assessed by parallel transcription and FISH-NanoSIMS analyses,The ISME Journal,62,exclude,"Methane seep microbial ecology, no host organism, no hybridization or fish microbiote relevance",0.98,True,False,s2
10.1016/j.fsi.2019.11.055,2019.0,"Effect of starvation and refeeding on growth, gut microbiota and non-specific immunity in hybrid grouper (Epinephelus fuscoguttatus♀×E. lanceolatus♂).",Fish and Shellfish Immunology,63,exclude,"Aquaculture study on starvation/growth/immunity in farmed hybrid grouper, no hybridization zone or host genetics question",0.95,True,False,s2
10.64898/2026.02.26.708344,2026.0,Cross hybridization Inference for Phylogenetic Resolution (CIPHR)-FISH enables microbiome imaging with strain level taxonomic resolution,bioRxiv,0,exclude,"FISH technical hybridization method paper on zebrafish microbiome imaging, not host hybridization/hybrid zone study",0.95,True,True,s2
10.3389/fmars.2021.606818,2021.0,Microscopic and Genetic Characterization of Bacterial Symbionts With Bioluminescent Potential in Pyrosoma atlanticum,Frontiers in Marine Science,7,exclude,"Bioluminescent symbiont study of tunicate light organs, no hybridization or host-microbiome genetic partitioning relevance",0.96,True,False,s2
10.1021/acs.est.9b01017,2019.0,Rapid and Sensitive Quantification of Anammox Bacteria by Flow Cytometric Analysis Based on Catalyzed Reporter Deposition Fluorescence In Situ Hybridization.,Environmental Science and Technology,11,exclude,"FISH molecular hybridization technique for anammox bacteria quantification, not host-organism hybridization or holobiont study",0.98,True,False,s2
10.1016/j.fsi.2020.05.054,2020.0,"Use of a paraprobiotic and postbiotic feed supplement (HWF™) improves the growth performance, composition and function of gut microbiota in hybrid sturgeon (Acipenser baerii x Acipenser schrenckii).",Fish and Shellfish Immunology,58,exclude,"Aquaculture probiotic/growth study on hybrid sturgeon, no evolutionary or hybridization-zone microbiota question",0.95,True,False,s2
10.1186/1471-2180-11-73,2011.0,Community analysis of bacteria colonizing intestinal tissue of neonates with necrotizing enterocolitis,BMC Microbiology,101,exclude,"Human clinical NEC intestinal microbiome study, unrelated to hybridization or host genetics/hybrid microbiota",0.98,True,False,s2
10.1002/ece3.70369,2024.0,Symbiont Acquisition Strategies in Post‐Settlement Stages of Two Co‐Occurring Deep‐Sea Rimicaris Shrimp,Ecology and Evolution,3,exclude,"Symbiont acquisition in two co-occurring shrimp species, no hybridization or hybrid zone context",0.95,True,False,s2
10.1099/ijsem.0.003391,2019.0,"Flavobacterium piscinae sp. nov., isolated from a fish pond.",International Journal of Systematic and Evolutionary Microbiology,3,exclude,"Taxonomic description of a novel bacterial species from a fish pond, no host microbiote/hybridization study",0.98,True,False,s2
10.1167/iovs.66.9.71,2025.0,Achromobacter in the Conjunctival Sac Microbiota: Potential Association With Acanthamoeba Keratitis Related to Orthokeratology Lenses,Investigative Ophthalmology and Visual Science,2,exclude,"Human conjunctival microbiota/keratitis study, unrelated to hybridization or host genetics; uses FISH molecular hybridization",0.98,True,False,s2
10.3389/fmars.2022.976255,2022.0,Shallow-water hydrothermal vent system as an extreme proxy for discovery of microbiome significance in a crustacean holobiont,Frontiers in Marine Science,15,exclude,Crustacean holobiont in extreme vent habitat; no hybridization zone or hybrid vs parental microbiome comparison,0.96,True,False,s2
10.3390/md18050278,2020.0,Puffer Fish Gut Microbiota Studies Revealed Unique Bacterial Co-Occurrence Patterns and New Insights on Tetrodotoxin Producers,Marine Drugs,19,exclude,"Focus on TTX biosynthesis/toxicity in puffer fish gut microbiota, not hybridization zone or host genetic control of assembly",0.93,True,False,s2
10.1111/odi.14376,2022.0,Capnocytophaga gingivalis is a Potential Tumor Promotor in Oral Cancer.,Oral Diseases,48,exclude,"Human oral cancer microbiome study using FISH; unrelated to hybridization, host genetics, or fish tissue microbiota",0.98,True,False,s2
10.1038/s43856-025-00876-w,2025.0,Bacillus cereus is a key microbial determinant of intractable otitis media with effusion,Communications Medicine,2,exclude,"Human clinical middle ear microbiome study, no hybridization or host genetics context",0.98,True,False,s2
10.56577/sm-2023.2936,2023.0,"Linking Genomes and Geochemistry in Extreme Environments Across the Greater Valles Caldera Ecosystem, New Mexico","New Mexico Geological Society, 2023 Annual Spring Meeting, Proceedings Volume, Theme: ""Geological responses to wildfires""",0,exclude,"Environmental geothermal microbiology, no host organism, no hybridization between organisms",0.98,True,False,s2
10.1016/j.aqrep.2016.03.001,2016.0,Isolation of probiotic bacteria from the hybrid South American catfish Pseudoplatystoma reticulatum × Pseudoplatystoma corruscans (Siluriformes: Pimelodidae): A haematological approach,Aquaculture Reports,26,exclude,"Aquaculture probiotic screening in hybrid catfish, no evolutionary or host-genetics hybridization question",0.95,True,False,s2
10.1186/s12967-025-07543-7,2025.0,Intratumoral Collinsella aerofaciens exhibits antitumor activity in endometrial carcinoma through activation of the p53 signaling pathway,Journal of Translational Medicine,2,exclude,"Human clinical cancer microbiome study, unrelated to hybridization, host genetics, or fish tissue comparison",0.98,True,False,s2
10.1038/s41586-020-2983-4,2020.0,Highly Multiplexed Spatial Mapping of Microbial Communities,Nature,192,exclude,"FISH technical hybridization method, mouse/oral microbiome imaging, unrelated to host hybrid zones or ancestry-microbiome links",0.97,True,False,s2
10.1016/j.watres.2018.03.040,2018.0,"Transformation, CO2 formation and uptake of four organic micropollutants by carrier-attached microorganisms.",Water Research,30,exclude,"Wastewater biofilm micropollutant degradation study, no host organism or hybridization involved",0.98,True,False,s2
10.3390/microorganisms9051032,2021.0,"Effects of a Bioprocessed Soybean Meal Ingredient on the Intestinal Microbiota of Hybrid Striped Bass, Morone chrysops x M. saxatilis",Microorganisms,10,exclude,"Aquaculture feed/probiotic study on hybrid fish diet, no evolutionary or hybridization-zone question",0.95,True,False,s2
10.3897/aca.6.e108170,2023.0,Characterization of DNA Degrading Microorganisms from Dewar Creek Hot Springs in Western Canada,ARPHA Conference Abstracts,0,exclude,"Hot spring environmental microbiology, no host organism or hybridization involved",0.98,True,False,s2
10.1038/ismej.2014.156,2014.0,Functionally relevant diversity of closely related Nitrospira in activated sludge,The ISME Journal,172,exclude,"Nitrospira in wastewater treatment plants; no host, no hybridization, FISH is molecular hybridization not organismal",0.98,True,False,s2
10.3390/ani12091101,2022.0,"Vibrio metschnikovii, a Potential Pathogen in Freshwater-Cultured Hybrid Sturgeon",Animals,19,exclude,"Aquaculture pathogen disease study, no hybridization zone or host-microbiome evolutionary question addressed",0.97,True,False,s2
10.1016/j.watres.2017.05.016,2017.0,Biofilm formation and granule properties in anaerobic digestion at high salinity.,Water Research,107,exclude,"Anaerobic digestion biofilm/granules, no host organism, FISH is molecular hybridization technique not organismal hybridization",0.98,True,False,s2
10.1016/j.scitotenv.2023.164130,2023.0,Insights into simultaneous nitrogen and phosphorus removal in biofilm: The overlooked comammox Nitrospira and the positive role of glycogen-accumulating organisms.,Science of the Total Environment,19,exclude,"Wastewater biofilm microbial ecology; no host organism, hybridization, or holobiont relevance",0.98,True,False,s2
10.1128/aem.64.9.3336-3345.1998,1998.0,Variations of Bacterial Populations in Human Feces Measured by Fluorescent In Situ Hybridization with Group-Specific 16S rRNA-Targeted Oligonucleotide Probes,Applied and Environmental Microbiology,1139,exclude,"FISH molecular hybridization technique on human feces, not organism hybridization or hybrid zone microbiome",0.98,True,False,s2
10.1186/1471-2180-1-20,2001.0,Utilization of tmRNA sequences for bacterial identification,BMC Microbiology,60,exclude,"Technical tmRNA/FISH bacterial identification method, not host-hybrid microbiota study; molecular hybridization sense excluded",0.97,True,False,s2
10.5817/cpr2025-2-14,2026.0,Psychrotolerant enterobacters inhabiting the gut of Antarctic fishes of the family Nototheniidae and description of Enterobacter hoffmannii subsp. nototheniae subsp. nov.,Czech Polar Reports,1,exclude,"Taxonomic description of new Enterobacter species in Antarctic fish gut, no hybridization or host genetics link",0.96,True,False,s2
10.11606/t.42.2009.tde-09022010-122205,2009.0,Diversidade de bactérias em amostras de água do mar no canal de São Sebastião,,1,exclude,"Free seawater bacterioplankton diversity study, no host organism or hybridization context",0.98,True,False,s2
10.1590/1807-3107bor-2016.vol30.0087,2016.0,Longitudinal study on clinical and microbial analysis of periodontal status in pregnancy.,Brazilian Oral Research,15,exclude,"Human periodontal microbiome using FISH probe technique, no animal/plant hybridization or host genetics link",0.98,True,False,s2
10.1093/ecco-jcc/jjae190.0363,2025.0,P0189 Microbial and Molecular Profiling of the appendix of pediatric patients with inflammatory bowel diseases,Journal of Crohn's & Colitis,0,exclude,"Human pediatric IBD appendix microbiome study, clinical, unrelated to hybridization or host genetics",0.97,True,False,s2
10.1002/ps.8571,2024.0,Symbiotic bacteria play crucial roles in a herbivorous mite host suitability.,Pest Management Science,1,exclude,"Herbivorous mite host-plant suitability study, no hybridization/hybrid zone, uses FISH not host hybrid microbiome context",0.95,True,False,s2
10.3390/w17223208,2025.0,Sustainable Polyculture of Hybrid Yellow Catfish (Pelteobagrus fulvidraco ♀ × P. vachelli ♂) and Chinese Olive Mussel (Solenaia oleivora) Enhances Water Quality and Modulates Bacterial Community Assembly in Pond Ecosystems,Water,0,exclude,"Aquaculture polyculture water quality/growth study, pond bacterial community, no natural hybridization zone or host-microbiome genetics",0.96,True,False,s2
10.1016/j.jep.2022.115919,2022.0,Gegen Qinlian decoction activates AhR/IL-22 to repair intestinal barrier by modulating gut microbiota-related tryptophan metabolism in ulcerative colitis mice.,Journal of Ethnopharmacology,95,exclude,"Mouse UC drug study on gut microbiota-tryptophan metabolism, unrelated to hybridization or host genetics",0.98,True,False,s2
10.1093/ismejo/wrag076,2026.0,Unique microbial communities and phylosymbiosis signals in herpetofauna,The ISME Journal,0,exclude,"Phylosymbiosis meta-analysis across herpetofauna species/body sites, not hybrid zones or host genotype-microbiome heritability",0.88,True,False,s2
10.1016/j.ygeno.2023.110629,2023.0,Intestinal epigenotype of Atlantic salmon (Salmo salar) associates with tenacibaculosis and gut microbiota composition.,Genomics,12,exclude,"Aquaculture disease/epigenetics study in salmon, no hybridization or host genotype-microbiota ancestry framework",0.93,True,False,s2
10.1371/journal.pone.0192164,2018.0,The bacterial community associated with the sheep gastrointestinal nematode parasite Haemonchus contortus,PLoS ONE,47,exclude,"Parasite microbiote study, no hybridization zone, no host genetic ancestry comparison; unrelated to review scope",0.95,True,False,s2
10.1186/s12866-025-03845-4,2025.0,Bacterial translocation and gut microbiome imbalance in an experimental infection model of legionellosis in guinea pigs,BMC Microbiology,3,exclude,"Clinical infection model in guinea pigs, no hybridization or host genetics, uses FISH probes not organismal hybrids",0.97,True,False,s2
10.1016/j.fsi.2025.110705,2025.0,Lipid Metabolism and Immune Crosstalk in Fish Gut-Liver Axis: Insights from SOCS8 Knockout and Dietary Stress Models.,Fish and Shellfish Immunology,4,exclude,"Aquaculture disease/immunometabolic model study, no hybridization or host-microbiota genetic association addressed",0.95,True,False,s2
10.1016/j.fsi.2025.110500,2025.0,"Sodium butyrate promoted the skin wound healing in turbot,Scophthalmus maximus L.",Fish and Shellfish Immunology,4,exclude,"Aquaculture dietary supplement study on wound healing, no hybridization or host genetics question",0.97,True,False,s2
10.1101/2025.09.30.679663,2026.0,Micro-scale spatial metagenomics: revealing high-resolution spatial biogeography of gut microbiomes,bioRxiv,3,exclude,"Chicken gut methodological metagenomics study, no hybridization zone, no host genetics/ancestry link",0.96,True,True,s2
10.1016/j.envpol.2025.127344,2025.0,The threat is in the details - critical gap in ecotoxicological assessment of Microcystis blooms revealed by critical distinctions of genotype effects induced on Medaka fish.,Environmental Pollution,2,exclude,"Ecotoxicology of cyanotoxins on Medaka gut microbiota; no hybridization, host genetics, or hybrid zone context",0.96,True,False,s2
10.1128/aem.00789-20,2020.0,Fish Skin and Gut Microbiomes Show Contrasting Signatures of Host Species and Habitat,Applied and Environmental Microbiology,116,exclude,"Compares species/habitat effects across tissues in wild fish, but no hybridization or host genetic ancestry component",0.85,True,False,s2
10.1371/journal.pone.0147321,2016.0,Alterations of the Ileal and Colonic Mucosal Microbiota in Canine Chronic Enteropathies,PLoS ONE,65,exclude,"Canine clinical gut microbiota study using FISH; no hybridization zone, host genetics, or hybrid comparison",0.97,True,False,s2
10.1111/jwas.70036,2025.0,Commercial probiotics enhance growth and immunity of white shrimp (Litopenaeus vannamei) and resistence to infection by Vibrio parahaemolyticus,Journal of the World Aquaculture Society,3,exclude,"Aquaculture probiotic study on shrimp growth/immunity, no hybridization or evolutionary host-microbiome question",0.98,True,False,s2
10.1128/msystems.00331-19,2018.0,Highly Reproducible 16S Sequencing Facilitates Measurement of Host Genetic Influences on the Stickleback Gut Microbiome,mSystems,13,include,"Fish gut microbiome study testing host genetic line effects, relevant to heritability/host genetic control framing",0.7,True,False,s2
10.1002/aah.10174,2023.0,Cutaneous ulcerative lesions of unknown etiology affecting lionfish Pterois spp. in the Gulf of Mexico.,Journal of Aquatic Animal Health,1,exclude,"Disease pathology in invasive lionfish hybrids, not host genetics-microbiome hybridization zone study",0.93,True,False,s2
10.1186/s12864-016-2858-0,2016.0,Abstracts from the 3rd International Genomic Medicine Conference (3rd IGMC 2015),BMC Genomics,34,exclude,"Conference abstracts on human genomic medicine topics, unrelated to hybridization, microbiota, or host-microbe genetics",0.98,True,False,s2
10.1097/ju.0000000000000824.03,2020.0,PD04-03 THE IMPACT OF ANTIBIOTICS ON THE RENAL MICROBIOME,Journal of Urology,1,exclude,"Human renal microbiome and antibiotic study; unrelated to fish hybridization, no host genetics/hybrid zone context",0.98,True,False,s2
10.1038/srep11763,2015.0,Long noncoding RNA expression profiles in gut tissues constitute molecular signatures that reflect the types of microbes,Scientific Reports,91,exclude,"Mouse gnotobiotic lncRNA study, no hybridization zone, no host genetic-microbiome hybrid comparison",0.95,True,False,s2
10.1186/s12864-024-10674-8,2024.0,Transcriptomics and gut microbiome analysis of the edible herb Bidens pilosa as a functional feed additive to promote growth and metabolism in tilapia (Oreochromis spp.),BMC Genomics,11,exclude,"Aquaculture feed additive study on tilapia growth/microbiome, no hybridization or host genetics evolutionary question",0.97,True,False,s2
10.3389/fmars.2024.1378735,2024.0,A comparative analysis of growth and nutritional quality of the hybrid grouper (Epinephelus fuscoguttatus ♀ × Epinephelus lanceolatus ♂) in a simulated pond system and a recirculating aquaculture system,Frontiers in Marine Science,6,exclude,"Aquaculture production study of hybrid grouper, growth/nutrition focus, no evolutionary host-microbiota question",0.97,True,False,s2
10.1158/0008-5472.can-25-3400,2026.0,Intratumoral P. copri Reprograms MARCO+ Tumor-Associated Macrophages by Depleting Glycerophosphocholine to Drive Colorectal Cancer Progression.,Cancer Research,2,exclude,"Human colorectal cancer microbiome study, no hybridization, no host genetics/hybrid zone context",0.98,True,False,s2
10.1080/19490976.2024.2350156,2024.0,Biofilms and core pathogens shape the tumor microenvironment and immune phenotype in colorectal cancer,Gut microbes,26,exclude,"Human colorectal cancer microbiome study, uses FISH technique, unrelated to hybridization or host genetics/hybrids",0.98,True,False,s2
10.1038/s41598-026-64457-0,2026.0,Biocomputational exploration of intestinal keystone taxa and digesta versus mucus-associated markers in intensively reared hybrid African catfish (Clarias gariepinus × Heterobranchus longifilis),Scientific Reports,0,exclude,"Aquaculture probiotic/compartment study on farmed hybrid catfish, no wild hybrid zone or host genetics link",0.9,True,False,s2
10.3791/62779,2021.0,An Intestinal Gut Organ Culture System for Analyzing Host-Microbiota Interactions.,Journal of Visualized Experiments,4,exclude,"Méthode de culture d'organe intestinal chez souris/humain, sans hybridation, zone d'hybridation ni génétique de l'hôte",0.96,True,False,s2
10.1016/j.aqrep.2020.100456,2020.0,Enteritis in hybrid sturgeon (Acipenser schrenckii♂ × Acipenser baeri♀) caused by intestinal microbiota disorder,Aquaculture Reports,12,exclude,"Aquaculture disease study of cultured hybrid sturgeon, no wild hybridization zone or host genetic control question",0.93,True,False,s2
10.1245/s10434-024-16288-4,2025.0,The Relationship Between Gut Microbiome Bifidobacterium and Anti-tumor Immune Responses in Esophageal Squamous Cell Carcinoma,Annals of Surgical Oncology,3,exclude,"Human clinical cancer microbiome study, unrelated to hybridization or host genetics/hybrid zones",0.98,True,False,s2
10.1158/0008-5472.can-20-2983,2021.0,Diet alters entero-mammary signaling to regulate the breast microbiome and tumorigenesis,Cancer Research,81,exclude,"Human breast cancer/diet-microbiome study, no hybridization or host genetics context",0.98,True,False,s2
10.1155/anu/1003936,2026.0,From Brewery Waste to Sustainable Aquafeed: Harnessing Nannochloropsis Microalgae for Fishmeal‐Free Gilthead Sea Bream Diets,Aquaculture Nutrition,0,exclude,"Aquaculture feeding study, no hybridization or host genetic-microbiota question, applied fish diet research",0.97,True,False,s2
10.3791/62646,2021.0,"Visualization of Gut Microbiota-host Interactions via Fluorescence In Situ Hybridization, Lectin Staining, and Imaging.",Journal of Visualized Experiments,8,exclude,"FISH microscopy technique paper, molecular hybridization method, not host hybrid zone or genetic ancestry microbiome study",0.97,True,False,s2
10.1161/str.51.suppl_1.108,2020.0,Abstract 108: Sex Differences in Stroke-induced Lymphocyte Responses in the Gut Epithelia,Stroke,0,exclude,"Mouse stroke gut immunology study, no hybridization zone, no host genetic ancestry-microbiome link",0.98,True,False,s2
10.1186/s40793-026-00851-5,2026.0,Dietary rayon microfibers differentially reshape rearing water and host associated microbiomes of farmed European sea bass (Dicentrarchus labrax),Environmental Microbiome,0,exclude,"Aquaculture microplastic diet study, no hybridization, no host genetics-microbiome link relevant to review",0.95,True,False,s2
10.1002/fsn3.3946,2024.0,Anti‐inflammatory effects of bay laurel (Laurus nobilis L.) towards the gut microbiome in dextran sodium sulfate induced colitis animal models,Food Science & Nutrition,11,exclude,"Rat colitis/gut microbiome diet study using FISH; no hybridization zone, no host genetics, clinical/animal model unrelated to fish hybrids",0.97,True,False,s2
10.1038/s41467-022-30849-9,2022.0,Disentangling the genetic basis of rhizosphere microbiome assembly in tomato,Nature Communications,181,exclude,"Tomato QTL rhizosphere study: crop breeding trait, not hybridization zone or animal/plant hybrid vs parental comparison",0.85,True,False,openalex
10.1371/journal.pbio.3001417,2021.0,The microbiome impacts host hybridization and speciation,PLoS Biology,27,include,"Synthèse holobionte/hybridation-spéciation, cadre conceptuel directement pertinent pour cadrage de l'article",0.85,True,False,openalex
,2006.0,Metabolomics of a superorganism,Research Explorer (The University of Manchester),239,exclude,"Human metabolomics/superorganism concept paper, clinical human microbiome, no hybridization or host genetics link",0.95,True,False,openalex
10.1111/2041-210x.14279,2024.0,A conceptual framework for host‐associated microbiomes of hybrid organisms,Methods in Ecology and Evolution,3,include,Conceptual framework for hybrid host microbiomes; directly frames intermediate/transgressive dominance models and holobiont theory,0.95,True,False,openalex
10.1101/2020.09.11.282681,2020.0,Deep-sea mussels from a hybrid zone on the Mid-Atlantic Ridge host genetically indistinguishable symbionts,bioRxiv (Cold Spring Harbor Laboratory),6,include,"Natural hybrid zone, host-symbiont microbiome study, tests host genetics vs geography/environment as drivers",0.85,True,True,openalex
10.3389/fmicb.2021.782135,2022.0,Significance of the Diversification of Wheat Species for the Assembly and Functioning of the Root-Associated Microbiome,Frontiers in Microbiology,23,exclude,"Wheat root microbiome review focused on domestication/agronomy, not animal hybrid zone or evolutionary microbiome question",0.9,True,False,openalex
10.1186/s40793-022-00421-5,2022.0,Deciphering core phyllomicrobiome assemblage on rice genotypes grown in contrasting agroclimatic zones: implications for phyllomicrobiome engineering against blast disease,Environmental Microbiome,39,exclude,"Rice phyllomicrobiome across agroclimatic zones/genotypes, not hybridization/hybrid zone study; no host hybrid index comparison",0.95,True,False,openalex
10.1038/s41467-024-49162-8,2024.0,Microbiome and epigenetic variation in wild fish with low genetic diversity,Nature Communications,14,exclude,"Two killifish species compared, not a natural hybridization zone with hybrid index; no hybrid-host focus",0.75,True,False,openalex
10.1101/2023.05.01.538925,2023.0,A Conceptual Framework for Host-Associated Microbiomes of Hybrid Organisms,bioRxiv (Cold Spring Harbor Laboratory),1,include,"Cadre conceptuel holobionte pour microbiote d'hybrides, intermédiaire/transgressif, applicable au cadrage théorique",0.9,True,True,openalex
10.1111/eva.13435,2022.0,Cryptic diversity and spatial genetic variation in the coral Acropora tenuis and its endosymbionts across the Great Barrier Reef,Evolutionary Applications,53,exclude,"Coral-algal symbiont genetics, not host-microbiome study of hybrid zone between two animal species",0.85,True,False,openalex
10.1111/mec.17370,2024.0,Determinants of microbiome composition: Insights from free‐ranging hybrid zebras (Equus quagga × grevyi),Molecular Ecology,3,include,"Empirical hybrid zone microbiome study comparing hybrids vs parent species, testing host genetic/maternal determinants of assembly",0.85,True,False,openalex
10.1007/s11056-021-09865-y,2021.0,Complexities underlying the breeding and deployment of Dutch elm disease resistant elms,New Forests,48,exclude,"Dutch elm disease breeding/pathogen resistance, no hybrid zone microbiome study or host-microbiota genetic analysis",0.97,True,False,openalex
10.1126/sciadv.aed3360,2026.0,Lost and found: Rediscovering microbiome-associated phenotypes that reshape agricultural sustainability,Science Advances,3,exclude,"Agronomic maize-teosinte introgression for nitrogen use efficiency, no natural hybrid zone or holobiont evolutionary framing",0.9,True,False,openalex
10.1111/jzo.70044,2025.0,Parthenogenic hybrid geckos differ from their sexual counterparts in skin microbiomes but not in rates of water loss,Journal of Zoology,1,include,"Empirical skin microbiome study comparing hybrid vs sexual lineages, host genetic lineage vs local environment partitioning",0.75,True,False,openalex
10.1186/s12983-019-0300-6,2019.0,The Australian dingo: untamed or feral?,Frontiers in Zoology,40,exclude,"Dingo taming/domestication debate, not empirical microbiote study of hybridization zone",0.95,True,False,openalex
10.1002/evan.21962,2022.0,Reticulate evolution underlies synergistic trait formation in human communities,Evolutionary Anthropology Issues News and Reviews,13,exclude,"Conceptual paper on human sociocultural reticulate evolution, not empirical fish hybrid microbiote study",0.96,True,False,openalex
10.1016/j.eja.2023.126890,2023.0,Cultivation potential of Vanilla crop wild relatives in two contrasting land use systems,European Journal of Agronomy,18,exclude,"Agronomic study of Vanilla cultivation/yield, no microbiote, unrelated to hybrid zone microbiome",0.98,True,False,openalex
10.1186/s12862-021-01773-1,2021.0,"Gut microbiota in two recently diverged passerine species: evaluating the effects of species identity, habitat use and geographic distance",BMC Ecology and Evolution,18,include,"Zone d'hybridation naturelle, comparaison microbiote intestinal entre espèces proches et compartiments intestinaux, cadre spéciation",0.75,True,False,openalex
10.3390/d16070410,2024.0,Root-Zone Bacterial Diversity in Field-Grown Individual Plants from Alfalfa Lines with Wild Relatives in Their Genetic Backgrounds,Diversity,2,exclude,"Root-zone soil bacteria of alfalfa hybrids for forage yield, not host-associated microbiome hybridization study",0.9,True,False,openalex
10.1016/j.dsr.2021.103685,2021.0,"Genetic diversity, gene flow and hybridization in fan-shaped sponges (Phakellia spp.) in the North-East Atlantic deep sea",Deep Sea Research Part I Oceanographic Research Papers,15,exclude,"Deep-sea sponges, not cyprinid fish hybrid zone; hybridization/microbiote incidental, no host-genotype microbiote framework relevant",0.8,True,False,openalex
10.1038/s41598-026-44592-4,2026.0,Sympatric Lepus spp. in the central Italian Alps host significantly different gut microbiotas,Scientific Reports,1,exclude,"Sympatry, not hybridization; no hybrid microbiome comparison or genetic ancestry index used",0.85,True,False,openalex
,2025.0,The influence of host genetics and microbial interactions on the gut microbiome composition of a wild baboon population,Open Scholarship Institutional Repository (Washington University in St. Louis),0,include,"Wild baboon hybrid zone, host genetic ancestry index vs gut microbiome, holobiont/hybridization framework directly relevant",0.75,True,False,openalex
10.1016/j.jnc.2025.127172,2025.0,Plant conservation hologenomics: integrating population genomics with mycobiome assessments for protected orchid species,Journal for Nature Conservation,1,include,"Holobiont framework linking host population genomics to mycobiome across taxa with introgression, host vs environment partition",0.75,True,False,openalex
10.1093/hr/uhad272,2023.0,"A QTL of eggplant shapes the rhizosphere bacterial community, co-responsible for resistance to bacterial wilt",Horticulture Research,14,exclude,"Rhizosphere microbiome QTL in crop disease resistance, not hybridization zone or hybrid host comparison",0.95,True,False,openalex
10.23889/suthesis.67285,2024.0,Effect of early rearing conditions on the behaviour and microbiome of fish with low genetic diversity,,0,exclude,"Killifish genetic strains/rearing environment, not natural hybridization zone or hybrid vs parental comparison",0.85,True,False,openalex
10.3390/ani16060863,2026.0,Improved Growth and Reproductive Performance and Reshaped Gut Microbiota in Jining Grey Goats Through Nubian Crossbreeding,Animals,0,exclude,"Aquaculture/livestock crossbreeding for production traits, not natural hybrid zone or evolutionary hologenome question",0.93,True,False,openalex
10.1128/aem.00133-15,2015.0,Breeding Strategy To Generate Robust Yeast Starter Cultures for Cocoa Pulp Fermentations,Applied and Environmental Microbiology,48,exclude,"Aquaculture-type yeast starter breeding for cocoa fermentation, not host-microbiome hybridization biology",0.97,True,False,openalex
,2014.0,Ecological and evolutionary forces shaping variation in the wild mouse gut microbiome,Max Planck Digital Library,0,include,"Wild house mouse hybrid zone study; transgressive gut microbiome phenotypes, QTL mapping, host genetic control of assembly",0.95,True,False,openalex
10.1101/2021.09.28.462095,2021.0,Key features of the genetic architecture and evolution of host-microbe interactions revealed by high-resolution genetic mapping of the mucosa-associated gut microbiome in hybrid mice,bioRxiv (Cold Spring Harbor Laboratory),0,include,"Hybrid house mice zone study linking host genetics/heritability to gut microbiome, directly supports frame (ii)",0.85,True,True,openalex
10.3389/fmicb.2018.02972,2018.0,Genetic Effects on the Gut Microbiota Assemblages of Hybrid Fish From Parents With Different Feeding Habits,Frontiers in Microbiology,88,include,"Empirical hybrid fish gut microbiota study showing host genetic control/dominance vs parental species, relevant to frames i and ii",0.85,True,False,openalex
10.1094/phyto.2002.92.12.1300,2002.0,Wheat Genotype-Specific Induction of Soil Microbial Communities Suppressive to Disease Incited by Rhizoctonia solani Anastomosis Group (AG)-5 and AG-8,Phytopathology,109,exclude,"Soil microbial suppression by wheat genotype; agronomic disease context, no hybridization or hybrid microbiote study",0.95,True,False,openalex-snowball
10.1111/1462-2920.12686,2014.0,Bacterial networks and co‐occurrence relationships in the lettuce root microbiota,Environmental Microbiology,235,exclude,"Lettuce root microbiota domestication study, not hybridization zone or hybrid vs parental host comparison",0.95,True,False,openalex-snowball
10.1186/s40168-019-0668-8,2019.0,"Rhizosphere microbiomes diverge among Populus trichocarpa plant-host genotypes and chemotypes, but it depends on soil origin",Microbiome,181,exclude,"Rhizosphere soil microbiome vs plant genotype/soil origin, not hybridization or host-tissue comparison",0.95,True,False,openalex-snowball
10.1186/s40168-024-01770-8,2024.0,Host genotype-specific rhizosphere fungus enhances drought resistance in wheat,Microbiome,108,exclude,"Wheat rhizosphere drought study; not hybridization zone, not animal/plant hybrid microbiome comparison, agronomic focus",0.95,True,False,openalex-snowball
10.1111/ele.13755,2021.0,Microbe‐mediated adaptation in plants,Ecology Letters,96,exclude,"Conceptual review on plant microbe-mediated adaptation; no hybridization zone, no empirical host microbiome data",0.9,True,False,openalex-snowball
10.1890/09-1236.1,2010.0,A genetic basis to community repeatability and stability,Ecology,96,exclude,"Plant-arthropod community heritability study, not host microbiome nor hybrid zone/microbiota context",0.9,True,False,openalex-snowball
10.7717/peerj.804,2015.0,Wild plant species growing closely connected in a subalpine meadow host distinct root-associated bacterial communities,PeerJ,92,exclude,"Différentes espèces végétales voisines, pas d'hybrides ni zone d'hybridation/introgression étudiée",0.93,True,False,openalex-snowball
10.1111/j.1600-0706.2011.19195.x,2011.0,Soil microbial communities adapt to genetic variation in leaf litter inputs,Oikos,79,exclude,"Soil microbial community study on aspen litter genotypes, not host-associated microbiote or hybridization zone",0.95,True,False,openalex-snowball
10.1016/j.scitotenv.2022.159136,2022.0,"Soil salinity, not plant genotype or geographical distance, shapes soil microbial community of a reed wetland at a fine scale in the Yellow River Delta",The Science of The Total Environment,63,exclude,"Soil microbiome and plant genotype in wetland, not hybridization/hybrid zone or host-microbiome heritability",0.92,True,False,openalex-snowball
10.1002/ecy.3142,2020.0,Soil precipitation legacies influence intraspecific plant–soil feedback,Ecology,58,exclude,"Plant-soil feedback and genotype study, not host microbiome hybridization or hybrid zone context",0.97,True,False,openalex-snowball
10.1007/s00248-017-1055-2,2017.0,Host Genotype and Nitrogen Form Shape the Root Microbiome of Pinus radiata,Microbial Ecology,58,exclude,"Pinus radiata genotype study, no hybridization zone, no hybrid vs parental comparison, plant not animal hybrid",0.95,True,False,openalex-snowball
10.1111/1365-2745.12270,2014.0,Differentiating genetic and environmental drivers of plant–pathogen community interactions,Journal of Ecology,52,exclude,"Plant genotype-pathogen community study, not hybridization zone nor host microbiome comparison across hybrids",0.88,True,False,openalex-snowball
10.1126/science.1240659,2013.0,The Hologenomic Basis of Speciation: Gut Bacteria Cause Hybrid Lethality in the Genus Nasonia,Science,417,include,"Empirical hybrid vs parental gut microbiome study, holobiont/speciation framework, host genetic control of assembly",0.9,True,False,openalex-snowball
10.1111/mec.12206,2013.0,The role of biogeography in shaping diversity of the intestinal microbiota in house mice,Molecular Ecology,226,exclude,"House mouse gut microbiota vs geography/genetics, not hybridization zone or hybrid vs parental comparison",0.85,True,False,openalex-snowball
10.1111/mec.13169,2015.0,"Kinship, inbreeding and fine‐scale spatial structure influence gut microbiota in a hindgut‐fermenting tortoise",Molecular Ecology,121,exclude,"Kinship/inbreeding and gut microbiota in tortoise, no hybridization or hybrid zone, single species only",0.9,True,False,openalex-snowball
10.3389/fmicb.2016.01367,2016.0,Spatial and Temporal Dynamics of Pacific Oyster Hemolymph Microbiota across Multiple Scales,Frontiers in Microbiology,103,exclude,"Étude de génétique de population d'oysters, pas d'hybridation ni comparaison espèces parentales/hybrides",0.85,True,False,openalex-snowball
10.1101/gr.154773.113,2013.0,Sympatric chimpanzees and gorillas harbor convergent gut microbial communities,Genome Research,192,exclude,"Étude sur hôte-genre distinct (grands singes), pas hybridation ni index hybride, plutôt sympatrie/environnement",0.9,True,True,openalex-snowball
10.1038/nature25973,2018.0,Environment dominates over host genetics in shaping human gut microbiota,Nature,3020,exclude,"Human gut microbiome study, clinical/genetic ancestry context, no hybridization or non-human host system",0.97,True,False,openalex-snowball
10.1146/annurev-genet-110711-155532,2017.0,The Relationship Between the Human Genome and Microbiome Comes into View,Annual Review of Genetics,326,exclude,"Human microbiome heritability review, no hybridization or non-human host genetics involved",0.95,True,False,openalex-snowball
10.1016/j.celrep.2017.01.062,2017.0,Host Genotype and Gut Microbiome Modulate Insulin Secretion and Diet-Induced Metabolic Phenotypes,Cell Reports,190,exclude,"Souches de souris inbred, pas de zone d'hybridation naturelle ni comparaison hybrides vs parents",0.9,True,False,openalex-snowball
10.1111/1758-2229.12482,2016.0,Changes in the rumen microbiome and metabolites reveal the effect of host genetics on hybrid crosses,Environmental Microbiology Reports,51,include,Empirical hybrid vs parental rumen microbiome study showing host genetic control of microbial assembly,0.75,True,False,openalex-snowball
10.1098/rspb.2019.2900,2020.0,An introduction to phylosymbiosis,Proceedings of the Royal Society B Biological Sciences,316,include,"Review linking host genetics, phylosymbiosis, hybridization and microbiome disruption; supports genetic control/holobiont framing",0.85,True,False,openalex-snowball
10.1126/science.aba5483,2021.0,Gut microbiome heritability is nearly universal but environmentally contingent,Science,278,include,"Empirical study of gut microbiome heritability and host genetic control, relevant to framing (ii)",0.8,True,False,openalex-snowball
10.1073/pnas.2108787118,2021.0,Microbiome stability and structure is governed by host phylogeny over diet and geography in woodrats ( Neotoma spp.),Proceedings of the National Academy of Sciences,121,include,"Empirical host-phylogeny vs diet/geography control of gut microbiome across related species, supports heritability/genetic control framing",0.72,True,False,openalex-snowball
10.1002/ajp.22970,2019.0,Primate microbiomes over time: Longitudinal answers to standing questions in microbiome research,American Journal of Primatology,80,exclude,"Primate gut microbiome longitudinal review, no hybridization, no hybrid zone, unrelated host system",0.95,True,False,openalex-snowball
10.1101/700237,2019.0,Can the microbiome influence host evolutionary trajectories?,bioRxiv (Cold Spring Harbor Laboratory),31,exclude,"Conceptual/theoretical review on microbiome-host evolution, no hybrid zone, no empirical host microbiota data",0.85,True,True,openalex-snowball
10.1080/19490976.2023.2178797,2023.0,How longitudinal data can contribute to our understanding of host genetic effects on the gut microbiome,Gut Microbes,25,exclude,"Conceptual/methodological review on host genetics and gut microbiome, not empirical hybridization study",0.85,True,False,openalex-snowball
10.1128/msystems.01269-20,2021.0,Structure of Chimpanzee Gut Microbiomes across Tropical Africa,mSystems,23,exclude,"Chimpanzee gut microbiome geographic study, not hybrid zone/hybridization or host genotype-microbiome heritability design",0.85,True,False,openalex-snowball
10.1002/ece3.6934,2020.0,Mechanisms governing avian phylosymbiosis: Genetic dissimilarity based on neutral and MHC regions exhibits little relationship with gut microbiome distributions of Galápagos mockingbirds,Ecology and Evolution,20,exclude,"Phylosymbiosis across allopatric species/islands, not hybrid zone or hybridization/introgression study between taxa",0.85,True,False,openalex-snowball
10.1111/jeb.14208,2023.0,Environmental effects rather than relatedness determine gut microbiome similarity in a social mammal,Journal of Evolutionary Biology,15,exclude,"Non-hybrid social mammal study; addresses relatedness vs environment, not hybridization or hybrid microbiome",0.9,True,False,openalex-snowball
10.1002/ajp.23555,2023.0,Diet‐related factors strongly shaped the gut microbiota of Japanese macaques,American Journal of Primatology,13,exclude,"Étude sur populations de macaques et régime alimentaire, pas d'hybridation ni de zone d'hybridation naturelle",0.92,True,False,openalex-snowball
10.1101/2021.11.24.469913,2021.0,Synchrony and idiosyncrasy in the gut microbiome of wild baboons,bioRxiv (Cold Spring Harbor Laboratory),9,exclude,"Wild baboon gut microbiome individuality study; no hybridization, host genetics-microbiome link only tangential, no hybrid zone.",0.95,True,True,openalex-snowball
10.1111/1749-4877.12963,2025.0,Phylosymbiosis and Parallel Geographical Patterns in the Gut Microbiota of Desert‐Dwelling Amphibians and Reptiles,Integrative Zoology,5,exclude,"Phylosymbiosis across species/geography, no hybridization zone or hybrid vs parental host comparison",0.9,True,False,openalex-snowball
10.1002/ece3.70471,2024.0,"Microbiota Associated With Ototyphlonemertes Species (Nemertea, Hoplonemertea, Monostilifera, Ototyphlonemertidae) Reveal Evidence of Phylosymbiosis",Ecology and Evolution,4,exclude,"Phylosymbiosis across species, not hybridization zone; no hybrid vs parental comparison or genetic ancestry index",0.9,True,False,openalex-snowball
10.1128/mmbr.00050-14,2015.0,The Hidden World within Plants: Ecological and Evolutionary Considerations for Defining Functioning of Microbial Endophytes,Microbiology and Molecular Biology Reviews,2706,exclude,"General endophyte review, no hybridization, hybrid zones, or host genotype-microbiome empirical study",0.93,True,False,openalex-snowball
10.1073/pnas.1302837110,2013.0,Diversity and heritability of the maize rhizosphere microbiome under field conditions,Proceedings of the National Academy of Sciences,1814,include,"Demonstrates host genetic heritability of rhizosphere microbiome, directly supporting frame (ii) genetic control of assembly",0.75,True,False,openalex-snowball
10.1016/j.chom.2015.01.011,2015.0,Structure and Function of the Bacterial Root Microbiota in Wild and Domesticated Barley,Cell Host & Microbe,1475,exclude,"Wild vs domesticated barley genotype effect, not hybridization/introgression zone or hybrid microbiota comparison",0.9,True,False,openalex-snowball
10.1111/1462-2920.12442,2014.0,Root microbiome relates to plant host evolution in maize and other P oaceae,Environmental Microbiology,278,exclude,"Root microbiome vs plant phylogeny across species, not hybridization zone or hybrid vs parental comparison",0.85,True,False,openalex-snowball
10.1007/s11104-016-3113-9,2016.0,The Cucurbita pepo seed microbiome: genotype-specific composition and implications for breeding,Plant and Soil,187,exclude,"Cultivated pumpkin seed/rhizosphere microbiome genotype study, no hybridization zone, agronomic breeding focus",0.9,True,False,openalex-snowball
10.1111/nph.14323,2016.0,"Plant domestication and the assembly of bacterial and fungal communities associated with strains of the common sunflower, Helianthus annuus",New Phytologist,221,exclude,"Domestication strains of crop plant studied for agronomic microbiome, not hybridization/hybrid zone or host genetic control of assembly",0.9,True,False,openalex-snowball
10.1186/s40168-018-0403-x,2018.0,Apple endophytic microbiota of different rootstock/scion combinations suggests a genotype-specific influence,Microbiome,188,exclude,"Grafted apple rootstock/scion combos, not natural hybridization zone or hybrid vs parental species comparison",0.88,True,False,openalex-snowball
10.1094/pbiomes-06-18-0029-r,2018.0,Tomato Seeds Preferably Transmit Plant Beneficial Endophytes,Phytobiomes Journal,188,exclude,"Tomato endophyte transmission study, no hybridization zone or hybrid vs parental comparison involved",0.94,True,False,openalex-snowball
10.1016/j.tim.2022.10.009,2022.0,From seed to seed: the role of microbial inheritance in the assembly of the plant microbiome,Trends in Microbiology,190,exclude,"Plant microbiome inheritance review, not hybridization/hybrid zone study, no host genotype-microbiome association tested",0.85,True,False,openalex-snowball
10.3390/ijms26051922,2025.0,Unraveling the Mechanism of the Endophytic Bacterial Strain Pseudomonas oryzihabitans GDW1 in Enhancing Tomato Plant Growth Through Modulation of the Host Transcriptome and Bacteriome,International Journal of Molecular Sciences,29,exclude,"PGP endophyte study on tomato growth promotion, not hybridization or host-microbiome hybrid comparison",0.97,True,False,openalex-snowball
10.3389/fmicb.2022.1075399,2023.0,Plant genotype influence the structure of cereal seed fungal microbiome,Frontiers in Microbiology,16,exclude,"Génotype de cultivars de céréales, pas d'hybridation ni de zone hybride naturelle, cadre agronomique",0.9,True,False,openalex-snowball
10.3389/fmicb.2023.1065302,2023.0,Environmental factors and host genotype control foliar epiphytic microbial community of wild soybeans across China,Frontiers in Microbiology,15,exclude,"Étude de génotype vs environnement sur microbiote foliaire, pas d'hybridation ni de zone d'hybridation naturelle",0.85,True,False,openalex-snowball
10.1093/g3journal/jkad286,2023.0,Microbiome-enabled genomic selection improves prediction accuracy for nitrogen-related traits in maize,G3 Genes Genomes Genetics,12,exclude,"Maize genomic selection/agronomic trait study, no hybridization zone or host-microbiome evolutionary framing",0.95,True,False,openalex-snowball
10.1002/ece3.11218,2024.0,Host genetics and larval host plant modulate microbiome structure and evolution underlying the intimate insect–microbe–plant interactions in Parnassius species on the Qinghai‐Tibet Plateau,Ecology and Evolution,8,exclude,"Insect gut microbiome across species/host plants, no hybridization or hybrid zone studied",0.85,True,False,openalex-snowball
10.1080/14735903.2025.2480955,2025.0,Exploring the impact of altitude variability and apple genotype on the epiphytic microbiome,International Journal of Agricultural Sustainability,7,exclude,"Apple cultivar epiphytic microbiome study, agronomic focus, no hybridization or animal host-genetics context",0.95,True,False,openalex-snowball
10.1007/s00248-024-02409-9,2024.0,Implications of Domestication in Theobroma cacao L. Seed-Borne Microbial Endophytes Diversity,Microbial Ecology,5,exclude,"Cacao domestication/genotype endophytes, no natural hybrid zone or hybridization comparison to parental species microbiota",0.93,True,False,openalex-snowball
10.1101/2023.11.23.568511,2023.0,Host signature as major driver of root and rhizosphere core microbiomes that differently affect plant functional traits,bioRxiv (Cold Spring Harbor Laboratory),2,exclude,"Plant species comparison, not hybrids vs parental species; no hybridization zone or introgression studied",0.9,True,True,openalex-snowball
10.1101/2024.08.17.607925,2024.0,Transgressive Hybrids as Hopeful Holobionts,bioRxiv (Cold Spring Harbor Laboratory),1,include,"Empirical hybrid lizard microbiota vs parental species, transgressive segregation, holobiont framework directly relevant to frame (i)",0.83,True,True,openalex-snowball
10.1101/2022.07.21.500963,2022.0,Plant genotype influence the structure of cereal seed fungal microbiome,bioRxiv (Cold Spring Harbor Laboratory),1,exclude,"Genotype effect on cereal seed fungal microbiome, no hybridization/introgression zone or hybrid comparison",0.9,True,True,openalex-snowball
10.1007/s10886-026-01692-9,2026.0,"The Effects of Acorn Origin, Environmental Microbiomes and Local Adaptation on the Leaf Metabolome",Journal of Chemical Ecology,1,exclude,"Oak seedling metabolome/microbiome study, no hybridization, no host-microbiota heritability or ancestry-index framework",0.95,True,False,openalex-snowball
10.1371/journal.pone.0031335,2012.0,PCR-TTGE Analysis of 16S rRNA from Rainbow Trout (Oncorhynchus mykiss) Gut Microbiota Reveals Host-Specific Communities of Active Bacteria,PLoS ONE,196,exclude,"Host genetics vs diet in trout gut microbiota, but no hybridization/introgression zone studied",0.85,True,False,openalex-snowball
10.1111/jam.12663,2014.0,Comparative study on gastrointestinal microbiota of eight fish species with different feeding habits,Journal of Applied Microbiology,196,exclude,"Comparative feeding-habit gut microbiota across species, no hybridization/hybrid zone, aquaculture feed focus",0.85,True,False,openalex-snowball
10.3389/fmicb.2017.00454,2017.0,"Multi-Omics Analysis Reveals a Correlation between the Host Phylogeny, Gut Microbiota and Metabolite Profiles in Cyprinid Fishes",Frontiers in Microbiology,93,exclude,"Host phylogeny vs gut microbiota across species, not natural hybridization/hybrid zone or introgression study",0.85,True,False,openalex-snowball
10.3390/microorganisms10050891,2022.0,Research Progress of the Gut Microbiome in Hybrid Fish,Microorganisms,59,include,"Review covers hybrid fish gut microbiome vs parental species, speciation relevance, matches frameworks (i) and (ii)",0.75,True,False,openalex-snowball
10.3389/fmicb.2018.01073,2018.0,Comparison of Channel Catfish and Blue Catfish Gut Microbiota Assemblages Shows Minimal Effects of Host Genetics on Microbial Structure and Inferred Function,Frontiers in Microbiology,55,exclude,"Compares two catfish species/strains under controlled aquaculture, not natural hybridization zone or hybrid microbiota",0.85,True,False,openalex-snowball
10.1016/j.aqrep.2023.101648,2023.0,"Gut microbiota, host genetics and phenotypes in aquatic animals: A review",Aquaculture Reports,37,unclear,"Review on host genetics-gut microbiota in aquatic animals, relevant to frame (ii)/(iii) but no hybridization/empirical data",0.55,True,False,openalex-snowball
10.1007/s00248-022-01993-y,2022.0,Successional Changes of Microbial Communities and Host-Microbiota Interactions Contribute to Dietary Adaptation in Allodiploid Hybrid Fish,Microbial Ecology,33,unclear,No abstract; title suggests relevant hybrid fish microbiota study but content unverifiable,0.3,False,False,openalex-snowball
10.1016/j.aquaculture.2024.741948,2024.0,Dynamic changes in gut microbiota and production phenotypes driven by host genetic background in large yellow croaker,Aquaculture,6,exclude,"Aquaculture production study on host genetics, no hybridization/hybrid zone or evolutionary framing",0.75,False,False,openalex-snowball
10.1111/jam.15616,2022.0,Gut microbiota communities of reciprocal hybrids from koi (Cyprinus carpio) and goldfish (Carassius auratus) are more similar to koi than goldfish,Journal of Applied Microbiology,4,include,"Empirical gut microbiome comparison of fish hybrids vs parental species, showing dominance pattern relevant to framework (i)",0.8,True,False,openalex-snowball
10.1186/s42523-025-00461-5,2025.0,Patterns and influencing factors of intestinal microbiota from different groupers,Animal Microbiome,3,exclude,"Aquaculture grouper hybrids, focus on farming factors (disease, diet, antibiotics), not natural hybrid zone/host genetics framework",0.85,True,False,openalex-snowball
10.1093/femsec/fiaf007,2025.0,"Community assembly of gut microbiomes in yolk sac fry of Atlantic salmon: host genetics, environmental microbiomes, and ecological processes",FEMS Microbiology Ecology,2,exclude,"Aquaculture salmon strains study, no hybridization zone/hybrid comparison, focuses on rearing water environment effects",0.92,True,False,openalex-snowball
10.3390/ani16060895,2026.0,Reciprocal Hybridization Between Herbivorous and Carnivorous Sub-Cold-Water Fish Reveals Divergent Intestinal Characteristics and Microbiome Assembly,Animals,0,include,"Compares gut microbiome across parental species and hybrids, host genetics vs environment, tissue segments",0.75,True,False,openalex-snowball
10.2139/ssrn.4882840,2024.0,Dynamic Changes in Gut Microbiota and Production Phenotypes Driven by Host Genetic Background In Large Yellow Croaker,SSRN Electronic Journal,0,exclude,"Aquaculture production traits in single species, no hybridization/hybrid zone context, no abstract detail",0.75,False,False,openalex-snowball
10.1073/pnas.1007028107,2010.0,Individuality in gut microbiota composition is a complex polygenic trait shaped by multiple environmental and host genetic factors,Proceedings of the National Academy of Sciences,1376,include,"QTL mapping shows host genetic control of gut microbiota, supports heritability/host-genetics framing (ii)",0.75,True,False,openalex-snowball
10.1186/s13059-015-0759-1,2015.0,Host genetic variation impacts microbiome composition across human body sites,Genome biology,806,exclude,"Human microbiome-genetics association study, clinical/human context, no hybridization or non-human host system",0.93,True,False,openalex-snowball
