dada2_id,individual_id,run_label,library,tissue,site_code,station,riviere,latitude,longitude,date_collecte,annee,individual,categorie,categorie_aout_12chr,type_genome,inclus_passe1,qvalues_foie,index_mediane_andre,delta_mediane_quart,taxon_code_avant_genotypage,plate,well,well_row,well_col,col_rank_site,col_rank_station,qc_flag
14Ain1001Cn01A__durance1,2014_Ain_1001,durance1,A,caudale,Ain,Pont-d'Ain,Suran,46.048,5.324,2014-08-12,2014,1001,Cn,Cn,pur,True,True,0.9999,0.02987200000000001,Cn,1,A01,A,01,1,1,
14Ain1038Pt01A__durance1,2014_Ain_1038,durance1,A,caudale,Ain,Chavannes-sur-Suran,Suran,46.264389,5.429444,2014-08-12,2014,1038,Pt,Pt,pur,True,True,0.0001,0.0105608,Pt,1,A02,A,02,2,2,
15Cab1003Ch01A__durance1,2015_Cab_1003,durance1,A,caudale,Cab,Pont-d'Ain,Suran,46.048,5.324,2015-08-26,2015,1003,Cn,Cn,pur,True,True,0.9790135,0.04033549999999997,Ch,1,A03,A,03,2,3,
15Cab1011Ch01A__durance1,2015_Cab_1011,durance1,A,caudale,Cab,Chavannes-sur-Suran,Suran,46.264389,5.429444,2015-08-26,2015,1011,Pt,Pt,pur,True,False,0.00042399999999997995,0.0,Ch,1,A04,A,04,3,4,
15Cab1019Ch01A__durance1,2015_Cab_1019,durance1,A,caudale,Cab,Chavannes-sur-Suran,Suran,46.264389,5.429444,2015-08-26,2015,1019,Pt,Pt,pur,True,True,0.0001,0.0,Ch,1,A05,A,05,4,5,
14Avi1008Cn01A__durance1,2014_Avi_1008,durance1,A,caudale,Avi,Avignon,Durance,43.913,4.820722,2014-07-17;2015-07-10,2014,1008,Cn,Cn,pur,True,True,0.9790425,0.04159250000000003,Cn,1,A06,A,06,2,2,
14Bue1005Cn01A__durance1,2014_Bue_1005,durance1,A,caudale,Bue,Confluence Buech-Meouge,Buech,44.262,5.828,2014-07-03;2015-07-17,2014,1005,Cn,Cn,pur,True,True,0.996529,0.015122999999999998,Cn,1,A07,A,07,2,2,mock_contaminated
14Bue1015Ch01A__durance1,2014_Bue_1015,durance1,A,caudale,Bue,Confluence Buech-Meouge,Buech,44.262,5.828,2014-07-03;2015-07-17,2014,1015,Pt,Pt,pur,True,True,0.0001,0.027206,Ch,1,A08,A,08,3,3,
14Man1011Ch01A__durance1,2014_Man_1011,durance1,A,caudale,Man,Manosque-Oraison,Durance,43.919667,5.896278,2014-07-23,2014,1011,Hy,Pt,quasi-pur,False,True,0.0001,0.0034689200000000003,Ch,1,A09,A,09,2,2,
14Man1019Ch01A__durance1,2014_Man_1019,durance1,A,caudale,Man,Manosque-Oraison,Durance,43.919667,5.896278,2014-07-23,2014,1019,Pt,Pt,pur,True,True,0.0001,0.00794395,Ch,1,A10,A,10,3,3,
14Per2011Ch01A__durance1,2014_Per_2011,durance1,A,caudale,Per,Pertuis,Durance,43.668139,5.493,2014-07-07;2014-08-20,2014,2011,Pt,Pt,pur,True,True,0.0001,0.0198136,Ch,1,A11,A,11,2,2,
14Per2011Ch01A-bis__durance1,2014_Per_2011,durance1,A,caudale,Per,Pertuis,Durance,43.668139,5.493,2014-07-07;2014-08-20,2014,2011,Pt,Pt,pur,True,True,0.0001,0.0198136,Ch,1,A12,A,12,3,3,
14Ain1002Cn01A__durance1,2014_Ain_1002,durance1,A,caudale,Ain,Pont-d'Ain,Suran,46.048,5.324,2014-08-12,2014,1002,Cn,Cn,pur,True,True,0.9999,0.027077000000000018,Cn,1,B01,B,01,1,1,
14Ain1039Pt01A__durance1,2014_Ain_1039,durance1,A,caudale,Ain,Chavannes-sur-Suran,Suran,46.264389,5.429444,2014-08-12,2014,1039,Pt,Pt,pur,True,True,0.0001,0.0118913,Pt,1,B02,B,02,2,2,
15Cab1004Ch01A__durance1,2015_Cab_1004,durance1,A,caudale,Cab,Pont-d'Ain,Suran,46.048,5.324,2015-08-26,2015,1004,Cn,Cn,pur,True,True,0.9916195,0.051615500000000036,Ch,1,B03,B,03,2,3,
15Cab1012Ch01A__durance1,2015_Cab_1012,durance1,A,caudale,Cab,Chavannes-sur-Suran,Suran,46.264389,5.429444,2015-08-26,2015,1012,Pt,Pt,pur,True,True,0.0001,0.0024834600000000003,Ch,1,B04,B,04,3,4,
14Avi1001Cn01A__durance1,2014_Avi_1001,durance1,A,caudale,Avi,Avignon,Durance,43.913,4.820722,2014-07-17;2015-07-10,2014,1001,Cn,Cn,pur,True,True,0.9999,0.014294000000000029,Cn,1,B05,B,05,1,1,
14Avi1036Cn01A__durance1,2014_Avi_1036,durance1,A,caudale,Avi,Avignon,Durance,43.913,4.820722,2014-07-17;2015-07-10,2014,1036,Cn,Cn,pur,True,True,0.9999,0.025182000000000038,Cn,1,B06,B,06,2,2,
14Bue1006Cn01A__durance1,2014_Bue_1006,durance1,A,caudale,Bue,Confluence Buech-Meouge,Buech,44.262,5.828,2014-07-03;2015-07-17,2014,1006,Hy,Hy,intermediaire,True,True,0.9466924999999999,0.09561849999999994,Cn,1,B07,B,07,2,2,
14Bue1016Ch01A__durance1,2014_Bue_1016,durance1,A,caudale,Bue,Confluence Buech-Meouge,Buech,44.262,5.828,2014-07-03;2015-07-17,2014,1016,Hy,Pt,quasi-pur,False,True,0.0001,0.025033800000000002,Ch,1,B08,B,08,3,3,
14Man1012Ch01A__durance1,2014_Man_1012,durance1,A,caudale,Man,Manosque-Oraison,Durance,43.919667,5.896278,2014-07-23,2014,1012,Pt,Pt,pur,True,True,0.0001,0.00126172,Ch,1,B09,B,09,2,2,
14Man1020Ch01A__durance1,2014_Man_1020,durance1,A,caudale,Man,Manosque-Oraison,Durance,43.919667,5.896278,2014-07-23,2014,1020,Hy,Pt,quasi-pur,False,True,0.0001,0.00115361,Ch,1,B10,B,10,3,3,
14Per2012Ch01A__durance1,2014_Per_2012,durance1,A,caudale,Per,Pertuis,Durance,43.668139,5.493,2014-07-07;2014-08-20,2014,2012,Pt,Pt,pur,True,True,0.0001,0.0,Ch,1,B11,B,11,2,2,
14Per2012Ch01A-bis__durance1,2014_Per_2012,durance1,A,caudale,Per,Pertuis,Durance,43.668139,5.493,2014-07-07;2014-08-20,2014,2012,Pt,Pt,pur,True,True,0.0001,0.0,Ch,1,B12,B,12,3,3,
14Ain1011Pt01A__durance1,2014_Ain_1011,durance1,A,caudale,Ain,Chavannes-sur-Suran,Suran,46.264389,5.429444,2014-08-12,2014,1011,Pt,Pt,pur,True,True,0.0001,0.00132522,Pt,1,C01,C,01,1,1,
14Ain1040Pt01A__durance1,2014_Ain_1040,durance1,A,caudale,Ain,Chavannes-sur-Suran,Suran,46.264389,5.429444,2014-08-12,2014,1040,Pt,Pt,pur,True,True,0.0001,0.029344600000000002,Pt,1,C02,C,02,2,2,
15Cab1005Ch01A__durance1,2015_Cab_1005,durance1,A,caudale,Cab,Pont-d'Ain,Suran,46.048,5.324,2015-08-26,2015,1005,Cn,Cn,pur,True,True,0.9999,0.04226799999999997,Ch,1,C03,C,03,2,3,
15Cab1013Ch01A__durance1,2015_Cab_1013,durance1,A,caudale,Cab,Chavannes-sur-Suran,Suran,46.264389,5.429444,2015-08-26,2015,1013,Pt,Pt,pur,True,True,0.0001,0.0639904,Ch,1,C04,C,04,3,4,
14Avi1002Cn01A__durance1,2014_Avi_1002,durance1,A,caudale,Avi,Avignon,Durance,43.913,4.820722,2014-07-17;2015-07-10,2014,1002,Cn,Cn,pur,True,True,0.9999,0.01569799999999999,Cn,1,C05,C,05,1,1,
14Avi1037-01A__durance1,2014_Avi_1037,durance1,A,caudale,Avi,Avignon,Durance,43.913,4.820722,2014-07-17;2015-07-10,2014,1037,Cn,Cn,pur,True,True,0.9999,0.114066,Cn,1,C06,C,06,2,2,
14Bue1007Cn01A__durance1,2014_Bue_1007,durance1,A,caudale,Bue,Confluence Buech-Meouge,Buech,44.262,5.828,2014-07-03;2015-07-17,2014,1007,Cn,Cn,pur,True,True,0.9999,0.013390000000000013,Cn,1,C07,C,07,2,2,
14Bue1017Ch01A__durance1,2014_Bue_1017,durance1,A,caudale,Bue,Confluence Buech-Meouge,Buech,44.262,5.828,2014-07-03;2015-07-17,2014,1017,Pt,Pt,pur,True,True,0.0001,0.0436135,Ch,1,C08,C,08,3,3,
14Man1013Ch01A__durance1,2014_Man_1013,durance1,A,caudale,Man,Manosque-Oraison,Durance,43.919667,5.896278,2014-07-23,2014,1013,Pt,Pt,pur,True,True,0.0001,0.0236388,Ch,1,C09,C,09,2,2,
14Man1021Ch01A__durance1,2014_Man_1021,durance1,A,caudale,Man,Manosque-Oraison,Durance,43.919667,5.896278,2014-07-23,2014,1021,Hy,Hy,intermediaire,True,True,0.2179825,0.1247321,Ch,1,C10,C,10,3,3,
14Per2013Ch01A__durance1,2014_Per_2013,durance1,A,caudale,Per,Pertuis,Durance,43.668139,5.493,2014-07-07;2014-08-20,2014,2013,Hy,Hy,intermediaire,True,True,0.2097815,0.1761465,Ch,1,C11,C,11,2,2,
14Ain1012Pt01A__durance1,2014_Ain_1012,durance1,A,caudale,Ain,Chavannes-sur-Suran,Suran,46.264389,5.429444,2014-08-12,2014,1012,Pt,Pt,pur,True,True,0.0001,0.034025599999999996,Pt,1,D01,D,01,1,1,
14Ain1041Pt01A__durance1,2014_Ain_1041,durance1,A,caudale,Ain,Chavannes-sur-Suran,Suran,46.264389,5.429444,2014-08-12,2014,1041,Pt,Pt,pur,True,True,0.0001,0.0032175100000000002,Pt,1,D02,D,02,2,2,
15Cab1006Ch01A__durance1,2015_Cab_1006,durance1,A,caudale,Cab,Pont-d'Ain,Suran,46.048,5.324,2015-08-26,2015,1006,Cn,Cn,pur,True,True,0.9676345,0.0767025,Ch,1,D03,D,03,2,3,
15Cab1014Ch01A__durance1,2015_Cab_1014,durance1,A,caudale,Cab,Chavannes-sur-Suran,Suran,46.264389,5.429444,2015-08-26,2015,1014,Pt,Pt,pur,True,True,0.0001,0.0,Ch,1,D04,D,04,3,4,
14Avi1003Cn01A__durance1,2014_Avi_1003,durance1,A,caudale,Avi,Avignon,Durance,43.913,4.820722,2014-07-17;2015-07-10,2014,1003,Cn,Cn,pur,True,True,0.9999,0.002593999999999985,Cn,1,D05,D,05,1,1,
14Avi1038Cn01A__durance1,2014_Avi_1038,durance1,A,caudale,Avi,Avignon,Durance,43.913,4.820722,2014-07-17;2015-07-10,2014,1038,Cn,Cn,pur,True,True,0.9999,0.017442999999999986,Cn,1,D06,D,06,2,2,
14Bue1008Cn01A__durance1,2014_Bue_1008,durance1,A,caudale,Bue,Confluence Buech-Meouge,Buech,44.262,5.828,2014-07-03;2015-07-17,2014,1008,Cn,Cn,pur,True,True,0.9999,0.019206999999999974,Cn,1,D07,D,07,2,2,
14Bue1018Ch01A__durance1,2014_Bue_1018,durance1,A,caudale,Bue,Confluence Buech-Meouge,Buech,44.262,5.828,2014-07-03;2015-07-17,2014,1018,Pt,Pt,pur,True,True,0.0001,0.009559940000000001,Ch,1,D08,D,08,3,3,
14Man1014Ch01A__durance1,2014_Man_1014,durance1,A,caudale,Man,Manosque-Oraison,Durance,43.919667,5.896278,2014-07-23,2014,1014,Pt,Pt,pur,True,True,0.0001,0.0023953100000000003,Ch,1,D09,D,09,2,2,
14Man1022Ch01A__durance1,2014_Man_1022,durance1,A,caudale,Man,Manosque-Oraison,Durance,43.919667,5.896278,2014-07-23,2014,1022,Pt,Pt,pur,True,True,0.0001,0.010545200000000001,Ch,1,D10,D,10,3,3,
14Per2014Ch01A__durance1,2014_Per_2014,durance1,A,caudale,Per,Pertuis,Durance,43.668139,5.493,2014-07-07;2014-08-20,2014,2014,Pt,Pt,pur,True,True,0.0001,0.0,Ch,1,D11,D,11,2,2,
14Ain1013Pt01A__durance1,2014_Ain_1013,durance1,A,caudale,Ain,Chavannes-sur-Suran,Suran,46.264389,5.429444,2014-08-12,2014,1013,Pt,Pt,pur,True,True,0.0001,0.0099728,Pt,1,E01,E,01,1,1,
14Ain1042Pt01A__durance1,2014_Ain_1042,durance1,A,caudale,Ain,Chavannes-sur-Suran,Suran,46.264389,5.429444,2014-08-12,2014,1042,Pt,Pt,pur,True,True,0.0001,0.0252761,Pt,1,E02,E,02,2,2,
15Cab1007Ch01A__durance1,2015_Cab_1007,durance1,A,caudale,Cab,Pont-d'Ain,Suran,46.048,5.324,2015-08-26,2015,1007,Cn,Cn,pur,True,True,0.986855,0.040076,Ch,1,E03,E,03,2,3,
15Cab1015Ch01A__durance1,2015_Cab_1015,durance1,A,caudale,Cab,Chavannes-sur-Suran,Suran,46.264389,5.429444,2015-08-26,2015,1015,Pt,Pt,pur,True,True,0.0001,0.0122371,Ch,1,E04,E,04,3,4,
14Avi1004Cn01A__durance1,2014_Avi_1004,durance1,A,caudale,Avi,Avignon,Durance,43.913,4.820722,2014-07-17;2015-07-10,2014,1004,Cn,Cn,pur,True,True,0.9999,0.01977300000000004,Cn,1,E05,E,05,1,1,
14Bue1001Cn01A__durance1,2014_Bue_1001,durance1,A,caudale,Bue,Confluence Buech-Meouge,Buech,44.262,5.828,2014-07-03;2015-07-17,2014,1001,Cn,Cn,pur,True,False,0.9878026,0.0,Cn,1,E06,E,06,1,1,mock_contaminated
14Bue1011Ch01A__durance1,2014_Bue_1011,durance1,A,caudale,Bue,Confluence Buech-Meouge,Buech,44.262,5.828,2014-07-03;2015-07-17,2014,1011,Pt,Pt,pur,True,True,0.0001,0.0232161,Ch,1,E07,E,07,2,2,
14Bue1019Ch01A__durance1,2014_Bue_1019,durance1,A,caudale,Bue,Confluence Buech-Meouge,Buech,44.262,5.828,2014-07-03;2015-07-17,2014,1019,Pt,Pt,pur,True,True,0.0001,0.0,Ch,1,E08,E,08,3,3,
14Man1015Ch01A__durance1,2014_Man_1015,durance1,A,caudale,Man,Manosque-Oraison,Durance,43.919667,5.896278,2014-07-23,2014,1015,Pt,Pt,pur,True,True,0.0001,0.0,Ch,1,E09,E,09,2,2,
14Per1011Ch01A__durance1,2014_Per_1011,durance1,A,caudale,Per,Pertuis,Durance,43.668139,5.493,2014-07-07;2014-08-20,2014,1011,Pt,Pt,pur,True,True,0.0001,0.01805,Ch,1,E10,E,10,1,1,
14Per2015Ch01A__durance1,2014_Per_2015,durance1,A,caudale,Per,Pertuis,Durance,43.668139,5.493,2014-07-07;2014-08-20,2014,2015,Pt,Pt,pur,True,True,0.0001,0.0,Ch,1,E11,E,11,2,2,
14Ain1014Pt01A__durance1,2014_Ain_1014,durance1,A,caudale,Ain,Chavannes-sur-Suran,Suran,46.264389,5.429444,2014-08-12,2014,1014,Pt,Pt,pur,True,True,0.0001,0.0193883,Pt,1,F01,F,01,1,1,
14Ain1043Pt01A__durance1,2014_Ain_1043,durance1,A,caudale,Ain,Chavannes-sur-Suran,Suran,46.264389,5.429444,2014-08-12,2014,1043,Pt,Pt,pur,True,True,0.0001,0.0059209399999999995,Pt,1,F02,F,02,2,2,mock_contaminated
15Cab1008Ch01A__durance1,2015_Cab_1008,durance1,A,caudale,Cab,Pont-d'Ain,Suran,46.048,5.324,2015-08-26,2015,1008,Cn,Cn,pur,True,True,0.997914,0.01697700000000002,Ch,1,F03,F,03,2,3,
15Cab1016Ch01A__durance1,2015_Cab_1016,durance1,A,caudale,Cab,Chavannes-sur-Suran,Suran,46.264389,5.429444,2015-08-26,2015,1016,Pt,Pt,pur,True,True,0.0001,0.00194113,Ch,1,F04,F,04,3,4,
14Avi1005Cn01A__durance1,2014_Avi_1005,durance1,A,caudale,Avi,Avignon,Durance,43.913,4.820722,2014-07-17;2015-07-10,2014,1005,Cn,Cn,pur,True,True,0.9999,0.08110799999999996,Cn,1,F05,F,05,1,1,
14Bue1002Cn01A__durance1,2014_Bue_1002,durance1,A,caudale,Bue,Confluence Buech-Meouge,Buech,44.262,5.828,2014-07-03;2015-07-17,2014,1002,Cn,Cn,pur,True,False,0.989712,0.0,Cn,1,F06,F,06,1,1,
14Bue1012Ch01A__durance1,2014_Bue_1012,durance1,A,caudale,Bue,Confluence Buech-Meouge,Buech,44.262,5.828,2014-07-03;2015-07-17,2014,1012,Pt,Pt,pur,True,True,0.0001,0.0,Ch,1,F07,F,07,2,2,
14Man1001Cn01A__durance1,2014_Man_1001,durance1,A,caudale,Man,Manosque-Oraison,Durance,43.919667,5.896278,2014-07-23,2014,1001,Pt,Pt,pur,True,True,0.0001,0.0031458500000000004,Cn,1,F08,F,08,1,1,
14Man1016Ch01A__durance1,2014_Man_1016,durance1,A,caudale,Man,Manosque-Oraison,Durance,43.919667,5.896278,2014-07-23,2014,1016,Pt,Pt,pur,True,True,0.0001,0.00548115,Ch,1,F09,F,09,2,2,
14per1012Ch01A__durance1,2014_Per_1012,durance1,A,caudale,Per,Pertuis,Durance,43.668139,5.493,2014-07-07;2014-08-20,2014,1012,Pt,Pt,pur,True,True,0.0001,0.00345481,Ch,1,F10,F,10,1,1,
14Ain1036Cn01A__durance1,2014_Ain_1036,durance1,A,caudale,Ain,Pont-d'Ain,Suran,46.048,5.324,2014-08-12,2014,1036,Cn,Cn,pur,True,True,0.9634205,0.05584849999999997,Cn,1,G01,G,01,1,1,
15Cab1001Ch01A__durance1,2015_Cab_1001,durance1,A,caudale,Cab,Pont-d'Ain,Suran,46.048,5.324,2015-08-26,2015,1001,Cn,Cn,pur,True,True,0.9999,0.07011200000000006,Ch,1,G02,G,02,1,2,
15Cab1009Ch01A__durance1,2015_Cab_1009,durance1,A,caudale,Cab,Pont-d'Ain,Suran,46.048,5.324,2015-08-26,2015,1009,Hy,Hy,intermediaire,True,True,0.8998935,0.13065250000000006,Ch,1,G03,G,03,2,3,
15Cab1017Ch01A__durance1,2015_Cab_1017,durance1,A,caudale,Cab,Chavannes-sur-Suran,Suran,46.264389,5.429444,2015-08-26,2015,1017,Pt,Pt,pur,True,True,0.0001,0.0135881,Ch,1,G04,G,04,3,4,
14Avi1006Cn01A__durance1,2014_Avi_1006,durance1,A,caudale,Avi,Avignon,Durance,43.913,4.820722,2014-07-17;2015-07-10,2014,1006,Cn,Cn,pur,True,True,0.9999,0.03937199999999996,Cn,1,G05,G,05,1,1,
14Bue1003Cn01A__durance1,2014_Bue_1003,durance1,A,caudale,Bue,Confluence Buech-Meouge,Buech,44.262,5.828,2014-07-03;2015-07-17,2014,1003,Cn,Cn,pur,True,True,0.9999,0.05878899999999998,Cn,1,G06,G,06,1,1,
14Bue1013Ch01A__durance1,2014_Bue_1013,durance1,A,caudale,Bue,Confluence Buech-Meouge,Buech,44.262,5.828,2014-07-03;2015-07-17,2014,1013,Pt,Pt,pur,True,True,0.0001,0.023389300000000002,Ch,1,G07,G,07,2,2,
14Man1002Cn01A__durance1,2014_Man_1002,durance1,A,caudale,Man,Manosque-Oraison,Durance,43.919667,5.896278,2014-07-23,2014,1002,Hy,Hy,quasi-pur,False,True,0.0001,0.366158,Cn,1,G08,G,08,1,1,
14Man1017Ch01A__durance1,2014_Man_1017,durance1,A,caudale,Man,Manosque-Oraison,Durance,43.919667,5.896278,2014-07-23,2014,1017,Pt,Pt,pur,True,True,0.0001,0.0,Ch,1,G09,G,09,2,2,
14per1013Ch01A__durance1,2014_Per_1013,durance1,A,caudale,Per,Pertuis,Durance,43.668139,5.493,2014-07-07;2014-08-20,2014,1013,Pt,Pt,pur,True,True,0.0001,0.0,Ch,1,G10,G,10,1,1,
14Ain1037Cn01A__durance1,2014_Ain_1037,durance1,A,caudale,Ain,Pont-d'Ain,Suran,46.048,5.324,2014-08-12,2014,1037,Cn,Cn,pur,True,True,0.9999,0.021923000000000026,Cn,1,H01,H,01,1,1,
15Cab1002Ch01A__durance1,2015_Cab_1002,durance1,A,caudale,Cab,Pont-d'Ain,Suran,46.048,5.324,2015-08-26,2015,1002,Cn,Cn,pur,True,True,0.9624035,0.043770499999999934,Ch,1,H02,H,02,1,2,
15Cab1010Ch01A__durance1,2015_Cab_1010,durance1,A,caudale,Cab,Pont-d'Ain,Suran,46.048,5.324,2015-08-26,2015,1010,Hy,Hy,intermediaire,True,True,0.759876,0.07340000000000002,Ch,1,H03,H,03,2,3,
15Cab1018Ch01A__durance1,2015_Cab_1018,durance1,A,caudale,Cab,Chavannes-sur-Suran,Suran,46.264389,5.429444,2015-08-26,2015,1018,Pt,Pt,pur,True,True,0.0001,0.018595900000000002,Ch,1,H04,H,04,3,4,
14Avi1007Cn01A__durance1,2014_Avi_1007,durance1,A,caudale,Avi,Avignon,Durance,43.913,4.820722,2014-07-17;2015-07-10,2014,1007,Cn,Cn,pur,True,True,0.9999,0.010548000000000002,Cn,1,H05,H,05,1,1,
14Bue1004Cn01A__durance1,2014_Bue_1004,durance1,A,caudale,Bue,Confluence Buech-Meouge,Buech,44.262,5.828,2014-07-03;2015-07-17,2014,1004,Cn,Cn,pur,True,True,0.9999,0.01164900000000002,Cn,1,H06,H,06,1,1,mock_contaminated
14Bue1014Ch01A__durance1,2014_Bue_1014,durance1,A,caudale,Bue,Confluence Buech-Meouge,Buech,44.262,5.828,2014-07-03;2015-07-17,2014,1014,Pt,Pt,pur,True,True,0.00459266,0.015245940000000001,Ch,1,H07,H,07,2,2,
14Man1010Cn01A__durance1,2014_Man_1010,durance1,A,caudale,Man,Manosque-Oraison,Durance,43.919667,5.896278,2014-07-23,2014,1010,Hy,Pt,quasi-pur,False,True,0.0001,0.0,Cn,1,H08,H,08,1,1,
14Man1018Ch01A__durance1,2014_Man_1018,durance1,A,caudale,Man,Manosque-Oraison,Durance,43.919667,5.896278,2014-07-23,2014,1018,Pt,Pt,pur,True,True,0.0001,0.0202354,Ch,1,H09,H,09,2,2,
14per1014Ch01A__durance1,2014_Per_1014,durance1,A,caudale,Per,Pertuis,Durance,43.668139,5.493,2014-07-07;2014-08-20,2014,1014,Pt,Pt,pur,True,True,0.0001,0.006368319999999999,Ch,1,H10,H,10,1,1,
15Bau1001Ch01A__durance1,2015_Bau_1001,durance1,A,caudale,Bau,Rosieres,Beaume,44.475,4.264,2015-07-22,2015,1001,Pt,Pt,pur,True,True,0.0001,0.0011884,Ch,2,A01,A,01,1,1,
15Bau1009Ch01A__durance1,2015_Bau_1009,durance1,A,caudale,Bau,Rosieres,Beaume,44.475,4.264,2015-07-22,2015,1009,Pt,Pt,pur,True,True,0.0001,0.0190407,Ch,2,A02,A,02,2,2,
15Bau1017Ch01A__durance1,2015_Bau_1017,durance1,A,caudale,Bau,Rosieres,Beaume,44.475,4.264,2015-07-22,2015,1017,Pt,Pt,pur,True,True,0.01931,0.026522699999999996,Ch,2,A03,A,03,3,3,
15Bau1025Ch01A__durance1,2015_Bau_1025,durance1,A,caudale,Bau,Rosieres,Beaume,44.475,4.264,2015-07-22,2015,1025,Pt,Pt,pur,True,True,0.019029945,0.066665255,Ch,2,A04,A,04,4,4,
15Jus1008Ch01A__durance1,2015_Jus_1008,durance1,A,caudale,Jus,Saint-Just-d'Ardeche,Ardeche,44.286,4.597833,2015-07-21,2015,1008,Pt,Pt,pur,True,False,0.045518999999999976,0.01,Ch,2,A05,A,05,2,2,
15Jus1016Ch01A__durance1,2015_Jus_1016,durance1,A,caudale,Jus,Saint-Just-d'Ardeche,Ardeche,44.286,4.597833,2015-07-21,2015,1016,Hy,Hy,quasi-pur,False,True,0.9999,0.23044900000000001,Ch,2,A06,A,06,3,3,
15Caa1005Ch01A__durance1,2015_Caa_1005,durance1,A,caudale,Caa,Canal (usine du Largue),Canal,43.853389,5.858444,2015-09-08,2015,1005,Cn,Cn,pur,True,True,0.9999,0.031225000000000058,Ch,2,A07,A,07,2,2,
15Caa1013Ch01A__durance1,2015_Caa_1013,durance1,A,caudale,Caa,Canal (usine du Largue),Canal,43.853389,5.858444,2015-09-08,2015,1013,Pt,Pt,pur,True,True,0.0001,0.0214899,Ch,2,A08,A,08,3,3,
15Avi1001Cn01A__durance1,2015_Avi_1001,durance1,A,caudale,Avi,Avignon,Durance,43.913,4.820722,2014-07-17;2015-07-10,2015,1001,Hy,Hy,quasi-pur,False,True,0.9999,0.36144699999999996,Cn,2,A09,A,09,3,3,
15Avi1009Cn01A__durance1,2015_Avi_1009,durance1,A,caudale,Avi,Avignon,Durance,43.913,4.820722,2014-07-17;2015-07-10,2015,1009,Cn,Cn,pur,True,True,0.9999,0.06070900000000001,Cn,2,A10,A,10,4,4,
15Bue1004Ch01A__durance1,2015_Bue_1004,durance1,A,caudale,Bue,Confluence Buech-Meouge,Buech,44.262,5.828,2014-07-03;2015-07-17,2015,1004,Pt,Pt,pur,True,True,0.0001,0.0,Ch,2,A11,A,11,5,5,
15Bue1012Ch01A__durance1,2015_Bue_1012,durance1,A,caudale,Bue,Confluence Buech-Meouge,Buech,44.262,5.828,2014-07-03;2015-07-17,2015,1012,Hy,Hy,quasi-pur,False,True,0.0001,0.393005,Ch,2,A12,A,12,6,6,
15Bau1002Ch01A__durance1,2015_Bau_1002,durance1,A,caudale,Bau,Rosieres,Beaume,44.475,4.264,2015-07-22,2015,1002,Pt,Pt,pur,True,True,0.0001,0.00046527,Ch,2,B01,B,01,1,1,
15Bau1010Ch01A__durance1,2015_Bau_1010,durance1,A,caudale,Bau,Rosieres,Beaume,44.475,4.264,2015-07-22,2015,1010,Hy,Hy,quasi-pur,False,True,0.0001,0.375879,Ch,2,B02,B,02,2,2,
15Bau1018Ch01A__durance1,2015_Bau_1018,durance1,A,caudale,Bau,Rosieres,Beaume,44.475,4.264,2015-07-22,2015,1018,Pt,Pt,pur,True,True,0.0001,0.0420278,Ch,2,B03,B,03,3,3,
15Jus1001Ch01A__durance1,2015_Jus_1001,durance1,A,caudale,Jus,Saint-Just-d'Ardeche,Ardeche,44.286,4.597833,2015-07-21,2015,1001,Pt,Pt,pur,True,True,0.0001,0.0,Ch,2,B04,B,04,1,1,
15Jus1009Ch01A__durance1,2015_Jus_1009,durance1,A,caudale,Jus,Saint-Just-d'Ardeche,Ardeche,44.286,4.597833,2015-07-21,2015,1009,Hy,Hy,intermediaire,True,True,0.4761105,0.2859385,Ch,2,B05,B,05,2,2,
15Jus1017Ch01A__durance1,2015_Jus_1017,durance1,A,caudale,Jus,Saint-Just-d'Ardeche,Ardeche,44.286,4.597833,2015-07-21,2015,1017,Cn,Cn,pur,True,True,0.9999,0.022872000000000003,Ch,2,B06,B,06,3,3,
15Caa1006Ch01A__durance1,2015_Caa_1006,durance1,A,caudale,Caa,Canal (usine du Largue),Canal,43.853389,5.858444,2015-09-08,2015,1006,Hy,Hy,intermediaire,True,True,0.9211665,0.07827249999999997,Ch,2,B07,B,07,2,2,
15Caa1014Ch01A__durance1,2015_Caa_1014,durance1,A,caudale,Caa,Canal (usine du Largue),Canal,43.853389,5.858444,2015-09-08,2015,1014,Pt,Pt,pur,True,True,0.0001,0.008547260000000001,Ch,2,B08,B,08,3,3,
15Avi1002Cn01A__durance1,2015_Avi_1002,durance1,A,caudale,Avi,Avignon,Durance,43.913,4.820722,2014-07-17;2015-07-10,2015,1002,Hy,Hy,intermediaire,True,True,0.529004,0.06558199999999992,Cn,2,B09,B,09,3,3,
15Avi1010Cn01A__durance1,2015_Avi_1010,durance1,A,caudale,Avi,Avignon,Durance,43.913,4.820722,2014-07-17;2015-07-10,2015,1010,Cn,Cn,pur,True,True,0.9999,0.023951999999999973,Cn,2,B10,B,10,4,4,
15Bue1005Ch01A__durance1,2015_Bue_1005,durance1,A,caudale,Bue,Confluence Buech-Meouge,Buech,44.262,5.828,2014-07-03;2015-07-17,2015,1005,Hy,Hy,intermediaire,True,True,0.130852,0.06826000000000002,Ch,2,B11,B,11,5,5,
15Bue1013Ch01A__durance1,2015_Bue_1013,durance1,A,caudale,Bue,Confluence Buech-Meouge,Buech,44.262,5.828,2014-07-03;2015-07-17,2015,1013,Pt,Pt,pur,True,True,0.0001,0.0261861,Ch,2,B12,B,12,6,6,
15Bau1003Ch01A__durance1,2015_Bau_1003,durance1,A,caudale,Bau,Rosieres,Beaume,44.475,4.264,2015-07-22,2015,1003,Pt,Pt,pur,True,True,0.0001,0.0,Ch,2,C01,C,01,1,1,
15Bau1011Ch01A__durance1,2015_Bau_1011,durance1,A,caudale,Bau,Rosieres,Beaume,44.475,4.264,2015-07-22,2015,1011,Pt,Pt,pur,True,True,0.00156659,0.04267271,Ch,2,C02,C,02,2,2,
15Bau1019Ch01A__durance1,2015_Bau_1019,durance1,A,caudale,Bau,Rosieres,Beaume,44.475,4.264,2015-07-22,2015,1019,Hy,Pt,quasi-pur,False,True,0.0001,0.00373055,Ch,2,C03,C,03,3,3,
15Jus1002Ch01A__durance1,2015_Jus_1002,durance1,A,caudale,Jus,Saint-Just-d'Ardeche,Ardeche,44.286,4.597833,2015-07-21,2015,1002,Hy,Pt,quasi-pur,False,True,0.0001,0.034920799999999995,Ch,2,C04,C,04,1,1,
15Jus1010Ch01A__durance1,2015_Jus_1010,durance1,A,caudale,Jus,Saint-Just-d'Ardeche,Ardeche,44.286,4.597833,2015-07-21,2015,1010,Cn,Cn,pur,True,True,0.9999,0.04496900000000004,Ch,2,C05,C,05,2,2,
15Jus1018Ch01A__durance1,2015_Jus_1018,durance1,A,caudale,Jus,Saint-Just-d'Ardeche,Ardeche,44.286,4.597833,2015-07-21,2015,1018,Cn,Cn,pur,True,True,0.9970375,0.02751349999999997,Ch,2,C06,C,06,3,3,
15Caa1007Ch01A__durance1,2015_Caa_1007,durance1,A,caudale,Caa,Canal (usine du Largue),Canal,43.853389,5.858444,2015-09-08,2015,1007,Cn,Cn,pur,True,True,0.9847625,0.052702499999999985,Ch,2,C07,C,07,2,2,
15Caa1015Ch01A__durance1,2015_Caa_1015,durance1,A,caudale,Caa,Canal (usine du Largue),Canal,43.853389,5.858444,2015-09-08,2015,1015,Hy,Hy,intermediaire,True,True,0.7446605,0.20081149999999992,Ch,2,C08,C,08,3,3,
15Avi1003Cn01A__durance1,2015_Avi_1003,durance1,A,caudale,Avi,Avignon,Durance,43.913,4.820722,2014-07-17;2015-07-10,2015,1003,Cn,Cn,pur,True,True,0.9999,0.020881999999999956,Cn,2,C09,C,09,3,3,
15Avi1011Cn01A__durance1,2015_Avi_1011,durance1,A,caudale,Avi,Avignon,Durance,43.913,4.820722,2014-07-17;2015-07-10,2015,1011,Hy,Cn,quasi-pur,False,True,0.9999,0.05917300000000003,Cn,2,C10,C,10,4,4,
15Bue1006Ch01A__durance1,2015_Bue_1006,durance1,A,caudale,Bue,Confluence Buech-Meouge,Buech,44.262,5.828,2014-07-03;2015-07-17,2015,1006,Pt,Hy,pur,True,True,0.00753796,0.11408504,Ch,2,C11,C,11,5,5,
15Bue1014Ch01A__durance1,2015_Bue_1014,durance1,A,caudale,Bue,Confluence Buech-Meouge,Buech,44.262,5.828,2014-07-03;2015-07-17,2015,1014,Pt,Pt,pur,True,False,0.001654999999999962,0.0,Ch,2,C12,C,12,6,6,
15Bau1004Ch01A__durance1,2015_Bau_1004,durance1,A,caudale,Bau,Rosieres,Beaume,44.475,4.264,2015-07-22,2015,1004,Hy,Pt,quasi-pur,False,True,0.0001,0.07919129999999999,Ch,2,D01,D,01,1,1,
15Bau1012Ch01A__durance1,2015_Bau_1012,durance1,A,caudale,Bau,Rosieres,Beaume,44.475,4.264,2015-07-22,2015,1012,Pt,Pt,pur,True,True,0.0001,0.014222100000000001,Ch,2,D02,D,02,2,2,
15Bau1020Ch01A__durance1,2015_Bau_1020,durance1,A,caudale,Bau,Rosieres,Beaume,44.475,4.264,2015-07-22,2015,1020,Hy,Hy,quasi-pur,False,True,0.0001,0.206549,Ch,2,D03,D,03,3,3,
15Jus1003Ch01A__durance1,2015_Jus_1003,durance1,A,caudale,Jus,Saint-Just-d'Ardeche,Ardeche,44.286,4.597833,2015-07-21,2015,1003,Hy,Pt,quasi-pur,False,True,0.014152999999999999,0.0733562,Ch,2,D04,D,04,1,1,
15Jus1011Ch01A__durance1,2015_Jus_1011,durance1,A,caudale,Jus,Saint-Just-d'Ardeche,Ardeche,44.286,4.597833,2015-07-21,2015,1011,Cn,Hy,pur,True,True,0.9294205,0.06764250000000005,Ch,2,D05,D,05,2,2,
15Jus1019Ch01A__durance1,2015_Jus_1019,durance1,A,caudale,Jus,Saint-Just-d'Ardeche,Ardeche,44.286,4.597833,2015-07-21,2015,1019,Cn,Cn,pur,True,True,0.9999,0.043321000000000054,Ch,2,D06,D,06,3,3,
15Caa1008Ch01A__durance1,2015_Caa_1008,durance1,A,caudale,Caa,Canal (usine du Largue),Canal,43.853389,5.858444,2015-09-08,2015,1008,Hy,Hy,intermediaire,True,True,0.9208035,0.07993349999999999,Ch,2,D07,D,07,2,2,
15Caa1016Ch01A__durance1,2015_Caa_1016,durance1,A,caudale,Caa,Canal (usine du Largue),Canal,43.853389,5.858444,2015-09-08,2015,1016,Hy,Pt,quasi-pur,False,True,0.003348402,0.030516898,Ch,2,D08,D,08,3,3,
15Avi1004Cn01A__durance1,2015_Avi_1004,durance1,A,caudale,Avi,Avignon,Durance,43.913,4.820722,2014-07-17;2015-07-10,2015,1004,Cn,Cn,pur,True,True,0.9999,0.022290000000000032,Cn,2,D09,D,09,3,3,
15Avi1012Pt01A__durance1,2015_Avi_1012,durance1,A,caudale,Avi,Avignon,Durance,43.913,4.820722,2014-07-17;2015-07-10,2015,1012,Hy,Hy,quasi-pur,False,True,0.0001,0.39093300000000003,Pt,2,D10,D,10,4,4,
15Bue1007Ch01A__durance1,2015_Bue_1007,durance1,A,caudale,Bue,Confluence Buech-Meouge,Buech,44.262,5.828,2014-07-03;2015-07-17,2015,1007,Hy,Hy,intermediaire,True,True,0.220115,0.09282300000000002,Ch,2,D11,D,11,5,5,
15Bue1015Ch01A__durance1,2015_Bue_1015,durance1,A,caudale,Bue,Confluence Buech-Meouge,Buech,44.262,5.828,2014-07-03;2015-07-17,2015,1015,Pt,Pt,pur,True,True,0.0001,0.0178451,Ch,2,D12,D,12,6,6,
15Bau1005Ch01A__durance1,2015_Bau_1005,durance1,A,caudale,Bau,Rosieres,Beaume,44.475,4.264,2015-07-22,2015,1005,Pt,Pt,pur,True,True,0.004509865000000001,0.039507935,Ch,2,E01,E,01,1,1,
15Bau1013Ch01A__durance1,2015_Bau_1013,durance1,A,caudale,Bau,Rosieres,Beaume,44.475,4.264,2015-07-22,2015,1013,Pt,Pt,pur,True,True,0.0001,0.0409044,Ch,2,E02,E,02,2,2,
15Bau1021Ch01A__durance1,2015_Bau_1021,durance1,A,caudale,Bau,Rosieres,Beaume,44.475,4.264,2015-07-22,2015,1021,Hy,Pt,quasi-pur,False,True,0.0001,0.0344185,Ch,2,E03,E,03,3,3,
15Jus1004Ch01A__durance1,2015_Jus_1004,durance1,A,caudale,Jus,Saint-Just-d'Ardeche,Ardeche,44.286,4.597833,2015-07-21,2015,1004,Hy,Pt,quasi-pur,False,True,0.0001,0.008645690000000001,Ch,2,E04,E,04,1,1,
15Jus1012Ch01A__durance1,2015_Jus_1012,durance1,A,caudale,Jus,Saint-Just-d'Ardeche,Ardeche,44.286,4.597833,2015-07-21,2015,1012,Cn,Cn,pur,True,True,0.9999,0.02703500000000003,Ch,2,E05,E,05,2,2,
15Caa1001Ch01A__durance1,2015_Caa_1001,durance1,A,caudale,Caa,Canal (usine du Largue),Canal,43.853389,5.858444,2015-09-08,2015,1001,Cn,Cn,pur,True,True,0.947083,0.052817,Ch,2,E06,E,06,1,1,
15Caa1009Ch01A__durance1,2015_Caa_1009,durance1,A,caudale,Caa,Canal (usine du Largue),Canal,43.853389,5.858444,2015-09-08,2015,1009,Cn,Cn,pur,True,True,0.9999,0.03842699999999999,Ch,2,E07,E,07,2,2,
15Caa1017Ch01A__durance1,2015_Caa_1017,durance1,A,caudale,Caa,Canal (usine du Largue),Canal,43.853389,5.858444,2015-09-08,2015,1017,Hy,Hy,intermediaire,True,True,0.1006175,0.04702049999999999,Ch,2,E08,E,08,3,3,
15Avi1005Cn01A__durance1,2015_Avi_1005,durance1,A,caudale,Avi,Avignon,Durance,43.913,4.820722,2014-07-17;2015-07-10,2015,1005,Cn,Cn,pur,True,True,0.99929,0.06421699999999997,Cn,2,E09,E,09,3,3,
15Avi1013Pt01A__durance1,2015_Avi_1013,durance1,A,caudale,Avi,Avignon,Durance,43.913,4.820722,2014-07-17;2015-07-10,2015,1013,Hy,Hy,intermediaire,True,True,0.28511410000000004,0.33378589999999997,Pt,2,E10,E,10,4,4,
15Bue1008Ch01A__durance1,2015_Bue_1008,durance1,A,caudale,Bue,Confluence Buech-Meouge,Buech,44.262,5.828,2014-07-03;2015-07-17,2015,1008,Pt,Pt,pur,True,True,0.0001,0.00945818,Ch,2,E11,E,11,5,5,
15Bue1016Ch01A__durance1,2015_Bue_1016,durance1,A,caudale,Bue,Confluence Buech-Meouge,Buech,44.262,5.828,2014-07-03;2015-07-17,2015,1016,Hy,Hy,intermediaire,True,True,0.8887309999999999,0.15708699999999998,Ch,2,E12,E,12,6,6,
15Bau1006Ch01A__durance1,2015_Bau_1006,durance1,A,caudale,Bau,Rosieres,Beaume,44.475,4.264,2015-07-22,2015,1006,Hy,Hy,intermediaire,True,True,0.5132975,0.09612850000000006,Ch,2,F01,F,01,1,1,
15Bau1014Ch01A__durance1,2015_Bau_1014,durance1,A,caudale,Bau,Rosieres,Beaume,44.475,4.264,2015-07-22,2015,1014,Pt,Pt,pur,True,True,0.00344197,0.03864973,Ch,2,F02,F,02,2,2,
15Bau1022Ch01A__durance1,2015_Bau_1022,durance1,A,caudale,Bau,Rosieres,Beaume,44.475,4.264,2015-07-22,2015,1022,Pt,Pt,pur,True,True,0.026378,0.0396818,Ch,2,F03,F,03,3,3,
15Jus1005Ch01A__durance1,2015_Jus_1005,durance1,A,caudale,Jus,Saint-Just-d'Ardeche,Ardeche,44.286,4.597833,2015-07-21,2015,1005,Hy,Pt,quasi-pur,False,True,0.0001,0.0121084,Ch,2,F04,F,04,1,1,
15Jus1013Ch01A__durance1,2015_Jus_1013,durance1,A,caudale,Jus,Saint-Just-d'Ardeche,Ardeche,44.286,4.597833,2015-07-21,2015,1013,Cn,Cn,pur,True,True,0.9766085,0.10154149999999995,Ch,2,F05,F,05,2,2,
15Caa1002Ch01A__durance1,2015_Caa_1002,durance1,A,caudale,Caa,Canal (usine du Largue),Canal,43.853389,5.858444,2015-09-08,2015,1002,Cn,Cn,pur,True,True,0.9994325,0.1068714999999999,Ch,2,F06,F,06,1,1,
15Caa1010Ch01A__durance1,2015_Caa_1010,durance1,A,caudale,Caa,Canal (usine du Largue),Canal,43.853389,5.858444,2015-09-08,2015,1010,Cn,Cn,pur,True,True,0.9999,0.019187999999999983,Ch,2,F07,F,07,2,2,
15Caa1018Ch01A__durance1,2015_Caa_1018,durance1,A,caudale,Caa,Canal (usine du Largue),Canal,43.853389,5.858444,2015-09-08,2015,1018,Pt,Pt,pur,True,True,0.0001,0.0258486,Ch,2,F08,F,08,3,3,mock_contaminated
15Avi1006Cn01A__durance1,2015_Avi_1006,durance1,A,caudale,Avi,Avignon,Durance,43.913,4.820722,2014-07-17;2015-07-10,2015,1006,Cn,Cn,pur,True,True,0.981626,0.024009999999999976,Cn,2,F09,F,09,3,3,
15Bue1001Ch01A__durance1,2015_Bue_1001,durance1,A,caudale,Bue,Confluence Buech-Meouge,Buech,44.262,5.828,2014-07-03;2015-07-17,2015,1001,Cn,Cn,pur,True,True,0.9999,0.05101900000000004,Ch,2,F10,F,10,4,4,
15Bue1009Ch01A__durance1,2015_Bue_1009,durance1,A,caudale,Bue,Confluence Buech-Meouge,Buech,44.262,5.828,2014-07-03;2015-07-17,2015,1009,Hy,Hy,intermediaire,True,True,0.9276935,0.1251184999999999,Ch,2,F11,F,11,5,5,
15Bue1017Ch01A__durance1,2015_Bue_1017,durance1,A,caudale,Bue,Confluence Buech-Meouge,Buech,44.262,5.828,2014-07-03;2015-07-17,2015,1017,Cn,Cn,pur,True,True,0.985546,0.08171899999999999,Ch,2,F12,F,12,6,6,
15Bau1007Ch01A__durance1,2015_Bau_1007,durance1,A,caudale,Bau,Rosieres,Beaume,44.475,4.264,2015-07-22,2015,1007,Pt,Pt,pur,True,True,0.0001,0.00827844,Ch,2,G01,G,01,1,1,
15Bau1015Ch01A__durance1,2015_Bau_1015,durance1,A,caudale,Bau,Rosieres,Beaume,44.475,4.264,2015-07-22,2015,1015,Pt,Pt,pur,True,True,0.0001,0.0171402,Ch,2,G02,G,02,2,2,
15Bau1023Ch01A__durance1,2015_Bau_1023,durance1,A,caudale,Bau,Rosieres,Beaume,44.475,4.264,2015-07-22,2015,1023,Pt,Pt,pur,True,True,0.0001,0.0,Ch,2,G03,G,03,3,3,
15Jus1006Ch01A__durance1,2015_Jus_1006,durance1,A,caudale,Jus,Saint-Just-d'Ardeche,Ardeche,44.286,4.597833,2015-07-21,2015,1006,Pt,Pt,pur,True,True,0.0001,0.0,Ch,2,G04,G,04,1,1,
15Jus1014Ch01A__durance1,2015_Jus_1014,durance1,A,caudale,Jus,Saint-Just-d'Ardeche,Ardeche,44.286,4.597833,2015-07-21,2015,1014,Cn,Cn,pur,True,True,0.9468705,0.05302950000000006,Ch,2,G05,G,05,2,2,
15Caa1003Ch01A__durance1,2015_Caa_1003,durance1,A,caudale,Caa,Canal (usine du Largue),Canal,43.853389,5.858444,2015-09-08,2015,1003,Cn,Cn,pur,True,True,0.9999,0.011297000000000001,Ch,2,G06,G,06,1,1,
15Caa1011Ch01A__durance1,2015_Caa_1011,durance1,A,caudale,Caa,Canal (usine du Largue),Canal,43.853389,5.858444,2015-09-08,2015,1011,Pt,Pt,pur,True,True,0.0001,0.0906421,Ch,2,G07,G,07,2,2,
15Caa1019Ch01A__durance1,2015_Caa_1019,durance1,A,caudale,Caa,Canal (usine du Largue),Canal,43.853389,5.858444,2015-09-08,2015,1019,Hy,Pt,quasi-pur,False,True,0.0001,0.007794419999999999,Ch,2,G08,G,08,3,3,
15Avi1007Cn01A__durance1,2015_Avi_1007,durance1,A,caudale,Avi,Avignon,Durance,43.913,4.820722,2014-07-17;2015-07-10,2015,1007,Cn,Cn,pur,True,True,0.9999,0.08638400000000002,Cn,2,G09,G,09,3,3,
15Bue1002Ch01A__durance1,2015_Bue_1002,durance1,A,caudale,Bue,Confluence Buech-Meouge,Buech,44.262,5.828,2014-07-03;2015-07-17,2015,1002,Cn,Cn,pur,True,True,0.9999,0.015835000000000043,Ch,2,G10,G,10,4,4,
15Bue1010Ch01A__durance1,2015_Bue_1010,durance1,A,caudale,Bue,Confluence Buech-Meouge,Buech,44.262,5.828,2014-07-03;2015-07-17,2015,1010,Hy,Hy,intermediaire,True,True,0.5373025,0.11367450000000001,Ch,2,G11,G,11,5,5,
15Bue1018Ch01A__durance1,2015_Bue_1018,durance1,A,caudale,Bue,Confluence Buech-Meouge,Buech,44.262,5.828,2014-07-03;2015-07-17,2015,1018,Hy,Hy,intermediaire,True,True,0.8807585,0.09011049999999998,Ch,2,G12,G,12,6,6,
15Bau1008Ch01A__durance1,2015_Bau_1008,durance1,A,caudale,Bau,Rosieres,Beaume,44.475,4.264,2015-07-22,2015,1008,Pt,Pt,pur,True,True,0.0001,0.039034,Ch,2,H01,H,01,1,1,
15Bau1016Ch01A__durance1,2015_Bau_1016,durance1,A,caudale,Bau,Rosieres,Beaume,44.475,4.264,2015-07-22,2015,1016,Hy,Hy,quasi-pur,False,True,0.02028617,0.44522083,Ch,2,H02,H,02,2,2,
15Bau1024Ch01A__durance1,2015_Bau_1024,durance1,A,caudale,Bau,Rosieres,Beaume,44.475,4.264,2015-07-22,2015,1024,Pt,Pt,pur,True,True,0.0001,0.0131795,Ch,2,H03,H,03,3,3,
15Jus1007Ch01A__durance1,2015_Jus_1007,durance1,A,caudale,Jus,Saint-Just-d'Ardeche,Ardeche,44.286,4.597833,2015-07-21,2015,1007,Pt,Pt,pur,True,True,0.0001,0.014199,Ch,2,H04,H,04,1,1,
15Jus1015Ch01A__durance1,2015_Jus_1015,durance1,A,caudale,Jus,Saint-Just-d'Ardeche,Ardeche,44.286,4.597833,2015-07-21,2015,1015,Cn,Cn,pur,True,True,0.9977965,0.050436499999999995,Ch,2,H05,H,05,2,2,
15Caa1004Ch01A__durance1,2015_Caa_1004,durance1,A,caudale,Caa,Canal (usine du Largue),Canal,43.853389,5.858444,2015-09-08,2015,1004,Cn,Cn,pur,True,True,0.9999,0.005790999999999991,Ch,2,H06,H,06,1,1,
15Caa1012Ch01A__durance1,2015_Caa_1012,durance1,A,caudale,Caa,Canal (usine du Largue),Canal,43.853389,5.858444,2015-09-08,2015,1012,Pt,Pt,pur,True,True,0.0001,0.0,Ch,2,H07,H,07,2,2,
15Caa1020Ch01A__durance1,2015_Caa_1020,durance1,A,caudale,Caa,Canal (usine du Largue),Canal,43.853389,5.858444,2015-09-08,2015,1020,Pt,Pt,pur,True,True,0.0001,0.0260511,Ch,2,H08,H,08,3,3,
15Avi1008Cn01A__durance1,2015_Avi_1008,durance1,A,caudale,Avi,Avignon,Durance,43.913,4.820722,2014-07-17;2015-07-10,2015,1008,Cn,Cn,pur,True,True,0.9999,0.01104000000000005,Cn,2,H09,H,09,3,3,
15Bue1003Ch01A__durance1,2015_Bue_1003,durance1,A,caudale,Bue,Confluence Buech-Meouge,Buech,44.262,5.828,2014-07-03;2015-07-17,2015,1003,Cn,Cn,pur,True,True,0.9999,0.015947000000000044,Ch,2,H10,H,10,4,4,
15Bue1011Ch01A__durance1,2015_Bue_1011,durance1,A,caudale,Bue,Confluence Buech-Meouge,Buech,44.262,5.828,2014-07-03;2015-07-17,2015,1011,Hy,Hy,intermediaire,True,True,0.7010149999999999,0.10766600000000004,Ch,2,H11,H,11,5,5,
14Ain1001Cn05A__durance1,2014_Ain_1001,durance1,A,branchie,Ain,Pont-d'Ain,Suran,46.048,5.324,2014-08-12,2014,1001,Cn,Cn,pur,True,True,0.9999,0.02987200000000001,Cn,3,A01,A,01,1,1,
14Ain1038Pt05A__durance1,2014_Ain_1038,durance1,A,branchie,Ain,Chavannes-sur-Suran,Suran,46.264389,5.429444,2014-08-12,2014,1038,Pt,Pt,pur,True,True,0.0001,0.0105608,Pt,3,A02,A,02,2,2,
15Cab1003Ch05A__durance1,2015_Cab_1003,durance1,A,branchie,Cab,Pont-d'Ain,Suran,46.048,5.324,2015-08-26,2015,1003,Cn,Cn,pur,True,True,0.9790135,0.04033549999999997,Ch,3,A03,A,03,2,3,
15Cab1011Ch05A__durance1,2015_Cab_1011,durance1,A,branchie,Cab,Chavannes-sur-Suran,Suran,46.264389,5.429444,2015-08-26,2015,1011,Pt,Pt,pur,True,False,0.00042399999999997995,0.0,Ch,3,A04,A,04,3,4,
15Cab1019Ch05A__durance1,2015_Cab_1019,durance1,A,branchie,Cab,Chavannes-sur-Suran,Suran,46.264389,5.429444,2015-08-26,2015,1019,Pt,Pt,pur,True,True,0.0001,0.0,Ch,3,A05,A,05,4,5,
14Avi1008Cn05A__durance1,2014_Avi_1008,durance1,A,branchie,Avi,Avignon,Durance,43.913,4.820722,2014-07-17;2015-07-10,2014,1008,Cn,Cn,pur,True,True,0.9790425,0.04159250000000003,Cn,3,A06,A,06,2,2,
14Bue1005Cn05A__durance1,2014_Bue_1005,durance1,A,branchie,Bue,Confluence Buech-Meouge,Buech,44.262,5.828,2014-07-03;2015-07-17,2014,1005,Cn,Cn,pur,True,True,0.996529,0.015122999999999998,Cn,3,A07,A,07,2,2,
14Bue1014Ch05A__durance1,2014_Bue_1014,durance1,A,branchie,Bue,Confluence Buech-Meouge,Buech,44.262,5.828,2014-07-03;2015-07-17,2014,1014,Pt,Pt,pur,True,True,0.00459266,0.015245940000000001,Ch,3,A08,A,08,3,3,
14Man1011Ch05A__durance1,2014_Man_1011,durance1,A,branchie,Man,Manosque-Oraison,Durance,43.919667,5.896278,2014-07-23,2014,1011,Hy,Pt,quasi-pur,False,True,0.0001,0.0034689200000000003,Ch,3,A09,A,09,2,2,
14Man1019Ch05A__durance1,2014_Man_1019,durance1,A,branchie,Man,Manosque-Oraison,Durance,43.919667,5.896278,2014-07-23,2014,1019,Pt,Pt,pur,True,True,0.0001,0.00794395,Ch,3,A10,A,10,3,3,
14Per2011Ch05A__durance1,2014_Per_2011,durance1,A,branchie,Per,Pertuis,Durance,43.668139,5.493,2014-07-07;2014-08-20,2014,2011,Pt,Pt,pur,True,True,0.0001,0.0198136,Ch,3,A11,A,11,2,2,
14Per2011Ch05A-bis__durance1,2014_Per_2011,durance1,A,branchie,Per,Pertuis,Durance,43.668139,5.493,2014-07-07;2014-08-20,2014,2011,Pt,Pt,pur,True,True,0.0001,0.0198136,Ch,3,A12,A,12,3,3,
14Ain1002Cn05A__durance1,2014_Ain_1002,durance1,A,branchie,Ain,Pont-d'Ain,Suran,46.048,5.324,2014-08-12,2014,1002,Cn,Cn,pur,True,True,0.9999,0.027077000000000018,Cn,3,B01,B,01,1,1,
14Ain1039Pt05A__durance1,2014_Ain_1039,durance1,A,branchie,Ain,Chavannes-sur-Suran,Suran,46.264389,5.429444,2014-08-12,2014,1039,Pt,Pt,pur,True,True,0.0001,0.0118913,Pt,3,B02,B,02,2,2,
15Cab1004Ch05A__durance1,2015_Cab_1004,durance1,A,branchie,Cab,Pont-d'Ain,Suran,46.048,5.324,2015-08-26,2015,1004,Cn,Cn,pur,True,True,0.9916195,0.051615500000000036,Ch,3,B03,B,03,2,3,
15Cab1012Ch05A__durance1,2015_Cab_1012,durance1,A,branchie,Cab,Chavannes-sur-Suran,Suran,46.264389,5.429444,2015-08-26,2015,1012,Pt,Pt,pur,True,True,0.0001,0.0024834600000000003,Ch,3,B04,B,04,3,4,
14Avi1001Cn05A__durance1,2014_Avi_1001,durance1,A,branchie,Avi,Avignon,Durance,43.913,4.820722,2014-07-17;2015-07-10,2014,1001,Cn,Cn,pur,True,True,0.9999,0.014294000000000029,Cn,3,B05,B,05,1,1,
14Avi1036Cn05A__durance1,2014_Avi_1036,durance1,A,branchie,Avi,Avignon,Durance,43.913,4.820722,2014-07-17;2015-07-10,2014,1036,Cn,Cn,pur,True,True,0.9999,0.025182000000000038,Cn,3,B06,B,06,2,2,
14Bue1006Cn05A__durance1,2014_Bue_1006,durance1,A,branchie,Bue,Confluence Buech-Meouge,Buech,44.262,5.828,2014-07-03;2015-07-17,2014,1006,Hy,Hy,intermediaire,True,True,0.9466924999999999,0.09561849999999994,Cn,3,B07,B,07,2,2,
14Bue1015Ch05A__durance1,2014_Bue_1015,durance1,A,branchie,Bue,Confluence Buech-Meouge,Buech,44.262,5.828,2014-07-03;2015-07-17,2014,1015,Pt,Pt,pur,True,True,0.0001,0.027206,Ch,3,B08,B,08,3,3,
14Man1012Ch05A__durance1,2014_Man_1012,durance1,A,branchie,Man,Manosque-Oraison,Durance,43.919667,5.896278,2014-07-23,2014,1012,Pt,Pt,pur,True,True,0.0001,0.00126172,Ch,3,B09,B,09,2,2,
14Man1020Ch05A__durance1,2014_Man_1020,durance1,A,branchie,Man,Manosque-Oraison,Durance,43.919667,5.896278,2014-07-23,2014,1020,Hy,Pt,quasi-pur,False,True,0.0001,0.00115361,Ch,3,B10,B,10,3,3,
14Per2012Ch05A__durance1,2014_Per_2012,durance1,A,branchie,Per,Pertuis,Durance,43.668139,5.493,2014-07-07;2014-08-20,2014,2012,Pt,Pt,pur,True,True,0.0001,0.0,Ch,3,B11,B,11,2,2,
14Per2012Ch05A-bis__durance1,2014_Per_2012,durance1,A,branchie,Per,Pertuis,Durance,43.668139,5.493,2014-07-07;2014-08-20,2014,2012,Pt,Pt,pur,True,True,0.0001,0.0,Ch,3,B12,B,12,3,3,
14Ain1011Pt05A__durance1,2014_Ain_1011,durance1,A,branchie,Ain,Chavannes-sur-Suran,Suran,46.264389,5.429444,2014-08-12,2014,1011,Pt,Pt,pur,True,True,0.0001,0.00132522,Pt,3,C01,C,01,1,1,
14Ain1040Pt05A__durance1,2014_Ain_1040,durance1,A,branchie,Ain,Chavannes-sur-Suran,Suran,46.264389,5.429444,2014-08-12,2014,1040,Pt,Pt,pur,True,True,0.0001,0.029344600000000002,Pt,3,C02,C,02,2,2,
15Cab1005Ch05A__durance1,2015_Cab_1005,durance1,A,branchie,Cab,Pont-d'Ain,Suran,46.048,5.324,2015-08-26,2015,1005,Cn,Cn,pur,True,True,0.9999,0.04226799999999997,Ch,3,C03,C,03,2,3,
15Cab1013Ch05A__durance1,2015_Cab_1013,durance1,A,branchie,Cab,Chavannes-sur-Suran,Suran,46.264389,5.429444,2015-08-26,2015,1013,Pt,Pt,pur,True,True,0.0001,0.0639904,Ch,3,C04,C,04,3,4,
14Avi1002Cn05A__durance1,2014_Avi_1002,durance1,A,branchie,Avi,Avignon,Durance,43.913,4.820722,2014-07-17;2015-07-10,2014,1002,Cn,Cn,pur,True,True,0.9999,0.01569799999999999,Cn,3,C05,C,05,1,1,
14Avi1037Cn05A__durance1,2014_Avi_1037,durance1,A,branchie,Avi,Avignon,Durance,43.913,4.820722,2014-07-17;2015-07-10,2014,1037,Cn,Cn,pur,True,True,0.9999,0.114066,Cn,3,C06,C,06,2,2,
14Bue1006Cn05Abis__durance1,2014_Bue_1006,durance1,A,branchie,Bue,Confluence Buech-Meouge,Buech,44.262,5.828,2014-07-03;2015-07-17,2014,1006,Hy,Hy,intermediaire,True,True,0.9466924999999999,0.09561849999999994,Cn,3,C07,C,07,2,2,
14Bue1017Ch05A__durance1,2014_Bue_1017,durance1,A,branchie,Bue,Confluence Buech-Meouge,Buech,44.262,5.828,2014-07-03;2015-07-17,2014,1017,Pt,Pt,pur,True,True,0.0001,0.0436135,Ch,3,C08,C,08,3,3,
14Man1013Ch05A__durance1,2014_Man_1013,durance1,A,branchie,Man,Manosque-Oraison,Durance,43.919667,5.896278,2014-07-23,2014,1013,Pt,Pt,pur,True,True,0.0001,0.0236388,Ch,3,C09,C,09,2,2,
14Man1021Ch05A__durance1,2014_Man_1021,durance1,A,branchie,Man,Manosque-Oraison,Durance,43.919667,5.896278,2014-07-23,2014,1021,Hy,Hy,intermediaire,True,True,0.2179825,0.1247321,Ch,3,C10,C,10,3,3,
14Per2013Ch05A__durance1,2014_Per_2013,durance1,A,branchie,Per,Pertuis,Durance,43.668139,5.493,2014-07-07;2014-08-20,2014,2013,Hy,Hy,intermediaire,True,True,0.2097815,0.1761465,Ch,3,C11,C,11,2,2,
14Ain1012Pt05A__durance1,2014_Ain_1012,durance1,A,branchie,Ain,Chavannes-sur-Suran,Suran,46.264389,5.429444,2014-08-12,2014,1012,Pt,Pt,pur,True,True,0.0001,0.034025599999999996,Pt,3,D01,D,01,1,1,
14Ain1041Pt05A__durance1,2014_Ain_1041,durance1,A,branchie,Ain,Chavannes-sur-Suran,Suran,46.264389,5.429444,2014-08-12,2014,1041,Pt,Pt,pur,True,True,0.0001,0.0032175100000000002,Pt,3,D02,D,02,2,2,
15Cab1006Ch05A__durance1,2015_Cab_1006,durance1,A,branchie,Cab,Pont-d'Ain,Suran,46.048,5.324,2015-08-26,2015,1006,Cn,Cn,pur,True,True,0.9676345,0.0767025,Ch,3,D03,D,03,2,3,
15Cab1014Ch05A__durance1,2015_Cab_1014,durance1,A,branchie,Cab,Chavannes-sur-Suran,Suran,46.264389,5.429444,2015-08-26,2015,1014,Pt,Pt,pur,True,True,0.0001,0.0,Ch,3,D04,D,04,3,4,
14Avi1003Cn05A__durance1,2014_Avi_1003,durance1,A,branchie,Avi,Avignon,Durance,43.913,4.820722,2014-07-17;2015-07-10,2014,1003,Cn,Cn,pur,True,True,0.9999,0.002593999999999985,Cn,3,D05,D,05,1,1,
14Avi1038Cn05A__durance1,2014_Avi_1038,durance1,A,branchie,Avi,Avignon,Durance,43.913,4.820722,2014-07-17;2015-07-10,2014,1038,Cn,Cn,pur,True,True,0.9999,0.017442999999999986,Cn,3,D06,D,06,2,2,
14Bue1007Cn05A__durance1,2014_Bue_1007,durance1,A,branchie,Bue,Confluence Buech-Meouge,Buech,44.262,5.828,2014-07-03;2015-07-17,2014,1007,Cn,Cn,pur,True,True,0.9999,0.013390000000000013,Cn,3,D07,D,07,2,2,
14Bue1018Ch05A__durance1,2014_Bue_1018,durance1,A,branchie,Bue,Confluence Buech-Meouge,Buech,44.262,5.828,2014-07-03;2015-07-17,2014,1018,Pt,Pt,pur,True,True,0.0001,0.009559940000000001,Ch,3,D08,D,08,3,3,
14Man1014Ch05A__durance1,2014_Man_1014,durance1,A,branchie,Man,Manosque-Oraison,Durance,43.919667,5.896278,2014-07-23,2014,1014,Pt,Pt,pur,True,True,0.0001,0.0023953100000000003,Ch,3,D09,D,09,2,2,
14Man1022Ch05A__durance1,2014_Man_1022,durance1,A,branchie,Man,Manosque-Oraison,Durance,43.919667,5.896278,2014-07-23,2014,1022,Pt,Pt,pur,True,True,0.0001,0.010545200000000001,Ch,3,D10,D,10,3,3,mock_contaminated
14Per2014Ch05A__durance1,2014_Per_2014,durance1,A,branchie,Per,Pertuis,Durance,43.668139,5.493,2014-07-07;2014-08-20,2014,2014,Pt,Pt,pur,True,True,0.0001,0.0,Ch,3,D11,D,11,2,2,
14Ain1013Pt05A__durance1,2014_Ain_1013,durance1,A,branchie,Ain,Chavannes-sur-Suran,Suran,46.264389,5.429444,2014-08-12,2014,1013,Pt,Pt,pur,True,True,0.0001,0.0099728,Pt,3,E01,E,01,1,1,
14Ain1042Pt05A__durance1,2014_Ain_1042,durance1,A,branchie,Ain,Chavannes-sur-Suran,Suran,46.264389,5.429444,2014-08-12,2014,1042,Pt,Pt,pur,True,True,0.0001,0.0252761,Pt,3,E02,E,02,2,2,
15Cab1007Ch05A__durance1,2015_Cab_1007,durance1,A,branchie,Cab,Pont-d'Ain,Suran,46.048,5.324,2015-08-26,2015,1007,Cn,Cn,pur,True,True,0.986855,0.040076,Ch,3,E03,E,03,2,3,
15Cab1015Ch05A__durance1,2015_Cab_1015,durance1,A,branchie,Cab,Chavannes-sur-Suran,Suran,46.264389,5.429444,2015-08-26,2015,1015,Pt,Pt,pur,True,True,0.0001,0.0122371,Ch,3,E04,E,04,3,4,
14Avi1004Cn05A__durance1,2014_Avi_1004,durance1,A,branchie,Avi,Avignon,Durance,43.913,4.820722,2014-07-17;2015-07-10,2014,1004,Cn,Cn,pur,True,True,0.9999,0.01977300000000004,Cn,3,E05,E,05,1,1,
14Bue1001Cn05A__durance1,2014_Bue_1001,durance1,A,branchie,Bue,Confluence Buech-Meouge,Buech,44.262,5.828,2014-07-03;2015-07-17,2014,1001,Cn,Cn,pur,True,False,0.9878026,0.0,Cn,3,E06,E,06,1,1,
14Bue1008Cn05A__durance1,2014_Bue_1008,durance1,A,branchie,Bue,Confluence Buech-Meouge,Buech,44.262,5.828,2014-07-03;2015-07-17,2014,1008,Cn,Cn,pur,True,True,0.9999,0.019206999999999974,Cn,3,E07,E,07,2,2,
14Bue1019Ch05A__durance1,2014_Bue_1019,durance1,A,branchie,Bue,Confluence Buech-Meouge,Buech,44.262,5.828,2014-07-03;2015-07-17,2014,1019,Pt,Pt,pur,True,True,0.0001,0.0,Ch,3,E08,E,08,3,3,
14Man1015Ch05A__durance1,2014_Man_1015,durance1,A,branchie,Man,Manosque-Oraison,Durance,43.919667,5.896278,2014-07-23,2014,1015,Pt,Pt,pur,True,True,0.0001,0.0,Ch,3,E09,E,09,2,2,
14Per1011Ch05A__durance1,2014_Per_1011,durance1,A,branchie,Per,Pertuis,Durance,43.668139,5.493,2014-07-07;2014-08-20,2014,1011,Pt,Pt,pur,True,True,0.0001,0.01805,Ch,3,E10,E,10,1,1,
14Per2015Ch05A__durance1,2014_Per_2015,durance1,A,branchie,Per,Pertuis,Durance,43.668139,5.493,2014-07-07;2014-08-20,2014,2015,Pt,Pt,pur,True,True,0.0001,0.0,Ch,3,E11,E,11,2,2,
14Ain1014Pt05A__durance1,2014_Ain_1014,durance1,A,branchie,Ain,Chavannes-sur-Suran,Suran,46.264389,5.429444,2014-08-12,2014,1014,Pt,Pt,pur,True,True,0.0001,0.0193883,Pt,3,F01,F,01,1,1,
14Ain1043Pt05A__durance1,2014_Ain_1043,durance1,A,branchie,Ain,Chavannes-sur-Suran,Suran,46.264389,5.429444,2014-08-12,2014,1043,Pt,Pt,pur,True,True,0.0001,0.0059209399999999995,Pt,3,F02,F,02,2,2,
15Cab1008Ch05A__durance1,2015_Cab_1008,durance1,A,branchie,Cab,Pont-d'Ain,Suran,46.048,5.324,2015-08-26,2015,1008,Cn,Cn,pur,True,True,0.997914,0.01697700000000002,Ch,3,F03,F,03,2,3,
15Cab1016Ch05A__durance1,2015_Cab_1016,durance1,A,branchie,Cab,Chavannes-sur-Suran,Suran,46.264389,5.429444,2015-08-26,2015,1016,Pt,Pt,pur,True,True,0.0001,0.00194113,Ch,3,F04,F,04,3,4,
14Avi1005Cn05A__durance1,2014_Avi_1005,durance1,A,branchie,Avi,Avignon,Durance,43.913,4.820722,2014-07-17;2015-07-10,2014,1005,Cn,Cn,pur,True,True,0.9999,0.08110799999999996,Cn,3,F05,F,05,1,1,
14Bue1002Cn05A__durance1,2014_Bue_1002,durance1,A,branchie,Bue,Confluence Buech-Meouge,Buech,44.262,5.828,2014-07-03;2015-07-17,2014,1002,Cn,Cn,pur,True,False,0.989712,0.0,Cn,3,F06,F,06,1,1,
14Bue1011Ch05A__durance1,2014_Bue_1011,durance1,A,branchie,Bue,Confluence Buech-Meouge,Buech,44.262,5.828,2014-07-03;2015-07-17,2014,1011,Pt,Pt,pur,True,True,0.0001,0.0232161,Ch,3,F07,F,07,2,2,
14Man1001Cn05A__durance1,2014_Man_1001,durance1,A,branchie,Man,Manosque-Oraison,Durance,43.919667,5.896278,2014-07-23,2014,1001,Pt,Pt,pur,True,True,0.0001,0.0031458500000000004,Cn,3,F08,F,08,1,1,
14Man1016Ch05A__durance1,2014_Man_1016,durance1,A,branchie,Man,Manosque-Oraison,Durance,43.919667,5.896278,2014-07-23,2014,1016,Pt,Pt,pur,True,True,0.0001,0.00548115,Ch,3,F09,F,09,2,2,
14Per1012Ch05A__durance1,2014_Per_1012,durance1,A,branchie,Per,Pertuis,Durance,43.668139,5.493,2014-07-07;2014-08-20,2014,1012,Pt,Pt,pur,True,True,0.0001,0.00345481,Ch,3,F10,F,10,1,1,
14Ain1036Cn05A__durance1,2014_Ain_1036,durance1,A,branchie,Ain,Pont-d'Ain,Suran,46.048,5.324,2014-08-12,2014,1036,Cn,Cn,pur,True,True,0.9634205,0.05584849999999997,Cn,3,G01,G,01,1,1,
15Cab1001Ch05A__durance1,2015_Cab_1001,durance1,A,branchie,Cab,Pont-d'Ain,Suran,46.048,5.324,2015-08-26,2015,1001,Cn,Cn,pur,True,True,0.9999,0.07011200000000006,Ch,3,G02,G,02,1,2,
15Cab1009Ch05A__durance1,2015_Cab_1009,durance1,A,branchie,Cab,Pont-d'Ain,Suran,46.048,5.324,2015-08-26,2015,1009,Hy,Hy,intermediaire,True,True,0.8998935,0.13065250000000006,Ch,3,G03,G,03,2,3,
15Cab1017Ch05A__durance1,2015_Cab_1017,durance1,A,branchie,Cab,Chavannes-sur-Suran,Suran,46.264389,5.429444,2015-08-26,2015,1017,Pt,Pt,pur,True,True,0.0001,0.0135881,Ch,3,G04,G,04,3,4,
14Avi1006Cn05A__durance1,2014_Avi_1006,durance1,A,branchie,Avi,Avignon,Durance,43.913,4.820722,2014-07-17;2015-07-10,2014,1006,Cn,Cn,pur,True,True,0.9999,0.03937199999999996,Cn,3,G05,G,05,1,1,
14Bue1003Cn05A__durance1,2014_Bue_1003,durance1,A,branchie,Bue,Confluence Buech-Meouge,Buech,44.262,5.828,2014-07-03;2015-07-17,2014,1003,Cn,Cn,pur,True,True,0.9999,0.05878899999999998,Cn,3,G06,G,06,1,1,
14Bue1012Ch05A__durance1,2014_Bue_1012,durance1,A,branchie,Bue,Confluence Buech-Meouge,Buech,44.262,5.828,2014-07-03;2015-07-17,2014,1012,Pt,Pt,pur,True,True,0.0001,0.0,Ch,3,G07,G,07,2,2,
14Man1002Cn05A__durance1,2014_Man_1002,durance1,A,branchie,Man,Manosque-Oraison,Durance,43.919667,5.896278,2014-07-23,2014,1002,Hy,Hy,quasi-pur,False,True,0.0001,0.366158,Cn,3,G08,G,08,1,1,
14Man1017Ch05A__durance1,2014_Man_1017,durance1,A,branchie,Man,Manosque-Oraison,Durance,43.919667,5.896278,2014-07-23,2014,1017,Pt,Pt,pur,True,True,0.0001,0.0,Ch,3,G09,G,09,2,2,
14Per1013Ch05A__durance1,2014_Per_1013,durance1,A,branchie,Per,Pertuis,Durance,43.668139,5.493,2014-07-07;2014-08-20,2014,1013,Pt,Pt,pur,True,True,0.0001,0.0,Ch,3,G10,G,10,1,1,
14Ain1037Cn05A__durance1,2014_Ain_1037,durance1,A,branchie,Ain,Pont-d'Ain,Suran,46.048,5.324,2014-08-12,2014,1037,Cn,Cn,pur,True,True,0.9999,0.021923000000000026,Cn,3,H01,H,01,1,1,
15Cab1002Ch05A__durance1,2015_Cab_1002,durance1,A,branchie,Cab,Pont-d'Ain,Suran,46.048,5.324,2015-08-26,2015,1002,Cn,Cn,pur,True,True,0.9624035,0.043770499999999934,Ch,3,H02,H,02,1,2,
15Cab1010Ch05A__durance1,2015_Cab_1010,durance1,A,branchie,Cab,Pont-d'Ain,Suran,46.048,5.324,2015-08-26,2015,1010,Hy,Hy,intermediaire,True,True,0.759876,0.07340000000000002,Ch,3,H03,H,03,2,3,
15Cab1018Ch05A__durance1,2015_Cab_1018,durance1,A,branchie,Cab,Chavannes-sur-Suran,Suran,46.264389,5.429444,2015-08-26,2015,1018,Pt,Pt,pur,True,True,0.0001,0.018595900000000002,Ch,3,H04,H,04,3,4,
14Avi1007Cn05A__durance1,2014_Avi_1007,durance1,A,branchie,Avi,Avignon,Durance,43.913,4.820722,2014-07-17;2015-07-10,2014,1007,Cn,Cn,pur,True,True,0.9999,0.010548000000000002,Cn,3,H05,H,05,1,1,
14Bue1004Cn05A__durance1,2014_Bue_1004,durance1,A,branchie,Bue,Confluence Buech-Meouge,Buech,44.262,5.828,2014-07-03;2015-07-17,2014,1004,Cn,Cn,pur,True,True,0.9999,0.01164900000000002,Cn,3,H06,H,06,1,1,
14Bue1013Ch05A__durance1,2014_Bue_1013,durance1,A,branchie,Bue,Confluence Buech-Meouge,Buech,44.262,5.828,2014-07-03;2015-07-17,2014,1013,Pt,Pt,pur,True,True,0.0001,0.023389300000000002,Ch,3,H07,H,07,2,2,
14Man1010Cn05A__durance1,2014_Man_1010,durance1,A,branchie,Man,Manosque-Oraison,Durance,43.919667,5.896278,2014-07-23,2014,1010,Hy,Pt,quasi-pur,False,True,0.0001,0.0,Cn,3,H08,H,08,1,1,
14Man1018Ch05A__durance1,2014_Man_1018,durance1,A,branchie,Man,Manosque-Oraison,Durance,43.919667,5.896278,2014-07-23,2014,1018,Pt,Pt,pur,True,True,0.0001,0.0202354,Ch,3,H09,H,09,2,2,
14Per1014Ch05A__durance1,2014_Per_1014,durance1,A,branchie,Per,Pertuis,Durance,43.668139,5.493,2014-07-07;2014-08-20,2014,1014,Pt,Pt,pur,True,True,0.0001,0.006368319999999999,Ch,3,H10,H,10,1,1,
15Bau1001Ch05A__durance1,2015_Bau_1001,durance1,A,branchie,Bau,Rosieres,Beaume,44.475,4.264,2015-07-22,2015,1001,Pt,Pt,pur,True,True,0.0001,0.0011884,Ch,4,A01,A,01,1,1,
15Bau1009Ch05A__durance1,2015_Bau_1009,durance1,A,branchie,Bau,Rosieres,Beaume,44.475,4.264,2015-07-22,2015,1009,Pt,Pt,pur,True,True,0.0001,0.0190407,Ch,4,A02,A,02,2,2,
15Bau1017Ch05A__durance1,2015_Bau_1017,durance1,A,branchie,Bau,Rosieres,Beaume,44.475,4.264,2015-07-22,2015,1017,Pt,Pt,pur,True,True,0.01931,0.026522699999999996,Ch,4,A03,A,03,3,3,
15Bau1025Ch05A__durance1,2015_Bau_1025,durance1,A,branchie,Bau,Rosieres,Beaume,44.475,4.264,2015-07-22,2015,1025,Pt,Pt,pur,True,True,0.019029945,0.066665255,Ch,4,A04,A,04,4,4,
15Jus1008Ch05A__durance1,2015_Jus_1008,durance1,A,branchie,Jus,Saint-Just-d'Ardeche,Ardeche,44.286,4.597833,2015-07-21,2015,1008,Pt,Pt,pur,True,False,0.045518999999999976,0.01,Ch,4,A05,A,05,2,2,
15Jus1016Ch05A__durance1,2015_Jus_1016,durance1,A,branchie,Jus,Saint-Just-d'Ardeche,Ardeche,44.286,4.597833,2015-07-21,2015,1016,Hy,Hy,quasi-pur,False,True,0.9999,0.23044900000000001,Ch,4,A06,A,06,3,3,
15Caa1005Ch05A__durance1,2015_Caa_1005,durance1,A,branchie,Caa,Canal (usine du Largue),Canal,43.853389,5.858444,2015-09-08,2015,1005,Cn,Cn,pur,True,True,0.9999,0.031225000000000058,Ch,4,A07,A,07,2,2,
15Caa1013Ch05A__durance1,2015_Caa_1013,durance1,A,branchie,Caa,Canal (usine du Largue),Canal,43.853389,5.858444,2015-09-08,2015,1013,Pt,Pt,pur,True,True,0.0001,0.0214899,Ch,4,A08,A,08,3,3,
15Avi1001Cn05A__durance1,2015_Avi_1001,durance1,A,branchie,Avi,Avignon,Durance,43.913,4.820722,2014-07-17;2015-07-10,2015,1001,Hy,Hy,quasi-pur,False,True,0.9999,0.36144699999999996,Cn,4,A09,A,09,3,3,
15Avi1009Cn05A__durance1,2015_Avi_1009,durance1,A,branchie,Avi,Avignon,Durance,43.913,4.820722,2014-07-17;2015-07-10,2015,1009,Cn,Cn,pur,True,True,0.9999,0.06070900000000001,Cn,4,A10,A,10,4,4,
15BUe1004Ch05A__durance1,2015_Bue_1004,durance1,A,branchie,Bue,Confluence Buech-Meouge,Buech,44.262,5.828,2014-07-03;2015-07-17,2015,1004,Pt,Pt,pur,True,True,0.0001,0.0,Ch,4,A11,A,11,5,5,
15BUe1012Ch05A__durance1,2015_Bue_1012,durance1,A,branchie,Bue,Confluence Buech-Meouge,Buech,44.262,5.828,2014-07-03;2015-07-17,2015,1012,Hy,Hy,quasi-pur,False,True,0.0001,0.393005,Ch,4,A12,A,12,6,6,
15Bau1002Ch05A__durance1,2015_Bau_1002,durance1,A,branchie,Bau,Rosieres,Beaume,44.475,4.264,2015-07-22,2015,1002,Pt,Pt,pur,True,True,0.0001,0.00046527,Ch,4,B01,B,01,1,1,
15Bau1010Ch05A__durance1,2015_Bau_1010,durance1,A,branchie,Bau,Rosieres,Beaume,44.475,4.264,2015-07-22,2015,1010,Hy,Hy,quasi-pur,False,True,0.0001,0.375879,Ch,4,B02,B,02,2,2,
15Bau1018Ch05A__durance1,2015_Bau_1018,durance1,A,branchie,Bau,Rosieres,Beaume,44.475,4.264,2015-07-22,2015,1018,Pt,Pt,pur,True,True,0.0001,0.0420278,Ch,4,B03,B,03,3,3,
15Jus1001Ch05A__durance1,2015_Jus_1001,durance1,A,branchie,Jus,Saint-Just-d'Ardeche,Ardeche,44.286,4.597833,2015-07-21,2015,1001,Pt,Pt,pur,True,True,0.0001,0.0,Ch,4,B04,B,04,1,1,
15Jus1009Ch05A__durance1,2015_Jus_1009,durance1,A,branchie,Jus,Saint-Just-d'Ardeche,Ardeche,44.286,4.597833,2015-07-21,2015,1009,Hy,Hy,intermediaire,True,True,0.4761105,0.2859385,Ch,4,B05,B,05,2,2,
15Jus1017Ch05A__durance1,2015_Jus_1017,durance1,A,branchie,Jus,Saint-Just-d'Ardeche,Ardeche,44.286,4.597833,2015-07-21,2015,1017,Cn,Cn,pur,True,True,0.9999,0.022872000000000003,Ch,4,B06,B,06,3,3,
15Caa1006Ch05A__durance1,2015_Caa_1006,durance1,A,branchie,Caa,Canal (usine du Largue),Canal,43.853389,5.858444,2015-09-08,2015,1006,Hy,Hy,intermediaire,True,True,0.9211665,0.07827249999999997,Ch,4,B07,B,07,2,2,
15Caa1014Ch05A__durance1,2015_Caa_1014,durance1,A,branchie,Caa,Canal (usine du Largue),Canal,43.853389,5.858444,2015-09-08,2015,1014,Pt,Pt,pur,True,True,0.0001,0.008547260000000001,Ch,4,B08,B,08,3,3,
15Avi1002Cn05A__durance1,2015_Avi_1002,durance1,A,branchie,Avi,Avignon,Durance,43.913,4.820722,2014-07-17;2015-07-10,2015,1002,Hy,Hy,intermediaire,True,True,0.529004,0.06558199999999992,Cn,4,B09,B,09,3,3,
15Avi1010Cn05A__durance1,2015_Avi_1010,durance1,A,branchie,Avi,Avignon,Durance,43.913,4.820722,2014-07-17;2015-07-10,2015,1010,Cn,Cn,pur,True,True,0.9999,0.023951999999999973,Cn,4,B10,B,10,4,4,
15BUe1005Ch05A__durance1,2015_Bue_1005,durance1,A,branchie,Bue,Confluence Buech-Meouge,Buech,44.262,5.828,2014-07-03;2015-07-17,2015,1005,Hy,Hy,intermediaire,True,True,0.130852,0.06826000000000002,Ch,4,B11,B,11,5,5,
15BUe1013Ch05A__durance1,2015_Bue_1013,durance1,A,branchie,Bue,Confluence Buech-Meouge,Buech,44.262,5.828,2014-07-03;2015-07-17,2015,1013,Pt,Pt,pur,True,True,0.0001,0.0261861,Ch,4,B12,B,12,6,6,
15Bau1003Ch05A__durance1,2015_Bau_1003,durance1,A,branchie,Bau,Rosieres,Beaume,44.475,4.264,2015-07-22,2015,1003,Pt,Pt,pur,True,True,0.0001,0.0,Ch,4,C01,C,01,1,1,
15Bau1011Ch05A__durance1,2015_Bau_1011,durance1,A,branchie,Bau,Rosieres,Beaume,44.475,4.264,2015-07-22,2015,1011,Pt,Pt,pur,True,True,0.00156659,0.04267271,Ch,4,C02,C,02,2,2,
15Bau1019Ch05A__durance1,2015_Bau_1019,durance1,A,branchie,Bau,Rosieres,Beaume,44.475,4.264,2015-07-22,2015,1019,Hy,Pt,quasi-pur,False,True,0.0001,0.00373055,Ch,4,C03,C,03,3,3,
15Jus1002Ch05A__durance1,2015_Jus_1002,durance1,A,branchie,Jus,Saint-Just-d'Ardeche,Ardeche,44.286,4.597833,2015-07-21,2015,1002,Hy,Pt,quasi-pur,False,True,0.0001,0.034920799999999995,Ch,4,C04,C,04,1,1,
15Jus1010Ch05A__durance1,2015_Jus_1010,durance1,A,branchie,Jus,Saint-Just-d'Ardeche,Ardeche,44.286,4.597833,2015-07-21,2015,1010,Cn,Cn,pur,True,True,0.9999,0.04496900000000004,Ch,4,C05,C,05,2,2,
15Jus1018Ch05A__durance1,2015_Jus_1018,durance1,A,branchie,Jus,Saint-Just-d'Ardeche,Ardeche,44.286,4.597833,2015-07-21,2015,1018,Cn,Cn,pur,True,True,0.9970375,0.02751349999999997,Ch,4,C06,C,06,3,3,
15Caa1007Ch05A__durance1,2015_Caa_1007,durance1,A,branchie,Caa,Canal (usine du Largue),Canal,43.853389,5.858444,2015-09-08,2015,1007,Cn,Cn,pur,True,True,0.9847625,0.052702499999999985,Ch,4,C07,C,07,2,2,
15Caa1015Ch05A__durance1,2015_Caa_1015,durance1,A,branchie,Caa,Canal (usine du Largue),Canal,43.853389,5.858444,2015-09-08,2015,1015,Hy,Hy,intermediaire,True,True,0.7446605,0.20081149999999992,Ch,4,C08,C,08,3,3,
15Avi1003Cn05A__durance1,2015_Avi_1003,durance1,A,branchie,Avi,Avignon,Durance,43.913,4.820722,2014-07-17;2015-07-10,2015,1003,Cn,Cn,pur,True,True,0.9999,0.020881999999999956,Cn,4,C09,C,09,3,3,
15Avi1011Cn05A__durance1,2015_Avi_1011,durance1,A,branchie,Avi,Avignon,Durance,43.913,4.820722,2014-07-17;2015-07-10,2015,1011,Hy,Cn,quasi-pur,False,True,0.9999,0.05917300000000003,Cn,4,C10,C,10,4,4,
15BUe1006Ch05A__durance1,2015_Bue_1006,durance1,A,branchie,Bue,Confluence Buech-Meouge,Buech,44.262,5.828,2014-07-03;2015-07-17,2015,1006,Pt,Hy,pur,True,True,0.00753796,0.11408504,Ch,4,C11,C,11,5,5,
15BUe1014Ch05A__durance1,2015_Bue_1014,durance1,A,branchie,Bue,Confluence Buech-Meouge,Buech,44.262,5.828,2014-07-03;2015-07-17,2015,1014,Pt,Pt,pur,True,False,0.001654999999999962,0.0,Ch,4,C12,C,12,6,6,
15Bau1004Ch05A__durance1,2015_Bau_1004,durance1,A,branchie,Bau,Rosieres,Beaume,44.475,4.264,2015-07-22,2015,1004,Hy,Pt,quasi-pur,False,True,0.0001,0.07919129999999999,Ch,4,D01,D,01,1,1,
15Bau1012Ch05A__durance1,2015_Bau_1012,durance1,A,branchie,Bau,Rosieres,Beaume,44.475,4.264,2015-07-22,2015,1012,Pt,Pt,pur,True,True,0.0001,0.014222100000000001,Ch,4,D02,D,02,2,2,
15Bau1020Ch05A__durance1,2015_Bau_1020,durance1,A,branchie,Bau,Rosieres,Beaume,44.475,4.264,2015-07-22,2015,1020,Hy,Hy,quasi-pur,False,True,0.0001,0.206549,Ch,4,D03,D,03,3,3,
15Jus1003Ch05A__durance1,2015_Jus_1003,durance1,A,branchie,Jus,Saint-Just-d'Ardeche,Ardeche,44.286,4.597833,2015-07-21,2015,1003,Hy,Pt,quasi-pur,False,True,0.014152999999999999,0.0733562,Ch,4,D04,D,04,1,1,
15Jus1011Ch05A__durance1,2015_Jus_1011,durance1,A,branchie,Jus,Saint-Just-d'Ardeche,Ardeche,44.286,4.597833,2015-07-21,2015,1011,Cn,Hy,pur,True,True,0.9294205,0.06764250000000005,Ch,4,D05,D,05,2,2,
15Jus1019Ch05A__durance1,2015_Jus_1019,durance1,A,branchie,Jus,Saint-Just-d'Ardeche,Ardeche,44.286,4.597833,2015-07-21,2015,1019,Cn,Cn,pur,True,True,0.9999,0.043321000000000054,Ch,4,D06,D,06,3,3,
15Caa1008Ch05A__durance1,2015_Caa_1008,durance1,A,branchie,Caa,Canal (usine du Largue),Canal,43.853389,5.858444,2015-09-08,2015,1008,Hy,Hy,intermediaire,True,True,0.9208035,0.07993349999999999,Ch,4,D07,D,07,2,2,
15Caa1016Ch05A__durance1,2015_Caa_1016,durance1,A,branchie,Caa,Canal (usine du Largue),Canal,43.853389,5.858444,2015-09-08,2015,1016,Hy,Pt,quasi-pur,False,True,0.003348402,0.030516898,Ch,4,D08,D,08,3,3,
15Avi1004Cn05A__durance1,2015_Avi_1004,durance1,A,branchie,Avi,Avignon,Durance,43.913,4.820722,2014-07-17;2015-07-10,2015,1004,Cn,Cn,pur,True,True,0.9999,0.022290000000000032,Cn,4,D09,D,09,3,3,
15Avi1012Pt05A__durance1,2015_Avi_1012,durance1,A,branchie,Avi,Avignon,Durance,43.913,4.820722,2014-07-17;2015-07-10,2015,1012,Hy,Hy,quasi-pur,False,True,0.0001,0.39093300000000003,Pt,4,D10,D,10,4,4,
15BUe1007Ch05A__durance1,2015_Bue_1007,durance1,A,branchie,Bue,Confluence Buech-Meouge,Buech,44.262,5.828,2014-07-03;2015-07-17,2015,1007,Hy,Hy,intermediaire,True,True,0.220115,0.09282300000000002,Ch,4,D11,D,11,5,5,
15BUe1015Ch05A__durance1,2015_Bue_1015,durance1,A,branchie,Bue,Confluence Buech-Meouge,Buech,44.262,5.828,2014-07-03;2015-07-17,2015,1015,Pt,Pt,pur,True,True,0.0001,0.0178451,Ch,4,D12,D,12,6,6,
15Bau1005Ch05A__durance1,2015_Bau_1005,durance1,A,branchie,Bau,Rosieres,Beaume,44.475,4.264,2015-07-22,2015,1005,Pt,Pt,pur,True,True,0.004509865000000001,0.039507935,Ch,4,E01,E,01,1,1,
15Bau1013Ch05A__durance1,2015_Bau_1013,durance1,A,branchie,Bau,Rosieres,Beaume,44.475,4.264,2015-07-22,2015,1013,Pt,Pt,pur,True,True,0.0001,0.0409044,Ch,4,E02,E,02,2,2,
15Bau1021Ch05A__durance1,2015_Bau_1021,durance1,A,branchie,Bau,Rosieres,Beaume,44.475,4.264,2015-07-22,2015,1021,Hy,Pt,quasi-pur,False,True,0.0001,0.0344185,Ch,4,E03,E,03,3,3,
15Jus1004Ch05A__durance1,2015_Jus_1004,durance1,A,branchie,Jus,Saint-Just-d'Ardeche,Ardeche,44.286,4.597833,2015-07-21,2015,1004,Hy,Pt,quasi-pur,False,True,0.0001,0.008645690000000001,Ch,4,E04,E,04,1,1,
15Jus1012Ch05A__durance1,2015_Jus_1012,durance1,A,branchie,Jus,Saint-Just-d'Ardeche,Ardeche,44.286,4.597833,2015-07-21,2015,1012,Cn,Cn,pur,True,True,0.9999,0.02703500000000003,Ch,4,E05,E,05,2,2,
15Caa1001Ch05A__durance1,2015_Caa_1001,durance1,A,branchie,Caa,Canal (usine du Largue),Canal,43.853389,5.858444,2015-09-08,2015,1001,Cn,Cn,pur,True,True,0.947083,0.052817,Ch,4,E06,E,06,1,1,
15Caa1009Ch05A__durance1,2015_Caa_1009,durance1,A,branchie,Caa,Canal (usine du Largue),Canal,43.853389,5.858444,2015-09-08,2015,1009,Cn,Cn,pur,True,True,0.9999,0.03842699999999999,Ch,4,E07,E,07,2,2,
15Caa1017Ch05A__durance1,2015_Caa_1017,durance1,A,branchie,Caa,Canal (usine du Largue),Canal,43.853389,5.858444,2015-09-08,2015,1017,Hy,Hy,intermediaire,True,True,0.1006175,0.04702049999999999,Ch,4,E08,E,08,3,3,
15Avi1005Cn05A__durance1,2015_Avi_1005,durance1,A,branchie,Avi,Avignon,Durance,43.913,4.820722,2014-07-17;2015-07-10,2015,1005,Cn,Cn,pur,True,True,0.99929,0.06421699999999997,Cn,4,E09,E,09,3,3,
15Avi1013Pt05A__durance1,2015_Avi_1013,durance1,A,branchie,Avi,Avignon,Durance,43.913,4.820722,2014-07-17;2015-07-10,2015,1013,Hy,Hy,intermediaire,True,True,0.28511410000000004,0.33378589999999997,Pt,4,E10,E,10,4,4,
15BUe1008Ch05A__durance1,2015_Bue_1008,durance1,A,branchie,Bue,Confluence Buech-Meouge,Buech,44.262,5.828,2014-07-03;2015-07-17,2015,1008,Pt,Pt,pur,True,True,0.0001,0.00945818,Ch,4,E11,E,11,5,5,
15BUe1016Ch05A__durance1,2015_Bue_1016,durance1,A,branchie,Bue,Confluence Buech-Meouge,Buech,44.262,5.828,2014-07-03;2015-07-17,2015,1016,Hy,Hy,intermediaire,True,True,0.8887309999999999,0.15708699999999998,Ch,4,E12,E,12,6,6,
15Bau1006Ch05A__durance1,2015_Bau_1006,durance1,A,branchie,Bau,Rosieres,Beaume,44.475,4.264,2015-07-22,2015,1006,Hy,Hy,intermediaire,True,True,0.5132975,0.09612850000000006,Ch,4,F01,F,01,1,1,
15Bau1014Ch05A__durance1,2015_Bau_1014,durance1,A,branchie,Bau,Rosieres,Beaume,44.475,4.264,2015-07-22,2015,1014,Pt,Pt,pur,True,True,0.00344197,0.03864973,Ch,4,F02,F,02,2,2,
15Bau1022Ch05A__durance1,2015_Bau_1022,durance1,A,branchie,Bau,Rosieres,Beaume,44.475,4.264,2015-07-22,2015,1022,Pt,Pt,pur,True,True,0.026378,0.0396818,Ch,4,F03,F,03,3,3,
15Jus1005Ch05A__durance1,2015_Jus_1005,durance1,A,branchie,Jus,Saint-Just-d'Ardeche,Ardeche,44.286,4.597833,2015-07-21,2015,1005,Hy,Pt,quasi-pur,False,True,0.0001,0.0121084,Ch,4,F04,F,04,1,1,
15Jus1013Ch05A__durance1,2015_Jus_1013,durance1,A,branchie,Jus,Saint-Just-d'Ardeche,Ardeche,44.286,4.597833,2015-07-21,2015,1013,Cn,Cn,pur,True,True,0.9766085,0.10154149999999995,Ch,4,F05,F,05,2,2,
15Caa1002Ch05A__durance1,2015_Caa_1002,durance1,A,branchie,Caa,Canal (usine du Largue),Canal,43.853389,5.858444,2015-09-08,2015,1002,Cn,Cn,pur,True,True,0.9994325,0.1068714999999999,Ch,4,F06,F,06,1,1,
15Caa1010Ch05A__durance1,2015_Caa_1010,durance1,A,branchie,Caa,Canal (usine du Largue),Canal,43.853389,5.858444,2015-09-08,2015,1010,Cn,Cn,pur,True,True,0.9999,0.019187999999999983,Ch,4,F07,F,07,2,2,
15Caa1018Ch05A__durance1,2015_Caa_1018,durance1,A,branchie,Caa,Canal (usine du Largue),Canal,43.853389,5.858444,2015-09-08,2015,1018,Pt,Pt,pur,True,True,0.0001,0.0258486,Ch,4,F08,F,08,3,3,
15Avi1006Cn05A__durance1,2015_Avi_1006,durance1,A,branchie,Avi,Avignon,Durance,43.913,4.820722,2014-07-17;2015-07-10,2015,1006,Cn,Cn,pur,True,True,0.981626,0.024009999999999976,Cn,4,F09,F,09,3,3,
15Bue1001Ch05A__durance1,2015_Bue_1001,durance1,A,branchie,Bue,Confluence Buech-Meouge,Buech,44.262,5.828,2014-07-03;2015-07-17,2015,1001,Cn,Cn,pur,True,True,0.9999,0.05101900000000004,Ch,4,F10,F,10,4,4,
15BUe1009Ch05A__durance1,2015_Bue_1009,durance1,A,branchie,Bue,Confluence Buech-Meouge,Buech,44.262,5.828,2014-07-03;2015-07-17,2015,1009,Hy,Hy,intermediaire,True,True,0.9276935,0.1251184999999999,Ch,4,F11,F,11,5,5,
15BUe1017Ch05A__durance1,2015_Bue_1017,durance1,A,branchie,Bue,Confluence Buech-Meouge,Buech,44.262,5.828,2014-07-03;2015-07-17,2015,1017,Cn,Cn,pur,True,True,0.985546,0.08171899999999999,Ch,4,F12,F,12,6,6,
15Bau1007Ch05A__durance1,2015_Bau_1007,durance1,A,branchie,Bau,Rosieres,Beaume,44.475,4.264,2015-07-22,2015,1007,Pt,Pt,pur,True,True,0.0001,0.00827844,Ch,4,G01,G,01,1,1,
15Bau1015Ch05A__durance1,2015_Bau_1015,durance1,A,branchie,Bau,Rosieres,Beaume,44.475,4.264,2015-07-22,2015,1015,Pt,Pt,pur,True,True,0.0001,0.0171402,Ch,4,G02,G,02,2,2,
15Bau1023Ch05A__durance1,2015_Bau_1023,durance1,A,branchie,Bau,Rosieres,Beaume,44.475,4.264,2015-07-22,2015,1023,Pt,Pt,pur,True,True,0.0001,0.0,Ch,4,G03,G,03,3,3,
15Jus1006Ch05A__durance1,2015_Jus_1006,durance1,A,branchie,Jus,Saint-Just-d'Ardeche,Ardeche,44.286,4.597833,2015-07-21,2015,1006,Pt,Pt,pur,True,True,0.0001,0.0,Ch,4,G04,G,04,1,1,
15Jus1014Ch05A__durance1,2015_Jus_1014,durance1,A,branchie,Jus,Saint-Just-d'Ardeche,Ardeche,44.286,4.597833,2015-07-21,2015,1014,Cn,Cn,pur,True,True,0.9468705,0.05302950000000006,Ch,4,G05,G,05,2,2,
15Caa1003Ch05A__durance1,2015_Caa_1003,durance1,A,branchie,Caa,Canal (usine du Largue),Canal,43.853389,5.858444,2015-09-08,2015,1003,Cn,Cn,pur,True,True,0.9999,0.011297000000000001,Ch,4,G06,G,06,1,1,
15Caa1011Ch05A__durance1,2015_Caa_1011,durance1,A,branchie,Caa,Canal (usine du Largue),Canal,43.853389,5.858444,2015-09-08,2015,1011,Pt,Pt,pur,True,True,0.0001,0.0906421,Ch,4,G07,G,07,2,2,
15Caa1019Ch05A__durance1,2015_Caa_1019,durance1,A,branchie,Caa,Canal (usine du Largue),Canal,43.853389,5.858444,2015-09-08,2015,1019,Hy,Pt,quasi-pur,False,True,0.0001,0.007794419999999999,Ch,4,G08,G,08,3,3,
15Avi1007Cn05A__durance1,2015_Avi_1007,durance1,A,branchie,Avi,Avignon,Durance,43.913,4.820722,2014-07-17;2015-07-10,2015,1007,Cn,Cn,pur,True,True,0.9999,0.08638400000000002,Cn,4,G09,G,09,3,3,
15BUe1002Ch05A__durance1,2015_Bue_1002,durance1,A,branchie,Bue,Confluence Buech-Meouge,Buech,44.262,5.828,2014-07-03;2015-07-17,2015,1002,Cn,Cn,pur,True,True,0.9999,0.015835000000000043,Ch,4,G10,G,10,4,4,
15BUe1010Ch05A__durance1,2015_Bue_1010,durance1,A,branchie,Bue,Confluence Buech-Meouge,Buech,44.262,5.828,2014-07-03;2015-07-17,2015,1010,Hy,Hy,intermediaire,True,True,0.5373025,0.11367450000000001,Ch,4,G11,G,11,5,5,
15BUe1018Ch05A__durance1,2015_Bue_1018,durance1,A,branchie,Bue,Confluence Buech-Meouge,Buech,44.262,5.828,2014-07-03;2015-07-17,2015,1018,Hy,Hy,intermediaire,True,True,0.8807585,0.09011049999999998,Ch,4,G12,G,12,6,6,
15Bau1008Ch05A__durance1,2015_Bau_1008,durance1,A,branchie,Bau,Rosieres,Beaume,44.475,4.264,2015-07-22,2015,1008,Pt,Pt,pur,True,True,0.0001,0.039034,Ch,4,H01,H,01,1,1,
15Bau1016Ch05A__durance1,2015_Bau_1016,durance1,A,branchie,Bau,Rosieres,Beaume,44.475,4.264,2015-07-22,2015,1016,Hy,Hy,quasi-pur,False,True,0.02028617,0.44522083,Ch,4,H02,H,02,2,2,
15Bau1024Ch05A__durance1,2015_Bau_1024,durance1,A,branchie,Bau,Rosieres,Beaume,44.475,4.264,2015-07-22,2015,1024,Pt,Pt,pur,True,True,0.0001,0.0131795,Ch,4,H03,H,03,3,3,
15Jus1007Ch05A__durance1,2015_Jus_1007,durance1,A,branchie,Jus,Saint-Just-d'Ardeche,Ardeche,44.286,4.597833,2015-07-21,2015,1007,Pt,Pt,pur,True,True,0.0001,0.014199,Ch,4,H04,H,04,1,1,
15Jus1015Ch05A__durance1,2015_Jus_1015,durance1,A,branchie,Jus,Saint-Just-d'Ardeche,Ardeche,44.286,4.597833,2015-07-21,2015,1015,Cn,Cn,pur,True,True,0.9977965,0.050436499999999995,Ch,4,H05,H,05,2,2,
15Caa1004Ch05A__durance1,2015_Caa_1004,durance1,A,branchie,Caa,Canal (usine du Largue),Canal,43.853389,5.858444,2015-09-08,2015,1004,Cn,Cn,pur,True,True,0.9999,0.005790999999999991,Ch,4,H06,H,06,1,1,
15Caa1012Ch05A__durance1,2015_Caa_1012,durance1,A,branchie,Caa,Canal (usine du Largue),Canal,43.853389,5.858444,2015-09-08,2015,1012,Pt,Pt,pur,True,True,0.0001,0.0,Ch,4,H07,H,07,2,2,
15Caa1020Ch05A__durance1,2015_Caa_1020,durance1,A,branchie,Caa,Canal (usine du Largue),Canal,43.853389,5.858444,2015-09-08,2015,1020,Pt,Pt,pur,True,True,0.0001,0.0260511,Ch,4,H08,H,08,3,3,
15Avi1008Cn05A__durance1,2015_Avi_1008,durance1,A,branchie,Avi,Avignon,Durance,43.913,4.820722,2014-07-17;2015-07-10,2015,1008,Cn,Cn,pur,True,True,0.9999,0.01104000000000005,Cn,4,H09,H,09,3,3,
15BUe1003Ch05A__durance1,2015_Bue_1003,durance1,A,branchie,Bue,Confluence Buech-Meouge,Buech,44.262,5.828,2014-07-03;2015-07-17,2015,1003,Cn,Cn,pur,True,True,0.9999,0.015947000000000044,Ch,4,H10,H,10,4,4,
15BUe1011Ch05A__durance1,2015_Bue_1011,durance1,A,branchie,Bue,Confluence Buech-Meouge,Buech,44.262,5.828,2014-07-03;2015-07-17,2015,1011,Hy,Hy,intermediaire,True,True,0.7010149999999999,0.10766600000000004,Ch,4,H11,H,11,5,5,
14Ain1001Cn03A__durance1,2014_Ain_1001,durance1,A,hindgut,Ain,Pont-d'Ain,Suran,46.048,5.324,2014-08-12,2014,1001,Cn,Cn,pur,True,True,0.9999,0.02987200000000001,Cn,5,A01,A,01,1,1,
14Ain1038Pt03A__durance1,2014_Ain_1038,durance1,A,hindgut,Ain,Chavannes-sur-Suran,Suran,46.264389,5.429444,2014-08-12,2014,1038,Pt,Pt,pur,True,True,0.0001,0.0105608,Pt,5,A02,A,02,2,2,
15Cab1003Ch03A__durance1,2015_Cab_1003,durance1,A,hindgut,Cab,Pont-d'Ain,Suran,46.048,5.324,2015-08-26,2015,1003,Cn,Cn,pur,True,True,0.9790135,0.04033549999999997,Ch,5,A03,A,03,2,3,
15Cab1011Ch03A__durance1,2015_Cab_1011,durance1,A,hindgut,Cab,Chavannes-sur-Suran,Suran,46.264389,5.429444,2015-08-26,2015,1011,Pt,Pt,pur,True,False,0.00042399999999997995,0.0,Ch,5,A04,A,04,3,4,
15Cab1019Ch03A__durance1,2015_Cab_1019,durance1,A,hindgut,Cab,Chavannes-sur-Suran,Suran,46.264389,5.429444,2015-08-26,2015,1019,Pt,Pt,pur,True,True,0.0001,0.0,Ch,5,A05,A,05,4,5,
14Avi1008Cn03A__durance1,2014_Avi_1008,durance1,A,hindgut,Avi,Avignon,Durance,43.913,4.820722,2014-07-17;2015-07-10,2014,1008,Cn,Cn,pur,True,True,0.9790425,0.04159250000000003,Cn,5,A06,A,06,2,2,
14Bue1005Cn03A__durance1,2014_Bue_1005,durance1,A,hindgut,Bue,Confluence Buech-Meouge,Buech,44.262,5.828,2014-07-03;2015-07-17,2014,1005,Cn,Cn,pur,True,True,0.996529,0.015122999999999998,Cn,5,A07,A,07,2,2,
14Bue1015Ch03A__durance1,2014_Bue_1015,durance1,A,hindgut,Bue,Confluence Buech-Meouge,Buech,44.262,5.828,2014-07-03;2015-07-17,2014,1015,Pt,Pt,pur,True,True,0.0001,0.027206,Ch,5,A08,A,08,3,3,
14Man1011Ch03A__durance1,2014_Man_1011,durance1,A,hindgut,Man,Manosque-Oraison,Durance,43.919667,5.896278,2014-07-23,2014,1011,Hy,Pt,quasi-pur,False,True,0.0001,0.0034689200000000003,Ch,5,A09,A,09,2,2,
14Man1019Ch03A__durance1,2014_Man_1019,durance1,A,hindgut,Man,Manosque-Oraison,Durance,43.919667,5.896278,2014-07-23,2014,1019,Pt,Pt,pur,True,True,0.0001,0.00794395,Ch,5,A10,A,10,3,3,
14Per2011Ch03A__durance1,2014_Per_2011,durance1,A,hindgut,Per,Pertuis,Durance,43.668139,5.493,2014-07-07;2014-08-20,2014,2011,Pt,Pt,pur,True,True,0.0001,0.0198136,Ch,5,A11,A,11,2,2,
14Per2011Ch03A-bis__durance1,2014_Per_2011,durance1,A,hindgut,Per,Pertuis,Durance,43.668139,5.493,2014-07-07;2014-08-20,2014,2011,Pt,Pt,pur,True,True,0.0001,0.0198136,Ch,5,A12,A,12,3,3,mock_contaminated
14Ain1002Cn03A__durance1,2014_Ain_1002,durance1,A,hindgut,Ain,Pont-d'Ain,Suran,46.048,5.324,2014-08-12,2014,1002,Cn,Cn,pur,True,True,0.9999,0.027077000000000018,Cn,5,B01,B,01,1,1,
14Ain1039Pt03A__durance1,2014_Ain_1039,durance1,A,hindgut,Ain,Chavannes-sur-Suran,Suran,46.264389,5.429444,2014-08-12,2014,1039,Pt,Pt,pur,True,True,0.0001,0.0118913,Pt,5,B02,B,02,2,2,
15Cab1004Ch03A__durance1,2015_Cab_1004,durance1,A,hindgut,Cab,Pont-d'Ain,Suran,46.048,5.324,2015-08-26,2015,1004,Cn,Cn,pur,True,True,0.9916195,0.051615500000000036,Ch,5,B03,B,03,2,3,
15Cab1012Ch03A__durance1,2015_Cab_1012,durance1,A,hindgut,Cab,Chavannes-sur-Suran,Suran,46.264389,5.429444,2015-08-26,2015,1012,Pt,Pt,pur,True,True,0.0001,0.0024834600000000003,Ch,5,B04,B,04,3,4,
14Avi1001Cn03A__durance1,2014_Avi_1001,durance1,A,hindgut,Avi,Avignon,Durance,43.913,4.820722,2014-07-17;2015-07-10,2014,1001,Cn,Cn,pur,True,True,0.9999,0.014294000000000029,Cn,5,B05,B,05,1,1,
14Avi1036-Cn03A__durance1,2014_Avi_1036,durance1,A,hindgut,Avi,Avignon,Durance,43.913,4.820722,2014-07-17;2015-07-10,2014,1036,Cn,Cn,pur,True,True,0.9999,0.025182000000000038,Cn,5,B06,B,06,2,2,
14Bue1006Cn03A__durance1,2014_Bue_1006,durance1,A,hindgut,Bue,Confluence Buech-Meouge,Buech,44.262,5.828,2014-07-03;2015-07-17,2014,1006,Hy,Hy,intermediaire,True,True,0.9466924999999999,0.09561849999999994,Cn,5,B07,B,07,2,2,
14Bue1016Ch03A__durance1,2014_Bue_1016,durance1,A,hindgut,Bue,Confluence Buech-Meouge,Buech,44.262,5.828,2014-07-03;2015-07-17,2014,1016,Hy,Pt,quasi-pur,False,True,0.0001,0.025033800000000002,Ch,5,B08,B,08,3,3,
14Man1012Ch03A__durance1,2014_Man_1012,durance1,A,hindgut,Man,Manosque-Oraison,Durance,43.919667,5.896278,2014-07-23,2014,1012,Pt,Pt,pur,True,True,0.0001,0.00126172,Ch,5,B09,B,09,2,2,
14Man1020Ch03A__durance1,2014_Man_1020,durance1,A,hindgut,Man,Manosque-Oraison,Durance,43.919667,5.896278,2014-07-23,2014,1020,Hy,Pt,quasi-pur,False,True,0.0001,0.00115361,Ch,5,B10,B,10,3,3,
14Per2012Ch03A__durance1,2014_Per_2012,durance1,A,hindgut,Per,Pertuis,Durance,43.668139,5.493,2014-07-07;2014-08-20,2014,2012,Pt,Pt,pur,True,True,0.0001,0.0,Ch,5,B11,B,11,2,2,
14Per2012Ch03A-bis__durance1,2014_Per_2012,durance1,A,hindgut,Per,Pertuis,Durance,43.668139,5.493,2014-07-07;2014-08-20,2014,2012,Pt,Pt,pur,True,True,0.0001,0.0,Ch,5,B12,B,12,3,3,
14Ain1011Pt03A__durance1,2014_Ain_1011,durance1,A,hindgut,Ain,Chavannes-sur-Suran,Suran,46.264389,5.429444,2014-08-12,2014,1011,Pt,Pt,pur,True,True,0.0001,0.00132522,Pt,5,C01,C,01,1,1,
14Ain1040Pt03A__durance1,2014_Ain_1040,durance1,A,hindgut,Ain,Chavannes-sur-Suran,Suran,46.264389,5.429444,2014-08-12,2014,1040,Pt,Pt,pur,True,True,0.0001,0.029344600000000002,Pt,5,C02,C,02,2,2,
15Cab1005Ch03A__durance1,2015_Cab_1005,durance1,A,hindgut,Cab,Pont-d'Ain,Suran,46.048,5.324,2015-08-26,2015,1005,Cn,Cn,pur,True,True,0.9999,0.04226799999999997,Ch,5,C03,C,03,2,3,
15Cab1013Ch03A__durance1,2015_Cab_1013,durance1,A,hindgut,Cab,Chavannes-sur-Suran,Suran,46.264389,5.429444,2015-08-26,2015,1013,Pt,Pt,pur,True,True,0.0001,0.0639904,Ch,5,C04,C,04,3,4,
14Avi1002Cn03A__durance1,2014_Avi_1002,durance1,A,hindgut,Avi,Avignon,Durance,43.913,4.820722,2014-07-17;2015-07-10,2014,1002,Cn,Cn,pur,True,True,0.9999,0.01569799999999999,Cn,5,C05,C,05,1,1,
14Avi1037Cn03A__durance1,2014_Avi_1037,durance1,A,hindgut,Avi,Avignon,Durance,43.913,4.820722,2014-07-17;2015-07-10,2014,1037,Cn,Cn,pur,True,True,0.9999,0.114066,Cn,5,C06,C,06,2,2,
14Bue1007Cn03A__durance1,2014_Bue_1007,durance1,A,hindgut,Bue,Confluence Buech-Meouge,Buech,44.262,5.828,2014-07-03;2015-07-17,2014,1007,Cn,Cn,pur,True,True,0.9999,0.013390000000000013,Cn,5,C07,C,07,2,2,
14Bue1017Ch03A__durance1,2014_Bue_1017,durance1,A,hindgut,Bue,Confluence Buech-Meouge,Buech,44.262,5.828,2014-07-03;2015-07-17,2014,1017,Pt,Pt,pur,True,True,0.0001,0.0436135,Ch,5,C08,C,08,3,3,
14Man1013Ch03A__durance1,2014_Man_1013,durance1,A,hindgut,Man,Manosque-Oraison,Durance,43.919667,5.896278,2014-07-23,2014,1013,Pt,Pt,pur,True,True,0.0001,0.0236388,Ch,5,C09,C,09,2,2,
14Man1021Ch03A__durance1,2014_Man_1021,durance1,A,hindgut,Man,Manosque-Oraison,Durance,43.919667,5.896278,2014-07-23,2014,1021,Hy,Hy,intermediaire,True,True,0.2179825,0.1247321,Ch,5,C10,C,10,3,3,
14Per2013Ch03A__durance1,2014_Per_2013,durance1,A,hindgut,Per,Pertuis,Durance,43.668139,5.493,2014-07-07;2014-08-20,2014,2013,Hy,Hy,intermediaire,True,True,0.2097815,0.1761465,Ch,5,C11,C,11,2,2,
14Ain1012Pt03A__durance1,2014_Ain_1012,durance1,A,hindgut,Ain,Chavannes-sur-Suran,Suran,46.264389,5.429444,2014-08-12,2014,1012,Pt,Pt,pur,True,True,0.0001,0.034025599999999996,Pt,5,D01,D,01,1,1,
14Ain1041Pt03A__durance1,2014_Ain_1041,durance1,A,hindgut,Ain,Chavannes-sur-Suran,Suran,46.264389,5.429444,2014-08-12,2014,1041,Pt,Pt,pur,True,True,0.0001,0.0032175100000000002,Pt,5,D02,D,02,2,2,
15Cab1006Ch03A__durance1,2015_Cab_1006,durance1,A,hindgut,Cab,Pont-d'Ain,Suran,46.048,5.324,2015-08-26,2015,1006,Cn,Cn,pur,True,True,0.9676345,0.0767025,Ch,5,D03,D,03,2,3,
15Cab1014Ch03A__durance1,2015_Cab_1014,durance1,A,hindgut,Cab,Chavannes-sur-Suran,Suran,46.264389,5.429444,2015-08-26,2015,1014,Pt,Pt,pur,True,True,0.0001,0.0,Ch,5,D04,D,04,3,4,
14Avi1003Cn03A__durance1,2014_Avi_1003,durance1,A,hindgut,Avi,Avignon,Durance,43.913,4.820722,2014-07-17;2015-07-10,2014,1003,Cn,Cn,pur,True,True,0.9999,0.002593999999999985,Cn,5,D05,D,05,1,1,
14Avi1038Cn03A__durance1,2014_Avi_1038,durance1,A,hindgut,Avi,Avignon,Durance,43.913,4.820722,2014-07-17;2015-07-10,2014,1038,Cn,Cn,pur,True,True,0.9999,0.017442999999999986,Cn,5,D06,D,06,2,2,
14Bue1008Cn03A__durance1,2014_Bue_1008,durance1,A,hindgut,Bue,Confluence Buech-Meouge,Buech,44.262,5.828,2014-07-03;2015-07-17,2014,1008,Cn,Cn,pur,True,True,0.9999,0.019206999999999974,Cn,5,D07,D,07,2,2,
14Bue1018Ch03A__durance1,2014_Bue_1018,durance1,A,hindgut,Bue,Confluence Buech-Meouge,Buech,44.262,5.828,2014-07-03;2015-07-17,2014,1018,Pt,Pt,pur,True,True,0.0001,0.009559940000000001,Ch,5,D08,D,08,3,3,
14Man1014Ch03A__durance1,2014_Man_1014,durance1,A,hindgut,Man,Manosque-Oraison,Durance,43.919667,5.896278,2014-07-23,2014,1014,Pt,Pt,pur,True,True,0.0001,0.0023953100000000003,Ch,5,D09,D,09,2,2,
14Man1022Ch03A__durance1,2014_Man_1022,durance1,A,hindgut,Man,Manosque-Oraison,Durance,43.919667,5.896278,2014-07-23,2014,1022,Pt,Pt,pur,True,True,0.0001,0.010545200000000001,Ch,5,D10,D,10,3,3,
14Per2014Ch03A__durance1,2014_Per_2014,durance1,A,hindgut,Per,Pertuis,Durance,43.668139,5.493,2014-07-07;2014-08-20,2014,2014,Pt,Pt,pur,True,True,0.0001,0.0,Ch,5,D11,D,11,2,2,
14Ain1013Pt03A__durance1,2014_Ain_1013,durance1,A,hindgut,Ain,Chavannes-sur-Suran,Suran,46.264389,5.429444,2014-08-12,2014,1013,Pt,Pt,pur,True,True,0.0001,0.0099728,Pt,5,E01,E,01,1,1,
14Ain1042Pt03A__durance1,2014_Ain_1042,durance1,A,hindgut,Ain,Chavannes-sur-Suran,Suran,46.264389,5.429444,2014-08-12,2014,1042,Pt,Pt,pur,True,True,0.0001,0.0252761,Pt,5,E02,E,02,2,2,
15Cab1007Ch03A__durance1,2015_Cab_1007,durance1,A,hindgut,Cab,Pont-d'Ain,Suran,46.048,5.324,2015-08-26,2015,1007,Cn,Cn,pur,True,True,0.986855,0.040076,Ch,5,E03,E,03,2,3,
15Cab1015Ch03A__durance1,2015_Cab_1015,durance1,A,hindgut,Cab,Chavannes-sur-Suran,Suran,46.264389,5.429444,2015-08-26,2015,1015,Pt,Pt,pur,True,True,0.0001,0.0122371,Ch,5,E04,E,04,3,4,
14Avi1004Cn03A__durance1,2014_Avi_1004,durance1,A,hindgut,Avi,Avignon,Durance,43.913,4.820722,2014-07-17;2015-07-10,2014,1004,Cn,Cn,pur,True,True,0.9999,0.01977300000000004,Cn,5,E05,E,05,1,1,
14Bue1001Cn03A__durance1,2014_Bue_1001,durance1,A,hindgut,Bue,Confluence Buech-Meouge,Buech,44.262,5.828,2014-07-03;2015-07-17,2014,1001,Cn,Cn,pur,True,False,0.9878026,0.0,Cn,5,E06,E,06,1,1,
14Bue1011Ch03A__durance1,2014_Bue_1011,durance1,A,hindgut,Bue,Confluence Buech-Meouge,Buech,44.262,5.828,2014-07-03;2015-07-17,2014,1011,Pt,Pt,pur,True,True,0.0001,0.0232161,Ch,5,E07,E,07,2,2,
14Bue1019Ch03A__durance1,2014_Bue_1019,durance1,A,hindgut,Bue,Confluence Buech-Meouge,Buech,44.262,5.828,2014-07-03;2015-07-17,2014,1019,Pt,Pt,pur,True,True,0.0001,0.0,Ch,5,E08,E,08,3,3,
14Man1015Ch03A__durance1,2014_Man_1015,durance1,A,hindgut,Man,Manosque-Oraison,Durance,43.919667,5.896278,2014-07-23,2014,1015,Pt,Pt,pur,True,True,0.0001,0.0,Ch,5,E09,E,09,2,2,
14Per1011Ch03A__durance1,2014_Per_1011,durance1,A,hindgut,Per,Pertuis,Durance,43.668139,5.493,2014-07-07;2014-08-20,2014,1011,Pt,Pt,pur,True,True,0.0001,0.01805,Ch,5,E10,E,10,1,1,
15Per2015Ch03A__durance1,2014_Per_2015,durance1,A,hindgut,Per,Pertuis,Durance,43.668139,5.493,2014-07-07;2014-08-20,2014,2015,Pt,Pt,pur,True,True,0.0001,0.0,Ch,5,E11,E,11,2,2,
14Ain1014Pt03A__durance1,2014_Ain_1014,durance1,A,hindgut,Ain,Chavannes-sur-Suran,Suran,46.264389,5.429444,2014-08-12,2014,1014,Pt,Pt,pur,True,True,0.0001,0.0193883,Pt,5,F01,F,01,1,1,
14Ain1043Pt03A__durance1,2014_Ain_1043,durance1,A,hindgut,Ain,Chavannes-sur-Suran,Suran,46.264389,5.429444,2014-08-12,2014,1043,Pt,Pt,pur,True,True,0.0001,0.0059209399999999995,Pt,5,F02,F,02,2,2,
15Cab1008Ch03A__durance1,2015_Cab_1008,durance1,A,hindgut,Cab,Pont-d'Ain,Suran,46.048,5.324,2015-08-26,2015,1008,Cn,Cn,pur,True,True,0.997914,0.01697700000000002,Ch,5,F03,F,03,2,3,
15Cab1016Ch03A__durance1,2015_Cab_1016,durance1,A,hindgut,Cab,Chavannes-sur-Suran,Suran,46.264389,5.429444,2015-08-26,2015,1016,Pt,Pt,pur,True,True,0.0001,0.00194113,Ch,5,F04,F,04,3,4,
14Avi1005Cn03A__durance1,2014_Avi_1005,durance1,A,hindgut,Avi,Avignon,Durance,43.913,4.820722,2014-07-17;2015-07-10,2014,1005,Cn,Cn,pur,True,True,0.9999,0.08110799999999996,Cn,5,F05,F,05,1,1,
14Bue1002Cn03A__durance1,2014_Bue_1002,durance1,A,hindgut,Bue,Confluence Buech-Meouge,Buech,44.262,5.828,2014-07-03;2015-07-17,2014,1002,Cn,Cn,pur,True,False,0.989712,0.0,Cn,5,F06,F,06,1,1,
14Bue1012Ch03A__durance1,2014_Bue_1012,durance1,A,hindgut,Bue,Confluence Buech-Meouge,Buech,44.262,5.828,2014-07-03;2015-07-17,2014,1012,Pt,Pt,pur,True,True,0.0001,0.0,Ch,5,F07,F,07,2,2,
14Man1001Cn03A__durance1,2014_Man_1001,durance1,A,hindgut,Man,Manosque-Oraison,Durance,43.919667,5.896278,2014-07-23,2014,1001,Pt,Pt,pur,True,True,0.0001,0.0031458500000000004,Cn,5,F08,F,08,1,1,
14Man1016Ch03A__durance1,2014_Man_1016,durance1,A,hindgut,Man,Manosque-Oraison,Durance,43.919667,5.896278,2014-07-23,2014,1016,Pt,Pt,pur,True,True,0.0001,0.00548115,Ch,5,F09,F,09,2,2,
14Per1012Ch03A__durance1,2014_Per_1012,durance1,A,hindgut,Per,Pertuis,Durance,43.668139,5.493,2014-07-07;2014-08-20,2014,1012,Pt,Pt,pur,True,True,0.0001,0.00345481,Ch,5,F10,F,10,1,1,
14Ain1036Cn03A__durance1,2014_Ain_1036,durance1,A,hindgut,Ain,Pont-d'Ain,Suran,46.048,5.324,2014-08-12,2014,1036,Cn,Cn,pur,True,True,0.9634205,0.05584849999999997,Cn,5,G01,G,01,1,1,
15Cab1001Ch03A__durance1,2015_Cab_1001,durance1,A,hindgut,Cab,Pont-d'Ain,Suran,46.048,5.324,2015-08-26,2015,1001,Cn,Cn,pur,True,True,0.9999,0.07011200000000006,Ch,5,G02,G,02,1,2,
15Cab1009Ch03A__durance1,2015_Cab_1009,durance1,A,hindgut,Cab,Pont-d'Ain,Suran,46.048,5.324,2015-08-26,2015,1009,Hy,Hy,intermediaire,True,True,0.8998935,0.13065250000000006,Ch,5,G03,G,03,2,3,
15Cab1017Ch03A__durance1,2015_Cab_1017,durance1,A,hindgut,Cab,Chavannes-sur-Suran,Suran,46.264389,5.429444,2015-08-26,2015,1017,Pt,Pt,pur,True,True,0.0001,0.0135881,Ch,5,G04,G,04,3,4,
14Avi1006Cn03A__durance1,2014_Avi_1006,durance1,A,hindgut,Avi,Avignon,Durance,43.913,4.820722,2014-07-17;2015-07-10,2014,1006,Cn,Cn,pur,True,True,0.9999,0.03937199999999996,Cn,5,G05,G,05,1,1,
14Bue1003Cn03A__durance1,2014_Bue_1003,durance1,A,hindgut,Bue,Confluence Buech-Meouge,Buech,44.262,5.828,2014-07-03;2015-07-17,2014,1003,Cn,Cn,pur,True,True,0.9999,0.05878899999999998,Cn,5,G06,G,06,1,1,
14Bue1013Ch03A__durance1,2014_Bue_1013,durance1,A,hindgut,Bue,Confluence Buech-Meouge,Buech,44.262,5.828,2014-07-03;2015-07-17,2014,1013,Pt,Pt,pur,True,True,0.0001,0.023389300000000002,Ch,5,G07,G,07,2,2,
14Man1002Cn03A__durance1,2014_Man_1002,durance1,A,hindgut,Man,Manosque-Oraison,Durance,43.919667,5.896278,2014-07-23,2014,1002,Hy,Hy,quasi-pur,False,True,0.0001,0.366158,Cn,5,G08,G,08,1,1,
14Man1017Ch03A__durance1,2014_Man_1017,durance1,A,hindgut,Man,Manosque-Oraison,Durance,43.919667,5.896278,2014-07-23,2014,1017,Pt,Pt,pur,True,True,0.0001,0.0,Ch,5,G09,G,09,2,2,
14Per1013Ch03A__durance1,2014_Per_1013,durance1,A,hindgut,Per,Pertuis,Durance,43.668139,5.493,2014-07-07;2014-08-20,2014,1013,Pt,Pt,pur,True,True,0.0001,0.0,Ch,5,G10,G,10,1,1,
14Ain1037Cn03A__durance1,2014_Ain_1037,durance1,A,hindgut,Ain,Pont-d'Ain,Suran,46.048,5.324,2014-08-12,2014,1037,Cn,Cn,pur,True,True,0.9999,0.021923000000000026,Cn,5,H01,H,01,1,1,
15Cab1002Ch03A__durance1,2015_Cab_1002,durance1,A,hindgut,Cab,Pont-d'Ain,Suran,46.048,5.324,2015-08-26,2015,1002,Cn,Cn,pur,True,True,0.9624035,0.043770499999999934,Ch,5,H02,H,02,1,2,
15Cab1010Ch03A__durance1,2015_Cab_1010,durance1,A,hindgut,Cab,Pont-d'Ain,Suran,46.048,5.324,2015-08-26,2015,1010,Hy,Hy,intermediaire,True,True,0.759876,0.07340000000000002,Ch,5,H03,H,03,2,3,
15Cab1018Ch03A__durance1,2015_Cab_1018,durance1,A,hindgut,Cab,Chavannes-sur-Suran,Suran,46.264389,5.429444,2015-08-26,2015,1018,Pt,Pt,pur,True,True,0.0001,0.018595900000000002,Ch,5,H04,H,04,3,4,
14Avi1007Cn03A__durance1,2014_Avi_1007,durance1,A,hindgut,Avi,Avignon,Durance,43.913,4.820722,2014-07-17;2015-07-10,2014,1007,Cn,Cn,pur,True,True,0.9999,0.010548000000000002,Cn,5,H05,H,05,1,1,
14Bue1004Cn03A__durance1,2014_Bue_1004,durance1,A,hindgut,Bue,Confluence Buech-Meouge,Buech,44.262,5.828,2014-07-03;2015-07-17,2014,1004,Cn,Cn,pur,True,True,0.9999,0.01164900000000002,Cn,5,H06,H,06,1,1,
14Bue1014Ch03A__durance1,2014_Bue_1014,durance1,A,hindgut,Bue,Confluence Buech-Meouge,Buech,44.262,5.828,2014-07-03;2015-07-17,2014,1014,Pt,Pt,pur,True,True,0.00459266,0.015245940000000001,Ch,5,H07,H,07,2,2,
14Man1010Cn03A__durance1,2014_Man_1010,durance1,A,hindgut,Man,Manosque-Oraison,Durance,43.919667,5.896278,2014-07-23,2014,1010,Hy,Pt,quasi-pur,False,True,0.0001,0.0,Cn,5,H08,H,08,1,1,
14Man1018Ch03A__durance1,2014_Man_1018,durance1,A,hindgut,Man,Manosque-Oraison,Durance,43.919667,5.896278,2014-07-23,2014,1018,Pt,Pt,pur,True,True,0.0001,0.0202354,Ch,5,H09,H,09,2,2,
14Per1014Ch03A__durance1,2014_Per_1014,durance1,A,hindgut,Per,Pertuis,Durance,43.668139,5.493,2014-07-07;2014-08-20,2014,1014,Pt,Pt,pur,True,True,0.0001,0.006368319999999999,Ch,5,H10,H,10,1,1,
15Bau1001Ch03A__durance1,2015_Bau_1001,durance1,A,hindgut,Bau,Rosieres,Beaume,44.475,4.264,2015-07-22,2015,1001,Pt,Pt,pur,True,True,0.0001,0.0011884,Ch,6,A01,A,01,1,1,
15Bau1009Ch03A__durance1,2015_Bau_1009,durance1,A,hindgut,Bau,Rosieres,Beaume,44.475,4.264,2015-07-22,2015,1009,Pt,Pt,pur,True,True,0.0001,0.0190407,Ch,6,A02,A,02,2,2,
15Bau1017Ch03A__durance1,2015_Bau_1017,durance1,A,hindgut,Bau,Rosieres,Beaume,44.475,4.264,2015-07-22,2015,1017,Pt,Pt,pur,True,True,0.01931,0.026522699999999996,Ch,6,A03,A,03,3,3,
15Bau1025Ch03A__durance1,2015_Bau_1025,durance1,A,hindgut,Bau,Rosieres,Beaume,44.475,4.264,2015-07-22,2015,1025,Pt,Pt,pur,True,True,0.019029945,0.066665255,Ch,6,A04,A,04,4,4,
15Jus1008Ch03A__durance1,2015_Jus_1008,durance1,A,hindgut,Jus,Saint-Just-d'Ardeche,Ardeche,44.286,4.597833,2015-07-21,2015,1008,Pt,Pt,pur,True,False,0.045518999999999976,0.01,Ch,6,A05,A,05,2,2,
15Jus1016Ch03A__durance1,2015_Jus_1016,durance1,A,hindgut,Jus,Saint-Just-d'Ardeche,Ardeche,44.286,4.597833,2015-07-21,2015,1016,Hy,Hy,quasi-pur,False,True,0.9999,0.23044900000000001,Ch,6,A06,A,06,3,3,
15Caa1005Ch03A__durance1,2015_Caa_1005,durance1,A,hindgut,Caa,Canal (usine du Largue),Canal,43.853389,5.858444,2015-09-08,2015,1005,Cn,Cn,pur,True,True,0.9999,0.031225000000000058,Ch,6,A07,A,07,2,2,
15Caa1013Ch03A__durance1,2015_Caa_1013,durance1,A,hindgut,Caa,Canal (usine du Largue),Canal,43.853389,5.858444,2015-09-08,2015,1013,Pt,Pt,pur,True,True,0.0001,0.0214899,Ch,6,A08,A,08,3,3,
15Avi1001Cn03A__durance1,2015_Avi_1001,durance1,A,hindgut,Avi,Avignon,Durance,43.913,4.820722,2014-07-17;2015-07-10,2015,1001,Hy,Hy,quasi-pur,False,True,0.9999,0.36144699999999996,Cn,6,A09,A,09,3,3,
15Avi1009Cn03A__durance1,2015_Avi_1009,durance1,A,hindgut,Avi,Avignon,Durance,43.913,4.820722,2014-07-17;2015-07-10,2015,1009,Cn,Cn,pur,True,True,0.9999,0.06070900000000001,Cn,6,A10,A,10,4,4,
15Bue1004Ch03A__durance1,2015_Bue_1004,durance1,A,hindgut,Bue,Confluence Buech-Meouge,Buech,44.262,5.828,2014-07-03;2015-07-17,2015,1004,Pt,Pt,pur,True,True,0.0001,0.0,Ch,6,A11,A,11,5,5,
15Bue1012Ch03A__durance1,2015_Bue_1012,durance1,A,hindgut,Bue,Confluence Buech-Meouge,Buech,44.262,5.828,2014-07-03;2015-07-17,2015,1012,Hy,Hy,quasi-pur,False,True,0.0001,0.393005,Ch,6,A12,A,12,6,6,
15Bau1002Ch03A__durance1,2015_Bau_1002,durance1,A,hindgut,Bau,Rosieres,Beaume,44.475,4.264,2015-07-22,2015,1002,Pt,Pt,pur,True,True,0.0001,0.00046527,Ch,6,B01,B,01,1,1,
15Bau1010Ch03A__durance1,2015_Bau_1010,durance1,A,hindgut,Bau,Rosieres,Beaume,44.475,4.264,2015-07-22,2015,1010,Hy,Hy,quasi-pur,False,True,0.0001,0.375879,Ch,6,B02,B,02,2,2,
15Bau1018Ch03A__durance1,2015_Bau_1018,durance1,A,hindgut,Bau,Rosieres,Beaume,44.475,4.264,2015-07-22,2015,1018,Pt,Pt,pur,True,True,0.0001,0.0420278,Ch,6,B03,B,03,3,3,
15Jus1001Ch03A__durance1,2015_Jus_1001,durance1,A,hindgut,Jus,Saint-Just-d'Ardeche,Ardeche,44.286,4.597833,2015-07-21,2015,1001,Pt,Pt,pur,True,True,0.0001,0.0,Ch,6,B04,B,04,1,1,
15Jus1009Ch03A__durance1,2015_Jus_1009,durance1,A,hindgut,Jus,Saint-Just-d'Ardeche,Ardeche,44.286,4.597833,2015-07-21,2015,1009,Hy,Hy,intermediaire,True,True,0.4761105,0.2859385,Ch,6,B05,B,05,2,2,
15Jus1017Ch03A__durance1,2015_Jus_1017,durance1,A,hindgut,Jus,Saint-Just-d'Ardeche,Ardeche,44.286,4.597833,2015-07-21,2015,1017,Cn,Cn,pur,True,True,0.9999,0.022872000000000003,Ch,6,B06,B,06,3,3,
15Caa1006Ch03A__durance1,2015_Caa_1006,durance1,A,hindgut,Caa,Canal (usine du Largue),Canal,43.853389,5.858444,2015-09-08,2015,1006,Hy,Hy,intermediaire,True,True,0.9211665,0.07827249999999997,Ch,6,B07,B,07,2,2,
15Caa1014Ch03A__durance1,2015_Caa_1014,durance1,A,hindgut,Caa,Canal (usine du Largue),Canal,43.853389,5.858444,2015-09-08,2015,1014,Pt,Pt,pur,True,True,0.0001,0.008547260000000001,Ch,6,B08,B,08,3,3,
15Avi1002Cn03A__durance1,2015_Avi_1002,durance1,A,hindgut,Avi,Avignon,Durance,43.913,4.820722,2014-07-17;2015-07-10,2015,1002,Hy,Hy,intermediaire,True,True,0.529004,0.06558199999999992,Cn,6,B09,B,09,3,3,
15Avi1010Cn03A__durance1,2015_Avi_1010,durance1,A,hindgut,Avi,Avignon,Durance,43.913,4.820722,2014-07-17;2015-07-10,2015,1010,Cn,Cn,pur,True,True,0.9999,0.023951999999999973,Cn,6,B10,B,10,4,4,
15Bue1005Ch03A__durance1,2015_Bue_1005,durance1,A,hindgut,Bue,Confluence Buech-Meouge,Buech,44.262,5.828,2014-07-03;2015-07-17,2015,1005,Hy,Hy,intermediaire,True,True,0.130852,0.06826000000000002,Ch,6,B11,B,11,5,5,
15Bue1013Ch03A__durance1,2015_Bue_1013,durance1,A,hindgut,Bue,Confluence Buech-Meouge,Buech,44.262,5.828,2014-07-03;2015-07-17,2015,1013,Pt,Pt,pur,True,True,0.0001,0.0261861,Ch,6,B12,B,12,6,6,
15Bau1003Ch03A__durance1,2015_Bau_1003,durance1,A,hindgut,Bau,Rosieres,Beaume,44.475,4.264,2015-07-22,2015,1003,Pt,Pt,pur,True,True,0.0001,0.0,Ch,6,C01,C,01,1,1,
15Bau1011Ch03A__durance1,2015_Bau_1011,durance1,A,hindgut,Bau,Rosieres,Beaume,44.475,4.264,2015-07-22,2015,1011,Pt,Pt,pur,True,True,0.00156659,0.04267271,Ch,6,C02,C,02,2,2,
15Bau1019Ch03A__durance1,2015_Bau_1019,durance1,A,hindgut,Bau,Rosieres,Beaume,44.475,4.264,2015-07-22,2015,1019,Hy,Pt,quasi-pur,False,True,0.0001,0.00373055,Ch,6,C03,C,03,3,3,
15Jus1002Ch03A__durance1,2015_Jus_1002,durance1,A,hindgut,Jus,Saint-Just-d'Ardeche,Ardeche,44.286,4.597833,2015-07-21,2015,1002,Hy,Pt,quasi-pur,False,True,0.0001,0.034920799999999995,Ch,6,C04,C,04,1,1,
15Jus1010Ch03A__durance1,2015_Jus_1010,durance1,A,hindgut,Jus,Saint-Just-d'Ardeche,Ardeche,44.286,4.597833,2015-07-21,2015,1010,Cn,Cn,pur,True,True,0.9999,0.04496900000000004,Ch,6,C05,C,05,2,2,
15Jus1018Ch03A__durance1,2015_Jus_1018,durance1,A,hindgut,Jus,Saint-Just-d'Ardeche,Ardeche,44.286,4.597833,2015-07-21,2015,1018,Cn,Cn,pur,True,True,0.9970375,0.02751349999999997,Ch,6,C06,C,06,3,3,
15Caa1007Ch03A__durance1,2015_Caa_1007,durance1,A,hindgut,Caa,Canal (usine du Largue),Canal,43.853389,5.858444,2015-09-08,2015,1007,Cn,Cn,pur,True,True,0.9847625,0.052702499999999985,Ch,6,C07,C,07,2,2,
15Caa1015Ch03A__durance1,2015_Caa_1015,durance1,A,hindgut,Caa,Canal (usine du Largue),Canal,43.853389,5.858444,2015-09-08,2015,1015,Hy,Hy,intermediaire,True,True,0.7446605,0.20081149999999992,Ch,6,C08,C,08,3,3,
15Avi1003Cn03A__durance1,2015_Avi_1003,durance1,A,hindgut,Avi,Avignon,Durance,43.913,4.820722,2014-07-17;2015-07-10,2015,1003,Cn,Cn,pur,True,True,0.9999,0.020881999999999956,Cn,6,C09,C,09,3,3,
15Avi1011Cn03A__durance1,2015_Avi_1011,durance1,A,hindgut,Avi,Avignon,Durance,43.913,4.820722,2014-07-17;2015-07-10,2015,1011,Hy,Cn,quasi-pur,False,True,0.9999,0.05917300000000003,Cn,6,C10,C,10,4,4,
15Bue1006Ch03A__durance1,2015_Bue_1006,durance1,A,hindgut,Bue,Confluence Buech-Meouge,Buech,44.262,5.828,2014-07-03;2015-07-17,2015,1006,Pt,Hy,pur,True,True,0.00753796,0.11408504,Ch,6,C11,C,11,5,5,
15Bue1014Ch03A__durance1,2015_Bue_1014,durance1,A,hindgut,Bue,Confluence Buech-Meouge,Buech,44.262,5.828,2014-07-03;2015-07-17,2015,1014,Pt,Pt,pur,True,False,0.001654999999999962,0.0,Ch,6,C12,C,12,6,6,
15Bau1004Ch03A__durance1,2015_Bau_1004,durance1,A,hindgut,Bau,Rosieres,Beaume,44.475,4.264,2015-07-22,2015,1004,Hy,Pt,quasi-pur,False,True,0.0001,0.07919129999999999,Ch,6,D01,D,01,1,1,
15Bau1012Ch03A__durance1,2015_Bau_1012,durance1,A,hindgut,Bau,Rosieres,Beaume,44.475,4.264,2015-07-22,2015,1012,Pt,Pt,pur,True,True,0.0001,0.014222100000000001,Ch,6,D02,D,02,2,2,
15Bau1020Ch03A__durance1,2015_Bau_1020,durance1,A,hindgut,Bau,Rosieres,Beaume,44.475,4.264,2015-07-22,2015,1020,Hy,Hy,quasi-pur,False,True,0.0001,0.206549,Ch,6,D03,D,03,3,3,
15Jus1003Ch03A__durance1,2015_Jus_1003,durance1,A,hindgut,Jus,Saint-Just-d'Ardeche,Ardeche,44.286,4.597833,2015-07-21,2015,1003,Hy,Pt,quasi-pur,False,True,0.014152999999999999,0.0733562,Ch,6,D04,D,04,1,1,
15Jus1011Ch03A__durance1,2015_Jus_1011,durance1,A,hindgut,Jus,Saint-Just-d'Ardeche,Ardeche,44.286,4.597833,2015-07-21,2015,1011,Cn,Hy,pur,True,True,0.9294205,0.06764250000000005,Ch,6,D05,D,05,2,2,
15Jus1019Ch03A__durance1,2015_Jus_1019,durance1,A,hindgut,Jus,Saint-Just-d'Ardeche,Ardeche,44.286,4.597833,2015-07-21,2015,1019,Cn,Cn,pur,True,True,0.9999,0.043321000000000054,Ch,6,D06,D,06,3,3,
15Caa1008Ch03A__durance1,2015_Caa_1008,durance1,A,hindgut,Caa,Canal (usine du Largue),Canal,43.853389,5.858444,2015-09-08,2015,1008,Hy,Hy,intermediaire,True,True,0.9208035,0.07993349999999999,Ch,6,D07,D,07,2,2,
15Caa1016Ch03A__durance1,2015_Caa_1016,durance1,A,hindgut,Caa,Canal (usine du Largue),Canal,43.853389,5.858444,2015-09-08,2015,1016,Hy,Pt,quasi-pur,False,True,0.003348402,0.030516898,Ch,6,D08,D,08,3,3,
15Avi1004Cn03A__durance1,2015_Avi_1004,durance1,A,hindgut,Avi,Avignon,Durance,43.913,4.820722,2014-07-17;2015-07-10,2015,1004,Cn,Cn,pur,True,True,0.9999,0.022290000000000032,Cn,6,D09,D,09,3,3,
15Avi1012Pt03A__durance1,2015_Avi_1012,durance1,A,hindgut,Avi,Avignon,Durance,43.913,4.820722,2014-07-17;2015-07-10,2015,1012,Hy,Hy,quasi-pur,False,True,0.0001,0.39093300000000003,Pt,6,D10,D,10,4,4,
15Bue1007Ch03A__durance1,2015_Bue_1007,durance1,A,hindgut,Bue,Confluence Buech-Meouge,Buech,44.262,5.828,2014-07-03;2015-07-17,2015,1007,Hy,Hy,intermediaire,True,True,0.220115,0.09282300000000002,Ch,6,D11,D,11,5,5,
15Bue1015Ch03A__durance1,2015_Bue_1015,durance1,A,hindgut,Bue,Confluence Buech-Meouge,Buech,44.262,5.828,2014-07-03;2015-07-17,2015,1015,Pt,Pt,pur,True,True,0.0001,0.0178451,Ch,6,D12,D,12,6,6,
15Bau1005Ch03A__durance1,2015_Bau_1005,durance1,A,hindgut,Bau,Rosieres,Beaume,44.475,4.264,2015-07-22,2015,1005,Pt,Pt,pur,True,True,0.004509865000000001,0.039507935,Ch,6,E01,E,01,1,1,
15Bau1013Ch03A__durance1,2015_Bau_1013,durance1,A,hindgut,Bau,Rosieres,Beaume,44.475,4.264,2015-07-22,2015,1013,Pt,Pt,pur,True,True,0.0001,0.0409044,Ch,6,E02,E,02,2,2,
15Bau1021Ch03A__durance1,2015_Bau_1021,durance1,A,hindgut,Bau,Rosieres,Beaume,44.475,4.264,2015-07-22,2015,1021,Hy,Pt,quasi-pur,False,True,0.0001,0.0344185,Ch,6,E03,E,03,3,3,
15Jus1004Ch03A__durance1,2015_Jus_1004,durance1,A,hindgut,Jus,Saint-Just-d'Ardeche,Ardeche,44.286,4.597833,2015-07-21,2015,1004,Hy,Pt,quasi-pur,False,True,0.0001,0.008645690000000001,Ch,6,E04,E,04,1,1,
15Jus1012Ch03A__durance1,2015_Jus_1012,durance1,A,hindgut,Jus,Saint-Just-d'Ardeche,Ardeche,44.286,4.597833,2015-07-21,2015,1012,Cn,Cn,pur,True,True,0.9999,0.02703500000000003,Ch,6,E05,E,05,2,2,
15Caa1001CH03A__durance1,2015_Caa_1001,durance1,A,hindgut,Caa,Canal (usine du Largue),Canal,43.853389,5.858444,2015-09-08,2015,1001,Cn,Cn,pur,True,True,0.947083,0.052817,Ch,6,E06,E,06,1,1,
15Caa1009Ch03A__durance1,2015_Caa_1009,durance1,A,hindgut,Caa,Canal (usine du Largue),Canal,43.853389,5.858444,2015-09-08,2015,1009,Cn,Cn,pur,True,True,0.9999,0.03842699999999999,Ch,6,E07,E,07,2,2,
15Caa1017Ch03A__durance1,2015_Caa_1017,durance1,A,hindgut,Caa,Canal (usine du Largue),Canal,43.853389,5.858444,2015-09-08,2015,1017,Hy,Hy,intermediaire,True,True,0.1006175,0.04702049999999999,Ch,6,E08,E,08,3,3,
15Avi1005Cn03A__durance1,2015_Avi_1005,durance1,A,hindgut,Avi,Avignon,Durance,43.913,4.820722,2014-07-17;2015-07-10,2015,1005,Cn,Cn,pur,True,True,0.99929,0.06421699999999997,Cn,6,E09,E,09,3,3,
15Avi1013Pt03A__durance1,2015_Avi_1013,durance1,A,hindgut,Avi,Avignon,Durance,43.913,4.820722,2014-07-17;2015-07-10,2015,1013,Hy,Hy,intermediaire,True,True,0.28511410000000004,0.33378589999999997,Pt,6,E10,E,10,4,4,
15Bue1008Ch03A__durance1,2015_Bue_1008,durance1,A,hindgut,Bue,Confluence Buech-Meouge,Buech,44.262,5.828,2014-07-03;2015-07-17,2015,1008,Pt,Pt,pur,True,True,0.0001,0.00945818,Ch,6,E11,E,11,5,5,
15Bue1016Ch03A__durance1,2015_Bue_1016,durance1,A,hindgut,Bue,Confluence Buech-Meouge,Buech,44.262,5.828,2014-07-03;2015-07-17,2015,1016,Hy,Hy,intermediaire,True,True,0.8887309999999999,0.15708699999999998,Ch,6,E12,E,12,6,6,
15Bau1006Ch03A__durance1,2015_Bau_1006,durance1,A,hindgut,Bau,Rosieres,Beaume,44.475,4.264,2015-07-22,2015,1006,Hy,Hy,intermediaire,True,True,0.5132975,0.09612850000000006,Ch,6,F01,F,01,1,1,
15Bau1014Ch03A__durance1,2015_Bau_1014,durance1,A,hindgut,Bau,Rosieres,Beaume,44.475,4.264,2015-07-22,2015,1014,Pt,Pt,pur,True,True,0.00344197,0.03864973,Ch,6,F02,F,02,2,2,
15Bau1022Ch03A__durance1,2015_Bau_1022,durance1,A,hindgut,Bau,Rosieres,Beaume,44.475,4.264,2015-07-22,2015,1022,Pt,Pt,pur,True,True,0.026378,0.0396818,Ch,6,F03,F,03,3,3,
15Jus1005Ch03A__durance1,2015_Jus_1005,durance1,A,hindgut,Jus,Saint-Just-d'Ardeche,Ardeche,44.286,4.597833,2015-07-21,2015,1005,Hy,Pt,quasi-pur,False,True,0.0001,0.0121084,Ch,6,F04,F,04,1,1,
15Jus1013Ch03A__durance1,2015_Jus_1013,durance1,A,hindgut,Jus,Saint-Just-d'Ardeche,Ardeche,44.286,4.597833,2015-07-21,2015,1013,Cn,Cn,pur,True,True,0.9766085,0.10154149999999995,Ch,6,F05,F,05,2,2,
15Caa1002Ch03A__durance1,2015_Caa_1002,durance1,A,hindgut,Caa,Canal (usine du Largue),Canal,43.853389,5.858444,2015-09-08,2015,1002,Cn,Cn,pur,True,True,0.9994325,0.1068714999999999,Ch,6,F06,F,06,1,1,
15Caa1010Ch03A__durance1,2015_Caa_1010,durance1,A,hindgut,Caa,Canal (usine du Largue),Canal,43.853389,5.858444,2015-09-08,2015,1010,Cn,Cn,pur,True,True,0.9999,0.019187999999999983,Ch,6,F07,F,07,2,2,
15Caa1018Ch03A__durance1,2015_Caa_1018,durance1,A,hindgut,Caa,Canal (usine du Largue),Canal,43.853389,5.858444,2015-09-08,2015,1018,Pt,Pt,pur,True,True,0.0001,0.0258486,Ch,6,F08,F,08,3,3,
15Avi1006Cn03A__durance1,2015_Avi_1006,durance1,A,hindgut,Avi,Avignon,Durance,43.913,4.820722,2014-07-17;2015-07-10,2015,1006,Cn,Cn,pur,True,True,0.981626,0.024009999999999976,Cn,6,F09,F,09,3,3,
15Bue1001Ch03A__durance1,2015_Bue_1001,durance1,A,hindgut,Bue,Confluence Buech-Meouge,Buech,44.262,5.828,2014-07-03;2015-07-17,2015,1001,Cn,Cn,pur,True,True,0.9999,0.05101900000000004,Ch,6,F10,F,10,4,4,
15Bue1009Ch03A__durance1,2015_Bue_1009,durance1,A,hindgut,Bue,Confluence Buech-Meouge,Buech,44.262,5.828,2014-07-03;2015-07-17,2015,1009,Hy,Hy,intermediaire,True,True,0.9276935,0.1251184999999999,Ch,6,F11,F,11,5,5,
15Bue1017Ch03A__durance1,2015_Bue_1017,durance1,A,hindgut,Bue,Confluence Buech-Meouge,Buech,44.262,5.828,2014-07-03;2015-07-17,2015,1017,Cn,Cn,pur,True,True,0.985546,0.08171899999999999,Ch,6,F12,F,12,6,6,
15Bau1007Ch03A__durance1,2015_Bau_1007,durance1,A,hindgut,Bau,Rosieres,Beaume,44.475,4.264,2015-07-22,2015,1007,Pt,Pt,pur,True,True,0.0001,0.00827844,Ch,6,G01,G,01,1,1,
15Bau1015Ch03A__durance1,2015_Bau_1015,durance1,A,hindgut,Bau,Rosieres,Beaume,44.475,4.264,2015-07-22,2015,1015,Pt,Pt,pur,True,True,0.0001,0.0171402,Ch,6,G02,G,02,2,2,
15Bau1023Ch03A__durance1,2015_Bau_1023,durance1,A,hindgut,Bau,Rosieres,Beaume,44.475,4.264,2015-07-22,2015,1023,Pt,Pt,pur,True,True,0.0001,0.0,Ch,6,G03,G,03,3,3,
15Jus1006Ch03A__durance1,2015_Jus_1006,durance1,A,hindgut,Jus,Saint-Just-d'Ardeche,Ardeche,44.286,4.597833,2015-07-21,2015,1006,Pt,Pt,pur,True,True,0.0001,0.0,Ch,6,G04,G,04,1,1,
15Jus1014Ch03A__durance1,2015_Jus_1014,durance1,A,hindgut,Jus,Saint-Just-d'Ardeche,Ardeche,44.286,4.597833,2015-07-21,2015,1014,Cn,Cn,pur,True,True,0.9468705,0.05302950000000006,Ch,6,G05,G,05,2,2,
15Caa1003Ch03A__durance1,2015_Caa_1003,durance1,A,hindgut,Caa,Canal (usine du Largue),Canal,43.853389,5.858444,2015-09-08,2015,1003,Cn,Cn,pur,True,True,0.9999,0.011297000000000001,Ch,6,G06,G,06,1,1,
15Caa1011Ch03A__durance1,2015_Caa_1011,durance1,A,hindgut,Caa,Canal (usine du Largue),Canal,43.853389,5.858444,2015-09-08,2015,1011,Pt,Pt,pur,True,True,0.0001,0.0906421,Ch,6,G07,G,07,2,2,
15Caa1019Ch03A__durance1,2015_Caa_1019,durance1,A,hindgut,Caa,Canal (usine du Largue),Canal,43.853389,5.858444,2015-09-08,2015,1019,Hy,Pt,quasi-pur,False,True,0.0001,0.007794419999999999,Ch,6,G08,G,08,3,3,
15Avi1007Cn03A__durance1,2015_Avi_1007,durance1,A,hindgut,Avi,Avignon,Durance,43.913,4.820722,2014-07-17;2015-07-10,2015,1007,Cn,Cn,pur,True,True,0.9999,0.08638400000000002,Cn,6,G09,G,09,3,3,
15Bue1002Ch03A__durance1,2015_Bue_1002,durance1,A,hindgut,Bue,Confluence Buech-Meouge,Buech,44.262,5.828,2014-07-03;2015-07-17,2015,1002,Cn,Cn,pur,True,True,0.9999,0.015835000000000043,Ch,6,G10,G,10,4,4,
15Bue1010Ch03A__durance1,2015_Bue_1010,durance1,A,hindgut,Bue,Confluence Buech-Meouge,Buech,44.262,5.828,2014-07-03;2015-07-17,2015,1010,Hy,Hy,intermediaire,True,True,0.5373025,0.11367450000000001,Ch,6,G11,G,11,5,5,
15Bue1018Ch03A__durance1,2015_Bue_1018,durance1,A,hindgut,Bue,Confluence Buech-Meouge,Buech,44.262,5.828,2014-07-03;2015-07-17,2015,1018,Hy,Hy,intermediaire,True,True,0.8807585,0.09011049999999998,Ch,6,G12,G,12,6,6,
15Bau1008Ch03A__durance1,2015_Bau_1008,durance1,A,hindgut,Bau,Rosieres,Beaume,44.475,4.264,2015-07-22,2015,1008,Pt,Pt,pur,True,True,0.0001,0.039034,Ch,6,H01,H,01,1,1,
15Bau1016Ch03A__durance1,2015_Bau_1016,durance1,A,hindgut,Bau,Rosieres,Beaume,44.475,4.264,2015-07-22,2015,1016,Hy,Hy,quasi-pur,False,True,0.02028617,0.44522083,Ch,6,H02,H,02,2,2,
15Bau1024Ch03A__durance1,2015_Bau_1024,durance1,A,hindgut,Bau,Rosieres,Beaume,44.475,4.264,2015-07-22,2015,1024,Pt,Pt,pur,True,True,0.0001,0.0131795,Ch,6,H03,H,03,3,3,
15Jus1007Ch03A__durance1,2015_Jus_1007,durance1,A,hindgut,Jus,Saint-Just-d'Ardeche,Ardeche,44.286,4.597833,2015-07-21,2015,1007,Pt,Pt,pur,True,True,0.0001,0.014199,Ch,6,H04,H,04,1,1,
15Jus1015Ch03A__durance1,2015_Jus_1015,durance1,A,hindgut,Jus,Saint-Just-d'Ardeche,Ardeche,44.286,4.597833,2015-07-21,2015,1015,Cn,Cn,pur,True,True,0.9977965,0.050436499999999995,Ch,6,H05,H,05,2,2,
15Caa1004Ch03A__durance1,2015_Caa_1004,durance1,A,hindgut,Caa,Canal (usine du Largue),Canal,43.853389,5.858444,2015-09-08,2015,1004,Cn,Cn,pur,True,True,0.9999,0.005790999999999991,Ch,6,H06,H,06,1,1,
15Caa1012Ch03A__durance1,2015_Caa_1012,durance1,A,hindgut,Caa,Canal (usine du Largue),Canal,43.853389,5.858444,2015-09-08,2015,1012,Pt,Pt,pur,True,True,0.0001,0.0,Ch,6,H07,H,07,2,2,
15Caa1020Ch03A__durance1,2015_Caa_1020,durance1,A,hindgut,Caa,Canal (usine du Largue),Canal,43.853389,5.858444,2015-09-08,2015,1020,Pt,Pt,pur,True,True,0.0001,0.0260511,Ch,6,H08,H,08,3,3,
15Avi1008Cn03A__durance1,2015_Avi_1008,durance1,A,hindgut,Avi,Avignon,Durance,43.913,4.820722,2014-07-17;2015-07-10,2015,1008,Cn,Cn,pur,True,True,0.9999,0.01104000000000005,Cn,6,H09,H,09,3,3,
15Bue1003Ch03A__durance1,2015_Bue_1003,durance1,A,hindgut,Bue,Confluence Buech-Meouge,Buech,44.262,5.828,2014-07-03;2015-07-17,2015,1003,Cn,Cn,pur,True,True,0.9999,0.015947000000000044,Ch,6,H10,H,10,4,4,
15Bue1011Ch03A__durance1,2015_Bue_1011,durance1,A,hindgut,Bue,Confluence Buech-Meouge,Buech,44.262,5.828,2014-07-03;2015-07-17,2015,1011,Hy,Hy,intermediaire,True,True,0.7010149999999999,0.10766600000000004,Ch,6,H11,H,11,5,5,
14Ain1001Cn02A__durance1,2014_Ain_1001,durance1,A,midgut,Ain,Pont-d'Ain,Suran,46.048,5.324,2014-08-12,2014,1001,Cn,Cn,pur,True,True,0.9999,0.02987200000000001,Cn,7,A01,A,01,1,1,
14Ain1039Pt02A__durance1,2014_Ain_1039,durance1,A,midgut,Ain,Chavannes-sur-Suran,Suran,46.264389,5.429444,2014-08-12,2014,1039,Pt,Pt,pur,True,True,0.0001,0.0118913,Pt,7,A02,A,02,2,2,
15Cab1004Ch02A__durance1,2015_Cab_1004,durance1,A,midgut,Cab,Pont-d'Ain,Suran,46.048,5.324,2015-08-26,2015,1004,Cn,Cn,pur,True,True,0.9916195,0.051615500000000036,Ch,7,A03,A,03,2,3,
15Cab1012Ch02A__durance1,2015_Cab_1012,durance1,A,midgut,Cab,Chavannes-sur-Suran,Suran,46.264389,5.429444,2015-08-26,2015,1012,Pt,Pt,pur,True,True,0.0001,0.0024834600000000003,Ch,7,A04,A,04,3,4,
14Avi1001Cn02A__durance1,2014_Avi_1001,durance1,A,midgut,Avi,Avignon,Durance,43.913,4.820722,2014-07-17;2015-07-10,2014,1001,Cn,Cn,pur,True,True,0.9999,0.014294000000000029,Cn,7,A05,A,05,1,1,
14Avi1036Cn02A__durance1,2014_Avi_1036,durance1,A,midgut,Avi,Avignon,Durance,43.913,4.820722,2014-07-17;2015-07-10,2014,1036,Cn,Cn,pur,True,True,0.9999,0.025182000000000038,Cn,7,A06,A,06,2,2,
14Bue1006Cn02A__durance1,2014_Bue_1006,durance1,A,midgut,Bue,Confluence Buech-Meouge,Buech,44.262,5.828,2014-07-03;2015-07-17,2014,1006,Hy,Hy,intermediaire,True,True,0.9466924999999999,0.09561849999999994,Cn,7,A07,A,07,2,2,
14Bue1016Ch02A__durance1,2014_Bue_1016,durance1,A,midgut,Bue,Confluence Buech-Meouge,Buech,44.262,5.828,2014-07-03;2015-07-17,2014,1016,Hy,Pt,quasi-pur,False,True,0.0001,0.025033800000000002,Ch,7,A08,A,08,3,3,
14Man1012Ch02A__durance1,2014_Man_1012,durance1,A,midgut,Man,Manosque-Oraison,Durance,43.919667,5.896278,2014-07-23,2014,1012,Pt,Pt,pur,True,True,0.0001,0.00126172,Ch,7,A09,A,09,2,2,
14Man1020Ch02A__durance1,2014_Man_1020,durance1,A,midgut,Man,Manosque-Oraison,Durance,43.919667,5.896278,2014-07-23,2014,1020,Hy,Pt,quasi-pur,False,True,0.0001,0.00115361,Ch,7,A10,A,10,3,3,
14Per2012Ch02A__durance1,2014_Per_2012,durance1,A,midgut,Per,Pertuis,Durance,43.668139,5.493,2014-07-07;2014-08-20,2014,2012,Pt,Pt,pur,True,True,0.0001,0.0,Ch,7,A11,A,11,2,2,
14Per2012Ch02A-bis__durance1,2014_Per_2012,durance1,A,midgut,Per,Pertuis,Durance,43.668139,5.493,2014-07-07;2014-08-20,2014,2012,Pt,Pt,pur,True,True,0.0001,0.0,Ch,7,A12,A,12,3,3,
14Ain1002Cn02A__durance1,2014_Ain_1002,durance1,A,midgut,Ain,Pont-d'Ain,Suran,46.048,5.324,2014-08-12,2014,1002,Cn,Cn,pur,True,True,0.9999,0.027077000000000018,Cn,7,B01,B,01,1,1,
14Ain1040Pt02A__durance1,2014_Ain_1040,durance1,A,midgut,Ain,Chavannes-sur-Suran,Suran,46.264389,5.429444,2014-08-12,2014,1040,Pt,Pt,pur,True,True,0.0001,0.029344600000000002,Pt,7,B02,B,02,2,2,
15Cab1005Ch02A__durance1,2015_Cab_1005,durance1,A,midgut,Cab,Pont-d'Ain,Suran,46.048,5.324,2015-08-26,2015,1005,Cn,Cn,pur,True,True,0.9999,0.04226799999999997,Ch,7,B03,B,03,2,3,
15Cab1013Ch02A__durance1,2015_Cab_1013,durance1,A,midgut,Cab,Chavannes-sur-Suran,Suran,46.264389,5.429444,2015-08-26,2015,1013,Pt,Pt,pur,True,True,0.0001,0.0639904,Ch,7,B04,B,04,3,4,
14Avi1002Cn02A__durance1,2014_Avi_1002,durance1,A,midgut,Avi,Avignon,Durance,43.913,4.820722,2014-07-17;2015-07-10,2014,1002,Cn,Cn,pur,True,True,0.9999,0.01569799999999999,Cn,7,B05,B,05,1,1,
14Avi1037Cn02A__durance1,2014_Avi_1037,durance1,A,midgut,Avi,Avignon,Durance,43.913,4.820722,2014-07-17;2015-07-10,2014,1037,Cn,Cn,pur,True,True,0.9999,0.114066,Cn,7,B06,B,06,2,2,
14Bue1007Cn02A__durance1,2014_Bue_1007,durance1,A,midgut,Bue,Confluence Buech-Meouge,Buech,44.262,5.828,2014-07-03;2015-07-17,2014,1007,Cn,Cn,pur,True,True,0.9999,0.013390000000000013,Cn,7,B07,B,07,2,2,
14Bue1017Ch02A__durance1,2014_Bue_1017,durance1,A,midgut,Bue,Confluence Buech-Meouge,Buech,44.262,5.828,2014-07-03;2015-07-17,2014,1017,Pt,Pt,pur,True,True,0.0001,0.0436135,Ch,7,B08,B,08,3,3,
14Man1013Ch02A__durance1,2014_Man_1013,durance1,A,midgut,Man,Manosque-Oraison,Durance,43.919667,5.896278,2014-07-23,2014,1013,Pt,Pt,pur,True,True,0.0001,0.0236388,Ch,7,B09,B,09,2,2,
14Man1021Ch02A__durance1,2014_Man_1021,durance1,A,midgut,Man,Manosque-Oraison,Durance,43.919667,5.896278,2014-07-23,2014,1021,Hy,Hy,intermediaire,True,True,0.2179825,0.1247321,Ch,7,B10,B,10,3,3,
14Per2013Ch02A__durance1,2014_Per_2013,durance1,A,midgut,Per,Pertuis,Durance,43.668139,5.493,2014-07-07;2014-08-20,2014,2013,Hy,Hy,intermediaire,True,True,0.2097815,0.1761465,Ch,7,B11,B,11,2,2,
14Per2013Ch02A-bis__durance1,2014_Per_2013,durance1,A,midgut,Per,Pertuis,Durance,43.668139,5.493,2014-07-07;2014-08-20,2014,2013,Hy,Hy,intermediaire,True,True,0.2097815,0.1761465,Ch,7,B12,B,12,3,3,
14Ain1011Pt02A__durance1,2014_Ain_1011,durance1,A,midgut,Ain,Chavannes-sur-Suran,Suran,46.264389,5.429444,2014-08-12,2014,1011,Pt,Pt,pur,True,True,0.0001,0.00132522,Pt,7,C01,C,01,1,1,
14Ain1041Pt02A__durance1,2014_Ain_1041,durance1,A,midgut,Ain,Chavannes-sur-Suran,Suran,46.264389,5.429444,2014-08-12,2014,1041,Pt,Pt,pur,True,True,0.0001,0.0032175100000000002,Pt,7,C02,C,02,2,2,
15Cab1006Ch02A__durance1,2015_Cab_1006,durance1,A,midgut,Cab,Pont-d'Ain,Suran,46.048,5.324,2015-08-26,2015,1006,Cn,Cn,pur,True,True,0.9676345,0.0767025,Ch,7,C03,C,03,2,3,
15Cab1014Ch02A__durance1,2015_Cab_1014,durance1,A,midgut,Cab,Chavannes-sur-Suran,Suran,46.264389,5.429444,2015-08-26,2015,1014,Pt,Pt,pur,True,True,0.0001,0.0,Ch,7,C04,C,04,3,4,
14Avi1003Cn02A__durance1,2014_Avi_1003,durance1,A,midgut,Avi,Avignon,Durance,43.913,4.820722,2014-07-17;2015-07-10,2014,1003,Cn,Cn,pur,True,True,0.9999,0.002593999999999985,Cn,7,C05,C,05,1,1,
14Avi1038Cn02A__durance1,2014_Avi_1038,durance1,A,midgut,Avi,Avignon,Durance,43.913,4.820722,2014-07-17;2015-07-10,2014,1038,Cn,Cn,pur,True,True,0.9999,0.017442999999999986,Cn,7,C06,C,06,2,2,
14Bue1008Cn02A__durance1,2014_Bue_1008,durance1,A,midgut,Bue,Confluence Buech-Meouge,Buech,44.262,5.828,2014-07-03;2015-07-17,2014,1008,Cn,Cn,pur,True,True,0.9999,0.019206999999999974,Cn,7,C07,C,07,2,2,
14Bue1018Ch02A__durance1,2014_Bue_1018,durance1,A,midgut,Bue,Confluence Buech-Meouge,Buech,44.262,5.828,2014-07-03;2015-07-17,2014,1018,Pt,Pt,pur,True,True,0.0001,0.009559940000000001,Ch,7,C08,C,08,3,3,
14Man1014Ch02A__durance1,2014_Man_1014,durance1,A,midgut,Man,Manosque-Oraison,Durance,43.919667,5.896278,2014-07-23,2014,1014,Pt,Pt,pur,True,True,0.0001,0.0023953100000000003,Ch,7,C09,C,09,2,2,
14Man1022Ch02A__durance1,2014_Man_1022,durance1,A,midgut,Man,Manosque-Oraison,Durance,43.919667,5.896278,2014-07-23,2014,1022,Pt,Pt,pur,True,True,0.0001,0.010545200000000001,Ch,7,C10,C,10,3,3,
14Per2014Ch02A__durance1,2014_Per_2014,durance1,A,midgut,Per,Pertuis,Durance,43.668139,5.493,2014-07-07;2014-08-20,2014,2014,Pt,Pt,pur,True,True,0.0001,0.0,Ch,7,C11,C,11,2,2,
14Ain1012Pt02A__durance1,2014_Ain_1012,durance1,A,midgut,Ain,Chavannes-sur-Suran,Suran,46.264389,5.429444,2014-08-12,2014,1012,Pt,Pt,pur,True,True,0.0001,0.034025599999999996,Pt,7,D01,D,01,1,1,
14Ain1042Pt02A__durance1,2014_Ain_1042,durance1,A,midgut,Ain,Chavannes-sur-Suran,Suran,46.264389,5.429444,2014-08-12,2014,1042,Pt,Pt,pur,True,True,0.0001,0.0252761,Pt,7,D02,D,02,2,2,
15Cab1007Ch02A__durance1,2015_Cab_1007,durance1,A,midgut,Cab,Pont-d'Ain,Suran,46.048,5.324,2015-08-26,2015,1007,Cn,Cn,pur,True,True,0.986855,0.040076,Ch,7,D03,D,03,2,3,
15Cab1015Ch02A__durance1,2015_Cab_1015,durance1,A,midgut,Cab,Chavannes-sur-Suran,Suran,46.264389,5.429444,2015-08-26,2015,1015,Pt,Pt,pur,True,True,0.0001,0.0122371,Ch,7,D04,D,04,3,4,
14Avi1004Cn02A__durance1,2014_Avi_1004,durance1,A,midgut,Avi,Avignon,Durance,43.913,4.820722,2014-07-17;2015-07-10,2014,1004,Cn,Cn,pur,True,True,0.9999,0.01977300000000004,Cn,7,D05,D,05,1,1,
14Bue1001Cn02A__durance1,2014_Bue_1001,durance1,A,midgut,Bue,Confluence Buech-Meouge,Buech,44.262,5.828,2014-07-03;2015-07-17,2014,1001,Cn,Cn,pur,True,False,0.9878026,0.0,Cn,7,D06,D,06,1,1,
14Bue1011Ch02A__durance1,2014_Bue_1011,durance1,A,midgut,Bue,Confluence Buech-Meouge,Buech,44.262,5.828,2014-07-03;2015-07-17,2014,1011,Pt,Pt,pur,True,True,0.0001,0.0232161,Ch,7,D07,D,07,2,2,
14Bue1019Ch02A__durance1,2014_Bue_1019,durance1,A,midgut,Bue,Confluence Buech-Meouge,Buech,44.262,5.828,2014-07-03;2015-07-17,2014,1019,Pt,Pt,pur,True,True,0.0001,0.0,Ch,7,D08,D,08,3,3,
14Man1015Ch02A__durance1,2014_Man_1015,durance1,A,midgut,Man,Manosque-Oraison,Durance,43.919667,5.896278,2014-07-23,2014,1015,Pt,Pt,pur,True,True,0.0001,0.0,Ch,7,D09,D,09,2,2,
14per1011Ch02A__durance1,2014_Per_1011,durance1,A,midgut,Per,Pertuis,Durance,43.668139,5.493,2014-07-07;2014-08-20,2014,1011,Pt,Pt,pur,True,True,0.0001,0.01805,Ch,7,D10,D,10,1,1,
14Per2015Ch02A__durance1,2014_Per_2015,durance1,A,midgut,Per,Pertuis,Durance,43.668139,5.493,2014-07-07;2014-08-20,2014,2015,Pt,Pt,pur,True,True,0.0001,0.0,Ch,7,D11,D,11,2,2,
14Ain1013Pt02A__durance1,2014_Ain_1013,durance1,A,midgut,Ain,Chavannes-sur-Suran,Suran,46.264389,5.429444,2014-08-12,2014,1013,Pt,Pt,pur,True,True,0.0001,0.0099728,Pt,7,E01,E,01,1,1,
14Ain1043Pt02A__durance1,2014_Ain_1043,durance1,A,midgut,Ain,Chavannes-sur-Suran,Suran,46.264389,5.429444,2014-08-12,2014,1043,Pt,Pt,pur,True,True,0.0001,0.0059209399999999995,Pt,7,E02,E,02,2,2,
15Cab1008Ch02A__durance1,2015_Cab_1008,durance1,A,midgut,Cab,Pont-d'Ain,Suran,46.048,5.324,2015-08-26,2015,1008,Cn,Cn,pur,True,True,0.997914,0.01697700000000002,Ch,7,E03,E,03,2,3,
15Cab1016Ch02A__durance1,2015_Cab_1016,durance1,A,midgut,Cab,Chavannes-sur-Suran,Suran,46.264389,5.429444,2015-08-26,2015,1016,Pt,Pt,pur,True,True,0.0001,0.00194113,Ch,7,E04,E,04,3,4,
14Avi1005Cn02A__durance1,2014_Avi_1005,durance1,A,midgut,Avi,Avignon,Durance,43.913,4.820722,2014-07-17;2015-07-10,2014,1005,Cn,Cn,pur,True,True,0.9999,0.08110799999999996,Cn,7,E05,E,05,1,1,
14Bue1002Cn02A__durance1,2014_Bue_1002,durance1,A,midgut,Bue,Confluence Buech-Meouge,Buech,44.262,5.828,2014-07-03;2015-07-17,2014,1002,Cn,Cn,pur,True,False,0.989712,0.0,Cn,7,E06,E,06,1,1,
14Bue1012Ch02A__durance1,2014_Bue_1012,durance1,A,midgut,Bue,Confluence Buech-Meouge,Buech,44.262,5.828,2014-07-03;2015-07-17,2014,1012,Pt,Pt,pur,True,True,0.0001,0.0,Ch,7,E07,E,07,2,2,
14Man1001Cn02A__durance1,2014_Man_1001,durance1,A,midgut,Man,Manosque-Oraison,Durance,43.919667,5.896278,2014-07-23,2014,1001,Pt,Pt,pur,True,True,0.0001,0.0031458500000000004,Cn,7,E08,E,08,1,1,
14Man1016Ch02A__durance1,2014_Man_1016,durance1,A,midgut,Man,Manosque-Oraison,Durance,43.919667,5.896278,2014-07-23,2014,1016,Pt,Pt,pur,True,True,0.0001,0.00548115,Ch,7,E09,E,09,2,2,
14Per1012Ch02A__durance1,2014_Per_1012,durance1,A,midgut,Per,Pertuis,Durance,43.668139,5.493,2014-07-07;2014-08-20,2014,1012,Pt,Pt,pur,True,True,0.0001,0.00345481,Ch,7,E10,E,10,1,1,
14Ain1014Pt02A__durance1,2014_Ain_1014,durance1,A,midgut,Ain,Chavannes-sur-Suran,Suran,46.264389,5.429444,2014-08-12,2014,1014,Pt,Pt,pur,True,True,0.0001,0.0193883,Pt,7,F01,F,01,1,1,
15Cab1001Ch02A__durance1,2015_Cab_1001,durance1,A,midgut,Cab,Pont-d'Ain,Suran,46.048,5.324,2015-08-26,2015,1001,Cn,Cn,pur,True,True,0.9999,0.07011200000000006,Ch,7,F02,F,02,1,2,
15Cab1009Ch02A__durance1,2015_Cab_1009,durance1,A,midgut,Cab,Pont-d'Ain,Suran,46.048,5.324,2015-08-26,2015,1009,Hy,Hy,intermediaire,True,True,0.8998935,0.13065250000000006,Ch,7,F03,F,03,2,3,
15Cab1017Ch02A__durance1,2015_Cab_1017,durance1,A,midgut,Cab,Chavannes-sur-Suran,Suran,46.264389,5.429444,2015-08-26,2015,1017,Pt,Pt,pur,True,True,0.0001,0.0135881,Ch,7,F04,F,04,3,4,
14Avi1006Cn02A__durance1,2014_Avi_1006,durance1,A,midgut,Avi,Avignon,Durance,43.913,4.820722,2014-07-17;2015-07-10,2014,1006,Cn,Cn,pur,True,True,0.9999,0.03937199999999996,Cn,7,F05,F,05,1,1,
14Bue1003Cn02A__durance1,2014_Bue_1003,durance1,A,midgut,Bue,Confluence Buech-Meouge,Buech,44.262,5.828,2014-07-03;2015-07-17,2014,1003,Cn,Cn,pur,True,True,0.9999,0.05878899999999998,Cn,7,F06,F,06,1,1,
14Bue1013Ch02A__durance1,2014_Bue_1013,durance1,A,midgut,Bue,Confluence Buech-Meouge,Buech,44.262,5.828,2014-07-03;2015-07-17,2014,1013,Pt,Pt,pur,True,True,0.0001,0.023389300000000002,Ch,7,F07,F,07,2,2,
14Man1002Cn02A__durance1,2014_Man_1002,durance1,A,midgut,Man,Manosque-Oraison,Durance,43.919667,5.896278,2014-07-23,2014,1002,Hy,Hy,quasi-pur,False,True,0.0001,0.366158,Cn,7,F08,F,08,1,1,
14Man1017Ch02A__durance1,2014_Man_1017,durance1,A,midgut,Man,Manosque-Oraison,Durance,43.919667,5.896278,2014-07-23,2014,1017,Pt,Pt,pur,True,True,0.0001,0.0,Ch,7,F09,F,09,2,2,
14Per1013Ch02A__durance1,2014_Per_1013,durance1,A,midgut,Per,Pertuis,Durance,43.668139,5.493,2014-07-07;2014-08-20,2014,1013,Pt,Pt,pur,True,True,0.0001,0.0,Ch,7,F10,F,10,1,1,
14Ain1036Cn02A__durance1,2014_Ain_1036,durance1,A,midgut,Ain,Pont-d'Ain,Suran,46.048,5.324,2014-08-12,2014,1036,Cn,Cn,pur,True,True,0.9634205,0.05584849999999997,Cn,7,G01,G,01,1,1,
15Cab1002Ch02A__durance1,2015_Cab_1002,durance1,A,midgut,Cab,Pont-d'Ain,Suran,46.048,5.324,2015-08-26,2015,1002,Cn,Cn,pur,True,True,0.9624035,0.043770499999999934,Ch,7,G02,G,02,1,2,
15Cab1010Ch02A__durance1,2015_Cab_1010,durance1,A,midgut,Cab,Pont-d'Ain,Suran,46.048,5.324,2015-08-26,2015,1010,Hy,Hy,intermediaire,True,True,0.759876,0.07340000000000002,Ch,7,G03,G,03,2,3,
15Cab1018Ch02A__durance1,2015_Cab_1018,durance1,A,midgut,Cab,Chavannes-sur-Suran,Suran,46.264389,5.429444,2015-08-26,2015,1018,Pt,Pt,pur,True,True,0.0001,0.018595900000000002,Ch,7,G04,G,04,3,4,
14Avi1007Cn02A__durance1,2014_Avi_1007,durance1,A,midgut,Avi,Avignon,Durance,43.913,4.820722,2014-07-17;2015-07-10,2014,1007,Cn,Cn,pur,True,True,0.9999,0.010548000000000002,Cn,7,G05,G,05,1,1,
14Bue1004Cn02A__durance1,2014_Bue_1004,durance1,A,midgut,Bue,Confluence Buech-Meouge,Buech,44.262,5.828,2014-07-03;2015-07-17,2014,1004,Cn,Cn,pur,True,True,0.9999,0.01164900000000002,Cn,7,G06,G,06,1,1,
14Bue1014Ch02A__durance1,2014_Bue_1014,durance1,A,midgut,Bue,Confluence Buech-Meouge,Buech,44.262,5.828,2014-07-03;2015-07-17,2014,1014,Pt,Pt,pur,True,True,0.00459266,0.015245940000000001,Ch,7,G07,G,07,2,2,
14Man1010Cn02A__durance1,2014_Man_1010,durance1,A,midgut,Man,Manosque-Oraison,Durance,43.919667,5.896278,2014-07-23,2014,1010,Hy,Pt,quasi-pur,False,True,0.0001,0.0,Cn,7,G08,G,08,1,1,
14Man1018Ch02A__durance1,2014_Man_1018,durance1,A,midgut,Man,Manosque-Oraison,Durance,43.919667,5.896278,2014-07-23,2014,1018,Pt,Pt,pur,True,True,0.0001,0.0202354,Ch,7,G09,G,09,2,2,
14Per1014Ch02A__durance1,2014_Per_1014,durance1,A,midgut,Per,Pertuis,Durance,43.668139,5.493,2014-07-07;2014-08-20,2014,1014,Pt,Pt,pur,True,True,0.0001,0.006368319999999999,Ch,7,G10,G,10,1,1,
14Ain1037Cn02A__durance1,2014_Ain_1037,durance1,A,midgut,Ain,Pont-d'Ain,Suran,46.048,5.324,2014-08-12,2014,1037,Cn,Cn,pur,True,True,0.9999,0.021923000000000026,Cn,7,H01,H,01,1,1,
15Cab1003Ch02A__durance1,2015_Cab_1003,durance1,A,midgut,Cab,Pont-d'Ain,Suran,46.048,5.324,2015-08-26,2015,1003,Cn,Cn,pur,True,True,0.9790135,0.04033549999999997,Ch,7,H02,H,02,1,2,
15Cab1011Ch02A__durance1,2015_Cab_1011,durance1,A,midgut,Cab,Chavannes-sur-Suran,Suran,46.264389,5.429444,2015-08-26,2015,1011,Pt,Pt,pur,True,False,0.00042399999999997995,0.0,Ch,7,H03,H,03,2,3,
15Cab1019Ch02A__durance1,2015_Cab_1019,durance1,A,midgut,Cab,Chavannes-sur-Suran,Suran,46.264389,5.429444,2015-08-26,2015,1019,Pt,Pt,pur,True,True,0.0001,0.0,Ch,7,H04,H,04,3,4,
14Avi1008Cn02A__durance1,2014_Avi_1008,durance1,A,midgut,Avi,Avignon,Durance,43.913,4.820722,2014-07-17;2015-07-10,2014,1008,Cn,Cn,pur,True,True,0.9790425,0.04159250000000003,Cn,7,H05,H,05,1,1,
14Bue1005Cn02A__durance1,2014_Bue_1005,durance1,A,midgut,Bue,Confluence Buech-Meouge,Buech,44.262,5.828,2014-07-03;2015-07-17,2014,1005,Cn,Cn,pur,True,True,0.996529,0.015122999999999998,Cn,7,H06,H,06,1,1,
14Bue1015Ch02A__durance1,2014_Bue_1015,durance1,A,midgut,Bue,Confluence Buech-Meouge,Buech,44.262,5.828,2014-07-03;2015-07-17,2014,1015,Pt,Pt,pur,True,True,0.0001,0.027206,Ch,7,H07,H,07,2,2,
14Man1011Ch02A__durance1,2014_Man_1011,durance1,A,midgut,Man,Manosque-Oraison,Durance,43.919667,5.896278,2014-07-23,2014,1011,Hy,Pt,quasi-pur,False,True,0.0001,0.0034689200000000003,Ch,7,H08,H,08,1,1,
14Man1019Ch02A__durance1,2014_Man_1019,durance1,A,midgut,Man,Manosque-Oraison,Durance,43.919667,5.896278,2014-07-23,2014,1019,Pt,Pt,pur,True,True,0.0001,0.00794395,Ch,7,H09,H,09,2,2,
14Per2011Ch02A__durance1,2014_Per_2011,durance1,A,midgut,Per,Pertuis,Durance,43.668139,5.493,2014-07-07;2014-08-20,2014,2011,Pt,Pt,pur,True,True,0.0001,0.0198136,Ch,7,H10,H,10,1,1,
15Bau1001Ch02A__durance1,2015_Bau_1001,durance1,A,midgut,Bau,Rosieres,Beaume,44.475,4.264,2015-07-22,2015,1001,Pt,Pt,pur,True,True,0.0001,0.0011884,Ch,8,A01,A,01,1,1,
15Bau1009Ch02A__durance1,2015_Bau_1009,durance1,A,midgut,Bau,Rosieres,Beaume,44.475,4.264,2015-07-22,2015,1009,Pt,Pt,pur,True,True,0.0001,0.0190407,Ch,8,A02,A,02,2,2,
15Bau1017Ch02A__durance1,2015_Bau_1017,durance1,A,midgut,Bau,Rosieres,Beaume,44.475,4.264,2015-07-22,2015,1017,Pt,Pt,pur,True,True,0.01931,0.026522699999999996,Ch,8,A03,A,03,3,3,
15Bau1025Ch02A__durance1,2015_Bau_1025,durance1,A,midgut,Bau,Rosieres,Beaume,44.475,4.264,2015-07-22,2015,1025,Pt,Pt,pur,True,True,0.019029945,0.066665255,Ch,8,A04,A,04,4,4,
15Jus1008Ch0A__durance1,2015_Jus_1008,durance1,A,midgut,Jus,Saint-Just-d'Ardeche,Ardeche,44.286,4.597833,2015-07-21,2015,1008,Pt,Pt,pur,True,False,0.045518999999999976,0.01,Ch,8,A05,A,05,2,2,
15Jus1016Ch0A__durance1,2015_Jus_1016,durance1,A,midgut,Jus,Saint-Just-d'Ardeche,Ardeche,44.286,4.597833,2015-07-21,2015,1016,Hy,Hy,quasi-pur,False,True,0.9999,0.23044900000000001,Ch,8,A06,A,06,3,3,
15Caa1005Ch0A__durance1,2015_Caa_1005,durance1,A,midgut,Caa,Canal (usine du Largue),Canal,43.853389,5.858444,2015-09-08,2015,1005,Cn,Cn,pur,True,True,0.9999,0.031225000000000058,Ch,8,A07,A,07,2,2,
15Caa1013Ch0A__durance1,2015_Caa_1013,durance1,A,midgut,Caa,Canal (usine du Largue),Canal,43.853389,5.858444,2015-09-08,2015,1013,Pt,Pt,pur,True,True,0.0001,0.0214899,Ch,8,A08,A,08,3,3,
15Avi1001Cn02A__durance1,2015_Avi_1001,durance1,A,midgut,Avi,Avignon,Durance,43.913,4.820722,2014-07-17;2015-07-10,2015,1001,Hy,Hy,quasi-pur,False,True,0.9999,0.36144699999999996,Cn,8,A09,A,09,3,3,
15Avi1009Cn02A__durance1,2015_Avi_1009,durance1,A,midgut,Avi,Avignon,Durance,43.913,4.820722,2014-07-17;2015-07-10,2015,1009,Cn,Cn,pur,True,True,0.9999,0.06070900000000001,Cn,8,A10,A,10,4,4,
15Bue1004Ch02A__durance1,2015_Bue_1004,durance1,A,midgut,Bue,Confluence Buech-Meouge,Buech,44.262,5.828,2014-07-03;2015-07-17,2015,1004,Pt,Pt,pur,True,True,0.0001,0.0,Ch,8,A11,A,11,5,5,
15Bue1012Ch02A__durance1,2015_Bue_1012,durance1,A,midgut,Bue,Confluence Buech-Meouge,Buech,44.262,5.828,2014-07-03;2015-07-17,2015,1012,Hy,Hy,quasi-pur,False,True,0.0001,0.393005,Ch,8,A12,A,12,6,6,
15Bau1002Ch02A__durance1,2015_Bau_1002,durance1,A,midgut,Bau,Rosieres,Beaume,44.475,4.264,2015-07-22,2015,1002,Pt,Pt,pur,True,True,0.0001,0.00046527,Ch,8,B01,B,01,1,1,
15Bau1010Ch02A__durance1,2015_Bau_1010,durance1,A,midgut,Bau,Rosieres,Beaume,44.475,4.264,2015-07-22,2015,1010,Hy,Hy,quasi-pur,False,True,0.0001,0.375879,Ch,8,B02,B,02,2,2,
15Bau1018Ch02A__durance1,2015_Bau_1018,durance1,A,midgut,Bau,Rosieres,Beaume,44.475,4.264,2015-07-22,2015,1018,Pt,Pt,pur,True,True,0.0001,0.0420278,Ch,8,B03,B,03,3,3,
15Jus1001CH02A__durance1,2015_Jus_1001,durance1,A,midgut,Jus,Saint-Just-d'Ardeche,Ardeche,44.286,4.597833,2015-07-21,2015,1001,Pt,Pt,pur,True,True,0.0001,0.0,Ch,8,B04,B,04,1,1,
15Jus1009Ch0A__durance1,2015_Jus_1009,durance1,A,midgut,Jus,Saint-Just-d'Ardeche,Ardeche,44.286,4.597833,2015-07-21,2015,1009,Hy,Hy,intermediaire,True,True,0.4761105,0.2859385,Ch,8,B05,B,05,2,2,
15Jus1017Ch0A__durance1,2015_Jus_1017,durance1,A,midgut,Jus,Saint-Just-d'Ardeche,Ardeche,44.286,4.597833,2015-07-21,2015,1017,Cn,Cn,pur,True,True,0.9999,0.022872000000000003,Ch,8,B06,B,06,3,3,
15Caa1006Ch0A__durance1,2015_Caa_1006,durance1,A,midgut,Caa,Canal (usine du Largue),Canal,43.853389,5.858444,2015-09-08,2015,1006,Hy,Hy,intermediaire,True,True,0.9211665,0.07827249999999997,Ch,8,B07,B,07,2,2,
15Caa1014Ch0A__durance1,2015_Caa_1014,durance1,A,midgut,Caa,Canal (usine du Largue),Canal,43.853389,5.858444,2015-09-08,2015,1014,Pt,Pt,pur,True,True,0.0001,0.008547260000000001,Ch,8,B08,B,08,3,3,
15Avi1002Cn02A__durance1,2015_Avi_1002,durance1,A,midgut,Avi,Avignon,Durance,43.913,4.820722,2014-07-17;2015-07-10,2015,1002,Hy,Hy,intermediaire,True,True,0.529004,0.06558199999999992,Cn,8,B09,B,09,3,3,
15Avi1010Cn02A__durance1,2015_Avi_1010,durance1,A,midgut,Avi,Avignon,Durance,43.913,4.820722,2014-07-17;2015-07-10,2015,1010,Cn,Cn,pur,True,True,0.9999,0.023951999999999973,Cn,8,B10,B,10,4,4,
15Bue1005Ch02A__durance1,2015_Bue_1005,durance1,A,midgut,Bue,Confluence Buech-Meouge,Buech,44.262,5.828,2014-07-03;2015-07-17,2015,1005,Hy,Hy,intermediaire,True,True,0.130852,0.06826000000000002,Ch,8,B11,B,11,5,5,
15Bue1013Ch02A__durance1,2015_Bue_1013,durance1,A,midgut,Bue,Confluence Buech-Meouge,Buech,44.262,5.828,2014-07-03;2015-07-17,2015,1013,Pt,Pt,pur,True,True,0.0001,0.0261861,Ch,8,B12,B,12,6,6,
15Bau1003Ch02A__durance1,2015_Bau_1003,durance1,A,midgut,Bau,Rosieres,Beaume,44.475,4.264,2015-07-22,2015,1003,Pt,Pt,pur,True,True,0.0001,0.0,Ch,8,C01,C,01,1,1,
15Bau1011Ch02A__durance1,2015_Bau_1011,durance1,A,midgut,Bau,Rosieres,Beaume,44.475,4.264,2015-07-22,2015,1011,Pt,Pt,pur,True,True,0.00156659,0.04267271,Ch,8,C02,C,02,2,2,
15Bau1019Ch02A__durance1,2015_Bau_1019,durance1,A,midgut,Bau,Rosieres,Beaume,44.475,4.264,2015-07-22,2015,1019,Hy,Pt,quasi-pur,False,True,0.0001,0.00373055,Ch,8,C03,C,03,3,3,
15Jus1002Ch0A__durance1,2015_Jus_1002,durance1,A,midgut,Jus,Saint-Just-d'Ardeche,Ardeche,44.286,4.597833,2015-07-21,2015,1002,Hy,Pt,quasi-pur,False,True,0.0001,0.034920799999999995,Ch,8,C04,C,04,1,1,
15Jus1010Ch0A__durance1,2015_Jus_1010,durance1,A,midgut,Jus,Saint-Just-d'Ardeche,Ardeche,44.286,4.597833,2015-07-21,2015,1010,Cn,Cn,pur,True,True,0.9999,0.04496900000000004,Ch,8,C05,C,05,2,2,
15Jus1018Ch0A__durance1,2015_Jus_1018,durance1,A,midgut,Jus,Saint-Just-d'Ardeche,Ardeche,44.286,4.597833,2015-07-21,2015,1018,Cn,Cn,pur,True,True,0.9970375,0.02751349999999997,Ch,8,C06,C,06,3,3,
15Caa1007Ch0A__durance1,2015_Caa_1007,durance1,A,midgut,Caa,Canal (usine du Largue),Canal,43.853389,5.858444,2015-09-08,2015,1007,Cn,Cn,pur,True,True,0.9847625,0.052702499999999985,Ch,8,C07,C,07,2,2,
15Caa1015Ch0A__durance1,2015_Caa_1015,durance1,A,midgut,Caa,Canal (usine du Largue),Canal,43.853389,5.858444,2015-09-08,2015,1015,Hy,Hy,intermediaire,True,True,0.7446605,0.20081149999999992,Ch,8,C08,C,08,3,3,
15Avi1003Cn02A__durance1,2015_Avi_1003,durance1,A,midgut,Avi,Avignon,Durance,43.913,4.820722,2014-07-17;2015-07-10,2015,1003,Cn,Cn,pur,True,True,0.9999,0.020881999999999956,Cn,8,C09,C,09,3,3,
15Avi1011Cn02A__durance1,2015_Avi_1011,durance1,A,midgut,Avi,Avignon,Durance,43.913,4.820722,2014-07-17;2015-07-10,2015,1011,Hy,Cn,quasi-pur,False,True,0.9999,0.05917300000000003,Cn,8,C10,C,10,4,4,
15Bue1006Ch02A__durance1,2015_Bue_1006,durance1,A,midgut,Bue,Confluence Buech-Meouge,Buech,44.262,5.828,2014-07-03;2015-07-17,2015,1006,Pt,Hy,pur,True,True,0.00753796,0.11408504,Ch,8,C11,C,11,5,5,
15Bue1014Ch02A__durance1,2015_Bue_1014,durance1,A,midgut,Bue,Confluence Buech-Meouge,Buech,44.262,5.828,2014-07-03;2015-07-17,2015,1014,Pt,Pt,pur,True,False,0.001654999999999962,0.0,Ch,8,C12,C,12,6,6,
15Bau1004Ch02A__durance1,2015_Bau_1004,durance1,A,midgut,Bau,Rosieres,Beaume,44.475,4.264,2015-07-22,2015,1004,Hy,Pt,quasi-pur,False,True,0.0001,0.07919129999999999,Ch,8,D01,D,01,1,1,
15Bau1012Ch02A__durance1,2015_Bau_1012,durance1,A,midgut,Bau,Rosieres,Beaume,44.475,4.264,2015-07-22,2015,1012,Pt,Pt,pur,True,True,0.0001,0.014222100000000001,Ch,8,D02,D,02,2,2,
15Bau1020Ch02A__durance1,2015_Bau_1020,durance1,A,midgut,Bau,Rosieres,Beaume,44.475,4.264,2015-07-22,2015,1020,Hy,Hy,quasi-pur,False,True,0.0001,0.206549,Ch,8,D03,D,03,3,3,
15Jus1003Ch0A__durance1,2015_Jus_1003,durance1,A,midgut,Jus,Saint-Just-d'Ardeche,Ardeche,44.286,4.597833,2015-07-21,2015,1003,Hy,Pt,quasi-pur,False,True,0.014152999999999999,0.0733562,Ch,8,D04,D,04,1,1,
15Jus1011Ch0A__durance1,2015_Jus_1011,durance1,A,midgut,Jus,Saint-Just-d'Ardeche,Ardeche,44.286,4.597833,2015-07-21,2015,1011,Cn,Hy,pur,True,True,0.9294205,0.06764250000000005,Ch,8,D05,D,05,2,2,
15Jus1019Ch0A__durance1,2015_Jus_1019,durance1,A,midgut,Jus,Saint-Just-d'Ardeche,Ardeche,44.286,4.597833,2015-07-21,2015,1019,Cn,Cn,pur,True,True,0.9999,0.043321000000000054,Ch,8,D06,D,06,3,3,
15Caa1008Ch0A__durance1,2015_Caa_1008,durance1,A,midgut,Caa,Canal (usine du Largue),Canal,43.853389,5.858444,2015-09-08,2015,1008,Hy,Hy,intermediaire,True,True,0.9208035,0.07993349999999999,Ch,8,D07,D,07,2,2,
15Caa1016Ch0A__durance1,2015_Caa_1016,durance1,A,midgut,Caa,Canal (usine du Largue),Canal,43.853389,5.858444,2015-09-08,2015,1016,Hy,Pt,quasi-pur,False,True,0.003348402,0.030516898,Ch,8,D08,D,08,3,3,
15Avi1004Cn02A__durance1,2015_Avi_1004,durance1,A,midgut,Avi,Avignon,Durance,43.913,4.820722,2014-07-17;2015-07-10,2015,1004,Cn,Cn,pur,True,True,0.9999,0.022290000000000032,Cn,8,D09,D,09,3,3,
15Avi1012Pt02A__durance1,2015_Avi_1012,durance1,A,midgut,Avi,Avignon,Durance,43.913,4.820722,2014-07-17;2015-07-10,2015,1012,Hy,Hy,quasi-pur,False,True,0.0001,0.39093300000000003,Pt,8,D10,D,10,4,4,
15Bue1007Ch02A__durance1,2015_Bue_1007,durance1,A,midgut,Bue,Confluence Buech-Meouge,Buech,44.262,5.828,2014-07-03;2015-07-17,2015,1007,Hy,Hy,intermediaire,True,True,0.220115,0.09282300000000002,Ch,8,D11,D,11,5,5,
15Bue1015Ch02A__durance1,2015_Bue_1015,durance1,A,midgut,Bue,Confluence Buech-Meouge,Buech,44.262,5.828,2014-07-03;2015-07-17,2015,1015,Pt,Pt,pur,True,True,0.0001,0.0178451,Ch,8,D12,D,12,6,6,
15Bau1005Ch02A__durance1,2015_Bau_1005,durance1,A,midgut,Bau,Rosieres,Beaume,44.475,4.264,2015-07-22,2015,1005,Pt,Pt,pur,True,True,0.004509865000000001,0.039507935,Ch,8,E01,E,01,1,1,
15Bau1013Ch02A__durance1,2015_Bau_1013,durance1,A,midgut,Bau,Rosieres,Beaume,44.475,4.264,2015-07-22,2015,1013,Pt,Pt,pur,True,True,0.0001,0.0409044,Ch,8,E02,E,02,2,2,
15Bau1021Ch02A__durance1,2015_Bau_1021,durance1,A,midgut,Bau,Rosieres,Beaume,44.475,4.264,2015-07-22,2015,1021,Hy,Pt,quasi-pur,False,True,0.0001,0.0344185,Ch,8,E03,E,03,3,3,
15Jus1004Ch0A__durance1,2015_Jus_1004,durance1,A,midgut,Jus,Saint-Just-d'Ardeche,Ardeche,44.286,4.597833,2015-07-21,2015,1004,Hy,Pt,quasi-pur,False,True,0.0001,0.008645690000000001,Ch,8,E04,E,04,1,1,
15Jus1012Ch0A__durance1,2015_Jus_1012,durance1,A,midgut,Jus,Saint-Just-d'Ardeche,Ardeche,44.286,4.597833,2015-07-21,2015,1012,Cn,Cn,pur,True,True,0.9999,0.02703500000000003,Ch,8,E05,E,05,2,2,
15Caa1001Ch0A__durance1,2015_Caa_1001,durance1,A,midgut,Caa,Canal (usine du Largue),Canal,43.853389,5.858444,2015-09-08,2015,1001,Cn,Cn,pur,True,True,0.947083,0.052817,Ch,8,E06,E,06,1,1,
15Caa1009Ch0A__durance1,2015_Caa_1009,durance1,A,midgut,Caa,Canal (usine du Largue),Canal,43.853389,5.858444,2015-09-08,2015,1009,Cn,Cn,pur,True,True,0.9999,0.03842699999999999,Ch,8,E07,E,07,2,2,
15Caa1017Ch0A__durance1,2015_Caa_1017,durance1,A,midgut,Caa,Canal (usine du Largue),Canal,43.853389,5.858444,2015-09-08,2015,1017,Hy,Hy,intermediaire,True,True,0.1006175,0.04702049999999999,Ch,8,E08,E,08,3,3,
15Avi1005Cn02A__durance1,2015_Avi_1005,durance1,A,midgut,Avi,Avignon,Durance,43.913,4.820722,2014-07-17;2015-07-10,2015,1005,Cn,Cn,pur,True,True,0.99929,0.06421699999999997,Cn,8,E09,E,09,3,3,
15Avi1013Pt02A__durance1,2015_Avi_1013,durance1,A,midgut,Avi,Avignon,Durance,43.913,4.820722,2014-07-17;2015-07-10,2015,1013,Hy,Hy,intermediaire,True,True,0.28511410000000004,0.33378589999999997,Pt,8,E10,E,10,4,4,
15Bue1008Ch02A__durance1,2015_Bue_1008,durance1,A,midgut,Bue,Confluence Buech-Meouge,Buech,44.262,5.828,2014-07-03;2015-07-17,2015,1008,Pt,Pt,pur,True,True,0.0001,0.00945818,Ch,8,E11,E,11,5,5,
15Bue1016Ch02A__durance1,2015_Bue_1016,durance1,A,midgut,Bue,Confluence Buech-Meouge,Buech,44.262,5.828,2014-07-03;2015-07-17,2015,1016,Hy,Hy,intermediaire,True,True,0.8887309999999999,0.15708699999999998,Ch,8,E12,E,12,6,6,
15Bau1006Ch02A__durance1,2015_Bau_1006,durance1,A,midgut,Bau,Rosieres,Beaume,44.475,4.264,2015-07-22,2015,1006,Hy,Hy,intermediaire,True,True,0.5132975,0.09612850000000006,Ch,8,F01,F,01,1,1,
15Bau1014Ch02A__durance1,2015_Bau_1014,durance1,A,midgut,Bau,Rosieres,Beaume,44.475,4.264,2015-07-22,2015,1014,Pt,Pt,pur,True,True,0.00344197,0.03864973,Ch,8,F02,F,02,2,2,
15Bau1022Ch02A__durance1,2015_Bau_1022,durance1,A,midgut,Bau,Rosieres,Beaume,44.475,4.264,2015-07-22,2015,1022,Pt,Pt,pur,True,True,0.026378,0.0396818,Ch,8,F03,F,03,3,3,
15Jus1005Ch0A__durance1,2015_Jus_1005,durance1,A,midgut,Jus,Saint-Just-d'Ardeche,Ardeche,44.286,4.597833,2015-07-21,2015,1005,Hy,Pt,quasi-pur,False,True,0.0001,0.0121084,Ch,8,F04,F,04,1,1,
15Jus1013Ch0A__durance1,2015_Jus_1013,durance1,A,midgut,Jus,Saint-Just-d'Ardeche,Ardeche,44.286,4.597833,2015-07-21,2015,1013,Cn,Cn,pur,True,True,0.9766085,0.10154149999999995,Ch,8,F05,F,05,2,2,
15Caa1002Ch0A__durance1,2015_Caa_1002,durance1,A,midgut,Caa,Canal (usine du Largue),Canal,43.853389,5.858444,2015-09-08,2015,1002,Cn,Cn,pur,True,True,0.9994325,0.1068714999999999,Ch,8,F06,F,06,1,1,
15Caa1010Ch0A__durance1,2015_Caa_1010,durance1,A,midgut,Caa,Canal (usine du Largue),Canal,43.853389,5.858444,2015-09-08,2015,1010,Cn,Cn,pur,True,True,0.9999,0.019187999999999983,Ch,8,F07,F,07,2,2,
15Caa1018Ch0A__durance1,2015_Caa_1018,durance1,A,midgut,Caa,Canal (usine du Largue),Canal,43.853389,5.858444,2015-09-08,2015,1018,Pt,Pt,pur,True,True,0.0001,0.0258486,Ch,8,F08,F,08,3,3,
15Avi1006Cn02A__durance1,2015_Avi_1006,durance1,A,midgut,Avi,Avignon,Durance,43.913,4.820722,2014-07-17;2015-07-10,2015,1006,Cn,Cn,pur,True,True,0.981626,0.024009999999999976,Cn,8,F09,F,09,3,3,
15Bue1001Ch02A__durance1,2015_Bue_1001,durance1,A,midgut,Bue,Confluence Buech-Meouge,Buech,44.262,5.828,2014-07-03;2015-07-17,2015,1001,Cn,Cn,pur,True,True,0.9999,0.05101900000000004,Ch,8,F10,F,10,4,4,
15Bue1009Ch02A__durance1,2015_Bue_1009,durance1,A,midgut,Bue,Confluence Buech-Meouge,Buech,44.262,5.828,2014-07-03;2015-07-17,2015,1009,Hy,Hy,intermediaire,True,True,0.9276935,0.1251184999999999,Ch,8,F11,F,11,5,5,
15Bue1017Ch02A__durance1,2015_Bue_1017,durance1,A,midgut,Bue,Confluence Buech-Meouge,Buech,44.262,5.828,2014-07-03;2015-07-17,2015,1017,Cn,Cn,pur,True,True,0.985546,0.08171899999999999,Ch,8,F12,F,12,6,6,
15Bau1007Ch02A__durance1,2015_Bau_1007,durance1,A,midgut,Bau,Rosieres,Beaume,44.475,4.264,2015-07-22,2015,1007,Pt,Pt,pur,True,True,0.0001,0.00827844,Ch,8,G01,G,01,1,1,
15Bau1015Ch02A__durance1,2015_Bau_1015,durance1,A,midgut,Bau,Rosieres,Beaume,44.475,4.264,2015-07-22,2015,1015,Pt,Pt,pur,True,True,0.0001,0.0171402,Ch,8,G02,G,02,2,2,
15Bau1023Ch02A__durance1,2015_Bau_1023,durance1,A,midgut,Bau,Rosieres,Beaume,44.475,4.264,2015-07-22,2015,1023,Pt,Pt,pur,True,True,0.0001,0.0,Ch,8,G03,G,03,3,3,
15Jus1006Ch0A__durance1,2015_Jus_1006,durance1,A,midgut,Jus,Saint-Just-d'Ardeche,Ardeche,44.286,4.597833,2015-07-21,2015,1006,Pt,Pt,pur,True,True,0.0001,0.0,Ch,8,G04,G,04,1,1,
15Jus1014Ch0A__durance1,2015_Jus_1014,durance1,A,midgut,Jus,Saint-Just-d'Ardeche,Ardeche,44.286,4.597833,2015-07-21,2015,1014,Cn,Cn,pur,True,True,0.9468705,0.05302950000000006,Ch,8,G05,G,05,2,2,
15Caa1003Ch0A__durance1,2015_Caa_1003,durance1,A,midgut,Caa,Canal (usine du Largue),Canal,43.853389,5.858444,2015-09-08,2015,1003,Cn,Cn,pur,True,True,0.9999,0.011297000000000001,Ch,8,G06,G,06,1,1,
15Caa1011Ch0A__durance1,2015_Caa_1011,durance1,A,midgut,Caa,Canal (usine du Largue),Canal,43.853389,5.858444,2015-09-08,2015,1011,Pt,Pt,pur,True,True,0.0001,0.0906421,Ch,8,G07,G,07,2,2,
15Caa1019Ch0A__durance1,2015_Caa_1019,durance1,A,midgut,Caa,Canal (usine du Largue),Canal,43.853389,5.858444,2015-09-08,2015,1019,Hy,Pt,quasi-pur,False,True,0.0001,0.007794419999999999,Ch,8,G08,G,08,3,3,
15Avi1007Cn02A__durance1,2015_Avi_1007,durance1,A,midgut,Avi,Avignon,Durance,43.913,4.820722,2014-07-17;2015-07-10,2015,1007,Cn,Cn,pur,True,True,0.9999,0.08638400000000002,Cn,8,G09,G,09,3,3,
15Bue1002Ch02A__durance1,2015_Bue_1002,durance1,A,midgut,Bue,Confluence Buech-Meouge,Buech,44.262,5.828,2014-07-03;2015-07-17,2015,1002,Cn,Cn,pur,True,True,0.9999,0.015835000000000043,Ch,8,G10,G,10,4,4,
15Bue1010Ch02A__durance1,2015_Bue_1010,durance1,A,midgut,Bue,Confluence Buech-Meouge,Buech,44.262,5.828,2014-07-03;2015-07-17,2015,1010,Hy,Hy,intermediaire,True,True,0.5373025,0.11367450000000001,Ch,8,G11,G,11,5,5,
15Bue1018Ch02A__durance1,2015_Bue_1018,durance1,A,midgut,Bue,Confluence Buech-Meouge,Buech,44.262,5.828,2014-07-03;2015-07-17,2015,1018,Hy,Hy,intermediaire,True,True,0.8807585,0.09011049999999998,Ch,8,G12,G,12,6,6,
15Bau1008Ch02A__durance1,2015_Bau_1008,durance1,A,midgut,Bau,Rosieres,Beaume,44.475,4.264,2015-07-22,2015,1008,Pt,Pt,pur,True,True,0.0001,0.039034,Ch,8,H01,H,01,1,1,
15Bau1016Ch02A__durance1,2015_Bau_1016,durance1,A,midgut,Bau,Rosieres,Beaume,44.475,4.264,2015-07-22,2015,1016,Hy,Hy,quasi-pur,False,True,0.02028617,0.44522083,Ch,8,H02,H,02,2,2,
15Bau1024Ch02A__durance1,2015_Bau_1024,durance1,A,midgut,Bau,Rosieres,Beaume,44.475,4.264,2015-07-22,2015,1024,Pt,Pt,pur,True,True,0.0001,0.0131795,Ch,8,H03,H,03,3,3,
15Jus1007Ch0A__durance1,2015_Jus_1007,durance1,A,midgut,Jus,Saint-Just-d'Ardeche,Ardeche,44.286,4.597833,2015-07-21,2015,1007,Pt,Pt,pur,True,True,0.0001,0.014199,Ch,8,H04,H,04,1,1,
15Jus1015Ch0A__durance1,2015_Jus_1015,durance1,A,midgut,Jus,Saint-Just-d'Ardeche,Ardeche,44.286,4.597833,2015-07-21,2015,1015,Cn,Cn,pur,True,True,0.9977965,0.050436499999999995,Ch,8,H05,H,05,2,2,
15Caa1004Ch0A__durance1,2015_Caa_1004,durance1,A,midgut,Caa,Canal (usine du Largue),Canal,43.853389,5.858444,2015-09-08,2015,1004,Cn,Cn,pur,True,True,0.9999,0.005790999999999991,Ch,8,H06,H,06,1,1,
15Caa1012Ch0A__durance1,2015_Caa_1012,durance1,A,midgut,Caa,Canal (usine du Largue),Canal,43.853389,5.858444,2015-09-08,2015,1012,Pt,Pt,pur,True,True,0.0001,0.0,Ch,8,H07,H,07,2,2,
15Caa1020Ch0A__durance1,2015_Caa_1020,durance1,A,midgut,Caa,Canal (usine du Largue),Canal,43.853389,5.858444,2015-09-08,2015,1020,Pt,Pt,pur,True,True,0.0001,0.0260511,Ch,8,H08,H,08,3,3,
15Avi1008Cn02A__durance1,2015_Avi_1008,durance1,A,midgut,Avi,Avignon,Durance,43.913,4.820722,2014-07-17;2015-07-10,2015,1008,Cn,Cn,pur,True,True,0.9999,0.01104000000000005,Cn,8,H09,H,09,3,3,
15Bue1003Ch02A__durance1,2015_Bue_1003,durance1,A,midgut,Bue,Confluence Buech-Meouge,Buech,44.262,5.828,2014-07-03;2015-07-17,2015,1003,Cn,Cn,pur,True,True,0.9999,0.015947000000000044,Ch,8,H10,H,10,4,4,
15Bue1011Ch02A__durance1,2015_Bue_1011,durance1,A,midgut,Bue,Confluence Buech-Meouge,Buech,44.262,5.828,2014-07-03;2015-07-17,2015,1011,Hy,Hy,intermediaire,True,True,0.7010149999999999,0.10766600000000004,Ch,8,H11,H,11,5,5,
14Ain1001Cn01A__durance2,2014_Ain_1001,durance2,B,caudale,Ain,Pont-d'Ain,Suran,46.048,5.324,2014-08-12,2014,1001,Cn,Cn,pur,True,True,0.9999,0.02987200000000001,Cn,1,A01,A,01,1,1,
14Ain1038Pt01A__durance2,2014_Ain_1038,durance2,B,caudale,Ain,Chavannes-sur-Suran,Suran,46.264389,5.429444,2014-08-12,2014,1038,Pt,Pt,pur,True,True,0.0001,0.0105608,Pt,1,A02,A,02,2,2,
15Cab1003Ch01A__durance2,2015_Cab_1003,durance2,B,caudale,Cab,Pont-d'Ain,Suran,46.048,5.324,2015-08-26,2015,1003,Cn,Cn,pur,True,True,0.9790135,0.04033549999999997,Ch,1,A03,A,03,2,3,
15Cab1011Ch01A__durance2,2015_Cab_1011,durance2,B,caudale,Cab,Chavannes-sur-Suran,Suran,46.264389,5.429444,2015-08-26,2015,1011,Pt,Pt,pur,True,False,0.00042399999999997995,0.0,Ch,1,A04,A,04,3,4,
15Cab1019Ch01A__durance2,2015_Cab_1019,durance2,B,caudale,Cab,Chavannes-sur-Suran,Suran,46.264389,5.429444,2015-08-26,2015,1019,Pt,Pt,pur,True,True,0.0001,0.0,Ch,1,A05,A,05,4,5,
14Avi1008Cn01A__durance2,2014_Avi_1008,durance2,B,caudale,Avi,Avignon,Durance,43.913,4.820722,2014-07-17;2015-07-10,2014,1008,Cn,Cn,pur,True,True,0.9790425,0.04159250000000003,Cn,1,A06,A,06,2,2,
14Bue1005Cn01A__durance2,2014_Bue_1005,durance2,B,caudale,Bue,Confluence Buech-Meouge,Buech,44.262,5.828,2014-07-03;2015-07-17,2014,1005,Cn,Cn,pur,True,True,0.996529,0.015122999999999998,Cn,1,A07,A,07,2,2,mock_contaminated
14Bue1015Ch01A__durance2,2014_Bue_1015,durance2,B,caudale,Bue,Confluence Buech-Meouge,Buech,44.262,5.828,2014-07-03;2015-07-17,2014,1015,Pt,Pt,pur,True,True,0.0001,0.027206,Ch,1,A08,A,08,3,3,
14Man1011Ch01A__durance2,2014_Man_1011,durance2,B,caudale,Man,Manosque-Oraison,Durance,43.919667,5.896278,2014-07-23,2014,1011,Hy,Pt,quasi-pur,False,True,0.0001,0.0034689200000000003,Ch,1,A09,A,09,2,2,
14Man1019Ch01A__durance2,2014_Man_1019,durance2,B,caudale,Man,Manosque-Oraison,Durance,43.919667,5.896278,2014-07-23,2014,1019,Pt,Pt,pur,True,True,0.0001,0.00794395,Ch,1,A10,A,10,3,3,
14Per2011Ch01A__durance2,2014_Per_2011,durance2,B,caudale,Per,Pertuis,Durance,43.668139,5.493,2014-07-07;2014-08-20,2014,2011,Pt,Pt,pur,True,True,0.0001,0.0198136,Ch,1,A11,A,11,2,2,
14Per2011Ch01A-bis__durance2,2014_Per_2011,durance2,B,caudale,Per,Pertuis,Durance,43.668139,5.493,2014-07-07;2014-08-20,2014,2011,Pt,Pt,pur,True,True,0.0001,0.0198136,Ch,1,A12,A,12,3,3,
14Ain1002Cn01A__durance2,2014_Ain_1002,durance2,B,caudale,Ain,Pont-d'Ain,Suran,46.048,5.324,2014-08-12,2014,1002,Cn,Cn,pur,True,True,0.9999,0.027077000000000018,Cn,1,B01,B,01,1,1,
14Ain1039Pt01A__durance2,2014_Ain_1039,durance2,B,caudale,Ain,Chavannes-sur-Suran,Suran,46.264389,5.429444,2014-08-12,2014,1039,Pt,Pt,pur,True,True,0.0001,0.0118913,Pt,1,B02,B,02,2,2,
15Cab1004Ch01A__durance2,2015_Cab_1004,durance2,B,caudale,Cab,Pont-d'Ain,Suran,46.048,5.324,2015-08-26,2015,1004,Cn,Cn,pur,True,True,0.9916195,0.051615500000000036,Ch,1,B03,B,03,2,3,
15Cab1012Ch01A__durance2,2015_Cab_1012,durance2,B,caudale,Cab,Chavannes-sur-Suran,Suran,46.264389,5.429444,2015-08-26,2015,1012,Pt,Pt,pur,True,True,0.0001,0.0024834600000000003,Ch,1,B04,B,04,3,4,
14Avi1001Cn01A__durance2,2014_Avi_1001,durance2,B,caudale,Avi,Avignon,Durance,43.913,4.820722,2014-07-17;2015-07-10,2014,1001,Cn,Cn,pur,True,True,0.9999,0.014294000000000029,Cn,1,B05,B,05,1,1,
14Avi1036Cn01A__durance2,2014_Avi_1036,durance2,B,caudale,Avi,Avignon,Durance,43.913,4.820722,2014-07-17;2015-07-10,2014,1036,Cn,Cn,pur,True,True,0.9999,0.025182000000000038,Cn,1,B06,B,06,2,2,
14Bue1006Cn01A__durance2,2014_Bue_1006,durance2,B,caudale,Bue,Confluence Buech-Meouge,Buech,44.262,5.828,2014-07-03;2015-07-17,2014,1006,Hy,Hy,intermediaire,True,True,0.9466924999999999,0.09561849999999994,Cn,1,B07,B,07,2,2,
14Bue1016Ch01A__durance2,2014_Bue_1016,durance2,B,caudale,Bue,Confluence Buech-Meouge,Buech,44.262,5.828,2014-07-03;2015-07-17,2014,1016,Hy,Pt,quasi-pur,False,True,0.0001,0.025033800000000002,Ch,1,B08,B,08,3,3,
14Man1012Ch01A__durance2,2014_Man_1012,durance2,B,caudale,Man,Manosque-Oraison,Durance,43.919667,5.896278,2014-07-23,2014,1012,Pt,Pt,pur,True,True,0.0001,0.00126172,Ch,1,B09,B,09,2,2,
14Man1020Ch01A__durance2,2014_Man_1020,durance2,B,caudale,Man,Manosque-Oraison,Durance,43.919667,5.896278,2014-07-23,2014,1020,Hy,Pt,quasi-pur,False,True,0.0001,0.00115361,Ch,1,B10,B,10,3,3,
14Per2012Ch01A__durance2,2014_Per_2012,durance2,B,caudale,Per,Pertuis,Durance,43.668139,5.493,2014-07-07;2014-08-20,2014,2012,Pt,Pt,pur,True,True,0.0001,0.0,Ch,1,B11,B,11,2,2,
14Per2012Ch01A-bis__durance2,2014_Per_2012,durance2,B,caudale,Per,Pertuis,Durance,43.668139,5.493,2014-07-07;2014-08-20,2014,2012,Pt,Pt,pur,True,True,0.0001,0.0,Ch,1,B12,B,12,3,3,
14Ain1011Pt01A__durance2,2014_Ain_1011,durance2,B,caudale,Ain,Chavannes-sur-Suran,Suran,46.264389,5.429444,2014-08-12,2014,1011,Pt,Pt,pur,True,True,0.0001,0.00132522,Pt,1,C01,C,01,1,1,
14Ain1040Pt01A__durance2,2014_Ain_1040,durance2,B,caudale,Ain,Chavannes-sur-Suran,Suran,46.264389,5.429444,2014-08-12,2014,1040,Pt,Pt,pur,True,True,0.0001,0.029344600000000002,Pt,1,C02,C,02,2,2,
15Cab1005Ch01A__durance2,2015_Cab_1005,durance2,B,caudale,Cab,Pont-d'Ain,Suran,46.048,5.324,2015-08-26,2015,1005,Cn,Cn,pur,True,True,0.9999,0.04226799999999997,Ch,1,C03,C,03,2,3,
15Cab1013Ch01A__durance2,2015_Cab_1013,durance2,B,caudale,Cab,Chavannes-sur-Suran,Suran,46.264389,5.429444,2015-08-26,2015,1013,Pt,Pt,pur,True,True,0.0001,0.0639904,Ch,1,C04,C,04,3,4,
14Avi1002Cn01A__durance2,2014_Avi_1002,durance2,B,caudale,Avi,Avignon,Durance,43.913,4.820722,2014-07-17;2015-07-10,2014,1002,Cn,Cn,pur,True,True,0.9999,0.01569799999999999,Cn,1,C05,C,05,1,1,
14Avi1037-01A__durance2,2014_Avi_1037,durance2,B,caudale,Avi,Avignon,Durance,43.913,4.820722,2014-07-17;2015-07-10,2014,1037,Cn,Cn,pur,True,True,0.9999,0.114066,Cn,1,C06,C,06,2,2,
14Bue1007Cn01A__durance2,2014_Bue_1007,durance2,B,caudale,Bue,Confluence Buech-Meouge,Buech,44.262,5.828,2014-07-03;2015-07-17,2014,1007,Cn,Cn,pur,True,True,0.9999,0.013390000000000013,Cn,1,C07,C,07,2,2,
14Bue1017Ch01A__durance2,2014_Bue_1017,durance2,B,caudale,Bue,Confluence Buech-Meouge,Buech,44.262,5.828,2014-07-03;2015-07-17,2014,1017,Pt,Pt,pur,True,True,0.0001,0.0436135,Ch,1,C08,C,08,3,3,
14Man1013Ch01A__durance2,2014_Man_1013,durance2,B,caudale,Man,Manosque-Oraison,Durance,43.919667,5.896278,2014-07-23,2014,1013,Pt,Pt,pur,True,True,0.0001,0.0236388,Ch,1,C09,C,09,2,2,
14Man1021Ch01A__durance2,2014_Man_1021,durance2,B,caudale,Man,Manosque-Oraison,Durance,43.919667,5.896278,2014-07-23,2014,1021,Hy,Hy,intermediaire,True,True,0.2179825,0.1247321,Ch,1,C10,C,10,3,3,
14Per2013Ch01A__durance2,2014_Per_2013,durance2,B,caudale,Per,Pertuis,Durance,43.668139,5.493,2014-07-07;2014-08-20,2014,2013,Hy,Hy,intermediaire,True,True,0.2097815,0.1761465,Ch,1,C11,C,11,2,2,
14Ain1012Pt01A__durance2,2014_Ain_1012,durance2,B,caudale,Ain,Chavannes-sur-Suran,Suran,46.264389,5.429444,2014-08-12,2014,1012,Pt,Pt,pur,True,True,0.0001,0.034025599999999996,Pt,1,D01,D,01,1,1,
14Ain1041Pt01A__durance2,2014_Ain_1041,durance2,B,caudale,Ain,Chavannes-sur-Suran,Suran,46.264389,5.429444,2014-08-12,2014,1041,Pt,Pt,pur,True,True,0.0001,0.0032175100000000002,Pt,1,D02,D,02,2,2,
15Cab1006Ch01A__durance2,2015_Cab_1006,durance2,B,caudale,Cab,Pont-d'Ain,Suran,46.048,5.324,2015-08-26,2015,1006,Cn,Cn,pur,True,True,0.9676345,0.0767025,Ch,1,D03,D,03,2,3,
15Cab1014Ch01A__durance2,2015_Cab_1014,durance2,B,caudale,Cab,Chavannes-sur-Suran,Suran,46.264389,5.429444,2015-08-26,2015,1014,Pt,Pt,pur,True,True,0.0001,0.0,Ch,1,D04,D,04,3,4,
14Avi1003Cn01A__durance2,2014_Avi_1003,durance2,B,caudale,Avi,Avignon,Durance,43.913,4.820722,2014-07-17;2015-07-10,2014,1003,Cn,Cn,pur,True,True,0.9999,0.002593999999999985,Cn,1,D05,D,05,1,1,
14Avi1038Cn01A__durance2,2014_Avi_1038,durance2,B,caudale,Avi,Avignon,Durance,43.913,4.820722,2014-07-17;2015-07-10,2014,1038,Cn,Cn,pur,True,True,0.9999,0.017442999999999986,Cn,1,D06,D,06,2,2,
14Bue1008Cn01A__durance2,2014_Bue_1008,durance2,B,caudale,Bue,Confluence Buech-Meouge,Buech,44.262,5.828,2014-07-03;2015-07-17,2014,1008,Cn,Cn,pur,True,True,0.9999,0.019206999999999974,Cn,1,D07,D,07,2,2,
14Bue1018Ch01A__durance2,2014_Bue_1018,durance2,B,caudale,Bue,Confluence Buech-Meouge,Buech,44.262,5.828,2014-07-03;2015-07-17,2014,1018,Pt,Pt,pur,True,True,0.0001,0.009559940000000001,Ch,1,D08,D,08,3,3,
14Man1014Ch01A__durance2,2014_Man_1014,durance2,B,caudale,Man,Manosque-Oraison,Durance,43.919667,5.896278,2014-07-23,2014,1014,Pt,Pt,pur,True,True,0.0001,0.0023953100000000003,Ch,1,D09,D,09,2,2,
14Man1022Ch01A__durance2,2014_Man_1022,durance2,B,caudale,Man,Manosque-Oraison,Durance,43.919667,5.896278,2014-07-23,2014,1022,Pt,Pt,pur,True,True,0.0001,0.010545200000000001,Ch,1,D10,D,10,3,3,
14Per2014Ch01A__durance2,2014_Per_2014,durance2,B,caudale,Per,Pertuis,Durance,43.668139,5.493,2014-07-07;2014-08-20,2014,2014,Pt,Pt,pur,True,True,0.0001,0.0,Ch,1,D11,D,11,2,2,
14Ain1013Pt01A__durance2,2014_Ain_1013,durance2,B,caudale,Ain,Chavannes-sur-Suran,Suran,46.264389,5.429444,2014-08-12,2014,1013,Pt,Pt,pur,True,True,0.0001,0.0099728,Pt,1,E01,E,01,1,1,
14Ain1042Pt01A__durance2,2014_Ain_1042,durance2,B,caudale,Ain,Chavannes-sur-Suran,Suran,46.264389,5.429444,2014-08-12,2014,1042,Pt,Pt,pur,True,True,0.0001,0.0252761,Pt,1,E02,E,02,2,2,
15Cab1007Ch01A__durance2,2015_Cab_1007,durance2,B,caudale,Cab,Pont-d'Ain,Suran,46.048,5.324,2015-08-26,2015,1007,Cn,Cn,pur,True,True,0.986855,0.040076,Ch,1,E03,E,03,2,3,
15Cab1015Ch01A__durance2,2015_Cab_1015,durance2,B,caudale,Cab,Chavannes-sur-Suran,Suran,46.264389,5.429444,2015-08-26,2015,1015,Pt,Pt,pur,True,True,0.0001,0.0122371,Ch,1,E04,E,04,3,4,
14Avi1004Cn01A__durance2,2014_Avi_1004,durance2,B,caudale,Avi,Avignon,Durance,43.913,4.820722,2014-07-17;2015-07-10,2014,1004,Cn,Cn,pur,True,True,0.9999,0.01977300000000004,Cn,1,E05,E,05,1,1,
14Bue1001Cn01A__durance2,2014_Bue_1001,durance2,B,caudale,Bue,Confluence Buech-Meouge,Buech,44.262,5.828,2014-07-03;2015-07-17,2014,1001,Cn,Cn,pur,True,False,0.9878026,0.0,Cn,1,E06,E,06,1,1,mock_contaminated
14Bue1011Ch01A__durance2,2014_Bue_1011,durance2,B,caudale,Bue,Confluence Buech-Meouge,Buech,44.262,5.828,2014-07-03;2015-07-17,2014,1011,Pt,Pt,pur,True,True,0.0001,0.0232161,Ch,1,E07,E,07,2,2,
14Bue1019Ch01A__durance2,2014_Bue_1019,durance2,B,caudale,Bue,Confluence Buech-Meouge,Buech,44.262,5.828,2014-07-03;2015-07-17,2014,1019,Pt,Pt,pur,True,True,0.0001,0.0,Ch,1,E08,E,08,3,3,
14Man1015Ch01A__durance2,2014_Man_1015,durance2,B,caudale,Man,Manosque-Oraison,Durance,43.919667,5.896278,2014-07-23,2014,1015,Pt,Pt,pur,True,True,0.0001,0.0,Ch,1,E09,E,09,2,2,
14Per1011Ch01A__durance2,2014_Per_1011,durance2,B,caudale,Per,Pertuis,Durance,43.668139,5.493,2014-07-07;2014-08-20,2014,1011,Pt,Pt,pur,True,True,0.0001,0.01805,Ch,1,E10,E,10,1,1,
14Per2015Ch01A__durance2,2014_Per_2015,durance2,B,caudale,Per,Pertuis,Durance,43.668139,5.493,2014-07-07;2014-08-20,2014,2015,Pt,Pt,pur,True,True,0.0001,0.0,Ch,1,E11,E,11,2,2,
14Ain1014Pt01A__durance2,2014_Ain_1014,durance2,B,caudale,Ain,Chavannes-sur-Suran,Suran,46.264389,5.429444,2014-08-12,2014,1014,Pt,Pt,pur,True,True,0.0001,0.0193883,Pt,1,F01,F,01,1,1,
14Ain1043Pt01A__durance2,2014_Ain_1043,durance2,B,caudale,Ain,Chavannes-sur-Suran,Suran,46.264389,5.429444,2014-08-12,2014,1043,Pt,Pt,pur,True,True,0.0001,0.0059209399999999995,Pt,1,F02,F,02,2,2,mock_contaminated
15Cab1008Ch01A__durance2,2015_Cab_1008,durance2,B,caudale,Cab,Pont-d'Ain,Suran,46.048,5.324,2015-08-26,2015,1008,Cn,Cn,pur,True,True,0.997914,0.01697700000000002,Ch,1,F03,F,03,2,3,
15Cab1016Ch01A__durance2,2015_Cab_1016,durance2,B,caudale,Cab,Chavannes-sur-Suran,Suran,46.264389,5.429444,2015-08-26,2015,1016,Pt,Pt,pur,True,True,0.0001,0.00194113,Ch,1,F04,F,04,3,4,
14Avi1005Cn01A__durance2,2014_Avi_1005,durance2,B,caudale,Avi,Avignon,Durance,43.913,4.820722,2014-07-17;2015-07-10,2014,1005,Cn,Cn,pur,True,True,0.9999,0.08110799999999996,Cn,1,F05,F,05,1,1,
14Bue1002Cn01A__durance2,2014_Bue_1002,durance2,B,caudale,Bue,Confluence Buech-Meouge,Buech,44.262,5.828,2014-07-03;2015-07-17,2014,1002,Cn,Cn,pur,True,False,0.989712,0.0,Cn,1,F06,F,06,1,1,
14Bue1012Ch01A__durance2,2014_Bue_1012,durance2,B,caudale,Bue,Confluence Buech-Meouge,Buech,44.262,5.828,2014-07-03;2015-07-17,2014,1012,Pt,Pt,pur,True,True,0.0001,0.0,Ch,1,F07,F,07,2,2,
14Man1001Cn01A__durance2,2014_Man_1001,durance2,B,caudale,Man,Manosque-Oraison,Durance,43.919667,5.896278,2014-07-23,2014,1001,Pt,Pt,pur,True,True,0.0001,0.0031458500000000004,Cn,1,F08,F,08,1,1,
14Man1016Ch01A__durance2,2014_Man_1016,durance2,B,caudale,Man,Manosque-Oraison,Durance,43.919667,5.896278,2014-07-23,2014,1016,Pt,Pt,pur,True,True,0.0001,0.00548115,Ch,1,F09,F,09,2,2,
14per1012Ch01A__durance2,2014_Per_1012,durance2,B,caudale,Per,Pertuis,Durance,43.668139,5.493,2014-07-07;2014-08-20,2014,1012,Pt,Pt,pur,True,True,0.0001,0.00345481,Ch,1,F10,F,10,1,1,
14Ain1036Cn01A__durance2,2014_Ain_1036,durance2,B,caudale,Ain,Pont-d'Ain,Suran,46.048,5.324,2014-08-12,2014,1036,Cn,Cn,pur,True,True,0.9634205,0.05584849999999997,Cn,1,G01,G,01,1,1,
15Cab1001Ch01A__durance2,2015_Cab_1001,durance2,B,caudale,Cab,Pont-d'Ain,Suran,46.048,5.324,2015-08-26,2015,1001,Cn,Cn,pur,True,True,0.9999,0.07011200000000006,Ch,1,G02,G,02,1,2,
15Cab1009Ch01A__durance2,2015_Cab_1009,durance2,B,caudale,Cab,Pont-d'Ain,Suran,46.048,5.324,2015-08-26,2015,1009,Hy,Hy,intermediaire,True,True,0.8998935,0.13065250000000006,Ch,1,G03,G,03,2,3,
15Cab1017Ch01A__durance2,2015_Cab_1017,durance2,B,caudale,Cab,Chavannes-sur-Suran,Suran,46.264389,5.429444,2015-08-26,2015,1017,Pt,Pt,pur,True,True,0.0001,0.0135881,Ch,1,G04,G,04,3,4,
14Avi1006Cn01A__durance2,2014_Avi_1006,durance2,B,caudale,Avi,Avignon,Durance,43.913,4.820722,2014-07-17;2015-07-10,2014,1006,Cn,Cn,pur,True,True,0.9999,0.03937199999999996,Cn,1,G05,G,05,1,1,
14Bue1003Cn01A__durance2,2014_Bue_1003,durance2,B,caudale,Bue,Confluence Buech-Meouge,Buech,44.262,5.828,2014-07-03;2015-07-17,2014,1003,Cn,Cn,pur,True,True,0.9999,0.05878899999999998,Cn,1,G06,G,06,1,1,
14Bue1013Ch01A__durance2,2014_Bue_1013,durance2,B,caudale,Bue,Confluence Buech-Meouge,Buech,44.262,5.828,2014-07-03;2015-07-17,2014,1013,Pt,Pt,pur,True,True,0.0001,0.023389300000000002,Ch,1,G07,G,07,2,2,
14Man1002Cn01A__durance2,2014_Man_1002,durance2,B,caudale,Man,Manosque-Oraison,Durance,43.919667,5.896278,2014-07-23,2014,1002,Hy,Hy,quasi-pur,False,True,0.0001,0.366158,Cn,1,G08,G,08,1,1,
14Man1017Ch01A__durance2,2014_Man_1017,durance2,B,caudale,Man,Manosque-Oraison,Durance,43.919667,5.896278,2014-07-23,2014,1017,Pt,Pt,pur,True,True,0.0001,0.0,Ch,1,G09,G,09,2,2,
14per1013Ch01A__durance2,2014_Per_1013,durance2,B,caudale,Per,Pertuis,Durance,43.668139,5.493,2014-07-07;2014-08-20,2014,1013,Pt,Pt,pur,True,True,0.0001,0.0,Ch,1,G10,G,10,1,1,
14Ain1037Cn01A__durance2,2014_Ain_1037,durance2,B,caudale,Ain,Pont-d'Ain,Suran,46.048,5.324,2014-08-12,2014,1037,Cn,Cn,pur,True,True,0.9999,0.021923000000000026,Cn,1,H01,H,01,1,1,
15Cab1002Ch01A__durance2,2015_Cab_1002,durance2,B,caudale,Cab,Pont-d'Ain,Suran,46.048,5.324,2015-08-26,2015,1002,Cn,Cn,pur,True,True,0.9624035,0.043770499999999934,Ch,1,H02,H,02,1,2,
15Cab1010Ch01A__durance2,2015_Cab_1010,durance2,B,caudale,Cab,Pont-d'Ain,Suran,46.048,5.324,2015-08-26,2015,1010,Hy,Hy,intermediaire,True,True,0.759876,0.07340000000000002,Ch,1,H03,H,03,2,3,
15Cab1018Ch01A__durance2,2015_Cab_1018,durance2,B,caudale,Cab,Chavannes-sur-Suran,Suran,46.264389,5.429444,2015-08-26,2015,1018,Pt,Pt,pur,True,True,0.0001,0.018595900000000002,Ch,1,H04,H,04,3,4,
14Avi1007Cn01A__durance2,2014_Avi_1007,durance2,B,caudale,Avi,Avignon,Durance,43.913,4.820722,2014-07-17;2015-07-10,2014,1007,Cn,Cn,pur,True,True,0.9999,0.010548000000000002,Cn,1,H05,H,05,1,1,
14Bue1004Cn01A__durance2,2014_Bue_1004,durance2,B,caudale,Bue,Confluence Buech-Meouge,Buech,44.262,5.828,2014-07-03;2015-07-17,2014,1004,Cn,Cn,pur,True,True,0.9999,0.01164900000000002,Cn,1,H06,H,06,1,1,mock_contaminated
14Bue1014Ch01A__durance2,2014_Bue_1014,durance2,B,caudale,Bue,Confluence Buech-Meouge,Buech,44.262,5.828,2014-07-03;2015-07-17,2014,1014,Pt,Pt,pur,True,True,0.00459266,0.015245940000000001,Ch,1,H07,H,07,2,2,
14Man1010Cn01A__durance2,2014_Man_1010,durance2,B,caudale,Man,Manosque-Oraison,Durance,43.919667,5.896278,2014-07-23,2014,1010,Hy,Pt,quasi-pur,False,True,0.0001,0.0,Cn,1,H08,H,08,1,1,
14Man1018Ch01A__durance2,2014_Man_1018,durance2,B,caudale,Man,Manosque-Oraison,Durance,43.919667,5.896278,2014-07-23,2014,1018,Pt,Pt,pur,True,True,0.0001,0.0202354,Ch,1,H09,H,09,2,2,
14per1014Ch01A__durance2,2014_Per_1014,durance2,B,caudale,Per,Pertuis,Durance,43.668139,5.493,2014-07-07;2014-08-20,2014,1014,Pt,Pt,pur,True,True,0.0001,0.006368319999999999,Ch,1,H10,H,10,1,1,
15Bau1001Ch01A__durance2,2015_Bau_1001,durance2,B,caudale,Bau,Rosieres,Beaume,44.475,4.264,2015-07-22,2015,1001,Pt,Pt,pur,True,True,0.0001,0.0011884,Ch,2,A01,A,01,1,1,
15Bau1009Ch01A__durance2,2015_Bau_1009,durance2,B,caudale,Bau,Rosieres,Beaume,44.475,4.264,2015-07-22,2015,1009,Pt,Pt,pur,True,True,0.0001,0.0190407,Ch,2,A02,A,02,2,2,
15Bau1017Ch01A__durance2,2015_Bau_1017,durance2,B,caudale,Bau,Rosieres,Beaume,44.475,4.264,2015-07-22,2015,1017,Pt,Pt,pur,True,True,0.01931,0.026522699999999996,Ch,2,A03,A,03,3,3,
15Bau1025Ch01A__durance2,2015_Bau_1025,durance2,B,caudale,Bau,Rosieres,Beaume,44.475,4.264,2015-07-22,2015,1025,Pt,Pt,pur,True,True,0.019029945,0.066665255,Ch,2,A04,A,04,4,4,
15Jus1008Ch01A__durance2,2015_Jus_1008,durance2,B,caudale,Jus,Saint-Just-d'Ardeche,Ardeche,44.286,4.597833,2015-07-21,2015,1008,Pt,Pt,pur,True,False,0.045518999999999976,0.01,Ch,2,A05,A,05,2,2,
15Jus1016Ch01A__durance2,2015_Jus_1016,durance2,B,caudale,Jus,Saint-Just-d'Ardeche,Ardeche,44.286,4.597833,2015-07-21,2015,1016,Hy,Hy,quasi-pur,False,True,0.9999,0.23044900000000001,Ch,2,A06,A,06,3,3,
15Caa1005Ch01A__durance2,2015_Caa_1005,durance2,B,caudale,Caa,Canal (usine du Largue),Canal,43.853389,5.858444,2015-09-08,2015,1005,Cn,Cn,pur,True,True,0.9999,0.031225000000000058,Ch,2,A07,A,07,2,2,
15Caa1013Ch01A__durance2,2015_Caa_1013,durance2,B,caudale,Caa,Canal (usine du Largue),Canal,43.853389,5.858444,2015-09-08,2015,1013,Pt,Pt,pur,True,True,0.0001,0.0214899,Ch,2,A08,A,08,3,3,
15Avi1001Cn01A__durance2,2015_Avi_1001,durance2,B,caudale,Avi,Avignon,Durance,43.913,4.820722,2014-07-17;2015-07-10,2015,1001,Hy,Hy,quasi-pur,False,True,0.9999,0.36144699999999996,Cn,2,A09,A,09,3,3,
15Avi1009Cn01A__durance2,2015_Avi_1009,durance2,B,caudale,Avi,Avignon,Durance,43.913,4.820722,2014-07-17;2015-07-10,2015,1009,Cn,Cn,pur,True,True,0.9999,0.06070900000000001,Cn,2,A10,A,10,4,4,
15Bue1004Ch01A__durance2,2015_Bue_1004,durance2,B,caudale,Bue,Confluence Buech-Meouge,Buech,44.262,5.828,2014-07-03;2015-07-17,2015,1004,Pt,Pt,pur,True,True,0.0001,0.0,Ch,2,A11,A,11,5,5,
15Bue1012Ch01A__durance2,2015_Bue_1012,durance2,B,caudale,Bue,Confluence Buech-Meouge,Buech,44.262,5.828,2014-07-03;2015-07-17,2015,1012,Hy,Hy,quasi-pur,False,True,0.0001,0.393005,Ch,2,A12,A,12,6,6,
15Bau1002Ch01A__durance2,2015_Bau_1002,durance2,B,caudale,Bau,Rosieres,Beaume,44.475,4.264,2015-07-22,2015,1002,Pt,Pt,pur,True,True,0.0001,0.00046527,Ch,2,B01,B,01,1,1,
15Bau1010Ch01A__durance2,2015_Bau_1010,durance2,B,caudale,Bau,Rosieres,Beaume,44.475,4.264,2015-07-22,2015,1010,Hy,Hy,quasi-pur,False,True,0.0001,0.375879,Ch,2,B02,B,02,2,2,
15Bau1018Ch01A__durance2,2015_Bau_1018,durance2,B,caudale,Bau,Rosieres,Beaume,44.475,4.264,2015-07-22,2015,1018,Pt,Pt,pur,True,True,0.0001,0.0420278,Ch,2,B03,B,03,3,3,
15Jus1001Ch01A__durance2,2015_Jus_1001,durance2,B,caudale,Jus,Saint-Just-d'Ardeche,Ardeche,44.286,4.597833,2015-07-21,2015,1001,Pt,Pt,pur,True,True,0.0001,0.0,Ch,2,B04,B,04,1,1,
15Jus1009Ch01A__durance2,2015_Jus_1009,durance2,B,caudale,Jus,Saint-Just-d'Ardeche,Ardeche,44.286,4.597833,2015-07-21,2015,1009,Hy,Hy,intermediaire,True,True,0.4761105,0.2859385,Ch,2,B05,B,05,2,2,
15Jus1017Ch01A__durance2,2015_Jus_1017,durance2,B,caudale,Jus,Saint-Just-d'Ardeche,Ardeche,44.286,4.597833,2015-07-21,2015,1017,Cn,Cn,pur,True,True,0.9999,0.022872000000000003,Ch,2,B06,B,06,3,3,
15Caa1006Ch01A__durance2,2015_Caa_1006,durance2,B,caudale,Caa,Canal (usine du Largue),Canal,43.853389,5.858444,2015-09-08,2015,1006,Hy,Hy,intermediaire,True,True,0.9211665,0.07827249999999997,Ch,2,B07,B,07,2,2,
15Caa1014Ch01A__durance2,2015_Caa_1014,durance2,B,caudale,Caa,Canal (usine du Largue),Canal,43.853389,5.858444,2015-09-08,2015,1014,Pt,Pt,pur,True,True,0.0001,0.008547260000000001,Ch,2,B08,B,08,3,3,
15Avi1002Cn01A__durance2,2015_Avi_1002,durance2,B,caudale,Avi,Avignon,Durance,43.913,4.820722,2014-07-17;2015-07-10,2015,1002,Hy,Hy,intermediaire,True,True,0.529004,0.06558199999999992,Cn,2,B09,B,09,3,3,
15Avi1010Cn01A__durance2,2015_Avi_1010,durance2,B,caudale,Avi,Avignon,Durance,43.913,4.820722,2014-07-17;2015-07-10,2015,1010,Cn,Cn,pur,True,True,0.9999,0.023951999999999973,Cn,2,B10,B,10,4,4,
15Bue1005Ch01A__durance2,2015_Bue_1005,durance2,B,caudale,Bue,Confluence Buech-Meouge,Buech,44.262,5.828,2014-07-03;2015-07-17,2015,1005,Hy,Hy,intermediaire,True,True,0.130852,0.06826000000000002,Ch,2,B11,B,11,5,5,
15Bue1013Ch01A__durance2,2015_Bue_1013,durance2,B,caudale,Bue,Confluence Buech-Meouge,Buech,44.262,5.828,2014-07-03;2015-07-17,2015,1013,Pt,Pt,pur,True,True,0.0001,0.0261861,Ch,2,B12,B,12,6,6,
15Bau1003Ch01A__durance2,2015_Bau_1003,durance2,B,caudale,Bau,Rosieres,Beaume,44.475,4.264,2015-07-22,2015,1003,Pt,Pt,pur,True,True,0.0001,0.0,Ch,2,C01,C,01,1,1,
15Bau1011Ch01A__durance2,2015_Bau_1011,durance2,B,caudale,Bau,Rosieres,Beaume,44.475,4.264,2015-07-22,2015,1011,Pt,Pt,pur,True,True,0.00156659,0.04267271,Ch,2,C02,C,02,2,2,
15Bau1019Ch01A__durance2,2015_Bau_1019,durance2,B,caudale,Bau,Rosieres,Beaume,44.475,4.264,2015-07-22,2015,1019,Hy,Pt,quasi-pur,False,True,0.0001,0.00373055,Ch,2,C03,C,03,3,3,
15Jus1002Ch01A__durance2,2015_Jus_1002,durance2,B,caudale,Jus,Saint-Just-d'Ardeche,Ardeche,44.286,4.597833,2015-07-21,2015,1002,Hy,Pt,quasi-pur,False,True,0.0001,0.034920799999999995,Ch,2,C04,C,04,1,1,
15Jus1010Ch01A__durance2,2015_Jus_1010,durance2,B,caudale,Jus,Saint-Just-d'Ardeche,Ardeche,44.286,4.597833,2015-07-21,2015,1010,Cn,Cn,pur,True,True,0.9999,0.04496900000000004,Ch,2,C05,C,05,2,2,
15Jus1018Ch01A__durance2,2015_Jus_1018,durance2,B,caudale,Jus,Saint-Just-d'Ardeche,Ardeche,44.286,4.597833,2015-07-21,2015,1018,Cn,Cn,pur,True,True,0.9970375,0.02751349999999997,Ch,2,C06,C,06,3,3,
15Caa1007Ch01A__durance2,2015_Caa_1007,durance2,B,caudale,Caa,Canal (usine du Largue),Canal,43.853389,5.858444,2015-09-08,2015,1007,Cn,Cn,pur,True,True,0.9847625,0.052702499999999985,Ch,2,C07,C,07,2,2,
15Caa1015Ch01A__durance2,2015_Caa_1015,durance2,B,caudale,Caa,Canal (usine du Largue),Canal,43.853389,5.858444,2015-09-08,2015,1015,Hy,Hy,intermediaire,True,True,0.7446605,0.20081149999999992,Ch,2,C08,C,08,3,3,
15Avi1003Cn01A__durance2,2015_Avi_1003,durance2,B,caudale,Avi,Avignon,Durance,43.913,4.820722,2014-07-17;2015-07-10,2015,1003,Cn,Cn,pur,True,True,0.9999,0.020881999999999956,Cn,2,C09,C,09,3,3,
15Avi1011Cn01A__durance2,2015_Avi_1011,durance2,B,caudale,Avi,Avignon,Durance,43.913,4.820722,2014-07-17;2015-07-10,2015,1011,Hy,Cn,quasi-pur,False,True,0.9999,0.05917300000000003,Cn,2,C10,C,10,4,4,
15Bue1006Ch01A__durance2,2015_Bue_1006,durance2,B,caudale,Bue,Confluence Buech-Meouge,Buech,44.262,5.828,2014-07-03;2015-07-17,2015,1006,Pt,Hy,pur,True,True,0.00753796,0.11408504,Ch,2,C11,C,11,5,5,
15Bue1014Ch01A__durance2,2015_Bue_1014,durance2,B,caudale,Bue,Confluence Buech-Meouge,Buech,44.262,5.828,2014-07-03;2015-07-17,2015,1014,Pt,Pt,pur,True,False,0.001654999999999962,0.0,Ch,2,C12,C,12,6,6,
15Bau1004Ch01A__durance2,2015_Bau_1004,durance2,B,caudale,Bau,Rosieres,Beaume,44.475,4.264,2015-07-22,2015,1004,Hy,Pt,quasi-pur,False,True,0.0001,0.07919129999999999,Ch,2,D01,D,01,1,1,
15Bau1012Ch01A__durance2,2015_Bau_1012,durance2,B,caudale,Bau,Rosieres,Beaume,44.475,4.264,2015-07-22,2015,1012,Pt,Pt,pur,True,True,0.0001,0.014222100000000001,Ch,2,D02,D,02,2,2,
15Bau1020Ch01A__durance2,2015_Bau_1020,durance2,B,caudale,Bau,Rosieres,Beaume,44.475,4.264,2015-07-22,2015,1020,Hy,Hy,quasi-pur,False,True,0.0001,0.206549,Ch,2,D03,D,03,3,3,
15Jus1003Ch01A__durance2,2015_Jus_1003,durance2,B,caudale,Jus,Saint-Just-d'Ardeche,Ardeche,44.286,4.597833,2015-07-21,2015,1003,Hy,Pt,quasi-pur,False,True,0.014152999999999999,0.0733562,Ch,2,D04,D,04,1,1,
15Jus1011Ch01A__durance2,2015_Jus_1011,durance2,B,caudale,Jus,Saint-Just-d'Ardeche,Ardeche,44.286,4.597833,2015-07-21,2015,1011,Cn,Hy,pur,True,True,0.9294205,0.06764250000000005,Ch,2,D05,D,05,2,2,
15Jus1019Ch01A__durance2,2015_Jus_1019,durance2,B,caudale,Jus,Saint-Just-d'Ardeche,Ardeche,44.286,4.597833,2015-07-21,2015,1019,Cn,Cn,pur,True,True,0.9999,0.043321000000000054,Ch,2,D06,D,06,3,3,
15Caa1008Ch01A__durance2,2015_Caa_1008,durance2,B,caudale,Caa,Canal (usine du Largue),Canal,43.853389,5.858444,2015-09-08,2015,1008,Hy,Hy,intermediaire,True,True,0.9208035,0.07993349999999999,Ch,2,D07,D,07,2,2,
15Caa1016Ch01A__durance2,2015_Caa_1016,durance2,B,caudale,Caa,Canal (usine du Largue),Canal,43.853389,5.858444,2015-09-08,2015,1016,Hy,Pt,quasi-pur,False,True,0.003348402,0.030516898,Ch,2,D08,D,08,3,3,
15Avi1004Cn01A__durance2,2015_Avi_1004,durance2,B,caudale,Avi,Avignon,Durance,43.913,4.820722,2014-07-17;2015-07-10,2015,1004,Cn,Cn,pur,True,True,0.9999,0.022290000000000032,Cn,2,D09,D,09,3,3,
15Avi1012Pt01A__durance2,2015_Avi_1012,durance2,B,caudale,Avi,Avignon,Durance,43.913,4.820722,2014-07-17;2015-07-10,2015,1012,Hy,Hy,quasi-pur,False,True,0.0001,0.39093300000000003,Pt,2,D10,D,10,4,4,
15Bue1007Ch01A__durance2,2015_Bue_1007,durance2,B,caudale,Bue,Confluence Buech-Meouge,Buech,44.262,5.828,2014-07-03;2015-07-17,2015,1007,Hy,Hy,intermediaire,True,True,0.220115,0.09282300000000002,Ch,2,D11,D,11,5,5,
15Bue1015Ch01A__durance2,2015_Bue_1015,durance2,B,caudale,Bue,Confluence Buech-Meouge,Buech,44.262,5.828,2014-07-03;2015-07-17,2015,1015,Pt,Pt,pur,True,True,0.0001,0.0178451,Ch,2,D12,D,12,6,6,
15Bau1005Ch01A__durance2,2015_Bau_1005,durance2,B,caudale,Bau,Rosieres,Beaume,44.475,4.264,2015-07-22,2015,1005,Pt,Pt,pur,True,True,0.004509865000000001,0.039507935,Ch,2,E01,E,01,1,1,
15Bau1013Ch01A__durance2,2015_Bau_1013,durance2,B,caudale,Bau,Rosieres,Beaume,44.475,4.264,2015-07-22,2015,1013,Pt,Pt,pur,True,True,0.0001,0.0409044,Ch,2,E02,E,02,2,2,
15Bau1021Ch01A__durance2,2015_Bau_1021,durance2,B,caudale,Bau,Rosieres,Beaume,44.475,4.264,2015-07-22,2015,1021,Hy,Pt,quasi-pur,False,True,0.0001,0.0344185,Ch,2,E03,E,03,3,3,
15Jus1004Ch01A__durance2,2015_Jus_1004,durance2,B,caudale,Jus,Saint-Just-d'Ardeche,Ardeche,44.286,4.597833,2015-07-21,2015,1004,Hy,Pt,quasi-pur,False,True,0.0001,0.008645690000000001,Ch,2,E04,E,04,1,1,
15Jus1012Ch01A__durance2,2015_Jus_1012,durance2,B,caudale,Jus,Saint-Just-d'Ardeche,Ardeche,44.286,4.597833,2015-07-21,2015,1012,Cn,Cn,pur,True,True,0.9999,0.02703500000000003,Ch,2,E05,E,05,2,2,
15Caa1001Ch01A__durance2,2015_Caa_1001,durance2,B,caudale,Caa,Canal (usine du Largue),Canal,43.853389,5.858444,2015-09-08,2015,1001,Cn,Cn,pur,True,True,0.947083,0.052817,Ch,2,E06,E,06,1,1,
15Caa1009Ch01A__durance2,2015_Caa_1009,durance2,B,caudale,Caa,Canal (usine du Largue),Canal,43.853389,5.858444,2015-09-08,2015,1009,Cn,Cn,pur,True,True,0.9999,0.03842699999999999,Ch,2,E07,E,07,2,2,
15Caa1017Ch01A__durance2,2015_Caa_1017,durance2,B,caudale,Caa,Canal (usine du Largue),Canal,43.853389,5.858444,2015-09-08,2015,1017,Hy,Hy,intermediaire,True,True,0.1006175,0.04702049999999999,Ch,2,E08,E,08,3,3,
15Avi1005Cn01A__durance2,2015_Avi_1005,durance2,B,caudale,Avi,Avignon,Durance,43.913,4.820722,2014-07-17;2015-07-10,2015,1005,Cn,Cn,pur,True,True,0.99929,0.06421699999999997,Cn,2,E09,E,09,3,3,
15Avi1013Pt01A__durance2,2015_Avi_1013,durance2,B,caudale,Avi,Avignon,Durance,43.913,4.820722,2014-07-17;2015-07-10,2015,1013,Hy,Hy,intermediaire,True,True,0.28511410000000004,0.33378589999999997,Pt,2,E10,E,10,4,4,
15Bue1008Ch01A__durance2,2015_Bue_1008,durance2,B,caudale,Bue,Confluence Buech-Meouge,Buech,44.262,5.828,2014-07-03;2015-07-17,2015,1008,Pt,Pt,pur,True,True,0.0001,0.00945818,Ch,2,E11,E,11,5,5,
15Bue1016Ch01A__durance2,2015_Bue_1016,durance2,B,caudale,Bue,Confluence Buech-Meouge,Buech,44.262,5.828,2014-07-03;2015-07-17,2015,1016,Hy,Hy,intermediaire,True,True,0.8887309999999999,0.15708699999999998,Ch,2,E12,E,12,6,6,
15Bau1006Ch01A__durance2,2015_Bau_1006,durance2,B,caudale,Bau,Rosieres,Beaume,44.475,4.264,2015-07-22,2015,1006,Hy,Hy,intermediaire,True,True,0.5132975,0.09612850000000006,Ch,2,F01,F,01,1,1,
15Bau1014Ch01A__durance2,2015_Bau_1014,durance2,B,caudale,Bau,Rosieres,Beaume,44.475,4.264,2015-07-22,2015,1014,Pt,Pt,pur,True,True,0.00344197,0.03864973,Ch,2,F02,F,02,2,2,
15Bau1022Ch01A__durance2,2015_Bau_1022,durance2,B,caudale,Bau,Rosieres,Beaume,44.475,4.264,2015-07-22,2015,1022,Pt,Pt,pur,True,True,0.026378,0.0396818,Ch,2,F03,F,03,3,3,
15Jus1005Ch01A__durance2,2015_Jus_1005,durance2,B,caudale,Jus,Saint-Just-d'Ardeche,Ardeche,44.286,4.597833,2015-07-21,2015,1005,Hy,Pt,quasi-pur,False,True,0.0001,0.0121084,Ch,2,F04,F,04,1,1,
15Jus1013Ch01A__durance2,2015_Jus_1013,durance2,B,caudale,Jus,Saint-Just-d'Ardeche,Ardeche,44.286,4.597833,2015-07-21,2015,1013,Cn,Cn,pur,True,True,0.9766085,0.10154149999999995,Ch,2,F05,F,05,2,2,
15Caa1002Ch01A__durance2,2015_Caa_1002,durance2,B,caudale,Caa,Canal (usine du Largue),Canal,43.853389,5.858444,2015-09-08,2015,1002,Cn,Cn,pur,True,True,0.9994325,0.1068714999999999,Ch,2,F06,F,06,1,1,
15Caa1010Ch01A__durance2,2015_Caa_1010,durance2,B,caudale,Caa,Canal (usine du Largue),Canal,43.853389,5.858444,2015-09-08,2015,1010,Cn,Cn,pur,True,True,0.9999,0.019187999999999983,Ch,2,F07,F,07,2,2,
15Caa1018Ch01A__durance2,2015_Caa_1018,durance2,B,caudale,Caa,Canal (usine du Largue),Canal,43.853389,5.858444,2015-09-08,2015,1018,Pt,Pt,pur,True,True,0.0001,0.0258486,Ch,2,F08,F,08,3,3,
15Avi1006Cn01A__durance2,2015_Avi_1006,durance2,B,caudale,Avi,Avignon,Durance,43.913,4.820722,2014-07-17;2015-07-10,2015,1006,Cn,Cn,pur,True,True,0.981626,0.024009999999999976,Cn,2,F09,F,09,3,3,
15Bue1001Ch01A__durance2,2015_Bue_1001,durance2,B,caudale,Bue,Confluence Buech-Meouge,Buech,44.262,5.828,2014-07-03;2015-07-17,2015,1001,Cn,Cn,pur,True,True,0.9999,0.05101900000000004,Ch,2,F10,F,10,4,4,
15Bue1009Ch01A__durance2,2015_Bue_1009,durance2,B,caudale,Bue,Confluence Buech-Meouge,Buech,44.262,5.828,2014-07-03;2015-07-17,2015,1009,Hy,Hy,intermediaire,True,True,0.9276935,0.1251184999999999,Ch,2,F11,F,11,5,5,
15Bue1017Ch01A__durance2,2015_Bue_1017,durance2,B,caudale,Bue,Confluence Buech-Meouge,Buech,44.262,5.828,2014-07-03;2015-07-17,2015,1017,Cn,Cn,pur,True,True,0.985546,0.08171899999999999,Ch,2,F12,F,12,6,6,
15Bau1007Ch01A__durance2,2015_Bau_1007,durance2,B,caudale,Bau,Rosieres,Beaume,44.475,4.264,2015-07-22,2015,1007,Pt,Pt,pur,True,True,0.0001,0.00827844,Ch,2,G01,G,01,1,1,
15Bau1015Ch01A__durance2,2015_Bau_1015,durance2,B,caudale,Bau,Rosieres,Beaume,44.475,4.264,2015-07-22,2015,1015,Pt,Pt,pur,True,True,0.0001,0.0171402,Ch,2,G02,G,02,2,2,
15Bau1023Ch01A__durance2,2015_Bau_1023,durance2,B,caudale,Bau,Rosieres,Beaume,44.475,4.264,2015-07-22,2015,1023,Pt,Pt,pur,True,True,0.0001,0.0,Ch,2,G03,G,03,3,3,
15Jus1006Ch01A__durance2,2015_Jus_1006,durance2,B,caudale,Jus,Saint-Just-d'Ardeche,Ardeche,44.286,4.597833,2015-07-21,2015,1006,Pt,Pt,pur,True,True,0.0001,0.0,Ch,2,G04,G,04,1,1,
15Jus1014Ch01A__durance2,2015_Jus_1014,durance2,B,caudale,Jus,Saint-Just-d'Ardeche,Ardeche,44.286,4.597833,2015-07-21,2015,1014,Cn,Cn,pur,True,True,0.9468705,0.05302950000000006,Ch,2,G05,G,05,2,2,
15Caa1003Ch01A__durance2,2015_Caa_1003,durance2,B,caudale,Caa,Canal (usine du Largue),Canal,43.853389,5.858444,2015-09-08,2015,1003,Cn,Cn,pur,True,True,0.9999,0.011297000000000001,Ch,2,G06,G,06,1,1,
15Caa1011Ch01A__durance2,2015_Caa_1011,durance2,B,caudale,Caa,Canal (usine du Largue),Canal,43.853389,5.858444,2015-09-08,2015,1011,Pt,Pt,pur,True,True,0.0001,0.0906421,Ch,2,G07,G,07,2,2,
15Caa1019Ch01A__durance2,2015_Caa_1019,durance2,B,caudale,Caa,Canal (usine du Largue),Canal,43.853389,5.858444,2015-09-08,2015,1019,Hy,Pt,quasi-pur,False,True,0.0001,0.007794419999999999,Ch,2,G08,G,08,3,3,
15Avi1007Cn01A__durance2,2015_Avi_1007,durance2,B,caudale,Avi,Avignon,Durance,43.913,4.820722,2014-07-17;2015-07-10,2015,1007,Cn,Cn,pur,True,True,0.9999,0.08638400000000002,Cn,2,G09,G,09,3,3,
15Bue1002Ch01A__durance2,2015_Bue_1002,durance2,B,caudale,Bue,Confluence Buech-Meouge,Buech,44.262,5.828,2014-07-03;2015-07-17,2015,1002,Cn,Cn,pur,True,True,0.9999,0.015835000000000043,Ch,2,G10,G,10,4,4,
15Bue1010Ch01A__durance2,2015_Bue_1010,durance2,B,caudale,Bue,Confluence Buech-Meouge,Buech,44.262,5.828,2014-07-03;2015-07-17,2015,1010,Hy,Hy,intermediaire,True,True,0.5373025,0.11367450000000001,Ch,2,G11,G,11,5,5,
15Bue1018Ch01A__durance2,2015_Bue_1018,durance2,B,caudale,Bue,Confluence Buech-Meouge,Buech,44.262,5.828,2014-07-03;2015-07-17,2015,1018,Hy,Hy,intermediaire,True,True,0.8807585,0.09011049999999998,Ch,2,G12,G,12,6,6,
15Bau1008Ch01A__durance2,2015_Bau_1008,durance2,B,caudale,Bau,Rosieres,Beaume,44.475,4.264,2015-07-22,2015,1008,Pt,Pt,pur,True,True,0.0001,0.039034,Ch,2,H01,H,01,1,1,
15Bau1016Ch01A__durance2,2015_Bau_1016,durance2,B,caudale,Bau,Rosieres,Beaume,44.475,4.264,2015-07-22,2015,1016,Hy,Hy,quasi-pur,False,True,0.02028617,0.44522083,Ch,2,H02,H,02,2,2,
15Bau1024Ch01A__durance2,2015_Bau_1024,durance2,B,caudale,Bau,Rosieres,Beaume,44.475,4.264,2015-07-22,2015,1024,Pt,Pt,pur,True,True,0.0001,0.0131795,Ch,2,H03,H,03,3,3,
15Jus1007Ch01A__durance2,2015_Jus_1007,durance2,B,caudale,Jus,Saint-Just-d'Ardeche,Ardeche,44.286,4.597833,2015-07-21,2015,1007,Pt,Pt,pur,True,True,0.0001,0.014199,Ch,2,H04,H,04,1,1,
15Jus1015Ch01A__durance2,2015_Jus_1015,durance2,B,caudale,Jus,Saint-Just-d'Ardeche,Ardeche,44.286,4.597833,2015-07-21,2015,1015,Cn,Cn,pur,True,True,0.9977965,0.050436499999999995,Ch,2,H05,H,05,2,2,
15Caa1004Ch01A__durance2,2015_Caa_1004,durance2,B,caudale,Caa,Canal (usine du Largue),Canal,43.853389,5.858444,2015-09-08,2015,1004,Cn,Cn,pur,True,True,0.9999,0.005790999999999991,Ch,2,H06,H,06,1,1,
15Caa1012Ch01A__durance2,2015_Caa_1012,durance2,B,caudale,Caa,Canal (usine du Largue),Canal,43.853389,5.858444,2015-09-08,2015,1012,Pt,Pt,pur,True,True,0.0001,0.0,Ch,2,H07,H,07,2,2,
15Caa1020Ch01A__durance2,2015_Caa_1020,durance2,B,caudale,Caa,Canal (usine du Largue),Canal,43.853389,5.858444,2015-09-08,2015,1020,Pt,Pt,pur,True,True,0.0001,0.0260511,Ch,2,H08,H,08,3,3,
15Avi1008Cn01A__durance2,2015_Avi_1008,durance2,B,caudale,Avi,Avignon,Durance,43.913,4.820722,2014-07-17;2015-07-10,2015,1008,Cn,Cn,pur,True,True,0.9999,0.01104000000000005,Cn,2,H09,H,09,3,3,
15Bue1003Ch01A__durance2,2015_Bue_1003,durance2,B,caudale,Bue,Confluence Buech-Meouge,Buech,44.262,5.828,2014-07-03;2015-07-17,2015,1003,Cn,Cn,pur,True,True,0.9999,0.015947000000000044,Ch,2,H10,H,10,4,4,
15Bue1011Ch01A__durance2,2015_Bue_1011,durance2,B,caudale,Bue,Confluence Buech-Meouge,Buech,44.262,5.828,2014-07-03;2015-07-17,2015,1011,Hy,Hy,intermediaire,True,True,0.7010149999999999,0.10766600000000004,Ch,2,H11,H,11,5,5,
14Ain1001Cn05A__durance2,2014_Ain_1001,durance2,B,branchie,Ain,Pont-d'Ain,Suran,46.048,5.324,2014-08-12,2014,1001,Cn,Cn,pur,True,True,0.9999,0.02987200000000001,Cn,3,A01,A,01,1,1,
14Ain1038Pt05A__durance2,2014_Ain_1038,durance2,B,branchie,Ain,Chavannes-sur-Suran,Suran,46.264389,5.429444,2014-08-12,2014,1038,Pt,Pt,pur,True,True,0.0001,0.0105608,Pt,3,A02,A,02,2,2,
15Cab1003Ch05A__durance2,2015_Cab_1003,durance2,B,branchie,Cab,Pont-d'Ain,Suran,46.048,5.324,2015-08-26,2015,1003,Cn,Cn,pur,True,True,0.9790135,0.04033549999999997,Ch,3,A03,A,03,2,3,
15Cab1011Ch05A__durance2,2015_Cab_1011,durance2,B,branchie,Cab,Chavannes-sur-Suran,Suran,46.264389,5.429444,2015-08-26,2015,1011,Pt,Pt,pur,True,False,0.00042399999999997995,0.0,Ch,3,A04,A,04,3,4,
15Cab1019Ch05A__durance2,2015_Cab_1019,durance2,B,branchie,Cab,Chavannes-sur-Suran,Suran,46.264389,5.429444,2015-08-26,2015,1019,Pt,Pt,pur,True,True,0.0001,0.0,Ch,3,A05,A,05,4,5,
14Avi1008Cn05A__durance2,2014_Avi_1008,durance2,B,branchie,Avi,Avignon,Durance,43.913,4.820722,2014-07-17;2015-07-10,2014,1008,Cn,Cn,pur,True,True,0.9790425,0.04159250000000003,Cn,3,A06,A,06,2,2,
14Bue1005Cn05A__durance2,2014_Bue_1005,durance2,B,branchie,Bue,Confluence Buech-Meouge,Buech,44.262,5.828,2014-07-03;2015-07-17,2014,1005,Cn,Cn,pur,True,True,0.996529,0.015122999999999998,Cn,3,A07,A,07,2,2,
14Bue1014Ch05A__durance2,2014_Bue_1014,durance2,B,branchie,Bue,Confluence Buech-Meouge,Buech,44.262,5.828,2014-07-03;2015-07-17,2014,1014,Pt,Pt,pur,True,True,0.00459266,0.015245940000000001,Ch,3,A08,A,08,3,3,
14Man1011Ch05A__durance2,2014_Man_1011,durance2,B,branchie,Man,Manosque-Oraison,Durance,43.919667,5.896278,2014-07-23,2014,1011,Hy,Pt,quasi-pur,False,True,0.0001,0.0034689200000000003,Ch,3,A09,A,09,2,2,
14Man1019Ch05A__durance2,2014_Man_1019,durance2,B,branchie,Man,Manosque-Oraison,Durance,43.919667,5.896278,2014-07-23,2014,1019,Pt,Pt,pur,True,True,0.0001,0.00794395,Ch,3,A10,A,10,3,3,
14Per2011Ch05A__durance2,2014_Per_2011,durance2,B,branchie,Per,Pertuis,Durance,43.668139,5.493,2014-07-07;2014-08-20,2014,2011,Pt,Pt,pur,True,True,0.0001,0.0198136,Ch,3,A11,A,11,2,2,
14Per2011Ch05A-bis__durance2,2014_Per_2011,durance2,B,branchie,Per,Pertuis,Durance,43.668139,5.493,2014-07-07;2014-08-20,2014,2011,Pt,Pt,pur,True,True,0.0001,0.0198136,Ch,3,A12,A,12,3,3,
14Ain1002Cn05A__durance2,2014_Ain_1002,durance2,B,branchie,Ain,Pont-d'Ain,Suran,46.048,5.324,2014-08-12,2014,1002,Cn,Cn,pur,True,True,0.9999,0.027077000000000018,Cn,3,B01,B,01,1,1,
14Ain1039Pt05A__durance2,2014_Ain_1039,durance2,B,branchie,Ain,Chavannes-sur-Suran,Suran,46.264389,5.429444,2014-08-12,2014,1039,Pt,Pt,pur,True,True,0.0001,0.0118913,Pt,3,B02,B,02,2,2,
15Cab1004Ch05A__durance2,2015_Cab_1004,durance2,B,branchie,Cab,Pont-d'Ain,Suran,46.048,5.324,2015-08-26,2015,1004,Cn,Cn,pur,True,True,0.9916195,0.051615500000000036,Ch,3,B03,B,03,2,3,
15Cab1012Ch05A__durance2,2015_Cab_1012,durance2,B,branchie,Cab,Chavannes-sur-Suran,Suran,46.264389,5.429444,2015-08-26,2015,1012,Pt,Pt,pur,True,True,0.0001,0.0024834600000000003,Ch,3,B04,B,04,3,4,
14Avi1001Cn05A__durance2,2014_Avi_1001,durance2,B,branchie,Avi,Avignon,Durance,43.913,4.820722,2014-07-17;2015-07-10,2014,1001,Cn,Cn,pur,True,True,0.9999,0.014294000000000029,Cn,3,B05,B,05,1,1,
14Avi1036Cn05A__durance2,2014_Avi_1036,durance2,B,branchie,Avi,Avignon,Durance,43.913,4.820722,2014-07-17;2015-07-10,2014,1036,Cn,Cn,pur,True,True,0.9999,0.025182000000000038,Cn,3,B06,B,06,2,2,
14Bue1006Cn05A__durance2,2014_Bue_1006,durance2,B,branchie,Bue,Confluence Buech-Meouge,Buech,44.262,5.828,2014-07-03;2015-07-17,2014,1006,Hy,Hy,intermediaire,True,True,0.9466924999999999,0.09561849999999994,Cn,3,B07,B,07,2,2,
14Bue1015Ch05A__durance2,2014_Bue_1015,durance2,B,branchie,Bue,Confluence Buech-Meouge,Buech,44.262,5.828,2014-07-03;2015-07-17,2014,1015,Pt,Pt,pur,True,True,0.0001,0.027206,Ch,3,B08,B,08,3,3,
14Man1012Ch05A__durance2,2014_Man_1012,durance2,B,branchie,Man,Manosque-Oraison,Durance,43.919667,5.896278,2014-07-23,2014,1012,Pt,Pt,pur,True,True,0.0001,0.00126172,Ch,3,B09,B,09,2,2,
14Man1020Ch05A__durance2,2014_Man_1020,durance2,B,branchie,Man,Manosque-Oraison,Durance,43.919667,5.896278,2014-07-23,2014,1020,Hy,Pt,quasi-pur,False,True,0.0001,0.00115361,Ch,3,B10,B,10,3,3,
14Per2012Ch05A__durance2,2014_Per_2012,durance2,B,branchie,Per,Pertuis,Durance,43.668139,5.493,2014-07-07;2014-08-20,2014,2012,Pt,Pt,pur,True,True,0.0001,0.0,Ch,3,B11,B,11,2,2,
14Per2012Ch05A-bis__durance2,2014_Per_2012,durance2,B,branchie,Per,Pertuis,Durance,43.668139,5.493,2014-07-07;2014-08-20,2014,2012,Pt,Pt,pur,True,True,0.0001,0.0,Ch,3,B12,B,12,3,3,
14Ain1011Pt05A__durance2,2014_Ain_1011,durance2,B,branchie,Ain,Chavannes-sur-Suran,Suran,46.264389,5.429444,2014-08-12,2014,1011,Pt,Pt,pur,True,True,0.0001,0.00132522,Pt,3,C01,C,01,1,1,
14Ain1040Pt05A__durance2,2014_Ain_1040,durance2,B,branchie,Ain,Chavannes-sur-Suran,Suran,46.264389,5.429444,2014-08-12,2014,1040,Pt,Pt,pur,True,True,0.0001,0.029344600000000002,Pt,3,C02,C,02,2,2,
15Cab1005Ch05A__durance2,2015_Cab_1005,durance2,B,branchie,Cab,Pont-d'Ain,Suran,46.048,5.324,2015-08-26,2015,1005,Cn,Cn,pur,True,True,0.9999,0.04226799999999997,Ch,3,C03,C,03,2,3,
15Cab1013Ch05A__durance2,2015_Cab_1013,durance2,B,branchie,Cab,Chavannes-sur-Suran,Suran,46.264389,5.429444,2015-08-26,2015,1013,Pt,Pt,pur,True,True,0.0001,0.0639904,Ch,3,C04,C,04,3,4,
14Avi1002Cn05A__durance2,2014_Avi_1002,durance2,B,branchie,Avi,Avignon,Durance,43.913,4.820722,2014-07-17;2015-07-10,2014,1002,Cn,Cn,pur,True,True,0.9999,0.01569799999999999,Cn,3,C05,C,05,1,1,
14Avi1037Cn05A__durance2,2014_Avi_1037,durance2,B,branchie,Avi,Avignon,Durance,43.913,4.820722,2014-07-17;2015-07-10,2014,1037,Cn,Cn,pur,True,True,0.9999,0.114066,Cn,3,C06,C,06,2,2,
14Bue1006Cn05Abis__durance2,2014_Bue_1006,durance2,B,branchie,Bue,Confluence Buech-Meouge,Buech,44.262,5.828,2014-07-03;2015-07-17,2014,1006,Hy,Hy,intermediaire,True,True,0.9466924999999999,0.09561849999999994,Cn,3,C07,C,07,2,2,
14Bue1017Ch05A__durance2,2014_Bue_1017,durance2,B,branchie,Bue,Confluence Buech-Meouge,Buech,44.262,5.828,2014-07-03;2015-07-17,2014,1017,Pt,Pt,pur,True,True,0.0001,0.0436135,Ch,3,C08,C,08,3,3,
14Man1013Ch05A__durance2,2014_Man_1013,durance2,B,branchie,Man,Manosque-Oraison,Durance,43.919667,5.896278,2014-07-23,2014,1013,Pt,Pt,pur,True,True,0.0001,0.0236388,Ch,3,C09,C,09,2,2,
14Man1021Ch05A__durance2,2014_Man_1021,durance2,B,branchie,Man,Manosque-Oraison,Durance,43.919667,5.896278,2014-07-23,2014,1021,Hy,Hy,intermediaire,True,True,0.2179825,0.1247321,Ch,3,C10,C,10,3,3,
14Per2013Ch05A__durance2,2014_Per_2013,durance2,B,branchie,Per,Pertuis,Durance,43.668139,5.493,2014-07-07;2014-08-20,2014,2013,Hy,Hy,intermediaire,True,True,0.2097815,0.1761465,Ch,3,C11,C,11,2,2,
14Ain1012Pt05A__durance2,2014_Ain_1012,durance2,B,branchie,Ain,Chavannes-sur-Suran,Suran,46.264389,5.429444,2014-08-12,2014,1012,Pt,Pt,pur,True,True,0.0001,0.034025599999999996,Pt,3,D01,D,01,1,1,
14Ain1041Pt05A__durance2,2014_Ain_1041,durance2,B,branchie,Ain,Chavannes-sur-Suran,Suran,46.264389,5.429444,2014-08-12,2014,1041,Pt,Pt,pur,True,True,0.0001,0.0032175100000000002,Pt,3,D02,D,02,2,2,
15Cab1006Ch05A__durance2,2015_Cab_1006,durance2,B,branchie,Cab,Pont-d'Ain,Suran,46.048,5.324,2015-08-26,2015,1006,Cn,Cn,pur,True,True,0.9676345,0.0767025,Ch,3,D03,D,03,2,3,
15Cab1014Ch05A__durance2,2015_Cab_1014,durance2,B,branchie,Cab,Chavannes-sur-Suran,Suran,46.264389,5.429444,2015-08-26,2015,1014,Pt,Pt,pur,True,True,0.0001,0.0,Ch,3,D04,D,04,3,4,
14Avi1003Cn05A__durance2,2014_Avi_1003,durance2,B,branchie,Avi,Avignon,Durance,43.913,4.820722,2014-07-17;2015-07-10,2014,1003,Cn,Cn,pur,True,True,0.9999,0.002593999999999985,Cn,3,D05,D,05,1,1,
14Avi1038Cn05A__durance2,2014_Avi_1038,durance2,B,branchie,Avi,Avignon,Durance,43.913,4.820722,2014-07-17;2015-07-10,2014,1038,Cn,Cn,pur,True,True,0.9999,0.017442999999999986,Cn,3,D06,D,06,2,2,
14Bue1007Cn05A__durance2,2014_Bue_1007,durance2,B,branchie,Bue,Confluence Buech-Meouge,Buech,44.262,5.828,2014-07-03;2015-07-17,2014,1007,Cn,Cn,pur,True,True,0.9999,0.013390000000000013,Cn,3,D07,D,07,2,2,
14Bue1018Ch05A__durance2,2014_Bue_1018,durance2,B,branchie,Bue,Confluence Buech-Meouge,Buech,44.262,5.828,2014-07-03;2015-07-17,2014,1018,Pt,Pt,pur,True,True,0.0001,0.009559940000000001,Ch,3,D08,D,08,3,3,
14Man1014Ch05A__durance2,2014_Man_1014,durance2,B,branchie,Man,Manosque-Oraison,Durance,43.919667,5.896278,2014-07-23,2014,1014,Pt,Pt,pur,True,True,0.0001,0.0023953100000000003,Ch,3,D09,D,09,2,2,
14Man1022Ch05A__durance2,2014_Man_1022,durance2,B,branchie,Man,Manosque-Oraison,Durance,43.919667,5.896278,2014-07-23,2014,1022,Pt,Pt,pur,True,True,0.0001,0.010545200000000001,Ch,3,D10,D,10,3,3,mock_contaminated
14Per2014Ch05A__durance2,2014_Per_2014,durance2,B,branchie,Per,Pertuis,Durance,43.668139,5.493,2014-07-07;2014-08-20,2014,2014,Pt,Pt,pur,True,True,0.0001,0.0,Ch,3,D11,D,11,2,2,
14Ain1013Pt05A__durance2,2014_Ain_1013,durance2,B,branchie,Ain,Chavannes-sur-Suran,Suran,46.264389,5.429444,2014-08-12,2014,1013,Pt,Pt,pur,True,True,0.0001,0.0099728,Pt,3,E01,E,01,1,1,
14Ain1042Pt05A__durance2,2014_Ain_1042,durance2,B,branchie,Ain,Chavannes-sur-Suran,Suran,46.264389,5.429444,2014-08-12,2014,1042,Pt,Pt,pur,True,True,0.0001,0.0252761,Pt,3,E02,E,02,2,2,
15Cab1007Ch05A__durance2,2015_Cab_1007,durance2,B,branchie,Cab,Pont-d'Ain,Suran,46.048,5.324,2015-08-26,2015,1007,Cn,Cn,pur,True,True,0.986855,0.040076,Ch,3,E03,E,03,2,3,
15Cab1015Ch05A__durance2,2015_Cab_1015,durance2,B,branchie,Cab,Chavannes-sur-Suran,Suran,46.264389,5.429444,2015-08-26,2015,1015,Pt,Pt,pur,True,True,0.0001,0.0122371,Ch,3,E04,E,04,3,4,
14Avi1004Cn05A__durance2,2014_Avi_1004,durance2,B,branchie,Avi,Avignon,Durance,43.913,4.820722,2014-07-17;2015-07-10,2014,1004,Cn,Cn,pur,True,True,0.9999,0.01977300000000004,Cn,3,E05,E,05,1,1,
14Bue1001Cn05A__durance2,2014_Bue_1001,durance2,B,branchie,Bue,Confluence Buech-Meouge,Buech,44.262,5.828,2014-07-03;2015-07-17,2014,1001,Cn,Cn,pur,True,False,0.9878026,0.0,Cn,3,E06,E,06,1,1,
14Bue1008Cn05A__durance2,2014_Bue_1008,durance2,B,branchie,Bue,Confluence Buech-Meouge,Buech,44.262,5.828,2014-07-03;2015-07-17,2014,1008,Cn,Cn,pur,True,True,0.9999,0.019206999999999974,Cn,3,E07,E,07,2,2,
14Bue1019Ch05A__durance2,2014_Bue_1019,durance2,B,branchie,Bue,Confluence Buech-Meouge,Buech,44.262,5.828,2014-07-03;2015-07-17,2014,1019,Pt,Pt,pur,True,True,0.0001,0.0,Ch,3,E08,E,08,3,3,
14Man1015Ch05A__durance2,2014_Man_1015,durance2,B,branchie,Man,Manosque-Oraison,Durance,43.919667,5.896278,2014-07-23,2014,1015,Pt,Pt,pur,True,True,0.0001,0.0,Ch,3,E09,E,09,2,2,
14Per1011Ch05A__durance2,2014_Per_1011,durance2,B,branchie,Per,Pertuis,Durance,43.668139,5.493,2014-07-07;2014-08-20,2014,1011,Pt,Pt,pur,True,True,0.0001,0.01805,Ch,3,E10,E,10,1,1,
14Per2015Ch05A__durance2,2014_Per_2015,durance2,B,branchie,Per,Pertuis,Durance,43.668139,5.493,2014-07-07;2014-08-20,2014,2015,Pt,Pt,pur,True,True,0.0001,0.0,Ch,3,E11,E,11,2,2,
14Ain1014Pt05A__durance2,2014_Ain_1014,durance2,B,branchie,Ain,Chavannes-sur-Suran,Suran,46.264389,5.429444,2014-08-12,2014,1014,Pt,Pt,pur,True,True,0.0001,0.0193883,Pt,3,F01,F,01,1,1,
14Ain1043Pt05A__durance2,2014_Ain_1043,durance2,B,branchie,Ain,Chavannes-sur-Suran,Suran,46.264389,5.429444,2014-08-12,2014,1043,Pt,Pt,pur,True,True,0.0001,0.0059209399999999995,Pt,3,F02,F,02,2,2,
15Cab1008Ch05A__durance2,2015_Cab_1008,durance2,B,branchie,Cab,Pont-d'Ain,Suran,46.048,5.324,2015-08-26,2015,1008,Cn,Cn,pur,True,True,0.997914,0.01697700000000002,Ch,3,F03,F,03,2,3,
15Cab1016Ch05A__durance2,2015_Cab_1016,durance2,B,branchie,Cab,Chavannes-sur-Suran,Suran,46.264389,5.429444,2015-08-26,2015,1016,Pt,Pt,pur,True,True,0.0001,0.00194113,Ch,3,F04,F,04,3,4,
14Avi1005Cn05A__durance2,2014_Avi_1005,durance2,B,branchie,Avi,Avignon,Durance,43.913,4.820722,2014-07-17;2015-07-10,2014,1005,Cn,Cn,pur,True,True,0.9999,0.08110799999999996,Cn,3,F05,F,05,1,1,
14Bue1002Cn05A__durance2,2014_Bue_1002,durance2,B,branchie,Bue,Confluence Buech-Meouge,Buech,44.262,5.828,2014-07-03;2015-07-17,2014,1002,Cn,Cn,pur,True,False,0.989712,0.0,Cn,3,F06,F,06,1,1,
14Bue1011Ch05A__durance2,2014_Bue_1011,durance2,B,branchie,Bue,Confluence Buech-Meouge,Buech,44.262,5.828,2014-07-03;2015-07-17,2014,1011,Pt,Pt,pur,True,True,0.0001,0.0232161,Ch,3,F07,F,07,2,2,
14Man1001Cn05A__durance2,2014_Man_1001,durance2,B,branchie,Man,Manosque-Oraison,Durance,43.919667,5.896278,2014-07-23,2014,1001,Pt,Pt,pur,True,True,0.0001,0.0031458500000000004,Cn,3,F08,F,08,1,1,
14Man1016Ch05A__durance2,2014_Man_1016,durance2,B,branchie,Man,Manosque-Oraison,Durance,43.919667,5.896278,2014-07-23,2014,1016,Pt,Pt,pur,True,True,0.0001,0.00548115,Ch,3,F09,F,09,2,2,
14Per1012Ch05A__durance2,2014_Per_1012,durance2,B,branchie,Per,Pertuis,Durance,43.668139,5.493,2014-07-07;2014-08-20,2014,1012,Pt,Pt,pur,True,True,0.0001,0.00345481,Ch,3,F10,F,10,1,1,
14Ain1036Cn05A__durance2,2014_Ain_1036,durance2,B,branchie,Ain,Pont-d'Ain,Suran,46.048,5.324,2014-08-12,2014,1036,Cn,Cn,pur,True,True,0.9634205,0.05584849999999997,Cn,3,G01,G,01,1,1,
15Cab1001Ch05A__durance2,2015_Cab_1001,durance2,B,branchie,Cab,Pont-d'Ain,Suran,46.048,5.324,2015-08-26,2015,1001,Cn,Cn,pur,True,True,0.9999,0.07011200000000006,Ch,3,G02,G,02,1,2,
15Cab1009Ch05A__durance2,2015_Cab_1009,durance2,B,branchie,Cab,Pont-d'Ain,Suran,46.048,5.324,2015-08-26,2015,1009,Hy,Hy,intermediaire,True,True,0.8998935,0.13065250000000006,Ch,3,G03,G,03,2,3,
15Cab1017Ch05A__durance2,2015_Cab_1017,durance2,B,branchie,Cab,Chavannes-sur-Suran,Suran,46.264389,5.429444,2015-08-26,2015,1017,Pt,Pt,pur,True,True,0.0001,0.0135881,Ch,3,G04,G,04,3,4,
14Avi1006Cn05A__durance2,2014_Avi_1006,durance2,B,branchie,Avi,Avignon,Durance,43.913,4.820722,2014-07-17;2015-07-10,2014,1006,Cn,Cn,pur,True,True,0.9999,0.03937199999999996,Cn,3,G05,G,05,1,1,
14Bue1003Cn05A__durance2,2014_Bue_1003,durance2,B,branchie,Bue,Confluence Buech-Meouge,Buech,44.262,5.828,2014-07-03;2015-07-17,2014,1003,Cn,Cn,pur,True,True,0.9999,0.05878899999999998,Cn,3,G06,G,06,1,1,
14Bue1012Ch05A__durance2,2014_Bue_1012,durance2,B,branchie,Bue,Confluence Buech-Meouge,Buech,44.262,5.828,2014-07-03;2015-07-17,2014,1012,Pt,Pt,pur,True,True,0.0001,0.0,Ch,3,G07,G,07,2,2,
14Man1002Cn05A__durance2,2014_Man_1002,durance2,B,branchie,Man,Manosque-Oraison,Durance,43.919667,5.896278,2014-07-23,2014,1002,Hy,Hy,quasi-pur,False,True,0.0001,0.366158,Cn,3,G08,G,08,1,1,
14Man1017Ch05A__durance2,2014_Man_1017,durance2,B,branchie,Man,Manosque-Oraison,Durance,43.919667,5.896278,2014-07-23,2014,1017,Pt,Pt,pur,True,True,0.0001,0.0,Ch,3,G09,G,09,2,2,
14Per1013Ch05A__durance2,2014_Per_1013,durance2,B,branchie,Per,Pertuis,Durance,43.668139,5.493,2014-07-07;2014-08-20,2014,1013,Pt,Pt,pur,True,True,0.0001,0.0,Ch,3,G10,G,10,1,1,
14Ain1037Cn05A__durance2,2014_Ain_1037,durance2,B,branchie,Ain,Pont-d'Ain,Suran,46.048,5.324,2014-08-12,2014,1037,Cn,Cn,pur,True,True,0.9999,0.021923000000000026,Cn,3,H01,H,01,1,1,
15Cab1002Ch05A__durance2,2015_Cab_1002,durance2,B,branchie,Cab,Pont-d'Ain,Suran,46.048,5.324,2015-08-26,2015,1002,Cn,Cn,pur,True,True,0.9624035,0.043770499999999934,Ch,3,H02,H,02,1,2,
15Cab1010Ch05A__durance2,2015_Cab_1010,durance2,B,branchie,Cab,Pont-d'Ain,Suran,46.048,5.324,2015-08-26,2015,1010,Hy,Hy,intermediaire,True,True,0.759876,0.07340000000000002,Ch,3,H03,H,03,2,3,
15Cab1018Ch05A__durance2,2015_Cab_1018,durance2,B,branchie,Cab,Chavannes-sur-Suran,Suran,46.264389,5.429444,2015-08-26,2015,1018,Pt,Pt,pur,True,True,0.0001,0.018595900000000002,Ch,3,H04,H,04,3,4,
14Avi1007Cn05A__durance2,2014_Avi_1007,durance2,B,branchie,Avi,Avignon,Durance,43.913,4.820722,2014-07-17;2015-07-10,2014,1007,Cn,Cn,pur,True,True,0.9999,0.010548000000000002,Cn,3,H05,H,05,1,1,
14Bue1004Cn05A__durance2,2014_Bue_1004,durance2,B,branchie,Bue,Confluence Buech-Meouge,Buech,44.262,5.828,2014-07-03;2015-07-17,2014,1004,Cn,Cn,pur,True,True,0.9999,0.01164900000000002,Cn,3,H06,H,06,1,1,
14Bue1013Ch05A__durance2,2014_Bue_1013,durance2,B,branchie,Bue,Confluence Buech-Meouge,Buech,44.262,5.828,2014-07-03;2015-07-17,2014,1013,Pt,Pt,pur,True,True,0.0001,0.023389300000000002,Ch,3,H07,H,07,2,2,
14Man1010Cn05A__durance2,2014_Man_1010,durance2,B,branchie,Man,Manosque-Oraison,Durance,43.919667,5.896278,2014-07-23,2014,1010,Hy,Pt,quasi-pur,False,True,0.0001,0.0,Cn,3,H08,H,08,1,1,
14Man1018Ch05A__durance2,2014_Man_1018,durance2,B,branchie,Man,Manosque-Oraison,Durance,43.919667,5.896278,2014-07-23,2014,1018,Pt,Pt,pur,True,True,0.0001,0.0202354,Ch,3,H09,H,09,2,2,
14Per1014Ch05A__durance2,2014_Per_1014,durance2,B,branchie,Per,Pertuis,Durance,43.668139,5.493,2014-07-07;2014-08-20,2014,1014,Pt,Pt,pur,True,True,0.0001,0.006368319999999999,Ch,3,H10,H,10,1,1,
15Bau1001Ch05A__durance2,2015_Bau_1001,durance2,B,branchie,Bau,Rosieres,Beaume,44.475,4.264,2015-07-22,2015,1001,Pt,Pt,pur,True,True,0.0001,0.0011884,Ch,4,A01,A,01,1,1,
15Bau1009Ch05A__durance2,2015_Bau_1009,durance2,B,branchie,Bau,Rosieres,Beaume,44.475,4.264,2015-07-22,2015,1009,Pt,Pt,pur,True,True,0.0001,0.0190407,Ch,4,A02,A,02,2,2,
15Bau1017Ch05A__durance2,2015_Bau_1017,durance2,B,branchie,Bau,Rosieres,Beaume,44.475,4.264,2015-07-22,2015,1017,Pt,Pt,pur,True,True,0.01931,0.026522699999999996,Ch,4,A03,A,03,3,3,
15Bau1025Ch05A__durance2,2015_Bau_1025,durance2,B,branchie,Bau,Rosieres,Beaume,44.475,4.264,2015-07-22,2015,1025,Pt,Pt,pur,True,True,0.019029945,0.066665255,Ch,4,A04,A,04,4,4,
15Jus1008Ch05A__durance2,2015_Jus_1008,durance2,B,branchie,Jus,Saint-Just-d'Ardeche,Ardeche,44.286,4.597833,2015-07-21,2015,1008,Pt,Pt,pur,True,False,0.045518999999999976,0.01,Ch,4,A05,A,05,2,2,
15Jus1016Ch05A__durance2,2015_Jus_1016,durance2,B,branchie,Jus,Saint-Just-d'Ardeche,Ardeche,44.286,4.597833,2015-07-21,2015,1016,Hy,Hy,quasi-pur,False,True,0.9999,0.23044900000000001,Ch,4,A06,A,06,3,3,
15Caa1005Ch05A__durance2,2015_Caa_1005,durance2,B,branchie,Caa,Canal (usine du Largue),Canal,43.853389,5.858444,2015-09-08,2015,1005,Cn,Cn,pur,True,True,0.9999,0.031225000000000058,Ch,4,A07,A,07,2,2,
15Caa1013Ch05A__durance2,2015_Caa_1013,durance2,B,branchie,Caa,Canal (usine du Largue),Canal,43.853389,5.858444,2015-09-08,2015,1013,Pt,Pt,pur,True,True,0.0001,0.0214899,Ch,4,A08,A,08,3,3,
15Avi1001Cn05A__durance2,2015_Avi_1001,durance2,B,branchie,Avi,Avignon,Durance,43.913,4.820722,2014-07-17;2015-07-10,2015,1001,Hy,Hy,quasi-pur,False,True,0.9999,0.36144699999999996,Cn,4,A09,A,09,3,3,
15Avi1009Cn05A__durance2,2015_Avi_1009,durance2,B,branchie,Avi,Avignon,Durance,43.913,4.820722,2014-07-17;2015-07-10,2015,1009,Cn,Cn,pur,True,True,0.9999,0.06070900000000001,Cn,4,A10,A,10,4,4,
15BUe1004Ch05A__durance2,2015_Bue_1004,durance2,B,branchie,Bue,Confluence Buech-Meouge,Buech,44.262,5.828,2014-07-03;2015-07-17,2015,1004,Pt,Pt,pur,True,True,0.0001,0.0,Ch,4,A11,A,11,5,5,
15BUe1012Ch05A__durance2,2015_Bue_1012,durance2,B,branchie,Bue,Confluence Buech-Meouge,Buech,44.262,5.828,2014-07-03;2015-07-17,2015,1012,Hy,Hy,quasi-pur,False,True,0.0001,0.393005,Ch,4,A12,A,12,6,6,
15Bau1002Ch05A__durance2,2015_Bau_1002,durance2,B,branchie,Bau,Rosieres,Beaume,44.475,4.264,2015-07-22,2015,1002,Pt,Pt,pur,True,True,0.0001,0.00046527,Ch,4,B01,B,01,1,1,
15Bau1010Ch05A__durance2,2015_Bau_1010,durance2,B,branchie,Bau,Rosieres,Beaume,44.475,4.264,2015-07-22,2015,1010,Hy,Hy,quasi-pur,False,True,0.0001,0.375879,Ch,4,B02,B,02,2,2,
15Bau1018Ch05A__durance2,2015_Bau_1018,durance2,B,branchie,Bau,Rosieres,Beaume,44.475,4.264,2015-07-22,2015,1018,Pt,Pt,pur,True,True,0.0001,0.0420278,Ch,4,B03,B,03,3,3,
15Jus1001Ch05A__durance2,2015_Jus_1001,durance2,B,branchie,Jus,Saint-Just-d'Ardeche,Ardeche,44.286,4.597833,2015-07-21,2015,1001,Pt,Pt,pur,True,True,0.0001,0.0,Ch,4,B04,B,04,1,1,
15Jus1009Ch05A__durance2,2015_Jus_1009,durance2,B,branchie,Jus,Saint-Just-d'Ardeche,Ardeche,44.286,4.597833,2015-07-21,2015,1009,Hy,Hy,intermediaire,True,True,0.4761105,0.2859385,Ch,4,B05,B,05,2,2,
15Jus1017Ch05A__durance2,2015_Jus_1017,durance2,B,branchie,Jus,Saint-Just-d'Ardeche,Ardeche,44.286,4.597833,2015-07-21,2015,1017,Cn,Cn,pur,True,True,0.9999,0.022872000000000003,Ch,4,B06,B,06,3,3,
15Caa1006Ch05A__durance2,2015_Caa_1006,durance2,B,branchie,Caa,Canal (usine du Largue),Canal,43.853389,5.858444,2015-09-08,2015,1006,Hy,Hy,intermediaire,True,True,0.9211665,0.07827249999999997,Ch,4,B07,B,07,2,2,
15Caa1014Ch05A__durance2,2015_Caa_1014,durance2,B,branchie,Caa,Canal (usine du Largue),Canal,43.853389,5.858444,2015-09-08,2015,1014,Pt,Pt,pur,True,True,0.0001,0.008547260000000001,Ch,4,B08,B,08,3,3,
15Avi1002Cn05A__durance2,2015_Avi_1002,durance2,B,branchie,Avi,Avignon,Durance,43.913,4.820722,2014-07-17;2015-07-10,2015,1002,Hy,Hy,intermediaire,True,True,0.529004,0.06558199999999992,Cn,4,B09,B,09,3,3,
15Avi1010Cn05A__durance2,2015_Avi_1010,durance2,B,branchie,Avi,Avignon,Durance,43.913,4.820722,2014-07-17;2015-07-10,2015,1010,Cn,Cn,pur,True,True,0.9999,0.023951999999999973,Cn,4,B10,B,10,4,4,
15BUe1005Ch05A__durance2,2015_Bue_1005,durance2,B,branchie,Bue,Confluence Buech-Meouge,Buech,44.262,5.828,2014-07-03;2015-07-17,2015,1005,Hy,Hy,intermediaire,True,True,0.130852,0.06826000000000002,Ch,4,B11,B,11,5,5,
15BUe1013Ch05A__durance2,2015_Bue_1013,durance2,B,branchie,Bue,Confluence Buech-Meouge,Buech,44.262,5.828,2014-07-03;2015-07-17,2015,1013,Pt,Pt,pur,True,True,0.0001,0.0261861,Ch,4,B12,B,12,6,6,
15Bau1003Ch05A__durance2,2015_Bau_1003,durance2,B,branchie,Bau,Rosieres,Beaume,44.475,4.264,2015-07-22,2015,1003,Pt,Pt,pur,True,True,0.0001,0.0,Ch,4,C01,C,01,1,1,
15Bau1011Ch05A__durance2,2015_Bau_1011,durance2,B,branchie,Bau,Rosieres,Beaume,44.475,4.264,2015-07-22,2015,1011,Pt,Pt,pur,True,True,0.00156659,0.04267271,Ch,4,C02,C,02,2,2,
15Bau1019Ch05A__durance2,2015_Bau_1019,durance2,B,branchie,Bau,Rosieres,Beaume,44.475,4.264,2015-07-22,2015,1019,Hy,Pt,quasi-pur,False,True,0.0001,0.00373055,Ch,4,C03,C,03,3,3,
15Jus1002Ch05A__durance2,2015_Jus_1002,durance2,B,branchie,Jus,Saint-Just-d'Ardeche,Ardeche,44.286,4.597833,2015-07-21,2015,1002,Hy,Pt,quasi-pur,False,True,0.0001,0.034920799999999995,Ch,4,C04,C,04,1,1,
15Jus1010Ch05A__durance2,2015_Jus_1010,durance2,B,branchie,Jus,Saint-Just-d'Ardeche,Ardeche,44.286,4.597833,2015-07-21,2015,1010,Cn,Cn,pur,True,True,0.9999,0.04496900000000004,Ch,4,C05,C,05,2,2,
15Jus1018Ch05A__durance2,2015_Jus_1018,durance2,B,branchie,Jus,Saint-Just-d'Ardeche,Ardeche,44.286,4.597833,2015-07-21,2015,1018,Cn,Cn,pur,True,True,0.9970375,0.02751349999999997,Ch,4,C06,C,06,3,3,
15Caa1007Ch05A__durance2,2015_Caa_1007,durance2,B,branchie,Caa,Canal (usine du Largue),Canal,43.853389,5.858444,2015-09-08,2015,1007,Cn,Cn,pur,True,True,0.9847625,0.052702499999999985,Ch,4,C07,C,07,2,2,
15Caa1015Ch05A__durance2,2015_Caa_1015,durance2,B,branchie,Caa,Canal (usine du Largue),Canal,43.853389,5.858444,2015-09-08,2015,1015,Hy,Hy,intermediaire,True,True,0.7446605,0.20081149999999992,Ch,4,C08,C,08,3,3,
15Avi1003Cn05A__durance2,2015_Avi_1003,durance2,B,branchie,Avi,Avignon,Durance,43.913,4.820722,2014-07-17;2015-07-10,2015,1003,Cn,Cn,pur,True,True,0.9999,0.020881999999999956,Cn,4,C09,C,09,3,3,
15Avi1011Cn05A__durance2,2015_Avi_1011,durance2,B,branchie,Avi,Avignon,Durance,43.913,4.820722,2014-07-17;2015-07-10,2015,1011,Hy,Cn,quasi-pur,False,True,0.9999,0.05917300000000003,Cn,4,C10,C,10,4,4,
15BUe1006Ch05A__durance2,2015_Bue_1006,durance2,B,branchie,Bue,Confluence Buech-Meouge,Buech,44.262,5.828,2014-07-03;2015-07-17,2015,1006,Pt,Hy,pur,True,True,0.00753796,0.11408504,Ch,4,C11,C,11,5,5,
15BUe1014Ch05A__durance2,2015_Bue_1014,durance2,B,branchie,Bue,Confluence Buech-Meouge,Buech,44.262,5.828,2014-07-03;2015-07-17,2015,1014,Pt,Pt,pur,True,False,0.001654999999999962,0.0,Ch,4,C12,C,12,6,6,
15Bau1004Ch05A__durance2,2015_Bau_1004,durance2,B,branchie,Bau,Rosieres,Beaume,44.475,4.264,2015-07-22,2015,1004,Hy,Pt,quasi-pur,False,True,0.0001,0.07919129999999999,Ch,4,D01,D,01,1,1,
15Bau1012Ch05A__durance2,2015_Bau_1012,durance2,B,branchie,Bau,Rosieres,Beaume,44.475,4.264,2015-07-22,2015,1012,Pt,Pt,pur,True,True,0.0001,0.014222100000000001,Ch,4,D02,D,02,2,2,
15Bau1020Ch05A__durance2,2015_Bau_1020,durance2,B,branchie,Bau,Rosieres,Beaume,44.475,4.264,2015-07-22,2015,1020,Hy,Hy,quasi-pur,False,True,0.0001,0.206549,Ch,4,D03,D,03,3,3,
15Jus1003Ch05A__durance2,2015_Jus_1003,durance2,B,branchie,Jus,Saint-Just-d'Ardeche,Ardeche,44.286,4.597833,2015-07-21,2015,1003,Hy,Pt,quasi-pur,False,True,0.014152999999999999,0.0733562,Ch,4,D04,D,04,1,1,
15Jus1011Ch05A__durance2,2015_Jus_1011,durance2,B,branchie,Jus,Saint-Just-d'Ardeche,Ardeche,44.286,4.597833,2015-07-21,2015,1011,Cn,Hy,pur,True,True,0.9294205,0.06764250000000005,Ch,4,D05,D,05,2,2,
15Jus1019Ch05A__durance2,2015_Jus_1019,durance2,B,branchie,Jus,Saint-Just-d'Ardeche,Ardeche,44.286,4.597833,2015-07-21,2015,1019,Cn,Cn,pur,True,True,0.9999,0.043321000000000054,Ch,4,D06,D,06,3,3,
15Caa1008Ch05A__durance2,2015_Caa_1008,durance2,B,branchie,Caa,Canal (usine du Largue),Canal,43.853389,5.858444,2015-09-08,2015,1008,Hy,Hy,intermediaire,True,True,0.9208035,0.07993349999999999,Ch,4,D07,D,07,2,2,
15Caa1016Ch05A__durance2,2015_Caa_1016,durance2,B,branchie,Caa,Canal (usine du Largue),Canal,43.853389,5.858444,2015-09-08,2015,1016,Hy,Pt,quasi-pur,False,True,0.003348402,0.030516898,Ch,4,D08,D,08,3,3,
15Avi1004Cn05A__durance2,2015_Avi_1004,durance2,B,branchie,Avi,Avignon,Durance,43.913,4.820722,2014-07-17;2015-07-10,2015,1004,Cn,Cn,pur,True,True,0.9999,0.022290000000000032,Cn,4,D09,D,09,3,3,
15Avi1012Pt05A__durance2,2015_Avi_1012,durance2,B,branchie,Avi,Avignon,Durance,43.913,4.820722,2014-07-17;2015-07-10,2015,1012,Hy,Hy,quasi-pur,False,True,0.0001,0.39093300000000003,Pt,4,D10,D,10,4,4,
15BUe1007Ch05A__durance2,2015_Bue_1007,durance2,B,branchie,Bue,Confluence Buech-Meouge,Buech,44.262,5.828,2014-07-03;2015-07-17,2015,1007,Hy,Hy,intermediaire,True,True,0.220115,0.09282300000000002,Ch,4,D11,D,11,5,5,
15BUe1015Ch05A__durance2,2015_Bue_1015,durance2,B,branchie,Bue,Confluence Buech-Meouge,Buech,44.262,5.828,2014-07-03;2015-07-17,2015,1015,Pt,Pt,pur,True,True,0.0001,0.0178451,Ch,4,D12,D,12,6,6,
15Bau1005Ch05A__durance2,2015_Bau_1005,durance2,B,branchie,Bau,Rosieres,Beaume,44.475,4.264,2015-07-22,2015,1005,Pt,Pt,pur,True,True,0.004509865000000001,0.039507935,Ch,4,E01,E,01,1,1,
15Bau1013Ch05A__durance2,2015_Bau_1013,durance2,B,branchie,Bau,Rosieres,Beaume,44.475,4.264,2015-07-22,2015,1013,Pt,Pt,pur,True,True,0.0001,0.0409044,Ch,4,E02,E,02,2,2,
15Bau1021Ch05A__durance2,2015_Bau_1021,durance2,B,branchie,Bau,Rosieres,Beaume,44.475,4.264,2015-07-22,2015,1021,Hy,Pt,quasi-pur,False,True,0.0001,0.0344185,Ch,4,E03,E,03,3,3,
15Jus1004Ch05A__durance2,2015_Jus_1004,durance2,B,branchie,Jus,Saint-Just-d'Ardeche,Ardeche,44.286,4.597833,2015-07-21,2015,1004,Hy,Pt,quasi-pur,False,True,0.0001,0.008645690000000001,Ch,4,E04,E,04,1,1,
15Jus1012Ch05A__durance2,2015_Jus_1012,durance2,B,branchie,Jus,Saint-Just-d'Ardeche,Ardeche,44.286,4.597833,2015-07-21,2015,1012,Cn,Cn,pur,True,True,0.9999,0.02703500000000003,Ch,4,E05,E,05,2,2,
15Caa1001Ch05A__durance2,2015_Caa_1001,durance2,B,branchie,Caa,Canal (usine du Largue),Canal,43.853389,5.858444,2015-09-08,2015,1001,Cn,Cn,pur,True,True,0.947083,0.052817,Ch,4,E06,E,06,1,1,
15Caa1009Ch05A__durance2,2015_Caa_1009,durance2,B,branchie,Caa,Canal (usine du Largue),Canal,43.853389,5.858444,2015-09-08,2015,1009,Cn,Cn,pur,True,True,0.9999,0.03842699999999999,Ch,4,E07,E,07,2,2,
15Caa1017Ch05A__durance2,2015_Caa_1017,durance2,B,branchie,Caa,Canal (usine du Largue),Canal,43.853389,5.858444,2015-09-08,2015,1017,Hy,Hy,intermediaire,True,True,0.1006175,0.04702049999999999,Ch,4,E08,E,08,3,3,
15Avi1005Cn05A__durance2,2015_Avi_1005,durance2,B,branchie,Avi,Avignon,Durance,43.913,4.820722,2014-07-17;2015-07-10,2015,1005,Cn,Cn,pur,True,True,0.99929,0.06421699999999997,Cn,4,E09,E,09,3,3,
15Avi1013Pt05A__durance2,2015_Avi_1013,durance2,B,branchie,Avi,Avignon,Durance,43.913,4.820722,2014-07-17;2015-07-10,2015,1013,Hy,Hy,intermediaire,True,True,0.28511410000000004,0.33378589999999997,Pt,4,E10,E,10,4,4,
15BUe1008Ch05A__durance2,2015_Bue_1008,durance2,B,branchie,Bue,Confluence Buech-Meouge,Buech,44.262,5.828,2014-07-03;2015-07-17,2015,1008,Pt,Pt,pur,True,True,0.0001,0.00945818,Ch,4,E11,E,11,5,5,
15BUe1016Ch05A__durance2,2015_Bue_1016,durance2,B,branchie,Bue,Confluence Buech-Meouge,Buech,44.262,5.828,2014-07-03;2015-07-17,2015,1016,Hy,Hy,intermediaire,True,True,0.8887309999999999,0.15708699999999998,Ch,4,E12,E,12,6,6,
15Bau1006Ch05A__durance2,2015_Bau_1006,durance2,B,branchie,Bau,Rosieres,Beaume,44.475,4.264,2015-07-22,2015,1006,Hy,Hy,intermediaire,True,True,0.5132975,0.09612850000000006,Ch,4,F01,F,01,1,1,
15Bau1014Ch05A__durance2,2015_Bau_1014,durance2,B,branchie,Bau,Rosieres,Beaume,44.475,4.264,2015-07-22,2015,1014,Pt,Pt,pur,True,True,0.00344197,0.03864973,Ch,4,F02,F,02,2,2,
15Bau1022Ch05A__durance2,2015_Bau_1022,durance2,B,branchie,Bau,Rosieres,Beaume,44.475,4.264,2015-07-22,2015,1022,Pt,Pt,pur,True,True,0.026378,0.0396818,Ch,4,F03,F,03,3,3,
15Jus1005Ch05A__durance2,2015_Jus_1005,durance2,B,branchie,Jus,Saint-Just-d'Ardeche,Ardeche,44.286,4.597833,2015-07-21,2015,1005,Hy,Pt,quasi-pur,False,True,0.0001,0.0121084,Ch,4,F04,F,04,1,1,
15Jus1013Ch05A__durance2,2015_Jus_1013,durance2,B,branchie,Jus,Saint-Just-d'Ardeche,Ardeche,44.286,4.597833,2015-07-21,2015,1013,Cn,Cn,pur,True,True,0.9766085,0.10154149999999995,Ch,4,F05,F,05,2,2,
15Caa1002Ch05A__durance2,2015_Caa_1002,durance2,B,branchie,Caa,Canal (usine du Largue),Canal,43.853389,5.858444,2015-09-08,2015,1002,Cn,Cn,pur,True,True,0.9994325,0.1068714999999999,Ch,4,F06,F,06,1,1,
15Caa1010Ch05A__durance2,2015_Caa_1010,durance2,B,branchie,Caa,Canal (usine du Largue),Canal,43.853389,5.858444,2015-09-08,2015,1010,Cn,Cn,pur,True,True,0.9999,0.019187999999999983,Ch,4,F07,F,07,2,2,
15Caa1018Ch05A__durance2,2015_Caa_1018,durance2,B,branchie,Caa,Canal (usine du Largue),Canal,43.853389,5.858444,2015-09-08,2015,1018,Pt,Pt,pur,True,True,0.0001,0.0258486,Ch,4,F08,F,08,3,3,
15Avi1006Cn05A__durance2,2015_Avi_1006,durance2,B,branchie,Avi,Avignon,Durance,43.913,4.820722,2014-07-17;2015-07-10,2015,1006,Cn,Cn,pur,True,True,0.981626,0.024009999999999976,Cn,4,F09,F,09,3,3,
15Bue1001Ch05A__durance2,2015_Bue_1001,durance2,B,branchie,Bue,Confluence Buech-Meouge,Buech,44.262,5.828,2014-07-03;2015-07-17,2015,1001,Cn,Cn,pur,True,True,0.9999,0.05101900000000004,Ch,4,F10,F,10,4,4,
15BUe1009Ch05A__durance2,2015_Bue_1009,durance2,B,branchie,Bue,Confluence Buech-Meouge,Buech,44.262,5.828,2014-07-03;2015-07-17,2015,1009,Hy,Hy,intermediaire,True,True,0.9276935,0.1251184999999999,Ch,4,F11,F,11,5,5,
15BUe1017Ch05A__durance2,2015_Bue_1017,durance2,B,branchie,Bue,Confluence Buech-Meouge,Buech,44.262,5.828,2014-07-03;2015-07-17,2015,1017,Cn,Cn,pur,True,True,0.985546,0.08171899999999999,Ch,4,F12,F,12,6,6,
15Bau1007Ch05A__durance2,2015_Bau_1007,durance2,B,branchie,Bau,Rosieres,Beaume,44.475,4.264,2015-07-22,2015,1007,Pt,Pt,pur,True,True,0.0001,0.00827844,Ch,4,G01,G,01,1,1,
15Bau1015Ch05A__durance2,2015_Bau_1015,durance2,B,branchie,Bau,Rosieres,Beaume,44.475,4.264,2015-07-22,2015,1015,Pt,Pt,pur,True,True,0.0001,0.0171402,Ch,4,G02,G,02,2,2,
15Bau1023Ch05A__durance2,2015_Bau_1023,durance2,B,branchie,Bau,Rosieres,Beaume,44.475,4.264,2015-07-22,2015,1023,Pt,Pt,pur,True,True,0.0001,0.0,Ch,4,G03,G,03,3,3,
15Jus1006Ch05A__durance2,2015_Jus_1006,durance2,B,branchie,Jus,Saint-Just-d'Ardeche,Ardeche,44.286,4.597833,2015-07-21,2015,1006,Pt,Pt,pur,True,True,0.0001,0.0,Ch,4,G04,G,04,1,1,
15Jus1014Ch05A__durance2,2015_Jus_1014,durance2,B,branchie,Jus,Saint-Just-d'Ardeche,Ardeche,44.286,4.597833,2015-07-21,2015,1014,Cn,Cn,pur,True,True,0.9468705,0.05302950000000006,Ch,4,G05,G,05,2,2,
15Caa1003Ch05A__durance2,2015_Caa_1003,durance2,B,branchie,Caa,Canal (usine du Largue),Canal,43.853389,5.858444,2015-09-08,2015,1003,Cn,Cn,pur,True,True,0.9999,0.011297000000000001,Ch,4,G06,G,06,1,1,
15Caa1011Ch05A__durance2,2015_Caa_1011,durance2,B,branchie,Caa,Canal (usine du Largue),Canal,43.853389,5.858444,2015-09-08,2015,1011,Pt,Pt,pur,True,True,0.0001,0.0906421,Ch,4,G07,G,07,2,2,
15Caa1019Ch05A__durance2,2015_Caa_1019,durance2,B,branchie,Caa,Canal (usine du Largue),Canal,43.853389,5.858444,2015-09-08,2015,1019,Hy,Pt,quasi-pur,False,True,0.0001,0.007794419999999999,Ch,4,G08,G,08,3,3,
15Avi1007Cn05A__durance2,2015_Avi_1007,durance2,B,branchie,Avi,Avignon,Durance,43.913,4.820722,2014-07-17;2015-07-10,2015,1007,Cn,Cn,pur,True,True,0.9999,0.08638400000000002,Cn,4,G09,G,09,3,3,
15BUe1002Ch05A__durance2,2015_Bue_1002,durance2,B,branchie,Bue,Confluence Buech-Meouge,Buech,44.262,5.828,2014-07-03;2015-07-17,2015,1002,Cn,Cn,pur,True,True,0.9999,0.015835000000000043,Ch,4,G10,G,10,4,4,
15BUe1010Ch05A__durance2,2015_Bue_1010,durance2,B,branchie,Bue,Confluence Buech-Meouge,Buech,44.262,5.828,2014-07-03;2015-07-17,2015,1010,Hy,Hy,intermediaire,True,True,0.5373025,0.11367450000000001,Ch,4,G11,G,11,5,5,
15BUe1018Ch05A__durance2,2015_Bue_1018,durance2,B,branchie,Bue,Confluence Buech-Meouge,Buech,44.262,5.828,2014-07-03;2015-07-17,2015,1018,Hy,Hy,intermediaire,True,True,0.8807585,0.09011049999999998,Ch,4,G12,G,12,6,6,
15Bau1008Ch05A__durance2,2015_Bau_1008,durance2,B,branchie,Bau,Rosieres,Beaume,44.475,4.264,2015-07-22,2015,1008,Pt,Pt,pur,True,True,0.0001,0.039034,Ch,4,H01,H,01,1,1,
15Bau1016Ch05A__durance2,2015_Bau_1016,durance2,B,branchie,Bau,Rosieres,Beaume,44.475,4.264,2015-07-22,2015,1016,Hy,Hy,quasi-pur,False,True,0.02028617,0.44522083,Ch,4,H02,H,02,2,2,
15Bau1024Ch05A__durance2,2015_Bau_1024,durance2,B,branchie,Bau,Rosieres,Beaume,44.475,4.264,2015-07-22,2015,1024,Pt,Pt,pur,True,True,0.0001,0.0131795,Ch,4,H03,H,03,3,3,
15Jus1007Ch05A__durance2,2015_Jus_1007,durance2,B,branchie,Jus,Saint-Just-d'Ardeche,Ardeche,44.286,4.597833,2015-07-21,2015,1007,Pt,Pt,pur,True,True,0.0001,0.014199,Ch,4,H04,H,04,1,1,
15Jus1015Ch05A__durance2,2015_Jus_1015,durance2,B,branchie,Jus,Saint-Just-d'Ardeche,Ardeche,44.286,4.597833,2015-07-21,2015,1015,Cn,Cn,pur,True,True,0.9977965,0.050436499999999995,Ch,4,H05,H,05,2,2,
15Caa1004Ch05A__durance2,2015_Caa_1004,durance2,B,branchie,Caa,Canal (usine du Largue),Canal,43.853389,5.858444,2015-09-08,2015,1004,Cn,Cn,pur,True,True,0.9999,0.005790999999999991,Ch,4,H06,H,06,1,1,
15Caa1012Ch05A__durance2,2015_Caa_1012,durance2,B,branchie,Caa,Canal (usine du Largue),Canal,43.853389,5.858444,2015-09-08,2015,1012,Pt,Pt,pur,True,True,0.0001,0.0,Ch,4,H07,H,07,2,2,
15Caa1020Ch05A__durance2,2015_Caa_1020,durance2,B,branchie,Caa,Canal (usine du Largue),Canal,43.853389,5.858444,2015-09-08,2015,1020,Pt,Pt,pur,True,True,0.0001,0.0260511,Ch,4,H08,H,08,3,3,
15Avi1008Cn05A__durance2,2015_Avi_1008,durance2,B,branchie,Avi,Avignon,Durance,43.913,4.820722,2014-07-17;2015-07-10,2015,1008,Cn,Cn,pur,True,True,0.9999,0.01104000000000005,Cn,4,H09,H,09,3,3,
15BUe1003Ch05A__durance2,2015_Bue_1003,durance2,B,branchie,Bue,Confluence Buech-Meouge,Buech,44.262,5.828,2014-07-03;2015-07-17,2015,1003,Cn,Cn,pur,True,True,0.9999,0.015947000000000044,Ch,4,H10,H,10,4,4,
15BUe1011Ch05A__durance2,2015_Bue_1011,durance2,B,branchie,Bue,Confluence Buech-Meouge,Buech,44.262,5.828,2014-07-03;2015-07-17,2015,1011,Hy,Hy,intermediaire,True,True,0.7010149999999999,0.10766600000000004,Ch,4,H11,H,11,5,5,
14Ain1001Cn03A__durance2,2014_Ain_1001,durance2,B,hindgut,Ain,Pont-d'Ain,Suran,46.048,5.324,2014-08-12,2014,1001,Cn,Cn,pur,True,True,0.9999,0.02987200000000001,Cn,5,A01,A,01,1,1,
14Ain1038Pt03A__durance2,2014_Ain_1038,durance2,B,hindgut,Ain,Chavannes-sur-Suran,Suran,46.264389,5.429444,2014-08-12,2014,1038,Pt,Pt,pur,True,True,0.0001,0.0105608,Pt,5,A02,A,02,2,2,
15Cab1003Ch03A__durance2,2015_Cab_1003,durance2,B,hindgut,Cab,Pont-d'Ain,Suran,46.048,5.324,2015-08-26,2015,1003,Cn,Cn,pur,True,True,0.9790135,0.04033549999999997,Ch,5,A03,A,03,2,3,
15Cab1011Ch03A__durance2,2015_Cab_1011,durance2,B,hindgut,Cab,Chavannes-sur-Suran,Suran,46.264389,5.429444,2015-08-26,2015,1011,Pt,Pt,pur,True,False,0.00042399999999997995,0.0,Ch,5,A04,A,04,3,4,
15Cab1019Ch03A__durance2,2015_Cab_1019,durance2,B,hindgut,Cab,Chavannes-sur-Suran,Suran,46.264389,5.429444,2015-08-26,2015,1019,Pt,Pt,pur,True,True,0.0001,0.0,Ch,5,A05,A,05,4,5,
14Avi1008Cn03A__durance2,2014_Avi_1008,durance2,B,hindgut,Avi,Avignon,Durance,43.913,4.820722,2014-07-17;2015-07-10,2014,1008,Cn,Cn,pur,True,True,0.9790425,0.04159250000000003,Cn,5,A06,A,06,2,2,
14Bue1005Cn03A__durance2,2014_Bue_1005,durance2,B,hindgut,Bue,Confluence Buech-Meouge,Buech,44.262,5.828,2014-07-03;2015-07-17,2014,1005,Cn,Cn,pur,True,True,0.996529,0.015122999999999998,Cn,5,A07,A,07,2,2,
14Bue1015Ch03A__durance2,2014_Bue_1015,durance2,B,hindgut,Bue,Confluence Buech-Meouge,Buech,44.262,5.828,2014-07-03;2015-07-17,2014,1015,Pt,Pt,pur,True,True,0.0001,0.027206,Ch,5,A08,A,08,3,3,
14Man1011Ch03A__durance2,2014_Man_1011,durance2,B,hindgut,Man,Manosque-Oraison,Durance,43.919667,5.896278,2014-07-23,2014,1011,Hy,Pt,quasi-pur,False,True,0.0001,0.0034689200000000003,Ch,5,A09,A,09,2,2,
14Man1019Ch03A__durance2,2014_Man_1019,durance2,B,hindgut,Man,Manosque-Oraison,Durance,43.919667,5.896278,2014-07-23,2014,1019,Pt,Pt,pur,True,True,0.0001,0.00794395,Ch,5,A10,A,10,3,3,
14Per2011Ch03A__durance2,2014_Per_2011,durance2,B,hindgut,Per,Pertuis,Durance,43.668139,5.493,2014-07-07;2014-08-20,2014,2011,Pt,Pt,pur,True,True,0.0001,0.0198136,Ch,5,A11,A,11,2,2,
14Per2011Ch03A-bis__durance2,2014_Per_2011,durance2,B,hindgut,Per,Pertuis,Durance,43.668139,5.493,2014-07-07;2014-08-20,2014,2011,Pt,Pt,pur,True,True,0.0001,0.0198136,Ch,5,A12,A,12,3,3,
14Ain1002Cn03A__durance2,2014_Ain_1002,durance2,B,hindgut,Ain,Pont-d'Ain,Suran,46.048,5.324,2014-08-12,2014,1002,Cn,Cn,pur,True,True,0.9999,0.027077000000000018,Cn,5,B01,B,01,1,1,
14Ain1039Pt03A__durance2,2014_Ain_1039,durance2,B,hindgut,Ain,Chavannes-sur-Suran,Suran,46.264389,5.429444,2014-08-12,2014,1039,Pt,Pt,pur,True,True,0.0001,0.0118913,Pt,5,B02,B,02,2,2,
15Cab1004Ch03A__durance2,2015_Cab_1004,durance2,B,hindgut,Cab,Pont-d'Ain,Suran,46.048,5.324,2015-08-26,2015,1004,Cn,Cn,pur,True,True,0.9916195,0.051615500000000036,Ch,5,B03,B,03,2,3,
15Cab1012Ch03A__durance2,2015_Cab_1012,durance2,B,hindgut,Cab,Chavannes-sur-Suran,Suran,46.264389,5.429444,2015-08-26,2015,1012,Pt,Pt,pur,True,True,0.0001,0.0024834600000000003,Ch,5,B04,B,04,3,4,
14Avi1001Cn03A__durance2,2014_Avi_1001,durance2,B,hindgut,Avi,Avignon,Durance,43.913,4.820722,2014-07-17;2015-07-10,2014,1001,Cn,Cn,pur,True,True,0.9999,0.014294000000000029,Cn,5,B05,B,05,1,1,
14Avi1036-Cn03A__durance2,2014_Avi_1036,durance2,B,hindgut,Avi,Avignon,Durance,43.913,4.820722,2014-07-17;2015-07-10,2014,1036,Cn,Cn,pur,True,True,0.9999,0.025182000000000038,Cn,5,B06,B,06,2,2,
14Bue1006Cn03A__durance2,2014_Bue_1006,durance2,B,hindgut,Bue,Confluence Buech-Meouge,Buech,44.262,5.828,2014-07-03;2015-07-17,2014,1006,Hy,Hy,intermediaire,True,True,0.9466924999999999,0.09561849999999994,Cn,5,B07,B,07,2,2,
14Bue1016Ch03A__durance2,2014_Bue_1016,durance2,B,hindgut,Bue,Confluence Buech-Meouge,Buech,44.262,5.828,2014-07-03;2015-07-17,2014,1016,Hy,Pt,quasi-pur,False,True,0.0001,0.025033800000000002,Ch,5,B08,B,08,3,3,
14Man1012Ch03A__durance2,2014_Man_1012,durance2,B,hindgut,Man,Manosque-Oraison,Durance,43.919667,5.896278,2014-07-23,2014,1012,Pt,Pt,pur,True,True,0.0001,0.00126172,Ch,5,B09,B,09,2,2,
14Man1020Ch03A__durance2,2014_Man_1020,durance2,B,hindgut,Man,Manosque-Oraison,Durance,43.919667,5.896278,2014-07-23,2014,1020,Hy,Pt,quasi-pur,False,True,0.0001,0.00115361,Ch,5,B10,B,10,3,3,
14Per2012Ch03A__durance2,2014_Per_2012,durance2,B,hindgut,Per,Pertuis,Durance,43.668139,5.493,2014-07-07;2014-08-20,2014,2012,Pt,Pt,pur,True,True,0.0001,0.0,Ch,5,B11,B,11,2,2,
14Per2012Ch03A-bis__durance2,2014_Per_2012,durance2,B,hindgut,Per,Pertuis,Durance,43.668139,5.493,2014-07-07;2014-08-20,2014,2012,Pt,Pt,pur,True,True,0.0001,0.0,Ch,5,B12,B,12,3,3,
14Ain1011Pt03A__durance2,2014_Ain_1011,durance2,B,hindgut,Ain,Chavannes-sur-Suran,Suran,46.264389,5.429444,2014-08-12,2014,1011,Pt,Pt,pur,True,True,0.0001,0.00132522,Pt,5,C01,C,01,1,1,
14Ain1040Pt03A__durance2,2014_Ain_1040,durance2,B,hindgut,Ain,Chavannes-sur-Suran,Suran,46.264389,5.429444,2014-08-12,2014,1040,Pt,Pt,pur,True,True,0.0001,0.029344600000000002,Pt,5,C02,C,02,2,2,
15Cab1005Ch03A__durance2,2015_Cab_1005,durance2,B,hindgut,Cab,Pont-d'Ain,Suran,46.048,5.324,2015-08-26,2015,1005,Cn,Cn,pur,True,True,0.9999,0.04226799999999997,Ch,5,C03,C,03,2,3,
15Cab1013Ch03A__durance2,2015_Cab_1013,durance2,B,hindgut,Cab,Chavannes-sur-Suran,Suran,46.264389,5.429444,2015-08-26,2015,1013,Pt,Pt,pur,True,True,0.0001,0.0639904,Ch,5,C04,C,04,3,4,
14Avi1002Cn03A__durance2,2014_Avi_1002,durance2,B,hindgut,Avi,Avignon,Durance,43.913,4.820722,2014-07-17;2015-07-10,2014,1002,Cn,Cn,pur,True,True,0.9999,0.01569799999999999,Cn,5,C05,C,05,1,1,
14Avi1037Cn03A__durance2,2014_Avi_1037,durance2,B,hindgut,Avi,Avignon,Durance,43.913,4.820722,2014-07-17;2015-07-10,2014,1037,Cn,Cn,pur,True,True,0.9999,0.114066,Cn,5,C06,C,06,2,2,
14Bue1007Cn03A__durance2,2014_Bue_1007,durance2,B,hindgut,Bue,Confluence Buech-Meouge,Buech,44.262,5.828,2014-07-03;2015-07-17,2014,1007,Cn,Cn,pur,True,True,0.9999,0.013390000000000013,Cn,5,C07,C,07,2,2,
14Bue1017Ch03A__durance2,2014_Bue_1017,durance2,B,hindgut,Bue,Confluence Buech-Meouge,Buech,44.262,5.828,2014-07-03;2015-07-17,2014,1017,Pt,Pt,pur,True,True,0.0001,0.0436135,Ch,5,C08,C,08,3,3,
14Man1013Ch03A__durance2,2014_Man_1013,durance2,B,hindgut,Man,Manosque-Oraison,Durance,43.919667,5.896278,2014-07-23,2014,1013,Pt,Pt,pur,True,True,0.0001,0.0236388,Ch,5,C09,C,09,2,2,
14Man1021Ch03A__durance2,2014_Man_1021,durance2,B,hindgut,Man,Manosque-Oraison,Durance,43.919667,5.896278,2014-07-23,2014,1021,Hy,Hy,intermediaire,True,True,0.2179825,0.1247321,Ch,5,C10,C,10,3,3,
14Per2013Ch03A__durance2,2014_Per_2013,durance2,B,hindgut,Per,Pertuis,Durance,43.668139,5.493,2014-07-07;2014-08-20,2014,2013,Hy,Hy,intermediaire,True,True,0.2097815,0.1761465,Ch,5,C11,C,11,2,2,
14Ain1012Pt03A__durance2,2014_Ain_1012,durance2,B,hindgut,Ain,Chavannes-sur-Suran,Suran,46.264389,5.429444,2014-08-12,2014,1012,Pt,Pt,pur,True,True,0.0001,0.034025599999999996,Pt,5,D01,D,01,1,1,
14Ain1041Pt03A__durance2,2014_Ain_1041,durance2,B,hindgut,Ain,Chavannes-sur-Suran,Suran,46.264389,5.429444,2014-08-12,2014,1041,Pt,Pt,pur,True,True,0.0001,0.0032175100000000002,Pt,5,D02,D,02,2,2,
15Cab1006Ch03A__durance2,2015_Cab_1006,durance2,B,hindgut,Cab,Pont-d'Ain,Suran,46.048,5.324,2015-08-26,2015,1006,Cn,Cn,pur,True,True,0.9676345,0.0767025,Ch,5,D03,D,03,2,3,
15Cab1014Ch03A__durance2,2015_Cab_1014,durance2,B,hindgut,Cab,Chavannes-sur-Suran,Suran,46.264389,5.429444,2015-08-26,2015,1014,Pt,Pt,pur,True,True,0.0001,0.0,Ch,5,D04,D,04,3,4,
14Avi1003Cn03A__durance2,2014_Avi_1003,durance2,B,hindgut,Avi,Avignon,Durance,43.913,4.820722,2014-07-17;2015-07-10,2014,1003,Cn,Cn,pur,True,True,0.9999,0.002593999999999985,Cn,5,D05,D,05,1,1,
14Avi1038Cn03A__durance2,2014_Avi_1038,durance2,B,hindgut,Avi,Avignon,Durance,43.913,4.820722,2014-07-17;2015-07-10,2014,1038,Cn,Cn,pur,True,True,0.9999,0.017442999999999986,Cn,5,D06,D,06,2,2,
14Bue1008Cn03A__durance2,2014_Bue_1008,durance2,B,hindgut,Bue,Confluence Buech-Meouge,Buech,44.262,5.828,2014-07-03;2015-07-17,2014,1008,Cn,Cn,pur,True,True,0.9999,0.019206999999999974,Cn,5,D07,D,07,2,2,
14Bue1018Ch03A__durance2,2014_Bue_1018,durance2,B,hindgut,Bue,Confluence Buech-Meouge,Buech,44.262,5.828,2014-07-03;2015-07-17,2014,1018,Pt,Pt,pur,True,True,0.0001,0.009559940000000001,Ch,5,D08,D,08,3,3,
14Man1014Ch03A__durance2,2014_Man_1014,durance2,B,hindgut,Man,Manosque-Oraison,Durance,43.919667,5.896278,2014-07-23,2014,1014,Pt,Pt,pur,True,True,0.0001,0.0023953100000000003,Ch,5,D09,D,09,2,2,
14Man1022Ch03A__durance2,2014_Man_1022,durance2,B,hindgut,Man,Manosque-Oraison,Durance,43.919667,5.896278,2014-07-23,2014,1022,Pt,Pt,pur,True,True,0.0001,0.010545200000000001,Ch,5,D10,D,10,3,3,
14Per2014Ch03A__durance2,2014_Per_2014,durance2,B,hindgut,Per,Pertuis,Durance,43.668139,5.493,2014-07-07;2014-08-20,2014,2014,Pt,Pt,pur,True,True,0.0001,0.0,Ch,5,D11,D,11,2,2,
14Ain1013Pt03A__durance2,2014_Ain_1013,durance2,B,hindgut,Ain,Chavannes-sur-Suran,Suran,46.264389,5.429444,2014-08-12,2014,1013,Pt,Pt,pur,True,True,0.0001,0.0099728,Pt,5,E01,E,01,1,1,
14Ain1042Pt03A__durance2,2014_Ain_1042,durance2,B,hindgut,Ain,Chavannes-sur-Suran,Suran,46.264389,5.429444,2014-08-12,2014,1042,Pt,Pt,pur,True,True,0.0001,0.0252761,Pt,5,E02,E,02,2,2,
15Cab1007Ch03A__durance2,2015_Cab_1007,durance2,B,hindgut,Cab,Pont-d'Ain,Suran,46.048,5.324,2015-08-26,2015,1007,Cn,Cn,pur,True,True,0.986855,0.040076,Ch,5,E03,E,03,2,3,
15Cab1015Ch03A__durance2,2015_Cab_1015,durance2,B,hindgut,Cab,Chavannes-sur-Suran,Suran,46.264389,5.429444,2015-08-26,2015,1015,Pt,Pt,pur,True,True,0.0001,0.0122371,Ch,5,E04,E,04,3,4,
14Avi1004Cn03A__durance2,2014_Avi_1004,durance2,B,hindgut,Avi,Avignon,Durance,43.913,4.820722,2014-07-17;2015-07-10,2014,1004,Cn,Cn,pur,True,True,0.9999,0.01977300000000004,Cn,5,E05,E,05,1,1,
14Bue1001Cn03A__durance2,2014_Bue_1001,durance2,B,hindgut,Bue,Confluence Buech-Meouge,Buech,44.262,5.828,2014-07-03;2015-07-17,2014,1001,Cn,Cn,pur,True,False,0.9878026,0.0,Cn,5,E06,E,06,1,1,
14Bue1011Ch03A__durance2,2014_Bue_1011,durance2,B,hindgut,Bue,Confluence Buech-Meouge,Buech,44.262,5.828,2014-07-03;2015-07-17,2014,1011,Pt,Pt,pur,True,True,0.0001,0.0232161,Ch,5,E07,E,07,2,2,
14Bue1019Ch03A__durance2,2014_Bue_1019,durance2,B,hindgut,Bue,Confluence Buech-Meouge,Buech,44.262,5.828,2014-07-03;2015-07-17,2014,1019,Pt,Pt,pur,True,True,0.0001,0.0,Ch,5,E08,E,08,3,3,
14Man1015Ch03A__durance2,2014_Man_1015,durance2,B,hindgut,Man,Manosque-Oraison,Durance,43.919667,5.896278,2014-07-23,2014,1015,Pt,Pt,pur,True,True,0.0001,0.0,Ch,5,E09,E,09,2,2,
14Per1011Ch03A__durance2,2014_Per_1011,durance2,B,hindgut,Per,Pertuis,Durance,43.668139,5.493,2014-07-07;2014-08-20,2014,1011,Pt,Pt,pur,True,True,0.0001,0.01805,Ch,5,E10,E,10,1,1,
15Per2015Ch03A__durance2,2014_Per_2015,durance2,B,hindgut,Per,Pertuis,Durance,43.668139,5.493,2014-07-07;2014-08-20,2014,2015,Pt,Pt,pur,True,True,0.0001,0.0,Ch,5,E11,E,11,2,2,
14Ain1014Pt03A__durance2,2014_Ain_1014,durance2,B,hindgut,Ain,Chavannes-sur-Suran,Suran,46.264389,5.429444,2014-08-12,2014,1014,Pt,Pt,pur,True,True,0.0001,0.0193883,Pt,5,F01,F,01,1,1,
14Ain1043Pt03A__durance2,2014_Ain_1043,durance2,B,hindgut,Ain,Chavannes-sur-Suran,Suran,46.264389,5.429444,2014-08-12,2014,1043,Pt,Pt,pur,True,True,0.0001,0.0059209399999999995,Pt,5,F02,F,02,2,2,
15Cab1008Ch03A__durance2,2015_Cab_1008,durance2,B,hindgut,Cab,Pont-d'Ain,Suran,46.048,5.324,2015-08-26,2015,1008,Cn,Cn,pur,True,True,0.997914,0.01697700000000002,Ch,5,F03,F,03,2,3,
15Cab1016Ch03A__durance2,2015_Cab_1016,durance2,B,hindgut,Cab,Chavannes-sur-Suran,Suran,46.264389,5.429444,2015-08-26,2015,1016,Pt,Pt,pur,True,True,0.0001,0.00194113,Ch,5,F04,F,04,3,4,
14Avi1005Cn03A__durance2,2014_Avi_1005,durance2,B,hindgut,Avi,Avignon,Durance,43.913,4.820722,2014-07-17;2015-07-10,2014,1005,Cn,Cn,pur,True,True,0.9999,0.08110799999999996,Cn,5,F05,F,05,1,1,
14Bue1002Cn03A__durance2,2014_Bue_1002,durance2,B,hindgut,Bue,Confluence Buech-Meouge,Buech,44.262,5.828,2014-07-03;2015-07-17,2014,1002,Cn,Cn,pur,True,False,0.989712,0.0,Cn,5,F06,F,06,1,1,
14Bue1012Ch03A__durance2,2014_Bue_1012,durance2,B,hindgut,Bue,Confluence Buech-Meouge,Buech,44.262,5.828,2014-07-03;2015-07-17,2014,1012,Pt,Pt,pur,True,True,0.0001,0.0,Ch,5,F07,F,07,2,2,
14Man1001Cn03A__durance2,2014_Man_1001,durance2,B,hindgut,Man,Manosque-Oraison,Durance,43.919667,5.896278,2014-07-23,2014,1001,Pt,Pt,pur,True,True,0.0001,0.0031458500000000004,Cn,5,F08,F,08,1,1,
14Man1016Ch03A__durance2,2014_Man_1016,durance2,B,hindgut,Man,Manosque-Oraison,Durance,43.919667,5.896278,2014-07-23,2014,1016,Pt,Pt,pur,True,True,0.0001,0.00548115,Ch,5,F09,F,09,2,2,
14Per1012Ch03A__durance2,2014_Per_1012,durance2,B,hindgut,Per,Pertuis,Durance,43.668139,5.493,2014-07-07;2014-08-20,2014,1012,Pt,Pt,pur,True,True,0.0001,0.00345481,Ch,5,F10,F,10,1,1,
14Ain1036Cn03A__durance2,2014_Ain_1036,durance2,B,hindgut,Ain,Pont-d'Ain,Suran,46.048,5.324,2014-08-12,2014,1036,Cn,Cn,pur,True,True,0.9634205,0.05584849999999997,Cn,5,G01,G,01,1,1,
15Cab1001Ch03A__durance2,2015_Cab_1001,durance2,B,hindgut,Cab,Pont-d'Ain,Suran,46.048,5.324,2015-08-26,2015,1001,Cn,Cn,pur,True,True,0.9999,0.07011200000000006,Ch,5,G02,G,02,1,2,
15Cab1009Ch03A__durance2,2015_Cab_1009,durance2,B,hindgut,Cab,Pont-d'Ain,Suran,46.048,5.324,2015-08-26,2015,1009,Hy,Hy,intermediaire,True,True,0.8998935,0.13065250000000006,Ch,5,G03,G,03,2,3,
15Cab1017Ch03A__durance2,2015_Cab_1017,durance2,B,hindgut,Cab,Chavannes-sur-Suran,Suran,46.264389,5.429444,2015-08-26,2015,1017,Pt,Pt,pur,True,True,0.0001,0.0135881,Ch,5,G04,G,04,3,4,
14Avi1006Cn03A__durance2,2014_Avi_1006,durance2,B,hindgut,Avi,Avignon,Durance,43.913,4.820722,2014-07-17;2015-07-10,2014,1006,Cn,Cn,pur,True,True,0.9999,0.03937199999999996,Cn,5,G05,G,05,1,1,
14Bue1003Cn03A__durance2,2014_Bue_1003,durance2,B,hindgut,Bue,Confluence Buech-Meouge,Buech,44.262,5.828,2014-07-03;2015-07-17,2014,1003,Cn,Cn,pur,True,True,0.9999,0.05878899999999998,Cn,5,G06,G,06,1,1,
14Bue1013Ch03A__durance2,2014_Bue_1013,durance2,B,hindgut,Bue,Confluence Buech-Meouge,Buech,44.262,5.828,2014-07-03;2015-07-17,2014,1013,Pt,Pt,pur,True,True,0.0001,0.023389300000000002,Ch,5,G07,G,07,2,2,
14Man1002Cn03A__durance2,2014_Man_1002,durance2,B,hindgut,Man,Manosque-Oraison,Durance,43.919667,5.896278,2014-07-23,2014,1002,Hy,Hy,quasi-pur,False,True,0.0001,0.366158,Cn,5,G08,G,08,1,1,
14Man1017Ch03A__durance2,2014_Man_1017,durance2,B,hindgut,Man,Manosque-Oraison,Durance,43.919667,5.896278,2014-07-23,2014,1017,Pt,Pt,pur,True,True,0.0001,0.0,Ch,5,G09,G,09,2,2,
14Per1013Ch03A__durance2,2014_Per_1013,durance2,B,hindgut,Per,Pertuis,Durance,43.668139,5.493,2014-07-07;2014-08-20,2014,1013,Pt,Pt,pur,True,True,0.0001,0.0,Ch,5,G10,G,10,1,1,
14Ain1037Cn03A__durance2,2014_Ain_1037,durance2,B,hindgut,Ain,Pont-d'Ain,Suran,46.048,5.324,2014-08-12,2014,1037,Cn,Cn,pur,True,True,0.9999,0.021923000000000026,Cn,5,H01,H,01,1,1,
15Cab1002Ch03A__durance2,2015_Cab_1002,durance2,B,hindgut,Cab,Pont-d'Ain,Suran,46.048,5.324,2015-08-26,2015,1002,Cn,Cn,pur,True,True,0.9624035,0.043770499999999934,Ch,5,H02,H,02,1,2,
15Cab1010Ch03A__durance2,2015_Cab_1010,durance2,B,hindgut,Cab,Pont-d'Ain,Suran,46.048,5.324,2015-08-26,2015,1010,Hy,Hy,intermediaire,True,True,0.759876,0.07340000000000002,Ch,5,H03,H,03,2,3,
15Cab1018Ch03A__durance2,2015_Cab_1018,durance2,B,hindgut,Cab,Chavannes-sur-Suran,Suran,46.264389,5.429444,2015-08-26,2015,1018,Pt,Pt,pur,True,True,0.0001,0.018595900000000002,Ch,5,H04,H,04,3,4,
14Avi1007Cn03A__durance2,2014_Avi_1007,durance2,B,hindgut,Avi,Avignon,Durance,43.913,4.820722,2014-07-17;2015-07-10,2014,1007,Cn,Cn,pur,True,True,0.9999,0.010548000000000002,Cn,5,H05,H,05,1,1,
14Bue1004Cn03A__durance2,2014_Bue_1004,durance2,B,hindgut,Bue,Confluence Buech-Meouge,Buech,44.262,5.828,2014-07-03;2015-07-17,2014,1004,Cn,Cn,pur,True,True,0.9999,0.01164900000000002,Cn,5,H06,H,06,1,1,
14Bue1014Ch03A__durance2,2014_Bue_1014,durance2,B,hindgut,Bue,Confluence Buech-Meouge,Buech,44.262,5.828,2014-07-03;2015-07-17,2014,1014,Pt,Pt,pur,True,True,0.00459266,0.015245940000000001,Ch,5,H07,H,07,2,2,
14Man1010Cn03A__durance2,2014_Man_1010,durance2,B,hindgut,Man,Manosque-Oraison,Durance,43.919667,5.896278,2014-07-23,2014,1010,Hy,Pt,quasi-pur,False,True,0.0001,0.0,Cn,5,H08,H,08,1,1,
14Man1018Ch03A__durance2,2014_Man_1018,durance2,B,hindgut,Man,Manosque-Oraison,Durance,43.919667,5.896278,2014-07-23,2014,1018,Pt,Pt,pur,True,True,0.0001,0.0202354,Ch,5,H09,H,09,2,2,
14Per1014Ch03A__durance2,2014_Per_1014,durance2,B,hindgut,Per,Pertuis,Durance,43.668139,5.493,2014-07-07;2014-08-20,2014,1014,Pt,Pt,pur,True,True,0.0001,0.006368319999999999,Ch,5,H10,H,10,1,1,
15Bau1001Ch03A__durance2,2015_Bau_1001,durance2,B,hindgut,Bau,Rosieres,Beaume,44.475,4.264,2015-07-22,2015,1001,Pt,Pt,pur,True,True,0.0001,0.0011884,Ch,6,A01,A,01,1,1,
15Bau1009Ch03A__durance2,2015_Bau_1009,durance2,B,hindgut,Bau,Rosieres,Beaume,44.475,4.264,2015-07-22,2015,1009,Pt,Pt,pur,True,True,0.0001,0.0190407,Ch,6,A02,A,02,2,2,
15Bau1017Ch03A__durance2,2015_Bau_1017,durance2,B,hindgut,Bau,Rosieres,Beaume,44.475,4.264,2015-07-22,2015,1017,Pt,Pt,pur,True,True,0.01931,0.026522699999999996,Ch,6,A03,A,03,3,3,
15Bau1025Ch03A__durance2,2015_Bau_1025,durance2,B,hindgut,Bau,Rosieres,Beaume,44.475,4.264,2015-07-22,2015,1025,Pt,Pt,pur,True,True,0.019029945,0.066665255,Ch,6,A04,A,04,4,4,
15Jus1008Ch03A__durance2,2015_Jus_1008,durance2,B,hindgut,Jus,Saint-Just-d'Ardeche,Ardeche,44.286,4.597833,2015-07-21,2015,1008,Pt,Pt,pur,True,False,0.045518999999999976,0.01,Ch,6,A05,A,05,2,2,
15Jus1016Ch03A__durance2,2015_Jus_1016,durance2,B,hindgut,Jus,Saint-Just-d'Ardeche,Ardeche,44.286,4.597833,2015-07-21,2015,1016,Hy,Hy,quasi-pur,False,True,0.9999,0.23044900000000001,Ch,6,A06,A,06,3,3,
15Caa1005Ch03A__durance2,2015_Caa_1005,durance2,B,hindgut,Caa,Canal (usine du Largue),Canal,43.853389,5.858444,2015-09-08,2015,1005,Cn,Cn,pur,True,True,0.9999,0.031225000000000058,Ch,6,A07,A,07,2,2,
15Caa1013Ch03A__durance2,2015_Caa_1013,durance2,B,hindgut,Caa,Canal (usine du Largue),Canal,43.853389,5.858444,2015-09-08,2015,1013,Pt,Pt,pur,True,True,0.0001,0.0214899,Ch,6,A08,A,08,3,3,
15Avi1001Cn03A__durance2,2015_Avi_1001,durance2,B,hindgut,Avi,Avignon,Durance,43.913,4.820722,2014-07-17;2015-07-10,2015,1001,Hy,Hy,quasi-pur,False,True,0.9999,0.36144699999999996,Cn,6,A09,A,09,3,3,
15Avi1009Cn03A__durance2,2015_Avi_1009,durance2,B,hindgut,Avi,Avignon,Durance,43.913,4.820722,2014-07-17;2015-07-10,2015,1009,Cn,Cn,pur,True,True,0.9999,0.06070900000000001,Cn,6,A10,A,10,4,4,
15Bue1004Ch03A__durance2,2015_Bue_1004,durance2,B,hindgut,Bue,Confluence Buech-Meouge,Buech,44.262,5.828,2014-07-03;2015-07-17,2015,1004,Pt,Pt,pur,True,True,0.0001,0.0,Ch,6,A11,A,11,5,5,
15Bue1012Ch03A__durance2,2015_Bue_1012,durance2,B,hindgut,Bue,Confluence Buech-Meouge,Buech,44.262,5.828,2014-07-03;2015-07-17,2015,1012,Hy,Hy,quasi-pur,False,True,0.0001,0.393005,Ch,6,A12,A,12,6,6,
15Bau1002Ch03A__durance2,2015_Bau_1002,durance2,B,hindgut,Bau,Rosieres,Beaume,44.475,4.264,2015-07-22,2015,1002,Pt,Pt,pur,True,True,0.0001,0.00046527,Ch,6,B01,B,01,1,1,
15Bau1010Ch03A__durance2,2015_Bau_1010,durance2,B,hindgut,Bau,Rosieres,Beaume,44.475,4.264,2015-07-22,2015,1010,Hy,Hy,quasi-pur,False,True,0.0001,0.375879,Ch,6,B02,B,02,2,2,
15Bau1018Ch03A__durance2,2015_Bau_1018,durance2,B,hindgut,Bau,Rosieres,Beaume,44.475,4.264,2015-07-22,2015,1018,Pt,Pt,pur,True,True,0.0001,0.0420278,Ch,6,B03,B,03,3,3,
15Jus1001Ch03A__durance2,2015_Jus_1001,durance2,B,hindgut,Jus,Saint-Just-d'Ardeche,Ardeche,44.286,4.597833,2015-07-21,2015,1001,Pt,Pt,pur,True,True,0.0001,0.0,Ch,6,B04,B,04,1,1,
15Jus1009Ch03A__durance2,2015_Jus_1009,durance2,B,hindgut,Jus,Saint-Just-d'Ardeche,Ardeche,44.286,4.597833,2015-07-21,2015,1009,Hy,Hy,intermediaire,True,True,0.4761105,0.2859385,Ch,6,B05,B,05,2,2,
15Jus1017Ch03A__durance2,2015_Jus_1017,durance2,B,hindgut,Jus,Saint-Just-d'Ardeche,Ardeche,44.286,4.597833,2015-07-21,2015,1017,Cn,Cn,pur,True,True,0.9999,0.022872000000000003,Ch,6,B06,B,06,3,3,
15Caa1006Ch03A__durance2,2015_Caa_1006,durance2,B,hindgut,Caa,Canal (usine du Largue),Canal,43.853389,5.858444,2015-09-08,2015,1006,Hy,Hy,intermediaire,True,True,0.9211665,0.07827249999999997,Ch,6,B07,B,07,2,2,
15Caa1014Ch03A__durance2,2015_Caa_1014,durance2,B,hindgut,Caa,Canal (usine du Largue),Canal,43.853389,5.858444,2015-09-08,2015,1014,Pt,Pt,pur,True,True,0.0001,0.008547260000000001,Ch,6,B08,B,08,3,3,
15Avi1002Cn03A__durance2,2015_Avi_1002,durance2,B,hindgut,Avi,Avignon,Durance,43.913,4.820722,2014-07-17;2015-07-10,2015,1002,Hy,Hy,intermediaire,True,True,0.529004,0.06558199999999992,Cn,6,B09,B,09,3,3,
15Avi1010Cn03A__durance2,2015_Avi_1010,durance2,B,hindgut,Avi,Avignon,Durance,43.913,4.820722,2014-07-17;2015-07-10,2015,1010,Cn,Cn,pur,True,True,0.9999,0.023951999999999973,Cn,6,B10,B,10,4,4,
15Bue1005Ch03A__durance2,2015_Bue_1005,durance2,B,hindgut,Bue,Confluence Buech-Meouge,Buech,44.262,5.828,2014-07-03;2015-07-17,2015,1005,Hy,Hy,intermediaire,True,True,0.130852,0.06826000000000002,Ch,6,B11,B,11,5,5,
15Bue1013Ch03A__durance2,2015_Bue_1013,durance2,B,hindgut,Bue,Confluence Buech-Meouge,Buech,44.262,5.828,2014-07-03;2015-07-17,2015,1013,Pt,Pt,pur,True,True,0.0001,0.0261861,Ch,6,B12,B,12,6,6,
15Bau1003Ch03A__durance2,2015_Bau_1003,durance2,B,hindgut,Bau,Rosieres,Beaume,44.475,4.264,2015-07-22,2015,1003,Pt,Pt,pur,True,True,0.0001,0.0,Ch,6,C01,C,01,1,1,
15Bau1011Ch03A__durance2,2015_Bau_1011,durance2,B,hindgut,Bau,Rosieres,Beaume,44.475,4.264,2015-07-22,2015,1011,Pt,Pt,pur,True,True,0.00156659,0.04267271,Ch,6,C02,C,02,2,2,
15Bau1019Ch03A__durance2,2015_Bau_1019,durance2,B,hindgut,Bau,Rosieres,Beaume,44.475,4.264,2015-07-22,2015,1019,Hy,Pt,quasi-pur,False,True,0.0001,0.00373055,Ch,6,C03,C,03,3,3,
15Jus1002Ch03A__durance2,2015_Jus_1002,durance2,B,hindgut,Jus,Saint-Just-d'Ardeche,Ardeche,44.286,4.597833,2015-07-21,2015,1002,Hy,Pt,quasi-pur,False,True,0.0001,0.034920799999999995,Ch,6,C04,C,04,1,1,
15Jus1010Ch03A__durance2,2015_Jus_1010,durance2,B,hindgut,Jus,Saint-Just-d'Ardeche,Ardeche,44.286,4.597833,2015-07-21,2015,1010,Cn,Cn,pur,True,True,0.9999,0.04496900000000004,Ch,6,C05,C,05,2,2,
15Jus1018Ch03A__durance2,2015_Jus_1018,durance2,B,hindgut,Jus,Saint-Just-d'Ardeche,Ardeche,44.286,4.597833,2015-07-21,2015,1018,Cn,Cn,pur,True,True,0.9970375,0.02751349999999997,Ch,6,C06,C,06,3,3,
15Caa1007Ch03A__durance2,2015_Caa_1007,durance2,B,hindgut,Caa,Canal (usine du Largue),Canal,43.853389,5.858444,2015-09-08,2015,1007,Cn,Cn,pur,True,True,0.9847625,0.052702499999999985,Ch,6,C07,C,07,2,2,
15Caa1015Ch03A__durance2,2015_Caa_1015,durance2,B,hindgut,Caa,Canal (usine du Largue),Canal,43.853389,5.858444,2015-09-08,2015,1015,Hy,Hy,intermediaire,True,True,0.7446605,0.20081149999999992,Ch,6,C08,C,08,3,3,
15Avi1003Cn03A__durance2,2015_Avi_1003,durance2,B,hindgut,Avi,Avignon,Durance,43.913,4.820722,2014-07-17;2015-07-10,2015,1003,Cn,Cn,pur,True,True,0.9999,0.020881999999999956,Cn,6,C09,C,09,3,3,
15Avi1011Cn03A__durance2,2015_Avi_1011,durance2,B,hindgut,Avi,Avignon,Durance,43.913,4.820722,2014-07-17;2015-07-10,2015,1011,Hy,Cn,quasi-pur,False,True,0.9999,0.05917300000000003,Cn,6,C10,C,10,4,4,
15Bue1006Ch03A__durance2,2015_Bue_1006,durance2,B,hindgut,Bue,Confluence Buech-Meouge,Buech,44.262,5.828,2014-07-03;2015-07-17,2015,1006,Pt,Hy,pur,True,True,0.00753796,0.11408504,Ch,6,C11,C,11,5,5,
15Bue1014Ch03A__durance2,2015_Bue_1014,durance2,B,hindgut,Bue,Confluence Buech-Meouge,Buech,44.262,5.828,2014-07-03;2015-07-17,2015,1014,Pt,Pt,pur,True,False,0.001654999999999962,0.0,Ch,6,C12,C,12,6,6,
15Bau1004Ch03A__durance2,2015_Bau_1004,durance2,B,hindgut,Bau,Rosieres,Beaume,44.475,4.264,2015-07-22,2015,1004,Hy,Pt,quasi-pur,False,True,0.0001,0.07919129999999999,Ch,6,D01,D,01,1,1,
15Bau1012Ch03A__durance2,2015_Bau_1012,durance2,B,hindgut,Bau,Rosieres,Beaume,44.475,4.264,2015-07-22,2015,1012,Pt,Pt,pur,True,True,0.0001,0.014222100000000001,Ch,6,D02,D,02,2,2,
15Bau1020Ch03A__durance2,2015_Bau_1020,durance2,B,hindgut,Bau,Rosieres,Beaume,44.475,4.264,2015-07-22,2015,1020,Hy,Hy,quasi-pur,False,True,0.0001,0.206549,Ch,6,D03,D,03,3,3,
15Jus1003Ch03A__durance2,2015_Jus_1003,durance2,B,hindgut,Jus,Saint-Just-d'Ardeche,Ardeche,44.286,4.597833,2015-07-21,2015,1003,Hy,Pt,quasi-pur,False,True,0.014152999999999999,0.0733562,Ch,6,D04,D,04,1,1,
15Jus1011Ch03A__durance2,2015_Jus_1011,durance2,B,hindgut,Jus,Saint-Just-d'Ardeche,Ardeche,44.286,4.597833,2015-07-21,2015,1011,Cn,Hy,pur,True,True,0.9294205,0.06764250000000005,Ch,6,D05,D,05,2,2,
15Jus1019Ch03A__durance2,2015_Jus_1019,durance2,B,hindgut,Jus,Saint-Just-d'Ardeche,Ardeche,44.286,4.597833,2015-07-21,2015,1019,Cn,Cn,pur,True,True,0.9999,0.043321000000000054,Ch,6,D06,D,06,3,3,
15Caa1008Ch03A__durance2,2015_Caa_1008,durance2,B,hindgut,Caa,Canal (usine du Largue),Canal,43.853389,5.858444,2015-09-08,2015,1008,Hy,Hy,intermediaire,True,True,0.9208035,0.07993349999999999,Ch,6,D07,D,07,2,2,
15Caa1016Ch03A__durance2,2015_Caa_1016,durance2,B,hindgut,Caa,Canal (usine du Largue),Canal,43.853389,5.858444,2015-09-08,2015,1016,Hy,Pt,quasi-pur,False,True,0.003348402,0.030516898,Ch,6,D08,D,08,3,3,
15Avi1004Cn03A__durance2,2015_Avi_1004,durance2,B,hindgut,Avi,Avignon,Durance,43.913,4.820722,2014-07-17;2015-07-10,2015,1004,Cn,Cn,pur,True,True,0.9999,0.022290000000000032,Cn,6,D09,D,09,3,3,
15Avi1012Pt03A__durance2,2015_Avi_1012,durance2,B,hindgut,Avi,Avignon,Durance,43.913,4.820722,2014-07-17;2015-07-10,2015,1012,Hy,Hy,quasi-pur,False,True,0.0001,0.39093300000000003,Pt,6,D10,D,10,4,4,
15Bue1007Ch03A__durance2,2015_Bue_1007,durance2,B,hindgut,Bue,Confluence Buech-Meouge,Buech,44.262,5.828,2014-07-03;2015-07-17,2015,1007,Hy,Hy,intermediaire,True,True,0.220115,0.09282300000000002,Ch,6,D11,D,11,5,5,
15Bue1015Ch03A__durance2,2015_Bue_1015,durance2,B,hindgut,Bue,Confluence Buech-Meouge,Buech,44.262,5.828,2014-07-03;2015-07-17,2015,1015,Pt,Pt,pur,True,True,0.0001,0.0178451,Ch,6,D12,D,12,6,6,
15Bau1005Ch03A__durance2,2015_Bau_1005,durance2,B,hindgut,Bau,Rosieres,Beaume,44.475,4.264,2015-07-22,2015,1005,Pt,Pt,pur,True,True,0.004509865000000001,0.039507935,Ch,6,E01,E,01,1,1,
15Bau1013Ch03A__durance2,2015_Bau_1013,durance2,B,hindgut,Bau,Rosieres,Beaume,44.475,4.264,2015-07-22,2015,1013,Pt,Pt,pur,True,True,0.0001,0.0409044,Ch,6,E02,E,02,2,2,
15Bau1021Ch03A__durance2,2015_Bau_1021,durance2,B,hindgut,Bau,Rosieres,Beaume,44.475,4.264,2015-07-22,2015,1021,Hy,Pt,quasi-pur,False,True,0.0001,0.0344185,Ch,6,E03,E,03,3,3,
15Jus1004Ch03A__durance2,2015_Jus_1004,durance2,B,hindgut,Jus,Saint-Just-d'Ardeche,Ardeche,44.286,4.597833,2015-07-21,2015,1004,Hy,Pt,quasi-pur,False,True,0.0001,0.008645690000000001,Ch,6,E04,E,04,1,1,
15Jus1012Ch03A__durance2,2015_Jus_1012,durance2,B,hindgut,Jus,Saint-Just-d'Ardeche,Ardeche,44.286,4.597833,2015-07-21,2015,1012,Cn,Cn,pur,True,True,0.9999,0.02703500000000003,Ch,6,E05,E,05,2,2,
15Caa1001CH03A__durance2,2015_Caa_1001,durance2,B,hindgut,Caa,Canal (usine du Largue),Canal,43.853389,5.858444,2015-09-08,2015,1001,Cn,Cn,pur,True,True,0.947083,0.052817,Ch,6,E06,E,06,1,1,
15Caa1009Ch03A__durance2,2015_Caa_1009,durance2,B,hindgut,Caa,Canal (usine du Largue),Canal,43.853389,5.858444,2015-09-08,2015,1009,Cn,Cn,pur,True,True,0.9999,0.03842699999999999,Ch,6,E07,E,07,2,2,
15Caa1017Ch03A__durance2,2015_Caa_1017,durance2,B,hindgut,Caa,Canal (usine du Largue),Canal,43.853389,5.858444,2015-09-08,2015,1017,Hy,Hy,intermediaire,True,True,0.1006175,0.04702049999999999,Ch,6,E08,E,08,3,3,
15Avi1005Cn03A__durance2,2015_Avi_1005,durance2,B,hindgut,Avi,Avignon,Durance,43.913,4.820722,2014-07-17;2015-07-10,2015,1005,Cn,Cn,pur,True,True,0.99929,0.06421699999999997,Cn,6,E09,E,09,3,3,
15Avi1013Pt03A__durance2,2015_Avi_1013,durance2,B,hindgut,Avi,Avignon,Durance,43.913,4.820722,2014-07-17;2015-07-10,2015,1013,Hy,Hy,intermediaire,True,True,0.28511410000000004,0.33378589999999997,Pt,6,E10,E,10,4,4,
15Bue1008Ch03A__durance2,2015_Bue_1008,durance2,B,hindgut,Bue,Confluence Buech-Meouge,Buech,44.262,5.828,2014-07-03;2015-07-17,2015,1008,Pt,Pt,pur,True,True,0.0001,0.00945818,Ch,6,E11,E,11,5,5,
15Bue1016Ch03A__durance2,2015_Bue_1016,durance2,B,hindgut,Bue,Confluence Buech-Meouge,Buech,44.262,5.828,2014-07-03;2015-07-17,2015,1016,Hy,Hy,intermediaire,True,True,0.8887309999999999,0.15708699999999998,Ch,6,E12,E,12,6,6,
15Bau1006Ch03A__durance2,2015_Bau_1006,durance2,B,hindgut,Bau,Rosieres,Beaume,44.475,4.264,2015-07-22,2015,1006,Hy,Hy,intermediaire,True,True,0.5132975,0.09612850000000006,Ch,6,F01,F,01,1,1,
15Bau1014Ch03A__durance2,2015_Bau_1014,durance2,B,hindgut,Bau,Rosieres,Beaume,44.475,4.264,2015-07-22,2015,1014,Pt,Pt,pur,True,True,0.00344197,0.03864973,Ch,6,F02,F,02,2,2,
15Bau1022Ch03A__durance2,2015_Bau_1022,durance2,B,hindgut,Bau,Rosieres,Beaume,44.475,4.264,2015-07-22,2015,1022,Pt,Pt,pur,True,True,0.026378,0.0396818,Ch,6,F03,F,03,3,3,
15Jus1005Ch03A__durance2,2015_Jus_1005,durance2,B,hindgut,Jus,Saint-Just-d'Ardeche,Ardeche,44.286,4.597833,2015-07-21,2015,1005,Hy,Pt,quasi-pur,False,True,0.0001,0.0121084,Ch,6,F04,F,04,1,1,
15Jus1013Ch03A__durance2,2015_Jus_1013,durance2,B,hindgut,Jus,Saint-Just-d'Ardeche,Ardeche,44.286,4.597833,2015-07-21,2015,1013,Cn,Cn,pur,True,True,0.9766085,0.10154149999999995,Ch,6,F05,F,05,2,2,
15Caa1002Ch03A__durance2,2015_Caa_1002,durance2,B,hindgut,Caa,Canal (usine du Largue),Canal,43.853389,5.858444,2015-09-08,2015,1002,Cn,Cn,pur,True,True,0.9994325,0.1068714999999999,Ch,6,F06,F,06,1,1,
15Caa1010Ch03A__durance2,2015_Caa_1010,durance2,B,hindgut,Caa,Canal (usine du Largue),Canal,43.853389,5.858444,2015-09-08,2015,1010,Cn,Cn,pur,True,True,0.9999,0.019187999999999983,Ch,6,F07,F,07,2,2,
15Caa1018Ch03A__durance2,2015_Caa_1018,durance2,B,hindgut,Caa,Canal (usine du Largue),Canal,43.853389,5.858444,2015-09-08,2015,1018,Pt,Pt,pur,True,True,0.0001,0.0258486,Ch,6,F08,F,08,3,3,
15Avi1006Cn03A__durance2,2015_Avi_1006,durance2,B,hindgut,Avi,Avignon,Durance,43.913,4.820722,2014-07-17;2015-07-10,2015,1006,Cn,Cn,pur,True,True,0.981626,0.024009999999999976,Cn,6,F09,F,09,3,3,
15Bue1001Ch03A__durance2,2015_Bue_1001,durance2,B,hindgut,Bue,Confluence Buech-Meouge,Buech,44.262,5.828,2014-07-03;2015-07-17,2015,1001,Cn,Cn,pur,True,True,0.9999,0.05101900000000004,Ch,6,F10,F,10,4,4,
15Bue1009Ch03A__durance2,2015_Bue_1009,durance2,B,hindgut,Bue,Confluence Buech-Meouge,Buech,44.262,5.828,2014-07-03;2015-07-17,2015,1009,Hy,Hy,intermediaire,True,True,0.9276935,0.1251184999999999,Ch,6,F11,F,11,5,5,
15Bue1017Ch03A__durance2,2015_Bue_1017,durance2,B,hindgut,Bue,Confluence Buech-Meouge,Buech,44.262,5.828,2014-07-03;2015-07-17,2015,1017,Cn,Cn,pur,True,True,0.985546,0.08171899999999999,Ch,6,F12,F,12,6,6,
15Bau1007Ch03A__durance2,2015_Bau_1007,durance2,B,hindgut,Bau,Rosieres,Beaume,44.475,4.264,2015-07-22,2015,1007,Pt,Pt,pur,True,True,0.0001,0.00827844,Ch,6,G01,G,01,1,1,
15Bau1015Ch03A__durance2,2015_Bau_1015,durance2,B,hindgut,Bau,Rosieres,Beaume,44.475,4.264,2015-07-22,2015,1015,Pt,Pt,pur,True,True,0.0001,0.0171402,Ch,6,G02,G,02,2,2,
15Bau1023Ch03A__durance2,2015_Bau_1023,durance2,B,hindgut,Bau,Rosieres,Beaume,44.475,4.264,2015-07-22,2015,1023,Pt,Pt,pur,True,True,0.0001,0.0,Ch,6,G03,G,03,3,3,
15Jus1006Ch03A__durance2,2015_Jus_1006,durance2,B,hindgut,Jus,Saint-Just-d'Ardeche,Ardeche,44.286,4.597833,2015-07-21,2015,1006,Pt,Pt,pur,True,True,0.0001,0.0,Ch,6,G04,G,04,1,1,
15Jus1014Ch03A__durance2,2015_Jus_1014,durance2,B,hindgut,Jus,Saint-Just-d'Ardeche,Ardeche,44.286,4.597833,2015-07-21,2015,1014,Cn,Cn,pur,True,True,0.9468705,0.05302950000000006,Ch,6,G05,G,05,2,2,
15Caa1003Ch03A__durance2,2015_Caa_1003,durance2,B,hindgut,Caa,Canal (usine du Largue),Canal,43.853389,5.858444,2015-09-08,2015,1003,Cn,Cn,pur,True,True,0.9999,0.011297000000000001,Ch,6,G06,G,06,1,1,
15Caa1011Ch03A__durance2,2015_Caa_1011,durance2,B,hindgut,Caa,Canal (usine du Largue),Canal,43.853389,5.858444,2015-09-08,2015,1011,Pt,Pt,pur,True,True,0.0001,0.0906421,Ch,6,G07,G,07,2,2,
15Caa1019Ch03A__durance2,2015_Caa_1019,durance2,B,hindgut,Caa,Canal (usine du Largue),Canal,43.853389,5.858444,2015-09-08,2015,1019,Hy,Pt,quasi-pur,False,True,0.0001,0.007794419999999999,Ch,6,G08,G,08,3,3,
15Avi1007Cn03A__durance2,2015_Avi_1007,durance2,B,hindgut,Avi,Avignon,Durance,43.913,4.820722,2014-07-17;2015-07-10,2015,1007,Cn,Cn,pur,True,True,0.9999,0.08638400000000002,Cn,6,G09,G,09,3,3,
15Bue1002Ch03A__durance2,2015_Bue_1002,durance2,B,hindgut,Bue,Confluence Buech-Meouge,Buech,44.262,5.828,2014-07-03;2015-07-17,2015,1002,Cn,Cn,pur,True,True,0.9999,0.015835000000000043,Ch,6,G10,G,10,4,4,
15Bue1010Ch03A__durance2,2015_Bue_1010,durance2,B,hindgut,Bue,Confluence Buech-Meouge,Buech,44.262,5.828,2014-07-03;2015-07-17,2015,1010,Hy,Hy,intermediaire,True,True,0.5373025,0.11367450000000001,Ch,6,G11,G,11,5,5,
15Bue1018Ch03A__durance2,2015_Bue_1018,durance2,B,hindgut,Bue,Confluence Buech-Meouge,Buech,44.262,5.828,2014-07-03;2015-07-17,2015,1018,Hy,Hy,intermediaire,True,True,0.8807585,0.09011049999999998,Ch,6,G12,G,12,6,6,
15Bau1008Ch03A__durance2,2015_Bau_1008,durance2,B,hindgut,Bau,Rosieres,Beaume,44.475,4.264,2015-07-22,2015,1008,Pt,Pt,pur,True,True,0.0001,0.039034,Ch,6,H01,H,01,1,1,
15Bau1016Ch03A__durance2,2015_Bau_1016,durance2,B,hindgut,Bau,Rosieres,Beaume,44.475,4.264,2015-07-22,2015,1016,Hy,Hy,quasi-pur,False,True,0.02028617,0.44522083,Ch,6,H02,H,02,2,2,
15Bau1024Ch03A__durance2,2015_Bau_1024,durance2,B,hindgut,Bau,Rosieres,Beaume,44.475,4.264,2015-07-22,2015,1024,Pt,Pt,pur,True,True,0.0001,0.0131795,Ch,6,H03,H,03,3,3,
15Jus1007Ch03A__durance2,2015_Jus_1007,durance2,B,hindgut,Jus,Saint-Just-d'Ardeche,Ardeche,44.286,4.597833,2015-07-21,2015,1007,Pt,Pt,pur,True,True,0.0001,0.014199,Ch,6,H04,H,04,1,1,
15Jus1015Ch03A__durance2,2015_Jus_1015,durance2,B,hindgut,Jus,Saint-Just-d'Ardeche,Ardeche,44.286,4.597833,2015-07-21,2015,1015,Cn,Cn,pur,True,True,0.9977965,0.050436499999999995,Ch,6,H05,H,05,2,2,
15Caa1004Ch03A__durance2,2015_Caa_1004,durance2,B,hindgut,Caa,Canal (usine du Largue),Canal,43.853389,5.858444,2015-09-08,2015,1004,Cn,Cn,pur,True,True,0.9999,0.005790999999999991,Ch,6,H06,H,06,1,1,
15Caa1012Ch03A__durance2,2015_Caa_1012,durance2,B,hindgut,Caa,Canal (usine du Largue),Canal,43.853389,5.858444,2015-09-08,2015,1012,Pt,Pt,pur,True,True,0.0001,0.0,Ch,6,H07,H,07,2,2,
15Caa1020Ch03A__durance2,2015_Caa_1020,durance2,B,hindgut,Caa,Canal (usine du Largue),Canal,43.853389,5.858444,2015-09-08,2015,1020,Pt,Pt,pur,True,True,0.0001,0.0260511,Ch,6,H08,H,08,3,3,
15Avi1008Cn03A__durance2,2015_Avi_1008,durance2,B,hindgut,Avi,Avignon,Durance,43.913,4.820722,2014-07-17;2015-07-10,2015,1008,Cn,Cn,pur,True,True,0.9999,0.01104000000000005,Cn,6,H09,H,09,3,3,
15Bue1003Ch03A__durance2,2015_Bue_1003,durance2,B,hindgut,Bue,Confluence Buech-Meouge,Buech,44.262,5.828,2014-07-03;2015-07-17,2015,1003,Cn,Cn,pur,True,True,0.9999,0.015947000000000044,Ch,6,H10,H,10,4,4,
15Bue1011Ch03A__durance2,2015_Bue_1011,durance2,B,hindgut,Bue,Confluence Buech-Meouge,Buech,44.262,5.828,2014-07-03;2015-07-17,2015,1011,Hy,Hy,intermediaire,True,True,0.7010149999999999,0.10766600000000004,Ch,6,H11,H,11,5,5,mock_contaminated
14Ain1001Cn02A__durance2,2014_Ain_1001,durance2,B,midgut,Ain,Pont-d'Ain,Suran,46.048,5.324,2014-08-12,2014,1001,Cn,Cn,pur,True,True,0.9999,0.02987200000000001,Cn,7,A01,A,01,1,1,
14Ain1039Pt02A__durance2,2014_Ain_1039,durance2,B,midgut,Ain,Chavannes-sur-Suran,Suran,46.264389,5.429444,2014-08-12,2014,1039,Pt,Pt,pur,True,True,0.0001,0.0118913,Pt,7,A02,A,02,2,2,
15Cab1004Ch02A__durance2,2015_Cab_1004,durance2,B,midgut,Cab,Pont-d'Ain,Suran,46.048,5.324,2015-08-26,2015,1004,Cn,Cn,pur,True,True,0.9916195,0.051615500000000036,Ch,7,A03,A,03,2,3,
15Cab1012Ch02A__durance2,2015_Cab_1012,durance2,B,midgut,Cab,Chavannes-sur-Suran,Suran,46.264389,5.429444,2015-08-26,2015,1012,Pt,Pt,pur,True,True,0.0001,0.0024834600000000003,Ch,7,A04,A,04,3,4,
14Avi1001Cn02A__durance2,2014_Avi_1001,durance2,B,midgut,Avi,Avignon,Durance,43.913,4.820722,2014-07-17;2015-07-10,2014,1001,Cn,Cn,pur,True,True,0.9999,0.014294000000000029,Cn,7,A05,A,05,1,1,
14Avi1036Cn02A__durance2,2014_Avi_1036,durance2,B,midgut,Avi,Avignon,Durance,43.913,4.820722,2014-07-17;2015-07-10,2014,1036,Cn,Cn,pur,True,True,0.9999,0.025182000000000038,Cn,7,A06,A,06,2,2,
14Bue1006Cn02A__durance2,2014_Bue_1006,durance2,B,midgut,Bue,Confluence Buech-Meouge,Buech,44.262,5.828,2014-07-03;2015-07-17,2014,1006,Hy,Hy,intermediaire,True,True,0.9466924999999999,0.09561849999999994,Cn,7,A07,A,07,2,2,
14Bue1016Ch02A__durance2,2014_Bue_1016,durance2,B,midgut,Bue,Confluence Buech-Meouge,Buech,44.262,5.828,2014-07-03;2015-07-17,2014,1016,Hy,Pt,quasi-pur,False,True,0.0001,0.025033800000000002,Ch,7,A08,A,08,3,3,
14Man1012Ch02A__durance2,2014_Man_1012,durance2,B,midgut,Man,Manosque-Oraison,Durance,43.919667,5.896278,2014-07-23,2014,1012,Pt,Pt,pur,True,True,0.0001,0.00126172,Ch,7,A09,A,09,2,2,
14Man1020Ch02A__durance2,2014_Man_1020,durance2,B,midgut,Man,Manosque-Oraison,Durance,43.919667,5.896278,2014-07-23,2014,1020,Hy,Pt,quasi-pur,False,True,0.0001,0.00115361,Ch,7,A10,A,10,3,3,
14Per2012Ch02A__durance2,2014_Per_2012,durance2,B,midgut,Per,Pertuis,Durance,43.668139,5.493,2014-07-07;2014-08-20,2014,2012,Pt,Pt,pur,True,True,0.0001,0.0,Ch,7,A11,A,11,2,2,
14Per2012Ch02A-bis__durance2,2014_Per_2012,durance2,B,midgut,Per,Pertuis,Durance,43.668139,5.493,2014-07-07;2014-08-20,2014,2012,Pt,Pt,pur,True,True,0.0001,0.0,Ch,7,A12,A,12,3,3,
14Ain1002Cn02A__durance2,2014_Ain_1002,durance2,B,midgut,Ain,Pont-d'Ain,Suran,46.048,5.324,2014-08-12,2014,1002,Cn,Cn,pur,True,True,0.9999,0.027077000000000018,Cn,7,B01,B,01,1,1,
14Ain1040Pt02A__durance2,2014_Ain_1040,durance2,B,midgut,Ain,Chavannes-sur-Suran,Suran,46.264389,5.429444,2014-08-12,2014,1040,Pt,Pt,pur,True,True,0.0001,0.029344600000000002,Pt,7,B02,B,02,2,2,
15Cab1005Ch02A__durance2,2015_Cab_1005,durance2,B,midgut,Cab,Pont-d'Ain,Suran,46.048,5.324,2015-08-26,2015,1005,Cn,Cn,pur,True,True,0.9999,0.04226799999999997,Ch,7,B03,B,03,2,3,
15Cab1013Ch02A__durance2,2015_Cab_1013,durance2,B,midgut,Cab,Chavannes-sur-Suran,Suran,46.264389,5.429444,2015-08-26,2015,1013,Pt,Pt,pur,True,True,0.0001,0.0639904,Ch,7,B04,B,04,3,4,
14Avi1002Cn02A__durance2,2014_Avi_1002,durance2,B,midgut,Avi,Avignon,Durance,43.913,4.820722,2014-07-17;2015-07-10,2014,1002,Cn,Cn,pur,True,True,0.9999,0.01569799999999999,Cn,7,B05,B,05,1,1,
14Avi1037Cn02A__durance2,2014_Avi_1037,durance2,B,midgut,Avi,Avignon,Durance,43.913,4.820722,2014-07-17;2015-07-10,2014,1037,Cn,Cn,pur,True,True,0.9999,0.114066,Cn,7,B06,B,06,2,2,
14Bue1007Cn02A__durance2,2014_Bue_1007,durance2,B,midgut,Bue,Confluence Buech-Meouge,Buech,44.262,5.828,2014-07-03;2015-07-17,2014,1007,Cn,Cn,pur,True,True,0.9999,0.013390000000000013,Cn,7,B07,B,07,2,2,
14Bue1017Ch02A__durance2,2014_Bue_1017,durance2,B,midgut,Bue,Confluence Buech-Meouge,Buech,44.262,5.828,2014-07-03;2015-07-17,2014,1017,Pt,Pt,pur,True,True,0.0001,0.0436135,Ch,7,B08,B,08,3,3,
14Man1013Ch02A__durance2,2014_Man_1013,durance2,B,midgut,Man,Manosque-Oraison,Durance,43.919667,5.896278,2014-07-23,2014,1013,Pt,Pt,pur,True,True,0.0001,0.0236388,Ch,7,B09,B,09,2,2,
14Man1021Ch02A__durance2,2014_Man_1021,durance2,B,midgut,Man,Manosque-Oraison,Durance,43.919667,5.896278,2014-07-23,2014,1021,Hy,Hy,intermediaire,True,True,0.2179825,0.1247321,Ch,7,B10,B,10,3,3,
14Per2013Ch02A__durance2,2014_Per_2013,durance2,B,midgut,Per,Pertuis,Durance,43.668139,5.493,2014-07-07;2014-08-20,2014,2013,Hy,Hy,intermediaire,True,True,0.2097815,0.1761465,Ch,7,B11,B,11,2,2,
14Per2013Ch02A-bis__durance2,2014_Per_2013,durance2,B,midgut,Per,Pertuis,Durance,43.668139,5.493,2014-07-07;2014-08-20,2014,2013,Hy,Hy,intermediaire,True,True,0.2097815,0.1761465,Ch,7,B12,B,12,3,3,
14Ain1011Pt02A__durance2,2014_Ain_1011,durance2,B,midgut,Ain,Chavannes-sur-Suran,Suran,46.264389,5.429444,2014-08-12,2014,1011,Pt,Pt,pur,True,True,0.0001,0.00132522,Pt,7,C01,C,01,1,1,
14Ain1041Pt02A__durance2,2014_Ain_1041,durance2,B,midgut,Ain,Chavannes-sur-Suran,Suran,46.264389,5.429444,2014-08-12,2014,1041,Pt,Pt,pur,True,True,0.0001,0.0032175100000000002,Pt,7,C02,C,02,2,2,
15Cab1006Ch02A__durance2,2015_Cab_1006,durance2,B,midgut,Cab,Pont-d'Ain,Suran,46.048,5.324,2015-08-26,2015,1006,Cn,Cn,pur,True,True,0.9676345,0.0767025,Ch,7,C03,C,03,2,3,
15Cab1014Ch02A__durance2,2015_Cab_1014,durance2,B,midgut,Cab,Chavannes-sur-Suran,Suran,46.264389,5.429444,2015-08-26,2015,1014,Pt,Pt,pur,True,True,0.0001,0.0,Ch,7,C04,C,04,3,4,
14Avi1003Cn02A__durance2,2014_Avi_1003,durance2,B,midgut,Avi,Avignon,Durance,43.913,4.820722,2014-07-17;2015-07-10,2014,1003,Cn,Cn,pur,True,True,0.9999,0.002593999999999985,Cn,7,C05,C,05,1,1,
14Avi1038Cn02A__durance2,2014_Avi_1038,durance2,B,midgut,Avi,Avignon,Durance,43.913,4.820722,2014-07-17;2015-07-10,2014,1038,Cn,Cn,pur,True,True,0.9999,0.017442999999999986,Cn,7,C06,C,06,2,2,
14Bue1008Cn02A__durance2,2014_Bue_1008,durance2,B,midgut,Bue,Confluence Buech-Meouge,Buech,44.262,5.828,2014-07-03;2015-07-17,2014,1008,Cn,Cn,pur,True,True,0.9999,0.019206999999999974,Cn,7,C07,C,07,2,2,
14Bue1018Ch02A__durance2,2014_Bue_1018,durance2,B,midgut,Bue,Confluence Buech-Meouge,Buech,44.262,5.828,2014-07-03;2015-07-17,2014,1018,Pt,Pt,pur,True,True,0.0001,0.009559940000000001,Ch,7,C08,C,08,3,3,
14Man1014Ch02A__durance2,2014_Man_1014,durance2,B,midgut,Man,Manosque-Oraison,Durance,43.919667,5.896278,2014-07-23,2014,1014,Pt,Pt,pur,True,True,0.0001,0.0023953100000000003,Ch,7,C09,C,09,2,2,
14Man1022Ch02A__durance2,2014_Man_1022,durance2,B,midgut,Man,Manosque-Oraison,Durance,43.919667,5.896278,2014-07-23,2014,1022,Pt,Pt,pur,True,True,0.0001,0.010545200000000001,Ch,7,C10,C,10,3,3,
14Per2014Ch02A__durance2,2014_Per_2014,durance2,B,midgut,Per,Pertuis,Durance,43.668139,5.493,2014-07-07;2014-08-20,2014,2014,Pt,Pt,pur,True,True,0.0001,0.0,Ch,7,C11,C,11,2,2,
14Ain1012Pt02A__durance2,2014_Ain_1012,durance2,B,midgut,Ain,Chavannes-sur-Suran,Suran,46.264389,5.429444,2014-08-12,2014,1012,Pt,Pt,pur,True,True,0.0001,0.034025599999999996,Pt,7,D01,D,01,1,1,
14Ain1042Pt02A__durance2,2014_Ain_1042,durance2,B,midgut,Ain,Chavannes-sur-Suran,Suran,46.264389,5.429444,2014-08-12,2014,1042,Pt,Pt,pur,True,True,0.0001,0.0252761,Pt,7,D02,D,02,2,2,
15Cab1007Ch02A__durance2,2015_Cab_1007,durance2,B,midgut,Cab,Pont-d'Ain,Suran,46.048,5.324,2015-08-26,2015,1007,Cn,Cn,pur,True,True,0.986855,0.040076,Ch,7,D03,D,03,2,3,
15Cab1015Ch02A__durance2,2015_Cab_1015,durance2,B,midgut,Cab,Chavannes-sur-Suran,Suran,46.264389,5.429444,2015-08-26,2015,1015,Pt,Pt,pur,True,True,0.0001,0.0122371,Ch,7,D04,D,04,3,4,
14Avi1004Cn02A__durance2,2014_Avi_1004,durance2,B,midgut,Avi,Avignon,Durance,43.913,4.820722,2014-07-17;2015-07-10,2014,1004,Cn,Cn,pur,True,True,0.9999,0.01977300000000004,Cn,7,D05,D,05,1,1,
14Bue1001Cn02A__durance2,2014_Bue_1001,durance2,B,midgut,Bue,Confluence Buech-Meouge,Buech,44.262,5.828,2014-07-03;2015-07-17,2014,1001,Cn,Cn,pur,True,False,0.9878026,0.0,Cn,7,D06,D,06,1,1,
14Bue1011Ch02A__durance2,2014_Bue_1011,durance2,B,midgut,Bue,Confluence Buech-Meouge,Buech,44.262,5.828,2014-07-03;2015-07-17,2014,1011,Pt,Pt,pur,True,True,0.0001,0.0232161,Ch,7,D07,D,07,2,2,
14Bue1019Ch02A__durance2,2014_Bue_1019,durance2,B,midgut,Bue,Confluence Buech-Meouge,Buech,44.262,5.828,2014-07-03;2015-07-17,2014,1019,Pt,Pt,pur,True,True,0.0001,0.0,Ch,7,D08,D,08,3,3,
14Man1015Ch02A__durance2,2014_Man_1015,durance2,B,midgut,Man,Manosque-Oraison,Durance,43.919667,5.896278,2014-07-23,2014,1015,Pt,Pt,pur,True,True,0.0001,0.0,Ch,7,D09,D,09,2,2,
14per1011Ch02A__durance2,2014_Per_1011,durance2,B,midgut,Per,Pertuis,Durance,43.668139,5.493,2014-07-07;2014-08-20,2014,1011,Pt,Pt,pur,True,True,0.0001,0.01805,Ch,7,D10,D,10,1,1,
14Per2015Ch02A__durance2,2014_Per_2015,durance2,B,midgut,Per,Pertuis,Durance,43.668139,5.493,2014-07-07;2014-08-20,2014,2015,Pt,Pt,pur,True,True,0.0001,0.0,Ch,7,D11,D,11,2,2,
14Ain1013Pt02A__durance2,2014_Ain_1013,durance2,B,midgut,Ain,Chavannes-sur-Suran,Suran,46.264389,5.429444,2014-08-12,2014,1013,Pt,Pt,pur,True,True,0.0001,0.0099728,Pt,7,E01,E,01,1,1,
14Ain1043Pt02A__durance2,2014_Ain_1043,durance2,B,midgut,Ain,Chavannes-sur-Suran,Suran,46.264389,5.429444,2014-08-12,2014,1043,Pt,Pt,pur,True,True,0.0001,0.0059209399999999995,Pt,7,E02,E,02,2,2,
15Cab1008Ch02A__durance2,2015_Cab_1008,durance2,B,midgut,Cab,Pont-d'Ain,Suran,46.048,5.324,2015-08-26,2015,1008,Cn,Cn,pur,True,True,0.997914,0.01697700000000002,Ch,7,E03,E,03,2,3,
15Cab1016Ch02A__durance2,2015_Cab_1016,durance2,B,midgut,Cab,Chavannes-sur-Suran,Suran,46.264389,5.429444,2015-08-26,2015,1016,Pt,Pt,pur,True,True,0.0001,0.00194113,Ch,7,E04,E,04,3,4,
14Avi1005Cn02A__durance2,2014_Avi_1005,durance2,B,midgut,Avi,Avignon,Durance,43.913,4.820722,2014-07-17;2015-07-10,2014,1005,Cn,Cn,pur,True,True,0.9999,0.08110799999999996,Cn,7,E05,E,05,1,1,
14Bue1002Cn02A__durance2,2014_Bue_1002,durance2,B,midgut,Bue,Confluence Buech-Meouge,Buech,44.262,5.828,2014-07-03;2015-07-17,2014,1002,Cn,Cn,pur,True,False,0.989712,0.0,Cn,7,E06,E,06,1,1,
14Bue1012Ch02A__durance2,2014_Bue_1012,durance2,B,midgut,Bue,Confluence Buech-Meouge,Buech,44.262,5.828,2014-07-03;2015-07-17,2014,1012,Pt,Pt,pur,True,True,0.0001,0.0,Ch,7,E07,E,07,2,2,
14Man1001Cn02A__durance2,2014_Man_1001,durance2,B,midgut,Man,Manosque-Oraison,Durance,43.919667,5.896278,2014-07-23,2014,1001,Pt,Pt,pur,True,True,0.0001,0.0031458500000000004,Cn,7,E08,E,08,1,1,
14Man1016Ch02A__durance2,2014_Man_1016,durance2,B,midgut,Man,Manosque-Oraison,Durance,43.919667,5.896278,2014-07-23,2014,1016,Pt,Pt,pur,True,True,0.0001,0.00548115,Ch,7,E09,E,09,2,2,
14Per1012Ch02A__durance2,2014_Per_1012,durance2,B,midgut,Per,Pertuis,Durance,43.668139,5.493,2014-07-07;2014-08-20,2014,1012,Pt,Pt,pur,True,True,0.0001,0.00345481,Ch,7,E10,E,10,1,1,
14Ain1014Pt02A__durance2,2014_Ain_1014,durance2,B,midgut,Ain,Chavannes-sur-Suran,Suran,46.264389,5.429444,2014-08-12,2014,1014,Pt,Pt,pur,True,True,0.0001,0.0193883,Pt,7,F01,F,01,1,1,
15Cab1001Ch02A__durance2,2015_Cab_1001,durance2,B,midgut,Cab,Pont-d'Ain,Suran,46.048,5.324,2015-08-26,2015,1001,Cn,Cn,pur,True,True,0.9999,0.07011200000000006,Ch,7,F02,F,02,1,2,
15Cab1009Ch02A__durance2,2015_Cab_1009,durance2,B,midgut,Cab,Pont-d'Ain,Suran,46.048,5.324,2015-08-26,2015,1009,Hy,Hy,intermediaire,True,True,0.8998935,0.13065250000000006,Ch,7,F03,F,03,2,3,
15Cab1017Ch02A__durance2,2015_Cab_1017,durance2,B,midgut,Cab,Chavannes-sur-Suran,Suran,46.264389,5.429444,2015-08-26,2015,1017,Pt,Pt,pur,True,True,0.0001,0.0135881,Ch,7,F04,F,04,3,4,
14Avi1006Cn02A__durance2,2014_Avi_1006,durance2,B,midgut,Avi,Avignon,Durance,43.913,4.820722,2014-07-17;2015-07-10,2014,1006,Cn,Cn,pur,True,True,0.9999,0.03937199999999996,Cn,7,F05,F,05,1,1,
14Bue1003Cn02A__durance2,2014_Bue_1003,durance2,B,midgut,Bue,Confluence Buech-Meouge,Buech,44.262,5.828,2014-07-03;2015-07-17,2014,1003,Cn,Cn,pur,True,True,0.9999,0.05878899999999998,Cn,7,F06,F,06,1,1,
14Bue1013Ch02A__durance2,2014_Bue_1013,durance2,B,midgut,Bue,Confluence Buech-Meouge,Buech,44.262,5.828,2014-07-03;2015-07-17,2014,1013,Pt,Pt,pur,True,True,0.0001,0.023389300000000002,Ch,7,F07,F,07,2,2,
14Man1002Cn02A__durance2,2014_Man_1002,durance2,B,midgut,Man,Manosque-Oraison,Durance,43.919667,5.896278,2014-07-23,2014,1002,Hy,Hy,quasi-pur,False,True,0.0001,0.366158,Cn,7,F08,F,08,1,1,
14Man1017Ch02A__durance2,2014_Man_1017,durance2,B,midgut,Man,Manosque-Oraison,Durance,43.919667,5.896278,2014-07-23,2014,1017,Pt,Pt,pur,True,True,0.0001,0.0,Ch,7,F09,F,09,2,2,
14Per1013Ch02A__durance2,2014_Per_1013,durance2,B,midgut,Per,Pertuis,Durance,43.668139,5.493,2014-07-07;2014-08-20,2014,1013,Pt,Pt,pur,True,True,0.0001,0.0,Ch,7,F10,F,10,1,1,
14Ain1036Cn02A__durance2,2014_Ain_1036,durance2,B,midgut,Ain,Pont-d'Ain,Suran,46.048,5.324,2014-08-12,2014,1036,Cn,Cn,pur,True,True,0.9634205,0.05584849999999997,Cn,7,G01,G,01,1,1,
15Cab1002Ch02A__durance2,2015_Cab_1002,durance2,B,midgut,Cab,Pont-d'Ain,Suran,46.048,5.324,2015-08-26,2015,1002,Cn,Cn,pur,True,True,0.9624035,0.043770499999999934,Ch,7,G02,G,02,1,2,
15Cab1010Ch02A__durance2,2015_Cab_1010,durance2,B,midgut,Cab,Pont-d'Ain,Suran,46.048,5.324,2015-08-26,2015,1010,Hy,Hy,intermediaire,True,True,0.759876,0.07340000000000002,Ch,7,G03,G,03,2,3,
15Cab1018Ch02A__durance2,2015_Cab_1018,durance2,B,midgut,Cab,Chavannes-sur-Suran,Suran,46.264389,5.429444,2015-08-26,2015,1018,Pt,Pt,pur,True,True,0.0001,0.018595900000000002,Ch,7,G04,G,04,3,4,
14Avi1007Cn02A__durance2,2014_Avi_1007,durance2,B,midgut,Avi,Avignon,Durance,43.913,4.820722,2014-07-17;2015-07-10,2014,1007,Cn,Cn,pur,True,True,0.9999,0.010548000000000002,Cn,7,G05,G,05,1,1,
14Bue1004Cn02A__durance2,2014_Bue_1004,durance2,B,midgut,Bue,Confluence Buech-Meouge,Buech,44.262,5.828,2014-07-03;2015-07-17,2014,1004,Cn,Cn,pur,True,True,0.9999,0.01164900000000002,Cn,7,G06,G,06,1,1,
14Bue1014Ch02A__durance2,2014_Bue_1014,durance2,B,midgut,Bue,Confluence Buech-Meouge,Buech,44.262,5.828,2014-07-03;2015-07-17,2014,1014,Pt,Pt,pur,True,True,0.00459266,0.015245940000000001,Ch,7,G07,G,07,2,2,
14Man1010Cn02A__durance2,2014_Man_1010,durance2,B,midgut,Man,Manosque-Oraison,Durance,43.919667,5.896278,2014-07-23,2014,1010,Hy,Pt,quasi-pur,False,True,0.0001,0.0,Cn,7,G08,G,08,1,1,
14Man1018Ch02A__durance2,2014_Man_1018,durance2,B,midgut,Man,Manosque-Oraison,Durance,43.919667,5.896278,2014-07-23,2014,1018,Pt,Pt,pur,True,True,0.0001,0.0202354,Ch,7,G09,G,09,2,2,
14Per1014Ch02A__durance2,2014_Per_1014,durance2,B,midgut,Per,Pertuis,Durance,43.668139,5.493,2014-07-07;2014-08-20,2014,1014,Pt,Pt,pur,True,True,0.0001,0.006368319999999999,Ch,7,G10,G,10,1,1,
14Ain1037Cn02A__durance2,2014_Ain_1037,durance2,B,midgut,Ain,Pont-d'Ain,Suran,46.048,5.324,2014-08-12,2014,1037,Cn,Cn,pur,True,True,0.9999,0.021923000000000026,Cn,7,H01,H,01,1,1,
15Cab1003Ch02A__durance2,2015_Cab_1003,durance2,B,midgut,Cab,Pont-d'Ain,Suran,46.048,5.324,2015-08-26,2015,1003,Cn,Cn,pur,True,True,0.9790135,0.04033549999999997,Ch,7,H02,H,02,1,2,
15Cab1011Ch02A__durance2,2015_Cab_1011,durance2,B,midgut,Cab,Chavannes-sur-Suran,Suran,46.264389,5.429444,2015-08-26,2015,1011,Pt,Pt,pur,True,False,0.00042399999999997995,0.0,Ch,7,H03,H,03,2,3,
15Cab1019Ch02A__durance2,2015_Cab_1019,durance2,B,midgut,Cab,Chavannes-sur-Suran,Suran,46.264389,5.429444,2015-08-26,2015,1019,Pt,Pt,pur,True,True,0.0001,0.0,Ch,7,H04,H,04,3,4,
14Avi1008Cn02A__durance2,2014_Avi_1008,durance2,B,midgut,Avi,Avignon,Durance,43.913,4.820722,2014-07-17;2015-07-10,2014,1008,Cn,Cn,pur,True,True,0.9790425,0.04159250000000003,Cn,7,H05,H,05,1,1,
14Bue1005Cn02A__durance2,2014_Bue_1005,durance2,B,midgut,Bue,Confluence Buech-Meouge,Buech,44.262,5.828,2014-07-03;2015-07-17,2014,1005,Cn,Cn,pur,True,True,0.996529,0.015122999999999998,Cn,7,H06,H,06,1,1,
14Bue1015Ch02A__durance2,2014_Bue_1015,durance2,B,midgut,Bue,Confluence Buech-Meouge,Buech,44.262,5.828,2014-07-03;2015-07-17,2014,1015,Pt,Pt,pur,True,True,0.0001,0.027206,Ch,7,H07,H,07,2,2,
14Man1011Ch02A__durance2,2014_Man_1011,durance2,B,midgut,Man,Manosque-Oraison,Durance,43.919667,5.896278,2014-07-23,2014,1011,Hy,Pt,quasi-pur,False,True,0.0001,0.0034689200000000003,Ch,7,H08,H,08,1,1,
14Man1019Ch02A__durance2,2014_Man_1019,durance2,B,midgut,Man,Manosque-Oraison,Durance,43.919667,5.896278,2014-07-23,2014,1019,Pt,Pt,pur,True,True,0.0001,0.00794395,Ch,7,H09,H,09,2,2,
14Per2011Ch02A__durance2,2014_Per_2011,durance2,B,midgut,Per,Pertuis,Durance,43.668139,5.493,2014-07-07;2014-08-20,2014,2011,Pt,Pt,pur,True,True,0.0001,0.0198136,Ch,7,H10,H,10,1,1,
15Bau1001Ch02A__durance2,2015_Bau_1001,durance2,B,midgut,Bau,Rosieres,Beaume,44.475,4.264,2015-07-22,2015,1001,Pt,Pt,pur,True,True,0.0001,0.0011884,Ch,8,A01,A,01,1,1,
15Bau1009Ch02A__durance2,2015_Bau_1009,durance2,B,midgut,Bau,Rosieres,Beaume,44.475,4.264,2015-07-22,2015,1009,Pt,Pt,pur,True,True,0.0001,0.0190407,Ch,8,A02,A,02,2,2,
15Bau1017Ch02A__durance2,2015_Bau_1017,durance2,B,midgut,Bau,Rosieres,Beaume,44.475,4.264,2015-07-22,2015,1017,Pt,Pt,pur,True,True,0.01931,0.026522699999999996,Ch,8,A03,A,03,3,3,
15Bau1025Ch02A__durance2,2015_Bau_1025,durance2,B,midgut,Bau,Rosieres,Beaume,44.475,4.264,2015-07-22,2015,1025,Pt,Pt,pur,True,True,0.019029945,0.066665255,Ch,8,A04,A,04,4,4,
15Jus1008Ch0A__durance2,2015_Jus_1008,durance2,B,midgut,Jus,Saint-Just-d'Ardeche,Ardeche,44.286,4.597833,2015-07-21,2015,1008,Pt,Pt,pur,True,False,0.045518999999999976,0.01,Ch,8,A05,A,05,2,2,
15Jus1016Ch0A__durance2,2015_Jus_1016,durance2,B,midgut,Jus,Saint-Just-d'Ardeche,Ardeche,44.286,4.597833,2015-07-21,2015,1016,Hy,Hy,quasi-pur,False,True,0.9999,0.23044900000000001,Ch,8,A06,A,06,3,3,
15Caa1005Ch0A__durance2,2015_Caa_1005,durance2,B,midgut,Caa,Canal (usine du Largue),Canal,43.853389,5.858444,2015-09-08,2015,1005,Cn,Cn,pur,True,True,0.9999,0.031225000000000058,Ch,8,A07,A,07,2,2,
15Caa1013Ch0A__durance2,2015_Caa_1013,durance2,B,midgut,Caa,Canal (usine du Largue),Canal,43.853389,5.858444,2015-09-08,2015,1013,Pt,Pt,pur,True,True,0.0001,0.0214899,Ch,8,A08,A,08,3,3,
15Avi1001Cn02A__durance2,2015_Avi_1001,durance2,B,midgut,Avi,Avignon,Durance,43.913,4.820722,2014-07-17;2015-07-10,2015,1001,Hy,Hy,quasi-pur,False,True,0.9999,0.36144699999999996,Cn,8,A09,A,09,3,3,
15Avi1009Cn02A__durance2,2015_Avi_1009,durance2,B,midgut,Avi,Avignon,Durance,43.913,4.820722,2014-07-17;2015-07-10,2015,1009,Cn,Cn,pur,True,True,0.9999,0.06070900000000001,Cn,8,A10,A,10,4,4,
15Bue1004Ch02A__durance2,2015_Bue_1004,durance2,B,midgut,Bue,Confluence Buech-Meouge,Buech,44.262,5.828,2014-07-03;2015-07-17,2015,1004,Pt,Pt,pur,True,True,0.0001,0.0,Ch,8,A11,A,11,5,5,
15Bue1012Ch02A__durance2,2015_Bue_1012,durance2,B,midgut,Bue,Confluence Buech-Meouge,Buech,44.262,5.828,2014-07-03;2015-07-17,2015,1012,Hy,Hy,quasi-pur,False,True,0.0001,0.393005,Ch,8,A12,A,12,6,6,
15Bau1002Ch02A__durance2,2015_Bau_1002,durance2,B,midgut,Bau,Rosieres,Beaume,44.475,4.264,2015-07-22,2015,1002,Pt,Pt,pur,True,True,0.0001,0.00046527,Ch,8,B01,B,01,1,1,
15Bau1010Ch02A__durance2,2015_Bau_1010,durance2,B,midgut,Bau,Rosieres,Beaume,44.475,4.264,2015-07-22,2015,1010,Hy,Hy,quasi-pur,False,True,0.0001,0.375879,Ch,8,B02,B,02,2,2,
15Bau1018Ch02A__durance2,2015_Bau_1018,durance2,B,midgut,Bau,Rosieres,Beaume,44.475,4.264,2015-07-22,2015,1018,Pt,Pt,pur,True,True,0.0001,0.0420278,Ch,8,B03,B,03,3,3,
15Jus1001CH02A__durance2,2015_Jus_1001,durance2,B,midgut,Jus,Saint-Just-d'Ardeche,Ardeche,44.286,4.597833,2015-07-21,2015,1001,Pt,Pt,pur,True,True,0.0001,0.0,Ch,8,B04,B,04,1,1,
15Jus1009Ch0A__durance2,2015_Jus_1009,durance2,B,midgut,Jus,Saint-Just-d'Ardeche,Ardeche,44.286,4.597833,2015-07-21,2015,1009,Hy,Hy,intermediaire,True,True,0.4761105,0.2859385,Ch,8,B05,B,05,2,2,
15Jus1017Ch0A__durance2,2015_Jus_1017,durance2,B,midgut,Jus,Saint-Just-d'Ardeche,Ardeche,44.286,4.597833,2015-07-21,2015,1017,Cn,Cn,pur,True,True,0.9999,0.022872000000000003,Ch,8,B06,B,06,3,3,
15Caa1006Ch0A__durance2,2015_Caa_1006,durance2,B,midgut,Caa,Canal (usine du Largue),Canal,43.853389,5.858444,2015-09-08,2015,1006,Hy,Hy,intermediaire,True,True,0.9211665,0.07827249999999997,Ch,8,B07,B,07,2,2,
15Caa1014Ch0A__durance2,2015_Caa_1014,durance2,B,midgut,Caa,Canal (usine du Largue),Canal,43.853389,5.858444,2015-09-08,2015,1014,Pt,Pt,pur,True,True,0.0001,0.008547260000000001,Ch,8,B08,B,08,3,3,
15Avi1002Cn02A__durance2,2015_Avi_1002,durance2,B,midgut,Avi,Avignon,Durance,43.913,4.820722,2014-07-17;2015-07-10,2015,1002,Hy,Hy,intermediaire,True,True,0.529004,0.06558199999999992,Cn,8,B09,B,09,3,3,
15Avi1010Cn02A__durance2,2015_Avi_1010,durance2,B,midgut,Avi,Avignon,Durance,43.913,4.820722,2014-07-17;2015-07-10,2015,1010,Cn,Cn,pur,True,True,0.9999,0.023951999999999973,Cn,8,B10,B,10,4,4,
15Bue1005Ch02A__durance2,2015_Bue_1005,durance2,B,midgut,Bue,Confluence Buech-Meouge,Buech,44.262,5.828,2014-07-03;2015-07-17,2015,1005,Hy,Hy,intermediaire,True,True,0.130852,0.06826000000000002,Ch,8,B11,B,11,5,5,
15Bue1013Ch02A__durance2,2015_Bue_1013,durance2,B,midgut,Bue,Confluence Buech-Meouge,Buech,44.262,5.828,2014-07-03;2015-07-17,2015,1013,Pt,Pt,pur,True,True,0.0001,0.0261861,Ch,8,B12,B,12,6,6,
15Bau1003Ch02A__durance2,2015_Bau_1003,durance2,B,midgut,Bau,Rosieres,Beaume,44.475,4.264,2015-07-22,2015,1003,Pt,Pt,pur,True,True,0.0001,0.0,Ch,8,C01,C,01,1,1,
15Bau1011Ch02A__durance2,2015_Bau_1011,durance2,B,midgut,Bau,Rosieres,Beaume,44.475,4.264,2015-07-22,2015,1011,Pt,Pt,pur,True,True,0.00156659,0.04267271,Ch,8,C02,C,02,2,2,
15Bau1019Ch02A__durance2,2015_Bau_1019,durance2,B,midgut,Bau,Rosieres,Beaume,44.475,4.264,2015-07-22,2015,1019,Hy,Pt,quasi-pur,False,True,0.0001,0.00373055,Ch,8,C03,C,03,3,3,
15Jus1002Ch0A__durance2,2015_Jus_1002,durance2,B,midgut,Jus,Saint-Just-d'Ardeche,Ardeche,44.286,4.597833,2015-07-21,2015,1002,Hy,Pt,quasi-pur,False,True,0.0001,0.034920799999999995,Ch,8,C04,C,04,1,1,
15Jus1010Ch0A__durance2,2015_Jus_1010,durance2,B,midgut,Jus,Saint-Just-d'Ardeche,Ardeche,44.286,4.597833,2015-07-21,2015,1010,Cn,Cn,pur,True,True,0.9999,0.04496900000000004,Ch,8,C05,C,05,2,2,
15Jus1018Ch0A__durance2,2015_Jus_1018,durance2,B,midgut,Jus,Saint-Just-d'Ardeche,Ardeche,44.286,4.597833,2015-07-21,2015,1018,Cn,Cn,pur,True,True,0.9970375,0.02751349999999997,Ch,8,C06,C,06,3,3,
15Caa1007Ch0A__durance2,2015_Caa_1007,durance2,B,midgut,Caa,Canal (usine du Largue),Canal,43.853389,5.858444,2015-09-08,2015,1007,Cn,Cn,pur,True,True,0.9847625,0.052702499999999985,Ch,8,C07,C,07,2,2,
15Caa1015Ch0A__durance2,2015_Caa_1015,durance2,B,midgut,Caa,Canal (usine du Largue),Canal,43.853389,5.858444,2015-09-08,2015,1015,Hy,Hy,intermediaire,True,True,0.7446605,0.20081149999999992,Ch,8,C08,C,08,3,3,
15Avi1003Cn02A__durance2,2015_Avi_1003,durance2,B,midgut,Avi,Avignon,Durance,43.913,4.820722,2014-07-17;2015-07-10,2015,1003,Cn,Cn,pur,True,True,0.9999,0.020881999999999956,Cn,8,C09,C,09,3,3,
15Avi1011Cn02A__durance2,2015_Avi_1011,durance2,B,midgut,Avi,Avignon,Durance,43.913,4.820722,2014-07-17;2015-07-10,2015,1011,Hy,Cn,quasi-pur,False,True,0.9999,0.05917300000000003,Cn,8,C10,C,10,4,4,
15Bue1006Ch02A__durance2,2015_Bue_1006,durance2,B,midgut,Bue,Confluence Buech-Meouge,Buech,44.262,5.828,2014-07-03;2015-07-17,2015,1006,Pt,Hy,pur,True,True,0.00753796,0.11408504,Ch,8,C11,C,11,5,5,
15Bue1014Ch02A__durance2,2015_Bue_1014,durance2,B,midgut,Bue,Confluence Buech-Meouge,Buech,44.262,5.828,2014-07-03;2015-07-17,2015,1014,Pt,Pt,pur,True,False,0.001654999999999962,0.0,Ch,8,C12,C,12,6,6,
15Bau1004Ch02A__durance2,2015_Bau_1004,durance2,B,midgut,Bau,Rosieres,Beaume,44.475,4.264,2015-07-22,2015,1004,Hy,Pt,quasi-pur,False,True,0.0001,0.07919129999999999,Ch,8,D01,D,01,1,1,
15Bau1012Ch02A__durance2,2015_Bau_1012,durance2,B,midgut,Bau,Rosieres,Beaume,44.475,4.264,2015-07-22,2015,1012,Pt,Pt,pur,True,True,0.0001,0.014222100000000001,Ch,8,D02,D,02,2,2,
15Bau1020Ch02A__durance2,2015_Bau_1020,durance2,B,midgut,Bau,Rosieres,Beaume,44.475,4.264,2015-07-22,2015,1020,Hy,Hy,quasi-pur,False,True,0.0001,0.206549,Ch,8,D03,D,03,3,3,
15Jus1003Ch0A__durance2,2015_Jus_1003,durance2,B,midgut,Jus,Saint-Just-d'Ardeche,Ardeche,44.286,4.597833,2015-07-21,2015,1003,Hy,Pt,quasi-pur,False,True,0.014152999999999999,0.0733562,Ch,8,D04,D,04,1,1,
15Jus1011Ch0A__durance2,2015_Jus_1011,durance2,B,midgut,Jus,Saint-Just-d'Ardeche,Ardeche,44.286,4.597833,2015-07-21,2015,1011,Cn,Hy,pur,True,True,0.9294205,0.06764250000000005,Ch,8,D05,D,05,2,2,
15Jus1019Ch0A__durance2,2015_Jus_1019,durance2,B,midgut,Jus,Saint-Just-d'Ardeche,Ardeche,44.286,4.597833,2015-07-21,2015,1019,Cn,Cn,pur,True,True,0.9999,0.043321000000000054,Ch,8,D06,D,06,3,3,
15Caa1008Ch0A__durance2,2015_Caa_1008,durance2,B,midgut,Caa,Canal (usine du Largue),Canal,43.853389,5.858444,2015-09-08,2015,1008,Hy,Hy,intermediaire,True,True,0.9208035,0.07993349999999999,Ch,8,D07,D,07,2,2,
15Caa1016Ch0A__durance2,2015_Caa_1016,durance2,B,midgut,Caa,Canal (usine du Largue),Canal,43.853389,5.858444,2015-09-08,2015,1016,Hy,Pt,quasi-pur,False,True,0.003348402,0.030516898,Ch,8,D08,D,08,3,3,
15Avi1004Cn02A__durance2,2015_Avi_1004,durance2,B,midgut,Avi,Avignon,Durance,43.913,4.820722,2014-07-17;2015-07-10,2015,1004,Cn,Cn,pur,True,True,0.9999,0.022290000000000032,Cn,8,D09,D,09,3,3,
15Avi1012Pt02A__durance2,2015_Avi_1012,durance2,B,midgut,Avi,Avignon,Durance,43.913,4.820722,2014-07-17;2015-07-10,2015,1012,Hy,Hy,quasi-pur,False,True,0.0001,0.39093300000000003,Pt,8,D10,D,10,4,4,
15Bue1007Ch02A__durance2,2015_Bue_1007,durance2,B,midgut,Bue,Confluence Buech-Meouge,Buech,44.262,5.828,2014-07-03;2015-07-17,2015,1007,Hy,Hy,intermediaire,True,True,0.220115,0.09282300000000002,Ch,8,D11,D,11,5,5,
15Bue1015Ch02A__durance2,2015_Bue_1015,durance2,B,midgut,Bue,Confluence Buech-Meouge,Buech,44.262,5.828,2014-07-03;2015-07-17,2015,1015,Pt,Pt,pur,True,True,0.0001,0.0178451,Ch,8,D12,D,12,6,6,
15Bau1005Ch02A__durance2,2015_Bau_1005,durance2,B,midgut,Bau,Rosieres,Beaume,44.475,4.264,2015-07-22,2015,1005,Pt,Pt,pur,True,True,0.004509865000000001,0.039507935,Ch,8,E01,E,01,1,1,
15Bau1013Ch02A__durance2,2015_Bau_1013,durance2,B,midgut,Bau,Rosieres,Beaume,44.475,4.264,2015-07-22,2015,1013,Pt,Pt,pur,True,True,0.0001,0.0409044,Ch,8,E02,E,02,2,2,
15Bau1021Ch02A__durance2,2015_Bau_1021,durance2,B,midgut,Bau,Rosieres,Beaume,44.475,4.264,2015-07-22,2015,1021,Hy,Pt,quasi-pur,False,True,0.0001,0.0344185,Ch,8,E03,E,03,3,3,
15Jus1004Ch0A__durance2,2015_Jus_1004,durance2,B,midgut,Jus,Saint-Just-d'Ardeche,Ardeche,44.286,4.597833,2015-07-21,2015,1004,Hy,Pt,quasi-pur,False,True,0.0001,0.008645690000000001,Ch,8,E04,E,04,1,1,
15Jus1012Ch0A__durance2,2015_Jus_1012,durance2,B,midgut,Jus,Saint-Just-d'Ardeche,Ardeche,44.286,4.597833,2015-07-21,2015,1012,Cn,Cn,pur,True,True,0.9999,0.02703500000000003,Ch,8,E05,E,05,2,2,
15Caa1001Ch0A__durance2,2015_Caa_1001,durance2,B,midgut,Caa,Canal (usine du Largue),Canal,43.853389,5.858444,2015-09-08,2015,1001,Cn,Cn,pur,True,True,0.947083,0.052817,Ch,8,E06,E,06,1,1,
15Caa1009Ch0A__durance2,2015_Caa_1009,durance2,B,midgut,Caa,Canal (usine du Largue),Canal,43.853389,5.858444,2015-09-08,2015,1009,Cn,Cn,pur,True,True,0.9999,0.03842699999999999,Ch,8,E07,E,07,2,2,
15Caa1017Ch0A__durance2,2015_Caa_1017,durance2,B,midgut,Caa,Canal (usine du Largue),Canal,43.853389,5.858444,2015-09-08,2015,1017,Hy,Hy,intermediaire,True,True,0.1006175,0.04702049999999999,Ch,8,E08,E,08,3,3,
15Avi1005Cn02A__durance2,2015_Avi_1005,durance2,B,midgut,Avi,Avignon,Durance,43.913,4.820722,2014-07-17;2015-07-10,2015,1005,Cn,Cn,pur,True,True,0.99929,0.06421699999999997,Cn,8,E09,E,09,3,3,
15Avi1013Pt02A__durance2,2015_Avi_1013,durance2,B,midgut,Avi,Avignon,Durance,43.913,4.820722,2014-07-17;2015-07-10,2015,1013,Hy,Hy,intermediaire,True,True,0.28511410000000004,0.33378589999999997,Pt,8,E10,E,10,4,4,
15Bue1008Ch02A__durance2,2015_Bue_1008,durance2,B,midgut,Bue,Confluence Buech-Meouge,Buech,44.262,5.828,2014-07-03;2015-07-17,2015,1008,Pt,Pt,pur,True,True,0.0001,0.00945818,Ch,8,E11,E,11,5,5,
15Bue1016Ch02A__durance2,2015_Bue_1016,durance2,B,midgut,Bue,Confluence Buech-Meouge,Buech,44.262,5.828,2014-07-03;2015-07-17,2015,1016,Hy,Hy,intermediaire,True,True,0.8887309999999999,0.15708699999999998,Ch,8,E12,E,12,6,6,
15Bau1006Ch02A__durance2,2015_Bau_1006,durance2,B,midgut,Bau,Rosieres,Beaume,44.475,4.264,2015-07-22,2015,1006,Hy,Hy,intermediaire,True,True,0.5132975,0.09612850000000006,Ch,8,F01,F,01,1,1,
15Bau1014Ch02A__durance2,2015_Bau_1014,durance2,B,midgut,Bau,Rosieres,Beaume,44.475,4.264,2015-07-22,2015,1014,Pt,Pt,pur,True,True,0.00344197,0.03864973,Ch,8,F02,F,02,2,2,
15Bau1022Ch02A__durance2,2015_Bau_1022,durance2,B,midgut,Bau,Rosieres,Beaume,44.475,4.264,2015-07-22,2015,1022,Pt,Pt,pur,True,True,0.026378,0.0396818,Ch,8,F03,F,03,3,3,
15Jus1005Ch0A__durance2,2015_Jus_1005,durance2,B,midgut,Jus,Saint-Just-d'Ardeche,Ardeche,44.286,4.597833,2015-07-21,2015,1005,Hy,Pt,quasi-pur,False,True,0.0001,0.0121084,Ch,8,F04,F,04,1,1,
15Jus1013Ch0A__durance2,2015_Jus_1013,durance2,B,midgut,Jus,Saint-Just-d'Ardeche,Ardeche,44.286,4.597833,2015-07-21,2015,1013,Cn,Cn,pur,True,True,0.9766085,0.10154149999999995,Ch,8,F05,F,05,2,2,
15Caa1002Ch0A__durance2,2015_Caa_1002,durance2,B,midgut,Caa,Canal (usine du Largue),Canal,43.853389,5.858444,2015-09-08,2015,1002,Cn,Cn,pur,True,True,0.9994325,0.1068714999999999,Ch,8,F06,F,06,1,1,
15Caa1010Ch0A__durance2,2015_Caa_1010,durance2,B,midgut,Caa,Canal (usine du Largue),Canal,43.853389,5.858444,2015-09-08,2015,1010,Cn,Cn,pur,True,True,0.9999,0.019187999999999983,Ch,8,F07,F,07,2,2,
15Caa1018Ch0A__durance2,2015_Caa_1018,durance2,B,midgut,Caa,Canal (usine du Largue),Canal,43.853389,5.858444,2015-09-08,2015,1018,Pt,Pt,pur,True,True,0.0001,0.0258486,Ch,8,F08,F,08,3,3,
15Avi1006Cn02A__durance2,2015_Avi_1006,durance2,B,midgut,Avi,Avignon,Durance,43.913,4.820722,2014-07-17;2015-07-10,2015,1006,Cn,Cn,pur,True,True,0.981626,0.024009999999999976,Cn,8,F09,F,09,3,3,
15Bue1001Ch02A__durance2,2015_Bue_1001,durance2,B,midgut,Bue,Confluence Buech-Meouge,Buech,44.262,5.828,2014-07-03;2015-07-17,2015,1001,Cn,Cn,pur,True,True,0.9999,0.05101900000000004,Ch,8,F10,F,10,4,4,
15Bue1009Ch02A__durance2,2015_Bue_1009,durance2,B,midgut,Bue,Confluence Buech-Meouge,Buech,44.262,5.828,2014-07-03;2015-07-17,2015,1009,Hy,Hy,intermediaire,True,True,0.9276935,0.1251184999999999,Ch,8,F11,F,11,5,5,
15Bue1017Ch02A__durance2,2015_Bue_1017,durance2,B,midgut,Bue,Confluence Buech-Meouge,Buech,44.262,5.828,2014-07-03;2015-07-17,2015,1017,Cn,Cn,pur,True,True,0.985546,0.08171899999999999,Ch,8,F12,F,12,6,6,
15Bau1007Ch02A__durance2,2015_Bau_1007,durance2,B,midgut,Bau,Rosieres,Beaume,44.475,4.264,2015-07-22,2015,1007,Pt,Pt,pur,True,True,0.0001,0.00827844,Ch,8,G01,G,01,1,1,
15Bau1015Ch02A__durance2,2015_Bau_1015,durance2,B,midgut,Bau,Rosieres,Beaume,44.475,4.264,2015-07-22,2015,1015,Pt,Pt,pur,True,True,0.0001,0.0171402,Ch,8,G02,G,02,2,2,
15Bau1023Ch02A__durance2,2015_Bau_1023,durance2,B,midgut,Bau,Rosieres,Beaume,44.475,4.264,2015-07-22,2015,1023,Pt,Pt,pur,True,True,0.0001,0.0,Ch,8,G03,G,03,3,3,
15Jus1006Ch0A__durance2,2015_Jus_1006,durance2,B,midgut,Jus,Saint-Just-d'Ardeche,Ardeche,44.286,4.597833,2015-07-21,2015,1006,Pt,Pt,pur,True,True,0.0001,0.0,Ch,8,G04,G,04,1,1,
15Jus1014Ch0A__durance2,2015_Jus_1014,durance2,B,midgut,Jus,Saint-Just-d'Ardeche,Ardeche,44.286,4.597833,2015-07-21,2015,1014,Cn,Cn,pur,True,True,0.9468705,0.05302950000000006,Ch,8,G05,G,05,2,2,
15Caa1003Ch0A__durance2,2015_Caa_1003,durance2,B,midgut,Caa,Canal (usine du Largue),Canal,43.853389,5.858444,2015-09-08,2015,1003,Cn,Cn,pur,True,True,0.9999,0.011297000000000001,Ch,8,G06,G,06,1,1,
15Caa1011Ch0A__durance2,2015_Caa_1011,durance2,B,midgut,Caa,Canal (usine du Largue),Canal,43.853389,5.858444,2015-09-08,2015,1011,Pt,Pt,pur,True,True,0.0001,0.0906421,Ch,8,G07,G,07,2,2,
15Caa1019Ch0A__durance2,2015_Caa_1019,durance2,B,midgut,Caa,Canal (usine du Largue),Canal,43.853389,5.858444,2015-09-08,2015,1019,Hy,Pt,quasi-pur,False,True,0.0001,0.007794419999999999,Ch,8,G08,G,08,3,3,
15Avi1007Cn02A__durance2,2015_Avi_1007,durance2,B,midgut,Avi,Avignon,Durance,43.913,4.820722,2014-07-17;2015-07-10,2015,1007,Cn,Cn,pur,True,True,0.9999,0.08638400000000002,Cn,8,G09,G,09,3,3,
15Bue1002Ch02A__durance2,2015_Bue_1002,durance2,B,midgut,Bue,Confluence Buech-Meouge,Buech,44.262,5.828,2014-07-03;2015-07-17,2015,1002,Cn,Cn,pur,True,True,0.9999,0.015835000000000043,Ch,8,G10,G,10,4,4,
15Bue1010Ch02A__durance2,2015_Bue_1010,durance2,B,midgut,Bue,Confluence Buech-Meouge,Buech,44.262,5.828,2014-07-03;2015-07-17,2015,1010,Hy,Hy,intermediaire,True,True,0.5373025,0.11367450000000001,Ch,8,G11,G,11,5,5,
15Bue1018Ch02A__durance2,2015_Bue_1018,durance2,B,midgut,Bue,Confluence Buech-Meouge,Buech,44.262,5.828,2014-07-03;2015-07-17,2015,1018,Hy,Hy,intermediaire,True,True,0.8807585,0.09011049999999998,Ch,8,G12,G,12,6,6,
15Bau1008Ch02A__durance2,2015_Bau_1008,durance2,B,midgut,Bau,Rosieres,Beaume,44.475,4.264,2015-07-22,2015,1008,Pt,Pt,pur,True,True,0.0001,0.039034,Ch,8,H01,H,01,1,1,
15Bau1016Ch02A__durance2,2015_Bau_1016,durance2,B,midgut,Bau,Rosieres,Beaume,44.475,4.264,2015-07-22,2015,1016,Hy,Hy,quasi-pur,False,True,0.02028617,0.44522083,Ch,8,H02,H,02,2,2,
15Bau1024Ch02A__durance2,2015_Bau_1024,durance2,B,midgut,Bau,Rosieres,Beaume,44.475,4.264,2015-07-22,2015,1024,Pt,Pt,pur,True,True,0.0001,0.0131795,Ch,8,H03,H,03,3,3,
15Jus1007Ch0A__durance2,2015_Jus_1007,durance2,B,midgut,Jus,Saint-Just-d'Ardeche,Ardeche,44.286,4.597833,2015-07-21,2015,1007,Pt,Pt,pur,True,True,0.0001,0.014199,Ch,8,H04,H,04,1,1,
15Jus1015Ch0A__durance2,2015_Jus_1015,durance2,B,midgut,Jus,Saint-Just-d'Ardeche,Ardeche,44.286,4.597833,2015-07-21,2015,1015,Cn,Cn,pur,True,True,0.9977965,0.050436499999999995,Ch,8,H05,H,05,2,2,
15Caa1004Ch0A__durance2,2015_Caa_1004,durance2,B,midgut,Caa,Canal (usine du Largue),Canal,43.853389,5.858444,2015-09-08,2015,1004,Cn,Cn,pur,True,True,0.9999,0.005790999999999991,Ch,8,H06,H,06,1,1,
15Caa1012Ch0A__durance2,2015_Caa_1012,durance2,B,midgut,Caa,Canal (usine du Largue),Canal,43.853389,5.858444,2015-09-08,2015,1012,Pt,Pt,pur,True,True,0.0001,0.0,Ch,8,H07,H,07,2,2,
15Caa1020Ch0A__durance2,2015_Caa_1020,durance2,B,midgut,Caa,Canal (usine du Largue),Canal,43.853389,5.858444,2015-09-08,2015,1020,Pt,Pt,pur,True,True,0.0001,0.0260511,Ch,8,H08,H,08,3,3,
15Avi1008Cn02A__durance2,2015_Avi_1008,durance2,B,midgut,Avi,Avignon,Durance,43.913,4.820722,2014-07-17;2015-07-10,2015,1008,Cn,Cn,pur,True,True,0.9999,0.01104000000000005,Cn,8,H09,H,09,3,3,
15Bue1003Ch02A__durance2,2015_Bue_1003,durance2,B,midgut,Bue,Confluence Buech-Meouge,Buech,44.262,5.828,2014-07-03;2015-07-17,2015,1003,Cn,Cn,pur,True,True,0.9999,0.015947000000000044,Ch,8,H10,H,10,4,4,
15Bue1011Ch02A__durance2,2015_Bue_1011,durance2,B,midgut,Bue,Confluence Buech-Meouge,Buech,44.262,5.828,2014-07-03;2015-07-17,2015,1011,Hy,Hy,intermediaire,True,True,0.7010149999999999,0.10766600000000004,Ch,8,H11,H,11,5,5,
14Ain1001Cn01A__durance3,2014_Ain_1001,durance3,B,caudale,Ain,Pont-d'Ain,Suran,46.048,5.324,2014-08-12,2014,1001,Cn,Cn,pur,True,True,0.9999,0.02987200000000001,Cn,1,A01,A,01,1,1,
14Ain1038Pt01A__durance3,2014_Ain_1038,durance3,B,caudale,Ain,Chavannes-sur-Suran,Suran,46.264389,5.429444,2014-08-12,2014,1038,Pt,Pt,pur,True,True,0.0001,0.0105608,Pt,1,A02,A,02,2,2,
15Cab1003Ch01A__durance3,2015_Cab_1003,durance3,B,caudale,Cab,Pont-d'Ain,Suran,46.048,5.324,2015-08-26,2015,1003,Cn,Cn,pur,True,True,0.9790135,0.04033549999999997,Ch,1,A03,A,03,2,3,
15Cab1011Ch01A__durance3,2015_Cab_1011,durance3,B,caudale,Cab,Chavannes-sur-Suran,Suran,46.264389,5.429444,2015-08-26,2015,1011,Pt,Pt,pur,True,False,0.00042399999999997995,0.0,Ch,1,A04,A,04,3,4,
15Cab1019Ch01A__durance3,2015_Cab_1019,durance3,B,caudale,Cab,Chavannes-sur-Suran,Suran,46.264389,5.429444,2015-08-26,2015,1019,Pt,Pt,pur,True,True,0.0001,0.0,Ch,1,A05,A,05,4,5,
14Avi1008Cn01A__durance3,2014_Avi_1008,durance3,B,caudale,Avi,Avignon,Durance,43.913,4.820722,2014-07-17;2015-07-10,2014,1008,Cn,Cn,pur,True,True,0.9790425,0.04159250000000003,Cn,1,A06,A,06,2,2,
14Bue1005Cn01A__durance3,2014_Bue_1005,durance3,B,caudale,Bue,Confluence Buech-Meouge,Buech,44.262,5.828,2014-07-03;2015-07-17,2014,1005,Cn,Cn,pur,True,True,0.996529,0.015122999999999998,Cn,1,A07,A,07,2,2,mock_contaminated
14Bue1015Ch01A__durance3,2014_Bue_1015,durance3,B,caudale,Bue,Confluence Buech-Meouge,Buech,44.262,5.828,2014-07-03;2015-07-17,2014,1015,Pt,Pt,pur,True,True,0.0001,0.027206,Ch,1,A08,A,08,3,3,
14Man1011Ch01A__durance3,2014_Man_1011,durance3,B,caudale,Man,Manosque-Oraison,Durance,43.919667,5.896278,2014-07-23,2014,1011,Hy,Pt,quasi-pur,False,True,0.0001,0.0034689200000000003,Ch,1,A09,A,09,2,2,
14Man1019Ch01A__durance3,2014_Man_1019,durance3,B,caudale,Man,Manosque-Oraison,Durance,43.919667,5.896278,2014-07-23,2014,1019,Pt,Pt,pur,True,True,0.0001,0.00794395,Ch,1,A10,A,10,3,3,
14Per2011Ch01A__durance3,2014_Per_2011,durance3,B,caudale,Per,Pertuis,Durance,43.668139,5.493,2014-07-07;2014-08-20,2014,2011,Pt,Pt,pur,True,True,0.0001,0.0198136,Ch,1,A11,A,11,2,2,
14Per2011Ch01A-bis__durance3,2014_Per_2011,durance3,B,caudale,Per,Pertuis,Durance,43.668139,5.493,2014-07-07;2014-08-20,2014,2011,Pt,Pt,pur,True,True,0.0001,0.0198136,Ch,1,A12,A,12,3,3,
14Ain1002Cn01A__durance3,2014_Ain_1002,durance3,B,caudale,Ain,Pont-d'Ain,Suran,46.048,5.324,2014-08-12,2014,1002,Cn,Cn,pur,True,True,0.9999,0.027077000000000018,Cn,1,B01,B,01,1,1,
14Ain1039Pt01A__durance3,2014_Ain_1039,durance3,B,caudale,Ain,Chavannes-sur-Suran,Suran,46.264389,5.429444,2014-08-12,2014,1039,Pt,Pt,pur,True,True,0.0001,0.0118913,Pt,1,B02,B,02,2,2,
15Cab1004Ch01A__durance3,2015_Cab_1004,durance3,B,caudale,Cab,Pont-d'Ain,Suran,46.048,5.324,2015-08-26,2015,1004,Cn,Cn,pur,True,True,0.9916195,0.051615500000000036,Ch,1,B03,B,03,2,3,
15Cab1012Ch01A__durance3,2015_Cab_1012,durance3,B,caudale,Cab,Chavannes-sur-Suran,Suran,46.264389,5.429444,2015-08-26,2015,1012,Pt,Pt,pur,True,True,0.0001,0.0024834600000000003,Ch,1,B04,B,04,3,4,
14Avi1001Cn01A__durance3,2014_Avi_1001,durance3,B,caudale,Avi,Avignon,Durance,43.913,4.820722,2014-07-17;2015-07-10,2014,1001,Cn,Cn,pur,True,True,0.9999,0.014294000000000029,Cn,1,B05,B,05,1,1,
14Avi1036Cn01A__durance3,2014_Avi_1036,durance3,B,caudale,Avi,Avignon,Durance,43.913,4.820722,2014-07-17;2015-07-10,2014,1036,Cn,Cn,pur,True,True,0.9999,0.025182000000000038,Cn,1,B06,B,06,2,2,
14Bue1006Cn01A__durance3,2014_Bue_1006,durance3,B,caudale,Bue,Confluence Buech-Meouge,Buech,44.262,5.828,2014-07-03;2015-07-17,2014,1006,Hy,Hy,intermediaire,True,True,0.9466924999999999,0.09561849999999994,Cn,1,B07,B,07,2,2,
14Bue1016Ch01A__durance3,2014_Bue_1016,durance3,B,caudale,Bue,Confluence Buech-Meouge,Buech,44.262,5.828,2014-07-03;2015-07-17,2014,1016,Hy,Pt,quasi-pur,False,True,0.0001,0.025033800000000002,Ch,1,B08,B,08,3,3,
14Man1012Ch01A__durance3,2014_Man_1012,durance3,B,caudale,Man,Manosque-Oraison,Durance,43.919667,5.896278,2014-07-23,2014,1012,Pt,Pt,pur,True,True,0.0001,0.00126172,Ch,1,B09,B,09,2,2,
14Man1020Ch01A__durance3,2014_Man_1020,durance3,B,caudale,Man,Manosque-Oraison,Durance,43.919667,5.896278,2014-07-23,2014,1020,Hy,Pt,quasi-pur,False,True,0.0001,0.00115361,Ch,1,B10,B,10,3,3,
14Per2012Ch01A__durance3,2014_Per_2012,durance3,B,caudale,Per,Pertuis,Durance,43.668139,5.493,2014-07-07;2014-08-20,2014,2012,Pt,Pt,pur,True,True,0.0001,0.0,Ch,1,B11,B,11,2,2,
14Per2012Ch01A-bis__durance3,2014_Per_2012,durance3,B,caudale,Per,Pertuis,Durance,43.668139,5.493,2014-07-07;2014-08-20,2014,2012,Pt,Pt,pur,True,True,0.0001,0.0,Ch,1,B12,B,12,3,3,
14Ain1011Pt01A__durance3,2014_Ain_1011,durance3,B,caudale,Ain,Chavannes-sur-Suran,Suran,46.264389,5.429444,2014-08-12,2014,1011,Pt,Pt,pur,True,True,0.0001,0.00132522,Pt,1,C01,C,01,1,1,
14Ain1040Pt01A__durance3,2014_Ain_1040,durance3,B,caudale,Ain,Chavannes-sur-Suran,Suran,46.264389,5.429444,2014-08-12,2014,1040,Pt,Pt,pur,True,True,0.0001,0.029344600000000002,Pt,1,C02,C,02,2,2,
15Cab1005Ch01A__durance3,2015_Cab_1005,durance3,B,caudale,Cab,Pont-d'Ain,Suran,46.048,5.324,2015-08-26,2015,1005,Cn,Cn,pur,True,True,0.9999,0.04226799999999997,Ch,1,C03,C,03,2,3,
15Cab1013Ch01A__durance3,2015_Cab_1013,durance3,B,caudale,Cab,Chavannes-sur-Suran,Suran,46.264389,5.429444,2015-08-26,2015,1013,Pt,Pt,pur,True,True,0.0001,0.0639904,Ch,1,C04,C,04,3,4,
14Avi1002Cn01A__durance3,2014_Avi_1002,durance3,B,caudale,Avi,Avignon,Durance,43.913,4.820722,2014-07-17;2015-07-10,2014,1002,Cn,Cn,pur,True,True,0.9999,0.01569799999999999,Cn,1,C05,C,05,1,1,
14Avi1037-01A__durance3,2014_Avi_1037,durance3,B,caudale,Avi,Avignon,Durance,43.913,4.820722,2014-07-17;2015-07-10,2014,1037,Cn,Cn,pur,True,True,0.9999,0.114066,Cn,1,C06,C,06,2,2,
14Bue1007Cn01A__durance3,2014_Bue_1007,durance3,B,caudale,Bue,Confluence Buech-Meouge,Buech,44.262,5.828,2014-07-03;2015-07-17,2014,1007,Cn,Cn,pur,True,True,0.9999,0.013390000000000013,Cn,1,C07,C,07,2,2,
14Bue1017Ch01A__durance3,2014_Bue_1017,durance3,B,caudale,Bue,Confluence Buech-Meouge,Buech,44.262,5.828,2014-07-03;2015-07-17,2014,1017,Pt,Pt,pur,True,True,0.0001,0.0436135,Ch,1,C08,C,08,3,3,
14Man1013Ch01A__durance3,2014_Man_1013,durance3,B,caudale,Man,Manosque-Oraison,Durance,43.919667,5.896278,2014-07-23,2014,1013,Pt,Pt,pur,True,True,0.0001,0.0236388,Ch,1,C09,C,09,2,2,
14Man1021Ch01A__durance3,2014_Man_1021,durance3,B,caudale,Man,Manosque-Oraison,Durance,43.919667,5.896278,2014-07-23,2014,1021,Hy,Hy,intermediaire,True,True,0.2179825,0.1247321,Ch,1,C10,C,10,3,3,
14Per2013Ch01A__durance3,2014_Per_2013,durance3,B,caudale,Per,Pertuis,Durance,43.668139,5.493,2014-07-07;2014-08-20,2014,2013,Hy,Hy,intermediaire,True,True,0.2097815,0.1761465,Ch,1,C11,C,11,2,2,
14Ain1012Pt01A__durance3,2014_Ain_1012,durance3,B,caudale,Ain,Chavannes-sur-Suran,Suran,46.264389,5.429444,2014-08-12,2014,1012,Pt,Pt,pur,True,True,0.0001,0.034025599999999996,Pt,1,D01,D,01,1,1,
14Ain1041Pt01A__durance3,2014_Ain_1041,durance3,B,caudale,Ain,Chavannes-sur-Suran,Suran,46.264389,5.429444,2014-08-12,2014,1041,Pt,Pt,pur,True,True,0.0001,0.0032175100000000002,Pt,1,D02,D,02,2,2,
15Cab1006Ch01A__durance3,2015_Cab_1006,durance3,B,caudale,Cab,Pont-d'Ain,Suran,46.048,5.324,2015-08-26,2015,1006,Cn,Cn,pur,True,True,0.9676345,0.0767025,Ch,1,D03,D,03,2,3,
15Cab1014Ch01A__durance3,2015_Cab_1014,durance3,B,caudale,Cab,Chavannes-sur-Suran,Suran,46.264389,5.429444,2015-08-26,2015,1014,Pt,Pt,pur,True,True,0.0001,0.0,Ch,1,D04,D,04,3,4,
14Avi1003Cn01A__durance3,2014_Avi_1003,durance3,B,caudale,Avi,Avignon,Durance,43.913,4.820722,2014-07-17;2015-07-10,2014,1003,Cn,Cn,pur,True,True,0.9999,0.002593999999999985,Cn,1,D05,D,05,1,1,
14Avi1038Cn01A__durance3,2014_Avi_1038,durance3,B,caudale,Avi,Avignon,Durance,43.913,4.820722,2014-07-17;2015-07-10,2014,1038,Cn,Cn,pur,True,True,0.9999,0.017442999999999986,Cn,1,D06,D,06,2,2,
14Bue1008Cn01A__durance3,2014_Bue_1008,durance3,B,caudale,Bue,Confluence Buech-Meouge,Buech,44.262,5.828,2014-07-03;2015-07-17,2014,1008,Cn,Cn,pur,True,True,0.9999,0.019206999999999974,Cn,1,D07,D,07,2,2,
14Bue1018Ch01A__durance3,2014_Bue_1018,durance3,B,caudale,Bue,Confluence Buech-Meouge,Buech,44.262,5.828,2014-07-03;2015-07-17,2014,1018,Pt,Pt,pur,True,True,0.0001,0.009559940000000001,Ch,1,D08,D,08,3,3,
14Man1014Ch01A__durance3,2014_Man_1014,durance3,B,caudale,Man,Manosque-Oraison,Durance,43.919667,5.896278,2014-07-23,2014,1014,Pt,Pt,pur,True,True,0.0001,0.0023953100000000003,Ch,1,D09,D,09,2,2,
14Man1022Ch01A__durance3,2014_Man_1022,durance3,B,caudale,Man,Manosque-Oraison,Durance,43.919667,5.896278,2014-07-23,2014,1022,Pt,Pt,pur,True,True,0.0001,0.010545200000000001,Ch,1,D10,D,10,3,3,
14Per2014Ch01A__durance3,2014_Per_2014,durance3,B,caudale,Per,Pertuis,Durance,43.668139,5.493,2014-07-07;2014-08-20,2014,2014,Pt,Pt,pur,True,True,0.0001,0.0,Ch,1,D11,D,11,2,2,
14Ain1013Pt01A__durance3,2014_Ain_1013,durance3,B,caudale,Ain,Chavannes-sur-Suran,Suran,46.264389,5.429444,2014-08-12,2014,1013,Pt,Pt,pur,True,True,0.0001,0.0099728,Pt,1,E01,E,01,1,1,
14Ain1042Pt01A__durance3,2014_Ain_1042,durance3,B,caudale,Ain,Chavannes-sur-Suran,Suran,46.264389,5.429444,2014-08-12,2014,1042,Pt,Pt,pur,True,True,0.0001,0.0252761,Pt,1,E02,E,02,2,2,
15Cab1007Ch01A__durance3,2015_Cab_1007,durance3,B,caudale,Cab,Pont-d'Ain,Suran,46.048,5.324,2015-08-26,2015,1007,Cn,Cn,pur,True,True,0.986855,0.040076,Ch,1,E03,E,03,2,3,
15Cab1015Ch01A__durance3,2015_Cab_1015,durance3,B,caudale,Cab,Chavannes-sur-Suran,Suran,46.264389,5.429444,2015-08-26,2015,1015,Pt,Pt,pur,True,True,0.0001,0.0122371,Ch,1,E04,E,04,3,4,
14Avi1004Cn01A__durance3,2014_Avi_1004,durance3,B,caudale,Avi,Avignon,Durance,43.913,4.820722,2014-07-17;2015-07-10,2014,1004,Cn,Cn,pur,True,True,0.9999,0.01977300000000004,Cn,1,E05,E,05,1,1,
14Bue1001Cn01A__durance3,2014_Bue_1001,durance3,B,caudale,Bue,Confluence Buech-Meouge,Buech,44.262,5.828,2014-07-03;2015-07-17,2014,1001,Cn,Cn,pur,True,False,0.9878026,0.0,Cn,1,E06,E,06,1,1,mock_contaminated
14Bue1011Ch01A__durance3,2014_Bue_1011,durance3,B,caudale,Bue,Confluence Buech-Meouge,Buech,44.262,5.828,2014-07-03;2015-07-17,2014,1011,Pt,Pt,pur,True,True,0.0001,0.0232161,Ch,1,E07,E,07,2,2,
14Bue1019Ch01A__durance3,2014_Bue_1019,durance3,B,caudale,Bue,Confluence Buech-Meouge,Buech,44.262,5.828,2014-07-03;2015-07-17,2014,1019,Pt,Pt,pur,True,True,0.0001,0.0,Ch,1,E08,E,08,3,3,
14Man1015Ch01A__durance3,2014_Man_1015,durance3,B,caudale,Man,Manosque-Oraison,Durance,43.919667,5.896278,2014-07-23,2014,1015,Pt,Pt,pur,True,True,0.0001,0.0,Ch,1,E09,E,09,2,2,
14Per1011Ch01A__durance3,2014_Per_1011,durance3,B,caudale,Per,Pertuis,Durance,43.668139,5.493,2014-07-07;2014-08-20,2014,1011,Pt,Pt,pur,True,True,0.0001,0.01805,Ch,1,E10,E,10,1,1,
14Per2015Ch01A__durance3,2014_Per_2015,durance3,B,caudale,Per,Pertuis,Durance,43.668139,5.493,2014-07-07;2014-08-20,2014,2015,Pt,Pt,pur,True,True,0.0001,0.0,Ch,1,E11,E,11,2,2,
14Ain1014Pt01A__durance3,2014_Ain_1014,durance3,B,caudale,Ain,Chavannes-sur-Suran,Suran,46.264389,5.429444,2014-08-12,2014,1014,Pt,Pt,pur,True,True,0.0001,0.0193883,Pt,1,F01,F,01,1,1,
14Ain1043Pt01A__durance3,2014_Ain_1043,durance3,B,caudale,Ain,Chavannes-sur-Suran,Suran,46.264389,5.429444,2014-08-12,2014,1043,Pt,Pt,pur,True,True,0.0001,0.0059209399999999995,Pt,1,F02,F,02,2,2,mock_contaminated
15Cab1008Ch01A__durance3,2015_Cab_1008,durance3,B,caudale,Cab,Pont-d'Ain,Suran,46.048,5.324,2015-08-26,2015,1008,Cn,Cn,pur,True,True,0.997914,0.01697700000000002,Ch,1,F03,F,03,2,3,
15Cab1016Ch01A__durance3,2015_Cab_1016,durance3,B,caudale,Cab,Chavannes-sur-Suran,Suran,46.264389,5.429444,2015-08-26,2015,1016,Pt,Pt,pur,True,True,0.0001,0.00194113,Ch,1,F04,F,04,3,4,
14Avi1005Cn01A__durance3,2014_Avi_1005,durance3,B,caudale,Avi,Avignon,Durance,43.913,4.820722,2014-07-17;2015-07-10,2014,1005,Cn,Cn,pur,True,True,0.9999,0.08110799999999996,Cn,1,F05,F,05,1,1,
14Bue1002Cn01A__durance3,2014_Bue_1002,durance3,B,caudale,Bue,Confluence Buech-Meouge,Buech,44.262,5.828,2014-07-03;2015-07-17,2014,1002,Cn,Cn,pur,True,False,0.989712,0.0,Cn,1,F06,F,06,1,1,
14Bue1012Ch01A__durance3,2014_Bue_1012,durance3,B,caudale,Bue,Confluence Buech-Meouge,Buech,44.262,5.828,2014-07-03;2015-07-17,2014,1012,Pt,Pt,pur,True,True,0.0001,0.0,Ch,1,F07,F,07,2,2,
14Man1001Cn01A__durance3,2014_Man_1001,durance3,B,caudale,Man,Manosque-Oraison,Durance,43.919667,5.896278,2014-07-23,2014,1001,Pt,Pt,pur,True,True,0.0001,0.0031458500000000004,Cn,1,F08,F,08,1,1,
14Man1016Ch01A__durance3,2014_Man_1016,durance3,B,caudale,Man,Manosque-Oraison,Durance,43.919667,5.896278,2014-07-23,2014,1016,Pt,Pt,pur,True,True,0.0001,0.00548115,Ch,1,F09,F,09,2,2,
14per1012Ch01A__durance3,2014_Per_1012,durance3,B,caudale,Per,Pertuis,Durance,43.668139,5.493,2014-07-07;2014-08-20,2014,1012,Pt,Pt,pur,True,True,0.0001,0.00345481,Ch,1,F10,F,10,1,1,
14Ain1036Cn01A__durance3,2014_Ain_1036,durance3,B,caudale,Ain,Pont-d'Ain,Suran,46.048,5.324,2014-08-12,2014,1036,Cn,Cn,pur,True,True,0.9634205,0.05584849999999997,Cn,1,G01,G,01,1,1,
15Cab1001Ch01A__durance3,2015_Cab_1001,durance3,B,caudale,Cab,Pont-d'Ain,Suran,46.048,5.324,2015-08-26,2015,1001,Cn,Cn,pur,True,True,0.9999,0.07011200000000006,Ch,1,G02,G,02,1,2,
15Cab1009Ch01A__durance3,2015_Cab_1009,durance3,B,caudale,Cab,Pont-d'Ain,Suran,46.048,5.324,2015-08-26,2015,1009,Hy,Hy,intermediaire,True,True,0.8998935,0.13065250000000006,Ch,1,G03,G,03,2,3,
15Cab1017Ch01A__durance3,2015_Cab_1017,durance3,B,caudale,Cab,Chavannes-sur-Suran,Suran,46.264389,5.429444,2015-08-26,2015,1017,Pt,Pt,pur,True,True,0.0001,0.0135881,Ch,1,G04,G,04,3,4,
14Avi1006Cn01A__durance3,2014_Avi_1006,durance3,B,caudale,Avi,Avignon,Durance,43.913,4.820722,2014-07-17;2015-07-10,2014,1006,Cn,Cn,pur,True,True,0.9999,0.03937199999999996,Cn,1,G05,G,05,1,1,
14Bue1003Cn01A__durance3,2014_Bue_1003,durance3,B,caudale,Bue,Confluence Buech-Meouge,Buech,44.262,5.828,2014-07-03;2015-07-17,2014,1003,Cn,Cn,pur,True,True,0.9999,0.05878899999999998,Cn,1,G06,G,06,1,1,
14Bue1013Ch01A__durance3,2014_Bue_1013,durance3,B,caudale,Bue,Confluence Buech-Meouge,Buech,44.262,5.828,2014-07-03;2015-07-17,2014,1013,Pt,Pt,pur,True,True,0.0001,0.023389300000000002,Ch,1,G07,G,07,2,2,
14Man1002Cn01A__durance3,2014_Man_1002,durance3,B,caudale,Man,Manosque-Oraison,Durance,43.919667,5.896278,2014-07-23,2014,1002,Hy,Hy,quasi-pur,False,True,0.0001,0.366158,Cn,1,G08,G,08,1,1,
14Man1017Ch01A__durance3,2014_Man_1017,durance3,B,caudale,Man,Manosque-Oraison,Durance,43.919667,5.896278,2014-07-23,2014,1017,Pt,Pt,pur,True,True,0.0001,0.0,Ch,1,G09,G,09,2,2,
14per1013Ch01A__durance3,2014_Per_1013,durance3,B,caudale,Per,Pertuis,Durance,43.668139,5.493,2014-07-07;2014-08-20,2014,1013,Pt,Pt,pur,True,True,0.0001,0.0,Ch,1,G10,G,10,1,1,
14Ain1037Cn01A__durance3,2014_Ain_1037,durance3,B,caudale,Ain,Pont-d'Ain,Suran,46.048,5.324,2014-08-12,2014,1037,Cn,Cn,pur,True,True,0.9999,0.021923000000000026,Cn,1,H01,H,01,1,1,
15Cab1002Ch01A__durance3,2015_Cab_1002,durance3,B,caudale,Cab,Pont-d'Ain,Suran,46.048,5.324,2015-08-26,2015,1002,Cn,Cn,pur,True,True,0.9624035,0.043770499999999934,Ch,1,H02,H,02,1,2,
15Cab1010Ch01A__durance3,2015_Cab_1010,durance3,B,caudale,Cab,Pont-d'Ain,Suran,46.048,5.324,2015-08-26,2015,1010,Hy,Hy,intermediaire,True,True,0.759876,0.07340000000000002,Ch,1,H03,H,03,2,3,
15Cab1018Ch01A__durance3,2015_Cab_1018,durance3,B,caudale,Cab,Chavannes-sur-Suran,Suran,46.264389,5.429444,2015-08-26,2015,1018,Pt,Pt,pur,True,True,0.0001,0.018595900000000002,Ch,1,H04,H,04,3,4,
14Avi1007Cn01A__durance3,2014_Avi_1007,durance3,B,caudale,Avi,Avignon,Durance,43.913,4.820722,2014-07-17;2015-07-10,2014,1007,Cn,Cn,pur,True,True,0.9999,0.010548000000000002,Cn,1,H05,H,05,1,1,
14Bue1004Cn01A__durance3,2014_Bue_1004,durance3,B,caudale,Bue,Confluence Buech-Meouge,Buech,44.262,5.828,2014-07-03;2015-07-17,2014,1004,Cn,Cn,pur,True,True,0.9999,0.01164900000000002,Cn,1,H06,H,06,1,1,mock_contaminated
14Bue1014Ch01A__durance3,2014_Bue_1014,durance3,B,caudale,Bue,Confluence Buech-Meouge,Buech,44.262,5.828,2014-07-03;2015-07-17,2014,1014,Pt,Pt,pur,True,True,0.00459266,0.015245940000000001,Ch,1,H07,H,07,2,2,
14Man1010Cn01A__durance3,2014_Man_1010,durance3,B,caudale,Man,Manosque-Oraison,Durance,43.919667,5.896278,2014-07-23,2014,1010,Hy,Pt,quasi-pur,False,True,0.0001,0.0,Cn,1,H08,H,08,1,1,
14Man1018Ch01A__durance3,2014_Man_1018,durance3,B,caudale,Man,Manosque-Oraison,Durance,43.919667,5.896278,2014-07-23,2014,1018,Pt,Pt,pur,True,True,0.0001,0.0202354,Ch,1,H09,H,09,2,2,
14per1014Ch01A__durance3,2014_Per_1014,durance3,B,caudale,Per,Pertuis,Durance,43.668139,5.493,2014-07-07;2014-08-20,2014,1014,Pt,Pt,pur,True,True,0.0001,0.006368319999999999,Ch,1,H10,H,10,1,1,
15Bau1001Ch01A__durance3,2015_Bau_1001,durance3,B,caudale,Bau,Rosieres,Beaume,44.475,4.264,2015-07-22,2015,1001,Pt,Pt,pur,True,True,0.0001,0.0011884,Ch,2,A01,A,01,1,1,
15Bau1009Ch01A__durance3,2015_Bau_1009,durance3,B,caudale,Bau,Rosieres,Beaume,44.475,4.264,2015-07-22,2015,1009,Pt,Pt,pur,True,True,0.0001,0.0190407,Ch,2,A02,A,02,2,2,
15Bau1017Ch01A__durance3,2015_Bau_1017,durance3,B,caudale,Bau,Rosieres,Beaume,44.475,4.264,2015-07-22,2015,1017,Pt,Pt,pur,True,True,0.01931,0.026522699999999996,Ch,2,A03,A,03,3,3,
15Bau1025Ch01A__durance3,2015_Bau_1025,durance3,B,caudale,Bau,Rosieres,Beaume,44.475,4.264,2015-07-22,2015,1025,Pt,Pt,pur,True,True,0.019029945,0.066665255,Ch,2,A04,A,04,4,4,
15Jus1008Ch01A__durance3,2015_Jus_1008,durance3,B,caudale,Jus,Saint-Just-d'Ardeche,Ardeche,44.286,4.597833,2015-07-21,2015,1008,Pt,Pt,pur,True,False,0.045518999999999976,0.01,Ch,2,A05,A,05,2,2,
15Jus1016Ch01A__durance3,2015_Jus_1016,durance3,B,caudale,Jus,Saint-Just-d'Ardeche,Ardeche,44.286,4.597833,2015-07-21,2015,1016,Hy,Hy,quasi-pur,False,True,0.9999,0.23044900000000001,Ch,2,A06,A,06,3,3,
15Caa1005Ch01A__durance3,2015_Caa_1005,durance3,B,caudale,Caa,Canal (usine du Largue),Canal,43.853389,5.858444,2015-09-08,2015,1005,Cn,Cn,pur,True,True,0.9999,0.031225000000000058,Ch,2,A07,A,07,2,2,
15Caa1013Ch01A__durance3,2015_Caa_1013,durance3,B,caudale,Caa,Canal (usine du Largue),Canal,43.853389,5.858444,2015-09-08,2015,1013,Pt,Pt,pur,True,True,0.0001,0.0214899,Ch,2,A08,A,08,3,3,
15Avi1001Cn01A__durance3,2015_Avi_1001,durance3,B,caudale,Avi,Avignon,Durance,43.913,4.820722,2014-07-17;2015-07-10,2015,1001,Hy,Hy,quasi-pur,False,True,0.9999,0.36144699999999996,Cn,2,A09,A,09,3,3,
15Avi1009Cn01A__durance3,2015_Avi_1009,durance3,B,caudale,Avi,Avignon,Durance,43.913,4.820722,2014-07-17;2015-07-10,2015,1009,Cn,Cn,pur,True,True,0.9999,0.06070900000000001,Cn,2,A10,A,10,4,4,
15Bue1004Ch01A__durance3,2015_Bue_1004,durance3,B,caudale,Bue,Confluence Buech-Meouge,Buech,44.262,5.828,2014-07-03;2015-07-17,2015,1004,Pt,Pt,pur,True,True,0.0001,0.0,Ch,2,A11,A,11,5,5,
15Bue1012Ch01A__durance3,2015_Bue_1012,durance3,B,caudale,Bue,Confluence Buech-Meouge,Buech,44.262,5.828,2014-07-03;2015-07-17,2015,1012,Hy,Hy,quasi-pur,False,True,0.0001,0.393005,Ch,2,A12,A,12,6,6,
15Bau1002Ch01A__durance3,2015_Bau_1002,durance3,B,caudale,Bau,Rosieres,Beaume,44.475,4.264,2015-07-22,2015,1002,Pt,Pt,pur,True,True,0.0001,0.00046527,Ch,2,B01,B,01,1,1,
15Bau1010Ch01A__durance3,2015_Bau_1010,durance3,B,caudale,Bau,Rosieres,Beaume,44.475,4.264,2015-07-22,2015,1010,Hy,Hy,quasi-pur,False,True,0.0001,0.375879,Ch,2,B02,B,02,2,2,
15Bau1018Ch01A__durance3,2015_Bau_1018,durance3,B,caudale,Bau,Rosieres,Beaume,44.475,4.264,2015-07-22,2015,1018,Pt,Pt,pur,True,True,0.0001,0.0420278,Ch,2,B03,B,03,3,3,
15Jus1001Ch01A__durance3,2015_Jus_1001,durance3,B,caudale,Jus,Saint-Just-d'Ardeche,Ardeche,44.286,4.597833,2015-07-21,2015,1001,Pt,Pt,pur,True,True,0.0001,0.0,Ch,2,B04,B,04,1,1,
15Jus1009Ch01A__durance3,2015_Jus_1009,durance3,B,caudale,Jus,Saint-Just-d'Ardeche,Ardeche,44.286,4.597833,2015-07-21,2015,1009,Hy,Hy,intermediaire,True,True,0.4761105,0.2859385,Ch,2,B05,B,05,2,2,
15Jus1017Ch01A__durance3,2015_Jus_1017,durance3,B,caudale,Jus,Saint-Just-d'Ardeche,Ardeche,44.286,4.597833,2015-07-21,2015,1017,Cn,Cn,pur,True,True,0.9999,0.022872000000000003,Ch,2,B06,B,06,3,3,
15Caa1006Ch01A__durance3,2015_Caa_1006,durance3,B,caudale,Caa,Canal (usine du Largue),Canal,43.853389,5.858444,2015-09-08,2015,1006,Hy,Hy,intermediaire,True,True,0.9211665,0.07827249999999997,Ch,2,B07,B,07,2,2,
15Caa1014Ch01A__durance3,2015_Caa_1014,durance3,B,caudale,Caa,Canal (usine du Largue),Canal,43.853389,5.858444,2015-09-08,2015,1014,Pt,Pt,pur,True,True,0.0001,0.008547260000000001,Ch,2,B08,B,08,3,3,
15Avi1002Cn01A__durance3,2015_Avi_1002,durance3,B,caudale,Avi,Avignon,Durance,43.913,4.820722,2014-07-17;2015-07-10,2015,1002,Hy,Hy,intermediaire,True,True,0.529004,0.06558199999999992,Cn,2,B09,B,09,3,3,
15Avi1010Cn01A__durance3,2015_Avi_1010,durance3,B,caudale,Avi,Avignon,Durance,43.913,4.820722,2014-07-17;2015-07-10,2015,1010,Cn,Cn,pur,True,True,0.9999,0.023951999999999973,Cn,2,B10,B,10,4,4,
15Bue1005Ch01A__durance3,2015_Bue_1005,durance3,B,caudale,Bue,Confluence Buech-Meouge,Buech,44.262,5.828,2014-07-03;2015-07-17,2015,1005,Hy,Hy,intermediaire,True,True,0.130852,0.06826000000000002,Ch,2,B11,B,11,5,5,
15Bue1013Ch01A__durance3,2015_Bue_1013,durance3,B,caudale,Bue,Confluence Buech-Meouge,Buech,44.262,5.828,2014-07-03;2015-07-17,2015,1013,Pt,Pt,pur,True,True,0.0001,0.0261861,Ch,2,B12,B,12,6,6,
15Bau1003Ch01A__durance3,2015_Bau_1003,durance3,B,caudale,Bau,Rosieres,Beaume,44.475,4.264,2015-07-22,2015,1003,Pt,Pt,pur,True,True,0.0001,0.0,Ch,2,C01,C,01,1,1,
15Bau1011Ch01A__durance3,2015_Bau_1011,durance3,B,caudale,Bau,Rosieres,Beaume,44.475,4.264,2015-07-22,2015,1011,Pt,Pt,pur,True,True,0.00156659,0.04267271,Ch,2,C02,C,02,2,2,
15Bau1019Ch01A__durance3,2015_Bau_1019,durance3,B,caudale,Bau,Rosieres,Beaume,44.475,4.264,2015-07-22,2015,1019,Hy,Pt,quasi-pur,False,True,0.0001,0.00373055,Ch,2,C03,C,03,3,3,
15Jus1002Ch01A__durance3,2015_Jus_1002,durance3,B,caudale,Jus,Saint-Just-d'Ardeche,Ardeche,44.286,4.597833,2015-07-21,2015,1002,Hy,Pt,quasi-pur,False,True,0.0001,0.034920799999999995,Ch,2,C04,C,04,1,1,
15Jus1010Ch01A__durance3,2015_Jus_1010,durance3,B,caudale,Jus,Saint-Just-d'Ardeche,Ardeche,44.286,4.597833,2015-07-21,2015,1010,Cn,Cn,pur,True,True,0.9999,0.04496900000000004,Ch,2,C05,C,05,2,2,
15Jus1018Ch01A__durance3,2015_Jus_1018,durance3,B,caudale,Jus,Saint-Just-d'Ardeche,Ardeche,44.286,4.597833,2015-07-21,2015,1018,Cn,Cn,pur,True,True,0.9970375,0.02751349999999997,Ch,2,C06,C,06,3,3,
15Caa1007Ch01A__durance3,2015_Caa_1007,durance3,B,caudale,Caa,Canal (usine du Largue),Canal,43.853389,5.858444,2015-09-08,2015,1007,Cn,Cn,pur,True,True,0.9847625,0.052702499999999985,Ch,2,C07,C,07,2,2,
15Caa1015Ch01A__durance3,2015_Caa_1015,durance3,B,caudale,Caa,Canal (usine du Largue),Canal,43.853389,5.858444,2015-09-08,2015,1015,Hy,Hy,intermediaire,True,True,0.7446605,0.20081149999999992,Ch,2,C08,C,08,3,3,
15Avi1003Cn01A__durance3,2015_Avi_1003,durance3,B,caudale,Avi,Avignon,Durance,43.913,4.820722,2014-07-17;2015-07-10,2015,1003,Cn,Cn,pur,True,True,0.9999,0.020881999999999956,Cn,2,C09,C,09,3,3,
15Avi1011Cn01A__durance3,2015_Avi_1011,durance3,B,caudale,Avi,Avignon,Durance,43.913,4.820722,2014-07-17;2015-07-10,2015,1011,Hy,Cn,quasi-pur,False,True,0.9999,0.05917300000000003,Cn,2,C10,C,10,4,4,
15Bue1006Ch01A__durance3,2015_Bue_1006,durance3,B,caudale,Bue,Confluence Buech-Meouge,Buech,44.262,5.828,2014-07-03;2015-07-17,2015,1006,Pt,Hy,pur,True,True,0.00753796,0.11408504,Ch,2,C11,C,11,5,5,
15Bue1014Ch01A__durance3,2015_Bue_1014,durance3,B,caudale,Bue,Confluence Buech-Meouge,Buech,44.262,5.828,2014-07-03;2015-07-17,2015,1014,Pt,Pt,pur,True,False,0.001654999999999962,0.0,Ch,2,C12,C,12,6,6,
15Bau1004Ch01A__durance3,2015_Bau_1004,durance3,B,caudale,Bau,Rosieres,Beaume,44.475,4.264,2015-07-22,2015,1004,Hy,Pt,quasi-pur,False,True,0.0001,0.07919129999999999,Ch,2,D01,D,01,1,1,
15Bau1012Ch01A__durance3,2015_Bau_1012,durance3,B,caudale,Bau,Rosieres,Beaume,44.475,4.264,2015-07-22,2015,1012,Pt,Pt,pur,True,True,0.0001,0.014222100000000001,Ch,2,D02,D,02,2,2,
15Bau1020Ch01A__durance3,2015_Bau_1020,durance3,B,caudale,Bau,Rosieres,Beaume,44.475,4.264,2015-07-22,2015,1020,Hy,Hy,quasi-pur,False,True,0.0001,0.206549,Ch,2,D03,D,03,3,3,
15Jus1003Ch01A__durance3,2015_Jus_1003,durance3,B,caudale,Jus,Saint-Just-d'Ardeche,Ardeche,44.286,4.597833,2015-07-21,2015,1003,Hy,Pt,quasi-pur,False,True,0.014152999999999999,0.0733562,Ch,2,D04,D,04,1,1,
15Jus1011Ch01A__durance3,2015_Jus_1011,durance3,B,caudale,Jus,Saint-Just-d'Ardeche,Ardeche,44.286,4.597833,2015-07-21,2015,1011,Cn,Hy,pur,True,True,0.9294205,0.06764250000000005,Ch,2,D05,D,05,2,2,
15Jus1019Ch01A__durance3,2015_Jus_1019,durance3,B,caudale,Jus,Saint-Just-d'Ardeche,Ardeche,44.286,4.597833,2015-07-21,2015,1019,Cn,Cn,pur,True,True,0.9999,0.043321000000000054,Ch,2,D06,D,06,3,3,
15Caa1008Ch01A__durance3,2015_Caa_1008,durance3,B,caudale,Caa,Canal (usine du Largue),Canal,43.853389,5.858444,2015-09-08,2015,1008,Hy,Hy,intermediaire,True,True,0.9208035,0.07993349999999999,Ch,2,D07,D,07,2,2,
15Caa1016Ch01A__durance3,2015_Caa_1016,durance3,B,caudale,Caa,Canal (usine du Largue),Canal,43.853389,5.858444,2015-09-08,2015,1016,Hy,Pt,quasi-pur,False,True,0.003348402,0.030516898,Ch,2,D08,D,08,3,3,
15Avi1004Cn01A__durance3,2015_Avi_1004,durance3,B,caudale,Avi,Avignon,Durance,43.913,4.820722,2014-07-17;2015-07-10,2015,1004,Cn,Cn,pur,True,True,0.9999,0.022290000000000032,Cn,2,D09,D,09,3,3,
15Avi1012Pt01A__durance3,2015_Avi_1012,durance3,B,caudale,Avi,Avignon,Durance,43.913,4.820722,2014-07-17;2015-07-10,2015,1012,Hy,Hy,quasi-pur,False,True,0.0001,0.39093300000000003,Pt,2,D10,D,10,4,4,
15Bue1007Ch01A__durance3,2015_Bue_1007,durance3,B,caudale,Bue,Confluence Buech-Meouge,Buech,44.262,5.828,2014-07-03;2015-07-17,2015,1007,Hy,Hy,intermediaire,True,True,0.220115,0.09282300000000002,Ch,2,D11,D,11,5,5,
15Bue1015Ch01A__durance3,2015_Bue_1015,durance3,B,caudale,Bue,Confluence Buech-Meouge,Buech,44.262,5.828,2014-07-03;2015-07-17,2015,1015,Pt,Pt,pur,True,True,0.0001,0.0178451,Ch,2,D12,D,12,6,6,
15Bau1005Ch01A__durance3,2015_Bau_1005,durance3,B,caudale,Bau,Rosieres,Beaume,44.475,4.264,2015-07-22,2015,1005,Pt,Pt,pur,True,True,0.004509865000000001,0.039507935,Ch,2,E01,E,01,1,1,
15Bau1013Ch01A__durance3,2015_Bau_1013,durance3,B,caudale,Bau,Rosieres,Beaume,44.475,4.264,2015-07-22,2015,1013,Pt,Pt,pur,True,True,0.0001,0.0409044,Ch,2,E02,E,02,2,2,
15Bau1021Ch01A__durance3,2015_Bau_1021,durance3,B,caudale,Bau,Rosieres,Beaume,44.475,4.264,2015-07-22,2015,1021,Hy,Pt,quasi-pur,False,True,0.0001,0.0344185,Ch,2,E03,E,03,3,3,
15Jus1004Ch01A__durance3,2015_Jus_1004,durance3,B,caudale,Jus,Saint-Just-d'Ardeche,Ardeche,44.286,4.597833,2015-07-21,2015,1004,Hy,Pt,quasi-pur,False,True,0.0001,0.008645690000000001,Ch,2,E04,E,04,1,1,
15Jus1012Ch01A__durance3,2015_Jus_1012,durance3,B,caudale,Jus,Saint-Just-d'Ardeche,Ardeche,44.286,4.597833,2015-07-21,2015,1012,Cn,Cn,pur,True,True,0.9999,0.02703500000000003,Ch,2,E05,E,05,2,2,
15Caa1001Ch01A__durance3,2015_Caa_1001,durance3,B,caudale,Caa,Canal (usine du Largue),Canal,43.853389,5.858444,2015-09-08,2015,1001,Cn,Cn,pur,True,True,0.947083,0.052817,Ch,2,E06,E,06,1,1,
15Caa1009Ch01A__durance3,2015_Caa_1009,durance3,B,caudale,Caa,Canal (usine du Largue),Canal,43.853389,5.858444,2015-09-08,2015,1009,Cn,Cn,pur,True,True,0.9999,0.03842699999999999,Ch,2,E07,E,07,2,2,
15Caa1017Ch01A__durance3,2015_Caa_1017,durance3,B,caudale,Caa,Canal (usine du Largue),Canal,43.853389,5.858444,2015-09-08,2015,1017,Hy,Hy,intermediaire,True,True,0.1006175,0.04702049999999999,Ch,2,E08,E,08,3,3,
15Avi1005Cn01A__durance3,2015_Avi_1005,durance3,B,caudale,Avi,Avignon,Durance,43.913,4.820722,2014-07-17;2015-07-10,2015,1005,Cn,Cn,pur,True,True,0.99929,0.06421699999999997,Cn,2,E09,E,09,3,3,
15Avi1013Pt01A__durance3,2015_Avi_1013,durance3,B,caudale,Avi,Avignon,Durance,43.913,4.820722,2014-07-17;2015-07-10,2015,1013,Hy,Hy,intermediaire,True,True,0.28511410000000004,0.33378589999999997,Pt,2,E10,E,10,4,4,
15Bue1008Ch01A__durance3,2015_Bue_1008,durance3,B,caudale,Bue,Confluence Buech-Meouge,Buech,44.262,5.828,2014-07-03;2015-07-17,2015,1008,Pt,Pt,pur,True,True,0.0001,0.00945818,Ch,2,E11,E,11,5,5,
15Bue1016Ch01A__durance3,2015_Bue_1016,durance3,B,caudale,Bue,Confluence Buech-Meouge,Buech,44.262,5.828,2014-07-03;2015-07-17,2015,1016,Hy,Hy,intermediaire,True,True,0.8887309999999999,0.15708699999999998,Ch,2,E12,E,12,6,6,
15Bau1006Ch01A__durance3,2015_Bau_1006,durance3,B,caudale,Bau,Rosieres,Beaume,44.475,4.264,2015-07-22,2015,1006,Hy,Hy,intermediaire,True,True,0.5132975,0.09612850000000006,Ch,2,F01,F,01,1,1,
15Bau1014Ch01A__durance3,2015_Bau_1014,durance3,B,caudale,Bau,Rosieres,Beaume,44.475,4.264,2015-07-22,2015,1014,Pt,Pt,pur,True,True,0.00344197,0.03864973,Ch,2,F02,F,02,2,2,
15Bau1022Ch01A__durance3,2015_Bau_1022,durance3,B,caudale,Bau,Rosieres,Beaume,44.475,4.264,2015-07-22,2015,1022,Pt,Pt,pur,True,True,0.026378,0.0396818,Ch,2,F03,F,03,3,3,
15Jus1005Ch01A__durance3,2015_Jus_1005,durance3,B,caudale,Jus,Saint-Just-d'Ardeche,Ardeche,44.286,4.597833,2015-07-21,2015,1005,Hy,Pt,quasi-pur,False,True,0.0001,0.0121084,Ch,2,F04,F,04,1,1,
15Jus1013Ch01A__durance3,2015_Jus_1013,durance3,B,caudale,Jus,Saint-Just-d'Ardeche,Ardeche,44.286,4.597833,2015-07-21,2015,1013,Cn,Cn,pur,True,True,0.9766085,0.10154149999999995,Ch,2,F05,F,05,2,2,
15Caa1002Ch01A__durance3,2015_Caa_1002,durance3,B,caudale,Caa,Canal (usine du Largue),Canal,43.853389,5.858444,2015-09-08,2015,1002,Cn,Cn,pur,True,True,0.9994325,0.1068714999999999,Ch,2,F06,F,06,1,1,
15Caa1010Ch01A__durance3,2015_Caa_1010,durance3,B,caudale,Caa,Canal (usine du Largue),Canal,43.853389,5.858444,2015-09-08,2015,1010,Cn,Cn,pur,True,True,0.9999,0.019187999999999983,Ch,2,F07,F,07,2,2,
15Caa1018Ch01A__durance3,2015_Caa_1018,durance3,B,caudale,Caa,Canal (usine du Largue),Canal,43.853389,5.858444,2015-09-08,2015,1018,Pt,Pt,pur,True,True,0.0001,0.0258486,Ch,2,F08,F,08,3,3,
15Avi1006Cn01A__durance3,2015_Avi_1006,durance3,B,caudale,Avi,Avignon,Durance,43.913,4.820722,2014-07-17;2015-07-10,2015,1006,Cn,Cn,pur,True,True,0.981626,0.024009999999999976,Cn,2,F09,F,09,3,3,
15Bue1001Ch01A__durance3,2015_Bue_1001,durance3,B,caudale,Bue,Confluence Buech-Meouge,Buech,44.262,5.828,2014-07-03;2015-07-17,2015,1001,Cn,Cn,pur,True,True,0.9999,0.05101900000000004,Ch,2,F10,F,10,4,4,
15Bue1009Ch01A__durance3,2015_Bue_1009,durance3,B,caudale,Bue,Confluence Buech-Meouge,Buech,44.262,5.828,2014-07-03;2015-07-17,2015,1009,Hy,Hy,intermediaire,True,True,0.9276935,0.1251184999999999,Ch,2,F11,F,11,5,5,
15Bue1017Ch01A__durance3,2015_Bue_1017,durance3,B,caudale,Bue,Confluence Buech-Meouge,Buech,44.262,5.828,2014-07-03;2015-07-17,2015,1017,Cn,Cn,pur,True,True,0.985546,0.08171899999999999,Ch,2,F12,F,12,6,6,
15Bau1007Ch01A__durance3,2015_Bau_1007,durance3,B,caudale,Bau,Rosieres,Beaume,44.475,4.264,2015-07-22,2015,1007,Pt,Pt,pur,True,True,0.0001,0.00827844,Ch,2,G01,G,01,1,1,
15Bau1015Ch01A__durance3,2015_Bau_1015,durance3,B,caudale,Bau,Rosieres,Beaume,44.475,4.264,2015-07-22,2015,1015,Pt,Pt,pur,True,True,0.0001,0.0171402,Ch,2,G02,G,02,2,2,
15Bau1023Ch01A__durance3,2015_Bau_1023,durance3,B,caudale,Bau,Rosieres,Beaume,44.475,4.264,2015-07-22,2015,1023,Pt,Pt,pur,True,True,0.0001,0.0,Ch,2,G03,G,03,3,3,
15Jus1006Ch01A__durance3,2015_Jus_1006,durance3,B,caudale,Jus,Saint-Just-d'Ardeche,Ardeche,44.286,4.597833,2015-07-21,2015,1006,Pt,Pt,pur,True,True,0.0001,0.0,Ch,2,G04,G,04,1,1,
15Jus1014Ch01A__durance3,2015_Jus_1014,durance3,B,caudale,Jus,Saint-Just-d'Ardeche,Ardeche,44.286,4.597833,2015-07-21,2015,1014,Cn,Cn,pur,True,True,0.9468705,0.05302950000000006,Ch,2,G05,G,05,2,2,
15Caa1003Ch01A__durance3,2015_Caa_1003,durance3,B,caudale,Caa,Canal (usine du Largue),Canal,43.853389,5.858444,2015-09-08,2015,1003,Cn,Cn,pur,True,True,0.9999,0.011297000000000001,Ch,2,G06,G,06,1,1,
15Caa1011Ch01A__durance3,2015_Caa_1011,durance3,B,caudale,Caa,Canal (usine du Largue),Canal,43.853389,5.858444,2015-09-08,2015,1011,Pt,Pt,pur,True,True,0.0001,0.0906421,Ch,2,G07,G,07,2,2,
15Caa1019Ch01A__durance3,2015_Caa_1019,durance3,B,caudale,Caa,Canal (usine du Largue),Canal,43.853389,5.858444,2015-09-08,2015,1019,Hy,Pt,quasi-pur,False,True,0.0001,0.007794419999999999,Ch,2,G08,G,08,3,3,
15Avi1007Cn01A__durance3,2015_Avi_1007,durance3,B,caudale,Avi,Avignon,Durance,43.913,4.820722,2014-07-17;2015-07-10,2015,1007,Cn,Cn,pur,True,True,0.9999,0.08638400000000002,Cn,2,G09,G,09,3,3,
15Bue1002Ch01A__durance3,2015_Bue_1002,durance3,B,caudale,Bue,Confluence Buech-Meouge,Buech,44.262,5.828,2014-07-03;2015-07-17,2015,1002,Cn,Cn,pur,True,True,0.9999,0.015835000000000043,Ch,2,G10,G,10,4,4,
15Bue1010Ch01A__durance3,2015_Bue_1010,durance3,B,caudale,Bue,Confluence Buech-Meouge,Buech,44.262,5.828,2014-07-03;2015-07-17,2015,1010,Hy,Hy,intermediaire,True,True,0.5373025,0.11367450000000001,Ch,2,G11,G,11,5,5,
15Bue1018Ch01A__durance3,2015_Bue_1018,durance3,B,caudale,Bue,Confluence Buech-Meouge,Buech,44.262,5.828,2014-07-03;2015-07-17,2015,1018,Hy,Hy,intermediaire,True,True,0.8807585,0.09011049999999998,Ch,2,G12,G,12,6,6,
15Bau1008Ch01A__durance3,2015_Bau_1008,durance3,B,caudale,Bau,Rosieres,Beaume,44.475,4.264,2015-07-22,2015,1008,Pt,Pt,pur,True,True,0.0001,0.039034,Ch,2,H01,H,01,1,1,
15Bau1016Ch01A__durance3,2015_Bau_1016,durance3,B,caudale,Bau,Rosieres,Beaume,44.475,4.264,2015-07-22,2015,1016,Hy,Hy,quasi-pur,False,True,0.02028617,0.44522083,Ch,2,H02,H,02,2,2,
15Bau1024Ch01A__durance3,2015_Bau_1024,durance3,B,caudale,Bau,Rosieres,Beaume,44.475,4.264,2015-07-22,2015,1024,Pt,Pt,pur,True,True,0.0001,0.0131795,Ch,2,H03,H,03,3,3,
15Jus1007Ch01A__durance3,2015_Jus_1007,durance3,B,caudale,Jus,Saint-Just-d'Ardeche,Ardeche,44.286,4.597833,2015-07-21,2015,1007,Pt,Pt,pur,True,True,0.0001,0.014199,Ch,2,H04,H,04,1,1,
15Jus1015Ch01A__durance3,2015_Jus_1015,durance3,B,caudale,Jus,Saint-Just-d'Ardeche,Ardeche,44.286,4.597833,2015-07-21,2015,1015,Cn,Cn,pur,True,True,0.9977965,0.050436499999999995,Ch,2,H05,H,05,2,2,
15Caa1004Ch01A__durance3,2015_Caa_1004,durance3,B,caudale,Caa,Canal (usine du Largue),Canal,43.853389,5.858444,2015-09-08,2015,1004,Cn,Cn,pur,True,True,0.9999,0.005790999999999991,Ch,2,H06,H,06,1,1,
15Caa1012Ch01A__durance3,2015_Caa_1012,durance3,B,caudale,Caa,Canal (usine du Largue),Canal,43.853389,5.858444,2015-09-08,2015,1012,Pt,Pt,pur,True,True,0.0001,0.0,Ch,2,H07,H,07,2,2,
15Caa1020Ch01A__durance3,2015_Caa_1020,durance3,B,caudale,Caa,Canal (usine du Largue),Canal,43.853389,5.858444,2015-09-08,2015,1020,Pt,Pt,pur,True,True,0.0001,0.0260511,Ch,2,H08,H,08,3,3,
15Avi1008Cn01A__durance3,2015_Avi_1008,durance3,B,caudale,Avi,Avignon,Durance,43.913,4.820722,2014-07-17;2015-07-10,2015,1008,Cn,Cn,pur,True,True,0.9999,0.01104000000000005,Cn,2,H09,H,09,3,3,
15Bue1003Ch01A__durance3,2015_Bue_1003,durance3,B,caudale,Bue,Confluence Buech-Meouge,Buech,44.262,5.828,2014-07-03;2015-07-17,2015,1003,Cn,Cn,pur,True,True,0.9999,0.015947000000000044,Ch,2,H10,H,10,4,4,
15Bue1011Ch01A__durance3,2015_Bue_1011,durance3,B,caudale,Bue,Confluence Buech-Meouge,Buech,44.262,5.828,2014-07-03;2015-07-17,2015,1011,Hy,Hy,intermediaire,True,True,0.7010149999999999,0.10766600000000004,Ch,2,H11,H,11,5,5,
14Ain1001Cn05A__durance3,2014_Ain_1001,durance3,B,branchie,Ain,Pont-d'Ain,Suran,46.048,5.324,2014-08-12,2014,1001,Cn,Cn,pur,True,True,0.9999,0.02987200000000001,Cn,3,A01,A,01,1,1,
14Ain1038Pt05A__durance3,2014_Ain_1038,durance3,B,branchie,Ain,Chavannes-sur-Suran,Suran,46.264389,5.429444,2014-08-12,2014,1038,Pt,Pt,pur,True,True,0.0001,0.0105608,Pt,3,A02,A,02,2,2,
15Cab1003Ch05A__durance3,2015_Cab_1003,durance3,B,branchie,Cab,Pont-d'Ain,Suran,46.048,5.324,2015-08-26,2015,1003,Cn,Cn,pur,True,True,0.9790135,0.04033549999999997,Ch,3,A03,A,03,2,3,
15Cab1011Ch05A__durance3,2015_Cab_1011,durance3,B,branchie,Cab,Chavannes-sur-Suran,Suran,46.264389,5.429444,2015-08-26,2015,1011,Pt,Pt,pur,True,False,0.00042399999999997995,0.0,Ch,3,A04,A,04,3,4,
15Cab1019Ch05A__durance3,2015_Cab_1019,durance3,B,branchie,Cab,Chavannes-sur-Suran,Suran,46.264389,5.429444,2015-08-26,2015,1019,Pt,Pt,pur,True,True,0.0001,0.0,Ch,3,A05,A,05,4,5,
14Avi1008Cn05A__durance3,2014_Avi_1008,durance3,B,branchie,Avi,Avignon,Durance,43.913,4.820722,2014-07-17;2015-07-10,2014,1008,Cn,Cn,pur,True,True,0.9790425,0.04159250000000003,Cn,3,A06,A,06,2,2,
14Bue1005Cn05A__durance3,2014_Bue_1005,durance3,B,branchie,Bue,Confluence Buech-Meouge,Buech,44.262,5.828,2014-07-03;2015-07-17,2014,1005,Cn,Cn,pur,True,True,0.996529,0.015122999999999998,Cn,3,A07,A,07,2,2,
14Bue1014Ch05A__durance3,2014_Bue_1014,durance3,B,branchie,Bue,Confluence Buech-Meouge,Buech,44.262,5.828,2014-07-03;2015-07-17,2014,1014,Pt,Pt,pur,True,True,0.00459266,0.015245940000000001,Ch,3,A08,A,08,3,3,
14Man1011Ch05A__durance3,2014_Man_1011,durance3,B,branchie,Man,Manosque-Oraison,Durance,43.919667,5.896278,2014-07-23,2014,1011,Hy,Pt,quasi-pur,False,True,0.0001,0.0034689200000000003,Ch,3,A09,A,09,2,2,
14Man1019Ch05A__durance3,2014_Man_1019,durance3,B,branchie,Man,Manosque-Oraison,Durance,43.919667,5.896278,2014-07-23,2014,1019,Pt,Pt,pur,True,True,0.0001,0.00794395,Ch,3,A10,A,10,3,3,
14Per2011Ch05A__durance3,2014_Per_2011,durance3,B,branchie,Per,Pertuis,Durance,43.668139,5.493,2014-07-07;2014-08-20,2014,2011,Pt,Pt,pur,True,True,0.0001,0.0198136,Ch,3,A11,A,11,2,2,
14Per2011Ch05A-bis__durance3,2014_Per_2011,durance3,B,branchie,Per,Pertuis,Durance,43.668139,5.493,2014-07-07;2014-08-20,2014,2011,Pt,Pt,pur,True,True,0.0001,0.0198136,Ch,3,A12,A,12,3,3,
14Ain1002Cn05A__durance3,2014_Ain_1002,durance3,B,branchie,Ain,Pont-d'Ain,Suran,46.048,5.324,2014-08-12,2014,1002,Cn,Cn,pur,True,True,0.9999,0.027077000000000018,Cn,3,B01,B,01,1,1,
14Ain1039Pt05A__durance3,2014_Ain_1039,durance3,B,branchie,Ain,Chavannes-sur-Suran,Suran,46.264389,5.429444,2014-08-12,2014,1039,Pt,Pt,pur,True,True,0.0001,0.0118913,Pt,3,B02,B,02,2,2,
15Cab1004Ch05A__durance3,2015_Cab_1004,durance3,B,branchie,Cab,Pont-d'Ain,Suran,46.048,5.324,2015-08-26,2015,1004,Cn,Cn,pur,True,True,0.9916195,0.051615500000000036,Ch,3,B03,B,03,2,3,
15Cab1012Ch05A__durance3,2015_Cab_1012,durance3,B,branchie,Cab,Chavannes-sur-Suran,Suran,46.264389,5.429444,2015-08-26,2015,1012,Pt,Pt,pur,True,True,0.0001,0.0024834600000000003,Ch,3,B04,B,04,3,4,
14Avi1001Cn05A__durance3,2014_Avi_1001,durance3,B,branchie,Avi,Avignon,Durance,43.913,4.820722,2014-07-17;2015-07-10,2014,1001,Cn,Cn,pur,True,True,0.9999,0.014294000000000029,Cn,3,B05,B,05,1,1,
14Avi1036Cn05A__durance3,2014_Avi_1036,durance3,B,branchie,Avi,Avignon,Durance,43.913,4.820722,2014-07-17;2015-07-10,2014,1036,Cn,Cn,pur,True,True,0.9999,0.025182000000000038,Cn,3,B06,B,06,2,2,
14Bue1006Cn05A__durance3,2014_Bue_1006,durance3,B,branchie,Bue,Confluence Buech-Meouge,Buech,44.262,5.828,2014-07-03;2015-07-17,2014,1006,Hy,Hy,intermediaire,True,True,0.9466924999999999,0.09561849999999994,Cn,3,B07,B,07,2,2,
14Bue1015Ch05A__durance3,2014_Bue_1015,durance3,B,branchie,Bue,Confluence Buech-Meouge,Buech,44.262,5.828,2014-07-03;2015-07-17,2014,1015,Pt,Pt,pur,True,True,0.0001,0.027206,Ch,3,B08,B,08,3,3,
14Man1012Ch05A__durance3,2014_Man_1012,durance3,B,branchie,Man,Manosque-Oraison,Durance,43.919667,5.896278,2014-07-23,2014,1012,Pt,Pt,pur,True,True,0.0001,0.00126172,Ch,3,B09,B,09,2,2,
14Man1020Ch05A__durance3,2014_Man_1020,durance3,B,branchie,Man,Manosque-Oraison,Durance,43.919667,5.896278,2014-07-23,2014,1020,Hy,Pt,quasi-pur,False,True,0.0001,0.00115361,Ch,3,B10,B,10,3,3,
14Per2012Ch05A__durance3,2014_Per_2012,durance3,B,branchie,Per,Pertuis,Durance,43.668139,5.493,2014-07-07;2014-08-20,2014,2012,Pt,Pt,pur,True,True,0.0001,0.0,Ch,3,B11,B,11,2,2,
14Per2012Ch05A-bis__durance3,2014_Per_2012,durance3,B,branchie,Per,Pertuis,Durance,43.668139,5.493,2014-07-07;2014-08-20,2014,2012,Pt,Pt,pur,True,True,0.0001,0.0,Ch,3,B12,B,12,3,3,
14Ain1011Pt05A__durance3,2014_Ain_1011,durance3,B,branchie,Ain,Chavannes-sur-Suran,Suran,46.264389,5.429444,2014-08-12,2014,1011,Pt,Pt,pur,True,True,0.0001,0.00132522,Pt,3,C01,C,01,1,1,
14Ain1040Pt05A__durance3,2014_Ain_1040,durance3,B,branchie,Ain,Chavannes-sur-Suran,Suran,46.264389,5.429444,2014-08-12,2014,1040,Pt,Pt,pur,True,True,0.0001,0.029344600000000002,Pt,3,C02,C,02,2,2,
15Cab1005Ch05A__durance3,2015_Cab_1005,durance3,B,branchie,Cab,Pont-d'Ain,Suran,46.048,5.324,2015-08-26,2015,1005,Cn,Cn,pur,True,True,0.9999,0.04226799999999997,Ch,3,C03,C,03,2,3,
15Cab1013Ch05A__durance3,2015_Cab_1013,durance3,B,branchie,Cab,Chavannes-sur-Suran,Suran,46.264389,5.429444,2015-08-26,2015,1013,Pt,Pt,pur,True,True,0.0001,0.0639904,Ch,3,C04,C,04,3,4,
14Avi1002Cn05A__durance3,2014_Avi_1002,durance3,B,branchie,Avi,Avignon,Durance,43.913,4.820722,2014-07-17;2015-07-10,2014,1002,Cn,Cn,pur,True,True,0.9999,0.01569799999999999,Cn,3,C05,C,05,1,1,
14Avi1037Cn05A__durance3,2014_Avi_1037,durance3,B,branchie,Avi,Avignon,Durance,43.913,4.820722,2014-07-17;2015-07-10,2014,1037,Cn,Cn,pur,True,True,0.9999,0.114066,Cn,3,C06,C,06,2,2,
14Bue1006Cn05Abis__durance3,2014_Bue_1006,durance3,B,branchie,Bue,Confluence Buech-Meouge,Buech,44.262,5.828,2014-07-03;2015-07-17,2014,1006,Hy,Hy,intermediaire,True,True,0.9466924999999999,0.09561849999999994,Cn,3,C07,C,07,2,2,
14Bue1017Ch05A__durance3,2014_Bue_1017,durance3,B,branchie,Bue,Confluence Buech-Meouge,Buech,44.262,5.828,2014-07-03;2015-07-17,2014,1017,Pt,Pt,pur,True,True,0.0001,0.0436135,Ch,3,C08,C,08,3,3,
14Man1013Ch05A__durance3,2014_Man_1013,durance3,B,branchie,Man,Manosque-Oraison,Durance,43.919667,5.896278,2014-07-23,2014,1013,Pt,Pt,pur,True,True,0.0001,0.0236388,Ch,3,C09,C,09,2,2,
14Man1021Ch05A__durance3,2014_Man_1021,durance3,B,branchie,Man,Manosque-Oraison,Durance,43.919667,5.896278,2014-07-23,2014,1021,Hy,Hy,intermediaire,True,True,0.2179825,0.1247321,Ch,3,C10,C,10,3,3,
14Per2013Ch05A__durance3,2014_Per_2013,durance3,B,branchie,Per,Pertuis,Durance,43.668139,5.493,2014-07-07;2014-08-20,2014,2013,Hy,Hy,intermediaire,True,True,0.2097815,0.1761465,Ch,3,C11,C,11,2,2,
14Ain1012Pt05A__durance3,2014_Ain_1012,durance3,B,branchie,Ain,Chavannes-sur-Suran,Suran,46.264389,5.429444,2014-08-12,2014,1012,Pt,Pt,pur,True,True,0.0001,0.034025599999999996,Pt,3,D01,D,01,1,1,
14Ain1041Pt05A__durance3,2014_Ain_1041,durance3,B,branchie,Ain,Chavannes-sur-Suran,Suran,46.264389,5.429444,2014-08-12,2014,1041,Pt,Pt,pur,True,True,0.0001,0.0032175100000000002,Pt,3,D02,D,02,2,2,
15Cab1006Ch05A__durance3,2015_Cab_1006,durance3,B,branchie,Cab,Pont-d'Ain,Suran,46.048,5.324,2015-08-26,2015,1006,Cn,Cn,pur,True,True,0.9676345,0.0767025,Ch,3,D03,D,03,2,3,
15Cab1014Ch05A__durance3,2015_Cab_1014,durance3,B,branchie,Cab,Chavannes-sur-Suran,Suran,46.264389,5.429444,2015-08-26,2015,1014,Pt,Pt,pur,True,True,0.0001,0.0,Ch,3,D04,D,04,3,4,
14Avi1003Cn05A__durance3,2014_Avi_1003,durance3,B,branchie,Avi,Avignon,Durance,43.913,4.820722,2014-07-17;2015-07-10,2014,1003,Cn,Cn,pur,True,True,0.9999,0.002593999999999985,Cn,3,D05,D,05,1,1,
14Avi1038Cn05A__durance3,2014_Avi_1038,durance3,B,branchie,Avi,Avignon,Durance,43.913,4.820722,2014-07-17;2015-07-10,2014,1038,Cn,Cn,pur,True,True,0.9999,0.017442999999999986,Cn,3,D06,D,06,2,2,
14Bue1007Cn05A__durance3,2014_Bue_1007,durance3,B,branchie,Bue,Confluence Buech-Meouge,Buech,44.262,5.828,2014-07-03;2015-07-17,2014,1007,Cn,Cn,pur,True,True,0.9999,0.013390000000000013,Cn,3,D07,D,07,2,2,
14Bue1018Ch05A__durance3,2014_Bue_1018,durance3,B,branchie,Bue,Confluence Buech-Meouge,Buech,44.262,5.828,2014-07-03;2015-07-17,2014,1018,Pt,Pt,pur,True,True,0.0001,0.009559940000000001,Ch,3,D08,D,08,3,3,
14Man1014Ch05A__durance3,2014_Man_1014,durance3,B,branchie,Man,Manosque-Oraison,Durance,43.919667,5.896278,2014-07-23,2014,1014,Pt,Pt,pur,True,True,0.0001,0.0023953100000000003,Ch,3,D09,D,09,2,2,
14Man1022Ch05A__durance3,2014_Man_1022,durance3,B,branchie,Man,Manosque-Oraison,Durance,43.919667,5.896278,2014-07-23,2014,1022,Pt,Pt,pur,True,True,0.0001,0.010545200000000001,Ch,3,D10,D,10,3,3,mock_contaminated
14Per2014Ch05A__durance3,2014_Per_2014,durance3,B,branchie,Per,Pertuis,Durance,43.668139,5.493,2014-07-07;2014-08-20,2014,2014,Pt,Pt,pur,True,True,0.0001,0.0,Ch,3,D11,D,11,2,2,
14Ain1013Pt05A__durance3,2014_Ain_1013,durance3,B,branchie,Ain,Chavannes-sur-Suran,Suran,46.264389,5.429444,2014-08-12,2014,1013,Pt,Pt,pur,True,True,0.0001,0.0099728,Pt,3,E01,E,01,1,1,
14Ain1042Pt05A__durance3,2014_Ain_1042,durance3,B,branchie,Ain,Chavannes-sur-Suran,Suran,46.264389,5.429444,2014-08-12,2014,1042,Pt,Pt,pur,True,True,0.0001,0.0252761,Pt,3,E02,E,02,2,2,
15Cab1007Ch05A__durance3,2015_Cab_1007,durance3,B,branchie,Cab,Pont-d'Ain,Suran,46.048,5.324,2015-08-26,2015,1007,Cn,Cn,pur,True,True,0.986855,0.040076,Ch,3,E03,E,03,2,3,
15Cab1015Ch05A__durance3,2015_Cab_1015,durance3,B,branchie,Cab,Chavannes-sur-Suran,Suran,46.264389,5.429444,2015-08-26,2015,1015,Pt,Pt,pur,True,True,0.0001,0.0122371,Ch,3,E04,E,04,3,4,
14Avi1004Cn05A__durance3,2014_Avi_1004,durance3,B,branchie,Avi,Avignon,Durance,43.913,4.820722,2014-07-17;2015-07-10,2014,1004,Cn,Cn,pur,True,True,0.9999,0.01977300000000004,Cn,3,E05,E,05,1,1,
14Bue1001Cn05A__durance3,2014_Bue_1001,durance3,B,branchie,Bue,Confluence Buech-Meouge,Buech,44.262,5.828,2014-07-03;2015-07-17,2014,1001,Cn,Cn,pur,True,False,0.9878026,0.0,Cn,3,E06,E,06,1,1,
14Bue1008Cn05A__durance3,2014_Bue_1008,durance3,B,branchie,Bue,Confluence Buech-Meouge,Buech,44.262,5.828,2014-07-03;2015-07-17,2014,1008,Cn,Cn,pur,True,True,0.9999,0.019206999999999974,Cn,3,E07,E,07,2,2,
14Bue1019Ch05A__durance3,2014_Bue_1019,durance3,B,branchie,Bue,Confluence Buech-Meouge,Buech,44.262,5.828,2014-07-03;2015-07-17,2014,1019,Pt,Pt,pur,True,True,0.0001,0.0,Ch,3,E08,E,08,3,3,
14Man1015Ch05A__durance3,2014_Man_1015,durance3,B,branchie,Man,Manosque-Oraison,Durance,43.919667,5.896278,2014-07-23,2014,1015,Pt,Pt,pur,True,True,0.0001,0.0,Ch,3,E09,E,09,2,2,
14Per1011Ch05A__durance3,2014_Per_1011,durance3,B,branchie,Per,Pertuis,Durance,43.668139,5.493,2014-07-07;2014-08-20,2014,1011,Pt,Pt,pur,True,True,0.0001,0.01805,Ch,3,E10,E,10,1,1,
14Per2015Ch05A__durance3,2014_Per_2015,durance3,B,branchie,Per,Pertuis,Durance,43.668139,5.493,2014-07-07;2014-08-20,2014,2015,Pt,Pt,pur,True,True,0.0001,0.0,Ch,3,E11,E,11,2,2,
14Ain1014Pt05A__durance3,2014_Ain_1014,durance3,B,branchie,Ain,Chavannes-sur-Suran,Suran,46.264389,5.429444,2014-08-12,2014,1014,Pt,Pt,pur,True,True,0.0001,0.0193883,Pt,3,F01,F,01,1,1,
14Ain1043Pt05A__durance3,2014_Ain_1043,durance3,B,branchie,Ain,Chavannes-sur-Suran,Suran,46.264389,5.429444,2014-08-12,2014,1043,Pt,Pt,pur,True,True,0.0001,0.0059209399999999995,Pt,3,F02,F,02,2,2,
15Cab1008Ch05A__durance3,2015_Cab_1008,durance3,B,branchie,Cab,Pont-d'Ain,Suran,46.048,5.324,2015-08-26,2015,1008,Cn,Cn,pur,True,True,0.997914,0.01697700000000002,Ch,3,F03,F,03,2,3,
15Cab1016Ch05A__durance3,2015_Cab_1016,durance3,B,branchie,Cab,Chavannes-sur-Suran,Suran,46.264389,5.429444,2015-08-26,2015,1016,Pt,Pt,pur,True,True,0.0001,0.00194113,Ch,3,F04,F,04,3,4,
14Avi1005Cn05A__durance3,2014_Avi_1005,durance3,B,branchie,Avi,Avignon,Durance,43.913,4.820722,2014-07-17;2015-07-10,2014,1005,Cn,Cn,pur,True,True,0.9999,0.08110799999999996,Cn,3,F05,F,05,1,1,
14Bue1002Cn05A__durance3,2014_Bue_1002,durance3,B,branchie,Bue,Confluence Buech-Meouge,Buech,44.262,5.828,2014-07-03;2015-07-17,2014,1002,Cn,Cn,pur,True,False,0.989712,0.0,Cn,3,F06,F,06,1,1,
14Bue1011Ch05A__durance3,2014_Bue_1011,durance3,B,branchie,Bue,Confluence Buech-Meouge,Buech,44.262,5.828,2014-07-03;2015-07-17,2014,1011,Pt,Pt,pur,True,True,0.0001,0.0232161,Ch,3,F07,F,07,2,2,
14Man1001Cn05A__durance3,2014_Man_1001,durance3,B,branchie,Man,Manosque-Oraison,Durance,43.919667,5.896278,2014-07-23,2014,1001,Pt,Pt,pur,True,True,0.0001,0.0031458500000000004,Cn,3,F08,F,08,1,1,
14Man1016Ch05A__durance3,2014_Man_1016,durance3,B,branchie,Man,Manosque-Oraison,Durance,43.919667,5.896278,2014-07-23,2014,1016,Pt,Pt,pur,True,True,0.0001,0.00548115,Ch,3,F09,F,09,2,2,
14Per1012Ch05A__durance3,2014_Per_1012,durance3,B,branchie,Per,Pertuis,Durance,43.668139,5.493,2014-07-07;2014-08-20,2014,1012,Pt,Pt,pur,True,True,0.0001,0.00345481,Ch,3,F10,F,10,1,1,
14Ain1036Cn05A__durance3,2014_Ain_1036,durance3,B,branchie,Ain,Pont-d'Ain,Suran,46.048,5.324,2014-08-12,2014,1036,Cn,Cn,pur,True,True,0.9634205,0.05584849999999997,Cn,3,G01,G,01,1,1,
15Cab1001Ch05A__durance3,2015_Cab_1001,durance3,B,branchie,Cab,Pont-d'Ain,Suran,46.048,5.324,2015-08-26,2015,1001,Cn,Cn,pur,True,True,0.9999,0.07011200000000006,Ch,3,G02,G,02,1,2,
15Cab1009Ch05A__durance3,2015_Cab_1009,durance3,B,branchie,Cab,Pont-d'Ain,Suran,46.048,5.324,2015-08-26,2015,1009,Hy,Hy,intermediaire,True,True,0.8998935,0.13065250000000006,Ch,3,G03,G,03,2,3,
15Cab1017Ch05A__durance3,2015_Cab_1017,durance3,B,branchie,Cab,Chavannes-sur-Suran,Suran,46.264389,5.429444,2015-08-26,2015,1017,Pt,Pt,pur,True,True,0.0001,0.0135881,Ch,3,G04,G,04,3,4,
14Avi1006Cn05A__durance3,2014_Avi_1006,durance3,B,branchie,Avi,Avignon,Durance,43.913,4.820722,2014-07-17;2015-07-10,2014,1006,Cn,Cn,pur,True,True,0.9999,0.03937199999999996,Cn,3,G05,G,05,1,1,
14Bue1003Cn05A__durance3,2014_Bue_1003,durance3,B,branchie,Bue,Confluence Buech-Meouge,Buech,44.262,5.828,2014-07-03;2015-07-17,2014,1003,Cn,Cn,pur,True,True,0.9999,0.05878899999999998,Cn,3,G06,G,06,1,1,
14Bue1012Ch05A__durance3,2014_Bue_1012,durance3,B,branchie,Bue,Confluence Buech-Meouge,Buech,44.262,5.828,2014-07-03;2015-07-17,2014,1012,Pt,Pt,pur,True,True,0.0001,0.0,Ch,3,G07,G,07,2,2,
14Man1002Cn05A__durance3,2014_Man_1002,durance3,B,branchie,Man,Manosque-Oraison,Durance,43.919667,5.896278,2014-07-23,2014,1002,Hy,Hy,quasi-pur,False,True,0.0001,0.366158,Cn,3,G08,G,08,1,1,
14Man1017Ch05A__durance3,2014_Man_1017,durance3,B,branchie,Man,Manosque-Oraison,Durance,43.919667,5.896278,2014-07-23,2014,1017,Pt,Pt,pur,True,True,0.0001,0.0,Ch,3,G09,G,09,2,2,
14Per1013Ch05A__durance3,2014_Per_1013,durance3,B,branchie,Per,Pertuis,Durance,43.668139,5.493,2014-07-07;2014-08-20,2014,1013,Pt,Pt,pur,True,True,0.0001,0.0,Ch,3,G10,G,10,1,1,
14Ain1037Cn05A__durance3,2014_Ain_1037,durance3,B,branchie,Ain,Pont-d'Ain,Suran,46.048,5.324,2014-08-12,2014,1037,Cn,Cn,pur,True,True,0.9999,0.021923000000000026,Cn,3,H01,H,01,1,1,
15Cab1002Ch05A__durance3,2015_Cab_1002,durance3,B,branchie,Cab,Pont-d'Ain,Suran,46.048,5.324,2015-08-26,2015,1002,Cn,Cn,pur,True,True,0.9624035,0.043770499999999934,Ch,3,H02,H,02,1,2,
15Cab1010Ch05A__durance3,2015_Cab_1010,durance3,B,branchie,Cab,Pont-d'Ain,Suran,46.048,5.324,2015-08-26,2015,1010,Hy,Hy,intermediaire,True,True,0.759876,0.07340000000000002,Ch,3,H03,H,03,2,3,
15Cab1018Ch05A__durance3,2015_Cab_1018,durance3,B,branchie,Cab,Chavannes-sur-Suran,Suran,46.264389,5.429444,2015-08-26,2015,1018,Pt,Pt,pur,True,True,0.0001,0.018595900000000002,Ch,3,H04,H,04,3,4,
14Avi1007Cn05A__durance3,2014_Avi_1007,durance3,B,branchie,Avi,Avignon,Durance,43.913,4.820722,2014-07-17;2015-07-10,2014,1007,Cn,Cn,pur,True,True,0.9999,0.010548000000000002,Cn,3,H05,H,05,1,1,
14Bue1004Cn05A__durance3,2014_Bue_1004,durance3,B,branchie,Bue,Confluence Buech-Meouge,Buech,44.262,5.828,2014-07-03;2015-07-17,2014,1004,Cn,Cn,pur,True,True,0.9999,0.01164900000000002,Cn,3,H06,H,06,1,1,
14Bue1013Ch05A__durance3,2014_Bue_1013,durance3,B,branchie,Bue,Confluence Buech-Meouge,Buech,44.262,5.828,2014-07-03;2015-07-17,2014,1013,Pt,Pt,pur,True,True,0.0001,0.023389300000000002,Ch,3,H07,H,07,2,2,
14Man1010Cn05A__durance3,2014_Man_1010,durance3,B,branchie,Man,Manosque-Oraison,Durance,43.919667,5.896278,2014-07-23,2014,1010,Hy,Pt,quasi-pur,False,True,0.0001,0.0,Cn,3,H08,H,08,1,1,
14Man1018Ch05A__durance3,2014_Man_1018,durance3,B,branchie,Man,Manosque-Oraison,Durance,43.919667,5.896278,2014-07-23,2014,1018,Pt,Pt,pur,True,True,0.0001,0.0202354,Ch,3,H09,H,09,2,2,
14Per1014Ch05A__durance3,2014_Per_1014,durance3,B,branchie,Per,Pertuis,Durance,43.668139,5.493,2014-07-07;2014-08-20,2014,1014,Pt,Pt,pur,True,True,0.0001,0.006368319999999999,Ch,3,H10,H,10,1,1,
15Bau1001Ch05A__durance3,2015_Bau_1001,durance3,B,branchie,Bau,Rosieres,Beaume,44.475,4.264,2015-07-22,2015,1001,Pt,Pt,pur,True,True,0.0001,0.0011884,Ch,4,A01,A,01,1,1,
15Bau1009Ch05A__durance3,2015_Bau_1009,durance3,B,branchie,Bau,Rosieres,Beaume,44.475,4.264,2015-07-22,2015,1009,Pt,Pt,pur,True,True,0.0001,0.0190407,Ch,4,A02,A,02,2,2,
15Bau1017Ch05A__durance3,2015_Bau_1017,durance3,B,branchie,Bau,Rosieres,Beaume,44.475,4.264,2015-07-22,2015,1017,Pt,Pt,pur,True,True,0.01931,0.026522699999999996,Ch,4,A03,A,03,3,3,
15Bau1025Ch05A__durance3,2015_Bau_1025,durance3,B,branchie,Bau,Rosieres,Beaume,44.475,4.264,2015-07-22,2015,1025,Pt,Pt,pur,True,True,0.019029945,0.066665255,Ch,4,A04,A,04,4,4,
15Jus1008Ch05A__durance3,2015_Jus_1008,durance3,B,branchie,Jus,Saint-Just-d'Ardeche,Ardeche,44.286,4.597833,2015-07-21,2015,1008,Pt,Pt,pur,True,False,0.045518999999999976,0.01,Ch,4,A05,A,05,2,2,
15Jus1016Ch05A__durance3,2015_Jus_1016,durance3,B,branchie,Jus,Saint-Just-d'Ardeche,Ardeche,44.286,4.597833,2015-07-21,2015,1016,Hy,Hy,quasi-pur,False,True,0.9999,0.23044900000000001,Ch,4,A06,A,06,3,3,
15Caa1005Ch05A__durance3,2015_Caa_1005,durance3,B,branchie,Caa,Canal (usine du Largue),Canal,43.853389,5.858444,2015-09-08,2015,1005,Cn,Cn,pur,True,True,0.9999,0.031225000000000058,Ch,4,A07,A,07,2,2,
15Caa1013Ch05A__durance3,2015_Caa_1013,durance3,B,branchie,Caa,Canal (usine du Largue),Canal,43.853389,5.858444,2015-09-08,2015,1013,Pt,Pt,pur,True,True,0.0001,0.0214899,Ch,4,A08,A,08,3,3,
15Avi1001Cn05A__durance3,2015_Avi_1001,durance3,B,branchie,Avi,Avignon,Durance,43.913,4.820722,2014-07-17;2015-07-10,2015,1001,Hy,Hy,quasi-pur,False,True,0.9999,0.36144699999999996,Cn,4,A09,A,09,3,3,
15Avi1009Cn05A__durance3,2015_Avi_1009,durance3,B,branchie,Avi,Avignon,Durance,43.913,4.820722,2014-07-17;2015-07-10,2015,1009,Cn,Cn,pur,True,True,0.9999,0.06070900000000001,Cn,4,A10,A,10,4,4,
15BUe1004Ch05A__durance3,2015_Bue_1004,durance3,B,branchie,Bue,Confluence Buech-Meouge,Buech,44.262,5.828,2014-07-03;2015-07-17,2015,1004,Pt,Pt,pur,True,True,0.0001,0.0,Ch,4,A11,A,11,5,5,
15BUe1012Ch05A__durance3,2015_Bue_1012,durance3,B,branchie,Bue,Confluence Buech-Meouge,Buech,44.262,5.828,2014-07-03;2015-07-17,2015,1012,Hy,Hy,quasi-pur,False,True,0.0001,0.393005,Ch,4,A12,A,12,6,6,
15Bau1002Ch05A__durance3,2015_Bau_1002,durance3,B,branchie,Bau,Rosieres,Beaume,44.475,4.264,2015-07-22,2015,1002,Pt,Pt,pur,True,True,0.0001,0.00046527,Ch,4,B01,B,01,1,1,
15Bau1010Ch05A__durance3,2015_Bau_1010,durance3,B,branchie,Bau,Rosieres,Beaume,44.475,4.264,2015-07-22,2015,1010,Hy,Hy,quasi-pur,False,True,0.0001,0.375879,Ch,4,B02,B,02,2,2,
15Bau1018Ch05A__durance3,2015_Bau_1018,durance3,B,branchie,Bau,Rosieres,Beaume,44.475,4.264,2015-07-22,2015,1018,Pt,Pt,pur,True,True,0.0001,0.0420278,Ch,4,B03,B,03,3,3,
15Jus1001Ch05A__durance3,2015_Jus_1001,durance3,B,branchie,Jus,Saint-Just-d'Ardeche,Ardeche,44.286,4.597833,2015-07-21,2015,1001,Pt,Pt,pur,True,True,0.0001,0.0,Ch,4,B04,B,04,1,1,
15Jus1009Ch05A__durance3,2015_Jus_1009,durance3,B,branchie,Jus,Saint-Just-d'Ardeche,Ardeche,44.286,4.597833,2015-07-21,2015,1009,Hy,Hy,intermediaire,True,True,0.4761105,0.2859385,Ch,4,B05,B,05,2,2,
15Jus1017Ch05A__durance3,2015_Jus_1017,durance3,B,branchie,Jus,Saint-Just-d'Ardeche,Ardeche,44.286,4.597833,2015-07-21,2015,1017,Cn,Cn,pur,True,True,0.9999,0.022872000000000003,Ch,4,B06,B,06,3,3,
15Caa1006Ch05A__durance3,2015_Caa_1006,durance3,B,branchie,Caa,Canal (usine du Largue),Canal,43.853389,5.858444,2015-09-08,2015,1006,Hy,Hy,intermediaire,True,True,0.9211665,0.07827249999999997,Ch,4,B07,B,07,2,2,
15Caa1014Ch05A__durance3,2015_Caa_1014,durance3,B,branchie,Caa,Canal (usine du Largue),Canal,43.853389,5.858444,2015-09-08,2015,1014,Pt,Pt,pur,True,True,0.0001,0.008547260000000001,Ch,4,B08,B,08,3,3,
15Avi1002Cn05A__durance3,2015_Avi_1002,durance3,B,branchie,Avi,Avignon,Durance,43.913,4.820722,2014-07-17;2015-07-10,2015,1002,Hy,Hy,intermediaire,True,True,0.529004,0.06558199999999992,Cn,4,B09,B,09,3,3,
15Avi1010Cn05A__durance3,2015_Avi_1010,durance3,B,branchie,Avi,Avignon,Durance,43.913,4.820722,2014-07-17;2015-07-10,2015,1010,Cn,Cn,pur,True,True,0.9999,0.023951999999999973,Cn,4,B10,B,10,4,4,
15BUe1005Ch05A__durance3,2015_Bue_1005,durance3,B,branchie,Bue,Confluence Buech-Meouge,Buech,44.262,5.828,2014-07-03;2015-07-17,2015,1005,Hy,Hy,intermediaire,True,True,0.130852,0.06826000000000002,Ch,4,B11,B,11,5,5,
15BUe1013Ch05A__durance3,2015_Bue_1013,durance3,B,branchie,Bue,Confluence Buech-Meouge,Buech,44.262,5.828,2014-07-03;2015-07-17,2015,1013,Pt,Pt,pur,True,True,0.0001,0.0261861,Ch,4,B12,B,12,6,6,
15Bau1003Ch05A__durance3,2015_Bau_1003,durance3,B,branchie,Bau,Rosieres,Beaume,44.475,4.264,2015-07-22,2015,1003,Pt,Pt,pur,True,True,0.0001,0.0,Ch,4,C01,C,01,1,1,
15Bau1011Ch05A__durance3,2015_Bau_1011,durance3,B,branchie,Bau,Rosieres,Beaume,44.475,4.264,2015-07-22,2015,1011,Pt,Pt,pur,True,True,0.00156659,0.04267271,Ch,4,C02,C,02,2,2,
15Bau1019Ch05A__durance3,2015_Bau_1019,durance3,B,branchie,Bau,Rosieres,Beaume,44.475,4.264,2015-07-22,2015,1019,Hy,Pt,quasi-pur,False,True,0.0001,0.00373055,Ch,4,C03,C,03,3,3,
15Jus1002Ch05A__durance3,2015_Jus_1002,durance3,B,branchie,Jus,Saint-Just-d'Ardeche,Ardeche,44.286,4.597833,2015-07-21,2015,1002,Hy,Pt,quasi-pur,False,True,0.0001,0.034920799999999995,Ch,4,C04,C,04,1,1,
15Jus1010Ch05A__durance3,2015_Jus_1010,durance3,B,branchie,Jus,Saint-Just-d'Ardeche,Ardeche,44.286,4.597833,2015-07-21,2015,1010,Cn,Cn,pur,True,True,0.9999,0.04496900000000004,Ch,4,C05,C,05,2,2,
15Jus1018Ch05A__durance3,2015_Jus_1018,durance3,B,branchie,Jus,Saint-Just-d'Ardeche,Ardeche,44.286,4.597833,2015-07-21,2015,1018,Cn,Cn,pur,True,True,0.9970375,0.02751349999999997,Ch,4,C06,C,06,3,3,
15Caa1007Ch05A__durance3,2015_Caa_1007,durance3,B,branchie,Caa,Canal (usine du Largue),Canal,43.853389,5.858444,2015-09-08,2015,1007,Cn,Cn,pur,True,True,0.9847625,0.052702499999999985,Ch,4,C07,C,07,2,2,
15Caa1015Ch05A__durance3,2015_Caa_1015,durance3,B,branchie,Caa,Canal (usine du Largue),Canal,43.853389,5.858444,2015-09-08,2015,1015,Hy,Hy,intermediaire,True,True,0.7446605,0.20081149999999992,Ch,4,C08,C,08,3,3,
15Avi1003Cn05A__durance3,2015_Avi_1003,durance3,B,branchie,Avi,Avignon,Durance,43.913,4.820722,2014-07-17;2015-07-10,2015,1003,Cn,Cn,pur,True,True,0.9999,0.020881999999999956,Cn,4,C09,C,09,3,3,
15Avi1011Cn05A__durance3,2015_Avi_1011,durance3,B,branchie,Avi,Avignon,Durance,43.913,4.820722,2014-07-17;2015-07-10,2015,1011,Hy,Cn,quasi-pur,False,True,0.9999,0.05917300000000003,Cn,4,C10,C,10,4,4,
15BUe1006Ch05A__durance3,2015_Bue_1006,durance3,B,branchie,Bue,Confluence Buech-Meouge,Buech,44.262,5.828,2014-07-03;2015-07-17,2015,1006,Pt,Hy,pur,True,True,0.00753796,0.11408504,Ch,4,C11,C,11,5,5,
15BUe1014Ch05A__durance3,2015_Bue_1014,durance3,B,branchie,Bue,Confluence Buech-Meouge,Buech,44.262,5.828,2014-07-03;2015-07-17,2015,1014,Pt,Pt,pur,True,False,0.001654999999999962,0.0,Ch,4,C12,C,12,6,6,
15Bau1004Ch05A__durance3,2015_Bau_1004,durance3,B,branchie,Bau,Rosieres,Beaume,44.475,4.264,2015-07-22,2015,1004,Hy,Pt,quasi-pur,False,True,0.0001,0.07919129999999999,Ch,4,D01,D,01,1,1,
15Bau1012Ch05A__durance3,2015_Bau_1012,durance3,B,branchie,Bau,Rosieres,Beaume,44.475,4.264,2015-07-22,2015,1012,Pt,Pt,pur,True,True,0.0001,0.014222100000000001,Ch,4,D02,D,02,2,2,
15Bau1020Ch05A__durance3,2015_Bau_1020,durance3,B,branchie,Bau,Rosieres,Beaume,44.475,4.264,2015-07-22,2015,1020,Hy,Hy,quasi-pur,False,True,0.0001,0.206549,Ch,4,D03,D,03,3,3,
15Jus1003Ch05A__durance3,2015_Jus_1003,durance3,B,branchie,Jus,Saint-Just-d'Ardeche,Ardeche,44.286,4.597833,2015-07-21,2015,1003,Hy,Pt,quasi-pur,False,True,0.014152999999999999,0.0733562,Ch,4,D04,D,04,1,1,
15Jus1011Ch05A__durance3,2015_Jus_1011,durance3,B,branchie,Jus,Saint-Just-d'Ardeche,Ardeche,44.286,4.597833,2015-07-21,2015,1011,Cn,Hy,pur,True,True,0.9294205,0.06764250000000005,Ch,4,D05,D,05,2,2,
15Jus1019Ch05A__durance3,2015_Jus_1019,durance3,B,branchie,Jus,Saint-Just-d'Ardeche,Ardeche,44.286,4.597833,2015-07-21,2015,1019,Cn,Cn,pur,True,True,0.9999,0.043321000000000054,Ch,4,D06,D,06,3,3,
15Caa1008Ch05A__durance3,2015_Caa_1008,durance3,B,branchie,Caa,Canal (usine du Largue),Canal,43.853389,5.858444,2015-09-08,2015,1008,Hy,Hy,intermediaire,True,True,0.9208035,0.07993349999999999,Ch,4,D07,D,07,2,2,
15Caa1016Ch05A__durance3,2015_Caa_1016,durance3,B,branchie,Caa,Canal (usine du Largue),Canal,43.853389,5.858444,2015-09-08,2015,1016,Hy,Pt,quasi-pur,False,True,0.003348402,0.030516898,Ch,4,D08,D,08,3,3,
15Avi1004Cn05A__durance3,2015_Avi_1004,durance3,B,branchie,Avi,Avignon,Durance,43.913,4.820722,2014-07-17;2015-07-10,2015,1004,Cn,Cn,pur,True,True,0.9999,0.022290000000000032,Cn,4,D09,D,09,3,3,
15Avi1012Pt05A__durance3,2015_Avi_1012,durance3,B,branchie,Avi,Avignon,Durance,43.913,4.820722,2014-07-17;2015-07-10,2015,1012,Hy,Hy,quasi-pur,False,True,0.0001,0.39093300000000003,Pt,4,D10,D,10,4,4,
15BUe1007Ch05A__durance3,2015_Bue_1007,durance3,B,branchie,Bue,Confluence Buech-Meouge,Buech,44.262,5.828,2014-07-03;2015-07-17,2015,1007,Hy,Hy,intermediaire,True,True,0.220115,0.09282300000000002,Ch,4,D11,D,11,5,5,
15BUe1015Ch05A__durance3,2015_Bue_1015,durance3,B,branchie,Bue,Confluence Buech-Meouge,Buech,44.262,5.828,2014-07-03;2015-07-17,2015,1015,Pt,Pt,pur,True,True,0.0001,0.0178451,Ch,4,D12,D,12,6,6,
15Bau1005Ch05A__durance3,2015_Bau_1005,durance3,B,branchie,Bau,Rosieres,Beaume,44.475,4.264,2015-07-22,2015,1005,Pt,Pt,pur,True,True,0.004509865000000001,0.039507935,Ch,4,E01,E,01,1,1,
15Bau1013Ch05A__durance3,2015_Bau_1013,durance3,B,branchie,Bau,Rosieres,Beaume,44.475,4.264,2015-07-22,2015,1013,Pt,Pt,pur,True,True,0.0001,0.0409044,Ch,4,E02,E,02,2,2,
15Bau1021Ch05A__durance3,2015_Bau_1021,durance3,B,branchie,Bau,Rosieres,Beaume,44.475,4.264,2015-07-22,2015,1021,Hy,Pt,quasi-pur,False,True,0.0001,0.0344185,Ch,4,E03,E,03,3,3,
15Jus1004Ch05A__durance3,2015_Jus_1004,durance3,B,branchie,Jus,Saint-Just-d'Ardeche,Ardeche,44.286,4.597833,2015-07-21,2015,1004,Hy,Pt,quasi-pur,False,True,0.0001,0.008645690000000001,Ch,4,E04,E,04,1,1,
15Jus1012Ch05A__durance3,2015_Jus_1012,durance3,B,branchie,Jus,Saint-Just-d'Ardeche,Ardeche,44.286,4.597833,2015-07-21,2015,1012,Cn,Cn,pur,True,True,0.9999,0.02703500000000003,Ch,4,E05,E,05,2,2,
15Caa1001Ch05A__durance3,2015_Caa_1001,durance3,B,branchie,Caa,Canal (usine du Largue),Canal,43.853389,5.858444,2015-09-08,2015,1001,Cn,Cn,pur,True,True,0.947083,0.052817,Ch,4,E06,E,06,1,1,
15Caa1009Ch05A__durance3,2015_Caa_1009,durance3,B,branchie,Caa,Canal (usine du Largue),Canal,43.853389,5.858444,2015-09-08,2015,1009,Cn,Cn,pur,True,True,0.9999,0.03842699999999999,Ch,4,E07,E,07,2,2,
15Caa1017Ch05A__durance3,2015_Caa_1017,durance3,B,branchie,Caa,Canal (usine du Largue),Canal,43.853389,5.858444,2015-09-08,2015,1017,Hy,Hy,intermediaire,True,True,0.1006175,0.04702049999999999,Ch,4,E08,E,08,3,3,
15Avi1005Cn05A__durance3,2015_Avi_1005,durance3,B,branchie,Avi,Avignon,Durance,43.913,4.820722,2014-07-17;2015-07-10,2015,1005,Cn,Cn,pur,True,True,0.99929,0.06421699999999997,Cn,4,E09,E,09,3,3,
15Avi1013Pt05A__durance3,2015_Avi_1013,durance3,B,branchie,Avi,Avignon,Durance,43.913,4.820722,2014-07-17;2015-07-10,2015,1013,Hy,Hy,intermediaire,True,True,0.28511410000000004,0.33378589999999997,Pt,4,E10,E,10,4,4,
15BUe1008Ch05A__durance3,2015_Bue_1008,durance3,B,branchie,Bue,Confluence Buech-Meouge,Buech,44.262,5.828,2014-07-03;2015-07-17,2015,1008,Pt,Pt,pur,True,True,0.0001,0.00945818,Ch,4,E11,E,11,5,5,
15BUe1016Ch05A__durance3,2015_Bue_1016,durance3,B,branchie,Bue,Confluence Buech-Meouge,Buech,44.262,5.828,2014-07-03;2015-07-17,2015,1016,Hy,Hy,intermediaire,True,True,0.8887309999999999,0.15708699999999998,Ch,4,E12,E,12,6,6,
15Bau1006Ch05A__durance3,2015_Bau_1006,durance3,B,branchie,Bau,Rosieres,Beaume,44.475,4.264,2015-07-22,2015,1006,Hy,Hy,intermediaire,True,True,0.5132975,0.09612850000000006,Ch,4,F01,F,01,1,1,
15Bau1014Ch05A__durance3,2015_Bau_1014,durance3,B,branchie,Bau,Rosieres,Beaume,44.475,4.264,2015-07-22,2015,1014,Pt,Pt,pur,True,True,0.00344197,0.03864973,Ch,4,F02,F,02,2,2,
15Bau1022Ch05A__durance3,2015_Bau_1022,durance3,B,branchie,Bau,Rosieres,Beaume,44.475,4.264,2015-07-22,2015,1022,Pt,Pt,pur,True,True,0.026378,0.0396818,Ch,4,F03,F,03,3,3,
15Jus1005Ch05A__durance3,2015_Jus_1005,durance3,B,branchie,Jus,Saint-Just-d'Ardeche,Ardeche,44.286,4.597833,2015-07-21,2015,1005,Hy,Pt,quasi-pur,False,True,0.0001,0.0121084,Ch,4,F04,F,04,1,1,
15Jus1013Ch05A__durance3,2015_Jus_1013,durance3,B,branchie,Jus,Saint-Just-d'Ardeche,Ardeche,44.286,4.597833,2015-07-21,2015,1013,Cn,Cn,pur,True,True,0.9766085,0.10154149999999995,Ch,4,F05,F,05,2,2,
15Caa1002Ch05A__durance3,2015_Caa_1002,durance3,B,branchie,Caa,Canal (usine du Largue),Canal,43.853389,5.858444,2015-09-08,2015,1002,Cn,Cn,pur,True,True,0.9994325,0.1068714999999999,Ch,4,F06,F,06,1,1,
15Caa1010Ch05A__durance3,2015_Caa_1010,durance3,B,branchie,Caa,Canal (usine du Largue),Canal,43.853389,5.858444,2015-09-08,2015,1010,Cn,Cn,pur,True,True,0.9999,0.019187999999999983,Ch,4,F07,F,07,2,2,
15Caa1018Ch05A__durance3,2015_Caa_1018,durance3,B,branchie,Caa,Canal (usine du Largue),Canal,43.853389,5.858444,2015-09-08,2015,1018,Pt,Pt,pur,True,True,0.0001,0.0258486,Ch,4,F08,F,08,3,3,
15Avi1006Cn05A__durance3,2015_Avi_1006,durance3,B,branchie,Avi,Avignon,Durance,43.913,4.820722,2014-07-17;2015-07-10,2015,1006,Cn,Cn,pur,True,True,0.981626,0.024009999999999976,Cn,4,F09,F,09,3,3,
15Bue1001Ch05A__durance3,2015_Bue_1001,durance3,B,branchie,Bue,Confluence Buech-Meouge,Buech,44.262,5.828,2014-07-03;2015-07-17,2015,1001,Cn,Cn,pur,True,True,0.9999,0.05101900000000004,Ch,4,F10,F,10,4,4,
15BUe1009Ch05A__durance3,2015_Bue_1009,durance3,B,branchie,Bue,Confluence Buech-Meouge,Buech,44.262,5.828,2014-07-03;2015-07-17,2015,1009,Hy,Hy,intermediaire,True,True,0.9276935,0.1251184999999999,Ch,4,F11,F,11,5,5,
15BUe1017Ch05A__durance3,2015_Bue_1017,durance3,B,branchie,Bue,Confluence Buech-Meouge,Buech,44.262,5.828,2014-07-03;2015-07-17,2015,1017,Cn,Cn,pur,True,True,0.985546,0.08171899999999999,Ch,4,F12,F,12,6,6,
15Bau1007Ch05A__durance3,2015_Bau_1007,durance3,B,branchie,Bau,Rosieres,Beaume,44.475,4.264,2015-07-22,2015,1007,Pt,Pt,pur,True,True,0.0001,0.00827844,Ch,4,G01,G,01,1,1,
15Bau1015Ch05A__durance3,2015_Bau_1015,durance3,B,branchie,Bau,Rosieres,Beaume,44.475,4.264,2015-07-22,2015,1015,Pt,Pt,pur,True,True,0.0001,0.0171402,Ch,4,G02,G,02,2,2,
15Bau1023Ch05A__durance3,2015_Bau_1023,durance3,B,branchie,Bau,Rosieres,Beaume,44.475,4.264,2015-07-22,2015,1023,Pt,Pt,pur,True,True,0.0001,0.0,Ch,4,G03,G,03,3,3,
15Jus1006Ch05A__durance3,2015_Jus_1006,durance3,B,branchie,Jus,Saint-Just-d'Ardeche,Ardeche,44.286,4.597833,2015-07-21,2015,1006,Pt,Pt,pur,True,True,0.0001,0.0,Ch,4,G04,G,04,1,1,
15Jus1014Ch05A__durance3,2015_Jus_1014,durance3,B,branchie,Jus,Saint-Just-d'Ardeche,Ardeche,44.286,4.597833,2015-07-21,2015,1014,Cn,Cn,pur,True,True,0.9468705,0.05302950000000006,Ch,4,G05,G,05,2,2,
15Caa1003Ch05A__durance3,2015_Caa_1003,durance3,B,branchie,Caa,Canal (usine du Largue),Canal,43.853389,5.858444,2015-09-08,2015,1003,Cn,Cn,pur,True,True,0.9999,0.011297000000000001,Ch,4,G06,G,06,1,1,
15Caa1011Ch05A__durance3,2015_Caa_1011,durance3,B,branchie,Caa,Canal (usine du Largue),Canal,43.853389,5.858444,2015-09-08,2015,1011,Pt,Pt,pur,True,True,0.0001,0.0906421,Ch,4,G07,G,07,2,2,
15Caa1019Ch05A__durance3,2015_Caa_1019,durance3,B,branchie,Caa,Canal (usine du Largue),Canal,43.853389,5.858444,2015-09-08,2015,1019,Hy,Pt,quasi-pur,False,True,0.0001,0.007794419999999999,Ch,4,G08,G,08,3,3,
15Avi1007Cn05A__durance3,2015_Avi_1007,durance3,B,branchie,Avi,Avignon,Durance,43.913,4.820722,2014-07-17;2015-07-10,2015,1007,Cn,Cn,pur,True,True,0.9999,0.08638400000000002,Cn,4,G09,G,09,3,3,
15BUe1002Ch05A__durance3,2015_Bue_1002,durance3,B,branchie,Bue,Confluence Buech-Meouge,Buech,44.262,5.828,2014-07-03;2015-07-17,2015,1002,Cn,Cn,pur,True,True,0.9999,0.015835000000000043,Ch,4,G10,G,10,4,4,
15BUe1010Ch05A__durance3,2015_Bue_1010,durance3,B,branchie,Bue,Confluence Buech-Meouge,Buech,44.262,5.828,2014-07-03;2015-07-17,2015,1010,Hy,Hy,intermediaire,True,True,0.5373025,0.11367450000000001,Ch,4,G11,G,11,5,5,
15BUe1018Ch05A__durance3,2015_Bue_1018,durance3,B,branchie,Bue,Confluence Buech-Meouge,Buech,44.262,5.828,2014-07-03;2015-07-17,2015,1018,Hy,Hy,intermediaire,True,True,0.8807585,0.09011049999999998,Ch,4,G12,G,12,6,6,
15Bau1008Ch05A__durance3,2015_Bau_1008,durance3,B,branchie,Bau,Rosieres,Beaume,44.475,4.264,2015-07-22,2015,1008,Pt,Pt,pur,True,True,0.0001,0.039034,Ch,4,H01,H,01,1,1,
15Bau1016Ch05A__durance3,2015_Bau_1016,durance3,B,branchie,Bau,Rosieres,Beaume,44.475,4.264,2015-07-22,2015,1016,Hy,Hy,quasi-pur,False,True,0.02028617,0.44522083,Ch,4,H02,H,02,2,2,
15Bau1024Ch05A__durance3,2015_Bau_1024,durance3,B,branchie,Bau,Rosieres,Beaume,44.475,4.264,2015-07-22,2015,1024,Pt,Pt,pur,True,True,0.0001,0.0131795,Ch,4,H03,H,03,3,3,
15Jus1007Ch05A__durance3,2015_Jus_1007,durance3,B,branchie,Jus,Saint-Just-d'Ardeche,Ardeche,44.286,4.597833,2015-07-21,2015,1007,Pt,Pt,pur,True,True,0.0001,0.014199,Ch,4,H04,H,04,1,1,
15Jus1015Ch05A__durance3,2015_Jus_1015,durance3,B,branchie,Jus,Saint-Just-d'Ardeche,Ardeche,44.286,4.597833,2015-07-21,2015,1015,Cn,Cn,pur,True,True,0.9977965,0.050436499999999995,Ch,4,H05,H,05,2,2,
15Caa1004Ch05A__durance3,2015_Caa_1004,durance3,B,branchie,Caa,Canal (usine du Largue),Canal,43.853389,5.858444,2015-09-08,2015,1004,Cn,Cn,pur,True,True,0.9999,0.005790999999999991,Ch,4,H06,H,06,1,1,
15Caa1012Ch05A__durance3,2015_Caa_1012,durance3,B,branchie,Caa,Canal (usine du Largue),Canal,43.853389,5.858444,2015-09-08,2015,1012,Pt,Pt,pur,True,True,0.0001,0.0,Ch,4,H07,H,07,2,2,
15Caa1020Ch05A__durance3,2015_Caa_1020,durance3,B,branchie,Caa,Canal (usine du Largue),Canal,43.853389,5.858444,2015-09-08,2015,1020,Pt,Pt,pur,True,True,0.0001,0.0260511,Ch,4,H08,H,08,3,3,
15Avi1008Cn05A__durance3,2015_Avi_1008,durance3,B,branchie,Avi,Avignon,Durance,43.913,4.820722,2014-07-17;2015-07-10,2015,1008,Cn,Cn,pur,True,True,0.9999,0.01104000000000005,Cn,4,H09,H,09,3,3,
15BUe1003Ch05A__durance3,2015_Bue_1003,durance3,B,branchie,Bue,Confluence Buech-Meouge,Buech,44.262,5.828,2014-07-03;2015-07-17,2015,1003,Cn,Cn,pur,True,True,0.9999,0.015947000000000044,Ch,4,H10,H,10,4,4,
15BUe1011Ch05A__durance3,2015_Bue_1011,durance3,B,branchie,Bue,Confluence Buech-Meouge,Buech,44.262,5.828,2014-07-03;2015-07-17,2015,1011,Hy,Hy,intermediaire,True,True,0.7010149999999999,0.10766600000000004,Ch,4,H11,H,11,5,5,
14Ain1001Cn03A__durance3,2014_Ain_1001,durance3,B,hindgut,Ain,Pont-d'Ain,Suran,46.048,5.324,2014-08-12,2014,1001,Cn,Cn,pur,True,True,0.9999,0.02987200000000001,Cn,5,A01,A,01,1,1,
14Ain1038Pt03A__durance3,2014_Ain_1038,durance3,B,hindgut,Ain,Chavannes-sur-Suran,Suran,46.264389,5.429444,2014-08-12,2014,1038,Pt,Pt,pur,True,True,0.0001,0.0105608,Pt,5,A02,A,02,2,2,
15Cab1003Ch03A__durance3,2015_Cab_1003,durance3,B,hindgut,Cab,Pont-d'Ain,Suran,46.048,5.324,2015-08-26,2015,1003,Cn,Cn,pur,True,True,0.9790135,0.04033549999999997,Ch,5,A03,A,03,2,3,
15Cab1011Ch03A__durance3,2015_Cab_1011,durance3,B,hindgut,Cab,Chavannes-sur-Suran,Suran,46.264389,5.429444,2015-08-26,2015,1011,Pt,Pt,pur,True,False,0.00042399999999997995,0.0,Ch,5,A04,A,04,3,4,
15Cab1019Ch03A__durance3,2015_Cab_1019,durance3,B,hindgut,Cab,Chavannes-sur-Suran,Suran,46.264389,5.429444,2015-08-26,2015,1019,Pt,Pt,pur,True,True,0.0001,0.0,Ch,5,A05,A,05,4,5,
14Avi1008Cn03A__durance3,2014_Avi_1008,durance3,B,hindgut,Avi,Avignon,Durance,43.913,4.820722,2014-07-17;2015-07-10,2014,1008,Cn,Cn,pur,True,True,0.9790425,0.04159250000000003,Cn,5,A06,A,06,2,2,
14Bue1005Cn03A__durance3,2014_Bue_1005,durance3,B,hindgut,Bue,Confluence Buech-Meouge,Buech,44.262,5.828,2014-07-03;2015-07-17,2014,1005,Cn,Cn,pur,True,True,0.996529,0.015122999999999998,Cn,5,A07,A,07,2,2,
14Bue1015Ch03A__durance3,2014_Bue_1015,durance3,B,hindgut,Bue,Confluence Buech-Meouge,Buech,44.262,5.828,2014-07-03;2015-07-17,2014,1015,Pt,Pt,pur,True,True,0.0001,0.027206,Ch,5,A08,A,08,3,3,
14Man1011Ch03A__durance3,2014_Man_1011,durance3,B,hindgut,Man,Manosque-Oraison,Durance,43.919667,5.896278,2014-07-23,2014,1011,Hy,Pt,quasi-pur,False,True,0.0001,0.0034689200000000003,Ch,5,A09,A,09,2,2,
14Man1019Ch03A__durance3,2014_Man_1019,durance3,B,hindgut,Man,Manosque-Oraison,Durance,43.919667,5.896278,2014-07-23,2014,1019,Pt,Pt,pur,True,True,0.0001,0.00794395,Ch,5,A10,A,10,3,3,
14Per2011Ch03A__durance3,2014_Per_2011,durance3,B,hindgut,Per,Pertuis,Durance,43.668139,5.493,2014-07-07;2014-08-20,2014,2011,Pt,Pt,pur,True,True,0.0001,0.0198136,Ch,5,A11,A,11,2,2,
14Per2011Ch03A-bis__durance3,2014_Per_2011,durance3,B,hindgut,Per,Pertuis,Durance,43.668139,5.493,2014-07-07;2014-08-20,2014,2011,Pt,Pt,pur,True,True,0.0001,0.0198136,Ch,5,A12,A,12,3,3,
14Ain1002Cn03A__durance3,2014_Ain_1002,durance3,B,hindgut,Ain,Pont-d'Ain,Suran,46.048,5.324,2014-08-12,2014,1002,Cn,Cn,pur,True,True,0.9999,0.027077000000000018,Cn,5,B01,B,01,1,1,
14Ain1039Pt03A__durance3,2014_Ain_1039,durance3,B,hindgut,Ain,Chavannes-sur-Suran,Suran,46.264389,5.429444,2014-08-12,2014,1039,Pt,Pt,pur,True,True,0.0001,0.0118913,Pt,5,B02,B,02,2,2,
15Cab1004Ch03A__durance3,2015_Cab_1004,durance3,B,hindgut,Cab,Pont-d'Ain,Suran,46.048,5.324,2015-08-26,2015,1004,Cn,Cn,pur,True,True,0.9916195,0.051615500000000036,Ch,5,B03,B,03,2,3,
15Cab1012Ch03A__durance3,2015_Cab_1012,durance3,B,hindgut,Cab,Chavannes-sur-Suran,Suran,46.264389,5.429444,2015-08-26,2015,1012,Pt,Pt,pur,True,True,0.0001,0.0024834600000000003,Ch,5,B04,B,04,3,4,
14Avi1001Cn03A__durance3,2014_Avi_1001,durance3,B,hindgut,Avi,Avignon,Durance,43.913,4.820722,2014-07-17;2015-07-10,2014,1001,Cn,Cn,pur,True,True,0.9999,0.014294000000000029,Cn,5,B05,B,05,1,1,
14Avi1036-Cn03A__durance3,2014_Avi_1036,durance3,B,hindgut,Avi,Avignon,Durance,43.913,4.820722,2014-07-17;2015-07-10,2014,1036,Cn,Cn,pur,True,True,0.9999,0.025182000000000038,Cn,5,B06,B,06,2,2,
14Bue1006Cn03A__durance3,2014_Bue_1006,durance3,B,hindgut,Bue,Confluence Buech-Meouge,Buech,44.262,5.828,2014-07-03;2015-07-17,2014,1006,Hy,Hy,intermediaire,True,True,0.9466924999999999,0.09561849999999994,Cn,5,B07,B,07,2,2,
14Bue1016Ch03A__durance3,2014_Bue_1016,durance3,B,hindgut,Bue,Confluence Buech-Meouge,Buech,44.262,5.828,2014-07-03;2015-07-17,2014,1016,Hy,Pt,quasi-pur,False,True,0.0001,0.025033800000000002,Ch,5,B08,B,08,3,3,
14Man1012Ch03A__durance3,2014_Man_1012,durance3,B,hindgut,Man,Manosque-Oraison,Durance,43.919667,5.896278,2014-07-23,2014,1012,Pt,Pt,pur,True,True,0.0001,0.00126172,Ch,5,B09,B,09,2,2,
14Man1020Ch03A__durance3,2014_Man_1020,durance3,B,hindgut,Man,Manosque-Oraison,Durance,43.919667,5.896278,2014-07-23,2014,1020,Hy,Pt,quasi-pur,False,True,0.0001,0.00115361,Ch,5,B10,B,10,3,3,
14Per2012Ch03A__durance3,2014_Per_2012,durance3,B,hindgut,Per,Pertuis,Durance,43.668139,5.493,2014-07-07;2014-08-20,2014,2012,Pt,Pt,pur,True,True,0.0001,0.0,Ch,5,B11,B,11,2,2,
14Per2012Ch03A-bis__durance3,2014_Per_2012,durance3,B,hindgut,Per,Pertuis,Durance,43.668139,5.493,2014-07-07;2014-08-20,2014,2012,Pt,Pt,pur,True,True,0.0001,0.0,Ch,5,B12,B,12,3,3,
14Ain1011Pt03A__durance3,2014_Ain_1011,durance3,B,hindgut,Ain,Chavannes-sur-Suran,Suran,46.264389,5.429444,2014-08-12,2014,1011,Pt,Pt,pur,True,True,0.0001,0.00132522,Pt,5,C01,C,01,1,1,
14Ain1040Pt03A__durance3,2014_Ain_1040,durance3,B,hindgut,Ain,Chavannes-sur-Suran,Suran,46.264389,5.429444,2014-08-12,2014,1040,Pt,Pt,pur,True,True,0.0001,0.029344600000000002,Pt,5,C02,C,02,2,2,
15Cab1005Ch03A__durance3,2015_Cab_1005,durance3,B,hindgut,Cab,Pont-d'Ain,Suran,46.048,5.324,2015-08-26,2015,1005,Cn,Cn,pur,True,True,0.9999,0.04226799999999997,Ch,5,C03,C,03,2,3,
15Cab1013Ch03A__durance3,2015_Cab_1013,durance3,B,hindgut,Cab,Chavannes-sur-Suran,Suran,46.264389,5.429444,2015-08-26,2015,1013,Pt,Pt,pur,True,True,0.0001,0.0639904,Ch,5,C04,C,04,3,4,
14Avi1002Cn03A__durance3,2014_Avi_1002,durance3,B,hindgut,Avi,Avignon,Durance,43.913,4.820722,2014-07-17;2015-07-10,2014,1002,Cn,Cn,pur,True,True,0.9999,0.01569799999999999,Cn,5,C05,C,05,1,1,
14Avi1037Cn03A__durance3,2014_Avi_1037,durance3,B,hindgut,Avi,Avignon,Durance,43.913,4.820722,2014-07-17;2015-07-10,2014,1037,Cn,Cn,pur,True,True,0.9999,0.114066,Cn,5,C06,C,06,2,2,
14Bue1007Cn03A__durance3,2014_Bue_1007,durance3,B,hindgut,Bue,Confluence Buech-Meouge,Buech,44.262,5.828,2014-07-03;2015-07-17,2014,1007,Cn,Cn,pur,True,True,0.9999,0.013390000000000013,Cn,5,C07,C,07,2,2,
14Bue1017Ch03A__durance3,2014_Bue_1017,durance3,B,hindgut,Bue,Confluence Buech-Meouge,Buech,44.262,5.828,2014-07-03;2015-07-17,2014,1017,Pt,Pt,pur,True,True,0.0001,0.0436135,Ch,5,C08,C,08,3,3,
14Man1013Ch03A__durance3,2014_Man_1013,durance3,B,hindgut,Man,Manosque-Oraison,Durance,43.919667,5.896278,2014-07-23,2014,1013,Pt,Pt,pur,True,True,0.0001,0.0236388,Ch,5,C09,C,09,2,2,
14Man1021Ch03A__durance3,2014_Man_1021,durance3,B,hindgut,Man,Manosque-Oraison,Durance,43.919667,5.896278,2014-07-23,2014,1021,Hy,Hy,intermediaire,True,True,0.2179825,0.1247321,Ch,5,C10,C,10,3,3,
14Per2013Ch03A__durance3,2014_Per_2013,durance3,B,hindgut,Per,Pertuis,Durance,43.668139,5.493,2014-07-07;2014-08-20,2014,2013,Hy,Hy,intermediaire,True,True,0.2097815,0.1761465,Ch,5,C11,C,11,2,2,
14Ain1012Pt03A__durance3,2014_Ain_1012,durance3,B,hindgut,Ain,Chavannes-sur-Suran,Suran,46.264389,5.429444,2014-08-12,2014,1012,Pt,Pt,pur,True,True,0.0001,0.034025599999999996,Pt,5,D01,D,01,1,1,
14Ain1041Pt03A__durance3,2014_Ain_1041,durance3,B,hindgut,Ain,Chavannes-sur-Suran,Suran,46.264389,5.429444,2014-08-12,2014,1041,Pt,Pt,pur,True,True,0.0001,0.0032175100000000002,Pt,5,D02,D,02,2,2,
15Cab1006Ch03A__durance3,2015_Cab_1006,durance3,B,hindgut,Cab,Pont-d'Ain,Suran,46.048,5.324,2015-08-26,2015,1006,Cn,Cn,pur,True,True,0.9676345,0.0767025,Ch,5,D03,D,03,2,3,
15Cab1014Ch03A__durance3,2015_Cab_1014,durance3,B,hindgut,Cab,Chavannes-sur-Suran,Suran,46.264389,5.429444,2015-08-26,2015,1014,Pt,Pt,pur,True,True,0.0001,0.0,Ch,5,D04,D,04,3,4,
14Avi1003Cn03A__durance3,2014_Avi_1003,durance3,B,hindgut,Avi,Avignon,Durance,43.913,4.820722,2014-07-17;2015-07-10,2014,1003,Cn,Cn,pur,True,True,0.9999,0.002593999999999985,Cn,5,D05,D,05,1,1,
14Avi1038Cn03A__durance3,2014_Avi_1038,durance3,B,hindgut,Avi,Avignon,Durance,43.913,4.820722,2014-07-17;2015-07-10,2014,1038,Cn,Cn,pur,True,True,0.9999,0.017442999999999986,Cn,5,D06,D,06,2,2,
14Bue1008Cn03A__durance3,2014_Bue_1008,durance3,B,hindgut,Bue,Confluence Buech-Meouge,Buech,44.262,5.828,2014-07-03;2015-07-17,2014,1008,Cn,Cn,pur,True,True,0.9999,0.019206999999999974,Cn,5,D07,D,07,2,2,
14Bue1018Ch03A__durance3,2014_Bue_1018,durance3,B,hindgut,Bue,Confluence Buech-Meouge,Buech,44.262,5.828,2014-07-03;2015-07-17,2014,1018,Pt,Pt,pur,True,True,0.0001,0.009559940000000001,Ch,5,D08,D,08,3,3,
14Man1014Ch03A__durance3,2014_Man_1014,durance3,B,hindgut,Man,Manosque-Oraison,Durance,43.919667,5.896278,2014-07-23,2014,1014,Pt,Pt,pur,True,True,0.0001,0.0023953100000000003,Ch,5,D09,D,09,2,2,
14Man1022Ch03A__durance3,2014_Man_1022,durance3,B,hindgut,Man,Manosque-Oraison,Durance,43.919667,5.896278,2014-07-23,2014,1022,Pt,Pt,pur,True,True,0.0001,0.010545200000000001,Ch,5,D10,D,10,3,3,
14Per2014Ch03A__durance3,2014_Per_2014,durance3,B,hindgut,Per,Pertuis,Durance,43.668139,5.493,2014-07-07;2014-08-20,2014,2014,Pt,Pt,pur,True,True,0.0001,0.0,Ch,5,D11,D,11,2,2,
14Ain1013Pt03A__durance3,2014_Ain_1013,durance3,B,hindgut,Ain,Chavannes-sur-Suran,Suran,46.264389,5.429444,2014-08-12,2014,1013,Pt,Pt,pur,True,True,0.0001,0.0099728,Pt,5,E01,E,01,1,1,
14Ain1042Pt03A__durance3,2014_Ain_1042,durance3,B,hindgut,Ain,Chavannes-sur-Suran,Suran,46.264389,5.429444,2014-08-12,2014,1042,Pt,Pt,pur,True,True,0.0001,0.0252761,Pt,5,E02,E,02,2,2,
15Cab1007Ch03A__durance3,2015_Cab_1007,durance3,B,hindgut,Cab,Pont-d'Ain,Suran,46.048,5.324,2015-08-26,2015,1007,Cn,Cn,pur,True,True,0.986855,0.040076,Ch,5,E03,E,03,2,3,
15Cab1015Ch03A__durance3,2015_Cab_1015,durance3,B,hindgut,Cab,Chavannes-sur-Suran,Suran,46.264389,5.429444,2015-08-26,2015,1015,Pt,Pt,pur,True,True,0.0001,0.0122371,Ch,5,E04,E,04,3,4,
14Avi1004Cn03A__durance3,2014_Avi_1004,durance3,B,hindgut,Avi,Avignon,Durance,43.913,4.820722,2014-07-17;2015-07-10,2014,1004,Cn,Cn,pur,True,True,0.9999,0.01977300000000004,Cn,5,E05,E,05,1,1,
14Bue1001Cn03A__durance3,2014_Bue_1001,durance3,B,hindgut,Bue,Confluence Buech-Meouge,Buech,44.262,5.828,2014-07-03;2015-07-17,2014,1001,Cn,Cn,pur,True,False,0.9878026,0.0,Cn,5,E06,E,06,1,1,
14Bue1011Ch03A__durance3,2014_Bue_1011,durance3,B,hindgut,Bue,Confluence Buech-Meouge,Buech,44.262,5.828,2014-07-03;2015-07-17,2014,1011,Pt,Pt,pur,True,True,0.0001,0.0232161,Ch,5,E07,E,07,2,2,
14Bue1019Ch03A__durance3,2014_Bue_1019,durance3,B,hindgut,Bue,Confluence Buech-Meouge,Buech,44.262,5.828,2014-07-03;2015-07-17,2014,1019,Pt,Pt,pur,True,True,0.0001,0.0,Ch,5,E08,E,08,3,3,
14Man1015Ch03A__durance3,2014_Man_1015,durance3,B,hindgut,Man,Manosque-Oraison,Durance,43.919667,5.896278,2014-07-23,2014,1015,Pt,Pt,pur,True,True,0.0001,0.0,Ch,5,E09,E,09,2,2,
14Per1011Ch03A__durance3,2014_Per_1011,durance3,B,hindgut,Per,Pertuis,Durance,43.668139,5.493,2014-07-07;2014-08-20,2014,1011,Pt,Pt,pur,True,True,0.0001,0.01805,Ch,5,E10,E,10,1,1,
15Per2015Ch03A__durance3,2014_Per_2015,durance3,B,hindgut,Per,Pertuis,Durance,43.668139,5.493,2014-07-07;2014-08-20,2014,2015,Pt,Pt,pur,True,True,0.0001,0.0,Ch,5,E11,E,11,2,2,
14Ain1014Pt03A__durance3,2014_Ain_1014,durance3,B,hindgut,Ain,Chavannes-sur-Suran,Suran,46.264389,5.429444,2014-08-12,2014,1014,Pt,Pt,pur,True,True,0.0001,0.0193883,Pt,5,F01,F,01,1,1,
14Ain1043Pt03A__durance3,2014_Ain_1043,durance3,B,hindgut,Ain,Chavannes-sur-Suran,Suran,46.264389,5.429444,2014-08-12,2014,1043,Pt,Pt,pur,True,True,0.0001,0.0059209399999999995,Pt,5,F02,F,02,2,2,
15Cab1008Ch03A__durance3,2015_Cab_1008,durance3,B,hindgut,Cab,Pont-d'Ain,Suran,46.048,5.324,2015-08-26,2015,1008,Cn,Cn,pur,True,True,0.997914,0.01697700000000002,Ch,5,F03,F,03,2,3,
15Cab1016Ch03A__durance3,2015_Cab_1016,durance3,B,hindgut,Cab,Chavannes-sur-Suran,Suran,46.264389,5.429444,2015-08-26,2015,1016,Pt,Pt,pur,True,True,0.0001,0.00194113,Ch,5,F04,F,04,3,4,
14Avi1005Cn03A__durance3,2014_Avi_1005,durance3,B,hindgut,Avi,Avignon,Durance,43.913,4.820722,2014-07-17;2015-07-10,2014,1005,Cn,Cn,pur,True,True,0.9999,0.08110799999999996,Cn,5,F05,F,05,1,1,
14Bue1002Cn03A__durance3,2014_Bue_1002,durance3,B,hindgut,Bue,Confluence Buech-Meouge,Buech,44.262,5.828,2014-07-03;2015-07-17,2014,1002,Cn,Cn,pur,True,False,0.989712,0.0,Cn,5,F06,F,06,1,1,
14Bue1012Ch03A__durance3,2014_Bue_1012,durance3,B,hindgut,Bue,Confluence Buech-Meouge,Buech,44.262,5.828,2014-07-03;2015-07-17,2014,1012,Pt,Pt,pur,True,True,0.0001,0.0,Ch,5,F07,F,07,2,2,
14Man1001Cn03A__durance3,2014_Man_1001,durance3,B,hindgut,Man,Manosque-Oraison,Durance,43.919667,5.896278,2014-07-23,2014,1001,Pt,Pt,pur,True,True,0.0001,0.0031458500000000004,Cn,5,F08,F,08,1,1,
14Man1016Ch03A__durance3,2014_Man_1016,durance3,B,hindgut,Man,Manosque-Oraison,Durance,43.919667,5.896278,2014-07-23,2014,1016,Pt,Pt,pur,True,True,0.0001,0.00548115,Ch,5,F09,F,09,2,2,
14Per1012Ch03A__durance3,2014_Per_1012,durance3,B,hindgut,Per,Pertuis,Durance,43.668139,5.493,2014-07-07;2014-08-20,2014,1012,Pt,Pt,pur,True,True,0.0001,0.00345481,Ch,5,F10,F,10,1,1,
14Ain1036Cn03A__durance3,2014_Ain_1036,durance3,B,hindgut,Ain,Pont-d'Ain,Suran,46.048,5.324,2014-08-12,2014,1036,Cn,Cn,pur,True,True,0.9634205,0.05584849999999997,Cn,5,G01,G,01,1,1,
15Cab1001Ch03A__durance3,2015_Cab_1001,durance3,B,hindgut,Cab,Pont-d'Ain,Suran,46.048,5.324,2015-08-26,2015,1001,Cn,Cn,pur,True,True,0.9999,0.07011200000000006,Ch,5,G02,G,02,1,2,
15Cab1009Ch03A__durance3,2015_Cab_1009,durance3,B,hindgut,Cab,Pont-d'Ain,Suran,46.048,5.324,2015-08-26,2015,1009,Hy,Hy,intermediaire,True,True,0.8998935,0.13065250000000006,Ch,5,G03,G,03,2,3,
15Cab1017Ch03A__durance3,2015_Cab_1017,durance3,B,hindgut,Cab,Chavannes-sur-Suran,Suran,46.264389,5.429444,2015-08-26,2015,1017,Pt,Pt,pur,True,True,0.0001,0.0135881,Ch,5,G04,G,04,3,4,
14Avi1006Cn03A__durance3,2014_Avi_1006,durance3,B,hindgut,Avi,Avignon,Durance,43.913,4.820722,2014-07-17;2015-07-10,2014,1006,Cn,Cn,pur,True,True,0.9999,0.03937199999999996,Cn,5,G05,G,05,1,1,
14Bue1003Cn03A__durance3,2014_Bue_1003,durance3,B,hindgut,Bue,Confluence Buech-Meouge,Buech,44.262,5.828,2014-07-03;2015-07-17,2014,1003,Cn,Cn,pur,True,True,0.9999,0.05878899999999998,Cn,5,G06,G,06,1,1,
14Bue1013Ch03A__durance3,2014_Bue_1013,durance3,B,hindgut,Bue,Confluence Buech-Meouge,Buech,44.262,5.828,2014-07-03;2015-07-17,2014,1013,Pt,Pt,pur,True,True,0.0001,0.023389300000000002,Ch,5,G07,G,07,2,2,
14Man1002Cn03A__durance3,2014_Man_1002,durance3,B,hindgut,Man,Manosque-Oraison,Durance,43.919667,5.896278,2014-07-23,2014,1002,Hy,Hy,quasi-pur,False,True,0.0001,0.366158,Cn,5,G08,G,08,1,1,
14Man1017Ch03A__durance3,2014_Man_1017,durance3,B,hindgut,Man,Manosque-Oraison,Durance,43.919667,5.896278,2014-07-23,2014,1017,Pt,Pt,pur,True,True,0.0001,0.0,Ch,5,G09,G,09,2,2,
14Per1013Ch03A__durance3,2014_Per_1013,durance3,B,hindgut,Per,Pertuis,Durance,43.668139,5.493,2014-07-07;2014-08-20,2014,1013,Pt,Pt,pur,True,True,0.0001,0.0,Ch,5,G10,G,10,1,1,
14Ain1037Cn03A__durance3,2014_Ain_1037,durance3,B,hindgut,Ain,Pont-d'Ain,Suran,46.048,5.324,2014-08-12,2014,1037,Cn,Cn,pur,True,True,0.9999,0.021923000000000026,Cn,5,H01,H,01,1,1,
15Cab1002Ch03A__durance3,2015_Cab_1002,durance3,B,hindgut,Cab,Pont-d'Ain,Suran,46.048,5.324,2015-08-26,2015,1002,Cn,Cn,pur,True,True,0.9624035,0.043770499999999934,Ch,5,H02,H,02,1,2,
15Cab1010Ch03A__durance3,2015_Cab_1010,durance3,B,hindgut,Cab,Pont-d'Ain,Suran,46.048,5.324,2015-08-26,2015,1010,Hy,Hy,intermediaire,True,True,0.759876,0.07340000000000002,Ch,5,H03,H,03,2,3,
15Cab1018Ch03A__durance3,2015_Cab_1018,durance3,B,hindgut,Cab,Chavannes-sur-Suran,Suran,46.264389,5.429444,2015-08-26,2015,1018,Pt,Pt,pur,True,True,0.0001,0.018595900000000002,Ch,5,H04,H,04,3,4,
14Avi1007Cn03A__durance3,2014_Avi_1007,durance3,B,hindgut,Avi,Avignon,Durance,43.913,4.820722,2014-07-17;2015-07-10,2014,1007,Cn,Cn,pur,True,True,0.9999,0.010548000000000002,Cn,5,H05,H,05,1,1,
14Bue1004Cn03A__durance3,2014_Bue_1004,durance3,B,hindgut,Bue,Confluence Buech-Meouge,Buech,44.262,5.828,2014-07-03;2015-07-17,2014,1004,Cn,Cn,pur,True,True,0.9999,0.01164900000000002,Cn,5,H06,H,06,1,1,
14Bue1014Ch03A__durance3,2014_Bue_1014,durance3,B,hindgut,Bue,Confluence Buech-Meouge,Buech,44.262,5.828,2014-07-03;2015-07-17,2014,1014,Pt,Pt,pur,True,True,0.00459266,0.015245940000000001,Ch,5,H07,H,07,2,2,
14Man1010Cn03A__durance3,2014_Man_1010,durance3,B,hindgut,Man,Manosque-Oraison,Durance,43.919667,5.896278,2014-07-23,2014,1010,Hy,Pt,quasi-pur,False,True,0.0001,0.0,Cn,5,H08,H,08,1,1,
14Man1018Ch03A__durance3,2014_Man_1018,durance3,B,hindgut,Man,Manosque-Oraison,Durance,43.919667,5.896278,2014-07-23,2014,1018,Pt,Pt,pur,True,True,0.0001,0.0202354,Ch,5,H09,H,09,2,2,
14Per1014Ch03A__durance3,2014_Per_1014,durance3,B,hindgut,Per,Pertuis,Durance,43.668139,5.493,2014-07-07;2014-08-20,2014,1014,Pt,Pt,pur,True,True,0.0001,0.006368319999999999,Ch,5,H10,H,10,1,1,
15Bau1001Ch03A__durance3,2015_Bau_1001,durance3,B,hindgut,Bau,Rosieres,Beaume,44.475,4.264,2015-07-22,2015,1001,Pt,Pt,pur,True,True,0.0001,0.0011884,Ch,6,A01,A,01,1,1,
15Bau1009Ch03A__durance3,2015_Bau_1009,durance3,B,hindgut,Bau,Rosieres,Beaume,44.475,4.264,2015-07-22,2015,1009,Pt,Pt,pur,True,True,0.0001,0.0190407,Ch,6,A02,A,02,2,2,
15Bau1017Ch03A__durance3,2015_Bau_1017,durance3,B,hindgut,Bau,Rosieres,Beaume,44.475,4.264,2015-07-22,2015,1017,Pt,Pt,pur,True,True,0.01931,0.026522699999999996,Ch,6,A03,A,03,3,3,
15Bau1025Ch03A__durance3,2015_Bau_1025,durance3,B,hindgut,Bau,Rosieres,Beaume,44.475,4.264,2015-07-22,2015,1025,Pt,Pt,pur,True,True,0.019029945,0.066665255,Ch,6,A04,A,04,4,4,
15Jus1008Ch03A__durance3,2015_Jus_1008,durance3,B,hindgut,Jus,Saint-Just-d'Ardeche,Ardeche,44.286,4.597833,2015-07-21,2015,1008,Pt,Pt,pur,True,False,0.045518999999999976,0.01,Ch,6,A05,A,05,2,2,
15Jus1016Ch03A__durance3,2015_Jus_1016,durance3,B,hindgut,Jus,Saint-Just-d'Ardeche,Ardeche,44.286,4.597833,2015-07-21,2015,1016,Hy,Hy,quasi-pur,False,True,0.9999,0.23044900000000001,Ch,6,A06,A,06,3,3,
15Caa1005Ch03A__durance3,2015_Caa_1005,durance3,B,hindgut,Caa,Canal (usine du Largue),Canal,43.853389,5.858444,2015-09-08,2015,1005,Cn,Cn,pur,True,True,0.9999,0.031225000000000058,Ch,6,A07,A,07,2,2,
15Caa1013Ch03A__durance3,2015_Caa_1013,durance3,B,hindgut,Caa,Canal (usine du Largue),Canal,43.853389,5.858444,2015-09-08,2015,1013,Pt,Pt,pur,True,True,0.0001,0.0214899,Ch,6,A08,A,08,3,3,
15Avi1001Cn03A__durance3,2015_Avi_1001,durance3,B,hindgut,Avi,Avignon,Durance,43.913,4.820722,2014-07-17;2015-07-10,2015,1001,Hy,Hy,quasi-pur,False,True,0.9999,0.36144699999999996,Cn,6,A09,A,09,3,3,
15Avi1009Cn03A__durance3,2015_Avi_1009,durance3,B,hindgut,Avi,Avignon,Durance,43.913,4.820722,2014-07-17;2015-07-10,2015,1009,Cn,Cn,pur,True,True,0.9999,0.06070900000000001,Cn,6,A10,A,10,4,4,
15Bue1004Ch03A__durance3,2015_Bue_1004,durance3,B,hindgut,Bue,Confluence Buech-Meouge,Buech,44.262,5.828,2014-07-03;2015-07-17,2015,1004,Pt,Pt,pur,True,True,0.0001,0.0,Ch,6,A11,A,11,5,5,
15Bue1012Ch03A__durance3,2015_Bue_1012,durance3,B,hindgut,Bue,Confluence Buech-Meouge,Buech,44.262,5.828,2014-07-03;2015-07-17,2015,1012,Hy,Hy,quasi-pur,False,True,0.0001,0.393005,Ch,6,A12,A,12,6,6,
15Bau1002Ch03A__durance3,2015_Bau_1002,durance3,B,hindgut,Bau,Rosieres,Beaume,44.475,4.264,2015-07-22,2015,1002,Pt,Pt,pur,True,True,0.0001,0.00046527,Ch,6,B01,B,01,1,1,
15Bau1010Ch03A__durance3,2015_Bau_1010,durance3,B,hindgut,Bau,Rosieres,Beaume,44.475,4.264,2015-07-22,2015,1010,Hy,Hy,quasi-pur,False,True,0.0001,0.375879,Ch,6,B02,B,02,2,2,
15Bau1018Ch03A__durance3,2015_Bau_1018,durance3,B,hindgut,Bau,Rosieres,Beaume,44.475,4.264,2015-07-22,2015,1018,Pt,Pt,pur,True,True,0.0001,0.0420278,Ch,6,B03,B,03,3,3,
15Jus1001Ch03A__durance3,2015_Jus_1001,durance3,B,hindgut,Jus,Saint-Just-d'Ardeche,Ardeche,44.286,4.597833,2015-07-21,2015,1001,Pt,Pt,pur,True,True,0.0001,0.0,Ch,6,B04,B,04,1,1,
15Jus1009Ch03A__durance3,2015_Jus_1009,durance3,B,hindgut,Jus,Saint-Just-d'Ardeche,Ardeche,44.286,4.597833,2015-07-21,2015,1009,Hy,Hy,intermediaire,True,True,0.4761105,0.2859385,Ch,6,B05,B,05,2,2,
15Jus1017Ch03A__durance3,2015_Jus_1017,durance3,B,hindgut,Jus,Saint-Just-d'Ardeche,Ardeche,44.286,4.597833,2015-07-21,2015,1017,Cn,Cn,pur,True,True,0.9999,0.022872000000000003,Ch,6,B06,B,06,3,3,
15Caa1006Ch03A__durance3,2015_Caa_1006,durance3,B,hindgut,Caa,Canal (usine du Largue),Canal,43.853389,5.858444,2015-09-08,2015,1006,Hy,Hy,intermediaire,True,True,0.9211665,0.07827249999999997,Ch,6,B07,B,07,2,2,
15Caa1014Ch03A__durance3,2015_Caa_1014,durance3,B,hindgut,Caa,Canal (usine du Largue),Canal,43.853389,5.858444,2015-09-08,2015,1014,Pt,Pt,pur,True,True,0.0001,0.008547260000000001,Ch,6,B08,B,08,3,3,
15Avi1002Cn03A__durance3,2015_Avi_1002,durance3,B,hindgut,Avi,Avignon,Durance,43.913,4.820722,2014-07-17;2015-07-10,2015,1002,Hy,Hy,intermediaire,True,True,0.529004,0.06558199999999992,Cn,6,B09,B,09,3,3,
15Avi1010Cn03A__durance3,2015_Avi_1010,durance3,B,hindgut,Avi,Avignon,Durance,43.913,4.820722,2014-07-17;2015-07-10,2015,1010,Cn,Cn,pur,True,True,0.9999,0.023951999999999973,Cn,6,B10,B,10,4,4,
15Bue1005Ch03A__durance3,2015_Bue_1005,durance3,B,hindgut,Bue,Confluence Buech-Meouge,Buech,44.262,5.828,2014-07-03;2015-07-17,2015,1005,Hy,Hy,intermediaire,True,True,0.130852,0.06826000000000002,Ch,6,B11,B,11,5,5,
15Bue1013Ch03A__durance3,2015_Bue_1013,durance3,B,hindgut,Bue,Confluence Buech-Meouge,Buech,44.262,5.828,2014-07-03;2015-07-17,2015,1013,Pt,Pt,pur,True,True,0.0001,0.0261861,Ch,6,B12,B,12,6,6,
15Bau1003Ch03A__durance3,2015_Bau_1003,durance3,B,hindgut,Bau,Rosieres,Beaume,44.475,4.264,2015-07-22,2015,1003,Pt,Pt,pur,True,True,0.0001,0.0,Ch,6,C01,C,01,1,1,
15Bau1011Ch03A__durance3,2015_Bau_1011,durance3,B,hindgut,Bau,Rosieres,Beaume,44.475,4.264,2015-07-22,2015,1011,Pt,Pt,pur,True,True,0.00156659,0.04267271,Ch,6,C02,C,02,2,2,
15Bau1019Ch03A__durance3,2015_Bau_1019,durance3,B,hindgut,Bau,Rosieres,Beaume,44.475,4.264,2015-07-22,2015,1019,Hy,Pt,quasi-pur,False,True,0.0001,0.00373055,Ch,6,C03,C,03,3,3,
15Jus1002Ch03A__durance3,2015_Jus_1002,durance3,B,hindgut,Jus,Saint-Just-d'Ardeche,Ardeche,44.286,4.597833,2015-07-21,2015,1002,Hy,Pt,quasi-pur,False,True,0.0001,0.034920799999999995,Ch,6,C04,C,04,1,1,
15Jus1010Ch03A__durance3,2015_Jus_1010,durance3,B,hindgut,Jus,Saint-Just-d'Ardeche,Ardeche,44.286,4.597833,2015-07-21,2015,1010,Cn,Cn,pur,True,True,0.9999,0.04496900000000004,Ch,6,C05,C,05,2,2,
15Jus1018Ch03A__durance3,2015_Jus_1018,durance3,B,hindgut,Jus,Saint-Just-d'Ardeche,Ardeche,44.286,4.597833,2015-07-21,2015,1018,Cn,Cn,pur,True,True,0.9970375,0.02751349999999997,Ch,6,C06,C,06,3,3,
15Caa1007Ch03A__durance3,2015_Caa_1007,durance3,B,hindgut,Caa,Canal (usine du Largue),Canal,43.853389,5.858444,2015-09-08,2015,1007,Cn,Cn,pur,True,True,0.9847625,0.052702499999999985,Ch,6,C07,C,07,2,2,
15Caa1015Ch03A__durance3,2015_Caa_1015,durance3,B,hindgut,Caa,Canal (usine du Largue),Canal,43.853389,5.858444,2015-09-08,2015,1015,Hy,Hy,intermediaire,True,True,0.7446605,0.20081149999999992,Ch,6,C08,C,08,3,3,
15Avi1003Cn03A__durance3,2015_Avi_1003,durance3,B,hindgut,Avi,Avignon,Durance,43.913,4.820722,2014-07-17;2015-07-10,2015,1003,Cn,Cn,pur,True,True,0.9999,0.020881999999999956,Cn,6,C09,C,09,3,3,
15Avi1011Cn03A__durance3,2015_Avi_1011,durance3,B,hindgut,Avi,Avignon,Durance,43.913,4.820722,2014-07-17;2015-07-10,2015,1011,Hy,Cn,quasi-pur,False,True,0.9999,0.05917300000000003,Cn,6,C10,C,10,4,4,
15Bue1006Ch03A__durance3,2015_Bue_1006,durance3,B,hindgut,Bue,Confluence Buech-Meouge,Buech,44.262,5.828,2014-07-03;2015-07-17,2015,1006,Pt,Hy,pur,True,True,0.00753796,0.11408504,Ch,6,C11,C,11,5,5,
15Bue1014Ch03A__durance3,2015_Bue_1014,durance3,B,hindgut,Bue,Confluence Buech-Meouge,Buech,44.262,5.828,2014-07-03;2015-07-17,2015,1014,Pt,Pt,pur,True,False,0.001654999999999962,0.0,Ch,6,C12,C,12,6,6,
15Bau1004Ch03A__durance3,2015_Bau_1004,durance3,B,hindgut,Bau,Rosieres,Beaume,44.475,4.264,2015-07-22,2015,1004,Hy,Pt,quasi-pur,False,True,0.0001,0.07919129999999999,Ch,6,D01,D,01,1,1,
15Bau1012Ch03A__durance3,2015_Bau_1012,durance3,B,hindgut,Bau,Rosieres,Beaume,44.475,4.264,2015-07-22,2015,1012,Pt,Pt,pur,True,True,0.0001,0.014222100000000001,Ch,6,D02,D,02,2,2,
15Bau1020Ch03A__durance3,2015_Bau_1020,durance3,B,hindgut,Bau,Rosieres,Beaume,44.475,4.264,2015-07-22,2015,1020,Hy,Hy,quasi-pur,False,True,0.0001,0.206549,Ch,6,D03,D,03,3,3,
15Jus1003Ch03A__durance3,2015_Jus_1003,durance3,B,hindgut,Jus,Saint-Just-d'Ardeche,Ardeche,44.286,4.597833,2015-07-21,2015,1003,Hy,Pt,quasi-pur,False,True,0.014152999999999999,0.0733562,Ch,6,D04,D,04,1,1,
15Jus1011Ch03A__durance3,2015_Jus_1011,durance3,B,hindgut,Jus,Saint-Just-d'Ardeche,Ardeche,44.286,4.597833,2015-07-21,2015,1011,Cn,Hy,pur,True,True,0.9294205,0.06764250000000005,Ch,6,D05,D,05,2,2,
15Jus1019Ch03A__durance3,2015_Jus_1019,durance3,B,hindgut,Jus,Saint-Just-d'Ardeche,Ardeche,44.286,4.597833,2015-07-21,2015,1019,Cn,Cn,pur,True,True,0.9999,0.043321000000000054,Ch,6,D06,D,06,3,3,
15Caa1008Ch03A__durance3,2015_Caa_1008,durance3,B,hindgut,Caa,Canal (usine du Largue),Canal,43.853389,5.858444,2015-09-08,2015,1008,Hy,Hy,intermediaire,True,True,0.9208035,0.07993349999999999,Ch,6,D07,D,07,2,2,
15Caa1016Ch03A__durance3,2015_Caa_1016,durance3,B,hindgut,Caa,Canal (usine du Largue),Canal,43.853389,5.858444,2015-09-08,2015,1016,Hy,Pt,quasi-pur,False,True,0.003348402,0.030516898,Ch,6,D08,D,08,3,3,
15Avi1004Cn03A__durance3,2015_Avi_1004,durance3,B,hindgut,Avi,Avignon,Durance,43.913,4.820722,2014-07-17;2015-07-10,2015,1004,Cn,Cn,pur,True,True,0.9999,0.022290000000000032,Cn,6,D09,D,09,3,3,
15Avi1012Pt03A__durance3,2015_Avi_1012,durance3,B,hindgut,Avi,Avignon,Durance,43.913,4.820722,2014-07-17;2015-07-10,2015,1012,Hy,Hy,quasi-pur,False,True,0.0001,0.39093300000000003,Pt,6,D10,D,10,4,4,
15Bue1007Ch03A__durance3,2015_Bue_1007,durance3,B,hindgut,Bue,Confluence Buech-Meouge,Buech,44.262,5.828,2014-07-03;2015-07-17,2015,1007,Hy,Hy,intermediaire,True,True,0.220115,0.09282300000000002,Ch,6,D11,D,11,5,5,
15Bue1015Ch03A__durance3,2015_Bue_1015,durance3,B,hindgut,Bue,Confluence Buech-Meouge,Buech,44.262,5.828,2014-07-03;2015-07-17,2015,1015,Pt,Pt,pur,True,True,0.0001,0.0178451,Ch,6,D12,D,12,6,6,
15Bau1005Ch03A__durance3,2015_Bau_1005,durance3,B,hindgut,Bau,Rosieres,Beaume,44.475,4.264,2015-07-22,2015,1005,Pt,Pt,pur,True,True,0.004509865000000001,0.039507935,Ch,6,E01,E,01,1,1,
15Bau1013Ch03A__durance3,2015_Bau_1013,durance3,B,hindgut,Bau,Rosieres,Beaume,44.475,4.264,2015-07-22,2015,1013,Pt,Pt,pur,True,True,0.0001,0.0409044,Ch,6,E02,E,02,2,2,
15Bau1021Ch03A__durance3,2015_Bau_1021,durance3,B,hindgut,Bau,Rosieres,Beaume,44.475,4.264,2015-07-22,2015,1021,Hy,Pt,quasi-pur,False,True,0.0001,0.0344185,Ch,6,E03,E,03,3,3,
15Jus1004Ch03A__durance3,2015_Jus_1004,durance3,B,hindgut,Jus,Saint-Just-d'Ardeche,Ardeche,44.286,4.597833,2015-07-21,2015,1004,Hy,Pt,quasi-pur,False,True,0.0001,0.008645690000000001,Ch,6,E04,E,04,1,1,
15Jus1012Ch03A__durance3,2015_Jus_1012,durance3,B,hindgut,Jus,Saint-Just-d'Ardeche,Ardeche,44.286,4.597833,2015-07-21,2015,1012,Cn,Cn,pur,True,True,0.9999,0.02703500000000003,Ch,6,E05,E,05,2,2,
15Caa1001CH03A__durance3,2015_Caa_1001,durance3,B,hindgut,Caa,Canal (usine du Largue),Canal,43.853389,5.858444,2015-09-08,2015,1001,Cn,Cn,pur,True,True,0.947083,0.052817,Ch,6,E06,E,06,1,1,
15Caa1009Ch03A__durance3,2015_Caa_1009,durance3,B,hindgut,Caa,Canal (usine du Largue),Canal,43.853389,5.858444,2015-09-08,2015,1009,Cn,Cn,pur,True,True,0.9999,0.03842699999999999,Ch,6,E07,E,07,2,2,
15Caa1017Ch03A__durance3,2015_Caa_1017,durance3,B,hindgut,Caa,Canal (usine du Largue),Canal,43.853389,5.858444,2015-09-08,2015,1017,Hy,Hy,intermediaire,True,True,0.1006175,0.04702049999999999,Ch,6,E08,E,08,3,3,
15Avi1005Cn03A__durance3,2015_Avi_1005,durance3,B,hindgut,Avi,Avignon,Durance,43.913,4.820722,2014-07-17;2015-07-10,2015,1005,Cn,Cn,pur,True,True,0.99929,0.06421699999999997,Cn,6,E09,E,09,3,3,
15Avi1013Pt03A__durance3,2015_Avi_1013,durance3,B,hindgut,Avi,Avignon,Durance,43.913,4.820722,2014-07-17;2015-07-10,2015,1013,Hy,Hy,intermediaire,True,True,0.28511410000000004,0.33378589999999997,Pt,6,E10,E,10,4,4,
15Bue1008Ch03A__durance3,2015_Bue_1008,durance3,B,hindgut,Bue,Confluence Buech-Meouge,Buech,44.262,5.828,2014-07-03;2015-07-17,2015,1008,Pt,Pt,pur,True,True,0.0001,0.00945818,Ch,6,E11,E,11,5,5,
15Bue1016Ch03A__durance3,2015_Bue_1016,durance3,B,hindgut,Bue,Confluence Buech-Meouge,Buech,44.262,5.828,2014-07-03;2015-07-17,2015,1016,Hy,Hy,intermediaire,True,True,0.8887309999999999,0.15708699999999998,Ch,6,E12,E,12,6,6,
15Bau1006Ch03A__durance3,2015_Bau_1006,durance3,B,hindgut,Bau,Rosieres,Beaume,44.475,4.264,2015-07-22,2015,1006,Hy,Hy,intermediaire,True,True,0.5132975,0.09612850000000006,Ch,6,F01,F,01,1,1,
15Bau1014Ch03A__durance3,2015_Bau_1014,durance3,B,hindgut,Bau,Rosieres,Beaume,44.475,4.264,2015-07-22,2015,1014,Pt,Pt,pur,True,True,0.00344197,0.03864973,Ch,6,F02,F,02,2,2,
15Bau1022Ch03A__durance3,2015_Bau_1022,durance3,B,hindgut,Bau,Rosieres,Beaume,44.475,4.264,2015-07-22,2015,1022,Pt,Pt,pur,True,True,0.026378,0.0396818,Ch,6,F03,F,03,3,3,
15Jus1005Ch03A__durance3,2015_Jus_1005,durance3,B,hindgut,Jus,Saint-Just-d'Ardeche,Ardeche,44.286,4.597833,2015-07-21,2015,1005,Hy,Pt,quasi-pur,False,True,0.0001,0.0121084,Ch,6,F04,F,04,1,1,
15Jus1013Ch03A__durance3,2015_Jus_1013,durance3,B,hindgut,Jus,Saint-Just-d'Ardeche,Ardeche,44.286,4.597833,2015-07-21,2015,1013,Cn,Cn,pur,True,True,0.9766085,0.10154149999999995,Ch,6,F05,F,05,2,2,
15Caa1002Ch03A__durance3,2015_Caa_1002,durance3,B,hindgut,Caa,Canal (usine du Largue),Canal,43.853389,5.858444,2015-09-08,2015,1002,Cn,Cn,pur,True,True,0.9994325,0.1068714999999999,Ch,6,F06,F,06,1,1,
15Caa1010Ch03A__durance3,2015_Caa_1010,durance3,B,hindgut,Caa,Canal (usine du Largue),Canal,43.853389,5.858444,2015-09-08,2015,1010,Cn,Cn,pur,True,True,0.9999,0.019187999999999983,Ch,6,F07,F,07,2,2,
15Caa1018Ch03A__durance3,2015_Caa_1018,durance3,B,hindgut,Caa,Canal (usine du Largue),Canal,43.853389,5.858444,2015-09-08,2015,1018,Pt,Pt,pur,True,True,0.0001,0.0258486,Ch,6,F08,F,08,3,3,
15Avi1006Cn03A__durance3,2015_Avi_1006,durance3,B,hindgut,Avi,Avignon,Durance,43.913,4.820722,2014-07-17;2015-07-10,2015,1006,Cn,Cn,pur,True,True,0.981626,0.024009999999999976,Cn,6,F09,F,09,3,3,
15Bue1001Ch03A__durance3,2015_Bue_1001,durance3,B,hindgut,Bue,Confluence Buech-Meouge,Buech,44.262,5.828,2014-07-03;2015-07-17,2015,1001,Cn,Cn,pur,True,True,0.9999,0.05101900000000004,Ch,6,F10,F,10,4,4,
15Bue1009Ch03A__durance3,2015_Bue_1009,durance3,B,hindgut,Bue,Confluence Buech-Meouge,Buech,44.262,5.828,2014-07-03;2015-07-17,2015,1009,Hy,Hy,intermediaire,True,True,0.9276935,0.1251184999999999,Ch,6,F11,F,11,5,5,
15Bue1017Ch03A__durance3,2015_Bue_1017,durance3,B,hindgut,Bue,Confluence Buech-Meouge,Buech,44.262,5.828,2014-07-03;2015-07-17,2015,1017,Cn,Cn,pur,True,True,0.985546,0.08171899999999999,Ch,6,F12,F,12,6,6,
15Bau1007Ch03A__durance3,2015_Bau_1007,durance3,B,hindgut,Bau,Rosieres,Beaume,44.475,4.264,2015-07-22,2015,1007,Pt,Pt,pur,True,True,0.0001,0.00827844,Ch,6,G01,G,01,1,1,
15Bau1015Ch03A__durance3,2015_Bau_1015,durance3,B,hindgut,Bau,Rosieres,Beaume,44.475,4.264,2015-07-22,2015,1015,Pt,Pt,pur,True,True,0.0001,0.0171402,Ch,6,G02,G,02,2,2,
15Bau1023Ch03A__durance3,2015_Bau_1023,durance3,B,hindgut,Bau,Rosieres,Beaume,44.475,4.264,2015-07-22,2015,1023,Pt,Pt,pur,True,True,0.0001,0.0,Ch,6,G03,G,03,3,3,
15Jus1006Ch03A__durance3,2015_Jus_1006,durance3,B,hindgut,Jus,Saint-Just-d'Ardeche,Ardeche,44.286,4.597833,2015-07-21,2015,1006,Pt,Pt,pur,True,True,0.0001,0.0,Ch,6,G04,G,04,1,1,
15Jus1014Ch03A__durance3,2015_Jus_1014,durance3,B,hindgut,Jus,Saint-Just-d'Ardeche,Ardeche,44.286,4.597833,2015-07-21,2015,1014,Cn,Cn,pur,True,True,0.9468705,0.05302950000000006,Ch,6,G05,G,05,2,2,
15Caa1003Ch03A__durance3,2015_Caa_1003,durance3,B,hindgut,Caa,Canal (usine du Largue),Canal,43.853389,5.858444,2015-09-08,2015,1003,Cn,Cn,pur,True,True,0.9999,0.011297000000000001,Ch,6,G06,G,06,1,1,
15Caa1011Ch03A__durance3,2015_Caa_1011,durance3,B,hindgut,Caa,Canal (usine du Largue),Canal,43.853389,5.858444,2015-09-08,2015,1011,Pt,Pt,pur,True,True,0.0001,0.0906421,Ch,6,G07,G,07,2,2,
15Caa1019Ch03A__durance3,2015_Caa_1019,durance3,B,hindgut,Caa,Canal (usine du Largue),Canal,43.853389,5.858444,2015-09-08,2015,1019,Hy,Pt,quasi-pur,False,True,0.0001,0.007794419999999999,Ch,6,G08,G,08,3,3,
15Avi1007Cn03A__durance3,2015_Avi_1007,durance3,B,hindgut,Avi,Avignon,Durance,43.913,4.820722,2014-07-17;2015-07-10,2015,1007,Cn,Cn,pur,True,True,0.9999,0.08638400000000002,Cn,6,G09,G,09,3,3,
15Bue1002Ch03A__durance3,2015_Bue_1002,durance3,B,hindgut,Bue,Confluence Buech-Meouge,Buech,44.262,5.828,2014-07-03;2015-07-17,2015,1002,Cn,Cn,pur,True,True,0.9999,0.015835000000000043,Ch,6,G10,G,10,4,4,
15Bue1010Ch03A__durance3,2015_Bue_1010,durance3,B,hindgut,Bue,Confluence Buech-Meouge,Buech,44.262,5.828,2014-07-03;2015-07-17,2015,1010,Hy,Hy,intermediaire,True,True,0.5373025,0.11367450000000001,Ch,6,G11,G,11,5,5,
15Bue1018Ch03A__durance3,2015_Bue_1018,durance3,B,hindgut,Bue,Confluence Buech-Meouge,Buech,44.262,5.828,2014-07-03;2015-07-17,2015,1018,Hy,Hy,intermediaire,True,True,0.8807585,0.09011049999999998,Ch,6,G12,G,12,6,6,
15Bau1008Ch03A__durance3,2015_Bau_1008,durance3,B,hindgut,Bau,Rosieres,Beaume,44.475,4.264,2015-07-22,2015,1008,Pt,Pt,pur,True,True,0.0001,0.039034,Ch,6,H01,H,01,1,1,
15Bau1016Ch03A__durance3,2015_Bau_1016,durance3,B,hindgut,Bau,Rosieres,Beaume,44.475,4.264,2015-07-22,2015,1016,Hy,Hy,quasi-pur,False,True,0.02028617,0.44522083,Ch,6,H02,H,02,2,2,
15Bau1024Ch03A__durance3,2015_Bau_1024,durance3,B,hindgut,Bau,Rosieres,Beaume,44.475,4.264,2015-07-22,2015,1024,Pt,Pt,pur,True,True,0.0001,0.0131795,Ch,6,H03,H,03,3,3,
15Jus1007Ch03A__durance3,2015_Jus_1007,durance3,B,hindgut,Jus,Saint-Just-d'Ardeche,Ardeche,44.286,4.597833,2015-07-21,2015,1007,Pt,Pt,pur,True,True,0.0001,0.014199,Ch,6,H04,H,04,1,1,
15Jus1015Ch03A__durance3,2015_Jus_1015,durance3,B,hindgut,Jus,Saint-Just-d'Ardeche,Ardeche,44.286,4.597833,2015-07-21,2015,1015,Cn,Cn,pur,True,True,0.9977965,0.050436499999999995,Ch,6,H05,H,05,2,2,
15Caa1004Ch03A__durance3,2015_Caa_1004,durance3,B,hindgut,Caa,Canal (usine du Largue),Canal,43.853389,5.858444,2015-09-08,2015,1004,Cn,Cn,pur,True,True,0.9999,0.005790999999999991,Ch,6,H06,H,06,1,1,
15Caa1012Ch03A__durance3,2015_Caa_1012,durance3,B,hindgut,Caa,Canal (usine du Largue),Canal,43.853389,5.858444,2015-09-08,2015,1012,Pt,Pt,pur,True,True,0.0001,0.0,Ch,6,H07,H,07,2,2,
15Caa1020Ch03A__durance3,2015_Caa_1020,durance3,B,hindgut,Caa,Canal (usine du Largue),Canal,43.853389,5.858444,2015-09-08,2015,1020,Pt,Pt,pur,True,True,0.0001,0.0260511,Ch,6,H08,H,08,3,3,
15Avi1008Cn03A__durance3,2015_Avi_1008,durance3,B,hindgut,Avi,Avignon,Durance,43.913,4.820722,2014-07-17;2015-07-10,2015,1008,Cn,Cn,pur,True,True,0.9999,0.01104000000000005,Cn,6,H09,H,09,3,3,
15Bue1003Ch03A__durance3,2015_Bue_1003,durance3,B,hindgut,Bue,Confluence Buech-Meouge,Buech,44.262,5.828,2014-07-03;2015-07-17,2015,1003,Cn,Cn,pur,True,True,0.9999,0.015947000000000044,Ch,6,H10,H,10,4,4,
15Bue1011Ch03A__durance3,2015_Bue_1011,durance3,B,hindgut,Bue,Confluence Buech-Meouge,Buech,44.262,5.828,2014-07-03;2015-07-17,2015,1011,Hy,Hy,intermediaire,True,True,0.7010149999999999,0.10766600000000004,Ch,6,H11,H,11,5,5,mock_contaminated
14Ain1001Cn02A__durance3,2014_Ain_1001,durance3,B,midgut,Ain,Pont-d'Ain,Suran,46.048,5.324,2014-08-12,2014,1001,Cn,Cn,pur,True,True,0.9999,0.02987200000000001,Cn,7,A01,A,01,1,1,
14Ain1039Pt02A__durance3,2014_Ain_1039,durance3,B,midgut,Ain,Chavannes-sur-Suran,Suran,46.264389,5.429444,2014-08-12,2014,1039,Pt,Pt,pur,True,True,0.0001,0.0118913,Pt,7,A02,A,02,2,2,
15Cab1004Ch02A__durance3,2015_Cab_1004,durance3,B,midgut,Cab,Pont-d'Ain,Suran,46.048,5.324,2015-08-26,2015,1004,Cn,Cn,pur,True,True,0.9916195,0.051615500000000036,Ch,7,A03,A,03,2,3,
15Cab1012Ch02A__durance3,2015_Cab_1012,durance3,B,midgut,Cab,Chavannes-sur-Suran,Suran,46.264389,5.429444,2015-08-26,2015,1012,Pt,Pt,pur,True,True,0.0001,0.0024834600000000003,Ch,7,A04,A,04,3,4,
14Avi1001Cn02A__durance3,2014_Avi_1001,durance3,B,midgut,Avi,Avignon,Durance,43.913,4.820722,2014-07-17;2015-07-10,2014,1001,Cn,Cn,pur,True,True,0.9999,0.014294000000000029,Cn,7,A05,A,05,1,1,
14Avi1036Cn02A__durance3,2014_Avi_1036,durance3,B,midgut,Avi,Avignon,Durance,43.913,4.820722,2014-07-17;2015-07-10,2014,1036,Cn,Cn,pur,True,True,0.9999,0.025182000000000038,Cn,7,A06,A,06,2,2,
14Bue1006Cn02A__durance3,2014_Bue_1006,durance3,B,midgut,Bue,Confluence Buech-Meouge,Buech,44.262,5.828,2014-07-03;2015-07-17,2014,1006,Hy,Hy,intermediaire,True,True,0.9466924999999999,0.09561849999999994,Cn,7,A07,A,07,2,2,
14Bue1016Ch02A__durance3,2014_Bue_1016,durance3,B,midgut,Bue,Confluence Buech-Meouge,Buech,44.262,5.828,2014-07-03;2015-07-17,2014,1016,Hy,Pt,quasi-pur,False,True,0.0001,0.025033800000000002,Ch,7,A08,A,08,3,3,
14Man1012Ch02A__durance3,2014_Man_1012,durance3,B,midgut,Man,Manosque-Oraison,Durance,43.919667,5.896278,2014-07-23,2014,1012,Pt,Pt,pur,True,True,0.0001,0.00126172,Ch,7,A09,A,09,2,2,
14Man1020Ch02A__durance3,2014_Man_1020,durance3,B,midgut,Man,Manosque-Oraison,Durance,43.919667,5.896278,2014-07-23,2014,1020,Hy,Pt,quasi-pur,False,True,0.0001,0.00115361,Ch,7,A10,A,10,3,3,
14Per2012Ch02A__durance3,2014_Per_2012,durance3,B,midgut,Per,Pertuis,Durance,43.668139,5.493,2014-07-07;2014-08-20,2014,2012,Pt,Pt,pur,True,True,0.0001,0.0,Ch,7,A11,A,11,2,2,
14Per2012Ch02A-bis__durance3,2014_Per_2012,durance3,B,midgut,Per,Pertuis,Durance,43.668139,5.493,2014-07-07;2014-08-20,2014,2012,Pt,Pt,pur,True,True,0.0001,0.0,Ch,7,A12,A,12,3,3,
14Ain1002Cn02A__durance3,2014_Ain_1002,durance3,B,midgut,Ain,Pont-d'Ain,Suran,46.048,5.324,2014-08-12,2014,1002,Cn,Cn,pur,True,True,0.9999,0.027077000000000018,Cn,7,B01,B,01,1,1,
14Ain1040Pt02A__durance3,2014_Ain_1040,durance3,B,midgut,Ain,Chavannes-sur-Suran,Suran,46.264389,5.429444,2014-08-12,2014,1040,Pt,Pt,pur,True,True,0.0001,0.029344600000000002,Pt,7,B02,B,02,2,2,
15Cab1005Ch02A__durance3,2015_Cab_1005,durance3,B,midgut,Cab,Pont-d'Ain,Suran,46.048,5.324,2015-08-26,2015,1005,Cn,Cn,pur,True,True,0.9999,0.04226799999999997,Ch,7,B03,B,03,2,3,
15Cab1013Ch02A__durance3,2015_Cab_1013,durance3,B,midgut,Cab,Chavannes-sur-Suran,Suran,46.264389,5.429444,2015-08-26,2015,1013,Pt,Pt,pur,True,True,0.0001,0.0639904,Ch,7,B04,B,04,3,4,
14Avi1002Cn02A__durance3,2014_Avi_1002,durance3,B,midgut,Avi,Avignon,Durance,43.913,4.820722,2014-07-17;2015-07-10,2014,1002,Cn,Cn,pur,True,True,0.9999,0.01569799999999999,Cn,7,B05,B,05,1,1,
14Avi1037Cn02A__durance3,2014_Avi_1037,durance3,B,midgut,Avi,Avignon,Durance,43.913,4.820722,2014-07-17;2015-07-10,2014,1037,Cn,Cn,pur,True,True,0.9999,0.114066,Cn,7,B06,B,06,2,2,
14Bue1007Cn02A__durance3,2014_Bue_1007,durance3,B,midgut,Bue,Confluence Buech-Meouge,Buech,44.262,5.828,2014-07-03;2015-07-17,2014,1007,Cn,Cn,pur,True,True,0.9999,0.013390000000000013,Cn,7,B07,B,07,2,2,
14Bue1017Ch02A__durance3,2014_Bue_1017,durance3,B,midgut,Bue,Confluence Buech-Meouge,Buech,44.262,5.828,2014-07-03;2015-07-17,2014,1017,Pt,Pt,pur,True,True,0.0001,0.0436135,Ch,7,B08,B,08,3,3,
14Man1013Ch02A__durance3,2014_Man_1013,durance3,B,midgut,Man,Manosque-Oraison,Durance,43.919667,5.896278,2014-07-23,2014,1013,Pt,Pt,pur,True,True,0.0001,0.0236388,Ch,7,B09,B,09,2,2,
14Man1021Ch02A__durance3,2014_Man_1021,durance3,B,midgut,Man,Manosque-Oraison,Durance,43.919667,5.896278,2014-07-23,2014,1021,Hy,Hy,intermediaire,True,True,0.2179825,0.1247321,Ch,7,B10,B,10,3,3,
14Per2013Ch02A__durance3,2014_Per_2013,durance3,B,midgut,Per,Pertuis,Durance,43.668139,5.493,2014-07-07;2014-08-20,2014,2013,Hy,Hy,intermediaire,True,True,0.2097815,0.1761465,Ch,7,B11,B,11,2,2,
14Per2013Ch02A-bis__durance3,2014_Per_2013,durance3,B,midgut,Per,Pertuis,Durance,43.668139,5.493,2014-07-07;2014-08-20,2014,2013,Hy,Hy,intermediaire,True,True,0.2097815,0.1761465,Ch,7,B12,B,12,3,3,
14Ain1011Pt02A__durance3,2014_Ain_1011,durance3,B,midgut,Ain,Chavannes-sur-Suran,Suran,46.264389,5.429444,2014-08-12,2014,1011,Pt,Pt,pur,True,True,0.0001,0.00132522,Pt,7,C01,C,01,1,1,
14Ain1041Pt02A__durance3,2014_Ain_1041,durance3,B,midgut,Ain,Chavannes-sur-Suran,Suran,46.264389,5.429444,2014-08-12,2014,1041,Pt,Pt,pur,True,True,0.0001,0.0032175100000000002,Pt,7,C02,C,02,2,2,
15Cab1006Ch02A__durance3,2015_Cab_1006,durance3,B,midgut,Cab,Pont-d'Ain,Suran,46.048,5.324,2015-08-26,2015,1006,Cn,Cn,pur,True,True,0.9676345,0.0767025,Ch,7,C03,C,03,2,3,
15Cab1014Ch02A__durance3,2015_Cab_1014,durance3,B,midgut,Cab,Chavannes-sur-Suran,Suran,46.264389,5.429444,2015-08-26,2015,1014,Pt,Pt,pur,True,True,0.0001,0.0,Ch,7,C04,C,04,3,4,
14Avi1003Cn02A__durance3,2014_Avi_1003,durance3,B,midgut,Avi,Avignon,Durance,43.913,4.820722,2014-07-17;2015-07-10,2014,1003,Cn,Cn,pur,True,True,0.9999,0.002593999999999985,Cn,7,C05,C,05,1,1,
14Avi1038Cn02A__durance3,2014_Avi_1038,durance3,B,midgut,Avi,Avignon,Durance,43.913,4.820722,2014-07-17;2015-07-10,2014,1038,Cn,Cn,pur,True,True,0.9999,0.017442999999999986,Cn,7,C06,C,06,2,2,
14Bue1008Cn02A__durance3,2014_Bue_1008,durance3,B,midgut,Bue,Confluence Buech-Meouge,Buech,44.262,5.828,2014-07-03;2015-07-17,2014,1008,Cn,Cn,pur,True,True,0.9999,0.019206999999999974,Cn,7,C07,C,07,2,2,
14Bue1018Ch02A__durance3,2014_Bue_1018,durance3,B,midgut,Bue,Confluence Buech-Meouge,Buech,44.262,5.828,2014-07-03;2015-07-17,2014,1018,Pt,Pt,pur,True,True,0.0001,0.009559940000000001,Ch,7,C08,C,08,3,3,
14Man1014Ch02A__durance3,2014_Man_1014,durance3,B,midgut,Man,Manosque-Oraison,Durance,43.919667,5.896278,2014-07-23,2014,1014,Pt,Pt,pur,True,True,0.0001,0.0023953100000000003,Ch,7,C09,C,09,2,2,
14Man1022Ch02A__durance3,2014_Man_1022,durance3,B,midgut,Man,Manosque-Oraison,Durance,43.919667,5.896278,2014-07-23,2014,1022,Pt,Pt,pur,True,True,0.0001,0.010545200000000001,Ch,7,C10,C,10,3,3,
14Per2014Ch02A__durance3,2014_Per_2014,durance3,B,midgut,Per,Pertuis,Durance,43.668139,5.493,2014-07-07;2014-08-20,2014,2014,Pt,Pt,pur,True,True,0.0001,0.0,Ch,7,C11,C,11,2,2,
14Ain1012Pt02A__durance3,2014_Ain_1012,durance3,B,midgut,Ain,Chavannes-sur-Suran,Suran,46.264389,5.429444,2014-08-12,2014,1012,Pt,Pt,pur,True,True,0.0001,0.034025599999999996,Pt,7,D01,D,01,1,1,
14Ain1042Pt02A__durance3,2014_Ain_1042,durance3,B,midgut,Ain,Chavannes-sur-Suran,Suran,46.264389,5.429444,2014-08-12,2014,1042,Pt,Pt,pur,True,True,0.0001,0.0252761,Pt,7,D02,D,02,2,2,
15Cab1007Ch02A__durance3,2015_Cab_1007,durance3,B,midgut,Cab,Pont-d'Ain,Suran,46.048,5.324,2015-08-26,2015,1007,Cn,Cn,pur,True,True,0.986855,0.040076,Ch,7,D03,D,03,2,3,
15Cab1015Ch02A__durance3,2015_Cab_1015,durance3,B,midgut,Cab,Chavannes-sur-Suran,Suran,46.264389,5.429444,2015-08-26,2015,1015,Pt,Pt,pur,True,True,0.0001,0.0122371,Ch,7,D04,D,04,3,4,
14Avi1004Cn02A__durance3,2014_Avi_1004,durance3,B,midgut,Avi,Avignon,Durance,43.913,4.820722,2014-07-17;2015-07-10,2014,1004,Cn,Cn,pur,True,True,0.9999,0.01977300000000004,Cn,7,D05,D,05,1,1,
14Bue1001Cn02A__durance3,2014_Bue_1001,durance3,B,midgut,Bue,Confluence Buech-Meouge,Buech,44.262,5.828,2014-07-03;2015-07-17,2014,1001,Cn,Cn,pur,True,False,0.9878026,0.0,Cn,7,D06,D,06,1,1,
14Bue1011Ch02A__durance3,2014_Bue_1011,durance3,B,midgut,Bue,Confluence Buech-Meouge,Buech,44.262,5.828,2014-07-03;2015-07-17,2014,1011,Pt,Pt,pur,True,True,0.0001,0.0232161,Ch,7,D07,D,07,2,2,
14Bue1019Ch02A__durance3,2014_Bue_1019,durance3,B,midgut,Bue,Confluence Buech-Meouge,Buech,44.262,5.828,2014-07-03;2015-07-17,2014,1019,Pt,Pt,pur,True,True,0.0001,0.0,Ch,7,D08,D,08,3,3,
14Man1015Ch02A__durance3,2014_Man_1015,durance3,B,midgut,Man,Manosque-Oraison,Durance,43.919667,5.896278,2014-07-23,2014,1015,Pt,Pt,pur,True,True,0.0001,0.0,Ch,7,D09,D,09,2,2,
14per1011Ch02A__durance3,2014_Per_1011,durance3,B,midgut,Per,Pertuis,Durance,43.668139,5.493,2014-07-07;2014-08-20,2014,1011,Pt,Pt,pur,True,True,0.0001,0.01805,Ch,7,D10,D,10,1,1,
14Per2015Ch02A__durance3,2014_Per_2015,durance3,B,midgut,Per,Pertuis,Durance,43.668139,5.493,2014-07-07;2014-08-20,2014,2015,Pt,Pt,pur,True,True,0.0001,0.0,Ch,7,D11,D,11,2,2,
14Ain1013Pt02A__durance3,2014_Ain_1013,durance3,B,midgut,Ain,Chavannes-sur-Suran,Suran,46.264389,5.429444,2014-08-12,2014,1013,Pt,Pt,pur,True,True,0.0001,0.0099728,Pt,7,E01,E,01,1,1,
14Ain1043Pt02A__durance3,2014_Ain_1043,durance3,B,midgut,Ain,Chavannes-sur-Suran,Suran,46.264389,5.429444,2014-08-12,2014,1043,Pt,Pt,pur,True,True,0.0001,0.0059209399999999995,Pt,7,E02,E,02,2,2,
15Cab1008Ch02A__durance3,2015_Cab_1008,durance3,B,midgut,Cab,Pont-d'Ain,Suran,46.048,5.324,2015-08-26,2015,1008,Cn,Cn,pur,True,True,0.997914,0.01697700000000002,Ch,7,E03,E,03,2,3,
15Cab1016Ch02A__durance3,2015_Cab_1016,durance3,B,midgut,Cab,Chavannes-sur-Suran,Suran,46.264389,5.429444,2015-08-26,2015,1016,Pt,Pt,pur,True,True,0.0001,0.00194113,Ch,7,E04,E,04,3,4,
14Avi1005Cn02A__durance3,2014_Avi_1005,durance3,B,midgut,Avi,Avignon,Durance,43.913,4.820722,2014-07-17;2015-07-10,2014,1005,Cn,Cn,pur,True,True,0.9999,0.08110799999999996,Cn,7,E05,E,05,1,1,
14Bue1002Cn02A__durance3,2014_Bue_1002,durance3,B,midgut,Bue,Confluence Buech-Meouge,Buech,44.262,5.828,2014-07-03;2015-07-17,2014,1002,Cn,Cn,pur,True,False,0.989712,0.0,Cn,7,E06,E,06,1,1,
14Bue1012Ch02A__durance3,2014_Bue_1012,durance3,B,midgut,Bue,Confluence Buech-Meouge,Buech,44.262,5.828,2014-07-03;2015-07-17,2014,1012,Pt,Pt,pur,True,True,0.0001,0.0,Ch,7,E07,E,07,2,2,
14Man1001Cn02A__durance3,2014_Man_1001,durance3,B,midgut,Man,Manosque-Oraison,Durance,43.919667,5.896278,2014-07-23,2014,1001,Pt,Pt,pur,True,True,0.0001,0.0031458500000000004,Cn,7,E08,E,08,1,1,
14Man1016Ch02A__durance3,2014_Man_1016,durance3,B,midgut,Man,Manosque-Oraison,Durance,43.919667,5.896278,2014-07-23,2014,1016,Pt,Pt,pur,True,True,0.0001,0.00548115,Ch,7,E09,E,09,2,2,
14Per1012Ch02A__durance3,2014_Per_1012,durance3,B,midgut,Per,Pertuis,Durance,43.668139,5.493,2014-07-07;2014-08-20,2014,1012,Pt,Pt,pur,True,True,0.0001,0.00345481,Ch,7,E10,E,10,1,1,
14Ain1014Pt02A__durance3,2014_Ain_1014,durance3,B,midgut,Ain,Chavannes-sur-Suran,Suran,46.264389,5.429444,2014-08-12,2014,1014,Pt,Pt,pur,True,True,0.0001,0.0193883,Pt,7,F01,F,01,1,1,
15Cab1001Ch02A__durance3,2015_Cab_1001,durance3,B,midgut,Cab,Pont-d'Ain,Suran,46.048,5.324,2015-08-26,2015,1001,Cn,Cn,pur,True,True,0.9999,0.07011200000000006,Ch,7,F02,F,02,1,2,
15Cab1009Ch02A__durance3,2015_Cab_1009,durance3,B,midgut,Cab,Pont-d'Ain,Suran,46.048,5.324,2015-08-26,2015,1009,Hy,Hy,intermediaire,True,True,0.8998935,0.13065250000000006,Ch,7,F03,F,03,2,3,
15Cab1017Ch02A__durance3,2015_Cab_1017,durance3,B,midgut,Cab,Chavannes-sur-Suran,Suran,46.264389,5.429444,2015-08-26,2015,1017,Pt,Pt,pur,True,True,0.0001,0.0135881,Ch,7,F04,F,04,3,4,
14Avi1006Cn02A__durance3,2014_Avi_1006,durance3,B,midgut,Avi,Avignon,Durance,43.913,4.820722,2014-07-17;2015-07-10,2014,1006,Cn,Cn,pur,True,True,0.9999,0.03937199999999996,Cn,7,F05,F,05,1,1,
14Bue1003Cn02A__durance3,2014_Bue_1003,durance3,B,midgut,Bue,Confluence Buech-Meouge,Buech,44.262,5.828,2014-07-03;2015-07-17,2014,1003,Cn,Cn,pur,True,True,0.9999,0.05878899999999998,Cn,7,F06,F,06,1,1,
14Bue1013Ch02A__durance3,2014_Bue_1013,durance3,B,midgut,Bue,Confluence Buech-Meouge,Buech,44.262,5.828,2014-07-03;2015-07-17,2014,1013,Pt,Pt,pur,True,True,0.0001,0.023389300000000002,Ch,7,F07,F,07,2,2,
14Man1002Cn02A__durance3,2014_Man_1002,durance3,B,midgut,Man,Manosque-Oraison,Durance,43.919667,5.896278,2014-07-23,2014,1002,Hy,Hy,quasi-pur,False,True,0.0001,0.366158,Cn,7,F08,F,08,1,1,
14Man1017Ch02A__durance3,2014_Man_1017,durance3,B,midgut,Man,Manosque-Oraison,Durance,43.919667,5.896278,2014-07-23,2014,1017,Pt,Pt,pur,True,True,0.0001,0.0,Ch,7,F09,F,09,2,2,
14Per1013Ch02A__durance3,2014_Per_1013,durance3,B,midgut,Per,Pertuis,Durance,43.668139,5.493,2014-07-07;2014-08-20,2014,1013,Pt,Pt,pur,True,True,0.0001,0.0,Ch,7,F10,F,10,1,1,
14Ain1036Cn02A__durance3,2014_Ain_1036,durance3,B,midgut,Ain,Pont-d'Ain,Suran,46.048,5.324,2014-08-12,2014,1036,Cn,Cn,pur,True,True,0.9634205,0.05584849999999997,Cn,7,G01,G,01,1,1,
15Cab1002Ch02A__durance3,2015_Cab_1002,durance3,B,midgut,Cab,Pont-d'Ain,Suran,46.048,5.324,2015-08-26,2015,1002,Cn,Cn,pur,True,True,0.9624035,0.043770499999999934,Ch,7,G02,G,02,1,2,
15Cab1010Ch02A__durance3,2015_Cab_1010,durance3,B,midgut,Cab,Pont-d'Ain,Suran,46.048,5.324,2015-08-26,2015,1010,Hy,Hy,intermediaire,True,True,0.759876,0.07340000000000002,Ch,7,G03,G,03,2,3,
15Cab1018Ch02A__durance3,2015_Cab_1018,durance3,B,midgut,Cab,Chavannes-sur-Suran,Suran,46.264389,5.429444,2015-08-26,2015,1018,Pt,Pt,pur,True,True,0.0001,0.018595900000000002,Ch,7,G04,G,04,3,4,
14Avi1007Cn02A__durance3,2014_Avi_1007,durance3,B,midgut,Avi,Avignon,Durance,43.913,4.820722,2014-07-17;2015-07-10,2014,1007,Cn,Cn,pur,True,True,0.9999,0.010548000000000002,Cn,7,G05,G,05,1,1,
14Bue1004Cn02A__durance3,2014_Bue_1004,durance3,B,midgut,Bue,Confluence Buech-Meouge,Buech,44.262,5.828,2014-07-03;2015-07-17,2014,1004,Cn,Cn,pur,True,True,0.9999,0.01164900000000002,Cn,7,G06,G,06,1,1,
14Bue1014Ch02A__durance3,2014_Bue_1014,durance3,B,midgut,Bue,Confluence Buech-Meouge,Buech,44.262,5.828,2014-07-03;2015-07-17,2014,1014,Pt,Pt,pur,True,True,0.00459266,0.015245940000000001,Ch,7,G07,G,07,2,2,
14Man1010Cn02A__durance3,2014_Man_1010,durance3,B,midgut,Man,Manosque-Oraison,Durance,43.919667,5.896278,2014-07-23,2014,1010,Hy,Pt,quasi-pur,False,True,0.0001,0.0,Cn,7,G08,G,08,1,1,
14Man1018Ch02A__durance3,2014_Man_1018,durance3,B,midgut,Man,Manosque-Oraison,Durance,43.919667,5.896278,2014-07-23,2014,1018,Pt,Pt,pur,True,True,0.0001,0.0202354,Ch,7,G09,G,09,2,2,
14Per1014Ch02A__durance3,2014_Per_1014,durance3,B,midgut,Per,Pertuis,Durance,43.668139,5.493,2014-07-07;2014-08-20,2014,1014,Pt,Pt,pur,True,True,0.0001,0.006368319999999999,Ch,7,G10,G,10,1,1,
14Ain1037Cn02A__durance3,2014_Ain_1037,durance3,B,midgut,Ain,Pont-d'Ain,Suran,46.048,5.324,2014-08-12,2014,1037,Cn,Cn,pur,True,True,0.9999,0.021923000000000026,Cn,7,H01,H,01,1,1,
15Cab1003Ch02A__durance3,2015_Cab_1003,durance3,B,midgut,Cab,Pont-d'Ain,Suran,46.048,5.324,2015-08-26,2015,1003,Cn,Cn,pur,True,True,0.9790135,0.04033549999999997,Ch,7,H02,H,02,1,2,
15Cab1011Ch02A__durance3,2015_Cab_1011,durance3,B,midgut,Cab,Chavannes-sur-Suran,Suran,46.264389,5.429444,2015-08-26,2015,1011,Pt,Pt,pur,True,False,0.00042399999999997995,0.0,Ch,7,H03,H,03,2,3,
15Cab1019Ch02A__durance3,2015_Cab_1019,durance3,B,midgut,Cab,Chavannes-sur-Suran,Suran,46.264389,5.429444,2015-08-26,2015,1019,Pt,Pt,pur,True,True,0.0001,0.0,Ch,7,H04,H,04,3,4,
14Avi1008Cn02A__durance3,2014_Avi_1008,durance3,B,midgut,Avi,Avignon,Durance,43.913,4.820722,2014-07-17;2015-07-10,2014,1008,Cn,Cn,pur,True,True,0.9790425,0.04159250000000003,Cn,7,H05,H,05,1,1,
14Bue1005Cn02A__durance3,2014_Bue_1005,durance3,B,midgut,Bue,Confluence Buech-Meouge,Buech,44.262,5.828,2014-07-03;2015-07-17,2014,1005,Cn,Cn,pur,True,True,0.996529,0.015122999999999998,Cn,7,H06,H,06,1,1,
14Bue1015Ch02A__durance3,2014_Bue_1015,durance3,B,midgut,Bue,Confluence Buech-Meouge,Buech,44.262,5.828,2014-07-03;2015-07-17,2014,1015,Pt,Pt,pur,True,True,0.0001,0.027206,Ch,7,H07,H,07,2,2,
14Man1011Ch02A__durance3,2014_Man_1011,durance3,B,midgut,Man,Manosque-Oraison,Durance,43.919667,5.896278,2014-07-23,2014,1011,Hy,Pt,quasi-pur,False,True,0.0001,0.0034689200000000003,Ch,7,H08,H,08,1,1,
14Man1019Ch02A__durance3,2014_Man_1019,durance3,B,midgut,Man,Manosque-Oraison,Durance,43.919667,5.896278,2014-07-23,2014,1019,Pt,Pt,pur,True,True,0.0001,0.00794395,Ch,7,H09,H,09,2,2,
14Per2011Ch02A__durance3,2014_Per_2011,durance3,B,midgut,Per,Pertuis,Durance,43.668139,5.493,2014-07-07;2014-08-20,2014,2011,Pt,Pt,pur,True,True,0.0001,0.0198136,Ch,7,H10,H,10,1,1,
15Bau1001Ch02A__durance3,2015_Bau_1001,durance3,B,midgut,Bau,Rosieres,Beaume,44.475,4.264,2015-07-22,2015,1001,Pt,Pt,pur,True,True,0.0001,0.0011884,Ch,8,A01,A,01,1,1,
15Bau1009Ch02A__durance3,2015_Bau_1009,durance3,B,midgut,Bau,Rosieres,Beaume,44.475,4.264,2015-07-22,2015,1009,Pt,Pt,pur,True,True,0.0001,0.0190407,Ch,8,A02,A,02,2,2,
15Bau1017Ch02A__durance3,2015_Bau_1017,durance3,B,midgut,Bau,Rosieres,Beaume,44.475,4.264,2015-07-22,2015,1017,Pt,Pt,pur,True,True,0.01931,0.026522699999999996,Ch,8,A03,A,03,3,3,
15Bau1025Ch02A__durance3,2015_Bau_1025,durance3,B,midgut,Bau,Rosieres,Beaume,44.475,4.264,2015-07-22,2015,1025,Pt,Pt,pur,True,True,0.019029945,0.066665255,Ch,8,A04,A,04,4,4,
15Jus1008Ch0A__durance3,2015_Jus_1008,durance3,B,midgut,Jus,Saint-Just-d'Ardeche,Ardeche,44.286,4.597833,2015-07-21,2015,1008,Pt,Pt,pur,True,False,0.045518999999999976,0.01,Ch,8,A05,A,05,2,2,
15Jus1016Ch0A__durance3,2015_Jus_1016,durance3,B,midgut,Jus,Saint-Just-d'Ardeche,Ardeche,44.286,4.597833,2015-07-21,2015,1016,Hy,Hy,quasi-pur,False,True,0.9999,0.23044900000000001,Ch,8,A06,A,06,3,3,
15Caa1005Ch0A__durance3,2015_Caa_1005,durance3,B,midgut,Caa,Canal (usine du Largue),Canal,43.853389,5.858444,2015-09-08,2015,1005,Cn,Cn,pur,True,True,0.9999,0.031225000000000058,Ch,8,A07,A,07,2,2,
15Caa1013Ch0A__durance3,2015_Caa_1013,durance3,B,midgut,Caa,Canal (usine du Largue),Canal,43.853389,5.858444,2015-09-08,2015,1013,Pt,Pt,pur,True,True,0.0001,0.0214899,Ch,8,A08,A,08,3,3,
15Avi1001Cn02A__durance3,2015_Avi_1001,durance3,B,midgut,Avi,Avignon,Durance,43.913,4.820722,2014-07-17;2015-07-10,2015,1001,Hy,Hy,quasi-pur,False,True,0.9999,0.36144699999999996,Cn,8,A09,A,09,3,3,mock_contaminated
15Avi1009Cn02A__durance3,2015_Avi_1009,durance3,B,midgut,Avi,Avignon,Durance,43.913,4.820722,2014-07-17;2015-07-10,2015,1009,Cn,Cn,pur,True,True,0.9999,0.06070900000000001,Cn,8,A10,A,10,4,4,
15Bue1004Ch02A__durance3,2015_Bue_1004,durance3,B,midgut,Bue,Confluence Buech-Meouge,Buech,44.262,5.828,2014-07-03;2015-07-17,2015,1004,Pt,Pt,pur,True,True,0.0001,0.0,Ch,8,A11,A,11,5,5,
15Bue1012Ch02A__durance3,2015_Bue_1012,durance3,B,midgut,Bue,Confluence Buech-Meouge,Buech,44.262,5.828,2014-07-03;2015-07-17,2015,1012,Hy,Hy,quasi-pur,False,True,0.0001,0.393005,Ch,8,A12,A,12,6,6,
15Bau1002Ch02A__durance3,2015_Bau_1002,durance3,B,midgut,Bau,Rosieres,Beaume,44.475,4.264,2015-07-22,2015,1002,Pt,Pt,pur,True,True,0.0001,0.00046527,Ch,8,B01,B,01,1,1,
15Bau1010Ch02A__durance3,2015_Bau_1010,durance3,B,midgut,Bau,Rosieres,Beaume,44.475,4.264,2015-07-22,2015,1010,Hy,Hy,quasi-pur,False,True,0.0001,0.375879,Ch,8,B02,B,02,2,2,
15Bau1018Ch02A__durance3,2015_Bau_1018,durance3,B,midgut,Bau,Rosieres,Beaume,44.475,4.264,2015-07-22,2015,1018,Pt,Pt,pur,True,True,0.0001,0.0420278,Ch,8,B03,B,03,3,3,
15Jus1001CH02A__durance3,2015_Jus_1001,durance3,B,midgut,Jus,Saint-Just-d'Ardeche,Ardeche,44.286,4.597833,2015-07-21,2015,1001,Pt,Pt,pur,True,True,0.0001,0.0,Ch,8,B04,B,04,1,1,
15Jus1009Ch0A__durance3,2015_Jus_1009,durance3,B,midgut,Jus,Saint-Just-d'Ardeche,Ardeche,44.286,4.597833,2015-07-21,2015,1009,Hy,Hy,intermediaire,True,True,0.4761105,0.2859385,Ch,8,B05,B,05,2,2,
15Jus1017Ch0A__durance3,2015_Jus_1017,durance3,B,midgut,Jus,Saint-Just-d'Ardeche,Ardeche,44.286,4.597833,2015-07-21,2015,1017,Cn,Cn,pur,True,True,0.9999,0.022872000000000003,Ch,8,B06,B,06,3,3,
15Caa1006Ch0A__durance3,2015_Caa_1006,durance3,B,midgut,Caa,Canal (usine du Largue),Canal,43.853389,5.858444,2015-09-08,2015,1006,Hy,Hy,intermediaire,True,True,0.9211665,0.07827249999999997,Ch,8,B07,B,07,2,2,
15Caa1014Ch0A__durance3,2015_Caa_1014,durance3,B,midgut,Caa,Canal (usine du Largue),Canal,43.853389,5.858444,2015-09-08,2015,1014,Pt,Pt,pur,True,True,0.0001,0.008547260000000001,Ch,8,B08,B,08,3,3,
15Avi1002Cn02A__durance3,2015_Avi_1002,durance3,B,midgut,Avi,Avignon,Durance,43.913,4.820722,2014-07-17;2015-07-10,2015,1002,Hy,Hy,intermediaire,True,True,0.529004,0.06558199999999992,Cn,8,B09,B,09,3,3,
15Avi1010Cn02A__durance3,2015_Avi_1010,durance3,B,midgut,Avi,Avignon,Durance,43.913,4.820722,2014-07-17;2015-07-10,2015,1010,Cn,Cn,pur,True,True,0.9999,0.023951999999999973,Cn,8,B10,B,10,4,4,
15Bue1005Ch02A__durance3,2015_Bue_1005,durance3,B,midgut,Bue,Confluence Buech-Meouge,Buech,44.262,5.828,2014-07-03;2015-07-17,2015,1005,Hy,Hy,intermediaire,True,True,0.130852,0.06826000000000002,Ch,8,B11,B,11,5,5,
15Bue1013Ch02A__durance3,2015_Bue_1013,durance3,B,midgut,Bue,Confluence Buech-Meouge,Buech,44.262,5.828,2014-07-03;2015-07-17,2015,1013,Pt,Pt,pur,True,True,0.0001,0.0261861,Ch,8,B12,B,12,6,6,
15Bau1003Ch02A__durance3,2015_Bau_1003,durance3,B,midgut,Bau,Rosieres,Beaume,44.475,4.264,2015-07-22,2015,1003,Pt,Pt,pur,True,True,0.0001,0.0,Ch,8,C01,C,01,1,1,
15Bau1011Ch02A__durance3,2015_Bau_1011,durance3,B,midgut,Bau,Rosieres,Beaume,44.475,4.264,2015-07-22,2015,1011,Pt,Pt,pur,True,True,0.00156659,0.04267271,Ch,8,C02,C,02,2,2,
15Bau1019Ch02A__durance3,2015_Bau_1019,durance3,B,midgut,Bau,Rosieres,Beaume,44.475,4.264,2015-07-22,2015,1019,Hy,Pt,quasi-pur,False,True,0.0001,0.00373055,Ch,8,C03,C,03,3,3,
15Jus1002Ch0A__durance3,2015_Jus_1002,durance3,B,midgut,Jus,Saint-Just-d'Ardeche,Ardeche,44.286,4.597833,2015-07-21,2015,1002,Hy,Pt,quasi-pur,False,True,0.0001,0.034920799999999995,Ch,8,C04,C,04,1,1,
15Jus1010Ch0A__durance3,2015_Jus_1010,durance3,B,midgut,Jus,Saint-Just-d'Ardeche,Ardeche,44.286,4.597833,2015-07-21,2015,1010,Cn,Cn,pur,True,True,0.9999,0.04496900000000004,Ch,8,C05,C,05,2,2,
15Jus1018Ch0A__durance3,2015_Jus_1018,durance3,B,midgut,Jus,Saint-Just-d'Ardeche,Ardeche,44.286,4.597833,2015-07-21,2015,1018,Cn,Cn,pur,True,True,0.9970375,0.02751349999999997,Ch,8,C06,C,06,3,3,
15Caa1007Ch0A__durance3,2015_Caa_1007,durance3,B,midgut,Caa,Canal (usine du Largue),Canal,43.853389,5.858444,2015-09-08,2015,1007,Cn,Cn,pur,True,True,0.9847625,0.052702499999999985,Ch,8,C07,C,07,2,2,
15Caa1015Ch0A__durance3,2015_Caa_1015,durance3,B,midgut,Caa,Canal (usine du Largue),Canal,43.853389,5.858444,2015-09-08,2015,1015,Hy,Hy,intermediaire,True,True,0.7446605,0.20081149999999992,Ch,8,C08,C,08,3,3,
15Avi1003Cn02A__durance3,2015_Avi_1003,durance3,B,midgut,Avi,Avignon,Durance,43.913,4.820722,2014-07-17;2015-07-10,2015,1003,Cn,Cn,pur,True,True,0.9999,0.020881999999999956,Cn,8,C09,C,09,3,3,
15Avi1011Cn02A__durance3,2015_Avi_1011,durance3,B,midgut,Avi,Avignon,Durance,43.913,4.820722,2014-07-17;2015-07-10,2015,1011,Hy,Cn,quasi-pur,False,True,0.9999,0.05917300000000003,Cn,8,C10,C,10,4,4,
15Bue1006Ch02A__durance3,2015_Bue_1006,durance3,B,midgut,Bue,Confluence Buech-Meouge,Buech,44.262,5.828,2014-07-03;2015-07-17,2015,1006,Pt,Hy,pur,True,True,0.00753796,0.11408504,Ch,8,C11,C,11,5,5,
15Bue1014Ch02A__durance3,2015_Bue_1014,durance3,B,midgut,Bue,Confluence Buech-Meouge,Buech,44.262,5.828,2014-07-03;2015-07-17,2015,1014,Pt,Pt,pur,True,False,0.001654999999999962,0.0,Ch,8,C12,C,12,6,6,
15Bau1004Ch02A__durance3,2015_Bau_1004,durance3,B,midgut,Bau,Rosieres,Beaume,44.475,4.264,2015-07-22,2015,1004,Hy,Pt,quasi-pur,False,True,0.0001,0.07919129999999999,Ch,8,D01,D,01,1,1,
15Bau1012Ch02A__durance3,2015_Bau_1012,durance3,B,midgut,Bau,Rosieres,Beaume,44.475,4.264,2015-07-22,2015,1012,Pt,Pt,pur,True,True,0.0001,0.014222100000000001,Ch,8,D02,D,02,2,2,
15Bau1020Ch02A__durance3,2015_Bau_1020,durance3,B,midgut,Bau,Rosieres,Beaume,44.475,4.264,2015-07-22,2015,1020,Hy,Hy,quasi-pur,False,True,0.0001,0.206549,Ch,8,D03,D,03,3,3,
15Jus1003Ch0A__durance3,2015_Jus_1003,durance3,B,midgut,Jus,Saint-Just-d'Ardeche,Ardeche,44.286,4.597833,2015-07-21,2015,1003,Hy,Pt,quasi-pur,False,True,0.014152999999999999,0.0733562,Ch,8,D04,D,04,1,1,
15Jus1011Ch0A__durance3,2015_Jus_1011,durance3,B,midgut,Jus,Saint-Just-d'Ardeche,Ardeche,44.286,4.597833,2015-07-21,2015,1011,Cn,Hy,pur,True,True,0.9294205,0.06764250000000005,Ch,8,D05,D,05,2,2,
15Jus1019Ch0A__durance3,2015_Jus_1019,durance3,B,midgut,Jus,Saint-Just-d'Ardeche,Ardeche,44.286,4.597833,2015-07-21,2015,1019,Cn,Cn,pur,True,True,0.9999,0.043321000000000054,Ch,8,D06,D,06,3,3,
15Caa1008Ch0A__durance3,2015_Caa_1008,durance3,B,midgut,Caa,Canal (usine du Largue),Canal,43.853389,5.858444,2015-09-08,2015,1008,Hy,Hy,intermediaire,True,True,0.9208035,0.07993349999999999,Ch,8,D07,D,07,2,2,
15Caa1016Ch0A__durance3,2015_Caa_1016,durance3,B,midgut,Caa,Canal (usine du Largue),Canal,43.853389,5.858444,2015-09-08,2015,1016,Hy,Pt,quasi-pur,False,True,0.003348402,0.030516898,Ch,8,D08,D,08,3,3,
15Avi1004Cn02A__durance3,2015_Avi_1004,durance3,B,midgut,Avi,Avignon,Durance,43.913,4.820722,2014-07-17;2015-07-10,2015,1004,Cn,Cn,pur,True,True,0.9999,0.022290000000000032,Cn,8,D09,D,09,3,3,
15Avi1012Pt02A__durance3,2015_Avi_1012,durance3,B,midgut,Avi,Avignon,Durance,43.913,4.820722,2014-07-17;2015-07-10,2015,1012,Hy,Hy,quasi-pur,False,True,0.0001,0.39093300000000003,Pt,8,D10,D,10,4,4,
15Bue1007Ch02A__durance3,2015_Bue_1007,durance3,B,midgut,Bue,Confluence Buech-Meouge,Buech,44.262,5.828,2014-07-03;2015-07-17,2015,1007,Hy,Hy,intermediaire,True,True,0.220115,0.09282300000000002,Ch,8,D11,D,11,5,5,
15Bue1015Ch02A__durance3,2015_Bue_1015,durance3,B,midgut,Bue,Confluence Buech-Meouge,Buech,44.262,5.828,2014-07-03;2015-07-17,2015,1015,Pt,Pt,pur,True,True,0.0001,0.0178451,Ch,8,D12,D,12,6,6,
15Bau1005Ch02A__durance3,2015_Bau_1005,durance3,B,midgut,Bau,Rosieres,Beaume,44.475,4.264,2015-07-22,2015,1005,Pt,Pt,pur,True,True,0.004509865000000001,0.039507935,Ch,8,E01,E,01,1,1,
15Bau1013Ch02A__durance3,2015_Bau_1013,durance3,B,midgut,Bau,Rosieres,Beaume,44.475,4.264,2015-07-22,2015,1013,Pt,Pt,pur,True,True,0.0001,0.0409044,Ch,8,E02,E,02,2,2,
15Bau1021Ch02A__durance3,2015_Bau_1021,durance3,B,midgut,Bau,Rosieres,Beaume,44.475,4.264,2015-07-22,2015,1021,Hy,Pt,quasi-pur,False,True,0.0001,0.0344185,Ch,8,E03,E,03,3,3,
15Jus1004Ch0A__durance3,2015_Jus_1004,durance3,B,midgut,Jus,Saint-Just-d'Ardeche,Ardeche,44.286,4.597833,2015-07-21,2015,1004,Hy,Pt,quasi-pur,False,True,0.0001,0.008645690000000001,Ch,8,E04,E,04,1,1,
15Jus1012Ch0A__durance3,2015_Jus_1012,durance3,B,midgut,Jus,Saint-Just-d'Ardeche,Ardeche,44.286,4.597833,2015-07-21,2015,1012,Cn,Cn,pur,True,True,0.9999,0.02703500000000003,Ch,8,E05,E,05,2,2,
15Caa1001Ch0A__durance3,2015_Caa_1001,durance3,B,midgut,Caa,Canal (usine du Largue),Canal,43.853389,5.858444,2015-09-08,2015,1001,Cn,Cn,pur,True,True,0.947083,0.052817,Ch,8,E06,E,06,1,1,
15Caa1009Ch0A__durance3,2015_Caa_1009,durance3,B,midgut,Caa,Canal (usine du Largue),Canal,43.853389,5.858444,2015-09-08,2015,1009,Cn,Cn,pur,True,True,0.9999,0.03842699999999999,Ch,8,E07,E,07,2,2,
15Caa1017Ch0A__durance3,2015_Caa_1017,durance3,B,midgut,Caa,Canal (usine du Largue),Canal,43.853389,5.858444,2015-09-08,2015,1017,Hy,Hy,intermediaire,True,True,0.1006175,0.04702049999999999,Ch,8,E08,E,08,3,3,
15Avi1005Cn02A__durance3,2015_Avi_1005,durance3,B,midgut,Avi,Avignon,Durance,43.913,4.820722,2014-07-17;2015-07-10,2015,1005,Cn,Cn,pur,True,True,0.99929,0.06421699999999997,Cn,8,E09,E,09,3,3,
15Avi1013Pt02A__durance3,2015_Avi_1013,durance3,B,midgut,Avi,Avignon,Durance,43.913,4.820722,2014-07-17;2015-07-10,2015,1013,Hy,Hy,intermediaire,True,True,0.28511410000000004,0.33378589999999997,Pt,8,E10,E,10,4,4,
15Bue1008Ch02A__durance3,2015_Bue_1008,durance3,B,midgut,Bue,Confluence Buech-Meouge,Buech,44.262,5.828,2014-07-03;2015-07-17,2015,1008,Pt,Pt,pur,True,True,0.0001,0.00945818,Ch,8,E11,E,11,5,5,
15Bue1016Ch02A__durance3,2015_Bue_1016,durance3,B,midgut,Bue,Confluence Buech-Meouge,Buech,44.262,5.828,2014-07-03;2015-07-17,2015,1016,Hy,Hy,intermediaire,True,True,0.8887309999999999,0.15708699999999998,Ch,8,E12,E,12,6,6,
15Bau1006Ch02A__durance3,2015_Bau_1006,durance3,B,midgut,Bau,Rosieres,Beaume,44.475,4.264,2015-07-22,2015,1006,Hy,Hy,intermediaire,True,True,0.5132975,0.09612850000000006,Ch,8,F01,F,01,1,1,
15Bau1014Ch02A__durance3,2015_Bau_1014,durance3,B,midgut,Bau,Rosieres,Beaume,44.475,4.264,2015-07-22,2015,1014,Pt,Pt,pur,True,True,0.00344197,0.03864973,Ch,8,F02,F,02,2,2,
15Bau1022Ch02A__durance3,2015_Bau_1022,durance3,B,midgut,Bau,Rosieres,Beaume,44.475,4.264,2015-07-22,2015,1022,Pt,Pt,pur,True,True,0.026378,0.0396818,Ch,8,F03,F,03,3,3,
15Jus1005Ch0A__durance3,2015_Jus_1005,durance3,B,midgut,Jus,Saint-Just-d'Ardeche,Ardeche,44.286,4.597833,2015-07-21,2015,1005,Hy,Pt,quasi-pur,False,True,0.0001,0.0121084,Ch,8,F04,F,04,1,1,
15Jus1013Ch0A__durance3,2015_Jus_1013,durance3,B,midgut,Jus,Saint-Just-d'Ardeche,Ardeche,44.286,4.597833,2015-07-21,2015,1013,Cn,Cn,pur,True,True,0.9766085,0.10154149999999995,Ch,8,F05,F,05,2,2,
15Caa1002Ch0A__durance3,2015_Caa_1002,durance3,B,midgut,Caa,Canal (usine du Largue),Canal,43.853389,5.858444,2015-09-08,2015,1002,Cn,Cn,pur,True,True,0.9994325,0.1068714999999999,Ch,8,F06,F,06,1,1,
15Caa1010Ch0A__durance3,2015_Caa_1010,durance3,B,midgut,Caa,Canal (usine du Largue),Canal,43.853389,5.858444,2015-09-08,2015,1010,Cn,Cn,pur,True,True,0.9999,0.019187999999999983,Ch,8,F07,F,07,2,2,
15Caa1018Ch0A__durance3,2015_Caa_1018,durance3,B,midgut,Caa,Canal (usine du Largue),Canal,43.853389,5.858444,2015-09-08,2015,1018,Pt,Pt,pur,True,True,0.0001,0.0258486,Ch,8,F08,F,08,3,3,
15Avi1006Cn02A__durance3,2015_Avi_1006,durance3,B,midgut,Avi,Avignon,Durance,43.913,4.820722,2014-07-17;2015-07-10,2015,1006,Cn,Cn,pur,True,True,0.981626,0.024009999999999976,Cn,8,F09,F,09,3,3,
15Bue1001Ch02A__durance3,2015_Bue_1001,durance3,B,midgut,Bue,Confluence Buech-Meouge,Buech,44.262,5.828,2014-07-03;2015-07-17,2015,1001,Cn,Cn,pur,True,True,0.9999,0.05101900000000004,Ch,8,F10,F,10,4,4,
15Bue1009Ch02A__durance3,2015_Bue_1009,durance3,B,midgut,Bue,Confluence Buech-Meouge,Buech,44.262,5.828,2014-07-03;2015-07-17,2015,1009,Hy,Hy,intermediaire,True,True,0.9276935,0.1251184999999999,Ch,8,F11,F,11,5,5,
15Bue1017Ch02A__durance3,2015_Bue_1017,durance3,B,midgut,Bue,Confluence Buech-Meouge,Buech,44.262,5.828,2014-07-03;2015-07-17,2015,1017,Cn,Cn,pur,True,True,0.985546,0.08171899999999999,Ch,8,F12,F,12,6,6,
15Bau1007Ch02A__durance3,2015_Bau_1007,durance3,B,midgut,Bau,Rosieres,Beaume,44.475,4.264,2015-07-22,2015,1007,Pt,Pt,pur,True,True,0.0001,0.00827844,Ch,8,G01,G,01,1,1,
15Bau1015Ch02A__durance3,2015_Bau_1015,durance3,B,midgut,Bau,Rosieres,Beaume,44.475,4.264,2015-07-22,2015,1015,Pt,Pt,pur,True,True,0.0001,0.0171402,Ch,8,G02,G,02,2,2,
15Bau1023Ch02A__durance3,2015_Bau_1023,durance3,B,midgut,Bau,Rosieres,Beaume,44.475,4.264,2015-07-22,2015,1023,Pt,Pt,pur,True,True,0.0001,0.0,Ch,8,G03,G,03,3,3,
15Jus1006Ch0A__durance3,2015_Jus_1006,durance3,B,midgut,Jus,Saint-Just-d'Ardeche,Ardeche,44.286,4.597833,2015-07-21,2015,1006,Pt,Pt,pur,True,True,0.0001,0.0,Ch,8,G04,G,04,1,1,
15Jus1014Ch0A__durance3,2015_Jus_1014,durance3,B,midgut,Jus,Saint-Just-d'Ardeche,Ardeche,44.286,4.597833,2015-07-21,2015,1014,Cn,Cn,pur,True,True,0.9468705,0.05302950000000006,Ch,8,G05,G,05,2,2,
15Caa1003Ch0A__durance3,2015_Caa_1003,durance3,B,midgut,Caa,Canal (usine du Largue),Canal,43.853389,5.858444,2015-09-08,2015,1003,Cn,Cn,pur,True,True,0.9999,0.011297000000000001,Ch,8,G06,G,06,1,1,
15Caa1011Ch0A__durance3,2015_Caa_1011,durance3,B,midgut,Caa,Canal (usine du Largue),Canal,43.853389,5.858444,2015-09-08,2015,1011,Pt,Pt,pur,True,True,0.0001,0.0906421,Ch,8,G07,G,07,2,2,
15Caa1019Ch0A__durance3,2015_Caa_1019,durance3,B,midgut,Caa,Canal (usine du Largue),Canal,43.853389,5.858444,2015-09-08,2015,1019,Hy,Pt,quasi-pur,False,True,0.0001,0.007794419999999999,Ch,8,G08,G,08,3,3,
15Avi1007Cn02A__durance3,2015_Avi_1007,durance3,B,midgut,Avi,Avignon,Durance,43.913,4.820722,2014-07-17;2015-07-10,2015,1007,Cn,Cn,pur,True,True,0.9999,0.08638400000000002,Cn,8,G09,G,09,3,3,
15Bue1002Ch02A__durance3,2015_Bue_1002,durance3,B,midgut,Bue,Confluence Buech-Meouge,Buech,44.262,5.828,2014-07-03;2015-07-17,2015,1002,Cn,Cn,pur,True,True,0.9999,0.015835000000000043,Ch,8,G10,G,10,4,4,
15Bue1010Ch02A__durance3,2015_Bue_1010,durance3,B,midgut,Bue,Confluence Buech-Meouge,Buech,44.262,5.828,2014-07-03;2015-07-17,2015,1010,Hy,Hy,intermediaire,True,True,0.5373025,0.11367450000000001,Ch,8,G11,G,11,5,5,
15Bue1018Ch02A__durance3,2015_Bue_1018,durance3,B,midgut,Bue,Confluence Buech-Meouge,Buech,44.262,5.828,2014-07-03;2015-07-17,2015,1018,Hy,Hy,intermediaire,True,True,0.8807585,0.09011049999999998,Ch,8,G12,G,12,6,6,
15Bau1008Ch02A__durance3,2015_Bau_1008,durance3,B,midgut,Bau,Rosieres,Beaume,44.475,4.264,2015-07-22,2015,1008,Pt,Pt,pur,True,True,0.0001,0.039034,Ch,8,H01,H,01,1,1,
15Bau1016Ch02A__durance3,2015_Bau_1016,durance3,B,midgut,Bau,Rosieres,Beaume,44.475,4.264,2015-07-22,2015,1016,Hy,Hy,quasi-pur,False,True,0.02028617,0.44522083,Ch,8,H02,H,02,2,2,
15Bau1024Ch02A__durance3,2015_Bau_1024,durance3,B,midgut,Bau,Rosieres,Beaume,44.475,4.264,2015-07-22,2015,1024,Pt,Pt,pur,True,True,0.0001,0.0131795,Ch,8,H03,H,03,3,3,
15Jus1007Ch0A__durance3,2015_Jus_1007,durance3,B,midgut,Jus,Saint-Just-d'Ardeche,Ardeche,44.286,4.597833,2015-07-21,2015,1007,Pt,Pt,pur,True,True,0.0001,0.014199,Ch,8,H04,H,04,1,1,
15Jus1015Ch0A__durance3,2015_Jus_1015,durance3,B,midgut,Jus,Saint-Just-d'Ardeche,Ardeche,44.286,4.597833,2015-07-21,2015,1015,Cn,Cn,pur,True,True,0.9977965,0.050436499999999995,Ch,8,H05,H,05,2,2,
15Caa1004Ch0A__durance3,2015_Caa_1004,durance3,B,midgut,Caa,Canal (usine du Largue),Canal,43.853389,5.858444,2015-09-08,2015,1004,Cn,Cn,pur,True,True,0.9999,0.005790999999999991,Ch,8,H06,H,06,1,1,
15Caa1012Ch0A__durance3,2015_Caa_1012,durance3,B,midgut,Caa,Canal (usine du Largue),Canal,43.853389,5.858444,2015-09-08,2015,1012,Pt,Pt,pur,True,True,0.0001,0.0,Ch,8,H07,H,07,2,2,
15Caa1020Ch0A__durance3,2015_Caa_1020,durance3,B,midgut,Caa,Canal (usine du Largue),Canal,43.853389,5.858444,2015-09-08,2015,1020,Pt,Pt,pur,True,True,0.0001,0.0260511,Ch,8,H08,H,08,3,3,
15Avi1008Cn02A__durance3,2015_Avi_1008,durance3,B,midgut,Avi,Avignon,Durance,43.913,4.820722,2014-07-17;2015-07-10,2015,1008,Cn,Cn,pur,True,True,0.9999,0.01104000000000005,Cn,8,H09,H,09,3,3,
15Bue1003Ch02A__durance3,2015_Bue_1003,durance3,B,midgut,Bue,Confluence Buech-Meouge,Buech,44.262,5.828,2014-07-03;2015-07-17,2015,1003,Cn,Cn,pur,True,True,0.9999,0.015947000000000044,Ch,8,H10,H,10,4,4,
15Bue1011Ch02A__durance3,2015_Bue_1011,durance3,B,midgut,Bue,Confluence Buech-Meouge,Buech,44.262,5.828,2014-07-03;2015-07-17,2015,1011,Hy,Hy,intermediaire,True,True,0.7010149999999999,0.10766600000000004,Ch,8,H11,H,11,5,5,
