src,dst,action
data/durance1/170710_M03930_0062_000000000-BBHKV/Data/Intensities/BaseCalls/14Ain1001Cn01A_S1_L001_R1_001.fastq.gz,consolidated_dataset/durance1/14Ain1001Cn01A_S1_L001_R1_001.fastq.gz,move
data/durance1/170710_M03930_0062_000000000-BBHKV/Data/Intensities/BaseCalls/14Ain1001Cn01A_S1_L001_R2_001.fastq.gz,consolidated_dataset/durance1/14Ain1001Cn01A_S1_L001_R2_001.fastq.gz,move
data/durance1/170710_M03930_0062_000000000-BBHKV/Data/Intensities/BaseCalls/14Ain1038Pt01A_S2_L001_R1_001.fastq.gz,consolidated_dataset/durance1/14Ain1038Pt01A_S2_L001_R1_001.fastq.gz,move
data/durance1/170710_M03930_0062_000000000-BBHKV/Data/Intensities/BaseCalls/14Ain1038Pt01A_S2_L001_R2_001.fastq.gz,consolidated_dataset/durance1/14Ain1038Pt01A_S2_L001_R2_001.fastq.gz,move
data/durance1/170710_M03930_0062_000000000-BBHKV/Data/Intensities/BaseCalls/15Cab1003Ch01A_S3_L001_R1_001.fastq.gz,consolidated_dataset/durance1/15Cab1003Ch01A_S3_L001_R1_001.fastq.gz,move
data/durance1/170710_M03930_0062_000000000-BBHKV/Data/Intensities/BaseCalls/15Cab1003Ch01A_S3_L001_R2_001.fastq.gz,consolidated_dataset/durance1/15Cab1003Ch01A_S3_L001_R2_001.fastq.gz,move
data/durance1/170710_M03930_0062_000000000-BBHKV/Data/Intensities/BaseCalls/15Cab1011Ch01A_S4_L001_R1_001.fastq.gz,consolidated_dataset/durance1/15Cab1011Ch01A_S4_L001_R1_001.fastq.gz,move
data/durance1/170710_M03930_0062_000000000-BBHKV/Data/Intensities/BaseCalls/15Cab1011Ch01A_S4_L001_R2_001.fastq.gz,consolidated_dataset/durance1/15Cab1011Ch01A_S4_L001_R2_001.fastq.gz,move
data/durance1/170710_M03930_0062_000000000-BBHKV/Data/Intensities/BaseCalls/15Cab1019Ch01A_S5_L001_R1_001.fastq.gz,consolidated_dataset/durance1/15Cab1019Ch01A_S5_L001_R1_001.fastq.gz,move
data/durance1/170710_M03930_0062_000000000-BBHKV/Data/Intensities/BaseCalls/15Cab1019Ch01A_S5_L001_R2_001.fastq.gz,consolidated_dataset/durance1/15Cab1019Ch01A_S5_L001_R2_001.fastq.gz,move
data/durance1/170710_M03930_0062_000000000-BBHKV/Data/Intensities/BaseCalls/14Avi1008Cn01A_S6_L001_R1_001.fastq.gz,consolidated_dataset/durance1/14Avi1008Cn01A_S6_L001_R1_001.fastq.gz,move
data/durance1/170710_M03930_0062_000000000-BBHKV/Data/Intensities/BaseCalls/14Avi1008Cn01A_S6_L001_R2_001.fastq.gz,consolidated_dataset/durance1/14Avi1008Cn01A_S6_L001_R2_001.fastq.gz,move
data/durance1/170710_M03930_0062_000000000-BBHKV/Data/Intensities/BaseCalls/14Bue1005Cn01A_S7_L001_R1_001.fastq.gz,consolidated_dataset/durance1/14Bue1005Cn01A_S7_L001_R1_001.fastq.gz,move
data/durance1/170710_M03930_0062_000000000-BBHKV/Data/Intensities/BaseCalls/14Bue1005Cn01A_S7_L001_R2_001.fastq.gz,consolidated_dataset/durance1/14Bue1005Cn01A_S7_L001_R2_001.fastq.gz,move
data/durance1/170710_M03930_0062_000000000-BBHKV/Data/Intensities/BaseCalls/14Bue1015Ch01A_S8_L001_R1_001.fastq.gz,consolidated_dataset/durance1/14Bue1015Ch01A_S8_L001_R1_001.fastq.gz,move
data/durance1/170710_M03930_0062_000000000-BBHKV/Data/Intensities/BaseCalls/14Bue1015Ch01A_S8_L001_R2_001.fastq.gz,consolidated_dataset/durance1/14Bue1015Ch01A_S8_L001_R2_001.fastq.gz,move
data/durance1/170710_M03930_0062_000000000-BBHKV/Data/Intensities/BaseCalls/14Man1011Ch01A_S9_L001_R1_001.fastq.gz,consolidated_dataset/durance1/14Man1011Ch01A_S9_L001_R1_001.fastq.gz,move
data/durance1/170710_M03930_0062_000000000-BBHKV/Data/Intensities/BaseCalls/14Man1011Ch01A_S9_L001_R2_001.fastq.gz,consolidated_dataset/durance1/14Man1011Ch01A_S9_L001_R2_001.fastq.gz,move
data/durance1/170710_M03930_0062_000000000-BBHKV/Data/Intensities/BaseCalls/14Man1019Ch01A_S10_L001_R1_001.fastq.gz,consolidated_dataset/durance1/14Man1019Ch01A_S10_L001_R1_001.fastq.gz,move
data/durance1/170710_M03930_0062_000000000-BBHKV/Data/Intensities/BaseCalls/14Man1019Ch01A_S10_L001_R2_001.fastq.gz,consolidated_dataset/durance1/14Man1019Ch01A_S10_L001_R2_001.fastq.gz,move
data/durance1/170710_M03930_0062_000000000-BBHKV/Data/Intensities/BaseCalls/14Per2011Ch01A_S11_L001_R1_001.fastq.gz,consolidated_dataset/durance1/14Per2011Ch01A_S11_L001_R1_001.fastq.gz,move
data/durance1/170710_M03930_0062_000000000-BBHKV/Data/Intensities/BaseCalls/14Per2011Ch01A_S11_L001_R2_001.fastq.gz,consolidated_dataset/durance1/14Per2011Ch01A_S11_L001_R2_001.fastq.gz,move
data/durance1/170710_M03930_0062_000000000-BBHKV/Data/Intensities/BaseCalls/14Per2011Ch01A-bis_S12_L001_R1_001.fastq.gz,consolidated_dataset/durance1/14Per2011Ch01A-bis_S12_L001_R1_001.fastq.gz,move
data/durance1/170710_M03930_0062_000000000-BBHKV/Data/Intensities/BaseCalls/14Per2011Ch01A-bis_S12_L001_R2_001.fastq.gz,consolidated_dataset/durance1/14Per2011Ch01A-bis_S12_L001_R2_001.fastq.gz,move
data/durance1/170710_M03930_0062_000000000-BBHKV/Data/Intensities/BaseCalls/14Ain1002Cn01A_S13_L001_R1_001.fastq.gz,consolidated_dataset/durance1/14Ain1002Cn01A_S13_L001_R1_001.fastq.gz,move
data/durance1/170710_M03930_0062_000000000-BBHKV/Data/Intensities/BaseCalls/14Ain1002Cn01A_S13_L001_R2_001.fastq.gz,consolidated_dataset/durance1/14Ain1002Cn01A_S13_L001_R2_001.fastq.gz,move
data/durance1/170710_M03930_0062_000000000-BBHKV/Data/Intensities/BaseCalls/14Ain1039Pt01A_S14_L001_R1_001.fastq.gz,consolidated_dataset/durance1/14Ain1039Pt01A_S14_L001_R1_001.fastq.gz,move
data/durance1/170710_M03930_0062_000000000-BBHKV/Data/Intensities/BaseCalls/14Ain1039Pt01A_S14_L001_R2_001.fastq.gz,consolidated_dataset/durance1/14Ain1039Pt01A_S14_L001_R2_001.fastq.gz,move
data/durance1/170710_M03930_0062_000000000-BBHKV/Data/Intensities/BaseCalls/15Cab1004Ch01A_S15_L001_R1_001.fastq.gz,consolidated_dataset/durance1/15Cab1004Ch01A_S15_L001_R1_001.fastq.gz,move
data/durance1/170710_M03930_0062_000000000-BBHKV/Data/Intensities/BaseCalls/15Cab1004Ch01A_S15_L001_R2_001.fastq.gz,consolidated_dataset/durance1/15Cab1004Ch01A_S15_L001_R2_001.fastq.gz,move
data/durance1/170710_M03930_0062_000000000-BBHKV/Data/Intensities/BaseCalls/15Cab1012Ch01A_S16_L001_R1_001.fastq.gz,consolidated_dataset/durance1/15Cab1012Ch01A_S16_L001_R1_001.fastq.gz,move
data/durance1/170710_M03930_0062_000000000-BBHKV/Data/Intensities/BaseCalls/15Cab1012Ch01A_S16_L001_R2_001.fastq.gz,consolidated_dataset/durance1/15Cab1012Ch01A_S16_L001_R2_001.fastq.gz,move
data/durance1/170710_M03930_0062_000000000-BBHKV/Data/Intensities/BaseCalls/14Avi1001Cn01A_S17_L001_R1_001.fastq.gz,consolidated_dataset/durance1/14Avi1001Cn01A_S17_L001_R1_001.fastq.gz,move
data/durance1/170710_M03930_0062_000000000-BBHKV/Data/Intensities/BaseCalls/14Avi1001Cn01A_S17_L001_R2_001.fastq.gz,consolidated_dataset/durance1/14Avi1001Cn01A_S17_L001_R2_001.fastq.gz,move
data/durance1/170710_M03930_0062_000000000-BBHKV/Data/Intensities/BaseCalls/14Avi1036Cn01A_S18_L001_R1_001.fastq.gz,consolidated_dataset/durance1/14Avi1036Cn01A_S18_L001_R1_001.fastq.gz,move
data/durance1/170710_M03930_0062_000000000-BBHKV/Data/Intensities/BaseCalls/14Avi1036Cn01A_S18_L001_R2_001.fastq.gz,consolidated_dataset/durance1/14Avi1036Cn01A_S18_L001_R2_001.fastq.gz,move
data/durance1/170710_M03930_0062_000000000-BBHKV/Data/Intensities/BaseCalls/14Bue1006Cn01A_S19_L001_R1_001.fastq.gz,consolidated_dataset/durance1/14Bue1006Cn01A_S19_L001_R1_001.fastq.gz,move
data/durance1/170710_M03930_0062_000000000-BBHKV/Data/Intensities/BaseCalls/14Bue1006Cn01A_S19_L001_R2_001.fastq.gz,consolidated_dataset/durance1/14Bue1006Cn01A_S19_L001_R2_001.fastq.gz,move
data/durance1/170710_M03930_0062_000000000-BBHKV/Data/Intensities/BaseCalls/14Bue1016Ch01A_S20_L001_R1_001.fastq.gz,consolidated_dataset/durance1/14Bue1016Ch01A_S20_L001_R1_001.fastq.gz,move
data/durance1/170710_M03930_0062_000000000-BBHKV/Data/Intensities/BaseCalls/14Bue1016Ch01A_S20_L001_R2_001.fastq.gz,consolidated_dataset/durance1/14Bue1016Ch01A_S20_L001_R2_001.fastq.gz,move
data/durance1/170710_M03930_0062_000000000-BBHKV/Data/Intensities/BaseCalls/14Man1012Ch01A_S21_L001_R1_001.fastq.gz,consolidated_dataset/durance1/14Man1012Ch01A_S21_L001_R1_001.fastq.gz,move
data/durance1/170710_M03930_0062_000000000-BBHKV/Data/Intensities/BaseCalls/14Man1012Ch01A_S21_L001_R2_001.fastq.gz,consolidated_dataset/durance1/14Man1012Ch01A_S21_L001_R2_001.fastq.gz,move
data/durance1/170710_M03930_0062_000000000-BBHKV/Data/Intensities/BaseCalls/14Man1020Ch01A_S22_L001_R1_001.fastq.gz,consolidated_dataset/durance1/14Man1020Ch01A_S22_L001_R1_001.fastq.gz,move
data/durance1/170710_M03930_0062_000000000-BBHKV/Data/Intensities/BaseCalls/14Man1020Ch01A_S22_L001_R2_001.fastq.gz,consolidated_dataset/durance1/14Man1020Ch01A_S22_L001_R2_001.fastq.gz,move
data/durance1/170710_M03930_0062_000000000-BBHKV/Data/Intensities/BaseCalls/14Per2012Ch01A_S23_L001_R1_001.fastq.gz,consolidated_dataset/durance1/14Per2012Ch01A_S23_L001_R1_001.fastq.gz,move
data/durance1/170710_M03930_0062_000000000-BBHKV/Data/Intensities/BaseCalls/14Per2012Ch01A_S23_L001_R2_001.fastq.gz,consolidated_dataset/durance1/14Per2012Ch01A_S23_L001_R2_001.fastq.gz,move
data/durance1/170710_M03930_0062_000000000-BBHKV/Data/Intensities/BaseCalls/14Per2012Ch01A-bis_S24_L001_R1_001.fastq.gz,consolidated_dataset/durance1/14Per2012Ch01A-bis_S24_L001_R1_001.fastq.gz,move
data/durance1/170710_M03930_0062_000000000-BBHKV/Data/Intensities/BaseCalls/14Per2012Ch01A-bis_S24_L001_R2_001.fastq.gz,consolidated_dataset/durance1/14Per2012Ch01A-bis_S24_L001_R2_001.fastq.gz,move
data/durance1/170710_M03930_0062_000000000-BBHKV/Data/Intensities/BaseCalls/14Ain1011Pt01A_S25_L001_R1_001.fastq.gz,consolidated_dataset/durance1/14Ain1011Pt01A_S25_L001_R1_001.fastq.gz,move
data/durance1/170710_M03930_0062_000000000-BBHKV/Data/Intensities/BaseCalls/14Ain1011Pt01A_S25_L001_R2_001.fastq.gz,consolidated_dataset/durance1/14Ain1011Pt01A_S25_L001_R2_001.fastq.gz,move
data/durance1/170710_M03930_0062_000000000-BBHKV/Data/Intensities/BaseCalls/14Ain1040Pt01A_S26_L001_R1_001.fastq.gz,consolidated_dataset/durance1/14Ain1040Pt01A_S26_L001_R1_001.fastq.gz,move
data/durance1/170710_M03930_0062_000000000-BBHKV/Data/Intensities/BaseCalls/14Ain1040Pt01A_S26_L001_R2_001.fastq.gz,consolidated_dataset/durance1/14Ain1040Pt01A_S26_L001_R2_001.fastq.gz,move
data/durance1/170710_M03930_0062_000000000-BBHKV/Data/Intensities/BaseCalls/15Cab1005Ch01A_S27_L001_R1_001.fastq.gz,consolidated_dataset/durance1/15Cab1005Ch01A_S27_L001_R1_001.fastq.gz,move
data/durance1/170710_M03930_0062_000000000-BBHKV/Data/Intensities/BaseCalls/15Cab1005Ch01A_S27_L001_R2_001.fastq.gz,consolidated_dataset/durance1/15Cab1005Ch01A_S27_L001_R2_001.fastq.gz,move
data/durance1/170710_M03930_0062_000000000-BBHKV/Data/Intensities/BaseCalls/15Cab1013Ch01A_S28_L001_R1_001.fastq.gz,consolidated_dataset/durance1/15Cab1013Ch01A_S28_L001_R1_001.fastq.gz,move
data/durance1/170710_M03930_0062_000000000-BBHKV/Data/Intensities/BaseCalls/15Cab1013Ch01A_S28_L001_R2_001.fastq.gz,consolidated_dataset/durance1/15Cab1013Ch01A_S28_L001_R2_001.fastq.gz,move
data/durance1/170710_M03930_0062_000000000-BBHKV/Data/Intensities/BaseCalls/14Avi1002Cn01A_S29_L001_R1_001.fastq.gz,consolidated_dataset/durance1/14Avi1002Cn01A_S29_L001_R1_001.fastq.gz,move
data/durance1/170710_M03930_0062_000000000-BBHKV/Data/Intensities/BaseCalls/14Avi1002Cn01A_S29_L001_R2_001.fastq.gz,consolidated_dataset/durance1/14Avi1002Cn01A_S29_L001_R2_001.fastq.gz,move
data/durance1/170710_M03930_0062_000000000-BBHKV/Data/Intensities/BaseCalls/14Avi1037-01A_S30_L001_R1_001.fastq.gz,consolidated_dataset/durance1/14Avi1037-01A_S30_L001_R1_001.fastq.gz,move
data/durance1/170710_M03930_0062_000000000-BBHKV/Data/Intensities/BaseCalls/14Avi1037-01A_S30_L001_R2_001.fastq.gz,consolidated_dataset/durance1/14Avi1037-01A_S30_L001_R2_001.fastq.gz,move
data/durance1/170710_M03930_0062_000000000-BBHKV/Data/Intensities/BaseCalls/14Bue1007Cn01A_S31_L001_R1_001.fastq.gz,consolidated_dataset/durance1/14Bue1007Cn01A_S31_L001_R1_001.fastq.gz,move
data/durance1/170710_M03930_0062_000000000-BBHKV/Data/Intensities/BaseCalls/14Bue1007Cn01A_S31_L001_R2_001.fastq.gz,consolidated_dataset/durance1/14Bue1007Cn01A_S31_L001_R2_001.fastq.gz,move
data/durance1/170710_M03930_0062_000000000-BBHKV/Data/Intensities/BaseCalls/14Bue1017Ch01A_S32_L001_R1_001.fastq.gz,consolidated_dataset/durance1/14Bue1017Ch01A_S32_L001_R1_001.fastq.gz,move
data/durance1/170710_M03930_0062_000000000-BBHKV/Data/Intensities/BaseCalls/14Bue1017Ch01A_S32_L001_R2_001.fastq.gz,consolidated_dataset/durance1/14Bue1017Ch01A_S32_L001_R2_001.fastq.gz,move
data/durance1/170710_M03930_0062_000000000-BBHKV/Data/Intensities/BaseCalls/14Man1013Ch01A_S33_L001_R1_001.fastq.gz,consolidated_dataset/durance1/14Man1013Ch01A_S33_L001_R1_001.fastq.gz,move
data/durance1/170710_M03930_0062_000000000-BBHKV/Data/Intensities/BaseCalls/14Man1013Ch01A_S33_L001_R2_001.fastq.gz,consolidated_dataset/durance1/14Man1013Ch01A_S33_L001_R2_001.fastq.gz,move
data/durance1/170710_M03930_0062_000000000-BBHKV/Data/Intensities/BaseCalls/14Man1021Ch01A_S34_L001_R1_001.fastq.gz,consolidated_dataset/durance1/14Man1021Ch01A_S34_L001_R1_001.fastq.gz,move
data/durance1/170710_M03930_0062_000000000-BBHKV/Data/Intensities/BaseCalls/14Man1021Ch01A_S34_L001_R2_001.fastq.gz,consolidated_dataset/durance1/14Man1021Ch01A_S34_L001_R2_001.fastq.gz,move
data/durance1/170710_M03930_0062_000000000-BBHKV/Data/Intensities/BaseCalls/14Per2013Ch01A_S35_L001_R1_001.fastq.gz,consolidated_dataset/durance1/14Per2013Ch01A_S35_L001_R1_001.fastq.gz,move
data/durance1/170710_M03930_0062_000000000-BBHKV/Data/Intensities/BaseCalls/14Per2013Ch01A_S35_L001_R2_001.fastq.gz,consolidated_dataset/durance1/14Per2013Ch01A_S35_L001_R2_001.fastq.gz,move
data/durance1/170710_M03930_0062_000000000-BBHKV/Data/Intensities/BaseCalls/T-1_S36_L001_R1_001.fastq.gz,consolidated_dataset/durance1/T-1_S36_L001_R1_001.fastq.gz,move
data/durance1/170710_M03930_0062_000000000-BBHKV/Data/Intensities/BaseCalls/T-1_S36_L001_R2_001.fastq.gz,consolidated_dataset/durance1/T-1_S36_L001_R2_001.fastq.gz,move
data/durance1/170710_M03930_0062_000000000-BBHKV/Data/Intensities/BaseCalls/14Ain1012Pt01A_S37_L001_R1_001.fastq.gz,consolidated_dataset/durance1/14Ain1012Pt01A_S37_L001_R1_001.fastq.gz,move
data/durance1/170710_M03930_0062_000000000-BBHKV/Data/Intensities/BaseCalls/14Ain1012Pt01A_S37_L001_R2_001.fastq.gz,consolidated_dataset/durance1/14Ain1012Pt01A_S37_L001_R2_001.fastq.gz,move
data/durance1/170710_M03930_0062_000000000-BBHKV/Data/Intensities/BaseCalls/14Ain1041Pt01A_S38_L001_R1_001.fastq.gz,consolidated_dataset/durance1/14Ain1041Pt01A_S38_L001_R1_001.fastq.gz,move
data/durance1/170710_M03930_0062_000000000-BBHKV/Data/Intensities/BaseCalls/14Ain1041Pt01A_S38_L001_R2_001.fastq.gz,consolidated_dataset/durance1/14Ain1041Pt01A_S38_L001_R2_001.fastq.gz,move
data/durance1/170710_M03930_0062_000000000-BBHKV/Data/Intensities/BaseCalls/15Cab1006Ch01A_S39_L001_R1_001.fastq.gz,consolidated_dataset/durance1/15Cab1006Ch01A_S39_L001_R1_001.fastq.gz,move
data/durance1/170710_M03930_0062_000000000-BBHKV/Data/Intensities/BaseCalls/15Cab1006Ch01A_S39_L001_R2_001.fastq.gz,consolidated_dataset/durance1/15Cab1006Ch01A_S39_L001_R2_001.fastq.gz,move
data/durance1/170710_M03930_0062_000000000-BBHKV/Data/Intensities/BaseCalls/15Cab1014Ch01A_S40_L001_R1_001.fastq.gz,consolidated_dataset/durance1/15Cab1014Ch01A_S40_L001_R1_001.fastq.gz,move
data/durance1/170710_M03930_0062_000000000-BBHKV/Data/Intensities/BaseCalls/15Cab1014Ch01A_S40_L001_R2_001.fastq.gz,consolidated_dataset/durance1/15Cab1014Ch01A_S40_L001_R2_001.fastq.gz,move
data/durance1/170710_M03930_0062_000000000-BBHKV/Data/Intensities/BaseCalls/14Avi1003Cn01A_S41_L001_R1_001.fastq.gz,consolidated_dataset/durance1/14Avi1003Cn01A_S41_L001_R1_001.fastq.gz,move
data/durance1/170710_M03930_0062_000000000-BBHKV/Data/Intensities/BaseCalls/14Avi1003Cn01A_S41_L001_R2_001.fastq.gz,consolidated_dataset/durance1/14Avi1003Cn01A_S41_L001_R2_001.fastq.gz,move
data/durance1/170710_M03930_0062_000000000-BBHKV/Data/Intensities/BaseCalls/14Avi1038Cn01A_S42_L001_R1_001.fastq.gz,consolidated_dataset/durance1/14Avi1038Cn01A_S42_L001_R1_001.fastq.gz,move
data/durance1/170710_M03930_0062_000000000-BBHKV/Data/Intensities/BaseCalls/14Avi1038Cn01A_S42_L001_R2_001.fastq.gz,consolidated_dataset/durance1/14Avi1038Cn01A_S42_L001_R2_001.fastq.gz,move
data/durance1/170710_M03930_0062_000000000-BBHKV/Data/Intensities/BaseCalls/14Bue1008Cn01A_S43_L001_R1_001.fastq.gz,consolidated_dataset/durance1/14Bue1008Cn01A_S43_L001_R1_001.fastq.gz,move
data/durance1/170710_M03930_0062_000000000-BBHKV/Data/Intensities/BaseCalls/14Bue1008Cn01A_S43_L001_R2_001.fastq.gz,consolidated_dataset/durance1/14Bue1008Cn01A_S43_L001_R2_001.fastq.gz,move
data/durance1/170710_M03930_0062_000000000-BBHKV/Data/Intensities/BaseCalls/14Bue1018Ch01A_S44_L001_R1_001.fastq.gz,consolidated_dataset/durance1/14Bue1018Ch01A_S44_L001_R1_001.fastq.gz,move
data/durance1/170710_M03930_0062_000000000-BBHKV/Data/Intensities/BaseCalls/14Bue1018Ch01A_S44_L001_R2_001.fastq.gz,consolidated_dataset/durance1/14Bue1018Ch01A_S44_L001_R2_001.fastq.gz,move
data/durance1/170710_M03930_0062_000000000-BBHKV/Data/Intensities/BaseCalls/14Man1014Ch01A_S45_L001_R1_001.fastq.gz,consolidated_dataset/durance1/14Man1014Ch01A_S45_L001_R1_001.fastq.gz,move
data/durance1/170710_M03930_0062_000000000-BBHKV/Data/Intensities/BaseCalls/14Man1014Ch01A_S45_L001_R2_001.fastq.gz,consolidated_dataset/durance1/14Man1014Ch01A_S45_L001_R2_001.fastq.gz,move
data/durance1/170710_M03930_0062_000000000-BBHKV/Data/Intensities/BaseCalls/14Man1022Ch01A_S46_L001_R1_001.fastq.gz,consolidated_dataset/durance1/14Man1022Ch01A_S46_L001_R1_001.fastq.gz,move
data/durance1/170710_M03930_0062_000000000-BBHKV/Data/Intensities/BaseCalls/14Man1022Ch01A_S46_L001_R2_001.fastq.gz,consolidated_dataset/durance1/14Man1022Ch01A_S46_L001_R2_001.fastq.gz,move
data/durance1/170710_M03930_0062_000000000-BBHKV/Data/Intensities/BaseCalls/14Per2014Ch01A_S47_L001_R1_001.fastq.gz,consolidated_dataset/durance1/14Per2014Ch01A_S47_L001_R1_001.fastq.gz,move
data/durance1/170710_M03930_0062_000000000-BBHKV/Data/Intensities/BaseCalls/14Per2014Ch01A_S47_L001_R2_001.fastq.gz,consolidated_dataset/durance1/14Per2014Ch01A_S47_L001_R2_001.fastq.gz,move
data/durance1/170710_M03930_0062_000000000-BBHKV/Data/Intensities/BaseCalls/empty-1_S48_L001_R1_001.fastq.gz,consolidated_dataset/durance1/empty-1_S48_L001_R1_001.fastq.gz,move
data/durance1/170710_M03930_0062_000000000-BBHKV/Data/Intensities/BaseCalls/empty-1_S48_L001_R2_001.fastq.gz,consolidated_dataset/durance1/empty-1_S48_L001_R2_001.fastq.gz,move
data/durance1/170710_M03930_0062_000000000-BBHKV/Data/Intensities/BaseCalls/14Ain1013Pt01A_S49_L001_R1_001.fastq.gz,consolidated_dataset/durance1/14Ain1013Pt01A_S49_L001_R1_001.fastq.gz,move
data/durance1/170710_M03930_0062_000000000-BBHKV/Data/Intensities/BaseCalls/14Ain1013Pt01A_S49_L001_R2_001.fastq.gz,consolidated_dataset/durance1/14Ain1013Pt01A_S49_L001_R2_001.fastq.gz,move
data/durance1/170710_M03930_0062_000000000-BBHKV/Data/Intensities/BaseCalls/14Ain1042Pt01A_S50_L001_R1_001.fastq.gz,consolidated_dataset/durance1/14Ain1042Pt01A_S50_L001_R1_001.fastq.gz,move
data/durance1/170710_M03930_0062_000000000-BBHKV/Data/Intensities/BaseCalls/14Ain1042Pt01A_S50_L001_R2_001.fastq.gz,consolidated_dataset/durance1/14Ain1042Pt01A_S50_L001_R2_001.fastq.gz,move
data/durance1/170710_M03930_0062_000000000-BBHKV/Data/Intensities/BaseCalls/15Cab1007Ch01A_S51_L001_R1_001.fastq.gz,consolidated_dataset/durance1/15Cab1007Ch01A_S51_L001_R1_001.fastq.gz,move
data/durance1/170710_M03930_0062_000000000-BBHKV/Data/Intensities/BaseCalls/15Cab1007Ch01A_S51_L001_R2_001.fastq.gz,consolidated_dataset/durance1/15Cab1007Ch01A_S51_L001_R2_001.fastq.gz,move
data/durance1/170710_M03930_0062_000000000-BBHKV/Data/Intensities/BaseCalls/15Cab1015Ch01A_S52_L001_R1_001.fastq.gz,consolidated_dataset/durance1/15Cab1015Ch01A_S52_L001_R1_001.fastq.gz,move
data/durance1/170710_M03930_0062_000000000-BBHKV/Data/Intensities/BaseCalls/15Cab1015Ch01A_S52_L001_R2_001.fastq.gz,consolidated_dataset/durance1/15Cab1015Ch01A_S52_L001_R2_001.fastq.gz,move
data/durance1/170710_M03930_0062_000000000-BBHKV/Data/Intensities/BaseCalls/14Avi1004Cn01A_S53_L001_R1_001.fastq.gz,consolidated_dataset/durance1/14Avi1004Cn01A_S53_L001_R1_001.fastq.gz,move
data/durance1/170710_M03930_0062_000000000-BBHKV/Data/Intensities/BaseCalls/14Avi1004Cn01A_S53_L001_R2_001.fastq.gz,consolidated_dataset/durance1/14Avi1004Cn01A_S53_L001_R2_001.fastq.gz,move
data/durance1/170710_M03930_0062_000000000-BBHKV/Data/Intensities/BaseCalls/14Bue1001Cn01A_S54_L001_R1_001.fastq.gz,consolidated_dataset/durance1/14Bue1001Cn01A_S54_L001_R1_001.fastq.gz,move
data/durance1/170710_M03930_0062_000000000-BBHKV/Data/Intensities/BaseCalls/14Bue1001Cn01A_S54_L001_R2_001.fastq.gz,consolidated_dataset/durance1/14Bue1001Cn01A_S54_L001_R2_001.fastq.gz,move
data/durance1/170710_M03930_0062_000000000-BBHKV/Data/Intensities/BaseCalls/14Bue1011Ch01A_S55_L001_R1_001.fastq.gz,consolidated_dataset/durance1/14Bue1011Ch01A_S55_L001_R1_001.fastq.gz,move
data/durance1/170710_M03930_0062_000000000-BBHKV/Data/Intensities/BaseCalls/14Bue1011Ch01A_S55_L001_R2_001.fastq.gz,consolidated_dataset/durance1/14Bue1011Ch01A_S55_L001_R2_001.fastq.gz,move
data/durance1/170710_M03930_0062_000000000-BBHKV/Data/Intensities/BaseCalls/14Bue1019Ch01A_S56_L001_R1_001.fastq.gz,consolidated_dataset/durance1/14Bue1019Ch01A_S56_L001_R1_001.fastq.gz,move
data/durance1/170710_M03930_0062_000000000-BBHKV/Data/Intensities/BaseCalls/14Bue1019Ch01A_S56_L001_R2_001.fastq.gz,consolidated_dataset/durance1/14Bue1019Ch01A_S56_L001_R2_001.fastq.gz,move
data/durance1/170710_M03930_0062_000000000-BBHKV/Data/Intensities/BaseCalls/14Man1015Ch01A_S57_L001_R1_001.fastq.gz,consolidated_dataset/durance1/14Man1015Ch01A_S57_L001_R1_001.fastq.gz,move
data/durance1/170710_M03930_0062_000000000-BBHKV/Data/Intensities/BaseCalls/14Man1015Ch01A_S57_L001_R2_001.fastq.gz,consolidated_dataset/durance1/14Man1015Ch01A_S57_L001_R2_001.fastq.gz,move
data/durance1/170710_M03930_0062_000000000-BBHKV/Data/Intensities/BaseCalls/14Per1011Ch01A_S58_L001_R1_001.fastq.gz,consolidated_dataset/durance1/14Per1011Ch01A_S58_L001_R1_001.fastq.gz,move
data/durance1/170710_M03930_0062_000000000-BBHKV/Data/Intensities/BaseCalls/14Per1011Ch01A_S58_L001_R2_001.fastq.gz,consolidated_dataset/durance1/14Per1011Ch01A_S58_L001_R2_001.fastq.gz,move
data/durance1/170710_M03930_0062_000000000-BBHKV/Data/Intensities/BaseCalls/14Per2015Ch01A_S59_L001_R1_001.fastq.gz,consolidated_dataset/durance1/14Per2015Ch01A_S59_L001_R1_001.fastq.gz,move
data/durance1/170710_M03930_0062_000000000-BBHKV/Data/Intensities/BaseCalls/14Per2015Ch01A_S59_L001_R2_001.fastq.gz,consolidated_dataset/durance1/14Per2015Ch01A_S59_L001_R2_001.fastq.gz,move
data/durance1/170710_M03930_0062_000000000-BBHKV/Data/Intensities/BaseCalls/empty-2_S60_L001_R1_001.fastq.gz,consolidated_dataset/durance1/empty-2_S60_L001_R1_001.fastq.gz,move
data/durance1/170710_M03930_0062_000000000-BBHKV/Data/Intensities/BaseCalls/empty-2_S60_L001_R2_001.fastq.gz,consolidated_dataset/durance1/empty-2_S60_L001_R2_001.fastq.gz,move
data/durance1/170710_M03930_0062_000000000-BBHKV/Data/Intensities/BaseCalls/14Ain1014Pt01A_S61_L001_R1_001.fastq.gz,consolidated_dataset/durance1/14Ain1014Pt01A_S61_L001_R1_001.fastq.gz,move
data/durance1/170710_M03930_0062_000000000-BBHKV/Data/Intensities/BaseCalls/14Ain1014Pt01A_S61_L001_R2_001.fastq.gz,consolidated_dataset/durance1/14Ain1014Pt01A_S61_L001_R2_001.fastq.gz,move
data/durance1/170710_M03930_0062_000000000-BBHKV/Data/Intensities/BaseCalls/14Ain1043Pt01A_S62_L001_R1_001.fastq.gz,consolidated_dataset/durance1/14Ain1043Pt01A_S62_L001_R1_001.fastq.gz,move
data/durance1/170710_M03930_0062_000000000-BBHKV/Data/Intensities/BaseCalls/14Ain1043Pt01A_S62_L001_R2_001.fastq.gz,consolidated_dataset/durance1/14Ain1043Pt01A_S62_L001_R2_001.fastq.gz,move
data/durance1/170710_M03930_0062_000000000-BBHKV/Data/Intensities/BaseCalls/15Cab1008Ch01A_S63_L001_R1_001.fastq.gz,consolidated_dataset/durance1/15Cab1008Ch01A_S63_L001_R1_001.fastq.gz,move
data/durance1/170710_M03930_0062_000000000-BBHKV/Data/Intensities/BaseCalls/15Cab1008Ch01A_S63_L001_R2_001.fastq.gz,consolidated_dataset/durance1/15Cab1008Ch01A_S63_L001_R2_001.fastq.gz,move
data/durance1/170710_M03930_0062_000000000-BBHKV/Data/Intensities/BaseCalls/15Cab1016Ch01A_S64_L001_R1_001.fastq.gz,consolidated_dataset/durance1/15Cab1016Ch01A_S64_L001_R1_001.fastq.gz,move
data/durance1/170710_M03930_0062_000000000-BBHKV/Data/Intensities/BaseCalls/15Cab1016Ch01A_S64_L001_R2_001.fastq.gz,consolidated_dataset/durance1/15Cab1016Ch01A_S64_L001_R2_001.fastq.gz,move
data/durance1/170710_M03930_0062_000000000-BBHKV/Data/Intensities/BaseCalls/14Avi1005Cn01A_S65_L001_R1_001.fastq.gz,consolidated_dataset/durance1/14Avi1005Cn01A_S65_L001_R1_001.fastq.gz,move
data/durance1/170710_M03930_0062_000000000-BBHKV/Data/Intensities/BaseCalls/14Avi1005Cn01A_S65_L001_R2_001.fastq.gz,consolidated_dataset/durance1/14Avi1005Cn01A_S65_L001_R2_001.fastq.gz,move
data/durance1/170710_M03930_0062_000000000-BBHKV/Data/Intensities/BaseCalls/14Bue1002Cn01A_S66_L001_R1_001.fastq.gz,consolidated_dataset/durance1/14Bue1002Cn01A_S66_L001_R1_001.fastq.gz,move
data/durance1/170710_M03930_0062_000000000-BBHKV/Data/Intensities/BaseCalls/14Bue1002Cn01A_S66_L001_R2_001.fastq.gz,consolidated_dataset/durance1/14Bue1002Cn01A_S66_L001_R2_001.fastq.gz,move
data/durance1/170710_M03930_0062_000000000-BBHKV/Data/Intensities/BaseCalls/14Bue1012Ch01A_S67_L001_R1_001.fastq.gz,consolidated_dataset/durance1/14Bue1012Ch01A_S67_L001_R1_001.fastq.gz,move
data/durance1/170710_M03930_0062_000000000-BBHKV/Data/Intensities/BaseCalls/14Bue1012Ch01A_S67_L001_R2_001.fastq.gz,consolidated_dataset/durance1/14Bue1012Ch01A_S67_L001_R2_001.fastq.gz,move
data/durance1/170710_M03930_0062_000000000-BBHKV/Data/Intensities/BaseCalls/14Man1001Cn01A_S68_L001_R1_001.fastq.gz,consolidated_dataset/durance1/14Man1001Cn01A_S68_L001_R1_001.fastq.gz,move
data/durance1/170710_M03930_0062_000000000-BBHKV/Data/Intensities/BaseCalls/14Man1001Cn01A_S68_L001_R2_001.fastq.gz,consolidated_dataset/durance1/14Man1001Cn01A_S68_L001_R2_001.fastq.gz,move
data/durance1/170710_M03930_0062_000000000-BBHKV/Data/Intensities/BaseCalls/14Man1016Ch01A_S69_L001_R1_001.fastq.gz,consolidated_dataset/durance1/14Man1016Ch01A_S69_L001_R1_001.fastq.gz,move
data/durance1/170710_M03930_0062_000000000-BBHKV/Data/Intensities/BaseCalls/14Man1016Ch01A_S69_L001_R2_001.fastq.gz,consolidated_dataset/durance1/14Man1016Ch01A_S69_L001_R2_001.fastq.gz,move
data/durance1/170710_M03930_0062_000000000-BBHKV/Data/Intensities/BaseCalls/14per1012Ch01A_S70_L001_R1_001.fastq.gz,consolidated_dataset/durance1/14per1012Ch01A_S70_L001_R1_001.fastq.gz,move
data/durance1/170710_M03930_0062_000000000-BBHKV/Data/Intensities/BaseCalls/14per1012Ch01A_S70_L001_R2_001.fastq.gz,consolidated_dataset/durance1/14per1012Ch01A_S70_L001_R2_001.fastq.gz,move
data/durance1/170710_M03930_0062_000000000-BBHKV/Data/Intensities/BaseCalls/Blanc-Caudal_S71_L001_R1_001.fastq.gz,consolidated_dataset/durance1/Blanc-Caudal_S71_L001_R1_001.fastq.gz,move
data/durance1/170710_M03930_0062_000000000-BBHKV/Data/Intensities/BaseCalls/Blanc-Caudal_S71_L001_R2_001.fastq.gz,consolidated_dataset/durance1/Blanc-Caudal_S71_L001_R2_001.fastq.gz,move
data/durance1/170710_M03930_0062_000000000-BBHKV/Data/Intensities/BaseCalls/empty-3_S72_L001_R1_001.fastq.gz,consolidated_dataset/durance1/empty-3_S72_L001_R1_001.fastq.gz,move
data/durance1/170710_M03930_0062_000000000-BBHKV/Data/Intensities/BaseCalls/empty-3_S72_L001_R2_001.fastq.gz,consolidated_dataset/durance1/empty-3_S72_L001_R2_001.fastq.gz,move
data/durance1/170710_M03930_0062_000000000-BBHKV/Data/Intensities/BaseCalls/14Ain1036Cn01A_S73_L001_R1_001.fastq.gz,consolidated_dataset/durance1/14Ain1036Cn01A_S73_L001_R1_001.fastq.gz,move
data/durance1/170710_M03930_0062_000000000-BBHKV/Data/Intensities/BaseCalls/14Ain1036Cn01A_S73_L001_R2_001.fastq.gz,consolidated_dataset/durance1/14Ain1036Cn01A_S73_L001_R2_001.fastq.gz,move
data/durance1/170710_M03930_0062_000000000-BBHKV/Data/Intensities/BaseCalls/15Cab1001Ch01A_S74_L001_R1_001.fastq.gz,consolidated_dataset/durance1/15Cab1001Ch01A_S74_L001_R1_001.fastq.gz,move
data/durance1/170710_M03930_0062_000000000-BBHKV/Data/Intensities/BaseCalls/15Cab1001Ch01A_S74_L001_R2_001.fastq.gz,consolidated_dataset/durance1/15Cab1001Ch01A_S74_L001_R2_001.fastq.gz,move
data/durance1/170710_M03930_0062_000000000-BBHKV/Data/Intensities/BaseCalls/15Cab1009Ch01A_S75_L001_R1_001.fastq.gz,consolidated_dataset/durance1/15Cab1009Ch01A_S75_L001_R1_001.fastq.gz,move
data/durance1/170710_M03930_0062_000000000-BBHKV/Data/Intensities/BaseCalls/15Cab1009Ch01A_S75_L001_R2_001.fastq.gz,consolidated_dataset/durance1/15Cab1009Ch01A_S75_L001_R2_001.fastq.gz,move
data/durance1/170710_M03930_0062_000000000-BBHKV/Data/Intensities/BaseCalls/15Cab1017Ch01A_S76_L001_R1_001.fastq.gz,consolidated_dataset/durance1/15Cab1017Ch01A_S76_L001_R1_001.fastq.gz,move
data/durance1/170710_M03930_0062_000000000-BBHKV/Data/Intensities/BaseCalls/15Cab1017Ch01A_S76_L001_R2_001.fastq.gz,consolidated_dataset/durance1/15Cab1017Ch01A_S76_L001_R2_001.fastq.gz,move
data/durance1/170710_M03930_0062_000000000-BBHKV/Data/Intensities/BaseCalls/14Avi1006Cn01A_S77_L001_R1_001.fastq.gz,consolidated_dataset/durance1/14Avi1006Cn01A_S77_L001_R1_001.fastq.gz,move
data/durance1/170710_M03930_0062_000000000-BBHKV/Data/Intensities/BaseCalls/14Avi1006Cn01A_S77_L001_R2_001.fastq.gz,consolidated_dataset/durance1/14Avi1006Cn01A_S77_L001_R2_001.fastq.gz,move
data/durance1/170710_M03930_0062_000000000-BBHKV/Data/Intensities/BaseCalls/14Bue1003Cn01A_S78_L001_R1_001.fastq.gz,consolidated_dataset/durance1/14Bue1003Cn01A_S78_L001_R1_001.fastq.gz,move
data/durance1/170710_M03930_0062_000000000-BBHKV/Data/Intensities/BaseCalls/14Bue1003Cn01A_S78_L001_R2_001.fastq.gz,consolidated_dataset/durance1/14Bue1003Cn01A_S78_L001_R2_001.fastq.gz,move
data/durance1/170710_M03930_0062_000000000-BBHKV/Data/Intensities/BaseCalls/14Bue1013Ch01A_S79_L001_R1_001.fastq.gz,consolidated_dataset/durance1/14Bue1013Ch01A_S79_L001_R1_001.fastq.gz,move
data/durance1/170710_M03930_0062_000000000-BBHKV/Data/Intensities/BaseCalls/14Bue1013Ch01A_S79_L001_R2_001.fastq.gz,consolidated_dataset/durance1/14Bue1013Ch01A_S79_L001_R2_001.fastq.gz,move
data/durance1/170710_M03930_0062_000000000-BBHKV/Data/Intensities/BaseCalls/14Man1002Cn01A_S80_L001_R1_001.fastq.gz,consolidated_dataset/durance1/14Man1002Cn01A_S80_L001_R1_001.fastq.gz,move
data/durance1/170710_M03930_0062_000000000-BBHKV/Data/Intensities/BaseCalls/14Man1002Cn01A_S80_L001_R2_001.fastq.gz,consolidated_dataset/durance1/14Man1002Cn01A_S80_L001_R2_001.fastq.gz,move
data/durance1/170710_M03930_0062_000000000-BBHKV/Data/Intensities/BaseCalls/14Man1017Ch01A_S81_L001_R1_001.fastq.gz,consolidated_dataset/durance1/14Man1017Ch01A_S81_L001_R1_001.fastq.gz,move
data/durance1/170710_M03930_0062_000000000-BBHKV/Data/Intensities/BaseCalls/14Man1017Ch01A_S81_L001_R2_001.fastq.gz,consolidated_dataset/durance1/14Man1017Ch01A_S81_L001_R2_001.fastq.gz,move
data/durance1/170710_M03930_0062_000000000-BBHKV/Data/Intensities/BaseCalls/14per1013Ch01A_S82_L001_R1_001.fastq.gz,consolidated_dataset/durance1/14per1013Ch01A_S82_L001_R1_001.fastq.gz,move
data/durance1/170710_M03930_0062_000000000-BBHKV/Data/Intensities/BaseCalls/14per1013Ch01A_S82_L001_R2_001.fastq.gz,consolidated_dataset/durance1/14per1013Ch01A_S82_L001_R2_001.fastq.gz,move
data/durance1/170710_M03930_0062_000000000-BBHKV/Data/Intensities/BaseCalls/15Cab1021Ch01A_S83_L001_R1_001.fastq.gz,consolidated_dataset/durance1/15Cab1021Ch01A_S83_L001_R1_001.fastq.gz,move
data/durance1/170710_M03930_0062_000000000-BBHKV/Data/Intensities/BaseCalls/15Cab1021Ch01A_S83_L001_R2_001.fastq.gz,consolidated_dataset/durance1/15Cab1021Ch01A_S83_L001_R2_001.fastq.gz,move
data/durance1/170710_M03930_0062_000000000-BBHKV/Data/Intensities/BaseCalls/empty-4_S84_L001_R1_001.fastq.gz,consolidated_dataset/durance1/empty-4_S84_L001_R1_001.fastq.gz,move
data/durance1/170710_M03930_0062_000000000-BBHKV/Data/Intensities/BaseCalls/empty-4_S84_L001_R2_001.fastq.gz,consolidated_dataset/durance1/empty-4_S84_L001_R2_001.fastq.gz,move
data/durance1/170710_M03930_0062_000000000-BBHKV/Data/Intensities/BaseCalls/14Ain1037Cn01A_S85_L001_R1_001.fastq.gz,consolidated_dataset/durance1/14Ain1037Cn01A_S85_L001_R1_001.fastq.gz,move
data/durance1/170710_M03930_0062_000000000-BBHKV/Data/Intensities/BaseCalls/14Ain1037Cn01A_S85_L001_R2_001.fastq.gz,consolidated_dataset/durance1/14Ain1037Cn01A_S85_L001_R2_001.fastq.gz,move
data/durance1/170710_M03930_0062_000000000-BBHKV/Data/Intensities/BaseCalls/15Cab1002Ch01A_S86_L001_R1_001.fastq.gz,consolidated_dataset/durance1/15Cab1002Ch01A_S86_L001_R1_001.fastq.gz,move
data/durance1/170710_M03930_0062_000000000-BBHKV/Data/Intensities/BaseCalls/15Cab1002Ch01A_S86_L001_R2_001.fastq.gz,consolidated_dataset/durance1/15Cab1002Ch01A_S86_L001_R2_001.fastq.gz,move
data/durance1/170710_M03930_0062_000000000-BBHKV/Data/Intensities/BaseCalls/15Cab1010Ch01A_S87_L001_R1_001.fastq.gz,consolidated_dataset/durance1/15Cab1010Ch01A_S87_L001_R1_001.fastq.gz,move
data/durance1/170710_M03930_0062_000000000-BBHKV/Data/Intensities/BaseCalls/15Cab1010Ch01A_S87_L001_R2_001.fastq.gz,consolidated_dataset/durance1/15Cab1010Ch01A_S87_L001_R2_001.fastq.gz,move
data/durance1/170710_M03930_0062_000000000-BBHKV/Data/Intensities/BaseCalls/15Cab1018Ch01A_S88_L001_R1_001.fastq.gz,consolidated_dataset/durance1/15Cab1018Ch01A_S88_L001_R1_001.fastq.gz,move
data/durance1/170710_M03930_0062_000000000-BBHKV/Data/Intensities/BaseCalls/15Cab1018Ch01A_S88_L001_R2_001.fastq.gz,consolidated_dataset/durance1/15Cab1018Ch01A_S88_L001_R2_001.fastq.gz,move
data/durance1/170710_M03930_0062_000000000-BBHKV/Data/Intensities/BaseCalls/14Avi1007Cn01A_S89_L001_R1_001.fastq.gz,consolidated_dataset/durance1/14Avi1007Cn01A_S89_L001_R1_001.fastq.gz,move
data/durance1/170710_M03930_0062_000000000-BBHKV/Data/Intensities/BaseCalls/14Avi1007Cn01A_S89_L001_R2_001.fastq.gz,consolidated_dataset/durance1/14Avi1007Cn01A_S89_L001_R2_001.fastq.gz,move
data/durance1/170710_M03930_0062_000000000-BBHKV/Data/Intensities/BaseCalls/14Bue1004Cn01A_S90_L001_R1_001.fastq.gz,consolidated_dataset/durance1/14Bue1004Cn01A_S90_L001_R1_001.fastq.gz,move
data/durance1/170710_M03930_0062_000000000-BBHKV/Data/Intensities/BaseCalls/14Bue1004Cn01A_S90_L001_R2_001.fastq.gz,consolidated_dataset/durance1/14Bue1004Cn01A_S90_L001_R2_001.fastq.gz,move
data/durance1/170710_M03930_0062_000000000-BBHKV/Data/Intensities/BaseCalls/14Bue1014Ch01A_S91_L001_R1_001.fastq.gz,consolidated_dataset/durance1/14Bue1014Ch01A_S91_L001_R1_001.fastq.gz,move
data/durance1/170710_M03930_0062_000000000-BBHKV/Data/Intensities/BaseCalls/14Bue1014Ch01A_S91_L001_R2_001.fastq.gz,consolidated_dataset/durance1/14Bue1014Ch01A_S91_L001_R2_001.fastq.gz,move
data/durance1/170710_M03930_0062_000000000-BBHKV/Data/Intensities/BaseCalls/14Man1010Cn01A_S92_L001_R1_001.fastq.gz,consolidated_dataset/durance1/14Man1010Cn01A_S92_L001_R1_001.fastq.gz,move
data/durance1/170710_M03930_0062_000000000-BBHKV/Data/Intensities/BaseCalls/14Man1010Cn01A_S92_L001_R2_001.fastq.gz,consolidated_dataset/durance1/14Man1010Cn01A_S92_L001_R2_001.fastq.gz,move
data/durance1/170710_M03930_0062_000000000-BBHKV/Data/Intensities/BaseCalls/14Man1018Ch01A_S93_L001_R1_001.fastq.gz,consolidated_dataset/durance1/14Man1018Ch01A_S93_L001_R1_001.fastq.gz,move
data/durance1/170710_M03930_0062_000000000-BBHKV/Data/Intensities/BaseCalls/14Man1018Ch01A_S93_L001_R2_001.fastq.gz,consolidated_dataset/durance1/14Man1018Ch01A_S93_L001_R2_001.fastq.gz,move
data/durance1/170710_M03930_0062_000000000-BBHKV/Data/Intensities/BaseCalls/14per1014Ch01A_S94_L001_R1_001.fastq.gz,consolidated_dataset/durance1/14per1014Ch01A_S94_L001_R1_001.fastq.gz,move
data/durance1/170710_M03930_0062_000000000-BBHKV/Data/Intensities/BaseCalls/14per1014Ch01A_S94_L001_R2_001.fastq.gz,consolidated_dataset/durance1/14per1014Ch01A_S94_L001_R2_001.fastq.gz,move
data/durance1/170710_M03930_0062_000000000-BBHKV/Data/Intensities/BaseCalls/15Cab1022Ch01A_S95_L001_R1_001.fastq.gz,consolidated_dataset/durance1/15Cab1022Ch01A_S95_L001_R1_001.fastq.gz,move
data/durance1/170710_M03930_0062_000000000-BBHKV/Data/Intensities/BaseCalls/15Cab1022Ch01A_S95_L001_R2_001.fastq.gz,consolidated_dataset/durance1/15Cab1022Ch01A_S95_L001_R2_001.fastq.gz,move
data/durance1/170710_M03930_0062_000000000-BBHKV/Data/Intensities/BaseCalls/empty-5_S96_L001_R1_001.fastq.gz,consolidated_dataset/durance1/empty-5_S96_L001_R1_001.fastq.gz,move
data/durance1/170710_M03930_0062_000000000-BBHKV/Data/Intensities/BaseCalls/empty-5_S96_L001_R2_001.fastq.gz,consolidated_dataset/durance1/empty-5_S96_L001_R2_001.fastq.gz,move
data/durance1/170710_M03930_0062_000000000-BBHKV/Data/Intensities/BaseCalls/15Bau1001Ch01A_S97_L001_R1_001.fastq.gz,consolidated_dataset/durance1/15Bau1001Ch01A_S97_L001_R1_001.fastq.gz,move
data/durance1/170710_M03930_0062_000000000-BBHKV/Data/Intensities/BaseCalls/15Bau1001Ch01A_S97_L001_R2_001.fastq.gz,consolidated_dataset/durance1/15Bau1001Ch01A_S97_L001_R2_001.fastq.gz,move
data/durance1/170710_M03930_0062_000000000-BBHKV/Data/Intensities/BaseCalls/15Bau1009Ch01A_S98_L001_R1_001.fastq.gz,consolidated_dataset/durance1/15Bau1009Ch01A_S98_L001_R1_001.fastq.gz,move
data/durance1/170710_M03930_0062_000000000-BBHKV/Data/Intensities/BaseCalls/15Bau1009Ch01A_S98_L001_R2_001.fastq.gz,consolidated_dataset/durance1/15Bau1009Ch01A_S98_L001_R2_001.fastq.gz,move
data/durance1/170710_M03930_0062_000000000-BBHKV/Data/Intensities/BaseCalls/15Bau1017Ch01A_S99_L001_R1_001.fastq.gz,consolidated_dataset/durance1/15Bau1017Ch01A_S99_L001_R1_001.fastq.gz,move
data/durance1/170710_M03930_0062_000000000-BBHKV/Data/Intensities/BaseCalls/15Bau1017Ch01A_S99_L001_R2_001.fastq.gz,consolidated_dataset/durance1/15Bau1017Ch01A_S99_L001_R2_001.fastq.gz,move
data/durance1/170710_M03930_0062_000000000-BBHKV/Data/Intensities/BaseCalls/15Bau1025Ch01A_S100_L001_R1_001.fastq.gz,consolidated_dataset/durance1/15Bau1025Ch01A_S100_L001_R1_001.fastq.gz,move
data/durance1/170710_M03930_0062_000000000-BBHKV/Data/Intensities/BaseCalls/15Bau1025Ch01A_S100_L001_R2_001.fastq.gz,consolidated_dataset/durance1/15Bau1025Ch01A_S100_L001_R2_001.fastq.gz,move
data/durance1/170710_M03930_0062_000000000-BBHKV/Data/Intensities/BaseCalls/15Jus1008Ch01A_S101_L001_R1_001.fastq.gz,consolidated_dataset/durance1/15Jus1008Ch01A_S101_L001_R1_001.fastq.gz,move
data/durance1/170710_M03930_0062_000000000-BBHKV/Data/Intensities/BaseCalls/15Jus1008Ch01A_S101_L001_R2_001.fastq.gz,consolidated_dataset/durance1/15Jus1008Ch01A_S101_L001_R2_001.fastq.gz,move
data/durance1/170710_M03930_0062_000000000-BBHKV/Data/Intensities/BaseCalls/15Jus1016Ch01A_S102_L001_R1_001.fastq.gz,consolidated_dataset/durance1/15Jus1016Ch01A_S102_L001_R1_001.fastq.gz,move
data/durance1/170710_M03930_0062_000000000-BBHKV/Data/Intensities/BaseCalls/15Jus1016Ch01A_S102_L001_R2_001.fastq.gz,consolidated_dataset/durance1/15Jus1016Ch01A_S102_L001_R2_001.fastq.gz,move
data/durance1/170710_M03930_0062_000000000-BBHKV/Data/Intensities/BaseCalls/15Caa1005Ch01A_S103_L001_R1_001.fastq.gz,consolidated_dataset/durance1/15Caa1005Ch01A_S103_L001_R1_001.fastq.gz,move
data/durance1/170710_M03930_0062_000000000-BBHKV/Data/Intensities/BaseCalls/15Caa1005Ch01A_S103_L001_R2_001.fastq.gz,consolidated_dataset/durance1/15Caa1005Ch01A_S103_L001_R2_001.fastq.gz,move
data/durance1/170710_M03930_0062_000000000-BBHKV/Data/Intensities/BaseCalls/15Caa1013Ch01A_S104_L001_R1_001.fastq.gz,consolidated_dataset/durance1/15Caa1013Ch01A_S104_L001_R1_001.fastq.gz,move
data/durance1/170710_M03930_0062_000000000-BBHKV/Data/Intensities/BaseCalls/15Caa1013Ch01A_S104_L001_R2_001.fastq.gz,consolidated_dataset/durance1/15Caa1013Ch01A_S104_L001_R2_001.fastq.gz,move
data/durance1/170710_M03930_0062_000000000-BBHKV/Data/Intensities/BaseCalls/15Avi1001Cn01A_S105_L001_R1_001.fastq.gz,consolidated_dataset/durance1/15Avi1001Cn01A_S105_L001_R1_001.fastq.gz,move
data/durance1/170710_M03930_0062_000000000-BBHKV/Data/Intensities/BaseCalls/15Avi1001Cn01A_S105_L001_R2_001.fastq.gz,consolidated_dataset/durance1/15Avi1001Cn01A_S105_L001_R2_001.fastq.gz,move
data/durance1/170710_M03930_0062_000000000-BBHKV/Data/Intensities/BaseCalls/15Avi1009Cn01A_S106_L001_R1_001.fastq.gz,consolidated_dataset/durance1/15Avi1009Cn01A_S106_L001_R1_001.fastq.gz,move
data/durance1/170710_M03930_0062_000000000-BBHKV/Data/Intensities/BaseCalls/15Avi1009Cn01A_S106_L001_R2_001.fastq.gz,consolidated_dataset/durance1/15Avi1009Cn01A_S106_L001_R2_001.fastq.gz,move
data/durance1/170710_M03930_0062_000000000-BBHKV/Data/Intensities/BaseCalls/15Bue1004Ch01A_S107_L001_R1_001.fastq.gz,consolidated_dataset/durance1/15Bue1004Ch01A_S107_L001_R1_001.fastq.gz,move
data/durance1/170710_M03930_0062_000000000-BBHKV/Data/Intensities/BaseCalls/15Bue1004Ch01A_S107_L001_R2_001.fastq.gz,consolidated_dataset/durance1/15Bue1004Ch01A_S107_L001_R2_001.fastq.gz,move
data/durance1/170710_M03930_0062_000000000-BBHKV/Data/Intensities/BaseCalls/15Bue1012Ch01A_S108_L001_R1_001.fastq.gz,consolidated_dataset/durance1/15Bue1012Ch01A_S108_L001_R1_001.fastq.gz,move
data/durance1/170710_M03930_0062_000000000-BBHKV/Data/Intensities/BaseCalls/15Bue1012Ch01A_S108_L001_R2_001.fastq.gz,consolidated_dataset/durance1/15Bue1012Ch01A_S108_L001_R2_001.fastq.gz,move
data/durance1/170710_M03930_0062_000000000-BBHKV/Data/Intensities/BaseCalls/15Bau1002Ch01A_S109_L001_R1_001.fastq.gz,consolidated_dataset/durance1/15Bau1002Ch01A_S109_L001_R1_001.fastq.gz,move
data/durance1/170710_M03930_0062_000000000-BBHKV/Data/Intensities/BaseCalls/15Bau1002Ch01A_S109_L001_R2_001.fastq.gz,consolidated_dataset/durance1/15Bau1002Ch01A_S109_L001_R2_001.fastq.gz,move
data/durance1/170710_M03930_0062_000000000-BBHKV/Data/Intensities/BaseCalls/15Bau1010Ch01A_S110_L001_R1_001.fastq.gz,consolidated_dataset/durance1/15Bau1010Ch01A_S110_L001_R1_001.fastq.gz,move
data/durance1/170710_M03930_0062_000000000-BBHKV/Data/Intensities/BaseCalls/15Bau1010Ch01A_S110_L001_R2_001.fastq.gz,consolidated_dataset/durance1/15Bau1010Ch01A_S110_L001_R2_001.fastq.gz,move
data/durance1/170710_M03930_0062_000000000-BBHKV/Data/Intensities/BaseCalls/15Bau1018Ch01A_S111_L001_R1_001.fastq.gz,consolidated_dataset/durance1/15Bau1018Ch01A_S111_L001_R1_001.fastq.gz,move
data/durance1/170710_M03930_0062_000000000-BBHKV/Data/Intensities/BaseCalls/15Bau1018Ch01A_S111_L001_R2_001.fastq.gz,consolidated_dataset/durance1/15Bau1018Ch01A_S111_L001_R2_001.fastq.gz,move
data/durance1/170710_M03930_0062_000000000-BBHKV/Data/Intensities/BaseCalls/15Jus1001Ch01A_S112_L001_R1_001.fastq.gz,consolidated_dataset/durance1/15Jus1001Ch01A_S112_L001_R1_001.fastq.gz,move
data/durance1/170710_M03930_0062_000000000-BBHKV/Data/Intensities/BaseCalls/15Jus1001Ch01A_S112_L001_R2_001.fastq.gz,consolidated_dataset/durance1/15Jus1001Ch01A_S112_L001_R2_001.fastq.gz,move
data/durance1/170710_M03930_0062_000000000-BBHKV/Data/Intensities/BaseCalls/15Jus1009Ch01A_S113_L001_R1_001.fastq.gz,consolidated_dataset/durance1/15Jus1009Ch01A_S113_L001_R1_001.fastq.gz,move
data/durance1/170710_M03930_0062_000000000-BBHKV/Data/Intensities/BaseCalls/15Jus1009Ch01A_S113_L001_R2_001.fastq.gz,consolidated_dataset/durance1/15Jus1009Ch01A_S113_L001_R2_001.fastq.gz,move
data/durance1/170710_M03930_0062_000000000-BBHKV/Data/Intensities/BaseCalls/15Jus1017Ch01A_S114_L001_R1_001.fastq.gz,consolidated_dataset/durance1/15Jus1017Ch01A_S114_L001_R1_001.fastq.gz,move
data/durance1/170710_M03930_0062_000000000-BBHKV/Data/Intensities/BaseCalls/15Jus1017Ch01A_S114_L001_R2_001.fastq.gz,consolidated_dataset/durance1/15Jus1017Ch01A_S114_L001_R2_001.fastq.gz,move
data/durance1/170710_M03930_0062_000000000-BBHKV/Data/Intensities/BaseCalls/15Caa1006Ch01A_S115_L001_R1_001.fastq.gz,consolidated_dataset/durance1/15Caa1006Ch01A_S115_L001_R1_001.fastq.gz,move
data/durance1/170710_M03930_0062_000000000-BBHKV/Data/Intensities/BaseCalls/15Caa1006Ch01A_S115_L001_R2_001.fastq.gz,consolidated_dataset/durance1/15Caa1006Ch01A_S115_L001_R2_001.fastq.gz,move
data/durance1/170710_M03930_0062_000000000-BBHKV/Data/Intensities/BaseCalls/15Caa1014Ch01A_S116_L001_R1_001.fastq.gz,consolidated_dataset/durance1/15Caa1014Ch01A_S116_L001_R1_001.fastq.gz,move
data/durance1/170710_M03930_0062_000000000-BBHKV/Data/Intensities/BaseCalls/15Caa1014Ch01A_S116_L001_R2_001.fastq.gz,consolidated_dataset/durance1/15Caa1014Ch01A_S116_L001_R2_001.fastq.gz,move
data/durance1/170710_M03930_0062_000000000-BBHKV/Data/Intensities/BaseCalls/15Avi1002Cn01A_S117_L001_R1_001.fastq.gz,consolidated_dataset/durance1/15Avi1002Cn01A_S117_L001_R1_001.fastq.gz,move
data/durance1/170710_M03930_0062_000000000-BBHKV/Data/Intensities/BaseCalls/15Avi1002Cn01A_S117_L001_R2_001.fastq.gz,consolidated_dataset/durance1/15Avi1002Cn01A_S117_L001_R2_001.fastq.gz,move
data/durance1/170710_M03930_0062_000000000-BBHKV/Data/Intensities/BaseCalls/15Avi1010Cn01A_S118_L001_R1_001.fastq.gz,consolidated_dataset/durance1/15Avi1010Cn01A_S118_L001_R1_001.fastq.gz,move
data/durance1/170710_M03930_0062_000000000-BBHKV/Data/Intensities/BaseCalls/15Avi1010Cn01A_S118_L001_R2_001.fastq.gz,consolidated_dataset/durance1/15Avi1010Cn01A_S118_L001_R2_001.fastq.gz,move
data/durance1/170710_M03930_0062_000000000-BBHKV/Data/Intensities/BaseCalls/15Bue1005Ch01A_S119_L001_R1_001.fastq.gz,consolidated_dataset/durance1/15Bue1005Ch01A_S119_L001_R1_001.fastq.gz,move
data/durance1/170710_M03930_0062_000000000-BBHKV/Data/Intensities/BaseCalls/15Bue1005Ch01A_S119_L001_R2_001.fastq.gz,consolidated_dataset/durance1/15Bue1005Ch01A_S119_L001_R2_001.fastq.gz,move
data/durance1/170710_M03930_0062_000000000-BBHKV/Data/Intensities/BaseCalls/15Bue1013Ch01A_S120_L001_R1_001.fastq.gz,consolidated_dataset/durance1/15Bue1013Ch01A_S120_L001_R1_001.fastq.gz,move
data/durance1/170710_M03930_0062_000000000-BBHKV/Data/Intensities/BaseCalls/15Bue1013Ch01A_S120_L001_R2_001.fastq.gz,consolidated_dataset/durance1/15Bue1013Ch01A_S120_L001_R2_001.fastq.gz,move
data/durance1/170710_M03930_0062_000000000-BBHKV/Data/Intensities/BaseCalls/15Bau1003Ch01A_S121_L001_R1_001.fastq.gz,consolidated_dataset/durance1/15Bau1003Ch01A_S121_L001_R1_001.fastq.gz,move
data/durance1/170710_M03930_0062_000000000-BBHKV/Data/Intensities/BaseCalls/15Bau1003Ch01A_S121_L001_R2_001.fastq.gz,consolidated_dataset/durance1/15Bau1003Ch01A_S121_L001_R2_001.fastq.gz,move
data/durance1/170710_M03930_0062_000000000-BBHKV/Data/Intensities/BaseCalls/15Bau1011Ch01A_S122_L001_R1_001.fastq.gz,consolidated_dataset/durance1/15Bau1011Ch01A_S122_L001_R1_001.fastq.gz,move
data/durance1/170710_M03930_0062_000000000-BBHKV/Data/Intensities/BaseCalls/15Bau1011Ch01A_S122_L001_R2_001.fastq.gz,consolidated_dataset/durance1/15Bau1011Ch01A_S122_L001_R2_001.fastq.gz,move
data/durance1/170710_M03930_0062_000000000-BBHKV/Data/Intensities/BaseCalls/15Bau1019Ch01A_S123_L001_R1_001.fastq.gz,consolidated_dataset/durance1/15Bau1019Ch01A_S123_L001_R1_001.fastq.gz,move
data/durance1/170710_M03930_0062_000000000-BBHKV/Data/Intensities/BaseCalls/15Bau1019Ch01A_S123_L001_R2_001.fastq.gz,consolidated_dataset/durance1/15Bau1019Ch01A_S123_L001_R2_001.fastq.gz,move
data/durance1/170710_M03930_0062_000000000-BBHKV/Data/Intensities/BaseCalls/15Jus1002Ch01A_S124_L001_R1_001.fastq.gz,consolidated_dataset/durance1/15Jus1002Ch01A_S124_L001_R1_001.fastq.gz,move
data/durance1/170710_M03930_0062_000000000-BBHKV/Data/Intensities/BaseCalls/15Jus1002Ch01A_S124_L001_R2_001.fastq.gz,consolidated_dataset/durance1/15Jus1002Ch01A_S124_L001_R2_001.fastq.gz,move
data/durance1/170710_M03930_0062_000000000-BBHKV/Data/Intensities/BaseCalls/15Jus1010Ch01A_S125_L001_R1_001.fastq.gz,consolidated_dataset/durance1/15Jus1010Ch01A_S125_L001_R1_001.fastq.gz,move
data/durance1/170710_M03930_0062_000000000-BBHKV/Data/Intensities/BaseCalls/15Jus1010Ch01A_S125_L001_R2_001.fastq.gz,consolidated_dataset/durance1/15Jus1010Ch01A_S125_L001_R2_001.fastq.gz,move
data/durance1/170710_M03930_0062_000000000-BBHKV/Data/Intensities/BaseCalls/15Jus1018Ch01A_S126_L001_R1_001.fastq.gz,consolidated_dataset/durance1/15Jus1018Ch01A_S126_L001_R1_001.fastq.gz,move
data/durance1/170710_M03930_0062_000000000-BBHKV/Data/Intensities/BaseCalls/15Jus1018Ch01A_S126_L001_R2_001.fastq.gz,consolidated_dataset/durance1/15Jus1018Ch01A_S126_L001_R2_001.fastq.gz,move
data/durance1/170710_M03930_0062_000000000-BBHKV/Data/Intensities/BaseCalls/15Caa1007Ch01A_S127_L001_R1_001.fastq.gz,consolidated_dataset/durance1/15Caa1007Ch01A_S127_L001_R1_001.fastq.gz,move
data/durance1/170710_M03930_0062_000000000-BBHKV/Data/Intensities/BaseCalls/15Caa1007Ch01A_S127_L001_R2_001.fastq.gz,consolidated_dataset/durance1/15Caa1007Ch01A_S127_L001_R2_001.fastq.gz,move
data/durance1/170710_M03930_0062_000000000-BBHKV/Data/Intensities/BaseCalls/15Caa1015Ch01A_S128_L001_R1_001.fastq.gz,consolidated_dataset/durance1/15Caa1015Ch01A_S128_L001_R1_001.fastq.gz,move
data/durance1/170710_M03930_0062_000000000-BBHKV/Data/Intensities/BaseCalls/15Caa1015Ch01A_S128_L001_R2_001.fastq.gz,consolidated_dataset/durance1/15Caa1015Ch01A_S128_L001_R2_001.fastq.gz,move
data/durance1/170710_M03930_0062_000000000-BBHKV/Data/Intensities/BaseCalls/15Avi1003Cn01A_S129_L001_R1_001.fastq.gz,consolidated_dataset/durance1/15Avi1003Cn01A_S129_L001_R1_001.fastq.gz,move
data/durance1/170710_M03930_0062_000000000-BBHKV/Data/Intensities/BaseCalls/15Avi1003Cn01A_S129_L001_R2_001.fastq.gz,consolidated_dataset/durance1/15Avi1003Cn01A_S129_L001_R2_001.fastq.gz,move
data/durance1/170710_M03930_0062_000000000-BBHKV/Data/Intensities/BaseCalls/15Avi1011Cn01A_S130_L001_R1_001.fastq.gz,consolidated_dataset/durance1/15Avi1011Cn01A_S130_L001_R1_001.fastq.gz,move
data/durance1/170710_M03930_0062_000000000-BBHKV/Data/Intensities/BaseCalls/15Avi1011Cn01A_S130_L001_R2_001.fastq.gz,consolidated_dataset/durance1/15Avi1011Cn01A_S130_L001_R2_001.fastq.gz,move
data/durance1/170710_M03930_0062_000000000-BBHKV/Data/Intensities/BaseCalls/15Bue1006Ch01A_S131_L001_R1_001.fastq.gz,consolidated_dataset/durance1/15Bue1006Ch01A_S131_L001_R1_001.fastq.gz,move
data/durance1/170710_M03930_0062_000000000-BBHKV/Data/Intensities/BaseCalls/15Bue1006Ch01A_S131_L001_R2_001.fastq.gz,consolidated_dataset/durance1/15Bue1006Ch01A_S131_L001_R2_001.fastq.gz,move
data/durance1/170710_M03930_0062_000000000-BBHKV/Data/Intensities/BaseCalls/15Bue1014Ch01A_S132_L001_R1_001.fastq.gz,consolidated_dataset/durance1/15Bue1014Ch01A_S132_L001_R1_001.fastq.gz,move
data/durance1/170710_M03930_0062_000000000-BBHKV/Data/Intensities/BaseCalls/15Bue1014Ch01A_S132_L001_R2_001.fastq.gz,consolidated_dataset/durance1/15Bue1014Ch01A_S132_L001_R2_001.fastq.gz,move
data/durance1/170710_M03930_0062_000000000-BBHKV/Data/Intensities/BaseCalls/15Bau1004Ch01A_S133_L001_R1_001.fastq.gz,consolidated_dataset/durance1/15Bau1004Ch01A_S133_L001_R1_001.fastq.gz,move
data/durance1/170710_M03930_0062_000000000-BBHKV/Data/Intensities/BaseCalls/15Bau1004Ch01A_S133_L001_R2_001.fastq.gz,consolidated_dataset/durance1/15Bau1004Ch01A_S133_L001_R2_001.fastq.gz,move
data/durance1/170710_M03930_0062_000000000-BBHKV/Data/Intensities/BaseCalls/15Bau1012Ch01A_S134_L001_R1_001.fastq.gz,consolidated_dataset/durance1/15Bau1012Ch01A_S134_L001_R1_001.fastq.gz,move
data/durance1/170710_M03930_0062_000000000-BBHKV/Data/Intensities/BaseCalls/15Bau1012Ch01A_S134_L001_R2_001.fastq.gz,consolidated_dataset/durance1/15Bau1012Ch01A_S134_L001_R2_001.fastq.gz,move
data/durance1/170710_M03930_0062_000000000-BBHKV/Data/Intensities/BaseCalls/15Bau1020Ch01A_S135_L001_R1_001.fastq.gz,consolidated_dataset/durance1/15Bau1020Ch01A_S135_L001_R1_001.fastq.gz,move
data/durance1/170710_M03930_0062_000000000-BBHKV/Data/Intensities/BaseCalls/15Bau1020Ch01A_S135_L001_R2_001.fastq.gz,consolidated_dataset/durance1/15Bau1020Ch01A_S135_L001_R2_001.fastq.gz,move
data/durance1/170710_M03930_0062_000000000-BBHKV/Data/Intensities/BaseCalls/15Jus1003Ch01A_S136_L001_R1_001.fastq.gz,consolidated_dataset/durance1/15Jus1003Ch01A_S136_L001_R1_001.fastq.gz,move
data/durance1/170710_M03930_0062_000000000-BBHKV/Data/Intensities/BaseCalls/15Jus1003Ch01A_S136_L001_R2_001.fastq.gz,consolidated_dataset/durance1/15Jus1003Ch01A_S136_L001_R2_001.fastq.gz,move
data/durance1/170710_M03930_0062_000000000-BBHKV/Data/Intensities/BaseCalls/15Jus1011Ch01A_S137_L001_R1_001.fastq.gz,consolidated_dataset/durance1/15Jus1011Ch01A_S137_L001_R1_001.fastq.gz,move
data/durance1/170710_M03930_0062_000000000-BBHKV/Data/Intensities/BaseCalls/15Jus1011Ch01A_S137_L001_R2_001.fastq.gz,consolidated_dataset/durance1/15Jus1011Ch01A_S137_L001_R2_001.fastq.gz,move
data/durance1/170710_M03930_0062_000000000-BBHKV/Data/Intensities/BaseCalls/15Jus1019Ch01A_S138_L001_R1_001.fastq.gz,consolidated_dataset/durance1/15Jus1019Ch01A_S138_L001_R1_001.fastq.gz,move
data/durance1/170710_M03930_0062_000000000-BBHKV/Data/Intensities/BaseCalls/15Jus1019Ch01A_S138_L001_R2_001.fastq.gz,consolidated_dataset/durance1/15Jus1019Ch01A_S138_L001_R2_001.fastq.gz,move
data/durance1/170710_M03930_0062_000000000-BBHKV/Data/Intensities/BaseCalls/15Caa1008Ch01A_S139_L001_R1_001.fastq.gz,consolidated_dataset/durance1/15Caa1008Ch01A_S139_L001_R1_001.fastq.gz,move
data/durance1/170710_M03930_0062_000000000-BBHKV/Data/Intensities/BaseCalls/15Caa1008Ch01A_S139_L001_R2_001.fastq.gz,consolidated_dataset/durance1/15Caa1008Ch01A_S139_L001_R2_001.fastq.gz,move
data/durance1/170710_M03930_0062_000000000-BBHKV/Data/Intensities/BaseCalls/15Caa1016Ch01A_S140_L001_R1_001.fastq.gz,consolidated_dataset/durance1/15Caa1016Ch01A_S140_L001_R1_001.fastq.gz,move
data/durance1/170710_M03930_0062_000000000-BBHKV/Data/Intensities/BaseCalls/15Caa1016Ch01A_S140_L001_R2_001.fastq.gz,consolidated_dataset/durance1/15Caa1016Ch01A_S140_L001_R2_001.fastq.gz,move
data/durance1/170710_M03930_0062_000000000-BBHKV/Data/Intensities/BaseCalls/15Avi1004Cn01A_S141_L001_R1_001.fastq.gz,consolidated_dataset/durance1/15Avi1004Cn01A_S141_L001_R1_001.fastq.gz,move
data/durance1/170710_M03930_0062_000000000-BBHKV/Data/Intensities/BaseCalls/15Avi1004Cn01A_S141_L001_R2_001.fastq.gz,consolidated_dataset/durance1/15Avi1004Cn01A_S141_L001_R2_001.fastq.gz,move
data/durance1/170710_M03930_0062_000000000-BBHKV/Data/Intensities/BaseCalls/15Avi1012Pt01A_S142_L001_R1_001.fastq.gz,consolidated_dataset/durance1/15Avi1012Pt01A_S142_L001_R1_001.fastq.gz,move
data/durance1/170710_M03930_0062_000000000-BBHKV/Data/Intensities/BaseCalls/15Avi1012Pt01A_S142_L001_R2_001.fastq.gz,consolidated_dataset/durance1/15Avi1012Pt01A_S142_L001_R2_001.fastq.gz,move
data/durance1/170710_M03930_0062_000000000-BBHKV/Data/Intensities/BaseCalls/15Bue1007Ch01A_S143_L001_R1_001.fastq.gz,consolidated_dataset/durance1/15Bue1007Ch01A_S143_L001_R1_001.fastq.gz,move
data/durance1/170710_M03930_0062_000000000-BBHKV/Data/Intensities/BaseCalls/15Bue1007Ch01A_S143_L001_R2_001.fastq.gz,consolidated_dataset/durance1/15Bue1007Ch01A_S143_L001_R2_001.fastq.gz,move
data/durance1/170710_M03930_0062_000000000-BBHKV/Data/Intensities/BaseCalls/15Bue1015Ch01A_S144_L001_R1_001.fastq.gz,consolidated_dataset/durance1/15Bue1015Ch01A_S144_L001_R1_001.fastq.gz,move
data/durance1/170710_M03930_0062_000000000-BBHKV/Data/Intensities/BaseCalls/15Bue1015Ch01A_S144_L001_R2_001.fastq.gz,consolidated_dataset/durance1/15Bue1015Ch01A_S144_L001_R2_001.fastq.gz,move
data/durance1/170710_M03930_0062_000000000-BBHKV/Data/Intensities/BaseCalls/15Bau1005Ch01A_S145_L001_R1_001.fastq.gz,consolidated_dataset/durance1/15Bau1005Ch01A_S145_L001_R1_001.fastq.gz,move
data/durance1/170710_M03930_0062_000000000-BBHKV/Data/Intensities/BaseCalls/15Bau1005Ch01A_S145_L001_R2_001.fastq.gz,consolidated_dataset/durance1/15Bau1005Ch01A_S145_L001_R2_001.fastq.gz,move
data/durance1/170710_M03930_0062_000000000-BBHKV/Data/Intensities/BaseCalls/15Bau1013Ch01A_S146_L001_R1_001.fastq.gz,consolidated_dataset/durance1/15Bau1013Ch01A_S146_L001_R1_001.fastq.gz,move
data/durance1/170710_M03930_0062_000000000-BBHKV/Data/Intensities/BaseCalls/15Bau1013Ch01A_S146_L001_R2_001.fastq.gz,consolidated_dataset/durance1/15Bau1013Ch01A_S146_L001_R2_001.fastq.gz,move
data/durance1/170710_M03930_0062_000000000-BBHKV/Data/Intensities/BaseCalls/15Bau1021Ch01A_S147_L001_R1_001.fastq.gz,consolidated_dataset/durance1/15Bau1021Ch01A_S147_L001_R1_001.fastq.gz,move
data/durance1/170710_M03930_0062_000000000-BBHKV/Data/Intensities/BaseCalls/15Bau1021Ch01A_S147_L001_R2_001.fastq.gz,consolidated_dataset/durance1/15Bau1021Ch01A_S147_L001_R2_001.fastq.gz,move
data/durance1/170710_M03930_0062_000000000-BBHKV/Data/Intensities/BaseCalls/15Jus1004Ch01A_S148_L001_R1_001.fastq.gz,consolidated_dataset/durance1/15Jus1004Ch01A_S148_L001_R1_001.fastq.gz,move
data/durance1/170710_M03930_0062_000000000-BBHKV/Data/Intensities/BaseCalls/15Jus1004Ch01A_S148_L001_R2_001.fastq.gz,consolidated_dataset/durance1/15Jus1004Ch01A_S148_L001_R2_001.fastq.gz,move
data/durance1/170710_M03930_0062_000000000-BBHKV/Data/Intensities/BaseCalls/15Jus1012Ch01A_S149_L001_R1_001.fastq.gz,consolidated_dataset/durance1/15Jus1012Ch01A_S149_L001_R1_001.fastq.gz,move
data/durance1/170710_M03930_0062_000000000-BBHKV/Data/Intensities/BaseCalls/15Jus1012Ch01A_S149_L001_R2_001.fastq.gz,consolidated_dataset/durance1/15Jus1012Ch01A_S149_L001_R2_001.fastq.gz,move
data/durance1/170710_M03930_0062_000000000-BBHKV/Data/Intensities/BaseCalls/15Caa1001Ch01A_S150_L001_R1_001.fastq.gz,consolidated_dataset/durance1/15Caa1001Ch01A_S150_L001_R1_001.fastq.gz,move
data/durance1/170710_M03930_0062_000000000-BBHKV/Data/Intensities/BaseCalls/15Caa1001Ch01A_S150_L001_R2_001.fastq.gz,consolidated_dataset/durance1/15Caa1001Ch01A_S150_L001_R2_001.fastq.gz,move
data/durance1/170710_M03930_0062_000000000-BBHKV/Data/Intensities/BaseCalls/15Caa1009Ch01A_S151_L001_R1_001.fastq.gz,consolidated_dataset/durance1/15Caa1009Ch01A_S151_L001_R1_001.fastq.gz,move
data/durance1/170710_M03930_0062_000000000-BBHKV/Data/Intensities/BaseCalls/15Caa1009Ch01A_S151_L001_R2_001.fastq.gz,consolidated_dataset/durance1/15Caa1009Ch01A_S151_L001_R2_001.fastq.gz,move
data/durance1/170710_M03930_0062_000000000-BBHKV/Data/Intensities/BaseCalls/15Caa1017Ch01A_S152_L001_R1_001.fastq.gz,consolidated_dataset/durance1/15Caa1017Ch01A_S152_L001_R1_001.fastq.gz,move
data/durance1/170710_M03930_0062_000000000-BBHKV/Data/Intensities/BaseCalls/15Caa1017Ch01A_S152_L001_R2_001.fastq.gz,consolidated_dataset/durance1/15Caa1017Ch01A_S152_L001_R2_001.fastq.gz,move
data/durance1/170710_M03930_0062_000000000-BBHKV/Data/Intensities/BaseCalls/15Avi1005Cn01A_S153_L001_R1_001.fastq.gz,consolidated_dataset/durance1/15Avi1005Cn01A_S153_L001_R1_001.fastq.gz,move
data/durance1/170710_M03930_0062_000000000-BBHKV/Data/Intensities/BaseCalls/15Avi1005Cn01A_S153_L001_R2_001.fastq.gz,consolidated_dataset/durance1/15Avi1005Cn01A_S153_L001_R2_001.fastq.gz,move
data/durance1/170710_M03930_0062_000000000-BBHKV/Data/Intensities/BaseCalls/15Avi1013Pt01A_S154_L001_R1_001.fastq.gz,consolidated_dataset/durance1/15Avi1013Pt01A_S154_L001_R1_001.fastq.gz,move
data/durance1/170710_M03930_0062_000000000-BBHKV/Data/Intensities/BaseCalls/15Avi1013Pt01A_S154_L001_R2_001.fastq.gz,consolidated_dataset/durance1/15Avi1013Pt01A_S154_L001_R2_001.fastq.gz,move
data/durance1/170710_M03930_0062_000000000-BBHKV/Data/Intensities/BaseCalls/15Bue1008Ch01A_S155_L001_R1_001.fastq.gz,consolidated_dataset/durance1/15Bue1008Ch01A_S155_L001_R1_001.fastq.gz,move
data/durance1/170710_M03930_0062_000000000-BBHKV/Data/Intensities/BaseCalls/15Bue1008Ch01A_S155_L001_R2_001.fastq.gz,consolidated_dataset/durance1/15Bue1008Ch01A_S155_L001_R2_001.fastq.gz,move
data/durance1/170710_M03930_0062_000000000-BBHKV/Data/Intensities/BaseCalls/15Bue1016Ch01A_S156_L001_R1_001.fastq.gz,consolidated_dataset/durance1/15Bue1016Ch01A_S156_L001_R1_001.fastq.gz,move
data/durance1/170710_M03930_0062_000000000-BBHKV/Data/Intensities/BaseCalls/15Bue1016Ch01A_S156_L001_R2_001.fastq.gz,consolidated_dataset/durance1/15Bue1016Ch01A_S156_L001_R2_001.fastq.gz,move
data/durance1/170710_M03930_0062_000000000-BBHKV/Data/Intensities/BaseCalls/15Bau1006Ch01A_S157_L001_R1_001.fastq.gz,consolidated_dataset/durance1/15Bau1006Ch01A_S157_L001_R1_001.fastq.gz,move
data/durance1/170710_M03930_0062_000000000-BBHKV/Data/Intensities/BaseCalls/15Bau1006Ch01A_S157_L001_R2_001.fastq.gz,consolidated_dataset/durance1/15Bau1006Ch01A_S157_L001_R2_001.fastq.gz,move
data/durance1/170710_M03930_0062_000000000-BBHKV/Data/Intensities/BaseCalls/15Bau1014Ch01A_S158_L001_R1_001.fastq.gz,consolidated_dataset/durance1/15Bau1014Ch01A_S158_L001_R1_001.fastq.gz,move
data/durance1/170710_M03930_0062_000000000-BBHKV/Data/Intensities/BaseCalls/15Bau1014Ch01A_S158_L001_R2_001.fastq.gz,consolidated_dataset/durance1/15Bau1014Ch01A_S158_L001_R2_001.fastq.gz,move
data/durance1/170710_M03930_0062_000000000-BBHKV/Data/Intensities/BaseCalls/15Bau1022Ch01A_S159_L001_R1_001.fastq.gz,consolidated_dataset/durance1/15Bau1022Ch01A_S159_L001_R1_001.fastq.gz,move
data/durance1/170710_M03930_0062_000000000-BBHKV/Data/Intensities/BaseCalls/15Bau1022Ch01A_S159_L001_R2_001.fastq.gz,consolidated_dataset/durance1/15Bau1022Ch01A_S159_L001_R2_001.fastq.gz,move
data/durance1/170710_M03930_0062_000000000-BBHKV/Data/Intensities/BaseCalls/15Jus1005Ch01A_S160_L001_R1_001.fastq.gz,consolidated_dataset/durance1/15Jus1005Ch01A_S160_L001_R1_001.fastq.gz,move
data/durance1/170710_M03930_0062_000000000-BBHKV/Data/Intensities/BaseCalls/15Jus1005Ch01A_S160_L001_R2_001.fastq.gz,consolidated_dataset/durance1/15Jus1005Ch01A_S160_L001_R2_001.fastq.gz,move
data/durance1/170710_M03930_0062_000000000-BBHKV/Data/Intensities/BaseCalls/15Jus1013Ch01A_S161_L001_R1_001.fastq.gz,consolidated_dataset/durance1/15Jus1013Ch01A_S161_L001_R1_001.fastq.gz,move
data/durance1/170710_M03930_0062_000000000-BBHKV/Data/Intensities/BaseCalls/15Jus1013Ch01A_S161_L001_R2_001.fastq.gz,consolidated_dataset/durance1/15Jus1013Ch01A_S161_L001_R2_001.fastq.gz,move
data/durance1/170710_M03930_0062_000000000-BBHKV/Data/Intensities/BaseCalls/15Caa1002Ch01A_S162_L001_R1_001.fastq.gz,consolidated_dataset/durance1/15Caa1002Ch01A_S162_L001_R1_001.fastq.gz,move
data/durance1/170710_M03930_0062_000000000-BBHKV/Data/Intensities/BaseCalls/15Caa1002Ch01A_S162_L001_R2_001.fastq.gz,consolidated_dataset/durance1/15Caa1002Ch01A_S162_L001_R2_001.fastq.gz,move
data/durance1/170710_M03930_0062_000000000-BBHKV/Data/Intensities/BaseCalls/15Caa1010Ch01A_S163_L001_R1_001.fastq.gz,consolidated_dataset/durance1/15Caa1010Ch01A_S163_L001_R1_001.fastq.gz,move
data/durance1/170710_M03930_0062_000000000-BBHKV/Data/Intensities/BaseCalls/15Caa1010Ch01A_S163_L001_R2_001.fastq.gz,consolidated_dataset/durance1/15Caa1010Ch01A_S163_L001_R2_001.fastq.gz,move
data/durance1/170710_M03930_0062_000000000-BBHKV/Data/Intensities/BaseCalls/15Caa1018Ch01A_S164_L001_R1_001.fastq.gz,consolidated_dataset/durance1/15Caa1018Ch01A_S164_L001_R1_001.fastq.gz,move
data/durance1/170710_M03930_0062_000000000-BBHKV/Data/Intensities/BaseCalls/15Caa1018Ch01A_S164_L001_R2_001.fastq.gz,consolidated_dataset/durance1/15Caa1018Ch01A_S164_L001_R2_001.fastq.gz,move
data/durance1/170710_M03930_0062_000000000-BBHKV/Data/Intensities/BaseCalls/15Avi1006Cn01A_S165_L001_R1_001.fastq.gz,consolidated_dataset/durance1/15Avi1006Cn01A_S165_L001_R1_001.fastq.gz,move
data/durance1/170710_M03930_0062_000000000-BBHKV/Data/Intensities/BaseCalls/15Avi1006Cn01A_S165_L001_R2_001.fastq.gz,consolidated_dataset/durance1/15Avi1006Cn01A_S165_L001_R2_001.fastq.gz,move
data/durance1/170710_M03930_0062_000000000-BBHKV/Data/Intensities/BaseCalls/15Bue1001Ch01A_S166_L001_R1_001.fastq.gz,consolidated_dataset/durance1/15Bue1001Ch01A_S166_L001_R1_001.fastq.gz,move
data/durance1/170710_M03930_0062_000000000-BBHKV/Data/Intensities/BaseCalls/15Bue1001Ch01A_S166_L001_R2_001.fastq.gz,consolidated_dataset/durance1/15Bue1001Ch01A_S166_L001_R2_001.fastq.gz,move
data/durance1/170710_M03930_0062_000000000-BBHKV/Data/Intensities/BaseCalls/15Bue1009Ch01A_S167_L001_R1_001.fastq.gz,consolidated_dataset/durance1/15Bue1009Ch01A_S167_L001_R1_001.fastq.gz,move
data/durance1/170710_M03930_0062_000000000-BBHKV/Data/Intensities/BaseCalls/15Bue1009Ch01A_S167_L001_R2_001.fastq.gz,consolidated_dataset/durance1/15Bue1009Ch01A_S167_L001_R2_001.fastq.gz,move
data/durance1/170710_M03930_0062_000000000-BBHKV/Data/Intensities/BaseCalls/15Bue1017Ch01A_S168_L001_R1_001.fastq.gz,consolidated_dataset/durance1/15Bue1017Ch01A_S168_L001_R1_001.fastq.gz,move
data/durance1/170710_M03930_0062_000000000-BBHKV/Data/Intensities/BaseCalls/15Bue1017Ch01A_S168_L001_R2_001.fastq.gz,consolidated_dataset/durance1/15Bue1017Ch01A_S168_L001_R2_001.fastq.gz,move
data/durance1/170710_M03930_0062_000000000-BBHKV/Data/Intensities/BaseCalls/15Bau1007Ch01A_S169_L001_R1_001.fastq.gz,consolidated_dataset/durance1/15Bau1007Ch01A_S169_L001_R1_001.fastq.gz,move
data/durance1/170710_M03930_0062_000000000-BBHKV/Data/Intensities/BaseCalls/15Bau1007Ch01A_S169_L001_R2_001.fastq.gz,consolidated_dataset/durance1/15Bau1007Ch01A_S169_L001_R2_001.fastq.gz,move
data/durance1/170710_M03930_0062_000000000-BBHKV/Data/Intensities/BaseCalls/15Bau1015Ch01A_S170_L001_R1_001.fastq.gz,consolidated_dataset/durance1/15Bau1015Ch01A_S170_L001_R1_001.fastq.gz,move
data/durance1/170710_M03930_0062_000000000-BBHKV/Data/Intensities/BaseCalls/15Bau1015Ch01A_S170_L001_R2_001.fastq.gz,consolidated_dataset/durance1/15Bau1015Ch01A_S170_L001_R2_001.fastq.gz,move
data/durance1/170710_M03930_0062_000000000-BBHKV/Data/Intensities/BaseCalls/15Bau1023Ch01A_S171_L001_R1_001.fastq.gz,consolidated_dataset/durance1/15Bau1023Ch01A_S171_L001_R1_001.fastq.gz,move
data/durance1/170710_M03930_0062_000000000-BBHKV/Data/Intensities/BaseCalls/15Bau1023Ch01A_S171_L001_R2_001.fastq.gz,consolidated_dataset/durance1/15Bau1023Ch01A_S171_L001_R2_001.fastq.gz,move
data/durance1/170710_M03930_0062_000000000-BBHKV/Data/Intensities/BaseCalls/15Jus1006Ch01A_S172_L001_R1_001.fastq.gz,consolidated_dataset/durance1/15Jus1006Ch01A_S172_L001_R1_001.fastq.gz,move
data/durance1/170710_M03930_0062_000000000-BBHKV/Data/Intensities/BaseCalls/15Jus1006Ch01A_S172_L001_R2_001.fastq.gz,consolidated_dataset/durance1/15Jus1006Ch01A_S172_L001_R2_001.fastq.gz,move
data/durance1/170710_M03930_0062_000000000-BBHKV/Data/Intensities/BaseCalls/15Jus1014Ch01A_S173_L001_R1_001.fastq.gz,consolidated_dataset/durance1/15Jus1014Ch01A_S173_L001_R1_001.fastq.gz,move
data/durance1/170710_M03930_0062_000000000-BBHKV/Data/Intensities/BaseCalls/15Jus1014Ch01A_S173_L001_R2_001.fastq.gz,consolidated_dataset/durance1/15Jus1014Ch01A_S173_L001_R2_001.fastq.gz,move
data/durance1/170710_M03930_0062_000000000-BBHKV/Data/Intensities/BaseCalls/15Caa1003Ch01A_S174_L001_R1_001.fastq.gz,consolidated_dataset/durance1/15Caa1003Ch01A_S174_L001_R1_001.fastq.gz,move
data/durance1/170710_M03930_0062_000000000-BBHKV/Data/Intensities/BaseCalls/15Caa1003Ch01A_S174_L001_R2_001.fastq.gz,consolidated_dataset/durance1/15Caa1003Ch01A_S174_L001_R2_001.fastq.gz,move
data/durance1/170710_M03930_0062_000000000-BBHKV/Data/Intensities/BaseCalls/15Caa1011Ch01A_S175_L001_R1_001.fastq.gz,consolidated_dataset/durance1/15Caa1011Ch01A_S175_L001_R1_001.fastq.gz,move
data/durance1/170710_M03930_0062_000000000-BBHKV/Data/Intensities/BaseCalls/15Caa1011Ch01A_S175_L001_R2_001.fastq.gz,consolidated_dataset/durance1/15Caa1011Ch01A_S175_L001_R2_001.fastq.gz,move
data/durance1/170710_M03930_0062_000000000-BBHKV/Data/Intensities/BaseCalls/15Caa1019Ch01A_S176_L001_R1_001.fastq.gz,consolidated_dataset/durance1/15Caa1019Ch01A_S176_L001_R1_001.fastq.gz,move
data/durance1/170710_M03930_0062_000000000-BBHKV/Data/Intensities/BaseCalls/15Caa1019Ch01A_S176_L001_R2_001.fastq.gz,consolidated_dataset/durance1/15Caa1019Ch01A_S176_L001_R2_001.fastq.gz,move
data/durance1/170710_M03930_0062_000000000-BBHKV/Data/Intensities/BaseCalls/15Avi1007Cn01A_S177_L001_R1_001.fastq.gz,consolidated_dataset/durance1/15Avi1007Cn01A_S177_L001_R1_001.fastq.gz,move
data/durance1/170710_M03930_0062_000000000-BBHKV/Data/Intensities/BaseCalls/15Avi1007Cn01A_S177_L001_R2_001.fastq.gz,consolidated_dataset/durance1/15Avi1007Cn01A_S177_L001_R2_001.fastq.gz,move
data/durance1/170710_M03930_0062_000000000-BBHKV/Data/Intensities/BaseCalls/15Bue1002Ch01A_S178_L001_R1_001.fastq.gz,consolidated_dataset/durance1/15Bue1002Ch01A_S178_L001_R1_001.fastq.gz,move
data/durance1/170710_M03930_0062_000000000-BBHKV/Data/Intensities/BaseCalls/15Bue1002Ch01A_S178_L001_R2_001.fastq.gz,consolidated_dataset/durance1/15Bue1002Ch01A_S178_L001_R2_001.fastq.gz,move
data/durance1/170710_M03930_0062_000000000-BBHKV/Data/Intensities/BaseCalls/15Bue1010Ch01A_S179_L001_R1_001.fastq.gz,consolidated_dataset/durance1/15Bue1010Ch01A_S179_L001_R1_001.fastq.gz,move
data/durance1/170710_M03930_0062_000000000-BBHKV/Data/Intensities/BaseCalls/15Bue1010Ch01A_S179_L001_R2_001.fastq.gz,consolidated_dataset/durance1/15Bue1010Ch01A_S179_L001_R2_001.fastq.gz,move
data/durance1/170710_M03930_0062_000000000-BBHKV/Data/Intensities/BaseCalls/15Bue1018Ch01A_S180_L001_R1_001.fastq.gz,consolidated_dataset/durance1/15Bue1018Ch01A_S180_L001_R1_001.fastq.gz,move
data/durance1/170710_M03930_0062_000000000-BBHKV/Data/Intensities/BaseCalls/15Bue1018Ch01A_S180_L001_R2_001.fastq.gz,consolidated_dataset/durance1/15Bue1018Ch01A_S180_L001_R2_001.fastq.gz,move
data/durance1/170710_M03930_0062_000000000-BBHKV/Data/Intensities/BaseCalls/15Bau1008Ch01A_S181_L001_R1_001.fastq.gz,consolidated_dataset/durance1/15Bau1008Ch01A_S181_L001_R1_001.fastq.gz,move
data/durance1/170710_M03930_0062_000000000-BBHKV/Data/Intensities/BaseCalls/15Bau1008Ch01A_S181_L001_R2_001.fastq.gz,consolidated_dataset/durance1/15Bau1008Ch01A_S181_L001_R2_001.fastq.gz,move
data/durance1/170710_M03930_0062_000000000-BBHKV/Data/Intensities/BaseCalls/15Bau1016Ch01A_S182_L001_R1_001.fastq.gz,consolidated_dataset/durance1/15Bau1016Ch01A_S182_L001_R1_001.fastq.gz,move
data/durance1/170710_M03930_0062_000000000-BBHKV/Data/Intensities/BaseCalls/15Bau1016Ch01A_S182_L001_R2_001.fastq.gz,consolidated_dataset/durance1/15Bau1016Ch01A_S182_L001_R2_001.fastq.gz,move
data/durance1/170710_M03930_0062_000000000-BBHKV/Data/Intensities/BaseCalls/15Bau1024Ch01A_S183_L001_R1_001.fastq.gz,consolidated_dataset/durance1/15Bau1024Ch01A_S183_L001_R1_001.fastq.gz,move
data/durance1/170710_M03930_0062_000000000-BBHKV/Data/Intensities/BaseCalls/15Bau1024Ch01A_S183_L001_R2_001.fastq.gz,consolidated_dataset/durance1/15Bau1024Ch01A_S183_L001_R2_001.fastq.gz,move
data/durance1/170710_M03930_0062_000000000-BBHKV/Data/Intensities/BaseCalls/15Jus1007Ch01A_S184_L001_R1_001.fastq.gz,consolidated_dataset/durance1/15Jus1007Ch01A_S184_L001_R1_001.fastq.gz,move
data/durance1/170710_M03930_0062_000000000-BBHKV/Data/Intensities/BaseCalls/15Jus1007Ch01A_S184_L001_R2_001.fastq.gz,consolidated_dataset/durance1/15Jus1007Ch01A_S184_L001_R2_001.fastq.gz,move
data/durance1/170710_M03930_0062_000000000-BBHKV/Data/Intensities/BaseCalls/15Jus1015Ch01A_S185_L001_R1_001.fastq.gz,consolidated_dataset/durance1/15Jus1015Ch01A_S185_L001_R1_001.fastq.gz,move
data/durance1/170710_M03930_0062_000000000-BBHKV/Data/Intensities/BaseCalls/15Jus1015Ch01A_S185_L001_R2_001.fastq.gz,consolidated_dataset/durance1/15Jus1015Ch01A_S185_L001_R2_001.fastq.gz,move
data/durance1/170710_M03930_0062_000000000-BBHKV/Data/Intensities/BaseCalls/15Caa1004Ch01A_S186_L001_R1_001.fastq.gz,consolidated_dataset/durance1/15Caa1004Ch01A_S186_L001_R1_001.fastq.gz,move
data/durance1/170710_M03930_0062_000000000-BBHKV/Data/Intensities/BaseCalls/15Caa1004Ch01A_S186_L001_R2_001.fastq.gz,consolidated_dataset/durance1/15Caa1004Ch01A_S186_L001_R2_001.fastq.gz,move
data/durance1/170710_M03930_0062_000000000-BBHKV/Data/Intensities/BaseCalls/15Caa1012Ch01A_S187_L001_R1_001.fastq.gz,consolidated_dataset/durance1/15Caa1012Ch01A_S187_L001_R1_001.fastq.gz,move
data/durance1/170710_M03930_0062_000000000-BBHKV/Data/Intensities/BaseCalls/15Caa1012Ch01A_S187_L001_R2_001.fastq.gz,consolidated_dataset/durance1/15Caa1012Ch01A_S187_L001_R2_001.fastq.gz,move
data/durance1/170710_M03930_0062_000000000-BBHKV/Data/Intensities/BaseCalls/15Caa1020Ch01A_S188_L001_R1_001.fastq.gz,consolidated_dataset/durance1/15Caa1020Ch01A_S188_L001_R1_001.fastq.gz,move
data/durance1/170710_M03930_0062_000000000-BBHKV/Data/Intensities/BaseCalls/15Caa1020Ch01A_S188_L001_R2_001.fastq.gz,consolidated_dataset/durance1/15Caa1020Ch01A_S188_L001_R2_001.fastq.gz,move
data/durance1/170710_M03930_0062_000000000-BBHKV/Data/Intensities/BaseCalls/15Avi1008Cn01A_S189_L001_R1_001.fastq.gz,consolidated_dataset/durance1/15Avi1008Cn01A_S189_L001_R1_001.fastq.gz,move
data/durance1/170710_M03930_0062_000000000-BBHKV/Data/Intensities/BaseCalls/15Avi1008Cn01A_S189_L001_R2_001.fastq.gz,consolidated_dataset/durance1/15Avi1008Cn01A_S189_L001_R2_001.fastq.gz,move
data/durance1/170710_M03930_0062_000000000-BBHKV/Data/Intensities/BaseCalls/15Bue1003Ch01A_S190_L001_R1_001.fastq.gz,consolidated_dataset/durance1/15Bue1003Ch01A_S190_L001_R1_001.fastq.gz,move
data/durance1/170710_M03930_0062_000000000-BBHKV/Data/Intensities/BaseCalls/15Bue1003Ch01A_S190_L001_R2_001.fastq.gz,consolidated_dataset/durance1/15Bue1003Ch01A_S190_L001_R2_001.fastq.gz,move
data/durance1/170710_M03930_0062_000000000-BBHKV/Data/Intensities/BaseCalls/15Bue1011Ch01A_S191_L001_R1_001.fastq.gz,consolidated_dataset/durance1/15Bue1011Ch01A_S191_L001_R1_001.fastq.gz,move
data/durance1/170710_M03930_0062_000000000-BBHKV/Data/Intensities/BaseCalls/15Bue1011Ch01A_S191_L001_R2_001.fastq.gz,consolidated_dataset/durance1/15Bue1011Ch01A_S191_L001_R2_001.fastq.gz,move
data/durance1/170710_M03930_0062_000000000-BBHKV/Data/Intensities/BaseCalls/T-2_S192_L001_R1_001.fastq.gz,consolidated_dataset/durance1/T-2_S192_L001_R1_001.fastq.gz,move
data/durance1/170710_M03930_0062_000000000-BBHKV/Data/Intensities/BaseCalls/T-2_S192_L001_R2_001.fastq.gz,consolidated_dataset/durance1/T-2_S192_L001_R2_001.fastq.gz,move
data/durance1/170710_M03930_0062_000000000-BBHKV/Data/Intensities/BaseCalls/14Ain1001Cn05A_S193_L001_R1_001.fastq.gz,consolidated_dataset/durance1/14Ain1001Cn05A_S193_L001_R1_001.fastq.gz,move
data/durance1/170710_M03930_0062_000000000-BBHKV/Data/Intensities/BaseCalls/14Ain1001Cn05A_S193_L001_R2_001.fastq.gz,consolidated_dataset/durance1/14Ain1001Cn05A_S193_L001_R2_001.fastq.gz,move
data/durance1/170710_M03930_0062_000000000-BBHKV/Data/Intensities/BaseCalls/14Ain1038Pt05A_S194_L001_R1_001.fastq.gz,consolidated_dataset/durance1/14Ain1038Pt05A_S194_L001_R1_001.fastq.gz,move
data/durance1/170710_M03930_0062_000000000-BBHKV/Data/Intensities/BaseCalls/14Ain1038Pt05A_S194_L001_R2_001.fastq.gz,consolidated_dataset/durance1/14Ain1038Pt05A_S194_L001_R2_001.fastq.gz,move
data/durance1/170710_M03930_0062_000000000-BBHKV/Data/Intensities/BaseCalls/15Cab1003Ch05A_S195_L001_R1_001.fastq.gz,consolidated_dataset/durance1/15Cab1003Ch05A_S195_L001_R1_001.fastq.gz,move
data/durance1/170710_M03930_0062_000000000-BBHKV/Data/Intensities/BaseCalls/15Cab1003Ch05A_S195_L001_R2_001.fastq.gz,consolidated_dataset/durance1/15Cab1003Ch05A_S195_L001_R2_001.fastq.gz,move
data/durance1/170710_M03930_0062_000000000-BBHKV/Data/Intensities/BaseCalls/15Cab1011Ch05A_S196_L001_R1_001.fastq.gz,consolidated_dataset/durance1/15Cab1011Ch05A_S196_L001_R1_001.fastq.gz,move
data/durance1/170710_M03930_0062_000000000-BBHKV/Data/Intensities/BaseCalls/15Cab1011Ch05A_S196_L001_R2_001.fastq.gz,consolidated_dataset/durance1/15Cab1011Ch05A_S196_L001_R2_001.fastq.gz,move
data/durance1/170710_M03930_0062_000000000-BBHKV/Data/Intensities/BaseCalls/15Cab1019Ch05A_S197_L001_R1_001.fastq.gz,consolidated_dataset/durance1/15Cab1019Ch05A_S197_L001_R1_001.fastq.gz,move
data/durance1/170710_M03930_0062_000000000-BBHKV/Data/Intensities/BaseCalls/15Cab1019Ch05A_S197_L001_R2_001.fastq.gz,consolidated_dataset/durance1/15Cab1019Ch05A_S197_L001_R2_001.fastq.gz,move
data/durance1/170710_M03930_0062_000000000-BBHKV/Data/Intensities/BaseCalls/14Avi1008Cn05A_S198_L001_R1_001.fastq.gz,consolidated_dataset/durance1/14Avi1008Cn05A_S198_L001_R1_001.fastq.gz,move
data/durance1/170710_M03930_0062_000000000-BBHKV/Data/Intensities/BaseCalls/14Avi1008Cn05A_S198_L001_R2_001.fastq.gz,consolidated_dataset/durance1/14Avi1008Cn05A_S198_L001_R2_001.fastq.gz,move
data/durance1/170710_M03930_0062_000000000-BBHKV/Data/Intensities/BaseCalls/14Bue1005Cn05A_S199_L001_R1_001.fastq.gz,consolidated_dataset/durance1/14Bue1005Cn05A_S199_L001_R1_001.fastq.gz,move
data/durance1/170710_M03930_0062_000000000-BBHKV/Data/Intensities/BaseCalls/14Bue1005Cn05A_S199_L001_R2_001.fastq.gz,consolidated_dataset/durance1/14Bue1005Cn05A_S199_L001_R2_001.fastq.gz,move
data/durance1/170710_M03930_0062_000000000-BBHKV/Data/Intensities/BaseCalls/14Bue1014Ch05A_S200_L001_R1_001.fastq.gz,consolidated_dataset/durance1/14Bue1014Ch05A_S200_L001_R1_001.fastq.gz,move
data/durance1/170710_M03930_0062_000000000-BBHKV/Data/Intensities/BaseCalls/14Bue1014Ch05A_S200_L001_R2_001.fastq.gz,consolidated_dataset/durance1/14Bue1014Ch05A_S200_L001_R2_001.fastq.gz,move
data/durance1/170710_M03930_0062_000000000-BBHKV/Data/Intensities/BaseCalls/14Man1011Ch05A_S201_L001_R1_001.fastq.gz,consolidated_dataset/durance1/14Man1011Ch05A_S201_L001_R1_001.fastq.gz,move
data/durance1/170710_M03930_0062_000000000-BBHKV/Data/Intensities/BaseCalls/14Man1011Ch05A_S201_L001_R2_001.fastq.gz,consolidated_dataset/durance1/14Man1011Ch05A_S201_L001_R2_001.fastq.gz,move
data/durance1/170710_M03930_0062_000000000-BBHKV/Data/Intensities/BaseCalls/14Man1019Ch05A_S202_L001_R1_001.fastq.gz,consolidated_dataset/durance1/14Man1019Ch05A_S202_L001_R1_001.fastq.gz,move
data/durance1/170710_M03930_0062_000000000-BBHKV/Data/Intensities/BaseCalls/14Man1019Ch05A_S202_L001_R2_001.fastq.gz,consolidated_dataset/durance1/14Man1019Ch05A_S202_L001_R2_001.fastq.gz,move
data/durance1/170710_M03930_0062_000000000-BBHKV/Data/Intensities/BaseCalls/14Per2011Ch05A_S203_L001_R1_001.fastq.gz,consolidated_dataset/durance1/14Per2011Ch05A_S203_L001_R1_001.fastq.gz,move
data/durance1/170710_M03930_0062_000000000-BBHKV/Data/Intensities/BaseCalls/14Per2011Ch05A_S203_L001_R2_001.fastq.gz,consolidated_dataset/durance1/14Per2011Ch05A_S203_L001_R2_001.fastq.gz,move
data/durance1/170710_M03930_0062_000000000-BBHKV/Data/Intensities/BaseCalls/14Per2011Ch05A-bis_S204_L001_R1_001.fastq.gz,consolidated_dataset/durance1/14Per2011Ch05A-bis_S204_L001_R1_001.fastq.gz,move
data/durance1/170710_M03930_0062_000000000-BBHKV/Data/Intensities/BaseCalls/14Per2011Ch05A-bis_S204_L001_R2_001.fastq.gz,consolidated_dataset/durance1/14Per2011Ch05A-bis_S204_L001_R2_001.fastq.gz,move
data/durance1/170710_M03930_0062_000000000-BBHKV/Data/Intensities/BaseCalls/14Ain1002Cn05A_S205_L001_R1_001.fastq.gz,consolidated_dataset/durance1/14Ain1002Cn05A_S205_L001_R1_001.fastq.gz,move
data/durance1/170710_M03930_0062_000000000-BBHKV/Data/Intensities/BaseCalls/14Ain1002Cn05A_S205_L001_R2_001.fastq.gz,consolidated_dataset/durance1/14Ain1002Cn05A_S205_L001_R2_001.fastq.gz,move
data/durance1/170710_M03930_0062_000000000-BBHKV/Data/Intensities/BaseCalls/14Ain1039Pt05A_S206_L001_R1_001.fastq.gz,consolidated_dataset/durance1/14Ain1039Pt05A_S206_L001_R1_001.fastq.gz,move
data/durance1/170710_M03930_0062_000000000-BBHKV/Data/Intensities/BaseCalls/14Ain1039Pt05A_S206_L001_R2_001.fastq.gz,consolidated_dataset/durance1/14Ain1039Pt05A_S206_L001_R2_001.fastq.gz,move
data/durance1/170710_M03930_0062_000000000-BBHKV/Data/Intensities/BaseCalls/15Cab1004Ch05A_S207_L001_R1_001.fastq.gz,consolidated_dataset/durance1/15Cab1004Ch05A_S207_L001_R1_001.fastq.gz,move
data/durance1/170710_M03930_0062_000000000-BBHKV/Data/Intensities/BaseCalls/15Cab1004Ch05A_S207_L001_R2_001.fastq.gz,consolidated_dataset/durance1/15Cab1004Ch05A_S207_L001_R2_001.fastq.gz,move
data/durance1/170710_M03930_0062_000000000-BBHKV/Data/Intensities/BaseCalls/15Cab1012Ch05A_S208_L001_R1_001.fastq.gz,consolidated_dataset/durance1/15Cab1012Ch05A_S208_L001_R1_001.fastq.gz,move
data/durance1/170710_M03930_0062_000000000-BBHKV/Data/Intensities/BaseCalls/15Cab1012Ch05A_S208_L001_R2_001.fastq.gz,consolidated_dataset/durance1/15Cab1012Ch05A_S208_L001_R2_001.fastq.gz,move
data/durance1/170710_M03930_0062_000000000-BBHKV/Data/Intensities/BaseCalls/14Avi1001Cn05A_S209_L001_R1_001.fastq.gz,consolidated_dataset/durance1/14Avi1001Cn05A_S209_L001_R1_001.fastq.gz,move
data/durance1/170710_M03930_0062_000000000-BBHKV/Data/Intensities/BaseCalls/14Avi1001Cn05A_S209_L001_R2_001.fastq.gz,consolidated_dataset/durance1/14Avi1001Cn05A_S209_L001_R2_001.fastq.gz,move
data/durance1/170710_M03930_0062_000000000-BBHKV/Data/Intensities/BaseCalls/14Avi1036Cn05A_S210_L001_R1_001.fastq.gz,consolidated_dataset/durance1/14Avi1036Cn05A_S210_L001_R1_001.fastq.gz,move
data/durance1/170710_M03930_0062_000000000-BBHKV/Data/Intensities/BaseCalls/14Avi1036Cn05A_S210_L001_R2_001.fastq.gz,consolidated_dataset/durance1/14Avi1036Cn05A_S210_L001_R2_001.fastq.gz,move
data/durance1/170710_M03930_0062_000000000-BBHKV/Data/Intensities/BaseCalls/14Bue1006Cn05A_S211_L001_R1_001.fastq.gz,consolidated_dataset/durance1/14Bue1006Cn05A_S211_L001_R1_001.fastq.gz,move
data/durance1/170710_M03930_0062_000000000-BBHKV/Data/Intensities/BaseCalls/14Bue1006Cn05A_S211_L001_R2_001.fastq.gz,consolidated_dataset/durance1/14Bue1006Cn05A_S211_L001_R2_001.fastq.gz,move
data/durance1/170710_M03930_0062_000000000-BBHKV/Data/Intensities/BaseCalls/14Bue1015Ch05A_S212_L001_R1_001.fastq.gz,consolidated_dataset/durance1/14Bue1015Ch05A_S212_L001_R1_001.fastq.gz,move
data/durance1/170710_M03930_0062_000000000-BBHKV/Data/Intensities/BaseCalls/14Bue1015Ch05A_S212_L001_R2_001.fastq.gz,consolidated_dataset/durance1/14Bue1015Ch05A_S212_L001_R2_001.fastq.gz,move
data/durance1/170710_M03930_0062_000000000-BBHKV/Data/Intensities/BaseCalls/14Man1012Ch05A_S213_L001_R1_001.fastq.gz,consolidated_dataset/durance1/14Man1012Ch05A_S213_L001_R1_001.fastq.gz,move
data/durance1/170710_M03930_0062_000000000-BBHKV/Data/Intensities/BaseCalls/14Man1012Ch05A_S213_L001_R2_001.fastq.gz,consolidated_dataset/durance1/14Man1012Ch05A_S213_L001_R2_001.fastq.gz,move
data/durance1/170710_M03930_0062_000000000-BBHKV/Data/Intensities/BaseCalls/14Man1020Ch05A_S214_L001_R1_001.fastq.gz,consolidated_dataset/durance1/14Man1020Ch05A_S214_L001_R1_001.fastq.gz,move
data/durance1/170710_M03930_0062_000000000-BBHKV/Data/Intensities/BaseCalls/14Man1020Ch05A_S214_L001_R2_001.fastq.gz,consolidated_dataset/durance1/14Man1020Ch05A_S214_L001_R2_001.fastq.gz,move
data/durance1/170710_M03930_0062_000000000-BBHKV/Data/Intensities/BaseCalls/14Per2012Ch05A_S215_L001_R1_001.fastq.gz,consolidated_dataset/durance1/14Per2012Ch05A_S215_L001_R1_001.fastq.gz,move
data/durance1/170710_M03930_0062_000000000-BBHKV/Data/Intensities/BaseCalls/14Per2012Ch05A_S215_L001_R2_001.fastq.gz,consolidated_dataset/durance1/14Per2012Ch05A_S215_L001_R2_001.fastq.gz,move
data/durance1/170710_M03930_0062_000000000-BBHKV/Data/Intensities/BaseCalls/14Per2012Ch05A-bis_S216_L001_R1_001.fastq.gz,consolidated_dataset/durance1/14Per2012Ch05A-bis_S216_L001_R1_001.fastq.gz,move
data/durance1/170710_M03930_0062_000000000-BBHKV/Data/Intensities/BaseCalls/14Per2012Ch05A-bis_S216_L001_R2_001.fastq.gz,consolidated_dataset/durance1/14Per2012Ch05A-bis_S216_L001_R2_001.fastq.gz,move
data/durance1/170710_M03930_0062_000000000-BBHKV/Data/Intensities/BaseCalls/14Ain1011Pt05A_S217_L001_R1_001.fastq.gz,consolidated_dataset/durance1/14Ain1011Pt05A_S217_L001_R1_001.fastq.gz,move
data/durance1/170710_M03930_0062_000000000-BBHKV/Data/Intensities/BaseCalls/14Ain1011Pt05A_S217_L001_R2_001.fastq.gz,consolidated_dataset/durance1/14Ain1011Pt05A_S217_L001_R2_001.fastq.gz,move
data/durance1/170710_M03930_0062_000000000-BBHKV/Data/Intensities/BaseCalls/14Ain1040Pt05A_S218_L001_R1_001.fastq.gz,consolidated_dataset/durance1/14Ain1040Pt05A_S218_L001_R1_001.fastq.gz,move
data/durance1/170710_M03930_0062_000000000-BBHKV/Data/Intensities/BaseCalls/14Ain1040Pt05A_S218_L001_R2_001.fastq.gz,consolidated_dataset/durance1/14Ain1040Pt05A_S218_L001_R2_001.fastq.gz,move
data/durance1/170710_M03930_0062_000000000-BBHKV/Data/Intensities/BaseCalls/15Cab1005Ch05A_S219_L001_R1_001.fastq.gz,consolidated_dataset/durance1/15Cab1005Ch05A_S219_L001_R1_001.fastq.gz,move
data/durance1/170710_M03930_0062_000000000-BBHKV/Data/Intensities/BaseCalls/15Cab1005Ch05A_S219_L001_R2_001.fastq.gz,consolidated_dataset/durance1/15Cab1005Ch05A_S219_L001_R2_001.fastq.gz,move
data/durance1/170710_M03930_0062_000000000-BBHKV/Data/Intensities/BaseCalls/15Cab1013Ch05A_S220_L001_R1_001.fastq.gz,consolidated_dataset/durance1/15Cab1013Ch05A_S220_L001_R1_001.fastq.gz,move
data/durance1/170710_M03930_0062_000000000-BBHKV/Data/Intensities/BaseCalls/15Cab1013Ch05A_S220_L001_R2_001.fastq.gz,consolidated_dataset/durance1/15Cab1013Ch05A_S220_L001_R2_001.fastq.gz,move
data/durance1/170710_M03930_0062_000000000-BBHKV/Data/Intensities/BaseCalls/14Avi1002Cn05A_S221_L001_R1_001.fastq.gz,consolidated_dataset/durance1/14Avi1002Cn05A_S221_L001_R1_001.fastq.gz,move
data/durance1/170710_M03930_0062_000000000-BBHKV/Data/Intensities/BaseCalls/14Avi1002Cn05A_S221_L001_R2_001.fastq.gz,consolidated_dataset/durance1/14Avi1002Cn05A_S221_L001_R2_001.fastq.gz,move
data/durance1/170710_M03930_0062_000000000-BBHKV/Data/Intensities/BaseCalls/14Avi1037Cn05A_S222_L001_R1_001.fastq.gz,consolidated_dataset/durance1/14Avi1037Cn05A_S222_L001_R1_001.fastq.gz,move
data/durance1/170710_M03930_0062_000000000-BBHKV/Data/Intensities/BaseCalls/14Avi1037Cn05A_S222_L001_R2_001.fastq.gz,consolidated_dataset/durance1/14Avi1037Cn05A_S222_L001_R2_001.fastq.gz,move
data/durance1/170710_M03930_0062_000000000-BBHKV/Data/Intensities/BaseCalls/14Bue1006Cn05A_S223_L001_R1_001.fastq.gz,consolidated_dataset/durance1/14Bue1006Cn05A_S223_L001_R1_001.fastq.gz,move
data/durance1/170710_M03930_0062_000000000-BBHKV/Data/Intensities/BaseCalls/14Bue1006Cn05A_S223_L001_R2_001.fastq.gz,consolidated_dataset/durance1/14Bue1006Cn05A_S223_L001_R2_001.fastq.gz,move
data/durance1/170710_M03930_0062_000000000-BBHKV/Data/Intensities/BaseCalls/14Bue1017Ch05A_S224_L001_R1_001.fastq.gz,consolidated_dataset/durance1/14Bue1017Ch05A_S224_L001_R1_001.fastq.gz,move
data/durance1/170710_M03930_0062_000000000-BBHKV/Data/Intensities/BaseCalls/14Bue1017Ch05A_S224_L001_R2_001.fastq.gz,consolidated_dataset/durance1/14Bue1017Ch05A_S224_L001_R2_001.fastq.gz,move
data/durance1/170710_M03930_0062_000000000-BBHKV/Data/Intensities/BaseCalls/14Man1013Ch05A_S225_L001_R1_001.fastq.gz,consolidated_dataset/durance1/14Man1013Ch05A_S225_L001_R1_001.fastq.gz,move
data/durance1/170710_M03930_0062_000000000-BBHKV/Data/Intensities/BaseCalls/14Man1013Ch05A_S225_L001_R2_001.fastq.gz,consolidated_dataset/durance1/14Man1013Ch05A_S225_L001_R2_001.fastq.gz,move
data/durance1/170710_M03930_0062_000000000-BBHKV/Data/Intensities/BaseCalls/14Man1021Ch05A_S226_L001_R1_001.fastq.gz,consolidated_dataset/durance1/14Man1021Ch05A_S226_L001_R1_001.fastq.gz,move
data/durance1/170710_M03930_0062_000000000-BBHKV/Data/Intensities/BaseCalls/14Man1021Ch05A_S226_L001_R2_001.fastq.gz,consolidated_dataset/durance1/14Man1021Ch05A_S226_L001_R2_001.fastq.gz,move
data/durance1/170710_M03930_0062_000000000-BBHKV/Data/Intensities/BaseCalls/14Per2013Ch05A_S227_L001_R1_001.fastq.gz,consolidated_dataset/durance1/14Per2013Ch05A_S227_L001_R1_001.fastq.gz,move
data/durance1/170710_M03930_0062_000000000-BBHKV/Data/Intensities/BaseCalls/14Per2013Ch05A_S227_L001_R2_001.fastq.gz,consolidated_dataset/durance1/14Per2013Ch05A_S227_L001_R2_001.fastq.gz,move
data/durance1/170710_M03930_0062_000000000-BBHKV/Data/Intensities/BaseCalls/empty-6_S228_L001_R1_001.fastq.gz,consolidated_dataset/durance1/empty-6_S228_L001_R1_001.fastq.gz,move
data/durance1/170710_M03930_0062_000000000-BBHKV/Data/Intensities/BaseCalls/empty-6_S228_L001_R2_001.fastq.gz,consolidated_dataset/durance1/empty-6_S228_L001_R2_001.fastq.gz,move
data/durance1/170710_M03930_0062_000000000-BBHKV/Data/Intensities/BaseCalls/14Ain1012Pt05A_S229_L001_R1_001.fastq.gz,consolidated_dataset/durance1/14Ain1012Pt05A_S229_L001_R1_001.fastq.gz,move
data/durance1/170710_M03930_0062_000000000-BBHKV/Data/Intensities/BaseCalls/14Ain1012Pt05A_S229_L001_R2_001.fastq.gz,consolidated_dataset/durance1/14Ain1012Pt05A_S229_L001_R2_001.fastq.gz,move
data/durance1/170710_M03930_0062_000000000-BBHKV/Data/Intensities/BaseCalls/14Ain1041Pt05A_S230_L001_R1_001.fastq.gz,consolidated_dataset/durance1/14Ain1041Pt05A_S230_L001_R1_001.fastq.gz,move
data/durance1/170710_M03930_0062_000000000-BBHKV/Data/Intensities/BaseCalls/14Ain1041Pt05A_S230_L001_R2_001.fastq.gz,consolidated_dataset/durance1/14Ain1041Pt05A_S230_L001_R2_001.fastq.gz,move
data/durance1/170710_M03930_0062_000000000-BBHKV/Data/Intensities/BaseCalls/15Cab1006Ch05A_S231_L001_R1_001.fastq.gz,consolidated_dataset/durance1/15Cab1006Ch05A_S231_L001_R1_001.fastq.gz,move
data/durance1/170710_M03930_0062_000000000-BBHKV/Data/Intensities/BaseCalls/15Cab1006Ch05A_S231_L001_R2_001.fastq.gz,consolidated_dataset/durance1/15Cab1006Ch05A_S231_L001_R2_001.fastq.gz,move
data/durance1/170710_M03930_0062_000000000-BBHKV/Data/Intensities/BaseCalls/15Cab1014Ch05A_S232_L001_R1_001.fastq.gz,consolidated_dataset/durance1/15Cab1014Ch05A_S232_L001_R1_001.fastq.gz,move
data/durance1/170710_M03930_0062_000000000-BBHKV/Data/Intensities/BaseCalls/15Cab1014Ch05A_S232_L001_R2_001.fastq.gz,consolidated_dataset/durance1/15Cab1014Ch05A_S232_L001_R2_001.fastq.gz,move
data/durance1/170710_M03930_0062_000000000-BBHKV/Data/Intensities/BaseCalls/14Avi1003Cn05A_S233_L001_R1_001.fastq.gz,consolidated_dataset/durance1/14Avi1003Cn05A_S233_L001_R1_001.fastq.gz,move
data/durance1/170710_M03930_0062_000000000-BBHKV/Data/Intensities/BaseCalls/14Avi1003Cn05A_S233_L001_R2_001.fastq.gz,consolidated_dataset/durance1/14Avi1003Cn05A_S233_L001_R2_001.fastq.gz,move
data/durance1/170710_M03930_0062_000000000-BBHKV/Data/Intensities/BaseCalls/14Avi1038Cn05A_S234_L001_R1_001.fastq.gz,consolidated_dataset/durance1/14Avi1038Cn05A_S234_L001_R1_001.fastq.gz,move
data/durance1/170710_M03930_0062_000000000-BBHKV/Data/Intensities/BaseCalls/14Avi1038Cn05A_S234_L001_R2_001.fastq.gz,consolidated_dataset/durance1/14Avi1038Cn05A_S234_L001_R2_001.fastq.gz,move
data/durance1/170710_M03930_0062_000000000-BBHKV/Data/Intensities/BaseCalls/14Bue1007Cn05A_S235_L001_R1_001.fastq.gz,consolidated_dataset/durance1/14Bue1007Cn05A_S235_L001_R1_001.fastq.gz,move
data/durance1/170710_M03930_0062_000000000-BBHKV/Data/Intensities/BaseCalls/14Bue1007Cn05A_S235_L001_R2_001.fastq.gz,consolidated_dataset/durance1/14Bue1007Cn05A_S235_L001_R2_001.fastq.gz,move
data/durance1/170710_M03930_0062_000000000-BBHKV/Data/Intensities/BaseCalls/14Bue1018Ch05A_S236_L001_R1_001.fastq.gz,consolidated_dataset/durance1/14Bue1018Ch05A_S236_L001_R1_001.fastq.gz,move
data/durance1/170710_M03930_0062_000000000-BBHKV/Data/Intensities/BaseCalls/14Bue1018Ch05A_S236_L001_R2_001.fastq.gz,consolidated_dataset/durance1/14Bue1018Ch05A_S236_L001_R2_001.fastq.gz,move
data/durance1/170710_M03930_0062_000000000-BBHKV/Data/Intensities/BaseCalls/14Man1014Ch05A_S237_L001_R1_001.fastq.gz,consolidated_dataset/durance1/14Man1014Ch05A_S237_L001_R1_001.fastq.gz,move
data/durance1/170710_M03930_0062_000000000-BBHKV/Data/Intensities/BaseCalls/14Man1014Ch05A_S237_L001_R2_001.fastq.gz,consolidated_dataset/durance1/14Man1014Ch05A_S237_L001_R2_001.fastq.gz,move
data/durance1/170710_M03930_0062_000000000-BBHKV/Data/Intensities/BaseCalls/14Man1022Ch05A_S238_L001_R1_001.fastq.gz,consolidated_dataset/durance1/14Man1022Ch05A_S238_L001_R1_001.fastq.gz,move
data/durance1/170710_M03930_0062_000000000-BBHKV/Data/Intensities/BaseCalls/14Man1022Ch05A_S238_L001_R2_001.fastq.gz,consolidated_dataset/durance1/14Man1022Ch05A_S238_L001_R2_001.fastq.gz,move
data/durance1/170710_M03930_0062_000000000-BBHKV/Data/Intensities/BaseCalls/14Per2014Ch05A_S239_L001_R1_001.fastq.gz,consolidated_dataset/durance1/14Per2014Ch05A_S239_L001_R1_001.fastq.gz,move
data/durance1/170710_M03930_0062_000000000-BBHKV/Data/Intensities/BaseCalls/14Per2014Ch05A_S239_L001_R2_001.fastq.gz,consolidated_dataset/durance1/14Per2014Ch05A_S239_L001_R2_001.fastq.gz,move
data/durance1/170710_M03930_0062_000000000-BBHKV/Data/Intensities/BaseCalls/empty-7_S240_L001_R1_001.fastq.gz,consolidated_dataset/durance1/empty-7_S240_L001_R1_001.fastq.gz,move
data/durance1/170710_M03930_0062_000000000-BBHKV/Data/Intensities/BaseCalls/empty-7_S240_L001_R2_001.fastq.gz,consolidated_dataset/durance1/empty-7_S240_L001_R2_001.fastq.gz,move
data/durance1/170710_M03930_0062_000000000-BBHKV/Data/Intensities/BaseCalls/14Ain1013Pt05A_S241_L001_R1_001.fastq.gz,consolidated_dataset/durance1/14Ain1013Pt05A_S241_L001_R1_001.fastq.gz,move
data/durance1/170710_M03930_0062_000000000-BBHKV/Data/Intensities/BaseCalls/14Ain1013Pt05A_S241_L001_R2_001.fastq.gz,consolidated_dataset/durance1/14Ain1013Pt05A_S241_L001_R2_001.fastq.gz,move
data/durance1/170710_M03930_0062_000000000-BBHKV/Data/Intensities/BaseCalls/14Ain1042Pt05A_S242_L001_R1_001.fastq.gz,consolidated_dataset/durance1/14Ain1042Pt05A_S242_L001_R1_001.fastq.gz,move
data/durance1/170710_M03930_0062_000000000-BBHKV/Data/Intensities/BaseCalls/14Ain1042Pt05A_S242_L001_R2_001.fastq.gz,consolidated_dataset/durance1/14Ain1042Pt05A_S242_L001_R2_001.fastq.gz,move
data/durance1/170710_M03930_0062_000000000-BBHKV/Data/Intensities/BaseCalls/15Cab1007Ch05A_S243_L001_R1_001.fastq.gz,consolidated_dataset/durance1/15Cab1007Ch05A_S243_L001_R1_001.fastq.gz,move
data/durance1/170710_M03930_0062_000000000-BBHKV/Data/Intensities/BaseCalls/15Cab1007Ch05A_S243_L001_R2_001.fastq.gz,consolidated_dataset/durance1/15Cab1007Ch05A_S243_L001_R2_001.fastq.gz,move
data/durance1/170710_M03930_0062_000000000-BBHKV/Data/Intensities/BaseCalls/15Cab1015Ch05A_S244_L001_R1_001.fastq.gz,consolidated_dataset/durance1/15Cab1015Ch05A_S244_L001_R1_001.fastq.gz,move
data/durance1/170710_M03930_0062_000000000-BBHKV/Data/Intensities/BaseCalls/15Cab1015Ch05A_S244_L001_R2_001.fastq.gz,consolidated_dataset/durance1/15Cab1015Ch05A_S244_L001_R2_001.fastq.gz,move
data/durance1/170710_M03930_0062_000000000-BBHKV/Data/Intensities/BaseCalls/14Avi1004Cn05A_S245_L001_R1_001.fastq.gz,consolidated_dataset/durance1/14Avi1004Cn05A_S245_L001_R1_001.fastq.gz,move
data/durance1/170710_M03930_0062_000000000-BBHKV/Data/Intensities/BaseCalls/14Avi1004Cn05A_S245_L001_R2_001.fastq.gz,consolidated_dataset/durance1/14Avi1004Cn05A_S245_L001_R2_001.fastq.gz,move
data/durance1/170710_M03930_0062_000000000-BBHKV/Data/Intensities/BaseCalls/14Bue1001Cn05A_S246_L001_R1_001.fastq.gz,consolidated_dataset/durance1/14Bue1001Cn05A_S246_L001_R1_001.fastq.gz,move
data/durance1/170710_M03930_0062_000000000-BBHKV/Data/Intensities/BaseCalls/14Bue1001Cn05A_S246_L001_R2_001.fastq.gz,consolidated_dataset/durance1/14Bue1001Cn05A_S246_L001_R2_001.fastq.gz,move
data/durance1/170710_M03930_0062_000000000-BBHKV/Data/Intensities/BaseCalls/14Bue1008Cn05A_S247_L001_R1_001.fastq.gz,consolidated_dataset/durance1/14Bue1008Cn05A_S247_L001_R1_001.fastq.gz,move
data/durance1/170710_M03930_0062_000000000-BBHKV/Data/Intensities/BaseCalls/14Bue1008Cn05A_S247_L001_R2_001.fastq.gz,consolidated_dataset/durance1/14Bue1008Cn05A_S247_L001_R2_001.fastq.gz,move
data/durance1/170710_M03930_0062_000000000-BBHKV/Data/Intensities/BaseCalls/14Bue1019Ch05A_S248_L001_R1_001.fastq.gz,consolidated_dataset/durance1/14Bue1019Ch05A_S248_L001_R1_001.fastq.gz,move
data/durance1/170710_M03930_0062_000000000-BBHKV/Data/Intensities/BaseCalls/14Bue1019Ch05A_S248_L001_R2_001.fastq.gz,consolidated_dataset/durance1/14Bue1019Ch05A_S248_L001_R2_001.fastq.gz,move
data/durance1/170710_M03930_0062_000000000-BBHKV/Data/Intensities/BaseCalls/14Man1015Ch05A_S249_L001_R1_001.fastq.gz,consolidated_dataset/durance1/14Man1015Ch05A_S249_L001_R1_001.fastq.gz,move
data/durance1/170710_M03930_0062_000000000-BBHKV/Data/Intensities/BaseCalls/14Man1015Ch05A_S249_L001_R2_001.fastq.gz,consolidated_dataset/durance1/14Man1015Ch05A_S249_L001_R2_001.fastq.gz,move
data/durance1/170710_M03930_0062_000000000-BBHKV/Data/Intensities/BaseCalls/14Per1011Ch05A_S250_L001_R1_001.fastq.gz,consolidated_dataset/durance1/14Per1011Ch05A_S250_L001_R1_001.fastq.gz,move
data/durance1/170710_M03930_0062_000000000-BBHKV/Data/Intensities/BaseCalls/14Per1011Ch05A_S250_L001_R2_001.fastq.gz,consolidated_dataset/durance1/14Per1011Ch05A_S250_L001_R2_001.fastq.gz,move
data/durance1/170710_M03930_0062_000000000-BBHKV/Data/Intensities/BaseCalls/14Per2015Ch05A_S251_L001_R1_001.fastq.gz,consolidated_dataset/durance1/14Per2015Ch05A_S251_L001_R1_001.fastq.gz,move
data/durance1/170710_M03930_0062_000000000-BBHKV/Data/Intensities/BaseCalls/14Per2015Ch05A_S251_L001_R2_001.fastq.gz,consolidated_dataset/durance1/14Per2015Ch05A_S251_L001_R2_001.fastq.gz,move
data/durance1/170710_M03930_0062_000000000-BBHKV/Data/Intensities/BaseCalls/empty-8_S252_L001_R1_001.fastq.gz,consolidated_dataset/durance1/empty-8_S252_L001_R1_001.fastq.gz,move
data/durance1/170710_M03930_0062_000000000-BBHKV/Data/Intensities/BaseCalls/empty-8_S252_L001_R2_001.fastq.gz,consolidated_dataset/durance1/empty-8_S252_L001_R2_001.fastq.gz,move
data/durance1/170710_M03930_0062_000000000-BBHKV/Data/Intensities/BaseCalls/14Ain1014Pt05A_S253_L001_R1_001.fastq.gz,consolidated_dataset/durance1/14Ain1014Pt05A_S253_L001_R1_001.fastq.gz,move
data/durance1/170710_M03930_0062_000000000-BBHKV/Data/Intensities/BaseCalls/14Ain1014Pt05A_S253_L001_R2_001.fastq.gz,consolidated_dataset/durance1/14Ain1014Pt05A_S253_L001_R2_001.fastq.gz,move
data/durance1/170710_M03930_0062_000000000-BBHKV/Data/Intensities/BaseCalls/14Ain1043Pt05A_S254_L001_R1_001.fastq.gz,consolidated_dataset/durance1/14Ain1043Pt05A_S254_L001_R1_001.fastq.gz,move
data/durance1/170710_M03930_0062_000000000-BBHKV/Data/Intensities/BaseCalls/14Ain1043Pt05A_S254_L001_R2_001.fastq.gz,consolidated_dataset/durance1/14Ain1043Pt05A_S254_L001_R2_001.fastq.gz,move
data/durance1/170710_M03930_0062_000000000-BBHKV/Data/Intensities/BaseCalls/15Cab1008Ch05A_S255_L001_R1_001.fastq.gz,consolidated_dataset/durance1/15Cab1008Ch05A_S255_L001_R1_001.fastq.gz,move
data/durance1/170710_M03930_0062_000000000-BBHKV/Data/Intensities/BaseCalls/15Cab1008Ch05A_S255_L001_R2_001.fastq.gz,consolidated_dataset/durance1/15Cab1008Ch05A_S255_L001_R2_001.fastq.gz,move
data/durance1/170710_M03930_0062_000000000-BBHKV/Data/Intensities/BaseCalls/15Cab1016Ch05A_S256_L001_R1_001.fastq.gz,consolidated_dataset/durance1/15Cab1016Ch05A_S256_L001_R1_001.fastq.gz,move
data/durance1/170710_M03930_0062_000000000-BBHKV/Data/Intensities/BaseCalls/15Cab1016Ch05A_S256_L001_R2_001.fastq.gz,consolidated_dataset/durance1/15Cab1016Ch05A_S256_L001_R2_001.fastq.gz,move
data/durance1/170710_M03930_0062_000000000-BBHKV/Data/Intensities/BaseCalls/14Avi1005Cn05A_S257_L001_R1_001.fastq.gz,consolidated_dataset/durance1/14Avi1005Cn05A_S257_L001_R1_001.fastq.gz,move
data/durance1/170710_M03930_0062_000000000-BBHKV/Data/Intensities/BaseCalls/14Avi1005Cn05A_S257_L001_R2_001.fastq.gz,consolidated_dataset/durance1/14Avi1005Cn05A_S257_L001_R2_001.fastq.gz,move
data/durance1/170710_M03930_0062_000000000-BBHKV/Data/Intensities/BaseCalls/14Bue1002Cn05A_S258_L001_R1_001.fastq.gz,consolidated_dataset/durance1/14Bue1002Cn05A_S258_L001_R1_001.fastq.gz,move
data/durance1/170710_M03930_0062_000000000-BBHKV/Data/Intensities/BaseCalls/14Bue1002Cn05A_S258_L001_R2_001.fastq.gz,consolidated_dataset/durance1/14Bue1002Cn05A_S258_L001_R2_001.fastq.gz,move
data/durance1/170710_M03930_0062_000000000-BBHKV/Data/Intensities/BaseCalls/14Bue1011Ch05A_S259_L001_R1_001.fastq.gz,consolidated_dataset/durance1/14Bue1011Ch05A_S259_L001_R1_001.fastq.gz,move
data/durance1/170710_M03930_0062_000000000-BBHKV/Data/Intensities/BaseCalls/14Bue1011Ch05A_S259_L001_R2_001.fastq.gz,consolidated_dataset/durance1/14Bue1011Ch05A_S259_L001_R2_001.fastq.gz,move
data/durance1/170710_M03930_0062_000000000-BBHKV/Data/Intensities/BaseCalls/14Man1001Cn05A_S260_L001_R1_001.fastq.gz,consolidated_dataset/durance1/14Man1001Cn05A_S260_L001_R1_001.fastq.gz,move
data/durance1/170710_M03930_0062_000000000-BBHKV/Data/Intensities/BaseCalls/14Man1001Cn05A_S260_L001_R2_001.fastq.gz,consolidated_dataset/durance1/14Man1001Cn05A_S260_L001_R2_001.fastq.gz,move
data/durance1/170710_M03930_0062_000000000-BBHKV/Data/Intensities/BaseCalls/14Man1016Ch05A_S261_L001_R1_001.fastq.gz,consolidated_dataset/durance1/14Man1016Ch05A_S261_L001_R1_001.fastq.gz,move
data/durance1/170710_M03930_0062_000000000-BBHKV/Data/Intensities/BaseCalls/14Man1016Ch05A_S261_L001_R2_001.fastq.gz,consolidated_dataset/durance1/14Man1016Ch05A_S261_L001_R2_001.fastq.gz,move
data/durance1/170710_M03930_0062_000000000-BBHKV/Data/Intensities/BaseCalls/14Per1012Ch05A_S262_L001_R1_001.fastq.gz,consolidated_dataset/durance1/14Per1012Ch05A_S262_L001_R1_001.fastq.gz,move
data/durance1/170710_M03930_0062_000000000-BBHKV/Data/Intensities/BaseCalls/14Per1012Ch05A_S262_L001_R2_001.fastq.gz,consolidated_dataset/durance1/14Per1012Ch05A_S262_L001_R2_001.fastq.gz,move
data/durance1/170710_M03930_0062_000000000-BBHKV/Data/Intensities/BaseCalls/Blanc-Branchie_S263_L001_R1_001.fastq.gz,consolidated_dataset/durance1/Blanc-Branchie_S263_L001_R1_001.fastq.gz,move
data/durance1/170710_M03930_0062_000000000-BBHKV/Data/Intensities/BaseCalls/Blanc-Branchie_S263_L001_R2_001.fastq.gz,consolidated_dataset/durance1/Blanc-Branchie_S263_L001_R2_001.fastq.gz,move
data/durance1/170710_M03930_0062_000000000-BBHKV/Data/Intensities/BaseCalls/empty-9_S264_L001_R1_001.fastq.gz,consolidated_dataset/durance1/empty-9_S264_L001_R1_001.fastq.gz,move
data/durance1/170710_M03930_0062_000000000-BBHKV/Data/Intensities/BaseCalls/empty-9_S264_L001_R2_001.fastq.gz,consolidated_dataset/durance1/empty-9_S264_L001_R2_001.fastq.gz,move
data/durance1/170710_M03930_0062_000000000-BBHKV/Data/Intensities/BaseCalls/14Ain1036Cn05A_S265_L001_R1_001.fastq.gz,consolidated_dataset/durance1/14Ain1036Cn05A_S265_L001_R1_001.fastq.gz,move
data/durance1/170710_M03930_0062_000000000-BBHKV/Data/Intensities/BaseCalls/14Ain1036Cn05A_S265_L001_R2_001.fastq.gz,consolidated_dataset/durance1/14Ain1036Cn05A_S265_L001_R2_001.fastq.gz,move
data/durance1/170710_M03930_0062_000000000-BBHKV/Data/Intensities/BaseCalls/15Cab1001Ch05A_S266_L001_R1_001.fastq.gz,consolidated_dataset/durance1/15Cab1001Ch05A_S266_L001_R1_001.fastq.gz,move
data/durance1/170710_M03930_0062_000000000-BBHKV/Data/Intensities/BaseCalls/15Cab1001Ch05A_S266_L001_R2_001.fastq.gz,consolidated_dataset/durance1/15Cab1001Ch05A_S266_L001_R2_001.fastq.gz,move
data/durance1/170710_M03930_0062_000000000-BBHKV/Data/Intensities/BaseCalls/15Cab1009Ch05A_S267_L001_R1_001.fastq.gz,consolidated_dataset/durance1/15Cab1009Ch05A_S267_L001_R1_001.fastq.gz,move
data/durance1/170710_M03930_0062_000000000-BBHKV/Data/Intensities/BaseCalls/15Cab1009Ch05A_S267_L001_R2_001.fastq.gz,consolidated_dataset/durance1/15Cab1009Ch05A_S267_L001_R2_001.fastq.gz,move
data/durance1/170710_M03930_0062_000000000-BBHKV/Data/Intensities/BaseCalls/15Cab1017Ch05A_S268_L001_R1_001.fastq.gz,consolidated_dataset/durance1/15Cab1017Ch05A_S268_L001_R1_001.fastq.gz,move
data/durance1/170710_M03930_0062_000000000-BBHKV/Data/Intensities/BaseCalls/15Cab1017Ch05A_S268_L001_R2_001.fastq.gz,consolidated_dataset/durance1/15Cab1017Ch05A_S268_L001_R2_001.fastq.gz,move
data/durance1/170710_M03930_0062_000000000-BBHKV/Data/Intensities/BaseCalls/14Avi1006Cn05A_S269_L001_R1_001.fastq.gz,consolidated_dataset/durance1/14Avi1006Cn05A_S269_L001_R1_001.fastq.gz,move
data/durance1/170710_M03930_0062_000000000-BBHKV/Data/Intensities/BaseCalls/14Avi1006Cn05A_S269_L001_R2_001.fastq.gz,consolidated_dataset/durance1/14Avi1006Cn05A_S269_L001_R2_001.fastq.gz,move
data/durance1/170710_M03930_0062_000000000-BBHKV/Data/Intensities/BaseCalls/14Bue1003Cn05A_S270_L001_R1_001.fastq.gz,consolidated_dataset/durance1/14Bue1003Cn05A_S270_L001_R1_001.fastq.gz,move
data/durance1/170710_M03930_0062_000000000-BBHKV/Data/Intensities/BaseCalls/14Bue1003Cn05A_S270_L001_R2_001.fastq.gz,consolidated_dataset/durance1/14Bue1003Cn05A_S270_L001_R2_001.fastq.gz,move
data/durance1/170710_M03930_0062_000000000-BBHKV/Data/Intensities/BaseCalls/14Bue1012Ch05A_S271_L001_R1_001.fastq.gz,consolidated_dataset/durance1/14Bue1012Ch05A_S271_L001_R1_001.fastq.gz,move
data/durance1/170710_M03930_0062_000000000-BBHKV/Data/Intensities/BaseCalls/14Bue1012Ch05A_S271_L001_R2_001.fastq.gz,consolidated_dataset/durance1/14Bue1012Ch05A_S271_L001_R2_001.fastq.gz,move
data/durance1/170710_M03930_0062_000000000-BBHKV/Data/Intensities/BaseCalls/14Man1002Cn05A_S272_L001_R1_001.fastq.gz,consolidated_dataset/durance1/14Man1002Cn05A_S272_L001_R1_001.fastq.gz,move
data/durance1/170710_M03930_0062_000000000-BBHKV/Data/Intensities/BaseCalls/14Man1002Cn05A_S272_L001_R2_001.fastq.gz,consolidated_dataset/durance1/14Man1002Cn05A_S272_L001_R2_001.fastq.gz,move
data/durance1/170710_M03930_0062_000000000-BBHKV/Data/Intensities/BaseCalls/14Man1017Ch05A_S273_L001_R1_001.fastq.gz,consolidated_dataset/durance1/14Man1017Ch05A_S273_L001_R1_001.fastq.gz,move
data/durance1/170710_M03930_0062_000000000-BBHKV/Data/Intensities/BaseCalls/14Man1017Ch05A_S273_L001_R2_001.fastq.gz,consolidated_dataset/durance1/14Man1017Ch05A_S273_L001_R2_001.fastq.gz,move
data/durance1/170710_M03930_0062_000000000-BBHKV/Data/Intensities/BaseCalls/14Per1013Ch05A_S274_L001_R1_001.fastq.gz,consolidated_dataset/durance1/14Per1013Ch05A_S274_L001_R1_001.fastq.gz,move
data/durance1/170710_M03930_0062_000000000-BBHKV/Data/Intensities/BaseCalls/14Per1013Ch05A_S274_L001_R2_001.fastq.gz,consolidated_dataset/durance1/14Per1013Ch05A_S274_L001_R2_001.fastq.gz,move
data/durance1/170710_M03930_0062_000000000-BBHKV/Data/Intensities/BaseCalls/Mock-1_S275_L001_R1_001.fastq.gz,consolidated_dataset/durance1/Mock-1_S275_L001_R1_001.fastq.gz,move
data/durance1/170710_M03930_0062_000000000-BBHKV/Data/Intensities/BaseCalls/Mock-1_S275_L001_R2_001.fastq.gz,consolidated_dataset/durance1/Mock-1_S275_L001_R2_001.fastq.gz,move
data/durance1/170710_M03930_0062_000000000-BBHKV/Data/Intensities/BaseCalls/empty-10_S276_L001_R1_001.fastq.gz,consolidated_dataset/durance1/empty-10_S276_L001_R1_001.fastq.gz,move
data/durance1/170710_M03930_0062_000000000-BBHKV/Data/Intensities/BaseCalls/empty-10_S276_L001_R2_001.fastq.gz,consolidated_dataset/durance1/empty-10_S276_L001_R2_001.fastq.gz,move
data/durance1/170710_M03930_0062_000000000-BBHKV/Data/Intensities/BaseCalls/14Ain1037Cn05A_S277_L001_R1_001.fastq.gz,consolidated_dataset/durance1/14Ain1037Cn05A_S277_L001_R1_001.fastq.gz,move
data/durance1/170710_M03930_0062_000000000-BBHKV/Data/Intensities/BaseCalls/14Ain1037Cn05A_S277_L001_R2_001.fastq.gz,consolidated_dataset/durance1/14Ain1037Cn05A_S277_L001_R2_001.fastq.gz,move
data/durance1/170710_M03930_0062_000000000-BBHKV/Data/Intensities/BaseCalls/15Cab1002Ch05A_S278_L001_R1_001.fastq.gz,consolidated_dataset/durance1/15Cab1002Ch05A_S278_L001_R1_001.fastq.gz,move
data/durance1/170710_M03930_0062_000000000-BBHKV/Data/Intensities/BaseCalls/15Cab1002Ch05A_S278_L001_R2_001.fastq.gz,consolidated_dataset/durance1/15Cab1002Ch05A_S278_L001_R2_001.fastq.gz,move
data/durance1/170710_M03930_0062_000000000-BBHKV/Data/Intensities/BaseCalls/15Cab1010Ch05A_S279_L001_R1_001.fastq.gz,consolidated_dataset/durance1/15Cab1010Ch05A_S279_L001_R1_001.fastq.gz,move
data/durance1/170710_M03930_0062_000000000-BBHKV/Data/Intensities/BaseCalls/15Cab1010Ch05A_S279_L001_R2_001.fastq.gz,consolidated_dataset/durance1/15Cab1010Ch05A_S279_L001_R2_001.fastq.gz,move
data/durance1/170710_M03930_0062_000000000-BBHKV/Data/Intensities/BaseCalls/15Cab1018Ch05A_S280_L001_R1_001.fastq.gz,consolidated_dataset/durance1/15Cab1018Ch05A_S280_L001_R1_001.fastq.gz,move
data/durance1/170710_M03930_0062_000000000-BBHKV/Data/Intensities/BaseCalls/15Cab1018Ch05A_S280_L001_R2_001.fastq.gz,consolidated_dataset/durance1/15Cab1018Ch05A_S280_L001_R2_001.fastq.gz,move
data/durance1/170710_M03930_0062_000000000-BBHKV/Data/Intensities/BaseCalls/14Avi1007Cn05A_S281_L001_R1_001.fastq.gz,consolidated_dataset/durance1/14Avi1007Cn05A_S281_L001_R1_001.fastq.gz,move
data/durance1/170710_M03930_0062_000000000-BBHKV/Data/Intensities/BaseCalls/14Avi1007Cn05A_S281_L001_R2_001.fastq.gz,consolidated_dataset/durance1/14Avi1007Cn05A_S281_L001_R2_001.fastq.gz,move
data/durance1/170710_M03930_0062_000000000-BBHKV/Data/Intensities/BaseCalls/14Bue1004Cn05A_S282_L001_R1_001.fastq.gz,consolidated_dataset/durance1/14Bue1004Cn05A_S282_L001_R1_001.fastq.gz,move
data/durance1/170710_M03930_0062_000000000-BBHKV/Data/Intensities/BaseCalls/14Bue1004Cn05A_S282_L001_R2_001.fastq.gz,consolidated_dataset/durance1/14Bue1004Cn05A_S282_L001_R2_001.fastq.gz,move
data/durance1/170710_M03930_0062_000000000-BBHKV/Data/Intensities/BaseCalls/14Bue1013Ch05A_S283_L001_R1_001.fastq.gz,consolidated_dataset/durance1/14Bue1013Ch05A_S283_L001_R1_001.fastq.gz,move
data/durance1/170710_M03930_0062_000000000-BBHKV/Data/Intensities/BaseCalls/14Bue1013Ch05A_S283_L001_R2_001.fastq.gz,consolidated_dataset/durance1/14Bue1013Ch05A_S283_L001_R2_001.fastq.gz,move
data/durance1/170710_M03930_0062_000000000-BBHKV/Data/Intensities/BaseCalls/14Man1010Cn05A_S284_L001_R1_001.fastq.gz,consolidated_dataset/durance1/14Man1010Cn05A_S284_L001_R1_001.fastq.gz,move
data/durance1/170710_M03930_0062_000000000-BBHKV/Data/Intensities/BaseCalls/14Man1010Cn05A_S284_L001_R2_001.fastq.gz,consolidated_dataset/durance1/14Man1010Cn05A_S284_L001_R2_001.fastq.gz,move
data/durance1/170710_M03930_0062_000000000-BBHKV/Data/Intensities/BaseCalls/14Man1018Ch05A_S285_L001_R1_001.fastq.gz,consolidated_dataset/durance1/14Man1018Ch05A_S285_L001_R1_001.fastq.gz,move
data/durance1/170710_M03930_0062_000000000-BBHKV/Data/Intensities/BaseCalls/14Man1018Ch05A_S285_L001_R2_001.fastq.gz,consolidated_dataset/durance1/14Man1018Ch05A_S285_L001_R2_001.fastq.gz,move
data/durance1/170710_M03930_0062_000000000-BBHKV/Data/Intensities/BaseCalls/14Per1014Ch05A_S286_L001_R1_001.fastq.gz,consolidated_dataset/durance1/14Per1014Ch05A_S286_L001_R1_001.fastq.gz,move
data/durance1/170710_M03930_0062_000000000-BBHKV/Data/Intensities/BaseCalls/14Per1014Ch05A_S286_L001_R2_001.fastq.gz,consolidated_dataset/durance1/14Per1014Ch05A_S286_L001_R2_001.fastq.gz,move
data/durance1/170710_M03930_0062_000000000-BBHKV/Data/Intensities/BaseCalls/T-3_S287_L001_R1_001.fastq.gz,consolidated_dataset/durance1/T-3_S287_L001_R1_001.fastq.gz,move
data/durance1/170710_M03930_0062_000000000-BBHKV/Data/Intensities/BaseCalls/T-3_S287_L001_R2_001.fastq.gz,consolidated_dataset/durance1/T-3_S287_L001_R2_001.fastq.gz,move
data/durance1/170710_M03930_0062_000000000-BBHKV/Data/Intensities/BaseCalls/empty-11_S288_L001_R1_001.fastq.gz,consolidated_dataset/durance1/empty-11_S288_L001_R1_001.fastq.gz,move
data/durance1/170710_M03930_0062_000000000-BBHKV/Data/Intensities/BaseCalls/empty-11_S288_L001_R2_001.fastq.gz,consolidated_dataset/durance1/empty-11_S288_L001_R2_001.fastq.gz,move
data/durance1/170710_M03930_0062_000000000-BBHKV/Data/Intensities/BaseCalls/15Bau1001Ch05A_S289_L001_R1_001.fastq.gz,consolidated_dataset/durance1/15Bau1001Ch05A_S289_L001_R1_001.fastq.gz,move
data/durance1/170710_M03930_0062_000000000-BBHKV/Data/Intensities/BaseCalls/15Bau1001Ch05A_S289_L001_R2_001.fastq.gz,consolidated_dataset/durance1/15Bau1001Ch05A_S289_L001_R2_001.fastq.gz,move
data/durance1/170710_M03930_0062_000000000-BBHKV/Data/Intensities/BaseCalls/15Bau1009Ch05A_S290_L001_R1_001.fastq.gz,consolidated_dataset/durance1/15Bau1009Ch05A_S290_L001_R1_001.fastq.gz,move
data/durance1/170710_M03930_0062_000000000-BBHKV/Data/Intensities/BaseCalls/15Bau1009Ch05A_S290_L001_R2_001.fastq.gz,consolidated_dataset/durance1/15Bau1009Ch05A_S290_L001_R2_001.fastq.gz,move
data/durance1/170710_M03930_0062_000000000-BBHKV/Data/Intensities/BaseCalls/15Bau1017Ch05A_S291_L001_R1_001.fastq.gz,consolidated_dataset/durance1/15Bau1017Ch05A_S291_L001_R1_001.fastq.gz,move
data/durance1/170710_M03930_0062_000000000-BBHKV/Data/Intensities/BaseCalls/15Bau1017Ch05A_S291_L001_R2_001.fastq.gz,consolidated_dataset/durance1/15Bau1017Ch05A_S291_L001_R2_001.fastq.gz,move
data/durance1/170710_M03930_0062_000000000-BBHKV/Data/Intensities/BaseCalls/15Bau1025Ch05A_S292_L001_R1_001.fastq.gz,consolidated_dataset/durance1/15Bau1025Ch05A_S292_L001_R1_001.fastq.gz,move
data/durance1/170710_M03930_0062_000000000-BBHKV/Data/Intensities/BaseCalls/15Bau1025Ch05A_S292_L001_R2_001.fastq.gz,consolidated_dataset/durance1/15Bau1025Ch05A_S292_L001_R2_001.fastq.gz,move
data/durance1/170710_M03930_0062_000000000-BBHKV/Data/Intensities/BaseCalls/15Jus1008Ch05A_S293_L001_R1_001.fastq.gz,consolidated_dataset/durance1/15Jus1008Ch05A_S293_L001_R1_001.fastq.gz,move
data/durance1/170710_M03930_0062_000000000-BBHKV/Data/Intensities/BaseCalls/15Jus1008Ch05A_S293_L001_R2_001.fastq.gz,consolidated_dataset/durance1/15Jus1008Ch05A_S293_L001_R2_001.fastq.gz,move
data/durance1/170710_M03930_0062_000000000-BBHKV/Data/Intensities/BaseCalls/15Jus1016Ch05A_S294_L001_R1_001.fastq.gz,consolidated_dataset/durance1/15Jus1016Ch05A_S294_L001_R1_001.fastq.gz,move
data/durance1/170710_M03930_0062_000000000-BBHKV/Data/Intensities/BaseCalls/15Jus1016Ch05A_S294_L001_R2_001.fastq.gz,consolidated_dataset/durance1/15Jus1016Ch05A_S294_L001_R2_001.fastq.gz,move
data/durance1/170710_M03930_0062_000000000-BBHKV/Data/Intensities/BaseCalls/15Caa1005Ch05A_S295_L001_R1_001.fastq.gz,consolidated_dataset/durance1/15Caa1005Ch05A_S295_L001_R1_001.fastq.gz,move
data/durance1/170710_M03930_0062_000000000-BBHKV/Data/Intensities/BaseCalls/15Caa1005Ch05A_S295_L001_R2_001.fastq.gz,consolidated_dataset/durance1/15Caa1005Ch05A_S295_L001_R2_001.fastq.gz,move
data/durance1/170710_M03930_0062_000000000-BBHKV/Data/Intensities/BaseCalls/15Caa1013Ch05A_S296_L001_R1_001.fastq.gz,consolidated_dataset/durance1/15Caa1013Ch05A_S296_L001_R1_001.fastq.gz,move
data/durance1/170710_M03930_0062_000000000-BBHKV/Data/Intensities/BaseCalls/15Caa1013Ch05A_S296_L001_R2_001.fastq.gz,consolidated_dataset/durance1/15Caa1013Ch05A_S296_L001_R2_001.fastq.gz,move
data/durance1/170710_M03930_0062_000000000-BBHKV/Data/Intensities/BaseCalls/15Avi1001Cn05A_S297_L001_R1_001.fastq.gz,consolidated_dataset/durance1/15Avi1001Cn05A_S297_L001_R1_001.fastq.gz,move
data/durance1/170710_M03930_0062_000000000-BBHKV/Data/Intensities/BaseCalls/15Avi1001Cn05A_S297_L001_R2_001.fastq.gz,consolidated_dataset/durance1/15Avi1001Cn05A_S297_L001_R2_001.fastq.gz,move
data/durance1/170710_M03930_0062_000000000-BBHKV/Data/Intensities/BaseCalls/15Avi1009Cn05A_S298_L001_R1_001.fastq.gz,consolidated_dataset/durance1/15Avi1009Cn05A_S298_L001_R1_001.fastq.gz,move
data/durance1/170710_M03930_0062_000000000-BBHKV/Data/Intensities/BaseCalls/15Avi1009Cn05A_S298_L001_R2_001.fastq.gz,consolidated_dataset/durance1/15Avi1009Cn05A_S298_L001_R2_001.fastq.gz,move
data/durance1/170710_M03930_0062_000000000-BBHKV/Data/Intensities/BaseCalls/15BUe1004Ch05A_S299_L001_R1_001.fastq.gz,consolidated_dataset/durance1/15BUe1004Ch05A_S299_L001_R1_001.fastq.gz,move
data/durance1/170710_M03930_0062_000000000-BBHKV/Data/Intensities/BaseCalls/15BUe1004Ch05A_S299_L001_R2_001.fastq.gz,consolidated_dataset/durance1/15BUe1004Ch05A_S299_L001_R2_001.fastq.gz,move
data/durance1/170710_M03930_0062_000000000-BBHKV/Data/Intensities/BaseCalls/15BUe1012Ch05A_S300_L001_R1_001.fastq.gz,consolidated_dataset/durance1/15BUe1012Ch05A_S300_L001_R1_001.fastq.gz,move
data/durance1/170710_M03930_0062_000000000-BBHKV/Data/Intensities/BaseCalls/15BUe1012Ch05A_S300_L001_R2_001.fastq.gz,consolidated_dataset/durance1/15BUe1012Ch05A_S300_L001_R2_001.fastq.gz,move
data/durance1/170710_M03930_0062_000000000-BBHKV/Data/Intensities/BaseCalls/15Bau1002Ch05A_S301_L001_R1_001.fastq.gz,consolidated_dataset/durance1/15Bau1002Ch05A_S301_L001_R1_001.fastq.gz,move
data/durance1/170710_M03930_0062_000000000-BBHKV/Data/Intensities/BaseCalls/15Bau1002Ch05A_S301_L001_R2_001.fastq.gz,consolidated_dataset/durance1/15Bau1002Ch05A_S301_L001_R2_001.fastq.gz,move
data/durance1/170710_M03930_0062_000000000-BBHKV/Data/Intensities/BaseCalls/15Bau1010Ch05A_S302_L001_R1_001.fastq.gz,consolidated_dataset/durance1/15Bau1010Ch05A_S302_L001_R1_001.fastq.gz,move
data/durance1/170710_M03930_0062_000000000-BBHKV/Data/Intensities/BaseCalls/15Bau1010Ch05A_S302_L001_R2_001.fastq.gz,consolidated_dataset/durance1/15Bau1010Ch05A_S302_L001_R2_001.fastq.gz,move
data/durance1/170710_M03930_0062_000000000-BBHKV/Data/Intensities/BaseCalls/15Bau1018Ch05A_S303_L001_R1_001.fastq.gz,consolidated_dataset/durance1/15Bau1018Ch05A_S303_L001_R1_001.fastq.gz,move
data/durance1/170710_M03930_0062_000000000-BBHKV/Data/Intensities/BaseCalls/15Bau1018Ch05A_S303_L001_R2_001.fastq.gz,consolidated_dataset/durance1/15Bau1018Ch05A_S303_L001_R2_001.fastq.gz,move
data/durance1/170710_M03930_0062_000000000-BBHKV/Data/Intensities/BaseCalls/15Jus1001Ch05A_S304_L001_R1_001.fastq.gz,consolidated_dataset/durance1/15Jus1001Ch05A_S304_L001_R1_001.fastq.gz,move
data/durance1/170710_M03930_0062_000000000-BBHKV/Data/Intensities/BaseCalls/15Jus1001Ch05A_S304_L001_R2_001.fastq.gz,consolidated_dataset/durance1/15Jus1001Ch05A_S304_L001_R2_001.fastq.gz,move
data/durance1/170710_M03930_0062_000000000-BBHKV/Data/Intensities/BaseCalls/15Jus1009Ch05A_S305_L001_R1_001.fastq.gz,consolidated_dataset/durance1/15Jus1009Ch05A_S305_L001_R1_001.fastq.gz,move
data/durance1/170710_M03930_0062_000000000-BBHKV/Data/Intensities/BaseCalls/15Jus1009Ch05A_S305_L001_R2_001.fastq.gz,consolidated_dataset/durance1/15Jus1009Ch05A_S305_L001_R2_001.fastq.gz,move
data/durance1/170710_M03930_0062_000000000-BBHKV/Data/Intensities/BaseCalls/15Jus1017Ch05A_S306_L001_R1_001.fastq.gz,consolidated_dataset/durance1/15Jus1017Ch05A_S306_L001_R1_001.fastq.gz,move
data/durance1/170710_M03930_0062_000000000-BBHKV/Data/Intensities/BaseCalls/15Jus1017Ch05A_S306_L001_R2_001.fastq.gz,consolidated_dataset/durance1/15Jus1017Ch05A_S306_L001_R2_001.fastq.gz,move
data/durance1/170710_M03930_0062_000000000-BBHKV/Data/Intensities/BaseCalls/15Caa1006Ch05A_S307_L001_R1_001.fastq.gz,consolidated_dataset/durance1/15Caa1006Ch05A_S307_L001_R1_001.fastq.gz,move
data/durance1/170710_M03930_0062_000000000-BBHKV/Data/Intensities/BaseCalls/15Caa1006Ch05A_S307_L001_R2_001.fastq.gz,consolidated_dataset/durance1/15Caa1006Ch05A_S307_L001_R2_001.fastq.gz,move
data/durance1/170710_M03930_0062_000000000-BBHKV/Data/Intensities/BaseCalls/15Caa1014Ch05A_S308_L001_R1_001.fastq.gz,consolidated_dataset/durance1/15Caa1014Ch05A_S308_L001_R1_001.fastq.gz,move
data/durance1/170710_M03930_0062_000000000-BBHKV/Data/Intensities/BaseCalls/15Caa1014Ch05A_S308_L001_R2_001.fastq.gz,consolidated_dataset/durance1/15Caa1014Ch05A_S308_L001_R2_001.fastq.gz,move
data/durance1/170710_M03930_0062_000000000-BBHKV/Data/Intensities/BaseCalls/15Avi1002Cn05A_S309_L001_R1_001.fastq.gz,consolidated_dataset/durance1/15Avi1002Cn05A_S309_L001_R1_001.fastq.gz,move
data/durance1/170710_M03930_0062_000000000-BBHKV/Data/Intensities/BaseCalls/15Avi1002Cn05A_S309_L001_R2_001.fastq.gz,consolidated_dataset/durance1/15Avi1002Cn05A_S309_L001_R2_001.fastq.gz,move
data/durance1/170710_M03930_0062_000000000-BBHKV/Data/Intensities/BaseCalls/15Avi1010Cn05A_S310_L001_R1_001.fastq.gz,consolidated_dataset/durance1/15Avi1010Cn05A_S310_L001_R1_001.fastq.gz,move
data/durance1/170710_M03930_0062_000000000-BBHKV/Data/Intensities/BaseCalls/15Avi1010Cn05A_S310_L001_R2_001.fastq.gz,consolidated_dataset/durance1/15Avi1010Cn05A_S310_L001_R2_001.fastq.gz,move
data/durance1/170710_M03930_0062_000000000-BBHKV/Data/Intensities/BaseCalls/15BUe1005Ch05A_S311_L001_R1_001.fastq.gz,consolidated_dataset/durance1/15BUe1005Ch05A_S311_L001_R1_001.fastq.gz,move
data/durance1/170710_M03930_0062_000000000-BBHKV/Data/Intensities/BaseCalls/15BUe1005Ch05A_S311_L001_R2_001.fastq.gz,consolidated_dataset/durance1/15BUe1005Ch05A_S311_L001_R2_001.fastq.gz,move
data/durance1/170710_M03930_0062_000000000-BBHKV/Data/Intensities/BaseCalls/15BUe1013Ch05A_S312_L001_R1_001.fastq.gz,consolidated_dataset/durance1/15BUe1013Ch05A_S312_L001_R1_001.fastq.gz,move
data/durance1/170710_M03930_0062_000000000-BBHKV/Data/Intensities/BaseCalls/15BUe1013Ch05A_S312_L001_R2_001.fastq.gz,consolidated_dataset/durance1/15BUe1013Ch05A_S312_L001_R2_001.fastq.gz,move
data/durance1/170710_M03930_0062_000000000-BBHKV/Data/Intensities/BaseCalls/15Bau1003Ch05A_S313_L001_R1_001.fastq.gz,consolidated_dataset/durance1/15Bau1003Ch05A_S313_L001_R1_001.fastq.gz,move
data/durance1/170710_M03930_0062_000000000-BBHKV/Data/Intensities/BaseCalls/15Bau1003Ch05A_S313_L001_R2_001.fastq.gz,consolidated_dataset/durance1/15Bau1003Ch05A_S313_L001_R2_001.fastq.gz,move
data/durance1/170710_M03930_0062_000000000-BBHKV/Data/Intensities/BaseCalls/15Bau1011Ch05A_S314_L001_R1_001.fastq.gz,consolidated_dataset/durance1/15Bau1011Ch05A_S314_L001_R1_001.fastq.gz,move
data/durance1/170710_M03930_0062_000000000-BBHKV/Data/Intensities/BaseCalls/15Bau1011Ch05A_S314_L001_R2_001.fastq.gz,consolidated_dataset/durance1/15Bau1011Ch05A_S314_L001_R2_001.fastq.gz,move
data/durance1/170710_M03930_0062_000000000-BBHKV/Data/Intensities/BaseCalls/15Bau1019Ch05A_S315_L001_R1_001.fastq.gz,consolidated_dataset/durance1/15Bau1019Ch05A_S315_L001_R1_001.fastq.gz,move
data/durance1/170710_M03930_0062_000000000-BBHKV/Data/Intensities/BaseCalls/15Bau1019Ch05A_S315_L001_R2_001.fastq.gz,consolidated_dataset/durance1/15Bau1019Ch05A_S315_L001_R2_001.fastq.gz,move
data/durance1/170710_M03930_0062_000000000-BBHKV/Data/Intensities/BaseCalls/15Jus1002Ch05A_S316_L001_R1_001.fastq.gz,consolidated_dataset/durance1/15Jus1002Ch05A_S316_L001_R1_001.fastq.gz,move
data/durance1/170710_M03930_0062_000000000-BBHKV/Data/Intensities/BaseCalls/15Jus1002Ch05A_S316_L001_R2_001.fastq.gz,consolidated_dataset/durance1/15Jus1002Ch05A_S316_L001_R2_001.fastq.gz,move
data/durance1/170710_M03930_0062_000000000-BBHKV/Data/Intensities/BaseCalls/15Jus1010Ch05A_S317_L001_R1_001.fastq.gz,consolidated_dataset/durance1/15Jus1010Ch05A_S317_L001_R1_001.fastq.gz,move
data/durance1/170710_M03930_0062_000000000-BBHKV/Data/Intensities/BaseCalls/15Jus1010Ch05A_S317_L001_R2_001.fastq.gz,consolidated_dataset/durance1/15Jus1010Ch05A_S317_L001_R2_001.fastq.gz,move
data/durance1/170710_M03930_0062_000000000-BBHKV/Data/Intensities/BaseCalls/15Jus1018Ch05A_S318_L001_R1_001.fastq.gz,consolidated_dataset/durance1/15Jus1018Ch05A_S318_L001_R1_001.fastq.gz,move
data/durance1/170710_M03930_0062_000000000-BBHKV/Data/Intensities/BaseCalls/15Jus1018Ch05A_S318_L001_R2_001.fastq.gz,consolidated_dataset/durance1/15Jus1018Ch05A_S318_L001_R2_001.fastq.gz,move
data/durance1/170710_M03930_0062_000000000-BBHKV/Data/Intensities/BaseCalls/15Caa1007Ch05A_S319_L001_R1_001.fastq.gz,consolidated_dataset/durance1/15Caa1007Ch05A_S319_L001_R1_001.fastq.gz,move
data/durance1/170710_M03930_0062_000000000-BBHKV/Data/Intensities/BaseCalls/15Caa1007Ch05A_S319_L001_R2_001.fastq.gz,consolidated_dataset/durance1/15Caa1007Ch05A_S319_L001_R2_001.fastq.gz,move
data/durance1/170710_M03930_0062_000000000-BBHKV/Data/Intensities/BaseCalls/15Caa1015Ch05A_S320_L001_R1_001.fastq.gz,consolidated_dataset/durance1/15Caa1015Ch05A_S320_L001_R1_001.fastq.gz,move
data/durance1/170710_M03930_0062_000000000-BBHKV/Data/Intensities/BaseCalls/15Caa1015Ch05A_S320_L001_R2_001.fastq.gz,consolidated_dataset/durance1/15Caa1015Ch05A_S320_L001_R2_001.fastq.gz,move
data/durance1/170710_M03930_0062_000000000-BBHKV/Data/Intensities/BaseCalls/15Avi1003Cn05A_S321_L001_R1_001.fastq.gz,consolidated_dataset/durance1/15Avi1003Cn05A_S321_L001_R1_001.fastq.gz,move
data/durance1/170710_M03930_0062_000000000-BBHKV/Data/Intensities/BaseCalls/15Avi1003Cn05A_S321_L001_R2_001.fastq.gz,consolidated_dataset/durance1/15Avi1003Cn05A_S321_L001_R2_001.fastq.gz,move
data/durance1/170710_M03930_0062_000000000-BBHKV/Data/Intensities/BaseCalls/15Avi1011Cn05A_S322_L001_R1_001.fastq.gz,consolidated_dataset/durance1/15Avi1011Cn05A_S322_L001_R1_001.fastq.gz,move
data/durance1/170710_M03930_0062_000000000-BBHKV/Data/Intensities/BaseCalls/15Avi1011Cn05A_S322_L001_R2_001.fastq.gz,consolidated_dataset/durance1/15Avi1011Cn05A_S322_L001_R2_001.fastq.gz,move
data/durance1/170710_M03930_0062_000000000-BBHKV/Data/Intensities/BaseCalls/15BUe1006Ch05A_S323_L001_R1_001.fastq.gz,consolidated_dataset/durance1/15BUe1006Ch05A_S323_L001_R1_001.fastq.gz,move
data/durance1/170710_M03930_0062_000000000-BBHKV/Data/Intensities/BaseCalls/15BUe1006Ch05A_S323_L001_R2_001.fastq.gz,consolidated_dataset/durance1/15BUe1006Ch05A_S323_L001_R2_001.fastq.gz,move
data/durance1/170710_M03930_0062_000000000-BBHKV/Data/Intensities/BaseCalls/15BUe1014Ch05A_S324_L001_R1_001.fastq.gz,consolidated_dataset/durance1/15BUe1014Ch05A_S324_L001_R1_001.fastq.gz,move
data/durance1/170710_M03930_0062_000000000-BBHKV/Data/Intensities/BaseCalls/15BUe1014Ch05A_S324_L001_R2_001.fastq.gz,consolidated_dataset/durance1/15BUe1014Ch05A_S324_L001_R2_001.fastq.gz,move
data/durance1/170710_M03930_0062_000000000-BBHKV/Data/Intensities/BaseCalls/15Bau1004Ch05A_S325_L001_R1_001.fastq.gz,consolidated_dataset/durance1/15Bau1004Ch05A_S325_L001_R1_001.fastq.gz,move
data/durance1/170710_M03930_0062_000000000-BBHKV/Data/Intensities/BaseCalls/15Bau1004Ch05A_S325_L001_R2_001.fastq.gz,consolidated_dataset/durance1/15Bau1004Ch05A_S325_L001_R2_001.fastq.gz,move
data/durance1/170710_M03930_0062_000000000-BBHKV/Data/Intensities/BaseCalls/15Bau1012Ch05A_S326_L001_R1_001.fastq.gz,consolidated_dataset/durance1/15Bau1012Ch05A_S326_L001_R1_001.fastq.gz,move
data/durance1/170710_M03930_0062_000000000-BBHKV/Data/Intensities/BaseCalls/15Bau1012Ch05A_S326_L001_R2_001.fastq.gz,consolidated_dataset/durance1/15Bau1012Ch05A_S326_L001_R2_001.fastq.gz,move
data/durance1/170710_M03930_0062_000000000-BBHKV/Data/Intensities/BaseCalls/15Bau1020Ch05A_S327_L001_R1_001.fastq.gz,consolidated_dataset/durance1/15Bau1020Ch05A_S327_L001_R1_001.fastq.gz,move
data/durance1/170710_M03930_0062_000000000-BBHKV/Data/Intensities/BaseCalls/15Bau1020Ch05A_S327_L001_R2_001.fastq.gz,consolidated_dataset/durance1/15Bau1020Ch05A_S327_L001_R2_001.fastq.gz,move
data/durance1/170710_M03930_0062_000000000-BBHKV/Data/Intensities/BaseCalls/15Jus1003Ch05A_S328_L001_R1_001.fastq.gz,consolidated_dataset/durance1/15Jus1003Ch05A_S328_L001_R1_001.fastq.gz,move
data/durance1/170710_M03930_0062_000000000-BBHKV/Data/Intensities/BaseCalls/15Jus1003Ch05A_S328_L001_R2_001.fastq.gz,consolidated_dataset/durance1/15Jus1003Ch05A_S328_L001_R2_001.fastq.gz,move
data/durance1/170710_M03930_0062_000000000-BBHKV/Data/Intensities/BaseCalls/15Jus1011Ch05A_S329_L001_R1_001.fastq.gz,consolidated_dataset/durance1/15Jus1011Ch05A_S329_L001_R1_001.fastq.gz,move
data/durance1/170710_M03930_0062_000000000-BBHKV/Data/Intensities/BaseCalls/15Jus1011Ch05A_S329_L001_R2_001.fastq.gz,consolidated_dataset/durance1/15Jus1011Ch05A_S329_L001_R2_001.fastq.gz,move
data/durance1/170710_M03930_0062_000000000-BBHKV/Data/Intensities/BaseCalls/15Jus1019Ch05A_S330_L001_R1_001.fastq.gz,consolidated_dataset/durance1/15Jus1019Ch05A_S330_L001_R1_001.fastq.gz,move
data/durance1/170710_M03930_0062_000000000-BBHKV/Data/Intensities/BaseCalls/15Jus1019Ch05A_S330_L001_R2_001.fastq.gz,consolidated_dataset/durance1/15Jus1019Ch05A_S330_L001_R2_001.fastq.gz,move
data/durance1/170710_M03930_0062_000000000-BBHKV/Data/Intensities/BaseCalls/15Caa1008Ch05A_S331_L001_R1_001.fastq.gz,consolidated_dataset/durance1/15Caa1008Ch05A_S331_L001_R1_001.fastq.gz,move
data/durance1/170710_M03930_0062_000000000-BBHKV/Data/Intensities/BaseCalls/15Caa1008Ch05A_S331_L001_R2_001.fastq.gz,consolidated_dataset/durance1/15Caa1008Ch05A_S331_L001_R2_001.fastq.gz,move
data/durance1/170710_M03930_0062_000000000-BBHKV/Data/Intensities/BaseCalls/15Caa1016Ch05A_S332_L001_R1_001.fastq.gz,consolidated_dataset/durance1/15Caa1016Ch05A_S332_L001_R1_001.fastq.gz,move
data/durance1/170710_M03930_0062_000000000-BBHKV/Data/Intensities/BaseCalls/15Caa1016Ch05A_S332_L001_R2_001.fastq.gz,consolidated_dataset/durance1/15Caa1016Ch05A_S332_L001_R2_001.fastq.gz,move
data/durance1/170710_M03930_0062_000000000-BBHKV/Data/Intensities/BaseCalls/15Avi1004Cn05A_S333_L001_R1_001.fastq.gz,consolidated_dataset/durance1/15Avi1004Cn05A_S333_L001_R1_001.fastq.gz,move
data/durance1/170710_M03930_0062_000000000-BBHKV/Data/Intensities/BaseCalls/15Avi1004Cn05A_S333_L001_R2_001.fastq.gz,consolidated_dataset/durance1/15Avi1004Cn05A_S333_L001_R2_001.fastq.gz,move
data/durance1/170710_M03930_0062_000000000-BBHKV/Data/Intensities/BaseCalls/15Avi1012Pt05A_S334_L001_R1_001.fastq.gz,consolidated_dataset/durance1/15Avi1012Pt05A_S334_L001_R1_001.fastq.gz,move
data/durance1/170710_M03930_0062_000000000-BBHKV/Data/Intensities/BaseCalls/15Avi1012Pt05A_S334_L001_R2_001.fastq.gz,consolidated_dataset/durance1/15Avi1012Pt05A_S334_L001_R2_001.fastq.gz,move
data/durance1/170710_M03930_0062_000000000-BBHKV/Data/Intensities/BaseCalls/15BUe1007Ch05A_S335_L001_R1_001.fastq.gz,consolidated_dataset/durance1/15BUe1007Ch05A_S335_L001_R1_001.fastq.gz,move
data/durance1/170710_M03930_0062_000000000-BBHKV/Data/Intensities/BaseCalls/15BUe1007Ch05A_S335_L001_R2_001.fastq.gz,consolidated_dataset/durance1/15BUe1007Ch05A_S335_L001_R2_001.fastq.gz,move
data/durance1/170710_M03930_0062_000000000-BBHKV/Data/Intensities/BaseCalls/15BUe1015Ch05A_S336_L001_R1_001.fastq.gz,consolidated_dataset/durance1/15BUe1015Ch05A_S336_L001_R1_001.fastq.gz,move
data/durance1/170710_M03930_0062_000000000-BBHKV/Data/Intensities/BaseCalls/15BUe1015Ch05A_S336_L001_R2_001.fastq.gz,consolidated_dataset/durance1/15BUe1015Ch05A_S336_L001_R2_001.fastq.gz,move
data/durance1/170710_M03930_0062_000000000-BBHKV/Data/Intensities/BaseCalls/15Bau1005Ch05A_S337_L001_R1_001.fastq.gz,consolidated_dataset/durance1/15Bau1005Ch05A_S337_L001_R1_001.fastq.gz,move
data/durance1/170710_M03930_0062_000000000-BBHKV/Data/Intensities/BaseCalls/15Bau1005Ch05A_S337_L001_R2_001.fastq.gz,consolidated_dataset/durance1/15Bau1005Ch05A_S337_L001_R2_001.fastq.gz,move
data/durance1/170710_M03930_0062_000000000-BBHKV/Data/Intensities/BaseCalls/15Bau1013Ch05A_S338_L001_R1_001.fastq.gz,consolidated_dataset/durance1/15Bau1013Ch05A_S338_L001_R1_001.fastq.gz,move
data/durance1/170710_M03930_0062_000000000-BBHKV/Data/Intensities/BaseCalls/15Bau1013Ch05A_S338_L001_R2_001.fastq.gz,consolidated_dataset/durance1/15Bau1013Ch05A_S338_L001_R2_001.fastq.gz,move
data/durance1/170710_M03930_0062_000000000-BBHKV/Data/Intensities/BaseCalls/15Bau1021Ch05A_S339_L001_R1_001.fastq.gz,consolidated_dataset/durance1/15Bau1021Ch05A_S339_L001_R1_001.fastq.gz,move
data/durance1/170710_M03930_0062_000000000-BBHKV/Data/Intensities/BaseCalls/15Bau1021Ch05A_S339_L001_R2_001.fastq.gz,consolidated_dataset/durance1/15Bau1021Ch05A_S339_L001_R2_001.fastq.gz,move
data/durance1/170710_M03930_0062_000000000-BBHKV/Data/Intensities/BaseCalls/15Jus1004Ch05A_S340_L001_R1_001.fastq.gz,consolidated_dataset/durance1/15Jus1004Ch05A_S340_L001_R1_001.fastq.gz,move
data/durance1/170710_M03930_0062_000000000-BBHKV/Data/Intensities/BaseCalls/15Jus1004Ch05A_S340_L001_R2_001.fastq.gz,consolidated_dataset/durance1/15Jus1004Ch05A_S340_L001_R2_001.fastq.gz,move
data/durance1/170710_M03930_0062_000000000-BBHKV/Data/Intensities/BaseCalls/15Jus1012Ch05A_S341_L001_R1_001.fastq.gz,consolidated_dataset/durance1/15Jus1012Ch05A_S341_L001_R1_001.fastq.gz,move
data/durance1/170710_M03930_0062_000000000-BBHKV/Data/Intensities/BaseCalls/15Jus1012Ch05A_S341_L001_R2_001.fastq.gz,consolidated_dataset/durance1/15Jus1012Ch05A_S341_L001_R2_001.fastq.gz,move
data/durance1/170710_M03930_0062_000000000-BBHKV/Data/Intensities/BaseCalls/15Caa1001Ch05A_S342_L001_R1_001.fastq.gz,consolidated_dataset/durance1/15Caa1001Ch05A_S342_L001_R1_001.fastq.gz,move
data/durance1/170710_M03930_0062_000000000-BBHKV/Data/Intensities/BaseCalls/15Caa1001Ch05A_S342_L001_R2_001.fastq.gz,consolidated_dataset/durance1/15Caa1001Ch05A_S342_L001_R2_001.fastq.gz,move
data/durance1/170710_M03930_0062_000000000-BBHKV/Data/Intensities/BaseCalls/15Caa1009Ch05A_S343_L001_R1_001.fastq.gz,consolidated_dataset/durance1/15Caa1009Ch05A_S343_L001_R1_001.fastq.gz,move
data/durance1/170710_M03930_0062_000000000-BBHKV/Data/Intensities/BaseCalls/15Caa1009Ch05A_S343_L001_R2_001.fastq.gz,consolidated_dataset/durance1/15Caa1009Ch05A_S343_L001_R2_001.fastq.gz,move
data/durance1/170710_M03930_0062_000000000-BBHKV/Data/Intensities/BaseCalls/15Caa1017Ch05A_S344_L001_R1_001.fastq.gz,consolidated_dataset/durance1/15Caa1017Ch05A_S344_L001_R1_001.fastq.gz,move
data/durance1/170710_M03930_0062_000000000-BBHKV/Data/Intensities/BaseCalls/15Caa1017Ch05A_S344_L001_R2_001.fastq.gz,consolidated_dataset/durance1/15Caa1017Ch05A_S344_L001_R2_001.fastq.gz,move
data/durance1/170710_M03930_0062_000000000-BBHKV/Data/Intensities/BaseCalls/15Avi1005Cn05A_S345_L001_R1_001.fastq.gz,consolidated_dataset/durance1/15Avi1005Cn05A_S345_L001_R1_001.fastq.gz,move
data/durance1/170710_M03930_0062_000000000-BBHKV/Data/Intensities/BaseCalls/15Avi1005Cn05A_S345_L001_R2_001.fastq.gz,consolidated_dataset/durance1/15Avi1005Cn05A_S345_L001_R2_001.fastq.gz,move
data/durance1/170710_M03930_0062_000000000-BBHKV/Data/Intensities/BaseCalls/15Avi1013Pt05A_S346_L001_R1_001.fastq.gz,consolidated_dataset/durance1/15Avi1013Pt05A_S346_L001_R1_001.fastq.gz,move
data/durance1/170710_M03930_0062_000000000-BBHKV/Data/Intensities/BaseCalls/15Avi1013Pt05A_S346_L001_R2_001.fastq.gz,consolidated_dataset/durance1/15Avi1013Pt05A_S346_L001_R2_001.fastq.gz,move
data/durance1/170710_M03930_0062_000000000-BBHKV/Data/Intensities/BaseCalls/15BUe1008Ch05A_S347_L001_R1_001.fastq.gz,consolidated_dataset/durance1/15BUe1008Ch05A_S347_L001_R1_001.fastq.gz,move
data/durance1/170710_M03930_0062_000000000-BBHKV/Data/Intensities/BaseCalls/15BUe1008Ch05A_S347_L001_R2_001.fastq.gz,consolidated_dataset/durance1/15BUe1008Ch05A_S347_L001_R2_001.fastq.gz,move
data/durance1/170710_M03930_0062_000000000-BBHKV/Data/Intensities/BaseCalls/15BUe1016Ch05A_S348_L001_R1_001.fastq.gz,consolidated_dataset/durance1/15BUe1016Ch05A_S348_L001_R1_001.fastq.gz,move
data/durance1/170710_M03930_0062_000000000-BBHKV/Data/Intensities/BaseCalls/15BUe1016Ch05A_S348_L001_R2_001.fastq.gz,consolidated_dataset/durance1/15BUe1016Ch05A_S348_L001_R2_001.fastq.gz,move
data/durance1/170710_M03930_0062_000000000-BBHKV/Data/Intensities/BaseCalls/15Bau1006Ch05A_S349_L001_R1_001.fastq.gz,consolidated_dataset/durance1/15Bau1006Ch05A_S349_L001_R1_001.fastq.gz,move
data/durance1/170710_M03930_0062_000000000-BBHKV/Data/Intensities/BaseCalls/15Bau1006Ch05A_S349_L001_R2_001.fastq.gz,consolidated_dataset/durance1/15Bau1006Ch05A_S349_L001_R2_001.fastq.gz,move
data/durance1/170710_M03930_0062_000000000-BBHKV/Data/Intensities/BaseCalls/15Bau1014Ch05A_S350_L001_R1_001.fastq.gz,consolidated_dataset/durance1/15Bau1014Ch05A_S350_L001_R1_001.fastq.gz,move
data/durance1/170710_M03930_0062_000000000-BBHKV/Data/Intensities/BaseCalls/15Bau1014Ch05A_S350_L001_R2_001.fastq.gz,consolidated_dataset/durance1/15Bau1014Ch05A_S350_L001_R2_001.fastq.gz,move
data/durance1/170710_M03930_0062_000000000-BBHKV/Data/Intensities/BaseCalls/15Bau1022Ch05A_S351_L001_R1_001.fastq.gz,consolidated_dataset/durance1/15Bau1022Ch05A_S351_L001_R1_001.fastq.gz,move
data/durance1/170710_M03930_0062_000000000-BBHKV/Data/Intensities/BaseCalls/15Bau1022Ch05A_S351_L001_R2_001.fastq.gz,consolidated_dataset/durance1/15Bau1022Ch05A_S351_L001_R2_001.fastq.gz,move
data/durance1/170710_M03930_0062_000000000-BBHKV/Data/Intensities/BaseCalls/15Jus1005Ch05A_S352_L001_R1_001.fastq.gz,consolidated_dataset/durance1/15Jus1005Ch05A_S352_L001_R1_001.fastq.gz,move
data/durance1/170710_M03930_0062_000000000-BBHKV/Data/Intensities/BaseCalls/15Jus1005Ch05A_S352_L001_R2_001.fastq.gz,consolidated_dataset/durance1/15Jus1005Ch05A_S352_L001_R2_001.fastq.gz,move
data/durance1/170710_M03930_0062_000000000-BBHKV/Data/Intensities/BaseCalls/15Jus1013Ch05A_S353_L001_R1_001.fastq.gz,consolidated_dataset/durance1/15Jus1013Ch05A_S353_L001_R1_001.fastq.gz,move
data/durance1/170710_M03930_0062_000000000-BBHKV/Data/Intensities/BaseCalls/15Jus1013Ch05A_S353_L001_R2_001.fastq.gz,consolidated_dataset/durance1/15Jus1013Ch05A_S353_L001_R2_001.fastq.gz,move
data/durance1/170710_M03930_0062_000000000-BBHKV/Data/Intensities/BaseCalls/15Caa1002Ch05A_S354_L001_R1_001.fastq.gz,consolidated_dataset/durance1/15Caa1002Ch05A_S354_L001_R1_001.fastq.gz,move
data/durance1/170710_M03930_0062_000000000-BBHKV/Data/Intensities/BaseCalls/15Caa1002Ch05A_S354_L001_R2_001.fastq.gz,consolidated_dataset/durance1/15Caa1002Ch05A_S354_L001_R2_001.fastq.gz,move
data/durance1/170710_M03930_0062_000000000-BBHKV/Data/Intensities/BaseCalls/15Caa1010Ch05A_S355_L001_R1_001.fastq.gz,consolidated_dataset/durance1/15Caa1010Ch05A_S355_L001_R1_001.fastq.gz,move
data/durance1/170710_M03930_0062_000000000-BBHKV/Data/Intensities/BaseCalls/15Caa1010Ch05A_S355_L001_R2_001.fastq.gz,consolidated_dataset/durance1/15Caa1010Ch05A_S355_L001_R2_001.fastq.gz,move
data/durance1/170710_M03930_0062_000000000-BBHKV/Data/Intensities/BaseCalls/15Caa1018Ch05A_S356_L001_R1_001.fastq.gz,consolidated_dataset/durance1/15Caa1018Ch05A_S356_L001_R1_001.fastq.gz,move
data/durance1/170710_M03930_0062_000000000-BBHKV/Data/Intensities/BaseCalls/15Caa1018Ch05A_S356_L001_R2_001.fastq.gz,consolidated_dataset/durance1/15Caa1018Ch05A_S356_L001_R2_001.fastq.gz,move
data/durance1/170710_M03930_0062_000000000-BBHKV/Data/Intensities/BaseCalls/15Avi1006Cn05A_S357_L001_R1_001.fastq.gz,consolidated_dataset/durance1/15Avi1006Cn05A_S357_L001_R1_001.fastq.gz,move
data/durance1/170710_M03930_0062_000000000-BBHKV/Data/Intensities/BaseCalls/15Avi1006Cn05A_S357_L001_R2_001.fastq.gz,consolidated_dataset/durance1/15Avi1006Cn05A_S357_L001_R2_001.fastq.gz,move
data/durance1/170710_M03930_0062_000000000-BBHKV/Data/Intensities/BaseCalls/15Bue1001Ch05A_S358_L001_R1_001.fastq.gz,consolidated_dataset/durance1/15Bue1001Ch05A_S358_L001_R1_001.fastq.gz,move
data/durance1/170710_M03930_0062_000000000-BBHKV/Data/Intensities/BaseCalls/15Bue1001Ch05A_S358_L001_R2_001.fastq.gz,consolidated_dataset/durance1/15Bue1001Ch05A_S358_L001_R2_001.fastq.gz,move
data/durance1/170710_M03930_0062_000000000-BBHKV/Data/Intensities/BaseCalls/15BUe1009Ch05A_S359_L001_R1_001.fastq.gz,consolidated_dataset/durance1/15BUe1009Ch05A_S359_L001_R1_001.fastq.gz,move
data/durance1/170710_M03930_0062_000000000-BBHKV/Data/Intensities/BaseCalls/15BUe1009Ch05A_S359_L001_R2_001.fastq.gz,consolidated_dataset/durance1/15BUe1009Ch05A_S359_L001_R2_001.fastq.gz,move
data/durance1/170710_M03930_0062_000000000-BBHKV/Data/Intensities/BaseCalls/15BUe1017Ch05A_S360_L001_R1_001.fastq.gz,consolidated_dataset/durance1/15BUe1017Ch05A_S360_L001_R1_001.fastq.gz,move
data/durance1/170710_M03930_0062_000000000-BBHKV/Data/Intensities/BaseCalls/15BUe1017Ch05A_S360_L001_R2_001.fastq.gz,consolidated_dataset/durance1/15BUe1017Ch05A_S360_L001_R2_001.fastq.gz,move
data/durance1/170710_M03930_0062_000000000-BBHKV/Data/Intensities/BaseCalls/15Bau1007Ch05A_S361_L001_R1_001.fastq.gz,consolidated_dataset/durance1/15Bau1007Ch05A_S361_L001_R1_001.fastq.gz,move
data/durance1/170710_M03930_0062_000000000-BBHKV/Data/Intensities/BaseCalls/15Bau1007Ch05A_S361_L001_R2_001.fastq.gz,consolidated_dataset/durance1/15Bau1007Ch05A_S361_L001_R2_001.fastq.gz,move
data/durance1/170710_M03930_0062_000000000-BBHKV/Data/Intensities/BaseCalls/15Bau1015Ch05A_S362_L001_R1_001.fastq.gz,consolidated_dataset/durance1/15Bau1015Ch05A_S362_L001_R1_001.fastq.gz,move
data/durance1/170710_M03930_0062_000000000-BBHKV/Data/Intensities/BaseCalls/15Bau1015Ch05A_S362_L001_R2_001.fastq.gz,consolidated_dataset/durance1/15Bau1015Ch05A_S362_L001_R2_001.fastq.gz,move
data/durance1/170710_M03930_0062_000000000-BBHKV/Data/Intensities/BaseCalls/15Bau1023Ch05A_S363_L001_R1_001.fastq.gz,consolidated_dataset/durance1/15Bau1023Ch05A_S363_L001_R1_001.fastq.gz,move
data/durance1/170710_M03930_0062_000000000-BBHKV/Data/Intensities/BaseCalls/15Bau1023Ch05A_S363_L001_R2_001.fastq.gz,consolidated_dataset/durance1/15Bau1023Ch05A_S363_L001_R2_001.fastq.gz,move
data/durance1/170710_M03930_0062_000000000-BBHKV/Data/Intensities/BaseCalls/15Jus1006Ch05A_S364_L001_R1_001.fastq.gz,consolidated_dataset/durance1/15Jus1006Ch05A_S364_L001_R1_001.fastq.gz,move
data/durance1/170710_M03930_0062_000000000-BBHKV/Data/Intensities/BaseCalls/15Jus1006Ch05A_S364_L001_R2_001.fastq.gz,consolidated_dataset/durance1/15Jus1006Ch05A_S364_L001_R2_001.fastq.gz,move
data/durance1/170710_M03930_0062_000000000-BBHKV/Data/Intensities/BaseCalls/15Jus1014Ch05A_S365_L001_R1_001.fastq.gz,consolidated_dataset/durance1/15Jus1014Ch05A_S365_L001_R1_001.fastq.gz,move
data/durance1/170710_M03930_0062_000000000-BBHKV/Data/Intensities/BaseCalls/15Jus1014Ch05A_S365_L001_R2_001.fastq.gz,consolidated_dataset/durance1/15Jus1014Ch05A_S365_L001_R2_001.fastq.gz,move
data/durance1/170710_M03930_0062_000000000-BBHKV/Data/Intensities/BaseCalls/15Caa1003Ch05A_S366_L001_R1_001.fastq.gz,consolidated_dataset/durance1/15Caa1003Ch05A_S366_L001_R1_001.fastq.gz,move
data/durance1/170710_M03930_0062_000000000-BBHKV/Data/Intensities/BaseCalls/15Caa1003Ch05A_S366_L001_R2_001.fastq.gz,consolidated_dataset/durance1/15Caa1003Ch05A_S366_L001_R2_001.fastq.gz,move
data/durance1/170710_M03930_0062_000000000-BBHKV/Data/Intensities/BaseCalls/15Caa1011Ch05A_S367_L001_R1_001.fastq.gz,consolidated_dataset/durance1/15Caa1011Ch05A_S367_L001_R1_001.fastq.gz,move
data/durance1/170710_M03930_0062_000000000-BBHKV/Data/Intensities/BaseCalls/15Caa1011Ch05A_S367_L001_R2_001.fastq.gz,consolidated_dataset/durance1/15Caa1011Ch05A_S367_L001_R2_001.fastq.gz,move
data/durance1/170710_M03930_0062_000000000-BBHKV/Data/Intensities/BaseCalls/15Caa1019Ch05A_S368_L001_R1_001.fastq.gz,consolidated_dataset/durance1/15Caa1019Ch05A_S368_L001_R1_001.fastq.gz,move
data/durance1/170710_M03930_0062_000000000-BBHKV/Data/Intensities/BaseCalls/15Caa1019Ch05A_S368_L001_R2_001.fastq.gz,consolidated_dataset/durance1/15Caa1019Ch05A_S368_L001_R2_001.fastq.gz,move
data/durance1/170710_M03930_0062_000000000-BBHKV/Data/Intensities/BaseCalls/15Avi1007Cn05A_S369_L001_R1_001.fastq.gz,consolidated_dataset/durance1/15Avi1007Cn05A_S369_L001_R1_001.fastq.gz,move
data/durance1/170710_M03930_0062_000000000-BBHKV/Data/Intensities/BaseCalls/15Avi1007Cn05A_S369_L001_R2_001.fastq.gz,consolidated_dataset/durance1/15Avi1007Cn05A_S369_L001_R2_001.fastq.gz,move
data/durance1/170710_M03930_0062_000000000-BBHKV/Data/Intensities/BaseCalls/15BUe1002Ch05A_S370_L001_R1_001.fastq.gz,consolidated_dataset/durance1/15BUe1002Ch05A_S370_L001_R1_001.fastq.gz,move
data/durance1/170710_M03930_0062_000000000-BBHKV/Data/Intensities/BaseCalls/15BUe1002Ch05A_S370_L001_R2_001.fastq.gz,consolidated_dataset/durance1/15BUe1002Ch05A_S370_L001_R2_001.fastq.gz,move
data/durance1/170710_M03930_0062_000000000-BBHKV/Data/Intensities/BaseCalls/15BUe1010Ch05A_S371_L001_R1_001.fastq.gz,consolidated_dataset/durance1/15BUe1010Ch05A_S371_L001_R1_001.fastq.gz,move
data/durance1/170710_M03930_0062_000000000-BBHKV/Data/Intensities/BaseCalls/15BUe1010Ch05A_S371_L001_R2_001.fastq.gz,consolidated_dataset/durance1/15BUe1010Ch05A_S371_L001_R2_001.fastq.gz,move
data/durance1/170710_M03930_0062_000000000-BBHKV/Data/Intensities/BaseCalls/15BUe1018Ch05A_S372_L001_R1_001.fastq.gz,consolidated_dataset/durance1/15BUe1018Ch05A_S372_L001_R1_001.fastq.gz,move
data/durance1/170710_M03930_0062_000000000-BBHKV/Data/Intensities/BaseCalls/15BUe1018Ch05A_S372_L001_R2_001.fastq.gz,consolidated_dataset/durance1/15BUe1018Ch05A_S372_L001_R2_001.fastq.gz,move
data/durance1/170710_M03930_0062_000000000-BBHKV/Data/Intensities/BaseCalls/15Bau1008Ch05A_S373_L001_R1_001.fastq.gz,consolidated_dataset/durance1/15Bau1008Ch05A_S373_L001_R1_001.fastq.gz,move
data/durance1/170710_M03930_0062_000000000-BBHKV/Data/Intensities/BaseCalls/15Bau1008Ch05A_S373_L001_R2_001.fastq.gz,consolidated_dataset/durance1/15Bau1008Ch05A_S373_L001_R2_001.fastq.gz,move
data/durance1/170710_M03930_0062_000000000-BBHKV/Data/Intensities/BaseCalls/15Bau1016Ch05A_S374_L001_R1_001.fastq.gz,consolidated_dataset/durance1/15Bau1016Ch05A_S374_L001_R1_001.fastq.gz,move
data/durance1/170710_M03930_0062_000000000-BBHKV/Data/Intensities/BaseCalls/15Bau1016Ch05A_S374_L001_R2_001.fastq.gz,consolidated_dataset/durance1/15Bau1016Ch05A_S374_L001_R2_001.fastq.gz,move
data/durance1/170710_M03930_0062_000000000-BBHKV/Data/Intensities/BaseCalls/15Bau1024Ch05A_S375_L001_R1_001.fastq.gz,consolidated_dataset/durance1/15Bau1024Ch05A_S375_L001_R1_001.fastq.gz,move
data/durance1/170710_M03930_0062_000000000-BBHKV/Data/Intensities/BaseCalls/15Bau1024Ch05A_S375_L001_R2_001.fastq.gz,consolidated_dataset/durance1/15Bau1024Ch05A_S375_L001_R2_001.fastq.gz,move
data/durance1/170710_M03930_0062_000000000-BBHKV/Data/Intensities/BaseCalls/15Jus1007Ch05A_S376_L001_R1_001.fastq.gz,consolidated_dataset/durance1/15Jus1007Ch05A_S376_L001_R1_001.fastq.gz,move
data/durance1/170710_M03930_0062_000000000-BBHKV/Data/Intensities/BaseCalls/15Jus1007Ch05A_S376_L001_R2_001.fastq.gz,consolidated_dataset/durance1/15Jus1007Ch05A_S376_L001_R2_001.fastq.gz,move
data/durance1/170710_M03930_0062_000000000-BBHKV/Data/Intensities/BaseCalls/15Jus1015Ch05A_S377_L001_R1_001.fastq.gz,consolidated_dataset/durance1/15Jus1015Ch05A_S377_L001_R1_001.fastq.gz,move
data/durance1/170710_M03930_0062_000000000-BBHKV/Data/Intensities/BaseCalls/15Jus1015Ch05A_S377_L001_R2_001.fastq.gz,consolidated_dataset/durance1/15Jus1015Ch05A_S377_L001_R2_001.fastq.gz,move
data/durance1/170710_M03930_0062_000000000-BBHKV/Data/Intensities/BaseCalls/15Caa1004Ch05A_S378_L001_R1_001.fastq.gz,consolidated_dataset/durance1/15Caa1004Ch05A_S378_L001_R1_001.fastq.gz,move
data/durance1/170710_M03930_0062_000000000-BBHKV/Data/Intensities/BaseCalls/15Caa1004Ch05A_S378_L001_R2_001.fastq.gz,consolidated_dataset/durance1/15Caa1004Ch05A_S378_L001_R2_001.fastq.gz,move
data/durance1/170710_M03930_0062_000000000-BBHKV/Data/Intensities/BaseCalls/15Caa1012Ch05A_S379_L001_R1_001.fastq.gz,consolidated_dataset/durance1/15Caa1012Ch05A_S379_L001_R1_001.fastq.gz,move
data/durance1/170710_M03930_0062_000000000-BBHKV/Data/Intensities/BaseCalls/15Caa1012Ch05A_S379_L001_R2_001.fastq.gz,consolidated_dataset/durance1/15Caa1012Ch05A_S379_L001_R2_001.fastq.gz,move
data/durance1/170710_M03930_0062_000000000-BBHKV/Data/Intensities/BaseCalls/15Caa1020Ch05A_S380_L001_R1_001.fastq.gz,consolidated_dataset/durance1/15Caa1020Ch05A_S380_L001_R1_001.fastq.gz,move
data/durance1/170710_M03930_0062_000000000-BBHKV/Data/Intensities/BaseCalls/15Caa1020Ch05A_S380_L001_R2_001.fastq.gz,consolidated_dataset/durance1/15Caa1020Ch05A_S380_L001_R2_001.fastq.gz,move
data/durance1/170710_M03930_0062_000000000-BBHKV/Data/Intensities/BaseCalls/15Avi1008Cn05A_S381_L001_R1_001.fastq.gz,consolidated_dataset/durance1/15Avi1008Cn05A_S381_L001_R1_001.fastq.gz,move
data/durance1/170710_M03930_0062_000000000-BBHKV/Data/Intensities/BaseCalls/15Avi1008Cn05A_S381_L001_R2_001.fastq.gz,consolidated_dataset/durance1/15Avi1008Cn05A_S381_L001_R2_001.fastq.gz,move
data/durance1/170710_M03930_0062_000000000-BBHKV/Data/Intensities/BaseCalls/15BUe1003Ch05A_S382_L001_R1_001.fastq.gz,consolidated_dataset/durance1/15BUe1003Ch05A_S382_L001_R1_001.fastq.gz,move
data/durance1/170710_M03930_0062_000000000-BBHKV/Data/Intensities/BaseCalls/15BUe1003Ch05A_S382_L001_R2_001.fastq.gz,consolidated_dataset/durance1/15BUe1003Ch05A_S382_L001_R2_001.fastq.gz,move
data/durance1/170710_M03930_0062_000000000-BBHKV/Data/Intensities/BaseCalls/15BUe1011Ch05A_S383_L001_R1_001.fastq.gz,consolidated_dataset/durance1/15BUe1011Ch05A_S383_L001_R1_001.fastq.gz,move
data/durance1/170710_M03930_0062_000000000-BBHKV/Data/Intensities/BaseCalls/15BUe1011Ch05A_S383_L001_R2_001.fastq.gz,consolidated_dataset/durance1/15BUe1011Ch05A_S383_L001_R2_001.fastq.gz,move
data/durance1/170710_M03930_0062_000000000-BBHKV/Data/Intensities/BaseCalls/T-4_S384_L001_R1_001.fastq.gz,consolidated_dataset/durance1/T-4_S384_L001_R1_001.fastq.gz,move
data/durance1/170710_M03930_0062_000000000-BBHKV/Data/Intensities/BaseCalls/T-4_S384_L001_R2_001.fastq.gz,consolidated_dataset/durance1/T-4_S384_L001_R2_001.fastq.gz,move
data/durance1/170710_M03930_0062_000000000-BBHKV/Data/Intensities/BaseCalls/14Ain1001Cn03A_S385_L001_R1_001.fastq.gz,consolidated_dataset/durance1/14Ain1001Cn03A_S385_L001_R1_001.fastq.gz,move
data/durance1/170710_M03930_0062_000000000-BBHKV/Data/Intensities/BaseCalls/14Ain1001Cn03A_S385_L001_R2_001.fastq.gz,consolidated_dataset/durance1/14Ain1001Cn03A_S385_L001_R2_001.fastq.gz,move
data/durance1/170710_M03930_0062_000000000-BBHKV/Data/Intensities/BaseCalls/14Ain1038Pt03A_S386_L001_R1_001.fastq.gz,consolidated_dataset/durance1/14Ain1038Pt03A_S386_L001_R1_001.fastq.gz,move
data/durance1/170710_M03930_0062_000000000-BBHKV/Data/Intensities/BaseCalls/14Ain1038Pt03A_S386_L001_R2_001.fastq.gz,consolidated_dataset/durance1/14Ain1038Pt03A_S386_L001_R2_001.fastq.gz,move
data/durance1/170710_M03930_0062_000000000-BBHKV/Data/Intensities/BaseCalls/15Cab1003Ch03A_S387_L001_R1_001.fastq.gz,consolidated_dataset/durance1/15Cab1003Ch03A_S387_L001_R1_001.fastq.gz,move
data/durance1/170710_M03930_0062_000000000-BBHKV/Data/Intensities/BaseCalls/15Cab1003Ch03A_S387_L001_R2_001.fastq.gz,consolidated_dataset/durance1/15Cab1003Ch03A_S387_L001_R2_001.fastq.gz,move
data/durance1/170710_M03930_0062_000000000-BBHKV/Data/Intensities/BaseCalls/15Cab1011Ch03A_S388_L001_R1_001.fastq.gz,consolidated_dataset/durance1/15Cab1011Ch03A_S388_L001_R1_001.fastq.gz,move
data/durance1/170710_M03930_0062_000000000-BBHKV/Data/Intensities/BaseCalls/15Cab1011Ch03A_S388_L001_R2_001.fastq.gz,consolidated_dataset/durance1/15Cab1011Ch03A_S388_L001_R2_001.fastq.gz,move
data/durance1/170710_M03930_0062_000000000-BBHKV/Data/Intensities/BaseCalls/15Cab1019Ch03A_S389_L001_R1_001.fastq.gz,consolidated_dataset/durance1/15Cab1019Ch03A_S389_L001_R1_001.fastq.gz,move
data/durance1/170710_M03930_0062_000000000-BBHKV/Data/Intensities/BaseCalls/15Cab1019Ch03A_S389_L001_R2_001.fastq.gz,consolidated_dataset/durance1/15Cab1019Ch03A_S389_L001_R2_001.fastq.gz,move
data/durance1/170710_M03930_0062_000000000-BBHKV/Data/Intensities/BaseCalls/14Avi1008Cn03A_S390_L001_R1_001.fastq.gz,consolidated_dataset/durance1/14Avi1008Cn03A_S390_L001_R1_001.fastq.gz,move
data/durance1/170710_M03930_0062_000000000-BBHKV/Data/Intensities/BaseCalls/14Avi1008Cn03A_S390_L001_R2_001.fastq.gz,consolidated_dataset/durance1/14Avi1008Cn03A_S390_L001_R2_001.fastq.gz,move
data/durance1/170710_M03930_0062_000000000-BBHKV/Data/Intensities/BaseCalls/14Bue1005Cn03A_S391_L001_R1_001.fastq.gz,consolidated_dataset/durance1/14Bue1005Cn03A_S391_L001_R1_001.fastq.gz,move
data/durance1/170710_M03930_0062_000000000-BBHKV/Data/Intensities/BaseCalls/14Bue1005Cn03A_S391_L001_R2_001.fastq.gz,consolidated_dataset/durance1/14Bue1005Cn03A_S391_L001_R2_001.fastq.gz,move
data/durance1/170710_M03930_0062_000000000-BBHKV/Data/Intensities/BaseCalls/14Bue1015Ch03A_S392_L001_R1_001.fastq.gz,consolidated_dataset/durance1/14Bue1015Ch03A_S392_L001_R1_001.fastq.gz,move
data/durance1/170710_M03930_0062_000000000-BBHKV/Data/Intensities/BaseCalls/14Bue1015Ch03A_S392_L001_R2_001.fastq.gz,consolidated_dataset/durance1/14Bue1015Ch03A_S392_L001_R2_001.fastq.gz,move
data/durance1/170710_M03930_0062_000000000-BBHKV/Data/Intensities/BaseCalls/14Man1011Ch03A_S393_L001_R1_001.fastq.gz,consolidated_dataset/durance1/14Man1011Ch03A_S393_L001_R1_001.fastq.gz,move
data/durance1/170710_M03930_0062_000000000-BBHKV/Data/Intensities/BaseCalls/14Man1011Ch03A_S393_L001_R2_001.fastq.gz,consolidated_dataset/durance1/14Man1011Ch03A_S393_L001_R2_001.fastq.gz,move
data/durance1/170710_M03930_0062_000000000-BBHKV/Data/Intensities/BaseCalls/14Man1019Ch03A_S394_L001_R1_001.fastq.gz,consolidated_dataset/durance1/14Man1019Ch03A_S394_L001_R1_001.fastq.gz,move
data/durance1/170710_M03930_0062_000000000-BBHKV/Data/Intensities/BaseCalls/14Man1019Ch03A_S394_L001_R2_001.fastq.gz,consolidated_dataset/durance1/14Man1019Ch03A_S394_L001_R2_001.fastq.gz,move
data/durance1/170710_M03930_0062_000000000-BBHKV/Data/Intensities/BaseCalls/14Per2011Ch03A_S395_L001_R1_001.fastq.gz,consolidated_dataset/durance1/14Per2011Ch03A_S395_L001_R1_001.fastq.gz,move
data/durance1/170710_M03930_0062_000000000-BBHKV/Data/Intensities/BaseCalls/14Per2011Ch03A_S395_L001_R2_001.fastq.gz,consolidated_dataset/durance1/14Per2011Ch03A_S395_L001_R2_001.fastq.gz,move
data/durance1/170710_M03930_0062_000000000-BBHKV/Data/Intensities/BaseCalls/14Per2011Ch03A-bis_S396_L001_R1_001.fastq.gz,consolidated_dataset/durance1/14Per2011Ch03A-bis_S396_L001_R1_001.fastq.gz,move
data/durance1/170710_M03930_0062_000000000-BBHKV/Data/Intensities/BaseCalls/14Per2011Ch03A-bis_S396_L001_R2_001.fastq.gz,consolidated_dataset/durance1/14Per2011Ch03A-bis_S396_L001_R2_001.fastq.gz,move
data/durance1/170710_M03930_0062_000000000-BBHKV/Data/Intensities/BaseCalls/14Ain1002Cn03A_S397_L001_R1_001.fastq.gz,consolidated_dataset/durance1/14Ain1002Cn03A_S397_L001_R1_001.fastq.gz,move
data/durance1/170710_M03930_0062_000000000-BBHKV/Data/Intensities/BaseCalls/14Ain1002Cn03A_S397_L001_R2_001.fastq.gz,consolidated_dataset/durance1/14Ain1002Cn03A_S397_L001_R2_001.fastq.gz,move
data/durance1/170710_M03930_0062_000000000-BBHKV/Data/Intensities/BaseCalls/14Ain1039Pt03A_S398_L001_R1_001.fastq.gz,consolidated_dataset/durance1/14Ain1039Pt03A_S398_L001_R1_001.fastq.gz,move
data/durance1/170710_M03930_0062_000000000-BBHKV/Data/Intensities/BaseCalls/14Ain1039Pt03A_S398_L001_R2_001.fastq.gz,consolidated_dataset/durance1/14Ain1039Pt03A_S398_L001_R2_001.fastq.gz,move
data/durance1/170710_M03930_0062_000000000-BBHKV/Data/Intensities/BaseCalls/15Cab1004Ch03A_S399_L001_R1_001.fastq.gz,consolidated_dataset/durance1/15Cab1004Ch03A_S399_L001_R1_001.fastq.gz,move
data/durance1/170710_M03930_0062_000000000-BBHKV/Data/Intensities/BaseCalls/15Cab1004Ch03A_S399_L001_R2_001.fastq.gz,consolidated_dataset/durance1/15Cab1004Ch03A_S399_L001_R2_001.fastq.gz,move
data/durance1/170710_M03930_0062_000000000-BBHKV/Data/Intensities/BaseCalls/15Cab1012Ch03A_S400_L001_R1_001.fastq.gz,consolidated_dataset/durance1/15Cab1012Ch03A_S400_L001_R1_001.fastq.gz,move
data/durance1/170710_M03930_0062_000000000-BBHKV/Data/Intensities/BaseCalls/15Cab1012Ch03A_S400_L001_R2_001.fastq.gz,consolidated_dataset/durance1/15Cab1012Ch03A_S400_L001_R2_001.fastq.gz,move
data/durance1/170710_M03930_0062_000000000-BBHKV/Data/Intensities/BaseCalls/14Avi1001Cn03A_S401_L001_R1_001.fastq.gz,consolidated_dataset/durance1/14Avi1001Cn03A_S401_L001_R1_001.fastq.gz,move
data/durance1/170710_M03930_0062_000000000-BBHKV/Data/Intensities/BaseCalls/14Avi1001Cn03A_S401_L001_R2_001.fastq.gz,consolidated_dataset/durance1/14Avi1001Cn03A_S401_L001_R2_001.fastq.gz,move
data/durance1/170710_M03930_0062_000000000-BBHKV/Data/Intensities/BaseCalls/14Avi1036-Cn03A_S402_L001_R1_001.fastq.gz,consolidated_dataset/durance1/14Avi1036-Cn03A_S402_L001_R1_001.fastq.gz,move
data/durance1/170710_M03930_0062_000000000-BBHKV/Data/Intensities/BaseCalls/14Avi1036-Cn03A_S402_L001_R2_001.fastq.gz,consolidated_dataset/durance1/14Avi1036-Cn03A_S402_L001_R2_001.fastq.gz,move
data/durance1/170710_M03930_0062_000000000-BBHKV/Data/Intensities/BaseCalls/14Bue1006Cn03A_S403_L001_R1_001.fastq.gz,consolidated_dataset/durance1/14Bue1006Cn03A_S403_L001_R1_001.fastq.gz,move
data/durance1/170710_M03930_0062_000000000-BBHKV/Data/Intensities/BaseCalls/14Bue1006Cn03A_S403_L001_R2_001.fastq.gz,consolidated_dataset/durance1/14Bue1006Cn03A_S403_L001_R2_001.fastq.gz,move
data/durance1/170710_M03930_0062_000000000-BBHKV/Data/Intensities/BaseCalls/14Bue1016Ch03A_S404_L001_R1_001.fastq.gz,consolidated_dataset/durance1/14Bue1016Ch03A_S404_L001_R1_001.fastq.gz,move
data/durance1/170710_M03930_0062_000000000-BBHKV/Data/Intensities/BaseCalls/14Bue1016Ch03A_S404_L001_R2_001.fastq.gz,consolidated_dataset/durance1/14Bue1016Ch03A_S404_L001_R2_001.fastq.gz,move
data/durance1/170710_M03930_0062_000000000-BBHKV/Data/Intensities/BaseCalls/14Man1012Ch03A_S405_L001_R1_001.fastq.gz,consolidated_dataset/durance1/14Man1012Ch03A_S405_L001_R1_001.fastq.gz,move
data/durance1/170710_M03930_0062_000000000-BBHKV/Data/Intensities/BaseCalls/14Man1012Ch03A_S405_L001_R2_001.fastq.gz,consolidated_dataset/durance1/14Man1012Ch03A_S405_L001_R2_001.fastq.gz,move
data/durance1/170710_M03930_0062_000000000-BBHKV/Data/Intensities/BaseCalls/14Man1020Ch03A_S406_L001_R1_001.fastq.gz,consolidated_dataset/durance1/14Man1020Ch03A_S406_L001_R1_001.fastq.gz,move
data/durance1/170710_M03930_0062_000000000-BBHKV/Data/Intensities/BaseCalls/14Man1020Ch03A_S406_L001_R2_001.fastq.gz,consolidated_dataset/durance1/14Man1020Ch03A_S406_L001_R2_001.fastq.gz,move
data/durance1/170710_M03930_0062_000000000-BBHKV/Data/Intensities/BaseCalls/14Per2012Ch03A_S407_L001_R1_001.fastq.gz,consolidated_dataset/durance1/14Per2012Ch03A_S407_L001_R1_001.fastq.gz,move
data/durance1/170710_M03930_0062_000000000-BBHKV/Data/Intensities/BaseCalls/14Per2012Ch03A_S407_L001_R2_001.fastq.gz,consolidated_dataset/durance1/14Per2012Ch03A_S407_L001_R2_001.fastq.gz,move
data/durance1/170710_M03930_0062_000000000-BBHKV/Data/Intensities/BaseCalls/14Per2012Ch03A-bis_S408_L001_R1_001.fastq.gz,consolidated_dataset/durance1/14Per2012Ch03A-bis_S408_L001_R1_001.fastq.gz,move
data/durance1/170710_M03930_0062_000000000-BBHKV/Data/Intensities/BaseCalls/14Per2012Ch03A-bis_S408_L001_R2_001.fastq.gz,consolidated_dataset/durance1/14Per2012Ch03A-bis_S408_L001_R2_001.fastq.gz,move
data/durance1/170710_M03930_0062_000000000-BBHKV/Data/Intensities/BaseCalls/14Ain1011Pt03A_S409_L001_R1_001.fastq.gz,consolidated_dataset/durance1/14Ain1011Pt03A_S409_L001_R1_001.fastq.gz,move
data/durance1/170710_M03930_0062_000000000-BBHKV/Data/Intensities/BaseCalls/14Ain1011Pt03A_S409_L001_R2_001.fastq.gz,consolidated_dataset/durance1/14Ain1011Pt03A_S409_L001_R2_001.fastq.gz,move
data/durance1/170710_M03930_0062_000000000-BBHKV/Data/Intensities/BaseCalls/14Ain1040Pt03A_S410_L001_R1_001.fastq.gz,consolidated_dataset/durance1/14Ain1040Pt03A_S410_L001_R1_001.fastq.gz,move
data/durance1/170710_M03930_0062_000000000-BBHKV/Data/Intensities/BaseCalls/14Ain1040Pt03A_S410_L001_R2_001.fastq.gz,consolidated_dataset/durance1/14Ain1040Pt03A_S410_L001_R2_001.fastq.gz,move
data/durance1/170710_M03930_0062_000000000-BBHKV/Data/Intensities/BaseCalls/15Cab1005Ch03A_S411_L001_R1_001.fastq.gz,consolidated_dataset/durance1/15Cab1005Ch03A_S411_L001_R1_001.fastq.gz,move
data/durance1/170710_M03930_0062_000000000-BBHKV/Data/Intensities/BaseCalls/15Cab1005Ch03A_S411_L001_R2_001.fastq.gz,consolidated_dataset/durance1/15Cab1005Ch03A_S411_L001_R2_001.fastq.gz,move
data/durance1/170710_M03930_0062_000000000-BBHKV/Data/Intensities/BaseCalls/15Cab1013Ch03A_S412_L001_R1_001.fastq.gz,consolidated_dataset/durance1/15Cab1013Ch03A_S412_L001_R1_001.fastq.gz,move
data/durance1/170710_M03930_0062_000000000-BBHKV/Data/Intensities/BaseCalls/15Cab1013Ch03A_S412_L001_R2_001.fastq.gz,consolidated_dataset/durance1/15Cab1013Ch03A_S412_L001_R2_001.fastq.gz,move
data/durance1/170710_M03930_0062_000000000-BBHKV/Data/Intensities/BaseCalls/14Avi1002Cn03A_S413_L001_R1_001.fastq.gz,consolidated_dataset/durance1/14Avi1002Cn03A_S413_L001_R1_001.fastq.gz,move
data/durance1/170710_M03930_0062_000000000-BBHKV/Data/Intensities/BaseCalls/14Avi1002Cn03A_S413_L001_R2_001.fastq.gz,consolidated_dataset/durance1/14Avi1002Cn03A_S413_L001_R2_001.fastq.gz,move
data/durance1/170710_M03930_0062_000000000-BBHKV/Data/Intensities/BaseCalls/14Avi1037Cn03A_S414_L001_R1_001.fastq.gz,consolidated_dataset/durance1/14Avi1037Cn03A_S414_L001_R1_001.fastq.gz,move
data/durance1/170710_M03930_0062_000000000-BBHKV/Data/Intensities/BaseCalls/14Avi1037Cn03A_S414_L001_R2_001.fastq.gz,consolidated_dataset/durance1/14Avi1037Cn03A_S414_L001_R2_001.fastq.gz,move
data/durance1/170710_M03930_0062_000000000-BBHKV/Data/Intensities/BaseCalls/14Bue1007Cn03A_S415_L001_R1_001.fastq.gz,consolidated_dataset/durance1/14Bue1007Cn03A_S415_L001_R1_001.fastq.gz,move
data/durance1/170710_M03930_0062_000000000-BBHKV/Data/Intensities/BaseCalls/14Bue1007Cn03A_S415_L001_R2_001.fastq.gz,consolidated_dataset/durance1/14Bue1007Cn03A_S415_L001_R2_001.fastq.gz,move
data/durance1/170710_M03930_0062_000000000-BBHKV/Data/Intensities/BaseCalls/14Bue1017Ch03A_S416_L001_R1_001.fastq.gz,consolidated_dataset/durance1/14Bue1017Ch03A_S416_L001_R1_001.fastq.gz,move
data/durance1/170710_M03930_0062_000000000-BBHKV/Data/Intensities/BaseCalls/14Bue1017Ch03A_S416_L001_R2_001.fastq.gz,consolidated_dataset/durance1/14Bue1017Ch03A_S416_L001_R2_001.fastq.gz,move
data/durance1/170710_M03930_0062_000000000-BBHKV/Data/Intensities/BaseCalls/14Man1013Ch03A_S417_L001_R1_001.fastq.gz,consolidated_dataset/durance1/14Man1013Ch03A_S417_L001_R1_001.fastq.gz,move
data/durance1/170710_M03930_0062_000000000-BBHKV/Data/Intensities/BaseCalls/14Man1013Ch03A_S417_L001_R2_001.fastq.gz,consolidated_dataset/durance1/14Man1013Ch03A_S417_L001_R2_001.fastq.gz,move
data/durance1/170710_M03930_0062_000000000-BBHKV/Data/Intensities/BaseCalls/14Man1021Ch03A_S418_L001_R1_001.fastq.gz,consolidated_dataset/durance1/14Man1021Ch03A_S418_L001_R1_001.fastq.gz,move
data/durance1/170710_M03930_0062_000000000-BBHKV/Data/Intensities/BaseCalls/14Man1021Ch03A_S418_L001_R2_001.fastq.gz,consolidated_dataset/durance1/14Man1021Ch03A_S418_L001_R2_001.fastq.gz,move
data/durance1/170710_M03930_0062_000000000-BBHKV/Data/Intensities/BaseCalls/14Per2013Ch03A_S419_L001_R1_001.fastq.gz,consolidated_dataset/durance1/14Per2013Ch03A_S419_L001_R1_001.fastq.gz,move
data/durance1/170710_M03930_0062_000000000-BBHKV/Data/Intensities/BaseCalls/14Per2013Ch03A_S419_L001_R2_001.fastq.gz,consolidated_dataset/durance1/14Per2013Ch03A_S419_L001_R2_001.fastq.gz,move
data/durance1/170710_M03930_0062_000000000-BBHKV/Data/Intensities/BaseCalls/empty-12_S420_L001_R1_001.fastq.gz,consolidated_dataset/durance1/empty-12_S420_L001_R1_001.fastq.gz,move
data/durance1/170710_M03930_0062_000000000-BBHKV/Data/Intensities/BaseCalls/empty-12_S420_L001_R2_001.fastq.gz,consolidated_dataset/durance1/empty-12_S420_L001_R2_001.fastq.gz,move
data/durance1/170710_M03930_0062_000000000-BBHKV/Data/Intensities/BaseCalls/14Ain1012Pt03A_S421_L001_R1_001.fastq.gz,consolidated_dataset/durance1/14Ain1012Pt03A_S421_L001_R1_001.fastq.gz,move
data/durance1/170710_M03930_0062_000000000-BBHKV/Data/Intensities/BaseCalls/14Ain1012Pt03A_S421_L001_R2_001.fastq.gz,consolidated_dataset/durance1/14Ain1012Pt03A_S421_L001_R2_001.fastq.gz,move
data/durance1/170710_M03930_0062_000000000-BBHKV/Data/Intensities/BaseCalls/14Ain1041Pt03A_S422_L001_R1_001.fastq.gz,consolidated_dataset/durance1/14Ain1041Pt03A_S422_L001_R1_001.fastq.gz,move
data/durance1/170710_M03930_0062_000000000-BBHKV/Data/Intensities/BaseCalls/14Ain1041Pt03A_S422_L001_R2_001.fastq.gz,consolidated_dataset/durance1/14Ain1041Pt03A_S422_L001_R2_001.fastq.gz,move
data/durance1/170710_M03930_0062_000000000-BBHKV/Data/Intensities/BaseCalls/15Cab1006Ch03A_S423_L001_R1_001.fastq.gz,consolidated_dataset/durance1/15Cab1006Ch03A_S423_L001_R1_001.fastq.gz,move
data/durance1/170710_M03930_0062_000000000-BBHKV/Data/Intensities/BaseCalls/15Cab1006Ch03A_S423_L001_R2_001.fastq.gz,consolidated_dataset/durance1/15Cab1006Ch03A_S423_L001_R2_001.fastq.gz,move
data/durance1/170710_M03930_0062_000000000-BBHKV/Data/Intensities/BaseCalls/15Cab1014Ch03A_S424_L001_R1_001.fastq.gz,consolidated_dataset/durance1/15Cab1014Ch03A_S424_L001_R1_001.fastq.gz,move
data/durance1/170710_M03930_0062_000000000-BBHKV/Data/Intensities/BaseCalls/15Cab1014Ch03A_S424_L001_R2_001.fastq.gz,consolidated_dataset/durance1/15Cab1014Ch03A_S424_L001_R2_001.fastq.gz,move
data/durance1/170710_M03930_0062_000000000-BBHKV/Data/Intensities/BaseCalls/14Avi1003Cn03A_S425_L001_R1_001.fastq.gz,consolidated_dataset/durance1/14Avi1003Cn03A_S425_L001_R1_001.fastq.gz,move
data/durance1/170710_M03930_0062_000000000-BBHKV/Data/Intensities/BaseCalls/14Avi1003Cn03A_S425_L001_R2_001.fastq.gz,consolidated_dataset/durance1/14Avi1003Cn03A_S425_L001_R2_001.fastq.gz,move
data/durance1/170710_M03930_0062_000000000-BBHKV/Data/Intensities/BaseCalls/14Avi1038Cn03A_S426_L001_R1_001.fastq.gz,consolidated_dataset/durance1/14Avi1038Cn03A_S426_L001_R1_001.fastq.gz,move
data/durance1/170710_M03930_0062_000000000-BBHKV/Data/Intensities/BaseCalls/14Avi1038Cn03A_S426_L001_R2_001.fastq.gz,consolidated_dataset/durance1/14Avi1038Cn03A_S426_L001_R2_001.fastq.gz,move
data/durance1/170710_M03930_0062_000000000-BBHKV/Data/Intensities/BaseCalls/14Bue1008Cn03A_S427_L001_R1_001.fastq.gz,consolidated_dataset/durance1/14Bue1008Cn03A_S427_L001_R1_001.fastq.gz,move
data/durance1/170710_M03930_0062_000000000-BBHKV/Data/Intensities/BaseCalls/14Bue1008Cn03A_S427_L001_R2_001.fastq.gz,consolidated_dataset/durance1/14Bue1008Cn03A_S427_L001_R2_001.fastq.gz,move
data/durance1/170710_M03930_0062_000000000-BBHKV/Data/Intensities/BaseCalls/14Bue1018Ch03A_S428_L001_R1_001.fastq.gz,consolidated_dataset/durance1/14Bue1018Ch03A_S428_L001_R1_001.fastq.gz,move
data/durance1/170710_M03930_0062_000000000-BBHKV/Data/Intensities/BaseCalls/14Bue1018Ch03A_S428_L001_R2_001.fastq.gz,consolidated_dataset/durance1/14Bue1018Ch03A_S428_L001_R2_001.fastq.gz,move
data/durance1/170710_M03930_0062_000000000-BBHKV/Data/Intensities/BaseCalls/14Man1014Ch03A_S429_L001_R1_001.fastq.gz,consolidated_dataset/durance1/14Man1014Ch03A_S429_L001_R1_001.fastq.gz,move
data/durance1/170710_M03930_0062_000000000-BBHKV/Data/Intensities/BaseCalls/14Man1014Ch03A_S429_L001_R2_001.fastq.gz,consolidated_dataset/durance1/14Man1014Ch03A_S429_L001_R2_001.fastq.gz,move
data/durance1/170710_M03930_0062_000000000-BBHKV/Data/Intensities/BaseCalls/14Man1022Ch03A_S430_L001_R1_001.fastq.gz,consolidated_dataset/durance1/14Man1022Ch03A_S430_L001_R1_001.fastq.gz,move
data/durance1/170710_M03930_0062_000000000-BBHKV/Data/Intensities/BaseCalls/14Man1022Ch03A_S430_L001_R2_001.fastq.gz,consolidated_dataset/durance1/14Man1022Ch03A_S430_L001_R2_001.fastq.gz,move
data/durance1/170710_M03930_0062_000000000-BBHKV/Data/Intensities/BaseCalls/14Per2014Ch03A_S431_L001_R1_001.fastq.gz,consolidated_dataset/durance1/14Per2014Ch03A_S431_L001_R1_001.fastq.gz,move
data/durance1/170710_M03930_0062_000000000-BBHKV/Data/Intensities/BaseCalls/14Per2014Ch03A_S431_L001_R2_001.fastq.gz,consolidated_dataset/durance1/14Per2014Ch03A_S431_L001_R2_001.fastq.gz,move
data/durance1/170710_M03930_0062_000000000-BBHKV/Data/Intensities/BaseCalls/empty-13_S432_L001_R1_001.fastq.gz,consolidated_dataset/durance1/empty-13_S432_L001_R1_001.fastq.gz,move
data/durance1/170710_M03930_0062_000000000-BBHKV/Data/Intensities/BaseCalls/empty-13_S432_L001_R2_001.fastq.gz,consolidated_dataset/durance1/empty-13_S432_L001_R2_001.fastq.gz,move
data/durance1/170710_M03930_0062_000000000-BBHKV/Data/Intensities/BaseCalls/14Ain1013Pt03A_S433_L001_R1_001.fastq.gz,consolidated_dataset/durance1/14Ain1013Pt03A_S433_L001_R1_001.fastq.gz,move
data/durance1/170710_M03930_0062_000000000-BBHKV/Data/Intensities/BaseCalls/14Ain1013Pt03A_S433_L001_R2_001.fastq.gz,consolidated_dataset/durance1/14Ain1013Pt03A_S433_L001_R2_001.fastq.gz,move
data/durance1/170710_M03930_0062_000000000-BBHKV/Data/Intensities/BaseCalls/14Ain1042Pt03A_S434_L001_R1_001.fastq.gz,consolidated_dataset/durance1/14Ain1042Pt03A_S434_L001_R1_001.fastq.gz,move
data/durance1/170710_M03930_0062_000000000-BBHKV/Data/Intensities/BaseCalls/14Ain1042Pt03A_S434_L001_R2_001.fastq.gz,consolidated_dataset/durance1/14Ain1042Pt03A_S434_L001_R2_001.fastq.gz,move
data/durance1/170710_M03930_0062_000000000-BBHKV/Data/Intensities/BaseCalls/15Cab1007Ch03A_S435_L001_R1_001.fastq.gz,consolidated_dataset/durance1/15Cab1007Ch03A_S435_L001_R1_001.fastq.gz,move
data/durance1/170710_M03930_0062_000000000-BBHKV/Data/Intensities/BaseCalls/15Cab1007Ch03A_S435_L001_R2_001.fastq.gz,consolidated_dataset/durance1/15Cab1007Ch03A_S435_L001_R2_001.fastq.gz,move
data/durance1/170710_M03930_0062_000000000-BBHKV/Data/Intensities/BaseCalls/15Cab1015Ch03A_S436_L001_R1_001.fastq.gz,consolidated_dataset/durance1/15Cab1015Ch03A_S436_L001_R1_001.fastq.gz,move
data/durance1/170710_M03930_0062_000000000-BBHKV/Data/Intensities/BaseCalls/15Cab1015Ch03A_S436_L001_R2_001.fastq.gz,consolidated_dataset/durance1/15Cab1015Ch03A_S436_L001_R2_001.fastq.gz,move
data/durance1/170710_M03930_0062_000000000-BBHKV/Data/Intensities/BaseCalls/14Avi1004Cn03A_S437_L001_R1_001.fastq.gz,consolidated_dataset/durance1/14Avi1004Cn03A_S437_L001_R1_001.fastq.gz,move
data/durance1/170710_M03930_0062_000000000-BBHKV/Data/Intensities/BaseCalls/14Avi1004Cn03A_S437_L001_R2_001.fastq.gz,consolidated_dataset/durance1/14Avi1004Cn03A_S437_L001_R2_001.fastq.gz,move
data/durance1/170710_M03930_0062_000000000-BBHKV/Data/Intensities/BaseCalls/14Bue1001Cn03A_S438_L001_R1_001.fastq.gz,consolidated_dataset/durance1/14Bue1001Cn03A_S438_L001_R1_001.fastq.gz,move
data/durance1/170710_M03930_0062_000000000-BBHKV/Data/Intensities/BaseCalls/14Bue1001Cn03A_S438_L001_R2_001.fastq.gz,consolidated_dataset/durance1/14Bue1001Cn03A_S438_L001_R2_001.fastq.gz,move
data/durance1/170710_M03930_0062_000000000-BBHKV/Data/Intensities/BaseCalls/14Bue1011Ch03A_S439_L001_R1_001.fastq.gz,consolidated_dataset/durance1/14Bue1011Ch03A_S439_L001_R1_001.fastq.gz,move
data/durance1/170710_M03930_0062_000000000-BBHKV/Data/Intensities/BaseCalls/14Bue1011Ch03A_S439_L001_R2_001.fastq.gz,consolidated_dataset/durance1/14Bue1011Ch03A_S439_L001_R2_001.fastq.gz,move
data/durance1/170710_M03930_0062_000000000-BBHKV/Data/Intensities/BaseCalls/14Bue1019Ch03A_S440_L001_R1_001.fastq.gz,consolidated_dataset/durance1/14Bue1019Ch03A_S440_L001_R1_001.fastq.gz,move
data/durance1/170710_M03930_0062_000000000-BBHKV/Data/Intensities/BaseCalls/14Bue1019Ch03A_S440_L001_R2_001.fastq.gz,consolidated_dataset/durance1/14Bue1019Ch03A_S440_L001_R2_001.fastq.gz,move
data/durance1/170710_M03930_0062_000000000-BBHKV/Data/Intensities/BaseCalls/14Man1015Ch03A_S441_L001_R1_001.fastq.gz,consolidated_dataset/durance1/14Man1015Ch03A_S441_L001_R1_001.fastq.gz,move
data/durance1/170710_M03930_0062_000000000-BBHKV/Data/Intensities/BaseCalls/14Man1015Ch03A_S441_L001_R2_001.fastq.gz,consolidated_dataset/durance1/14Man1015Ch03A_S441_L001_R2_001.fastq.gz,move
data/durance1/170710_M03930_0062_000000000-BBHKV/Data/Intensities/BaseCalls/14Per1011Ch03A_S442_L001_R1_001.fastq.gz,consolidated_dataset/durance1/14Per1011Ch03A_S442_L001_R1_001.fastq.gz,move
data/durance1/170710_M03930_0062_000000000-BBHKV/Data/Intensities/BaseCalls/14Per1011Ch03A_S442_L001_R2_001.fastq.gz,consolidated_dataset/durance1/14Per1011Ch03A_S442_L001_R2_001.fastq.gz,move
data/durance1/170710_M03930_0062_000000000-BBHKV/Data/Intensities/BaseCalls/15Per2015Ch03A_S443_L001_R1_001.fastq.gz,consolidated_dataset/durance1/15Per2015Ch03A_S443_L001_R1_001.fastq.gz,move
data/durance1/170710_M03930_0062_000000000-BBHKV/Data/Intensities/BaseCalls/15Per2015Ch03A_S443_L001_R2_001.fastq.gz,consolidated_dataset/durance1/15Per2015Ch03A_S443_L001_R2_001.fastq.gz,move
data/durance1/170710_M03930_0062_000000000-BBHKV/Data/Intensities/BaseCalls/empty-14_S444_L001_R1_001.fastq.gz,consolidated_dataset/durance1/empty-14_S444_L001_R1_001.fastq.gz,move
data/durance1/170710_M03930_0062_000000000-BBHKV/Data/Intensities/BaseCalls/empty-14_S444_L001_R2_001.fastq.gz,consolidated_dataset/durance1/empty-14_S444_L001_R2_001.fastq.gz,move
data/durance1/170710_M03930_0062_000000000-BBHKV/Data/Intensities/BaseCalls/14Ain1014Pt03A_S445_L001_R1_001.fastq.gz,consolidated_dataset/durance1/14Ain1014Pt03A_S445_L001_R1_001.fastq.gz,move
data/durance1/170710_M03930_0062_000000000-BBHKV/Data/Intensities/BaseCalls/14Ain1014Pt03A_S445_L001_R2_001.fastq.gz,consolidated_dataset/durance1/14Ain1014Pt03A_S445_L001_R2_001.fastq.gz,move
data/durance1/170710_M03930_0062_000000000-BBHKV/Data/Intensities/BaseCalls/14Ain1043Pt03A_S446_L001_R1_001.fastq.gz,consolidated_dataset/durance1/14Ain1043Pt03A_S446_L001_R1_001.fastq.gz,move
data/durance1/170710_M03930_0062_000000000-BBHKV/Data/Intensities/BaseCalls/14Ain1043Pt03A_S446_L001_R2_001.fastq.gz,consolidated_dataset/durance1/14Ain1043Pt03A_S446_L001_R2_001.fastq.gz,move
data/durance1/170710_M03930_0062_000000000-BBHKV/Data/Intensities/BaseCalls/15Cab1008Ch03A_S447_L001_R1_001.fastq.gz,consolidated_dataset/durance1/15Cab1008Ch03A_S447_L001_R1_001.fastq.gz,move
data/durance1/170710_M03930_0062_000000000-BBHKV/Data/Intensities/BaseCalls/15Cab1008Ch03A_S447_L001_R2_001.fastq.gz,consolidated_dataset/durance1/15Cab1008Ch03A_S447_L001_R2_001.fastq.gz,move
data/durance1/170710_M03930_0062_000000000-BBHKV/Data/Intensities/BaseCalls/15Cab1016Ch03A_S448_L001_R1_001.fastq.gz,consolidated_dataset/durance1/15Cab1016Ch03A_S448_L001_R1_001.fastq.gz,move
data/durance1/170710_M03930_0062_000000000-BBHKV/Data/Intensities/BaseCalls/15Cab1016Ch03A_S448_L001_R2_001.fastq.gz,consolidated_dataset/durance1/15Cab1016Ch03A_S448_L001_R2_001.fastq.gz,move
data/durance1/170710_M03930_0062_000000000-BBHKV/Data/Intensities/BaseCalls/14Avi1005Cn03A_S449_L001_R1_001.fastq.gz,consolidated_dataset/durance1/14Avi1005Cn03A_S449_L001_R1_001.fastq.gz,move
data/durance1/170710_M03930_0062_000000000-BBHKV/Data/Intensities/BaseCalls/14Avi1005Cn03A_S449_L001_R2_001.fastq.gz,consolidated_dataset/durance1/14Avi1005Cn03A_S449_L001_R2_001.fastq.gz,move
data/durance1/170710_M03930_0062_000000000-BBHKV/Data/Intensities/BaseCalls/14Bue1002Cn03A_S450_L001_R1_001.fastq.gz,consolidated_dataset/durance1/14Bue1002Cn03A_S450_L001_R1_001.fastq.gz,move
data/durance1/170710_M03930_0062_000000000-BBHKV/Data/Intensities/BaseCalls/14Bue1002Cn03A_S450_L001_R2_001.fastq.gz,consolidated_dataset/durance1/14Bue1002Cn03A_S450_L001_R2_001.fastq.gz,move
data/durance1/170710_M03930_0062_000000000-BBHKV/Data/Intensities/BaseCalls/14Bue1012Ch03A_S451_L001_R1_001.fastq.gz,consolidated_dataset/durance1/14Bue1012Ch03A_S451_L001_R1_001.fastq.gz,move
data/durance1/170710_M03930_0062_000000000-BBHKV/Data/Intensities/BaseCalls/14Bue1012Ch03A_S451_L001_R2_001.fastq.gz,consolidated_dataset/durance1/14Bue1012Ch03A_S451_L001_R2_001.fastq.gz,move
data/durance1/170710_M03930_0062_000000000-BBHKV/Data/Intensities/BaseCalls/14Man1001Cn03A_S452_L001_R1_001.fastq.gz,consolidated_dataset/durance1/14Man1001Cn03A_S452_L001_R1_001.fastq.gz,move
data/durance1/170710_M03930_0062_000000000-BBHKV/Data/Intensities/BaseCalls/14Man1001Cn03A_S452_L001_R2_001.fastq.gz,consolidated_dataset/durance1/14Man1001Cn03A_S452_L001_R2_001.fastq.gz,move
data/durance1/170710_M03930_0062_000000000-BBHKV/Data/Intensities/BaseCalls/14Man1016Ch03A_S453_L001_R1_001.fastq.gz,consolidated_dataset/durance1/14Man1016Ch03A_S453_L001_R1_001.fastq.gz,move
data/durance1/170710_M03930_0062_000000000-BBHKV/Data/Intensities/BaseCalls/14Man1016Ch03A_S453_L001_R2_001.fastq.gz,consolidated_dataset/durance1/14Man1016Ch03A_S453_L001_R2_001.fastq.gz,move
data/durance1/170710_M03930_0062_000000000-BBHKV/Data/Intensities/BaseCalls/14Per1012Ch03A_S454_L001_R1_001.fastq.gz,consolidated_dataset/durance1/14Per1012Ch03A_S454_L001_R1_001.fastq.gz,move
data/durance1/170710_M03930_0062_000000000-BBHKV/Data/Intensities/BaseCalls/14Per1012Ch03A_S454_L001_R2_001.fastq.gz,consolidated_dataset/durance1/14Per1012Ch03A_S454_L001_R2_001.fastq.gz,move
data/durance1/170710_M03930_0062_000000000-BBHKV/Data/Intensities/BaseCalls/Blanc-Hindgut_S455_L001_R1_001.fastq.gz,consolidated_dataset/durance1/Blanc-Hindgut_S455_L001_R1_001.fastq.gz,move
data/durance1/170710_M03930_0062_000000000-BBHKV/Data/Intensities/BaseCalls/Blanc-Hindgut_S455_L001_R2_001.fastq.gz,consolidated_dataset/durance1/Blanc-Hindgut_S455_L001_R2_001.fastq.gz,move
data/durance1/170710_M03930_0062_000000000-BBHKV/Data/Intensities/BaseCalls/empty-15_S456_L001_R1_001.fastq.gz,consolidated_dataset/durance1/empty-15_S456_L001_R1_001.fastq.gz,move
data/durance1/170710_M03930_0062_000000000-BBHKV/Data/Intensities/BaseCalls/empty-15_S456_L001_R2_001.fastq.gz,consolidated_dataset/durance1/empty-15_S456_L001_R2_001.fastq.gz,move
data/durance1/170710_M03930_0062_000000000-BBHKV/Data/Intensities/BaseCalls/14Ain1036Cn03A_S457_L001_R1_001.fastq.gz,consolidated_dataset/durance1/14Ain1036Cn03A_S457_L001_R1_001.fastq.gz,move
data/durance1/170710_M03930_0062_000000000-BBHKV/Data/Intensities/BaseCalls/14Ain1036Cn03A_S457_L001_R2_001.fastq.gz,consolidated_dataset/durance1/14Ain1036Cn03A_S457_L001_R2_001.fastq.gz,move
data/durance1/170710_M03930_0062_000000000-BBHKV/Data/Intensities/BaseCalls/15Cab1001Ch03A_S458_L001_R1_001.fastq.gz,consolidated_dataset/durance1/15Cab1001Ch03A_S458_L001_R1_001.fastq.gz,move
data/durance1/170710_M03930_0062_000000000-BBHKV/Data/Intensities/BaseCalls/15Cab1001Ch03A_S458_L001_R2_001.fastq.gz,consolidated_dataset/durance1/15Cab1001Ch03A_S458_L001_R2_001.fastq.gz,move
data/durance1/170710_M03930_0062_000000000-BBHKV/Data/Intensities/BaseCalls/15Cab1009Ch03A_S459_L001_R1_001.fastq.gz,consolidated_dataset/durance1/15Cab1009Ch03A_S459_L001_R1_001.fastq.gz,move
data/durance1/170710_M03930_0062_000000000-BBHKV/Data/Intensities/BaseCalls/15Cab1009Ch03A_S459_L001_R2_001.fastq.gz,consolidated_dataset/durance1/15Cab1009Ch03A_S459_L001_R2_001.fastq.gz,move
data/durance1/170710_M03930_0062_000000000-BBHKV/Data/Intensities/BaseCalls/15Cab1017Ch03A_S460_L001_R1_001.fastq.gz,consolidated_dataset/durance1/15Cab1017Ch03A_S460_L001_R1_001.fastq.gz,move
data/durance1/170710_M03930_0062_000000000-BBHKV/Data/Intensities/BaseCalls/15Cab1017Ch03A_S460_L001_R2_001.fastq.gz,consolidated_dataset/durance1/15Cab1017Ch03A_S460_L001_R2_001.fastq.gz,move
data/durance1/170710_M03930_0062_000000000-BBHKV/Data/Intensities/BaseCalls/14Avi1006Cn03A_S461_L001_R1_001.fastq.gz,consolidated_dataset/durance1/14Avi1006Cn03A_S461_L001_R1_001.fastq.gz,move
data/durance1/170710_M03930_0062_000000000-BBHKV/Data/Intensities/BaseCalls/14Avi1006Cn03A_S461_L001_R2_001.fastq.gz,consolidated_dataset/durance1/14Avi1006Cn03A_S461_L001_R2_001.fastq.gz,move
data/durance1/170710_M03930_0062_000000000-BBHKV/Data/Intensities/BaseCalls/14Bue1003Cn03A_S462_L001_R1_001.fastq.gz,consolidated_dataset/durance1/14Bue1003Cn03A_S462_L001_R1_001.fastq.gz,move
data/durance1/170710_M03930_0062_000000000-BBHKV/Data/Intensities/BaseCalls/14Bue1003Cn03A_S462_L001_R2_001.fastq.gz,consolidated_dataset/durance1/14Bue1003Cn03A_S462_L001_R2_001.fastq.gz,move
data/durance1/170710_M03930_0062_000000000-BBHKV/Data/Intensities/BaseCalls/14Bue1013Ch03A_S463_L001_R1_001.fastq.gz,consolidated_dataset/durance1/14Bue1013Ch03A_S463_L001_R1_001.fastq.gz,move
data/durance1/170710_M03930_0062_000000000-BBHKV/Data/Intensities/BaseCalls/14Bue1013Ch03A_S463_L001_R2_001.fastq.gz,consolidated_dataset/durance1/14Bue1013Ch03A_S463_L001_R2_001.fastq.gz,move
data/durance1/170710_M03930_0062_000000000-BBHKV/Data/Intensities/BaseCalls/14Man1002Cn03A_S464_L001_R1_001.fastq.gz,consolidated_dataset/durance1/14Man1002Cn03A_S464_L001_R1_001.fastq.gz,move
data/durance1/170710_M03930_0062_000000000-BBHKV/Data/Intensities/BaseCalls/14Man1002Cn03A_S464_L001_R2_001.fastq.gz,consolidated_dataset/durance1/14Man1002Cn03A_S464_L001_R2_001.fastq.gz,move
data/durance1/170710_M03930_0062_000000000-BBHKV/Data/Intensities/BaseCalls/14Man1017Ch03A_S465_L001_R1_001.fastq.gz,consolidated_dataset/durance1/14Man1017Ch03A_S465_L001_R1_001.fastq.gz,move
data/durance1/170710_M03930_0062_000000000-BBHKV/Data/Intensities/BaseCalls/14Man1017Ch03A_S465_L001_R2_001.fastq.gz,consolidated_dataset/durance1/14Man1017Ch03A_S465_L001_R2_001.fastq.gz,move
data/durance1/170710_M03930_0062_000000000-BBHKV/Data/Intensities/BaseCalls/14Per1013Ch03A_S466_L001_R1_001.fastq.gz,consolidated_dataset/durance1/14Per1013Ch03A_S466_L001_R1_001.fastq.gz,move
data/durance1/170710_M03930_0062_000000000-BBHKV/Data/Intensities/BaseCalls/14Per1013Ch03A_S466_L001_R2_001.fastq.gz,consolidated_dataset/durance1/14Per1013Ch03A_S466_L001_R2_001.fastq.gz,move
data/durance1/170710_M03930_0062_000000000-BBHKV/Data/Intensities/BaseCalls/Mock-2_S467_L001_R1_001.fastq.gz,consolidated_dataset/durance1/Mock-2_S467_L001_R1_001.fastq.gz,move
data/durance1/170710_M03930_0062_000000000-BBHKV/Data/Intensities/BaseCalls/Mock-2_S467_L001_R2_001.fastq.gz,consolidated_dataset/durance1/Mock-2_S467_L001_R2_001.fastq.gz,move
data/durance1/170710_M03930_0062_000000000-BBHKV/Data/Intensities/BaseCalls/empty-16_S468_L001_R1_001.fastq.gz,consolidated_dataset/durance1/empty-16_S468_L001_R1_001.fastq.gz,move
data/durance1/170710_M03930_0062_000000000-BBHKV/Data/Intensities/BaseCalls/empty-16_S468_L001_R2_001.fastq.gz,consolidated_dataset/durance1/empty-16_S468_L001_R2_001.fastq.gz,move
data/durance1/170710_M03930_0062_000000000-BBHKV/Data/Intensities/BaseCalls/14Ain1037Cn03A_S469_L001_R1_001.fastq.gz,consolidated_dataset/durance1/14Ain1037Cn03A_S469_L001_R1_001.fastq.gz,move
data/durance1/170710_M03930_0062_000000000-BBHKV/Data/Intensities/BaseCalls/14Ain1037Cn03A_S469_L001_R2_001.fastq.gz,consolidated_dataset/durance1/14Ain1037Cn03A_S469_L001_R2_001.fastq.gz,move
data/durance1/170710_M03930_0062_000000000-BBHKV/Data/Intensities/BaseCalls/15Cab1002Ch03A_S470_L001_R1_001.fastq.gz,consolidated_dataset/durance1/15Cab1002Ch03A_S470_L001_R1_001.fastq.gz,move
data/durance1/170710_M03930_0062_000000000-BBHKV/Data/Intensities/BaseCalls/15Cab1002Ch03A_S470_L001_R2_001.fastq.gz,consolidated_dataset/durance1/15Cab1002Ch03A_S470_L001_R2_001.fastq.gz,move
data/durance1/170710_M03930_0062_000000000-BBHKV/Data/Intensities/BaseCalls/15Cab1010Ch03A_S471_L001_R1_001.fastq.gz,consolidated_dataset/durance1/15Cab1010Ch03A_S471_L001_R1_001.fastq.gz,move
data/durance1/170710_M03930_0062_000000000-BBHKV/Data/Intensities/BaseCalls/15Cab1010Ch03A_S471_L001_R2_001.fastq.gz,consolidated_dataset/durance1/15Cab1010Ch03A_S471_L001_R2_001.fastq.gz,move
data/durance1/170710_M03930_0062_000000000-BBHKV/Data/Intensities/BaseCalls/15Cab1018Ch03A_S472_L001_R1_001.fastq.gz,consolidated_dataset/durance1/15Cab1018Ch03A_S472_L001_R1_001.fastq.gz,move
data/durance1/170710_M03930_0062_000000000-BBHKV/Data/Intensities/BaseCalls/15Cab1018Ch03A_S472_L001_R2_001.fastq.gz,consolidated_dataset/durance1/15Cab1018Ch03A_S472_L001_R2_001.fastq.gz,move
data/durance1/170710_M03930_0062_000000000-BBHKV/Data/Intensities/BaseCalls/14Avi1007Cn03A_S473_L001_R1_001.fastq.gz,consolidated_dataset/durance1/14Avi1007Cn03A_S473_L001_R1_001.fastq.gz,move
data/durance1/170710_M03930_0062_000000000-BBHKV/Data/Intensities/BaseCalls/14Avi1007Cn03A_S473_L001_R2_001.fastq.gz,consolidated_dataset/durance1/14Avi1007Cn03A_S473_L001_R2_001.fastq.gz,move
data/durance1/170710_M03930_0062_000000000-BBHKV/Data/Intensities/BaseCalls/14Bue1004Cn03A_S474_L001_R1_001.fastq.gz,consolidated_dataset/durance1/14Bue1004Cn03A_S474_L001_R1_001.fastq.gz,move
data/durance1/170710_M03930_0062_000000000-BBHKV/Data/Intensities/BaseCalls/14Bue1004Cn03A_S474_L001_R2_001.fastq.gz,consolidated_dataset/durance1/14Bue1004Cn03A_S474_L001_R2_001.fastq.gz,move
data/durance1/170710_M03930_0062_000000000-BBHKV/Data/Intensities/BaseCalls/14Bue1014Ch03A_S475_L001_R1_001.fastq.gz,consolidated_dataset/durance1/14Bue1014Ch03A_S475_L001_R1_001.fastq.gz,move
data/durance1/170710_M03930_0062_000000000-BBHKV/Data/Intensities/BaseCalls/14Bue1014Ch03A_S475_L001_R2_001.fastq.gz,consolidated_dataset/durance1/14Bue1014Ch03A_S475_L001_R2_001.fastq.gz,move
data/durance1/170710_M03930_0062_000000000-BBHKV/Data/Intensities/BaseCalls/14Man1010Cn03A_S476_L001_R1_001.fastq.gz,consolidated_dataset/durance1/14Man1010Cn03A_S476_L001_R1_001.fastq.gz,move
data/durance1/170710_M03930_0062_000000000-BBHKV/Data/Intensities/BaseCalls/14Man1010Cn03A_S476_L001_R2_001.fastq.gz,consolidated_dataset/durance1/14Man1010Cn03A_S476_L001_R2_001.fastq.gz,move
data/durance1/170710_M03930_0062_000000000-BBHKV/Data/Intensities/BaseCalls/14Man1018Ch03A_S477_L001_R1_001.fastq.gz,consolidated_dataset/durance1/14Man1018Ch03A_S477_L001_R1_001.fastq.gz,move
data/durance1/170710_M03930_0062_000000000-BBHKV/Data/Intensities/BaseCalls/14Man1018Ch03A_S477_L001_R2_001.fastq.gz,consolidated_dataset/durance1/14Man1018Ch03A_S477_L001_R2_001.fastq.gz,move
data/durance1/170710_M03930_0062_000000000-BBHKV/Data/Intensities/BaseCalls/14Per1014Ch03A_S478_L001_R1_001.fastq.gz,consolidated_dataset/durance1/14Per1014Ch03A_S478_L001_R1_001.fastq.gz,move
data/durance1/170710_M03930_0062_000000000-BBHKV/Data/Intensities/BaseCalls/14Per1014Ch03A_S478_L001_R2_001.fastq.gz,consolidated_dataset/durance1/14Per1014Ch03A_S478_L001_R2_001.fastq.gz,move
data/durance1/170710_M03930_0062_000000000-BBHKV/Data/Intensities/BaseCalls/T-5_S479_L001_R1_001.fastq.gz,consolidated_dataset/durance1/T-5_S479_L001_R1_001.fastq.gz,move
data/durance1/170710_M03930_0062_000000000-BBHKV/Data/Intensities/BaseCalls/T-5_S479_L001_R2_001.fastq.gz,consolidated_dataset/durance1/T-5_S479_L001_R2_001.fastq.gz,move
data/durance1/170710_M03930_0062_000000000-BBHKV/Data/Intensities/BaseCalls/empty-17_S480_L001_R1_001.fastq.gz,consolidated_dataset/durance1/empty-17_S480_L001_R1_001.fastq.gz,move
data/durance1/170710_M03930_0062_000000000-BBHKV/Data/Intensities/BaseCalls/empty-17_S480_L001_R2_001.fastq.gz,consolidated_dataset/durance1/empty-17_S480_L001_R2_001.fastq.gz,move
data/durance1/170710_M03930_0062_000000000-BBHKV/Data/Intensities/BaseCalls/15Bau1001Ch03A_S481_L001_R1_001.fastq.gz,consolidated_dataset/durance1/15Bau1001Ch03A_S481_L001_R1_001.fastq.gz,move
data/durance1/170710_M03930_0062_000000000-BBHKV/Data/Intensities/BaseCalls/15Bau1001Ch03A_S481_L001_R2_001.fastq.gz,consolidated_dataset/durance1/15Bau1001Ch03A_S481_L001_R2_001.fastq.gz,move
data/durance1/170710_M03930_0062_000000000-BBHKV/Data/Intensities/BaseCalls/15Bau1009Ch03A_S482_L001_R1_001.fastq.gz,consolidated_dataset/durance1/15Bau1009Ch03A_S482_L001_R1_001.fastq.gz,move
data/durance1/170710_M03930_0062_000000000-BBHKV/Data/Intensities/BaseCalls/15Bau1009Ch03A_S482_L001_R2_001.fastq.gz,consolidated_dataset/durance1/15Bau1009Ch03A_S482_L001_R2_001.fastq.gz,move
data/durance1/170710_M03930_0062_000000000-BBHKV/Data/Intensities/BaseCalls/15Bau1017Ch03A_S483_L001_R1_001.fastq.gz,consolidated_dataset/durance1/15Bau1017Ch03A_S483_L001_R1_001.fastq.gz,move
data/durance1/170710_M03930_0062_000000000-BBHKV/Data/Intensities/BaseCalls/15Bau1017Ch03A_S483_L001_R2_001.fastq.gz,consolidated_dataset/durance1/15Bau1017Ch03A_S483_L001_R2_001.fastq.gz,move
data/durance1/170710_M03930_0062_000000000-BBHKV/Data/Intensities/BaseCalls/15Bau1025Ch03A_S484_L001_R1_001.fastq.gz,consolidated_dataset/durance1/15Bau1025Ch03A_S484_L001_R1_001.fastq.gz,move
data/durance1/170710_M03930_0062_000000000-BBHKV/Data/Intensities/BaseCalls/15Bau1025Ch03A_S484_L001_R2_001.fastq.gz,consolidated_dataset/durance1/15Bau1025Ch03A_S484_L001_R2_001.fastq.gz,move
data/durance1/170710_M03930_0062_000000000-BBHKV/Data/Intensities/BaseCalls/15Jus1008Ch03A_S485_L001_R1_001.fastq.gz,consolidated_dataset/durance1/15Jus1008Ch03A_S485_L001_R1_001.fastq.gz,move
data/durance1/170710_M03930_0062_000000000-BBHKV/Data/Intensities/BaseCalls/15Jus1008Ch03A_S485_L001_R2_001.fastq.gz,consolidated_dataset/durance1/15Jus1008Ch03A_S485_L001_R2_001.fastq.gz,move
data/durance1/170710_M03930_0062_000000000-BBHKV/Data/Intensities/BaseCalls/15Jus1016Ch03A_S486_L001_R1_001.fastq.gz,consolidated_dataset/durance1/15Jus1016Ch03A_S486_L001_R1_001.fastq.gz,move
data/durance1/170710_M03930_0062_000000000-BBHKV/Data/Intensities/BaseCalls/15Jus1016Ch03A_S486_L001_R2_001.fastq.gz,consolidated_dataset/durance1/15Jus1016Ch03A_S486_L001_R2_001.fastq.gz,move
data/durance1/170710_M03930_0062_000000000-BBHKV/Data/Intensities/BaseCalls/15Caa1005Ch03A_S487_L001_R1_001.fastq.gz,consolidated_dataset/durance1/15Caa1005Ch03A_S487_L001_R1_001.fastq.gz,move
data/durance1/170710_M03930_0062_000000000-BBHKV/Data/Intensities/BaseCalls/15Caa1005Ch03A_S487_L001_R2_001.fastq.gz,consolidated_dataset/durance1/15Caa1005Ch03A_S487_L001_R2_001.fastq.gz,move
data/durance1/170710_M03930_0062_000000000-BBHKV/Data/Intensities/BaseCalls/15Caa1013Ch03A_S488_L001_R1_001.fastq.gz,consolidated_dataset/durance1/15Caa1013Ch03A_S488_L001_R1_001.fastq.gz,move
data/durance1/170710_M03930_0062_000000000-BBHKV/Data/Intensities/BaseCalls/15Caa1013Ch03A_S488_L001_R2_001.fastq.gz,consolidated_dataset/durance1/15Caa1013Ch03A_S488_L001_R2_001.fastq.gz,move
data/durance1/170710_M03930_0062_000000000-BBHKV/Data/Intensities/BaseCalls/15Avi1001Cn03A_S489_L001_R1_001.fastq.gz,consolidated_dataset/durance1/15Avi1001Cn03A_S489_L001_R1_001.fastq.gz,move
data/durance1/170710_M03930_0062_000000000-BBHKV/Data/Intensities/BaseCalls/15Avi1001Cn03A_S489_L001_R2_001.fastq.gz,consolidated_dataset/durance1/15Avi1001Cn03A_S489_L001_R2_001.fastq.gz,move
data/durance1/170710_M03930_0062_000000000-BBHKV/Data/Intensities/BaseCalls/15Avi1009Cn03A_S490_L001_R1_001.fastq.gz,consolidated_dataset/durance1/15Avi1009Cn03A_S490_L001_R1_001.fastq.gz,move
data/durance1/170710_M03930_0062_000000000-BBHKV/Data/Intensities/BaseCalls/15Avi1009Cn03A_S490_L001_R2_001.fastq.gz,consolidated_dataset/durance1/15Avi1009Cn03A_S490_L001_R2_001.fastq.gz,move
data/durance1/170710_M03930_0062_000000000-BBHKV/Data/Intensities/BaseCalls/15Bue1004Ch03A_S491_L001_R1_001.fastq.gz,consolidated_dataset/durance1/15Bue1004Ch03A_S491_L001_R1_001.fastq.gz,move
data/durance1/170710_M03930_0062_000000000-BBHKV/Data/Intensities/BaseCalls/15Bue1004Ch03A_S491_L001_R2_001.fastq.gz,consolidated_dataset/durance1/15Bue1004Ch03A_S491_L001_R2_001.fastq.gz,move
data/durance1/170710_M03930_0062_000000000-BBHKV/Data/Intensities/BaseCalls/15Bue1012Ch03A_S492_L001_R1_001.fastq.gz,consolidated_dataset/durance1/15Bue1012Ch03A_S492_L001_R1_001.fastq.gz,move
data/durance1/170710_M03930_0062_000000000-BBHKV/Data/Intensities/BaseCalls/15Bue1012Ch03A_S492_L001_R2_001.fastq.gz,consolidated_dataset/durance1/15Bue1012Ch03A_S492_L001_R2_001.fastq.gz,move
data/durance1/170710_M03930_0062_000000000-BBHKV/Data/Intensities/BaseCalls/15Bau1002Ch03A_S493_L001_R1_001.fastq.gz,consolidated_dataset/durance1/15Bau1002Ch03A_S493_L001_R1_001.fastq.gz,move
data/durance1/170710_M03930_0062_000000000-BBHKV/Data/Intensities/BaseCalls/15Bau1002Ch03A_S493_L001_R2_001.fastq.gz,consolidated_dataset/durance1/15Bau1002Ch03A_S493_L001_R2_001.fastq.gz,move
data/durance1/170710_M03930_0062_000000000-BBHKV/Data/Intensities/BaseCalls/15Bau1010Ch03A_S494_L001_R1_001.fastq.gz,consolidated_dataset/durance1/15Bau1010Ch03A_S494_L001_R1_001.fastq.gz,move
data/durance1/170710_M03930_0062_000000000-BBHKV/Data/Intensities/BaseCalls/15Bau1010Ch03A_S494_L001_R2_001.fastq.gz,consolidated_dataset/durance1/15Bau1010Ch03A_S494_L001_R2_001.fastq.gz,move
data/durance1/170710_M03930_0062_000000000-BBHKV/Data/Intensities/BaseCalls/15Bau1018Ch03A_S495_L001_R1_001.fastq.gz,consolidated_dataset/durance1/15Bau1018Ch03A_S495_L001_R1_001.fastq.gz,move
data/durance1/170710_M03930_0062_000000000-BBHKV/Data/Intensities/BaseCalls/15Bau1018Ch03A_S495_L001_R2_001.fastq.gz,consolidated_dataset/durance1/15Bau1018Ch03A_S495_L001_R2_001.fastq.gz,move
data/durance1/170710_M03930_0062_000000000-BBHKV/Data/Intensities/BaseCalls/15Jus1001Ch03A_S496_L001_R1_001.fastq.gz,consolidated_dataset/durance1/15Jus1001Ch03A_S496_L001_R1_001.fastq.gz,move
data/durance1/170710_M03930_0062_000000000-BBHKV/Data/Intensities/BaseCalls/15Jus1001Ch03A_S496_L001_R2_001.fastq.gz,consolidated_dataset/durance1/15Jus1001Ch03A_S496_L001_R2_001.fastq.gz,move
data/durance1/170710_M03930_0062_000000000-BBHKV/Data/Intensities/BaseCalls/15Jus1009Ch03A_S497_L001_R1_001.fastq.gz,consolidated_dataset/durance1/15Jus1009Ch03A_S497_L001_R1_001.fastq.gz,move
data/durance1/170710_M03930_0062_000000000-BBHKV/Data/Intensities/BaseCalls/15Jus1009Ch03A_S497_L001_R2_001.fastq.gz,consolidated_dataset/durance1/15Jus1009Ch03A_S497_L001_R2_001.fastq.gz,move
data/durance1/170710_M03930_0062_000000000-BBHKV/Data/Intensities/BaseCalls/15Jus1017Ch03A_S498_L001_R1_001.fastq.gz,consolidated_dataset/durance1/15Jus1017Ch03A_S498_L001_R1_001.fastq.gz,move
data/durance1/170710_M03930_0062_000000000-BBHKV/Data/Intensities/BaseCalls/15Jus1017Ch03A_S498_L001_R2_001.fastq.gz,consolidated_dataset/durance1/15Jus1017Ch03A_S498_L001_R2_001.fastq.gz,move
data/durance1/170710_M03930_0062_000000000-BBHKV/Data/Intensities/BaseCalls/15Caa1006Ch03A_S499_L001_R1_001.fastq.gz,consolidated_dataset/durance1/15Caa1006Ch03A_S499_L001_R1_001.fastq.gz,move
data/durance1/170710_M03930_0062_000000000-BBHKV/Data/Intensities/BaseCalls/15Caa1006Ch03A_S499_L001_R2_001.fastq.gz,consolidated_dataset/durance1/15Caa1006Ch03A_S499_L001_R2_001.fastq.gz,move
data/durance1/170710_M03930_0062_000000000-BBHKV/Data/Intensities/BaseCalls/15Caa1014Ch03A_S500_L001_R1_001.fastq.gz,consolidated_dataset/durance1/15Caa1014Ch03A_S500_L001_R1_001.fastq.gz,move
data/durance1/170710_M03930_0062_000000000-BBHKV/Data/Intensities/BaseCalls/15Caa1014Ch03A_S500_L001_R2_001.fastq.gz,consolidated_dataset/durance1/15Caa1014Ch03A_S500_L001_R2_001.fastq.gz,move
data/durance1/170710_M03930_0062_000000000-BBHKV/Data/Intensities/BaseCalls/15Avi1002Cn03A_S501_L001_R1_001.fastq.gz,consolidated_dataset/durance1/15Avi1002Cn03A_S501_L001_R1_001.fastq.gz,move
data/durance1/170710_M03930_0062_000000000-BBHKV/Data/Intensities/BaseCalls/15Avi1002Cn03A_S501_L001_R2_001.fastq.gz,consolidated_dataset/durance1/15Avi1002Cn03A_S501_L001_R2_001.fastq.gz,move
data/durance1/170710_M03930_0062_000000000-BBHKV/Data/Intensities/BaseCalls/15Avi1010Cn03A_S502_L001_R1_001.fastq.gz,consolidated_dataset/durance1/15Avi1010Cn03A_S502_L001_R1_001.fastq.gz,move
data/durance1/170710_M03930_0062_000000000-BBHKV/Data/Intensities/BaseCalls/15Avi1010Cn03A_S502_L001_R2_001.fastq.gz,consolidated_dataset/durance1/15Avi1010Cn03A_S502_L001_R2_001.fastq.gz,move
data/durance1/170710_M03930_0062_000000000-BBHKV/Data/Intensities/BaseCalls/15Bue1005Ch03A_S503_L001_R1_001.fastq.gz,consolidated_dataset/durance1/15Bue1005Ch03A_S503_L001_R1_001.fastq.gz,move
data/durance1/170710_M03930_0062_000000000-BBHKV/Data/Intensities/BaseCalls/15Bue1005Ch03A_S503_L001_R2_001.fastq.gz,consolidated_dataset/durance1/15Bue1005Ch03A_S503_L001_R2_001.fastq.gz,move
data/durance1/170710_M03930_0062_000000000-BBHKV/Data/Intensities/BaseCalls/15Bue1013Ch03A_S504_L001_R1_001.fastq.gz,consolidated_dataset/durance1/15Bue1013Ch03A_S504_L001_R1_001.fastq.gz,move
data/durance1/170710_M03930_0062_000000000-BBHKV/Data/Intensities/BaseCalls/15Bue1013Ch03A_S504_L001_R2_001.fastq.gz,consolidated_dataset/durance1/15Bue1013Ch03A_S504_L001_R2_001.fastq.gz,move
data/durance1/170710_M03930_0062_000000000-BBHKV/Data/Intensities/BaseCalls/15Bau1003Ch03A_S505_L001_R1_001.fastq.gz,consolidated_dataset/durance1/15Bau1003Ch03A_S505_L001_R1_001.fastq.gz,move
data/durance1/170710_M03930_0062_000000000-BBHKV/Data/Intensities/BaseCalls/15Bau1003Ch03A_S505_L001_R2_001.fastq.gz,consolidated_dataset/durance1/15Bau1003Ch03A_S505_L001_R2_001.fastq.gz,move
data/durance1/170710_M03930_0062_000000000-BBHKV/Data/Intensities/BaseCalls/15Bau1011Ch03A_S506_L001_R1_001.fastq.gz,consolidated_dataset/durance1/15Bau1011Ch03A_S506_L001_R1_001.fastq.gz,move
data/durance1/170710_M03930_0062_000000000-BBHKV/Data/Intensities/BaseCalls/15Bau1011Ch03A_S506_L001_R2_001.fastq.gz,consolidated_dataset/durance1/15Bau1011Ch03A_S506_L001_R2_001.fastq.gz,move
data/durance1/170710_M03930_0062_000000000-BBHKV/Data/Intensities/BaseCalls/15Bau1019Ch03A_S507_L001_R1_001.fastq.gz,consolidated_dataset/durance1/15Bau1019Ch03A_S507_L001_R1_001.fastq.gz,move
data/durance1/170710_M03930_0062_000000000-BBHKV/Data/Intensities/BaseCalls/15Bau1019Ch03A_S507_L001_R2_001.fastq.gz,consolidated_dataset/durance1/15Bau1019Ch03A_S507_L001_R2_001.fastq.gz,move
data/durance1/170710_M03930_0062_000000000-BBHKV/Data/Intensities/BaseCalls/15Jus1002Ch03A_S508_L001_R1_001.fastq.gz,consolidated_dataset/durance1/15Jus1002Ch03A_S508_L001_R1_001.fastq.gz,move
data/durance1/170710_M03930_0062_000000000-BBHKV/Data/Intensities/BaseCalls/15Jus1002Ch03A_S508_L001_R2_001.fastq.gz,consolidated_dataset/durance1/15Jus1002Ch03A_S508_L001_R2_001.fastq.gz,move
data/durance1/170710_M03930_0062_000000000-BBHKV/Data/Intensities/BaseCalls/15Jus1010Ch03A_S509_L001_R1_001.fastq.gz,consolidated_dataset/durance1/15Jus1010Ch03A_S509_L001_R1_001.fastq.gz,move
data/durance1/170710_M03930_0062_000000000-BBHKV/Data/Intensities/BaseCalls/15Jus1010Ch03A_S509_L001_R2_001.fastq.gz,consolidated_dataset/durance1/15Jus1010Ch03A_S509_L001_R2_001.fastq.gz,move
data/durance1/170710_M03930_0062_000000000-BBHKV/Data/Intensities/BaseCalls/15Jus1018Ch03A_S510_L001_R1_001.fastq.gz,consolidated_dataset/durance1/15Jus1018Ch03A_S510_L001_R1_001.fastq.gz,move
data/durance1/170710_M03930_0062_000000000-BBHKV/Data/Intensities/BaseCalls/15Jus1018Ch03A_S510_L001_R2_001.fastq.gz,consolidated_dataset/durance1/15Jus1018Ch03A_S510_L001_R2_001.fastq.gz,move
data/durance1/170710_M03930_0062_000000000-BBHKV/Data/Intensities/BaseCalls/15Caa1007Ch03A_S511_L001_R1_001.fastq.gz,consolidated_dataset/durance1/15Caa1007Ch03A_S511_L001_R1_001.fastq.gz,move
data/durance1/170710_M03930_0062_000000000-BBHKV/Data/Intensities/BaseCalls/15Caa1007Ch03A_S511_L001_R2_001.fastq.gz,consolidated_dataset/durance1/15Caa1007Ch03A_S511_L001_R2_001.fastq.gz,move
data/durance1/170710_M03930_0062_000000000-BBHKV/Data/Intensities/BaseCalls/15Caa1015Ch03A_S512_L001_R1_001.fastq.gz,consolidated_dataset/durance1/15Caa1015Ch03A_S512_L001_R1_001.fastq.gz,move
data/durance1/170710_M03930_0062_000000000-BBHKV/Data/Intensities/BaseCalls/15Caa1015Ch03A_S512_L001_R2_001.fastq.gz,consolidated_dataset/durance1/15Caa1015Ch03A_S512_L001_R2_001.fastq.gz,move
data/durance1/170710_M03930_0062_000000000-BBHKV/Data/Intensities/BaseCalls/15Avi1003Cn03A_S513_L001_R1_001.fastq.gz,consolidated_dataset/durance1/15Avi1003Cn03A_S513_L001_R1_001.fastq.gz,move
data/durance1/170710_M03930_0062_000000000-BBHKV/Data/Intensities/BaseCalls/15Avi1003Cn03A_S513_L001_R2_001.fastq.gz,consolidated_dataset/durance1/15Avi1003Cn03A_S513_L001_R2_001.fastq.gz,move
data/durance1/170710_M03930_0062_000000000-BBHKV/Data/Intensities/BaseCalls/15Avi1011Cn03A_S514_L001_R1_001.fastq.gz,consolidated_dataset/durance1/15Avi1011Cn03A_S514_L001_R1_001.fastq.gz,move
data/durance1/170710_M03930_0062_000000000-BBHKV/Data/Intensities/BaseCalls/15Avi1011Cn03A_S514_L001_R2_001.fastq.gz,consolidated_dataset/durance1/15Avi1011Cn03A_S514_L001_R2_001.fastq.gz,move
data/durance1/170710_M03930_0062_000000000-BBHKV/Data/Intensities/BaseCalls/15Bue1006Ch03A_S515_L001_R1_001.fastq.gz,consolidated_dataset/durance1/15Bue1006Ch03A_S515_L001_R1_001.fastq.gz,move
data/durance1/170710_M03930_0062_000000000-BBHKV/Data/Intensities/BaseCalls/15Bue1006Ch03A_S515_L001_R2_001.fastq.gz,consolidated_dataset/durance1/15Bue1006Ch03A_S515_L001_R2_001.fastq.gz,move
data/durance1/170710_M03930_0062_000000000-BBHKV/Data/Intensities/BaseCalls/15Bue1014Ch03A_S516_L001_R1_001.fastq.gz,consolidated_dataset/durance1/15Bue1014Ch03A_S516_L001_R1_001.fastq.gz,move
data/durance1/170710_M03930_0062_000000000-BBHKV/Data/Intensities/BaseCalls/15Bue1014Ch03A_S516_L001_R2_001.fastq.gz,consolidated_dataset/durance1/15Bue1014Ch03A_S516_L001_R2_001.fastq.gz,move
data/durance1/170710_M03930_0062_000000000-BBHKV/Data/Intensities/BaseCalls/15Bau1004Ch03A_S517_L001_R1_001.fastq.gz,consolidated_dataset/durance1/15Bau1004Ch03A_S517_L001_R1_001.fastq.gz,move
data/durance1/170710_M03930_0062_000000000-BBHKV/Data/Intensities/BaseCalls/15Bau1004Ch03A_S517_L001_R2_001.fastq.gz,consolidated_dataset/durance1/15Bau1004Ch03A_S517_L001_R2_001.fastq.gz,move
data/durance1/170710_M03930_0062_000000000-BBHKV/Data/Intensities/BaseCalls/15Bau1012Ch03A_S518_L001_R1_001.fastq.gz,consolidated_dataset/durance1/15Bau1012Ch03A_S518_L001_R1_001.fastq.gz,move
data/durance1/170710_M03930_0062_000000000-BBHKV/Data/Intensities/BaseCalls/15Bau1012Ch03A_S518_L001_R2_001.fastq.gz,consolidated_dataset/durance1/15Bau1012Ch03A_S518_L001_R2_001.fastq.gz,move
data/durance1/170710_M03930_0062_000000000-BBHKV/Data/Intensities/BaseCalls/15Bau1020Ch03A_S519_L001_R1_001.fastq.gz,consolidated_dataset/durance1/15Bau1020Ch03A_S519_L001_R1_001.fastq.gz,move
data/durance1/170710_M03930_0062_000000000-BBHKV/Data/Intensities/BaseCalls/15Bau1020Ch03A_S519_L001_R2_001.fastq.gz,consolidated_dataset/durance1/15Bau1020Ch03A_S519_L001_R2_001.fastq.gz,move
data/durance1/170710_M03930_0062_000000000-BBHKV/Data/Intensities/BaseCalls/15Jus1003Ch03A_S520_L001_R1_001.fastq.gz,consolidated_dataset/durance1/15Jus1003Ch03A_S520_L001_R1_001.fastq.gz,move
data/durance1/170710_M03930_0062_000000000-BBHKV/Data/Intensities/BaseCalls/15Jus1003Ch03A_S520_L001_R2_001.fastq.gz,consolidated_dataset/durance1/15Jus1003Ch03A_S520_L001_R2_001.fastq.gz,move
data/durance1/170710_M03930_0062_000000000-BBHKV/Data/Intensities/BaseCalls/15Jus1011Ch03A_S521_L001_R1_001.fastq.gz,consolidated_dataset/durance1/15Jus1011Ch03A_S521_L001_R1_001.fastq.gz,move
data/durance1/170710_M03930_0062_000000000-BBHKV/Data/Intensities/BaseCalls/15Jus1011Ch03A_S521_L001_R2_001.fastq.gz,consolidated_dataset/durance1/15Jus1011Ch03A_S521_L001_R2_001.fastq.gz,move
data/durance1/170710_M03930_0062_000000000-BBHKV/Data/Intensities/BaseCalls/15Jus1019Ch03A_S522_L001_R1_001.fastq.gz,consolidated_dataset/durance1/15Jus1019Ch03A_S522_L001_R1_001.fastq.gz,move
data/durance1/170710_M03930_0062_000000000-BBHKV/Data/Intensities/BaseCalls/15Jus1019Ch03A_S522_L001_R2_001.fastq.gz,consolidated_dataset/durance1/15Jus1019Ch03A_S522_L001_R2_001.fastq.gz,move
data/durance1/170710_M03930_0062_000000000-BBHKV/Data/Intensities/BaseCalls/15Caa1008Ch03A_S523_L001_R1_001.fastq.gz,consolidated_dataset/durance1/15Caa1008Ch03A_S523_L001_R1_001.fastq.gz,move
data/durance1/170710_M03930_0062_000000000-BBHKV/Data/Intensities/BaseCalls/15Caa1008Ch03A_S523_L001_R2_001.fastq.gz,consolidated_dataset/durance1/15Caa1008Ch03A_S523_L001_R2_001.fastq.gz,move
data/durance1/170710_M03930_0062_000000000-BBHKV/Data/Intensities/BaseCalls/15Caa1016Ch03A_S524_L001_R1_001.fastq.gz,consolidated_dataset/durance1/15Caa1016Ch03A_S524_L001_R1_001.fastq.gz,move
data/durance1/170710_M03930_0062_000000000-BBHKV/Data/Intensities/BaseCalls/15Caa1016Ch03A_S524_L001_R2_001.fastq.gz,consolidated_dataset/durance1/15Caa1016Ch03A_S524_L001_R2_001.fastq.gz,move
data/durance1/170710_M03930_0062_000000000-BBHKV/Data/Intensities/BaseCalls/15Avi1004Cn03A_S525_L001_R1_001.fastq.gz,consolidated_dataset/durance1/15Avi1004Cn03A_S525_L001_R1_001.fastq.gz,move
data/durance1/170710_M03930_0062_000000000-BBHKV/Data/Intensities/BaseCalls/15Avi1004Cn03A_S525_L001_R2_001.fastq.gz,consolidated_dataset/durance1/15Avi1004Cn03A_S525_L001_R2_001.fastq.gz,move
data/durance1/170710_M03930_0062_000000000-BBHKV/Data/Intensities/BaseCalls/15Avi1012Pt03A_S526_L001_R1_001.fastq.gz,consolidated_dataset/durance1/15Avi1012Pt03A_S526_L001_R1_001.fastq.gz,move
data/durance1/170710_M03930_0062_000000000-BBHKV/Data/Intensities/BaseCalls/15Avi1012Pt03A_S526_L001_R2_001.fastq.gz,consolidated_dataset/durance1/15Avi1012Pt03A_S526_L001_R2_001.fastq.gz,move
data/durance1/170710_M03930_0062_000000000-BBHKV/Data/Intensities/BaseCalls/15Bue1007Ch03A_S527_L001_R1_001.fastq.gz,consolidated_dataset/durance1/15Bue1007Ch03A_S527_L001_R1_001.fastq.gz,move
data/durance1/170710_M03930_0062_000000000-BBHKV/Data/Intensities/BaseCalls/15Bue1007Ch03A_S527_L001_R2_001.fastq.gz,consolidated_dataset/durance1/15Bue1007Ch03A_S527_L001_R2_001.fastq.gz,move
data/durance1/170710_M03930_0062_000000000-BBHKV/Data/Intensities/BaseCalls/15Bue1015Ch03A_S528_L001_R1_001.fastq.gz,consolidated_dataset/durance1/15Bue1015Ch03A_S528_L001_R1_001.fastq.gz,move
data/durance1/170710_M03930_0062_000000000-BBHKV/Data/Intensities/BaseCalls/15Bue1015Ch03A_S528_L001_R2_001.fastq.gz,consolidated_dataset/durance1/15Bue1015Ch03A_S528_L001_R2_001.fastq.gz,move
data/durance1/170710_M03930_0062_000000000-BBHKV/Data/Intensities/BaseCalls/15Bau1005Ch03A_S529_L001_R1_001.fastq.gz,consolidated_dataset/durance1/15Bau1005Ch03A_S529_L001_R1_001.fastq.gz,move
data/durance1/170710_M03930_0062_000000000-BBHKV/Data/Intensities/BaseCalls/15Bau1005Ch03A_S529_L001_R2_001.fastq.gz,consolidated_dataset/durance1/15Bau1005Ch03A_S529_L001_R2_001.fastq.gz,move
data/durance1/170710_M03930_0062_000000000-BBHKV/Data/Intensities/BaseCalls/15Bau1013Ch03A_S530_L001_R1_001.fastq.gz,consolidated_dataset/durance1/15Bau1013Ch03A_S530_L001_R1_001.fastq.gz,move
data/durance1/170710_M03930_0062_000000000-BBHKV/Data/Intensities/BaseCalls/15Bau1013Ch03A_S530_L001_R2_001.fastq.gz,consolidated_dataset/durance1/15Bau1013Ch03A_S530_L001_R2_001.fastq.gz,move
data/durance1/170710_M03930_0062_000000000-BBHKV/Data/Intensities/BaseCalls/15Bau1021Ch03A_S531_L001_R1_001.fastq.gz,consolidated_dataset/durance1/15Bau1021Ch03A_S531_L001_R1_001.fastq.gz,move
data/durance1/170710_M03930_0062_000000000-BBHKV/Data/Intensities/BaseCalls/15Bau1021Ch03A_S531_L001_R2_001.fastq.gz,consolidated_dataset/durance1/15Bau1021Ch03A_S531_L001_R2_001.fastq.gz,move
data/durance1/170710_M03930_0062_000000000-BBHKV/Data/Intensities/BaseCalls/15Jus1004Ch03A_S532_L001_R1_001.fastq.gz,consolidated_dataset/durance1/15Jus1004Ch03A_S532_L001_R1_001.fastq.gz,move
data/durance1/170710_M03930_0062_000000000-BBHKV/Data/Intensities/BaseCalls/15Jus1004Ch03A_S532_L001_R2_001.fastq.gz,consolidated_dataset/durance1/15Jus1004Ch03A_S532_L001_R2_001.fastq.gz,move
data/durance1/170710_M03930_0062_000000000-BBHKV/Data/Intensities/BaseCalls/15Jus1012Ch03A_S533_L001_R1_001.fastq.gz,consolidated_dataset/durance1/15Jus1012Ch03A_S533_L001_R1_001.fastq.gz,move
data/durance1/170710_M03930_0062_000000000-BBHKV/Data/Intensities/BaseCalls/15Jus1012Ch03A_S533_L001_R2_001.fastq.gz,consolidated_dataset/durance1/15Jus1012Ch03A_S533_L001_R2_001.fastq.gz,move
data/durance1/170710_M03930_0062_000000000-BBHKV/Data/Intensities/BaseCalls/15Caa1001CH03A_S534_L001_R1_001.fastq.gz,consolidated_dataset/durance1/15Caa1001CH03A_S534_L001_R1_001.fastq.gz,move
data/durance1/170710_M03930_0062_000000000-BBHKV/Data/Intensities/BaseCalls/15Caa1001CH03A_S534_L001_R2_001.fastq.gz,consolidated_dataset/durance1/15Caa1001CH03A_S534_L001_R2_001.fastq.gz,move
data/durance1/170710_M03930_0062_000000000-BBHKV/Data/Intensities/BaseCalls/15Caa1009Ch03A_S535_L001_R1_001.fastq.gz,consolidated_dataset/durance1/15Caa1009Ch03A_S535_L001_R1_001.fastq.gz,move
data/durance1/170710_M03930_0062_000000000-BBHKV/Data/Intensities/BaseCalls/15Caa1009Ch03A_S535_L001_R2_001.fastq.gz,consolidated_dataset/durance1/15Caa1009Ch03A_S535_L001_R2_001.fastq.gz,move
data/durance1/170710_M03930_0062_000000000-BBHKV/Data/Intensities/BaseCalls/15Caa1017Ch03A_S536_L001_R1_001.fastq.gz,consolidated_dataset/durance1/15Caa1017Ch03A_S536_L001_R1_001.fastq.gz,move
data/durance1/170710_M03930_0062_000000000-BBHKV/Data/Intensities/BaseCalls/15Caa1017Ch03A_S536_L001_R2_001.fastq.gz,consolidated_dataset/durance1/15Caa1017Ch03A_S536_L001_R2_001.fastq.gz,move
data/durance1/170710_M03930_0062_000000000-BBHKV/Data/Intensities/BaseCalls/15Avi1005Cn03A_S537_L001_R1_001.fastq.gz,consolidated_dataset/durance1/15Avi1005Cn03A_S537_L001_R1_001.fastq.gz,move
data/durance1/170710_M03930_0062_000000000-BBHKV/Data/Intensities/BaseCalls/15Avi1005Cn03A_S537_L001_R2_001.fastq.gz,consolidated_dataset/durance1/15Avi1005Cn03A_S537_L001_R2_001.fastq.gz,move
data/durance1/170710_M03930_0062_000000000-BBHKV/Data/Intensities/BaseCalls/15Avi1013Pt03A_S538_L001_R1_001.fastq.gz,consolidated_dataset/durance1/15Avi1013Pt03A_S538_L001_R1_001.fastq.gz,move
data/durance1/170710_M03930_0062_000000000-BBHKV/Data/Intensities/BaseCalls/15Avi1013Pt03A_S538_L001_R2_001.fastq.gz,consolidated_dataset/durance1/15Avi1013Pt03A_S538_L001_R2_001.fastq.gz,move
data/durance1/170710_M03930_0062_000000000-BBHKV/Data/Intensities/BaseCalls/15Bue1008Ch03A_S539_L001_R1_001.fastq.gz,consolidated_dataset/durance1/15Bue1008Ch03A_S539_L001_R1_001.fastq.gz,move
data/durance1/170710_M03930_0062_000000000-BBHKV/Data/Intensities/BaseCalls/15Bue1008Ch03A_S539_L001_R2_001.fastq.gz,consolidated_dataset/durance1/15Bue1008Ch03A_S539_L001_R2_001.fastq.gz,move
data/durance1/170710_M03930_0062_000000000-BBHKV/Data/Intensities/BaseCalls/15Bue1016Ch03A_S540_L001_R1_001.fastq.gz,consolidated_dataset/durance1/15Bue1016Ch03A_S540_L001_R1_001.fastq.gz,move
data/durance1/170710_M03930_0062_000000000-BBHKV/Data/Intensities/BaseCalls/15Bue1016Ch03A_S540_L001_R2_001.fastq.gz,consolidated_dataset/durance1/15Bue1016Ch03A_S540_L001_R2_001.fastq.gz,move
data/durance1/170710_M03930_0062_000000000-BBHKV/Data/Intensities/BaseCalls/15Bau1006Ch03A_S541_L001_R1_001.fastq.gz,consolidated_dataset/durance1/15Bau1006Ch03A_S541_L001_R1_001.fastq.gz,move
data/durance1/170710_M03930_0062_000000000-BBHKV/Data/Intensities/BaseCalls/15Bau1006Ch03A_S541_L001_R2_001.fastq.gz,consolidated_dataset/durance1/15Bau1006Ch03A_S541_L001_R2_001.fastq.gz,move
data/durance1/170710_M03930_0062_000000000-BBHKV/Data/Intensities/BaseCalls/15Bau1014Ch03A_S542_L001_R1_001.fastq.gz,consolidated_dataset/durance1/15Bau1014Ch03A_S542_L001_R1_001.fastq.gz,move
data/durance1/170710_M03930_0062_000000000-BBHKV/Data/Intensities/BaseCalls/15Bau1014Ch03A_S542_L001_R2_001.fastq.gz,consolidated_dataset/durance1/15Bau1014Ch03A_S542_L001_R2_001.fastq.gz,move
data/durance1/170710_M03930_0062_000000000-BBHKV/Data/Intensities/BaseCalls/15Bau1022Ch03A_S543_L001_R1_001.fastq.gz,consolidated_dataset/durance1/15Bau1022Ch03A_S543_L001_R1_001.fastq.gz,move
data/durance1/170710_M03930_0062_000000000-BBHKV/Data/Intensities/BaseCalls/15Bau1022Ch03A_S543_L001_R2_001.fastq.gz,consolidated_dataset/durance1/15Bau1022Ch03A_S543_L001_R2_001.fastq.gz,move
data/durance1/170710_M03930_0062_000000000-BBHKV/Data/Intensities/BaseCalls/15Jus1005Ch03A_S544_L001_R1_001.fastq.gz,consolidated_dataset/durance1/15Jus1005Ch03A_S544_L001_R1_001.fastq.gz,move
data/durance1/170710_M03930_0062_000000000-BBHKV/Data/Intensities/BaseCalls/15Jus1005Ch03A_S544_L001_R2_001.fastq.gz,consolidated_dataset/durance1/15Jus1005Ch03A_S544_L001_R2_001.fastq.gz,move
data/durance1/170710_M03930_0062_000000000-BBHKV/Data/Intensities/BaseCalls/15Jus1013Ch03A_S545_L001_R1_001.fastq.gz,consolidated_dataset/durance1/15Jus1013Ch03A_S545_L001_R1_001.fastq.gz,move
data/durance1/170710_M03930_0062_000000000-BBHKV/Data/Intensities/BaseCalls/15Jus1013Ch03A_S545_L001_R2_001.fastq.gz,consolidated_dataset/durance1/15Jus1013Ch03A_S545_L001_R2_001.fastq.gz,move
data/durance1/170710_M03930_0062_000000000-BBHKV/Data/Intensities/BaseCalls/15Caa1002Ch03A_S546_L001_R1_001.fastq.gz,consolidated_dataset/durance1/15Caa1002Ch03A_S546_L001_R1_001.fastq.gz,move
data/durance1/170710_M03930_0062_000000000-BBHKV/Data/Intensities/BaseCalls/15Caa1002Ch03A_S546_L001_R2_001.fastq.gz,consolidated_dataset/durance1/15Caa1002Ch03A_S546_L001_R2_001.fastq.gz,move
data/durance1/170710_M03930_0062_000000000-BBHKV/Data/Intensities/BaseCalls/15Caa1010Ch03A_S547_L001_R1_001.fastq.gz,consolidated_dataset/durance1/15Caa1010Ch03A_S547_L001_R1_001.fastq.gz,move
data/durance1/170710_M03930_0062_000000000-BBHKV/Data/Intensities/BaseCalls/15Caa1010Ch03A_S547_L001_R2_001.fastq.gz,consolidated_dataset/durance1/15Caa1010Ch03A_S547_L001_R2_001.fastq.gz,move
data/durance1/170710_M03930_0062_000000000-BBHKV/Data/Intensities/BaseCalls/15Caa1018Ch03A_S548_L001_R1_001.fastq.gz,consolidated_dataset/durance1/15Caa1018Ch03A_S548_L001_R1_001.fastq.gz,move
data/durance1/170710_M03930_0062_000000000-BBHKV/Data/Intensities/BaseCalls/15Caa1018Ch03A_S548_L001_R2_001.fastq.gz,consolidated_dataset/durance1/15Caa1018Ch03A_S548_L001_R2_001.fastq.gz,move
data/durance1/170710_M03930_0062_000000000-BBHKV/Data/Intensities/BaseCalls/15Avi1006Cn03A_S549_L001_R1_001.fastq.gz,consolidated_dataset/durance1/15Avi1006Cn03A_S549_L001_R1_001.fastq.gz,move
data/durance1/170710_M03930_0062_000000000-BBHKV/Data/Intensities/BaseCalls/15Avi1006Cn03A_S549_L001_R2_001.fastq.gz,consolidated_dataset/durance1/15Avi1006Cn03A_S549_L001_R2_001.fastq.gz,move
data/durance1/170710_M03930_0062_000000000-BBHKV/Data/Intensities/BaseCalls/15Bue1001Ch03A_S550_L001_R1_001.fastq.gz,consolidated_dataset/durance1/15Bue1001Ch03A_S550_L001_R1_001.fastq.gz,move
data/durance1/170710_M03930_0062_000000000-BBHKV/Data/Intensities/BaseCalls/15Bue1001Ch03A_S550_L001_R2_001.fastq.gz,consolidated_dataset/durance1/15Bue1001Ch03A_S550_L001_R2_001.fastq.gz,move
data/durance1/170710_M03930_0062_000000000-BBHKV/Data/Intensities/BaseCalls/15Bue1009Ch03A_S551_L001_R1_001.fastq.gz,consolidated_dataset/durance1/15Bue1009Ch03A_S551_L001_R1_001.fastq.gz,move
data/durance1/170710_M03930_0062_000000000-BBHKV/Data/Intensities/BaseCalls/15Bue1009Ch03A_S551_L001_R2_001.fastq.gz,consolidated_dataset/durance1/15Bue1009Ch03A_S551_L001_R2_001.fastq.gz,move
data/durance1/170710_M03930_0062_000000000-BBHKV/Data/Intensities/BaseCalls/15Bue1017Ch03A_S552_L001_R1_001.fastq.gz,consolidated_dataset/durance1/15Bue1017Ch03A_S552_L001_R1_001.fastq.gz,move
data/durance1/170710_M03930_0062_000000000-BBHKV/Data/Intensities/BaseCalls/15Bue1017Ch03A_S552_L001_R2_001.fastq.gz,consolidated_dataset/durance1/15Bue1017Ch03A_S552_L001_R2_001.fastq.gz,move
data/durance1/170710_M03930_0062_000000000-BBHKV/Data/Intensities/BaseCalls/15Bau1007Ch03A_S553_L001_R1_001.fastq.gz,consolidated_dataset/durance1/15Bau1007Ch03A_S553_L001_R1_001.fastq.gz,move
data/durance1/170710_M03930_0062_000000000-BBHKV/Data/Intensities/BaseCalls/15Bau1007Ch03A_S553_L001_R2_001.fastq.gz,consolidated_dataset/durance1/15Bau1007Ch03A_S553_L001_R2_001.fastq.gz,move
data/durance1/170710_M03930_0062_000000000-BBHKV/Data/Intensities/BaseCalls/15Bau1015Ch03A_S554_L001_R1_001.fastq.gz,consolidated_dataset/durance1/15Bau1015Ch03A_S554_L001_R1_001.fastq.gz,move
data/durance1/170710_M03930_0062_000000000-BBHKV/Data/Intensities/BaseCalls/15Bau1015Ch03A_S554_L001_R2_001.fastq.gz,consolidated_dataset/durance1/15Bau1015Ch03A_S554_L001_R2_001.fastq.gz,move
data/durance1/170710_M03930_0062_000000000-BBHKV/Data/Intensities/BaseCalls/15Bau1023Ch03A_S555_L001_R1_001.fastq.gz,consolidated_dataset/durance1/15Bau1023Ch03A_S555_L001_R1_001.fastq.gz,move
data/durance1/170710_M03930_0062_000000000-BBHKV/Data/Intensities/BaseCalls/15Bau1023Ch03A_S555_L001_R2_001.fastq.gz,consolidated_dataset/durance1/15Bau1023Ch03A_S555_L001_R2_001.fastq.gz,move
data/durance1/170710_M03930_0062_000000000-BBHKV/Data/Intensities/BaseCalls/15Jus1006Ch03A_S556_L001_R1_001.fastq.gz,consolidated_dataset/durance1/15Jus1006Ch03A_S556_L001_R1_001.fastq.gz,move
data/durance1/170710_M03930_0062_000000000-BBHKV/Data/Intensities/BaseCalls/15Jus1006Ch03A_S556_L001_R2_001.fastq.gz,consolidated_dataset/durance1/15Jus1006Ch03A_S556_L001_R2_001.fastq.gz,move
data/durance1/170710_M03930_0062_000000000-BBHKV/Data/Intensities/BaseCalls/15Jus1014Ch03A_S557_L001_R1_001.fastq.gz,consolidated_dataset/durance1/15Jus1014Ch03A_S557_L001_R1_001.fastq.gz,move
data/durance1/170710_M03930_0062_000000000-BBHKV/Data/Intensities/BaseCalls/15Jus1014Ch03A_S557_L001_R2_001.fastq.gz,consolidated_dataset/durance1/15Jus1014Ch03A_S557_L001_R2_001.fastq.gz,move
data/durance1/170710_M03930_0062_000000000-BBHKV/Data/Intensities/BaseCalls/15Caa1003Ch03A_S558_L001_R1_001.fastq.gz,consolidated_dataset/durance1/15Caa1003Ch03A_S558_L001_R1_001.fastq.gz,move
data/durance1/170710_M03930_0062_000000000-BBHKV/Data/Intensities/BaseCalls/15Caa1003Ch03A_S558_L001_R2_001.fastq.gz,consolidated_dataset/durance1/15Caa1003Ch03A_S558_L001_R2_001.fastq.gz,move
data/durance1/170710_M03930_0062_000000000-BBHKV/Data/Intensities/BaseCalls/15Caa1011Ch03A_S559_L001_R1_001.fastq.gz,consolidated_dataset/durance1/15Caa1011Ch03A_S559_L001_R1_001.fastq.gz,move
data/durance1/170710_M03930_0062_000000000-BBHKV/Data/Intensities/BaseCalls/15Caa1011Ch03A_S559_L001_R2_001.fastq.gz,consolidated_dataset/durance1/15Caa1011Ch03A_S559_L001_R2_001.fastq.gz,move
data/durance1/170710_M03930_0062_000000000-BBHKV/Data/Intensities/BaseCalls/15Caa1019Ch03A_S560_L001_R1_001.fastq.gz,consolidated_dataset/durance1/15Caa1019Ch03A_S560_L001_R1_001.fastq.gz,move
data/durance1/170710_M03930_0062_000000000-BBHKV/Data/Intensities/BaseCalls/15Caa1019Ch03A_S560_L001_R2_001.fastq.gz,consolidated_dataset/durance1/15Caa1019Ch03A_S560_L001_R2_001.fastq.gz,move
data/durance1/170710_M03930_0062_000000000-BBHKV/Data/Intensities/BaseCalls/15Avi1007Cn03A_S561_L001_R1_001.fastq.gz,consolidated_dataset/durance1/15Avi1007Cn03A_S561_L001_R1_001.fastq.gz,move
data/durance1/170710_M03930_0062_000000000-BBHKV/Data/Intensities/BaseCalls/15Avi1007Cn03A_S561_L001_R2_001.fastq.gz,consolidated_dataset/durance1/15Avi1007Cn03A_S561_L001_R2_001.fastq.gz,move
data/durance1/170710_M03930_0062_000000000-BBHKV/Data/Intensities/BaseCalls/15Bue1002Ch03A_S562_L001_R1_001.fastq.gz,consolidated_dataset/durance1/15Bue1002Ch03A_S562_L001_R1_001.fastq.gz,move
data/durance1/170710_M03930_0062_000000000-BBHKV/Data/Intensities/BaseCalls/15Bue1002Ch03A_S562_L001_R2_001.fastq.gz,consolidated_dataset/durance1/15Bue1002Ch03A_S562_L001_R2_001.fastq.gz,move
data/durance1/170710_M03930_0062_000000000-BBHKV/Data/Intensities/BaseCalls/15Bue1010Ch03A_S563_L001_R1_001.fastq.gz,consolidated_dataset/durance1/15Bue1010Ch03A_S563_L001_R1_001.fastq.gz,move
data/durance1/170710_M03930_0062_000000000-BBHKV/Data/Intensities/BaseCalls/15Bue1010Ch03A_S563_L001_R2_001.fastq.gz,consolidated_dataset/durance1/15Bue1010Ch03A_S563_L001_R2_001.fastq.gz,move
data/durance1/170710_M03930_0062_000000000-BBHKV/Data/Intensities/BaseCalls/15Bue1018Ch03A_S564_L001_R1_001.fastq.gz,consolidated_dataset/durance1/15Bue1018Ch03A_S564_L001_R1_001.fastq.gz,move
data/durance1/170710_M03930_0062_000000000-BBHKV/Data/Intensities/BaseCalls/15Bue1018Ch03A_S564_L001_R2_001.fastq.gz,consolidated_dataset/durance1/15Bue1018Ch03A_S564_L001_R2_001.fastq.gz,move
data/durance1/170710_M03930_0062_000000000-BBHKV/Data/Intensities/BaseCalls/15Bau1008Ch03A_S565_L001_R1_001.fastq.gz,consolidated_dataset/durance1/15Bau1008Ch03A_S565_L001_R1_001.fastq.gz,move
data/durance1/170710_M03930_0062_000000000-BBHKV/Data/Intensities/BaseCalls/15Bau1008Ch03A_S565_L001_R2_001.fastq.gz,consolidated_dataset/durance1/15Bau1008Ch03A_S565_L001_R2_001.fastq.gz,move
data/durance1/170710_M03930_0062_000000000-BBHKV/Data/Intensities/BaseCalls/15Bau1016Ch03A_S566_L001_R1_001.fastq.gz,consolidated_dataset/durance1/15Bau1016Ch03A_S566_L001_R1_001.fastq.gz,move
data/durance1/170710_M03930_0062_000000000-BBHKV/Data/Intensities/BaseCalls/15Bau1016Ch03A_S566_L001_R2_001.fastq.gz,consolidated_dataset/durance1/15Bau1016Ch03A_S566_L001_R2_001.fastq.gz,move
data/durance1/170710_M03930_0062_000000000-BBHKV/Data/Intensities/BaseCalls/15Bau1024Ch03A_S567_L001_R1_001.fastq.gz,consolidated_dataset/durance1/15Bau1024Ch03A_S567_L001_R1_001.fastq.gz,move
data/durance1/170710_M03930_0062_000000000-BBHKV/Data/Intensities/BaseCalls/15Bau1024Ch03A_S567_L001_R2_001.fastq.gz,consolidated_dataset/durance1/15Bau1024Ch03A_S567_L001_R2_001.fastq.gz,move
data/durance1/170710_M03930_0062_000000000-BBHKV/Data/Intensities/BaseCalls/15Jus1007Ch03A_S568_L001_R1_001.fastq.gz,consolidated_dataset/durance1/15Jus1007Ch03A_S568_L001_R1_001.fastq.gz,move
data/durance1/170710_M03930_0062_000000000-BBHKV/Data/Intensities/BaseCalls/15Jus1007Ch03A_S568_L001_R2_001.fastq.gz,consolidated_dataset/durance1/15Jus1007Ch03A_S568_L001_R2_001.fastq.gz,move
data/durance1/170710_M03930_0062_000000000-BBHKV/Data/Intensities/BaseCalls/15Jus1015Ch03A_S569_L001_R1_001.fastq.gz,consolidated_dataset/durance1/15Jus1015Ch03A_S569_L001_R1_001.fastq.gz,move
data/durance1/170710_M03930_0062_000000000-BBHKV/Data/Intensities/BaseCalls/15Jus1015Ch03A_S569_L001_R2_001.fastq.gz,consolidated_dataset/durance1/15Jus1015Ch03A_S569_L001_R2_001.fastq.gz,move
data/durance1/170710_M03930_0062_000000000-BBHKV/Data/Intensities/BaseCalls/15Caa1004Ch03A_S570_L001_R1_001.fastq.gz,consolidated_dataset/durance1/15Caa1004Ch03A_S570_L001_R1_001.fastq.gz,move
data/durance1/170710_M03930_0062_000000000-BBHKV/Data/Intensities/BaseCalls/15Caa1004Ch03A_S570_L001_R2_001.fastq.gz,consolidated_dataset/durance1/15Caa1004Ch03A_S570_L001_R2_001.fastq.gz,move
data/durance1/170710_M03930_0062_000000000-BBHKV/Data/Intensities/BaseCalls/15Caa1012Ch03A_S571_L001_R1_001.fastq.gz,consolidated_dataset/durance1/15Caa1012Ch03A_S571_L001_R1_001.fastq.gz,move
data/durance1/170710_M03930_0062_000000000-BBHKV/Data/Intensities/BaseCalls/15Caa1012Ch03A_S571_L001_R2_001.fastq.gz,consolidated_dataset/durance1/15Caa1012Ch03A_S571_L001_R2_001.fastq.gz,move
data/durance1/170710_M03930_0062_000000000-BBHKV/Data/Intensities/BaseCalls/15Caa1020Ch03A_S572_L001_R1_001.fastq.gz,consolidated_dataset/durance1/15Caa1020Ch03A_S572_L001_R1_001.fastq.gz,move
data/durance1/170710_M03930_0062_000000000-BBHKV/Data/Intensities/BaseCalls/15Caa1020Ch03A_S572_L001_R2_001.fastq.gz,consolidated_dataset/durance1/15Caa1020Ch03A_S572_L001_R2_001.fastq.gz,move
data/durance1/170710_M03930_0062_000000000-BBHKV/Data/Intensities/BaseCalls/15Avi1008Cn03A_S573_L001_R1_001.fastq.gz,consolidated_dataset/durance1/15Avi1008Cn03A_S573_L001_R1_001.fastq.gz,move
data/durance1/170710_M03930_0062_000000000-BBHKV/Data/Intensities/BaseCalls/15Avi1008Cn03A_S573_L001_R2_001.fastq.gz,consolidated_dataset/durance1/15Avi1008Cn03A_S573_L001_R2_001.fastq.gz,move
data/durance1/170710_M03930_0062_000000000-BBHKV/Data/Intensities/BaseCalls/15Bue1003Ch03A_S574_L001_R1_001.fastq.gz,consolidated_dataset/durance1/15Bue1003Ch03A_S574_L001_R1_001.fastq.gz,move
data/durance1/170710_M03930_0062_000000000-BBHKV/Data/Intensities/BaseCalls/15Bue1003Ch03A_S574_L001_R2_001.fastq.gz,consolidated_dataset/durance1/15Bue1003Ch03A_S574_L001_R2_001.fastq.gz,move
data/durance1/170710_M03930_0062_000000000-BBHKV/Data/Intensities/BaseCalls/15Bue1011Ch03A_S575_L001_R1_001.fastq.gz,consolidated_dataset/durance1/15Bue1011Ch03A_S575_L001_R1_001.fastq.gz,move
data/durance1/170710_M03930_0062_000000000-BBHKV/Data/Intensities/BaseCalls/15Bue1011Ch03A_S575_L001_R2_001.fastq.gz,consolidated_dataset/durance1/15Bue1011Ch03A_S575_L001_R2_001.fastq.gz,move
data/durance1/170710_M03930_0062_000000000-BBHKV/Data/Intensities/BaseCalls/T-6_S576_L001_R1_001.fastq.gz,consolidated_dataset/durance1/T-6_S576_L001_R1_001.fastq.gz,move
data/durance1/170710_M03930_0062_000000000-BBHKV/Data/Intensities/BaseCalls/T-6_S576_L001_R2_001.fastq.gz,consolidated_dataset/durance1/T-6_S576_L001_R2_001.fastq.gz,move
data/durance1/170710_M03930_0062_000000000-BBHKV/Data/Intensities/BaseCalls/14Ain1001Cn02A_S577_L001_R1_001.fastq.gz,consolidated_dataset/durance1/14Ain1001Cn02A_S577_L001_R1_001.fastq.gz,move
data/durance1/170710_M03930_0062_000000000-BBHKV/Data/Intensities/BaseCalls/14Ain1001Cn02A_S577_L001_R2_001.fastq.gz,consolidated_dataset/durance1/14Ain1001Cn02A_S577_L001_R2_001.fastq.gz,move
data/durance1/170710_M03930_0062_000000000-BBHKV/Data/Intensities/BaseCalls/14Ain1039Pt02A_S578_L001_R1_001.fastq.gz,consolidated_dataset/durance1/14Ain1039Pt02A_S578_L001_R1_001.fastq.gz,move
data/durance1/170710_M03930_0062_000000000-BBHKV/Data/Intensities/BaseCalls/14Ain1039Pt02A_S578_L001_R2_001.fastq.gz,consolidated_dataset/durance1/14Ain1039Pt02A_S578_L001_R2_001.fastq.gz,move
data/durance1/170710_M03930_0062_000000000-BBHKV/Data/Intensities/BaseCalls/15Cab1004Ch02A_S579_L001_R1_001.fastq.gz,consolidated_dataset/durance1/15Cab1004Ch02A_S579_L001_R1_001.fastq.gz,move
data/durance1/170710_M03930_0062_000000000-BBHKV/Data/Intensities/BaseCalls/15Cab1004Ch02A_S579_L001_R2_001.fastq.gz,consolidated_dataset/durance1/15Cab1004Ch02A_S579_L001_R2_001.fastq.gz,move
data/durance1/170710_M03930_0062_000000000-BBHKV/Data/Intensities/BaseCalls/15Cab1012Ch02A_S580_L001_R1_001.fastq.gz,consolidated_dataset/durance1/15Cab1012Ch02A_S580_L001_R1_001.fastq.gz,move
data/durance1/170710_M03930_0062_000000000-BBHKV/Data/Intensities/BaseCalls/15Cab1012Ch02A_S580_L001_R2_001.fastq.gz,consolidated_dataset/durance1/15Cab1012Ch02A_S580_L001_R2_001.fastq.gz,move
data/durance1/170710_M03930_0062_000000000-BBHKV/Data/Intensities/BaseCalls/14Avi1001Cn02A_S581_L001_R1_001.fastq.gz,consolidated_dataset/durance1/14Avi1001Cn02A_S581_L001_R1_001.fastq.gz,move
data/durance1/170710_M03930_0062_000000000-BBHKV/Data/Intensities/BaseCalls/14Avi1001Cn02A_S581_L001_R2_001.fastq.gz,consolidated_dataset/durance1/14Avi1001Cn02A_S581_L001_R2_001.fastq.gz,move
data/durance1/170710_M03930_0062_000000000-BBHKV/Data/Intensities/BaseCalls/14Avi1036Cn02A_S582_L001_R1_001.fastq.gz,consolidated_dataset/durance1/14Avi1036Cn02A_S582_L001_R1_001.fastq.gz,move
data/durance1/170710_M03930_0062_000000000-BBHKV/Data/Intensities/BaseCalls/14Avi1036Cn02A_S582_L001_R2_001.fastq.gz,consolidated_dataset/durance1/14Avi1036Cn02A_S582_L001_R2_001.fastq.gz,move
data/durance1/170710_M03930_0062_000000000-BBHKV/Data/Intensities/BaseCalls/14Bue1006Cn02A_S583_L001_R1_001.fastq.gz,consolidated_dataset/durance1/14Bue1006Cn02A_S583_L001_R1_001.fastq.gz,move
data/durance1/170710_M03930_0062_000000000-BBHKV/Data/Intensities/BaseCalls/14Bue1006Cn02A_S583_L001_R2_001.fastq.gz,consolidated_dataset/durance1/14Bue1006Cn02A_S583_L001_R2_001.fastq.gz,move
data/durance1/170710_M03930_0062_000000000-BBHKV/Data/Intensities/BaseCalls/14Bue1016Ch02A_S584_L001_R1_001.fastq.gz,consolidated_dataset/durance1/14Bue1016Ch02A_S584_L001_R1_001.fastq.gz,move
data/durance1/170710_M03930_0062_000000000-BBHKV/Data/Intensities/BaseCalls/14Bue1016Ch02A_S584_L001_R2_001.fastq.gz,consolidated_dataset/durance1/14Bue1016Ch02A_S584_L001_R2_001.fastq.gz,move
data/durance1/170710_M03930_0062_000000000-BBHKV/Data/Intensities/BaseCalls/14Man1012Ch02A_S585_L001_R1_001.fastq.gz,consolidated_dataset/durance1/14Man1012Ch02A_S585_L001_R1_001.fastq.gz,move
data/durance1/170710_M03930_0062_000000000-BBHKV/Data/Intensities/BaseCalls/14Man1012Ch02A_S585_L001_R2_001.fastq.gz,consolidated_dataset/durance1/14Man1012Ch02A_S585_L001_R2_001.fastq.gz,move
data/durance1/170710_M03930_0062_000000000-BBHKV/Data/Intensities/BaseCalls/14Man1020Ch02A_S586_L001_R1_001.fastq.gz,consolidated_dataset/durance1/14Man1020Ch02A_S586_L001_R1_001.fastq.gz,move
data/durance1/170710_M03930_0062_000000000-BBHKV/Data/Intensities/BaseCalls/14Man1020Ch02A_S586_L001_R2_001.fastq.gz,consolidated_dataset/durance1/14Man1020Ch02A_S586_L001_R2_001.fastq.gz,move
data/durance1/170710_M03930_0062_000000000-BBHKV/Data/Intensities/BaseCalls/14Per2012Ch02A_S587_L001_R1_001.fastq.gz,consolidated_dataset/durance1/14Per2012Ch02A_S587_L001_R1_001.fastq.gz,move
data/durance1/170710_M03930_0062_000000000-BBHKV/Data/Intensities/BaseCalls/14Per2012Ch02A_S587_L001_R2_001.fastq.gz,consolidated_dataset/durance1/14Per2012Ch02A_S587_L001_R2_001.fastq.gz,move
data/durance1/170710_M03930_0062_000000000-BBHKV/Data/Intensities/BaseCalls/14Per2012Ch02A-bis_S588_L001_R1_001.fastq.gz,consolidated_dataset/durance1/14Per2012Ch02A-bis_S588_L001_R1_001.fastq.gz,move
data/durance1/170710_M03930_0062_000000000-BBHKV/Data/Intensities/BaseCalls/14Per2012Ch02A-bis_S588_L001_R2_001.fastq.gz,consolidated_dataset/durance1/14Per2012Ch02A-bis_S588_L001_R2_001.fastq.gz,move
data/durance1/170710_M03930_0062_000000000-BBHKV/Data/Intensities/BaseCalls/14Ain1002Cn02A_S589_L001_R1_001.fastq.gz,consolidated_dataset/durance1/14Ain1002Cn02A_S589_L001_R1_001.fastq.gz,move
data/durance1/170710_M03930_0062_000000000-BBHKV/Data/Intensities/BaseCalls/14Ain1002Cn02A_S589_L001_R2_001.fastq.gz,consolidated_dataset/durance1/14Ain1002Cn02A_S589_L001_R2_001.fastq.gz,move
data/durance1/170710_M03930_0062_000000000-BBHKV/Data/Intensities/BaseCalls/14Ain1040Pt02A_S590_L001_R1_001.fastq.gz,consolidated_dataset/durance1/14Ain1040Pt02A_S590_L001_R1_001.fastq.gz,move
data/durance1/170710_M03930_0062_000000000-BBHKV/Data/Intensities/BaseCalls/14Ain1040Pt02A_S590_L001_R2_001.fastq.gz,consolidated_dataset/durance1/14Ain1040Pt02A_S590_L001_R2_001.fastq.gz,move
data/durance1/170710_M03930_0062_000000000-BBHKV/Data/Intensities/BaseCalls/15Cab1005Ch02A_S591_L001_R1_001.fastq.gz,consolidated_dataset/durance1/15Cab1005Ch02A_S591_L001_R1_001.fastq.gz,move
data/durance1/170710_M03930_0062_000000000-BBHKV/Data/Intensities/BaseCalls/15Cab1005Ch02A_S591_L001_R2_001.fastq.gz,consolidated_dataset/durance1/15Cab1005Ch02A_S591_L001_R2_001.fastq.gz,move
data/durance1/170710_M03930_0062_000000000-BBHKV/Data/Intensities/BaseCalls/15Cab1013Ch02A_S592_L001_R1_001.fastq.gz,consolidated_dataset/durance1/15Cab1013Ch02A_S592_L001_R1_001.fastq.gz,move
data/durance1/170710_M03930_0062_000000000-BBHKV/Data/Intensities/BaseCalls/15Cab1013Ch02A_S592_L001_R2_001.fastq.gz,consolidated_dataset/durance1/15Cab1013Ch02A_S592_L001_R2_001.fastq.gz,move
data/durance1/170710_M03930_0062_000000000-BBHKV/Data/Intensities/BaseCalls/14Avi1002Cn02A_S593_L001_R1_001.fastq.gz,consolidated_dataset/durance1/14Avi1002Cn02A_S593_L001_R1_001.fastq.gz,move
data/durance1/170710_M03930_0062_000000000-BBHKV/Data/Intensities/BaseCalls/14Avi1002Cn02A_S593_L001_R2_001.fastq.gz,consolidated_dataset/durance1/14Avi1002Cn02A_S593_L001_R2_001.fastq.gz,move
data/durance1/170710_M03930_0062_000000000-BBHKV/Data/Intensities/BaseCalls/14Avi1037Cn02A_S594_L001_R1_001.fastq.gz,consolidated_dataset/durance1/14Avi1037Cn02A_S594_L001_R1_001.fastq.gz,move
data/durance1/170710_M03930_0062_000000000-BBHKV/Data/Intensities/BaseCalls/14Avi1037Cn02A_S594_L001_R2_001.fastq.gz,consolidated_dataset/durance1/14Avi1037Cn02A_S594_L001_R2_001.fastq.gz,move
data/durance1/170710_M03930_0062_000000000-BBHKV/Data/Intensities/BaseCalls/14Bue1007Cn02A_S595_L001_R1_001.fastq.gz,consolidated_dataset/durance1/14Bue1007Cn02A_S595_L001_R1_001.fastq.gz,move
data/durance1/170710_M03930_0062_000000000-BBHKV/Data/Intensities/BaseCalls/14Bue1007Cn02A_S595_L001_R2_001.fastq.gz,consolidated_dataset/durance1/14Bue1007Cn02A_S595_L001_R2_001.fastq.gz,move
data/durance1/170710_M03930_0062_000000000-BBHKV/Data/Intensities/BaseCalls/14Bue1017Ch02A_S596_L001_R1_001.fastq.gz,consolidated_dataset/durance1/14Bue1017Ch02A_S596_L001_R1_001.fastq.gz,move
data/durance1/170710_M03930_0062_000000000-BBHKV/Data/Intensities/BaseCalls/14Bue1017Ch02A_S596_L001_R2_001.fastq.gz,consolidated_dataset/durance1/14Bue1017Ch02A_S596_L001_R2_001.fastq.gz,move
data/durance1/170710_M03930_0062_000000000-BBHKV/Data/Intensities/BaseCalls/14Man1013Ch02A_S597_L001_R1_001.fastq.gz,consolidated_dataset/durance1/14Man1013Ch02A_S597_L001_R1_001.fastq.gz,move
data/durance1/170710_M03930_0062_000000000-BBHKV/Data/Intensities/BaseCalls/14Man1013Ch02A_S597_L001_R2_001.fastq.gz,consolidated_dataset/durance1/14Man1013Ch02A_S597_L001_R2_001.fastq.gz,move
data/durance1/170710_M03930_0062_000000000-BBHKV/Data/Intensities/BaseCalls/14Man1021Ch02A_S598_L001_R1_001.fastq.gz,consolidated_dataset/durance1/14Man1021Ch02A_S598_L001_R1_001.fastq.gz,move
data/durance1/170710_M03930_0062_000000000-BBHKV/Data/Intensities/BaseCalls/14Man1021Ch02A_S598_L001_R2_001.fastq.gz,consolidated_dataset/durance1/14Man1021Ch02A_S598_L001_R2_001.fastq.gz,move
data/durance1/170710_M03930_0062_000000000-BBHKV/Data/Intensities/BaseCalls/14Per2013Ch02A_S599_L001_R1_001.fastq.gz,consolidated_dataset/durance1/14Per2013Ch02A_S599_L001_R1_001.fastq.gz,move
data/durance1/170710_M03930_0062_000000000-BBHKV/Data/Intensities/BaseCalls/14Per2013Ch02A_S599_L001_R2_001.fastq.gz,consolidated_dataset/durance1/14Per2013Ch02A_S599_L001_R2_001.fastq.gz,move
data/durance1/170710_M03930_0062_000000000-BBHKV/Data/Intensities/BaseCalls/14Per2013Ch02A-bis_S600_L001_R1_001.fastq.gz,consolidated_dataset/durance1/14Per2013Ch02A-bis_S600_L001_R1_001.fastq.gz,move
data/durance1/170710_M03930_0062_000000000-BBHKV/Data/Intensities/BaseCalls/14Per2013Ch02A-bis_S600_L001_R2_001.fastq.gz,consolidated_dataset/durance1/14Per2013Ch02A-bis_S600_L001_R2_001.fastq.gz,move
data/durance1/170710_M03930_0062_000000000-BBHKV/Data/Intensities/BaseCalls/14Ain1011Pt02A_S601_L001_R1_001.fastq.gz,consolidated_dataset/durance1/14Ain1011Pt02A_S601_L001_R1_001.fastq.gz,move
data/durance1/170710_M03930_0062_000000000-BBHKV/Data/Intensities/BaseCalls/14Ain1011Pt02A_S601_L001_R2_001.fastq.gz,consolidated_dataset/durance1/14Ain1011Pt02A_S601_L001_R2_001.fastq.gz,move
data/durance1/170710_M03930_0062_000000000-BBHKV/Data/Intensities/BaseCalls/14Ain1041Pt02A_S602_L001_R1_001.fastq.gz,consolidated_dataset/durance1/14Ain1041Pt02A_S602_L001_R1_001.fastq.gz,move
data/durance1/170710_M03930_0062_000000000-BBHKV/Data/Intensities/BaseCalls/14Ain1041Pt02A_S602_L001_R2_001.fastq.gz,consolidated_dataset/durance1/14Ain1041Pt02A_S602_L001_R2_001.fastq.gz,move
data/durance1/170710_M03930_0062_000000000-BBHKV/Data/Intensities/BaseCalls/15Cab1006Ch02A_S603_L001_R1_001.fastq.gz,consolidated_dataset/durance1/15Cab1006Ch02A_S603_L001_R1_001.fastq.gz,move
data/durance1/170710_M03930_0062_000000000-BBHKV/Data/Intensities/BaseCalls/15Cab1006Ch02A_S603_L001_R2_001.fastq.gz,consolidated_dataset/durance1/15Cab1006Ch02A_S603_L001_R2_001.fastq.gz,move
data/durance1/170710_M03930_0062_000000000-BBHKV/Data/Intensities/BaseCalls/15Cab1014Ch02A_S604_L001_R1_001.fastq.gz,consolidated_dataset/durance1/15Cab1014Ch02A_S604_L001_R1_001.fastq.gz,move
data/durance1/170710_M03930_0062_000000000-BBHKV/Data/Intensities/BaseCalls/15Cab1014Ch02A_S604_L001_R2_001.fastq.gz,consolidated_dataset/durance1/15Cab1014Ch02A_S604_L001_R2_001.fastq.gz,move
data/durance1/170710_M03930_0062_000000000-BBHKV/Data/Intensities/BaseCalls/14Avi1003Cn02A_S605_L001_R1_001.fastq.gz,consolidated_dataset/durance1/14Avi1003Cn02A_S605_L001_R1_001.fastq.gz,move
data/durance1/170710_M03930_0062_000000000-BBHKV/Data/Intensities/BaseCalls/14Avi1003Cn02A_S605_L001_R2_001.fastq.gz,consolidated_dataset/durance1/14Avi1003Cn02A_S605_L001_R2_001.fastq.gz,move
data/durance1/170710_M03930_0062_000000000-BBHKV/Data/Intensities/BaseCalls/14Avi1038Cn02A_S606_L001_R1_001.fastq.gz,consolidated_dataset/durance1/14Avi1038Cn02A_S606_L001_R1_001.fastq.gz,move
data/durance1/170710_M03930_0062_000000000-BBHKV/Data/Intensities/BaseCalls/14Avi1038Cn02A_S606_L001_R2_001.fastq.gz,consolidated_dataset/durance1/14Avi1038Cn02A_S606_L001_R2_001.fastq.gz,move
data/durance1/170710_M03930_0062_000000000-BBHKV/Data/Intensities/BaseCalls/14Bue1008Cn02A_S607_L001_R1_001.fastq.gz,consolidated_dataset/durance1/14Bue1008Cn02A_S607_L001_R1_001.fastq.gz,move
data/durance1/170710_M03930_0062_000000000-BBHKV/Data/Intensities/BaseCalls/14Bue1008Cn02A_S607_L001_R2_001.fastq.gz,consolidated_dataset/durance1/14Bue1008Cn02A_S607_L001_R2_001.fastq.gz,move
data/durance1/170710_M03930_0062_000000000-BBHKV/Data/Intensities/BaseCalls/14Bue1018Ch02A_S608_L001_R1_001.fastq.gz,consolidated_dataset/durance1/14Bue1018Ch02A_S608_L001_R1_001.fastq.gz,move
data/durance1/170710_M03930_0062_000000000-BBHKV/Data/Intensities/BaseCalls/14Bue1018Ch02A_S608_L001_R2_001.fastq.gz,consolidated_dataset/durance1/14Bue1018Ch02A_S608_L001_R2_001.fastq.gz,move
data/durance1/170710_M03930_0062_000000000-BBHKV/Data/Intensities/BaseCalls/14Man1014Ch02A_S609_L001_R1_001.fastq.gz,consolidated_dataset/durance1/14Man1014Ch02A_S609_L001_R1_001.fastq.gz,move
data/durance1/170710_M03930_0062_000000000-BBHKV/Data/Intensities/BaseCalls/14Man1014Ch02A_S609_L001_R2_001.fastq.gz,consolidated_dataset/durance1/14Man1014Ch02A_S609_L001_R2_001.fastq.gz,move
data/durance1/170710_M03930_0062_000000000-BBHKV/Data/Intensities/BaseCalls/14Man1022Ch02A_S610_L001_R1_001.fastq.gz,consolidated_dataset/durance1/14Man1022Ch02A_S610_L001_R1_001.fastq.gz,move
data/durance1/170710_M03930_0062_000000000-BBHKV/Data/Intensities/BaseCalls/14Man1022Ch02A_S610_L001_R2_001.fastq.gz,consolidated_dataset/durance1/14Man1022Ch02A_S610_L001_R2_001.fastq.gz,move
data/durance1/170710_M03930_0062_000000000-BBHKV/Data/Intensities/BaseCalls/14Per2014Ch02A_S611_L001_R1_001.fastq.gz,consolidated_dataset/durance1/14Per2014Ch02A_S611_L001_R1_001.fastq.gz,move
data/durance1/170710_M03930_0062_000000000-BBHKV/Data/Intensities/BaseCalls/14Per2014Ch02A_S611_L001_R2_001.fastq.gz,consolidated_dataset/durance1/14Per2014Ch02A_S611_L001_R2_001.fastq.gz,move
data/durance1/170710_M03930_0062_000000000-BBHKV/Data/Intensities/BaseCalls/empty-20_S612_L001_R1_001.fastq.gz,consolidated_dataset/durance1/empty-20_S612_L001_R1_001.fastq.gz,move
data/durance1/170710_M03930_0062_000000000-BBHKV/Data/Intensities/BaseCalls/empty-20_S612_L001_R2_001.fastq.gz,consolidated_dataset/durance1/empty-20_S612_L001_R2_001.fastq.gz,move
data/durance1/170710_M03930_0062_000000000-BBHKV/Data/Intensities/BaseCalls/14Ain1012Pt02A_S613_L001_R1_001.fastq.gz,consolidated_dataset/durance1/14Ain1012Pt02A_S613_L001_R1_001.fastq.gz,move
data/durance1/170710_M03930_0062_000000000-BBHKV/Data/Intensities/BaseCalls/14Ain1012Pt02A_S613_L001_R2_001.fastq.gz,consolidated_dataset/durance1/14Ain1012Pt02A_S613_L001_R2_001.fastq.gz,move
data/durance1/170710_M03930_0062_000000000-BBHKV/Data/Intensities/BaseCalls/14Ain1042Pt02A_S614_L001_R1_001.fastq.gz,consolidated_dataset/durance1/14Ain1042Pt02A_S614_L001_R1_001.fastq.gz,move
data/durance1/170710_M03930_0062_000000000-BBHKV/Data/Intensities/BaseCalls/14Ain1042Pt02A_S614_L001_R2_001.fastq.gz,consolidated_dataset/durance1/14Ain1042Pt02A_S614_L001_R2_001.fastq.gz,move
data/durance1/170710_M03930_0062_000000000-BBHKV/Data/Intensities/BaseCalls/15Cab1007Ch02A_S615_L001_R1_001.fastq.gz,consolidated_dataset/durance1/15Cab1007Ch02A_S615_L001_R1_001.fastq.gz,move
data/durance1/170710_M03930_0062_000000000-BBHKV/Data/Intensities/BaseCalls/15Cab1007Ch02A_S615_L001_R2_001.fastq.gz,consolidated_dataset/durance1/15Cab1007Ch02A_S615_L001_R2_001.fastq.gz,move
data/durance1/170710_M03930_0062_000000000-BBHKV/Data/Intensities/BaseCalls/15Cab1015Ch02A_S616_L001_R1_001.fastq.gz,consolidated_dataset/durance1/15Cab1015Ch02A_S616_L001_R1_001.fastq.gz,move
data/durance1/170710_M03930_0062_000000000-BBHKV/Data/Intensities/BaseCalls/15Cab1015Ch02A_S616_L001_R2_001.fastq.gz,consolidated_dataset/durance1/15Cab1015Ch02A_S616_L001_R2_001.fastq.gz,move
data/durance1/170710_M03930_0062_000000000-BBHKV/Data/Intensities/BaseCalls/14Avi1004Cn02A_S617_L001_R1_001.fastq.gz,consolidated_dataset/durance1/14Avi1004Cn02A_S617_L001_R1_001.fastq.gz,move
data/durance1/170710_M03930_0062_000000000-BBHKV/Data/Intensities/BaseCalls/14Avi1004Cn02A_S617_L001_R2_001.fastq.gz,consolidated_dataset/durance1/14Avi1004Cn02A_S617_L001_R2_001.fastq.gz,move
data/durance1/170710_M03930_0062_000000000-BBHKV/Data/Intensities/BaseCalls/14Bue1001Cn02A_S618_L001_R1_001.fastq.gz,consolidated_dataset/durance1/14Bue1001Cn02A_S618_L001_R1_001.fastq.gz,move
data/durance1/170710_M03930_0062_000000000-BBHKV/Data/Intensities/BaseCalls/14Bue1001Cn02A_S618_L001_R2_001.fastq.gz,consolidated_dataset/durance1/14Bue1001Cn02A_S618_L001_R2_001.fastq.gz,move
data/durance1/170710_M03930_0062_000000000-BBHKV/Data/Intensities/BaseCalls/14Bue1011Ch02A_S619_L001_R1_001.fastq.gz,consolidated_dataset/durance1/14Bue1011Ch02A_S619_L001_R1_001.fastq.gz,move
data/durance1/170710_M03930_0062_000000000-BBHKV/Data/Intensities/BaseCalls/14Bue1011Ch02A_S619_L001_R2_001.fastq.gz,consolidated_dataset/durance1/14Bue1011Ch02A_S619_L001_R2_001.fastq.gz,move
data/durance1/170710_M03930_0062_000000000-BBHKV/Data/Intensities/BaseCalls/14Bue1019Ch02A_S620_L001_R1_001.fastq.gz,consolidated_dataset/durance1/14Bue1019Ch02A_S620_L001_R1_001.fastq.gz,move
data/durance1/170710_M03930_0062_000000000-BBHKV/Data/Intensities/BaseCalls/14Bue1019Ch02A_S620_L001_R2_001.fastq.gz,consolidated_dataset/durance1/14Bue1019Ch02A_S620_L001_R2_001.fastq.gz,move
data/durance1/170710_M03930_0062_000000000-BBHKV/Data/Intensities/BaseCalls/14Man1015Ch02A_S621_L001_R1_001.fastq.gz,consolidated_dataset/durance1/14Man1015Ch02A_S621_L001_R1_001.fastq.gz,move
data/durance1/170710_M03930_0062_000000000-BBHKV/Data/Intensities/BaseCalls/14Man1015Ch02A_S621_L001_R2_001.fastq.gz,consolidated_dataset/durance1/14Man1015Ch02A_S621_L001_R2_001.fastq.gz,move
data/durance1/170710_M03930_0062_000000000-BBHKV/Data/Intensities/BaseCalls/14per1011Ch02A_S622_L001_R1_001.fastq.gz,consolidated_dataset/durance1/14per1011Ch02A_S622_L001_R1_001.fastq.gz,move
data/durance1/170710_M03930_0062_000000000-BBHKV/Data/Intensities/BaseCalls/14per1011Ch02A_S622_L001_R2_001.fastq.gz,consolidated_dataset/durance1/14per1011Ch02A_S622_L001_R2_001.fastq.gz,move
data/durance1/170710_M03930_0062_000000000-BBHKV/Data/Intensities/BaseCalls/14Per2015Ch02A_S623_L001_R1_001.fastq.gz,consolidated_dataset/durance1/14Per2015Ch02A_S623_L001_R1_001.fastq.gz,move
data/durance1/170710_M03930_0062_000000000-BBHKV/Data/Intensities/BaseCalls/14Per2015Ch02A_S623_L001_R2_001.fastq.gz,consolidated_dataset/durance1/14Per2015Ch02A_S623_L001_R2_001.fastq.gz,move
data/durance1/170710_M03930_0062_000000000-BBHKV/Data/Intensities/BaseCalls/empty-21_S624_L001_R1_001.fastq.gz,consolidated_dataset/durance1/empty-21_S624_L001_R1_001.fastq.gz,move
data/durance1/170710_M03930_0062_000000000-BBHKV/Data/Intensities/BaseCalls/empty-21_S624_L001_R2_001.fastq.gz,consolidated_dataset/durance1/empty-21_S624_L001_R2_001.fastq.gz,move
data/durance1/170710_M03930_0062_000000000-BBHKV/Data/Intensities/BaseCalls/14Ain1013Pt02A_S625_L001_R1_001.fastq.gz,consolidated_dataset/durance1/14Ain1013Pt02A_S625_L001_R1_001.fastq.gz,move
data/durance1/170710_M03930_0062_000000000-BBHKV/Data/Intensities/BaseCalls/14Ain1013Pt02A_S625_L001_R2_001.fastq.gz,consolidated_dataset/durance1/14Ain1013Pt02A_S625_L001_R2_001.fastq.gz,move
data/durance1/170710_M03930_0062_000000000-BBHKV/Data/Intensities/BaseCalls/14Ain1043Pt02A_S626_L001_R1_001.fastq.gz,consolidated_dataset/durance1/14Ain1043Pt02A_S626_L001_R1_001.fastq.gz,move
data/durance1/170710_M03930_0062_000000000-BBHKV/Data/Intensities/BaseCalls/14Ain1043Pt02A_S626_L001_R2_001.fastq.gz,consolidated_dataset/durance1/14Ain1043Pt02A_S626_L001_R2_001.fastq.gz,move
data/durance1/170710_M03930_0062_000000000-BBHKV/Data/Intensities/BaseCalls/15Cab1008Ch02A_S627_L001_R1_001.fastq.gz,consolidated_dataset/durance1/15Cab1008Ch02A_S627_L001_R1_001.fastq.gz,move
data/durance1/170710_M03930_0062_000000000-BBHKV/Data/Intensities/BaseCalls/15Cab1008Ch02A_S627_L001_R2_001.fastq.gz,consolidated_dataset/durance1/15Cab1008Ch02A_S627_L001_R2_001.fastq.gz,move
data/durance1/170710_M03930_0062_000000000-BBHKV/Data/Intensities/BaseCalls/15Cab1016Ch02A_S628_L001_R1_001.fastq.gz,consolidated_dataset/durance1/15Cab1016Ch02A_S628_L001_R1_001.fastq.gz,move
data/durance1/170710_M03930_0062_000000000-BBHKV/Data/Intensities/BaseCalls/15Cab1016Ch02A_S628_L001_R2_001.fastq.gz,consolidated_dataset/durance1/15Cab1016Ch02A_S628_L001_R2_001.fastq.gz,move
data/durance1/170710_M03930_0062_000000000-BBHKV/Data/Intensities/BaseCalls/14Avi1005Cn02A_S629_L001_R1_001.fastq.gz,consolidated_dataset/durance1/14Avi1005Cn02A_S629_L001_R1_001.fastq.gz,move
data/durance1/170710_M03930_0062_000000000-BBHKV/Data/Intensities/BaseCalls/14Avi1005Cn02A_S629_L001_R2_001.fastq.gz,consolidated_dataset/durance1/14Avi1005Cn02A_S629_L001_R2_001.fastq.gz,move
data/durance1/170710_M03930_0062_000000000-BBHKV/Data/Intensities/BaseCalls/14Bue1002Cn02A_S630_L001_R1_001.fastq.gz,consolidated_dataset/durance1/14Bue1002Cn02A_S630_L001_R1_001.fastq.gz,move
data/durance1/170710_M03930_0062_000000000-BBHKV/Data/Intensities/BaseCalls/14Bue1002Cn02A_S630_L001_R2_001.fastq.gz,consolidated_dataset/durance1/14Bue1002Cn02A_S630_L001_R2_001.fastq.gz,move
data/durance1/170710_M03930_0062_000000000-BBHKV/Data/Intensities/BaseCalls/14Bue1012Ch02A_S631_L001_R1_001.fastq.gz,consolidated_dataset/durance1/14Bue1012Ch02A_S631_L001_R1_001.fastq.gz,move
data/durance1/170710_M03930_0062_000000000-BBHKV/Data/Intensities/BaseCalls/14Bue1012Ch02A_S631_L001_R2_001.fastq.gz,consolidated_dataset/durance1/14Bue1012Ch02A_S631_L001_R2_001.fastq.gz,move
data/durance1/170710_M03930_0062_000000000-BBHKV/Data/Intensities/BaseCalls/14Man1001Cn02A_S632_L001_R1_001.fastq.gz,consolidated_dataset/durance1/14Man1001Cn02A_S632_L001_R1_001.fastq.gz,move
data/durance1/170710_M03930_0062_000000000-BBHKV/Data/Intensities/BaseCalls/14Man1001Cn02A_S632_L001_R2_001.fastq.gz,consolidated_dataset/durance1/14Man1001Cn02A_S632_L001_R2_001.fastq.gz,move
data/durance1/170710_M03930_0062_000000000-BBHKV/Data/Intensities/BaseCalls/14Man1016Ch02A_S633_L001_R1_001.fastq.gz,consolidated_dataset/durance1/14Man1016Ch02A_S633_L001_R1_001.fastq.gz,move
data/durance1/170710_M03930_0062_000000000-BBHKV/Data/Intensities/BaseCalls/14Man1016Ch02A_S633_L001_R2_001.fastq.gz,consolidated_dataset/durance1/14Man1016Ch02A_S633_L001_R2_001.fastq.gz,move
data/durance1/170710_M03930_0062_000000000-BBHKV/Data/Intensities/BaseCalls/14Per1012Ch02A_S634_L001_R1_001.fastq.gz,consolidated_dataset/durance1/14Per1012Ch02A_S634_L001_R1_001.fastq.gz,move
data/durance1/170710_M03930_0062_000000000-BBHKV/Data/Intensities/BaseCalls/14Per1012Ch02A_S634_L001_R2_001.fastq.gz,consolidated_dataset/durance1/14Per1012Ch02A_S634_L001_R2_001.fastq.gz,move
data/durance1/170710_M03930_0062_000000000-BBHKV/Data/Intensities/BaseCalls/Blanc-Midgut_S635_L001_R1_001.fastq.gz,consolidated_dataset/durance1/Blanc-Midgut_S635_L001_R1_001.fastq.gz,move
data/durance1/170710_M03930_0062_000000000-BBHKV/Data/Intensities/BaseCalls/Blanc-Midgut_S635_L001_R2_001.fastq.gz,consolidated_dataset/durance1/Blanc-Midgut_S635_L001_R2_001.fastq.gz,move
data/durance1/170710_M03930_0062_000000000-BBHKV/Data/Intensities/BaseCalls/empty-22_S636_L001_R1_001.fastq.gz,consolidated_dataset/durance1/empty-22_S636_L001_R1_001.fastq.gz,move
data/durance1/170710_M03930_0062_000000000-BBHKV/Data/Intensities/BaseCalls/empty-22_S636_L001_R2_001.fastq.gz,consolidated_dataset/durance1/empty-22_S636_L001_R2_001.fastq.gz,move
data/durance1/170710_M03930_0062_000000000-BBHKV/Data/Intensities/BaseCalls/14Ain1014Pt02A_S637_L001_R1_001.fastq.gz,consolidated_dataset/durance1/14Ain1014Pt02A_S637_L001_R1_001.fastq.gz,move
data/durance1/170710_M03930_0062_000000000-BBHKV/Data/Intensities/BaseCalls/14Ain1014Pt02A_S637_L001_R2_001.fastq.gz,consolidated_dataset/durance1/14Ain1014Pt02A_S637_L001_R2_001.fastq.gz,move
data/durance1/170710_M03930_0062_000000000-BBHKV/Data/Intensities/BaseCalls/15Cab1001Ch02A_S638_L001_R1_001.fastq.gz,consolidated_dataset/durance1/15Cab1001Ch02A_S638_L001_R1_001.fastq.gz,move
data/durance1/170710_M03930_0062_000000000-BBHKV/Data/Intensities/BaseCalls/15Cab1001Ch02A_S638_L001_R2_001.fastq.gz,consolidated_dataset/durance1/15Cab1001Ch02A_S638_L001_R2_001.fastq.gz,move
data/durance1/170710_M03930_0062_000000000-BBHKV/Data/Intensities/BaseCalls/15Cab1009Ch02A_S639_L001_R1_001.fastq.gz,consolidated_dataset/durance1/15Cab1009Ch02A_S639_L001_R1_001.fastq.gz,move
data/durance1/170710_M03930_0062_000000000-BBHKV/Data/Intensities/BaseCalls/15Cab1009Ch02A_S639_L001_R2_001.fastq.gz,consolidated_dataset/durance1/15Cab1009Ch02A_S639_L001_R2_001.fastq.gz,move
data/durance1/170710_M03930_0062_000000000-BBHKV/Data/Intensities/BaseCalls/15Cab1017Ch02A_S640_L001_R1_001.fastq.gz,consolidated_dataset/durance1/15Cab1017Ch02A_S640_L001_R1_001.fastq.gz,move
data/durance1/170710_M03930_0062_000000000-BBHKV/Data/Intensities/BaseCalls/15Cab1017Ch02A_S640_L001_R2_001.fastq.gz,consolidated_dataset/durance1/15Cab1017Ch02A_S640_L001_R2_001.fastq.gz,move
data/durance1/170710_M03930_0062_000000000-BBHKV/Data/Intensities/BaseCalls/14Avi1006Cn02A_S641_L001_R1_001.fastq.gz,consolidated_dataset/durance1/14Avi1006Cn02A_S641_L001_R1_001.fastq.gz,move
data/durance1/170710_M03930_0062_000000000-BBHKV/Data/Intensities/BaseCalls/14Avi1006Cn02A_S641_L001_R2_001.fastq.gz,consolidated_dataset/durance1/14Avi1006Cn02A_S641_L001_R2_001.fastq.gz,move
data/durance1/170710_M03930_0062_000000000-BBHKV/Data/Intensities/BaseCalls/14Bue1003Cn02A_S642_L001_R1_001.fastq.gz,consolidated_dataset/durance1/14Bue1003Cn02A_S642_L001_R1_001.fastq.gz,move
data/durance1/170710_M03930_0062_000000000-BBHKV/Data/Intensities/BaseCalls/14Bue1003Cn02A_S642_L001_R2_001.fastq.gz,consolidated_dataset/durance1/14Bue1003Cn02A_S642_L001_R2_001.fastq.gz,move
data/durance1/170710_M03930_0062_000000000-BBHKV/Data/Intensities/BaseCalls/14Bue1013Ch02A_S643_L001_R1_001.fastq.gz,consolidated_dataset/durance1/14Bue1013Ch02A_S643_L001_R1_001.fastq.gz,move
data/durance1/170710_M03930_0062_000000000-BBHKV/Data/Intensities/BaseCalls/14Bue1013Ch02A_S643_L001_R2_001.fastq.gz,consolidated_dataset/durance1/14Bue1013Ch02A_S643_L001_R2_001.fastq.gz,move
data/durance1/170710_M03930_0062_000000000-BBHKV/Data/Intensities/BaseCalls/14Man1002Cn02A_S644_L001_R1_001.fastq.gz,consolidated_dataset/durance1/14Man1002Cn02A_S644_L001_R1_001.fastq.gz,move
data/durance1/170710_M03930_0062_000000000-BBHKV/Data/Intensities/BaseCalls/14Man1002Cn02A_S644_L001_R2_001.fastq.gz,consolidated_dataset/durance1/14Man1002Cn02A_S644_L001_R2_001.fastq.gz,move
data/durance1/170710_M03930_0062_000000000-BBHKV/Data/Intensities/BaseCalls/14Man1017Ch02A_S645_L001_R1_001.fastq.gz,consolidated_dataset/durance1/14Man1017Ch02A_S645_L001_R1_001.fastq.gz,move
data/durance1/170710_M03930_0062_000000000-BBHKV/Data/Intensities/BaseCalls/14Man1017Ch02A_S645_L001_R2_001.fastq.gz,consolidated_dataset/durance1/14Man1017Ch02A_S645_L001_R2_001.fastq.gz,move
data/durance1/170710_M03930_0062_000000000-BBHKV/Data/Intensities/BaseCalls/14Per1013Ch02A_S646_L001_R1_001.fastq.gz,consolidated_dataset/durance1/14Per1013Ch02A_S646_L001_R1_001.fastq.gz,move
data/durance1/170710_M03930_0062_000000000-BBHKV/Data/Intensities/BaseCalls/14Per1013Ch02A_S646_L001_R2_001.fastq.gz,consolidated_dataset/durance1/14Per1013Ch02A_S646_L001_R2_001.fastq.gz,move
data/durance1/170710_M03930_0062_000000000-BBHKV/Data/Intensities/BaseCalls/T-7_S647_L001_R1_001.fastq.gz,consolidated_dataset/durance1/T-7_S647_L001_R1_001.fastq.gz,move
data/durance1/170710_M03930_0062_000000000-BBHKV/Data/Intensities/BaseCalls/T-7_S647_L001_R2_001.fastq.gz,consolidated_dataset/durance1/T-7_S647_L001_R2_001.fastq.gz,move
data/durance1/170710_M03930_0062_000000000-BBHKV/Data/Intensities/BaseCalls/empty-23_S648_L001_R1_001.fastq.gz,consolidated_dataset/durance1/empty-23_S648_L001_R1_001.fastq.gz,move
data/durance1/170710_M03930_0062_000000000-BBHKV/Data/Intensities/BaseCalls/empty-23_S648_L001_R2_001.fastq.gz,consolidated_dataset/durance1/empty-23_S648_L001_R2_001.fastq.gz,move
data/durance1/170710_M03930_0062_000000000-BBHKV/Data/Intensities/BaseCalls/14Ain1036Cn02A_S649_L001_R1_001.fastq.gz,consolidated_dataset/durance1/14Ain1036Cn02A_S649_L001_R1_001.fastq.gz,move
data/durance1/170710_M03930_0062_000000000-BBHKV/Data/Intensities/BaseCalls/14Ain1036Cn02A_S649_L001_R2_001.fastq.gz,consolidated_dataset/durance1/14Ain1036Cn02A_S649_L001_R2_001.fastq.gz,move
data/durance1/170710_M03930_0062_000000000-BBHKV/Data/Intensities/BaseCalls/15Cab1002Ch02A_S650_L001_R1_001.fastq.gz,consolidated_dataset/durance1/15Cab1002Ch02A_S650_L001_R1_001.fastq.gz,move
data/durance1/170710_M03930_0062_000000000-BBHKV/Data/Intensities/BaseCalls/15Cab1002Ch02A_S650_L001_R2_001.fastq.gz,consolidated_dataset/durance1/15Cab1002Ch02A_S650_L001_R2_001.fastq.gz,move
data/durance1/170710_M03930_0062_000000000-BBHKV/Data/Intensities/BaseCalls/15Cab1010Ch02A_S651_L001_R1_001.fastq.gz,consolidated_dataset/durance1/15Cab1010Ch02A_S651_L001_R1_001.fastq.gz,move
data/durance1/170710_M03930_0062_000000000-BBHKV/Data/Intensities/BaseCalls/15Cab1010Ch02A_S651_L001_R2_001.fastq.gz,consolidated_dataset/durance1/15Cab1010Ch02A_S651_L001_R2_001.fastq.gz,move
data/durance1/170710_M03930_0062_000000000-BBHKV/Data/Intensities/BaseCalls/15Cab1018Ch02A_S652_L001_R1_001.fastq.gz,consolidated_dataset/durance1/15Cab1018Ch02A_S652_L001_R1_001.fastq.gz,move
data/durance1/170710_M03930_0062_000000000-BBHKV/Data/Intensities/BaseCalls/15Cab1018Ch02A_S652_L001_R2_001.fastq.gz,consolidated_dataset/durance1/15Cab1018Ch02A_S652_L001_R2_001.fastq.gz,move
data/durance1/170710_M03930_0062_000000000-BBHKV/Data/Intensities/BaseCalls/14Avi1007Cn02A_S653_L001_R1_001.fastq.gz,consolidated_dataset/durance1/14Avi1007Cn02A_S653_L001_R1_001.fastq.gz,move
data/durance1/170710_M03930_0062_000000000-BBHKV/Data/Intensities/BaseCalls/14Avi1007Cn02A_S653_L001_R2_001.fastq.gz,consolidated_dataset/durance1/14Avi1007Cn02A_S653_L001_R2_001.fastq.gz,move
data/durance1/170710_M03930_0062_000000000-BBHKV/Data/Intensities/BaseCalls/14Bue1004Cn02A_S654_L001_R1_001.fastq.gz,consolidated_dataset/durance1/14Bue1004Cn02A_S654_L001_R1_001.fastq.gz,move
data/durance1/170710_M03930_0062_000000000-BBHKV/Data/Intensities/BaseCalls/14Bue1004Cn02A_S654_L001_R2_001.fastq.gz,consolidated_dataset/durance1/14Bue1004Cn02A_S654_L001_R2_001.fastq.gz,move
data/durance1/170710_M03930_0062_000000000-BBHKV/Data/Intensities/BaseCalls/14Bue1014Ch02A_S655_L001_R1_001.fastq.gz,consolidated_dataset/durance1/14Bue1014Ch02A_S655_L001_R1_001.fastq.gz,move
data/durance1/170710_M03930_0062_000000000-BBHKV/Data/Intensities/BaseCalls/14Bue1014Ch02A_S655_L001_R2_001.fastq.gz,consolidated_dataset/durance1/14Bue1014Ch02A_S655_L001_R2_001.fastq.gz,move
data/durance1/170710_M03930_0062_000000000-BBHKV/Data/Intensities/BaseCalls/14Man1010Cn02A_S656_L001_R1_001.fastq.gz,consolidated_dataset/durance1/14Man1010Cn02A_S656_L001_R1_001.fastq.gz,move
data/durance1/170710_M03930_0062_000000000-BBHKV/Data/Intensities/BaseCalls/14Man1010Cn02A_S656_L001_R2_001.fastq.gz,consolidated_dataset/durance1/14Man1010Cn02A_S656_L001_R2_001.fastq.gz,move
data/durance1/170710_M03930_0062_000000000-BBHKV/Data/Intensities/BaseCalls/14Man1018Ch02A_S657_L001_R1_001.fastq.gz,consolidated_dataset/durance1/14Man1018Ch02A_S657_L001_R1_001.fastq.gz,move
data/durance1/170710_M03930_0062_000000000-BBHKV/Data/Intensities/BaseCalls/14Man1018Ch02A_S657_L001_R2_001.fastq.gz,consolidated_dataset/durance1/14Man1018Ch02A_S657_L001_R2_001.fastq.gz,move
data/durance1/170710_M03930_0062_000000000-BBHKV/Data/Intensities/BaseCalls/14Per1014Ch02A_S658_L001_R1_001.fastq.gz,consolidated_dataset/durance1/14Per1014Ch02A_S658_L001_R1_001.fastq.gz,move
data/durance1/170710_M03930_0062_000000000-BBHKV/Data/Intensities/BaseCalls/14Per1014Ch02A_S658_L001_R2_001.fastq.gz,consolidated_dataset/durance1/14Per1014Ch02A_S658_L001_R2_001.fastq.gz,move
data/durance1/170710_M03930_0062_000000000-BBHKV/Data/Intensities/BaseCalls/empty-18_S659_L001_R1_001.fastq.gz,consolidated_dataset/durance1/empty-18_S659_L001_R1_001.fastq.gz,move
data/durance1/170710_M03930_0062_000000000-BBHKV/Data/Intensities/BaseCalls/empty-18_S659_L001_R2_001.fastq.gz,consolidated_dataset/durance1/empty-18_S659_L001_R2_001.fastq.gz,move
data/durance1/170710_M03930_0062_000000000-BBHKV/Data/Intensities/BaseCalls/empty-24_S660_L001_R1_001.fastq.gz,consolidated_dataset/durance1/empty-24_S660_L001_R1_001.fastq.gz,move
data/durance1/170710_M03930_0062_000000000-BBHKV/Data/Intensities/BaseCalls/empty-24_S660_L001_R2_001.fastq.gz,consolidated_dataset/durance1/empty-24_S660_L001_R2_001.fastq.gz,move
data/durance1/170710_M03930_0062_000000000-BBHKV/Data/Intensities/BaseCalls/14Ain1037Cn02A_S661_L001_R1_001.fastq.gz,consolidated_dataset/durance1/14Ain1037Cn02A_S661_L001_R1_001.fastq.gz,move
data/durance1/170710_M03930_0062_000000000-BBHKV/Data/Intensities/BaseCalls/14Ain1037Cn02A_S661_L001_R2_001.fastq.gz,consolidated_dataset/durance1/14Ain1037Cn02A_S661_L001_R2_001.fastq.gz,move
data/durance1/170710_M03930_0062_000000000-BBHKV/Data/Intensities/BaseCalls/15Cab1003Ch02A_S662_L001_R1_001.fastq.gz,consolidated_dataset/durance1/15Cab1003Ch02A_S662_L001_R1_001.fastq.gz,move
data/durance1/170710_M03930_0062_000000000-BBHKV/Data/Intensities/BaseCalls/15Cab1003Ch02A_S662_L001_R2_001.fastq.gz,consolidated_dataset/durance1/15Cab1003Ch02A_S662_L001_R2_001.fastq.gz,move
data/durance1/170710_M03930_0062_000000000-BBHKV/Data/Intensities/BaseCalls/15Cab1011Ch02A_S663_L001_R1_001.fastq.gz,consolidated_dataset/durance1/15Cab1011Ch02A_S663_L001_R1_001.fastq.gz,move
data/durance1/170710_M03930_0062_000000000-BBHKV/Data/Intensities/BaseCalls/15Cab1011Ch02A_S663_L001_R2_001.fastq.gz,consolidated_dataset/durance1/15Cab1011Ch02A_S663_L001_R2_001.fastq.gz,move
data/durance1/170710_M03930_0062_000000000-BBHKV/Data/Intensities/BaseCalls/15Cab1019Ch02A_S664_L001_R1_001.fastq.gz,consolidated_dataset/durance1/15Cab1019Ch02A_S664_L001_R1_001.fastq.gz,move
data/durance1/170710_M03930_0062_000000000-BBHKV/Data/Intensities/BaseCalls/15Cab1019Ch02A_S664_L001_R2_001.fastq.gz,consolidated_dataset/durance1/15Cab1019Ch02A_S664_L001_R2_001.fastq.gz,move
data/durance1/170710_M03930_0062_000000000-BBHKV/Data/Intensities/BaseCalls/14Avi1008Cn02A_S665_L001_R1_001.fastq.gz,consolidated_dataset/durance1/14Avi1008Cn02A_S665_L001_R1_001.fastq.gz,move
data/durance1/170710_M03930_0062_000000000-BBHKV/Data/Intensities/BaseCalls/14Avi1008Cn02A_S665_L001_R2_001.fastq.gz,consolidated_dataset/durance1/14Avi1008Cn02A_S665_L001_R2_001.fastq.gz,move
data/durance1/170710_M03930_0062_000000000-BBHKV/Data/Intensities/BaseCalls/14Bue1005Cn02A_S666_L001_R1_001.fastq.gz,consolidated_dataset/durance1/14Bue1005Cn02A_S666_L001_R1_001.fastq.gz,move
data/durance1/170710_M03930_0062_000000000-BBHKV/Data/Intensities/BaseCalls/14Bue1005Cn02A_S666_L001_R2_001.fastq.gz,consolidated_dataset/durance1/14Bue1005Cn02A_S666_L001_R2_001.fastq.gz,move
data/durance1/170710_M03930_0062_000000000-BBHKV/Data/Intensities/BaseCalls/14Bue1015Ch02A_S667_L001_R1_001.fastq.gz,consolidated_dataset/durance1/14Bue1015Ch02A_S667_L001_R1_001.fastq.gz,move
data/durance1/170710_M03930_0062_000000000-BBHKV/Data/Intensities/BaseCalls/14Bue1015Ch02A_S667_L001_R2_001.fastq.gz,consolidated_dataset/durance1/14Bue1015Ch02A_S667_L001_R2_001.fastq.gz,move
data/durance1/170710_M03930_0062_000000000-BBHKV/Data/Intensities/BaseCalls/14Man1011Ch02A_S668_L001_R1_001.fastq.gz,consolidated_dataset/durance1/14Man1011Ch02A_S668_L001_R1_001.fastq.gz,move
data/durance1/170710_M03930_0062_000000000-BBHKV/Data/Intensities/BaseCalls/14Man1011Ch02A_S668_L001_R2_001.fastq.gz,consolidated_dataset/durance1/14Man1011Ch02A_S668_L001_R2_001.fastq.gz,move
data/durance1/170710_M03930_0062_000000000-BBHKV/Data/Intensities/BaseCalls/14Man1019Ch02A_S669_L001_R1_001.fastq.gz,consolidated_dataset/durance1/14Man1019Ch02A_S669_L001_R1_001.fastq.gz,move
data/durance1/170710_M03930_0062_000000000-BBHKV/Data/Intensities/BaseCalls/14Man1019Ch02A_S669_L001_R2_001.fastq.gz,consolidated_dataset/durance1/14Man1019Ch02A_S669_L001_R2_001.fastq.gz,move
data/durance1/170710_M03930_0062_000000000-BBHKV/Data/Intensities/BaseCalls/14Per2011Ch02A_S670_L001_R1_001.fastq.gz,consolidated_dataset/durance1/14Per2011Ch02A_S670_L001_R1_001.fastq.gz,move
data/durance1/170710_M03930_0062_000000000-BBHKV/Data/Intensities/BaseCalls/14Per2011Ch02A_S670_L001_R2_001.fastq.gz,consolidated_dataset/durance1/14Per2011Ch02A_S670_L001_R2_001.fastq.gz,move
data/durance1/170710_M03930_0062_000000000-BBHKV/Data/Intensities/BaseCalls/empty-19_S671_L001_R1_001.fastq.gz,consolidated_dataset/durance1/empty-19_S671_L001_R1_001.fastq.gz,move
data/durance1/170710_M03930_0062_000000000-BBHKV/Data/Intensities/BaseCalls/empty-19_S671_L001_R2_001.fastq.gz,consolidated_dataset/durance1/empty-19_S671_L001_R2_001.fastq.gz,move
data/durance1/170710_M03930_0062_000000000-BBHKV/Data/Intensities/BaseCalls/empty-25_S672_L001_R1_001.fastq.gz,consolidated_dataset/durance1/empty-25_S672_L001_R1_001.fastq.gz,move
data/durance1/170710_M03930_0062_000000000-BBHKV/Data/Intensities/BaseCalls/empty-25_S672_L001_R2_001.fastq.gz,consolidated_dataset/durance1/empty-25_S672_L001_R2_001.fastq.gz,move
data/durance1/170710_M03930_0062_000000000-BBHKV/Data/Intensities/BaseCalls/15Bau1001Ch02A_S673_L001_R1_001.fastq.gz,consolidated_dataset/durance1/15Bau1001Ch02A_S673_L001_R1_001.fastq.gz,move
data/durance1/170710_M03930_0062_000000000-BBHKV/Data/Intensities/BaseCalls/15Bau1001Ch02A_S673_L001_R2_001.fastq.gz,consolidated_dataset/durance1/15Bau1001Ch02A_S673_L001_R2_001.fastq.gz,move
data/durance1/170710_M03930_0062_000000000-BBHKV/Data/Intensities/BaseCalls/15Bau1009Ch02A_S674_L001_R1_001.fastq.gz,consolidated_dataset/durance1/15Bau1009Ch02A_S674_L001_R1_001.fastq.gz,move
data/durance1/170710_M03930_0062_000000000-BBHKV/Data/Intensities/BaseCalls/15Bau1009Ch02A_S674_L001_R2_001.fastq.gz,consolidated_dataset/durance1/15Bau1009Ch02A_S674_L001_R2_001.fastq.gz,move
data/durance1/170710_M03930_0062_000000000-BBHKV/Data/Intensities/BaseCalls/15Bau1017Ch02A_S675_L001_R1_001.fastq.gz,consolidated_dataset/durance1/15Bau1017Ch02A_S675_L001_R1_001.fastq.gz,move
data/durance1/170710_M03930_0062_000000000-BBHKV/Data/Intensities/BaseCalls/15Bau1017Ch02A_S675_L001_R2_001.fastq.gz,consolidated_dataset/durance1/15Bau1017Ch02A_S675_L001_R2_001.fastq.gz,move
data/durance1/170710_M03930_0062_000000000-BBHKV/Data/Intensities/BaseCalls/15Bau1025Ch02A_S676_L001_R1_001.fastq.gz,consolidated_dataset/durance1/15Bau1025Ch02A_S676_L001_R1_001.fastq.gz,move
data/durance1/170710_M03930_0062_000000000-BBHKV/Data/Intensities/BaseCalls/15Bau1025Ch02A_S676_L001_R2_001.fastq.gz,consolidated_dataset/durance1/15Bau1025Ch02A_S676_L001_R2_001.fastq.gz,move
data/durance1/170710_M03930_0062_000000000-BBHKV/Data/Intensities/BaseCalls/15Jus1008Ch0A_S677_L001_R1_001.fastq.gz,consolidated_dataset/durance1/15Jus1008Ch0A_S677_L001_R1_001.fastq.gz,move
data/durance1/170710_M03930_0062_000000000-BBHKV/Data/Intensities/BaseCalls/15Jus1008Ch0A_S677_L001_R2_001.fastq.gz,consolidated_dataset/durance1/15Jus1008Ch0A_S677_L001_R2_001.fastq.gz,move
data/durance1/170710_M03930_0062_000000000-BBHKV/Data/Intensities/BaseCalls/15Jus1016Ch0A_S678_L001_R1_001.fastq.gz,consolidated_dataset/durance1/15Jus1016Ch0A_S678_L001_R1_001.fastq.gz,move
data/durance1/170710_M03930_0062_000000000-BBHKV/Data/Intensities/BaseCalls/15Jus1016Ch0A_S678_L001_R2_001.fastq.gz,consolidated_dataset/durance1/15Jus1016Ch0A_S678_L001_R2_001.fastq.gz,move
data/durance1/170710_M03930_0062_000000000-BBHKV/Data/Intensities/BaseCalls/15Caa1005Ch0A_S679_L001_R1_001.fastq.gz,consolidated_dataset/durance1/15Caa1005Ch0A_S679_L001_R1_001.fastq.gz,move
data/durance1/170710_M03930_0062_000000000-BBHKV/Data/Intensities/BaseCalls/15Caa1005Ch0A_S679_L001_R2_001.fastq.gz,consolidated_dataset/durance1/15Caa1005Ch0A_S679_L001_R2_001.fastq.gz,move
data/durance1/170710_M03930_0062_000000000-BBHKV/Data/Intensities/BaseCalls/15Caa1013Ch0A_S680_L001_R1_001.fastq.gz,consolidated_dataset/durance1/15Caa1013Ch0A_S680_L001_R1_001.fastq.gz,move
data/durance1/170710_M03930_0062_000000000-BBHKV/Data/Intensities/BaseCalls/15Caa1013Ch0A_S680_L001_R2_001.fastq.gz,consolidated_dataset/durance1/15Caa1013Ch0A_S680_L001_R2_001.fastq.gz,move
data/durance1/170710_M03930_0062_000000000-BBHKV/Data/Intensities/BaseCalls/15Avi1001Cn02A_S681_L001_R1_001.fastq.gz,consolidated_dataset/durance1/15Avi1001Cn02A_S681_L001_R1_001.fastq.gz,move
data/durance1/170710_M03930_0062_000000000-BBHKV/Data/Intensities/BaseCalls/15Avi1001Cn02A_S681_L001_R2_001.fastq.gz,consolidated_dataset/durance1/15Avi1001Cn02A_S681_L001_R2_001.fastq.gz,move
data/durance1/170710_M03930_0062_000000000-BBHKV/Data/Intensities/BaseCalls/15Avi1009Cn02A_S682_L001_R1_001.fastq.gz,consolidated_dataset/durance1/15Avi1009Cn02A_S682_L001_R1_001.fastq.gz,move
data/durance1/170710_M03930_0062_000000000-BBHKV/Data/Intensities/BaseCalls/15Avi1009Cn02A_S682_L001_R2_001.fastq.gz,consolidated_dataset/durance1/15Avi1009Cn02A_S682_L001_R2_001.fastq.gz,move
data/durance1/170710_M03930_0062_000000000-BBHKV/Data/Intensities/BaseCalls/15Bue1004Ch02A_S683_L001_R1_001.fastq.gz,consolidated_dataset/durance1/15Bue1004Ch02A_S683_L001_R1_001.fastq.gz,move
data/durance1/170710_M03930_0062_000000000-BBHKV/Data/Intensities/BaseCalls/15Bue1004Ch02A_S683_L001_R2_001.fastq.gz,consolidated_dataset/durance1/15Bue1004Ch02A_S683_L001_R2_001.fastq.gz,move
data/durance1/170710_M03930_0062_000000000-BBHKV/Data/Intensities/BaseCalls/15Bue1012Ch02A_S684_L001_R1_001.fastq.gz,consolidated_dataset/durance1/15Bue1012Ch02A_S684_L001_R1_001.fastq.gz,move
data/durance1/170710_M03930_0062_000000000-BBHKV/Data/Intensities/BaseCalls/15Bue1012Ch02A_S684_L001_R2_001.fastq.gz,consolidated_dataset/durance1/15Bue1012Ch02A_S684_L001_R2_001.fastq.gz,move
data/durance1/170710_M03930_0062_000000000-BBHKV/Data/Intensities/BaseCalls/15Bau1002Ch02A_S685_L001_R1_001.fastq.gz,consolidated_dataset/durance1/15Bau1002Ch02A_S685_L001_R1_001.fastq.gz,move
data/durance1/170710_M03930_0062_000000000-BBHKV/Data/Intensities/BaseCalls/15Bau1002Ch02A_S685_L001_R2_001.fastq.gz,consolidated_dataset/durance1/15Bau1002Ch02A_S685_L001_R2_001.fastq.gz,move
data/durance1/170710_M03930_0062_000000000-BBHKV/Data/Intensities/BaseCalls/15Bau1010Ch02A_S686_L001_R1_001.fastq.gz,consolidated_dataset/durance1/15Bau1010Ch02A_S686_L001_R1_001.fastq.gz,move
data/durance1/170710_M03930_0062_000000000-BBHKV/Data/Intensities/BaseCalls/15Bau1010Ch02A_S686_L001_R2_001.fastq.gz,consolidated_dataset/durance1/15Bau1010Ch02A_S686_L001_R2_001.fastq.gz,move
data/durance1/170710_M03930_0062_000000000-BBHKV/Data/Intensities/BaseCalls/15Bau1018Ch02A_S687_L001_R1_001.fastq.gz,consolidated_dataset/durance1/15Bau1018Ch02A_S687_L001_R1_001.fastq.gz,move
data/durance1/170710_M03930_0062_000000000-BBHKV/Data/Intensities/BaseCalls/15Bau1018Ch02A_S687_L001_R2_001.fastq.gz,consolidated_dataset/durance1/15Bau1018Ch02A_S687_L001_R2_001.fastq.gz,move
data/durance1/170710_M03930_0062_000000000-BBHKV/Data/Intensities/BaseCalls/15Jus1001CH02A_S688_L001_R1_001.fastq.gz,consolidated_dataset/durance1/15Jus1001CH02A_S688_L001_R1_001.fastq.gz,move
data/durance1/170710_M03930_0062_000000000-BBHKV/Data/Intensities/BaseCalls/15Jus1001CH02A_S688_L001_R2_001.fastq.gz,consolidated_dataset/durance1/15Jus1001CH02A_S688_L001_R2_001.fastq.gz,move
data/durance1/170710_M03930_0062_000000000-BBHKV/Data/Intensities/BaseCalls/15Jus1009Ch0A_S689_L001_R1_001.fastq.gz,consolidated_dataset/durance1/15Jus1009Ch0A_S689_L001_R1_001.fastq.gz,move
data/durance1/170710_M03930_0062_000000000-BBHKV/Data/Intensities/BaseCalls/15Jus1009Ch0A_S689_L001_R2_001.fastq.gz,consolidated_dataset/durance1/15Jus1009Ch0A_S689_L001_R2_001.fastq.gz,move
data/durance1/170710_M03930_0062_000000000-BBHKV/Data/Intensities/BaseCalls/15Jus1017Ch0A_S690_L001_R1_001.fastq.gz,consolidated_dataset/durance1/15Jus1017Ch0A_S690_L001_R1_001.fastq.gz,move
data/durance1/170710_M03930_0062_000000000-BBHKV/Data/Intensities/BaseCalls/15Jus1017Ch0A_S690_L001_R2_001.fastq.gz,consolidated_dataset/durance1/15Jus1017Ch0A_S690_L001_R2_001.fastq.gz,move
data/durance1/170710_M03930_0062_000000000-BBHKV/Data/Intensities/BaseCalls/15Caa1006Ch0A_S691_L001_R1_001.fastq.gz,consolidated_dataset/durance1/15Caa1006Ch0A_S691_L001_R1_001.fastq.gz,move
data/durance1/170710_M03930_0062_000000000-BBHKV/Data/Intensities/BaseCalls/15Caa1006Ch0A_S691_L001_R2_001.fastq.gz,consolidated_dataset/durance1/15Caa1006Ch0A_S691_L001_R2_001.fastq.gz,move
data/durance1/170710_M03930_0062_000000000-BBHKV/Data/Intensities/BaseCalls/15Caa1014Ch0A_S692_L001_R1_001.fastq.gz,consolidated_dataset/durance1/15Caa1014Ch0A_S692_L001_R1_001.fastq.gz,move
data/durance1/170710_M03930_0062_000000000-BBHKV/Data/Intensities/BaseCalls/15Caa1014Ch0A_S692_L001_R2_001.fastq.gz,consolidated_dataset/durance1/15Caa1014Ch0A_S692_L001_R2_001.fastq.gz,move
data/durance1/170710_M03930_0062_000000000-BBHKV/Data/Intensities/BaseCalls/15Avi1002Cn02A_S693_L001_R1_001.fastq.gz,consolidated_dataset/durance1/15Avi1002Cn02A_S693_L001_R1_001.fastq.gz,move
data/durance1/170710_M03930_0062_000000000-BBHKV/Data/Intensities/BaseCalls/15Avi1002Cn02A_S693_L001_R2_001.fastq.gz,consolidated_dataset/durance1/15Avi1002Cn02A_S693_L001_R2_001.fastq.gz,move
data/durance1/170710_M03930_0062_000000000-BBHKV/Data/Intensities/BaseCalls/15Avi1010Cn02A_S694_L001_R1_001.fastq.gz,consolidated_dataset/durance1/15Avi1010Cn02A_S694_L001_R1_001.fastq.gz,move
data/durance1/170710_M03930_0062_000000000-BBHKV/Data/Intensities/BaseCalls/15Avi1010Cn02A_S694_L001_R2_001.fastq.gz,consolidated_dataset/durance1/15Avi1010Cn02A_S694_L001_R2_001.fastq.gz,move
data/durance1/170710_M03930_0062_000000000-BBHKV/Data/Intensities/BaseCalls/15Bue1005Ch02A_S695_L001_R1_001.fastq.gz,consolidated_dataset/durance1/15Bue1005Ch02A_S695_L001_R1_001.fastq.gz,move
data/durance1/170710_M03930_0062_000000000-BBHKV/Data/Intensities/BaseCalls/15Bue1005Ch02A_S695_L001_R2_001.fastq.gz,consolidated_dataset/durance1/15Bue1005Ch02A_S695_L001_R2_001.fastq.gz,move
data/durance1/170710_M03930_0062_000000000-BBHKV/Data/Intensities/BaseCalls/15Bue1013Ch02A_S696_L001_R1_001.fastq.gz,consolidated_dataset/durance1/15Bue1013Ch02A_S696_L001_R1_001.fastq.gz,move
data/durance1/170710_M03930_0062_000000000-BBHKV/Data/Intensities/BaseCalls/15Bue1013Ch02A_S696_L001_R2_001.fastq.gz,consolidated_dataset/durance1/15Bue1013Ch02A_S696_L001_R2_001.fastq.gz,move
data/durance1/170710_M03930_0062_000000000-BBHKV/Data/Intensities/BaseCalls/15Bau1003Ch02A_S697_L001_R1_001.fastq.gz,consolidated_dataset/durance1/15Bau1003Ch02A_S697_L001_R1_001.fastq.gz,move
data/durance1/170710_M03930_0062_000000000-BBHKV/Data/Intensities/BaseCalls/15Bau1003Ch02A_S697_L001_R2_001.fastq.gz,consolidated_dataset/durance1/15Bau1003Ch02A_S697_L001_R2_001.fastq.gz,move
data/durance1/170710_M03930_0062_000000000-BBHKV/Data/Intensities/BaseCalls/15Bau1011Ch02A_S698_L001_R1_001.fastq.gz,consolidated_dataset/durance1/15Bau1011Ch02A_S698_L001_R1_001.fastq.gz,move
data/durance1/170710_M03930_0062_000000000-BBHKV/Data/Intensities/BaseCalls/15Bau1011Ch02A_S698_L001_R2_001.fastq.gz,consolidated_dataset/durance1/15Bau1011Ch02A_S698_L001_R2_001.fastq.gz,move
data/durance1/170710_M03930_0062_000000000-BBHKV/Data/Intensities/BaseCalls/15Bau1019Ch02A_S699_L001_R1_001.fastq.gz,consolidated_dataset/durance1/15Bau1019Ch02A_S699_L001_R1_001.fastq.gz,move
data/durance1/170710_M03930_0062_000000000-BBHKV/Data/Intensities/BaseCalls/15Bau1019Ch02A_S699_L001_R2_001.fastq.gz,consolidated_dataset/durance1/15Bau1019Ch02A_S699_L001_R2_001.fastq.gz,move
data/durance1/170710_M03930_0062_000000000-BBHKV/Data/Intensities/BaseCalls/15Jus1002Ch0A_S700_L001_R1_001.fastq.gz,consolidated_dataset/durance1/15Jus1002Ch0A_S700_L001_R1_001.fastq.gz,move
data/durance1/170710_M03930_0062_000000000-BBHKV/Data/Intensities/BaseCalls/15Jus1002Ch0A_S700_L001_R2_001.fastq.gz,consolidated_dataset/durance1/15Jus1002Ch0A_S700_L001_R2_001.fastq.gz,move
data/durance1/170710_M03930_0062_000000000-BBHKV/Data/Intensities/BaseCalls/15Jus1010Ch0A_S701_L001_R1_001.fastq.gz,consolidated_dataset/durance1/15Jus1010Ch0A_S701_L001_R1_001.fastq.gz,move
data/durance1/170710_M03930_0062_000000000-BBHKV/Data/Intensities/BaseCalls/15Jus1010Ch0A_S701_L001_R2_001.fastq.gz,consolidated_dataset/durance1/15Jus1010Ch0A_S701_L001_R2_001.fastq.gz,move
data/durance1/170710_M03930_0062_000000000-BBHKV/Data/Intensities/BaseCalls/15Jus1018Ch0A_S702_L001_R1_001.fastq.gz,consolidated_dataset/durance1/15Jus1018Ch0A_S702_L001_R1_001.fastq.gz,move
data/durance1/170710_M03930_0062_000000000-BBHKV/Data/Intensities/BaseCalls/15Jus1018Ch0A_S702_L001_R2_001.fastq.gz,consolidated_dataset/durance1/15Jus1018Ch0A_S702_L001_R2_001.fastq.gz,move
data/durance1/170710_M03930_0062_000000000-BBHKV/Data/Intensities/BaseCalls/15Caa1007Ch0A_S703_L001_R1_001.fastq.gz,consolidated_dataset/durance1/15Caa1007Ch0A_S703_L001_R1_001.fastq.gz,move
data/durance1/170710_M03930_0062_000000000-BBHKV/Data/Intensities/BaseCalls/15Caa1007Ch0A_S703_L001_R2_001.fastq.gz,consolidated_dataset/durance1/15Caa1007Ch0A_S703_L001_R2_001.fastq.gz,move
data/durance1/170710_M03930_0062_000000000-BBHKV/Data/Intensities/BaseCalls/15Caa1015Ch0A_S704_L001_R1_001.fastq.gz,consolidated_dataset/durance1/15Caa1015Ch0A_S704_L001_R1_001.fastq.gz,move
data/durance1/170710_M03930_0062_000000000-BBHKV/Data/Intensities/BaseCalls/15Caa1015Ch0A_S704_L001_R2_001.fastq.gz,consolidated_dataset/durance1/15Caa1015Ch0A_S704_L001_R2_001.fastq.gz,move
data/durance1/170710_M03930_0062_000000000-BBHKV/Data/Intensities/BaseCalls/15Avi1003Cn02A_S705_L001_R1_001.fastq.gz,consolidated_dataset/durance1/15Avi1003Cn02A_S705_L001_R1_001.fastq.gz,move
data/durance1/170710_M03930_0062_000000000-BBHKV/Data/Intensities/BaseCalls/15Avi1003Cn02A_S705_L001_R2_001.fastq.gz,consolidated_dataset/durance1/15Avi1003Cn02A_S705_L001_R2_001.fastq.gz,move
data/durance1/170710_M03930_0062_000000000-BBHKV/Data/Intensities/BaseCalls/15Avi1011Cn02A_S706_L001_R1_001.fastq.gz,consolidated_dataset/durance1/15Avi1011Cn02A_S706_L001_R1_001.fastq.gz,move
data/durance1/170710_M03930_0062_000000000-BBHKV/Data/Intensities/BaseCalls/15Avi1011Cn02A_S706_L001_R2_001.fastq.gz,consolidated_dataset/durance1/15Avi1011Cn02A_S706_L001_R2_001.fastq.gz,move
data/durance1/170710_M03930_0062_000000000-BBHKV/Data/Intensities/BaseCalls/15Bue1006Ch02A_S707_L001_R1_001.fastq.gz,consolidated_dataset/durance1/15Bue1006Ch02A_S707_L001_R1_001.fastq.gz,move
data/durance1/170710_M03930_0062_000000000-BBHKV/Data/Intensities/BaseCalls/15Bue1006Ch02A_S707_L001_R2_001.fastq.gz,consolidated_dataset/durance1/15Bue1006Ch02A_S707_L001_R2_001.fastq.gz,move
data/durance1/170710_M03930_0062_000000000-BBHKV/Data/Intensities/BaseCalls/15Bue1014Ch02A_S708_L001_R1_001.fastq.gz,consolidated_dataset/durance1/15Bue1014Ch02A_S708_L001_R1_001.fastq.gz,move
data/durance1/170710_M03930_0062_000000000-BBHKV/Data/Intensities/BaseCalls/15Bue1014Ch02A_S708_L001_R2_001.fastq.gz,consolidated_dataset/durance1/15Bue1014Ch02A_S708_L001_R2_001.fastq.gz,move
data/durance1/170710_M03930_0062_000000000-BBHKV/Data/Intensities/BaseCalls/15Bau1004Ch02A_S709_L001_R1_001.fastq.gz,consolidated_dataset/durance1/15Bau1004Ch02A_S709_L001_R1_001.fastq.gz,move
data/durance1/170710_M03930_0062_000000000-BBHKV/Data/Intensities/BaseCalls/15Bau1004Ch02A_S709_L001_R2_001.fastq.gz,consolidated_dataset/durance1/15Bau1004Ch02A_S709_L001_R2_001.fastq.gz,move
data/durance1/170710_M03930_0062_000000000-BBHKV/Data/Intensities/BaseCalls/15Bau1012Ch02A_S710_L001_R1_001.fastq.gz,consolidated_dataset/durance1/15Bau1012Ch02A_S710_L001_R1_001.fastq.gz,move
data/durance1/170710_M03930_0062_000000000-BBHKV/Data/Intensities/BaseCalls/15Bau1012Ch02A_S710_L001_R2_001.fastq.gz,consolidated_dataset/durance1/15Bau1012Ch02A_S710_L001_R2_001.fastq.gz,move
data/durance1/170710_M03930_0062_000000000-BBHKV/Data/Intensities/BaseCalls/15Bau1020Ch02A_S711_L001_R1_001.fastq.gz,consolidated_dataset/durance1/15Bau1020Ch02A_S711_L001_R1_001.fastq.gz,move
data/durance1/170710_M03930_0062_000000000-BBHKV/Data/Intensities/BaseCalls/15Bau1020Ch02A_S711_L001_R2_001.fastq.gz,consolidated_dataset/durance1/15Bau1020Ch02A_S711_L001_R2_001.fastq.gz,move
data/durance1/170710_M03930_0062_000000000-BBHKV/Data/Intensities/BaseCalls/15Jus1003Ch0A_S712_L001_R1_001.fastq.gz,consolidated_dataset/durance1/15Jus1003Ch0A_S712_L001_R1_001.fastq.gz,move
data/durance1/170710_M03930_0062_000000000-BBHKV/Data/Intensities/BaseCalls/15Jus1003Ch0A_S712_L001_R2_001.fastq.gz,consolidated_dataset/durance1/15Jus1003Ch0A_S712_L001_R2_001.fastq.gz,move
data/durance1/170710_M03930_0062_000000000-BBHKV/Data/Intensities/BaseCalls/15Jus1011Ch0A_S713_L001_R1_001.fastq.gz,consolidated_dataset/durance1/15Jus1011Ch0A_S713_L001_R1_001.fastq.gz,move
data/durance1/170710_M03930_0062_000000000-BBHKV/Data/Intensities/BaseCalls/15Jus1011Ch0A_S713_L001_R2_001.fastq.gz,consolidated_dataset/durance1/15Jus1011Ch0A_S713_L001_R2_001.fastq.gz,move
data/durance1/170710_M03930_0062_000000000-BBHKV/Data/Intensities/BaseCalls/15Jus1019Ch0A_S714_L001_R1_001.fastq.gz,consolidated_dataset/durance1/15Jus1019Ch0A_S714_L001_R1_001.fastq.gz,move
data/durance1/170710_M03930_0062_000000000-BBHKV/Data/Intensities/BaseCalls/15Jus1019Ch0A_S714_L001_R2_001.fastq.gz,consolidated_dataset/durance1/15Jus1019Ch0A_S714_L001_R2_001.fastq.gz,move
data/durance1/170710_M03930_0062_000000000-BBHKV/Data/Intensities/BaseCalls/15Caa1008Ch0A_S715_L001_R1_001.fastq.gz,consolidated_dataset/durance1/15Caa1008Ch0A_S715_L001_R1_001.fastq.gz,move
data/durance1/170710_M03930_0062_000000000-BBHKV/Data/Intensities/BaseCalls/15Caa1008Ch0A_S715_L001_R2_001.fastq.gz,consolidated_dataset/durance1/15Caa1008Ch0A_S715_L001_R2_001.fastq.gz,move
data/durance1/170710_M03930_0062_000000000-BBHKV/Data/Intensities/BaseCalls/15Caa1016Ch0A_S716_L001_R1_001.fastq.gz,consolidated_dataset/durance1/15Caa1016Ch0A_S716_L001_R1_001.fastq.gz,move
data/durance1/170710_M03930_0062_000000000-BBHKV/Data/Intensities/BaseCalls/15Caa1016Ch0A_S716_L001_R2_001.fastq.gz,consolidated_dataset/durance1/15Caa1016Ch0A_S716_L001_R2_001.fastq.gz,move
data/durance1/170710_M03930_0062_000000000-BBHKV/Data/Intensities/BaseCalls/15Avi1004Cn02A_S717_L001_R1_001.fastq.gz,consolidated_dataset/durance1/15Avi1004Cn02A_S717_L001_R1_001.fastq.gz,move
data/durance1/170710_M03930_0062_000000000-BBHKV/Data/Intensities/BaseCalls/15Avi1004Cn02A_S717_L001_R2_001.fastq.gz,consolidated_dataset/durance1/15Avi1004Cn02A_S717_L001_R2_001.fastq.gz,move
data/durance1/170710_M03930_0062_000000000-BBHKV/Data/Intensities/BaseCalls/15Avi1012Pt02A_S718_L001_R1_001.fastq.gz,consolidated_dataset/durance1/15Avi1012Pt02A_S718_L001_R1_001.fastq.gz,move
data/durance1/170710_M03930_0062_000000000-BBHKV/Data/Intensities/BaseCalls/15Avi1012Pt02A_S718_L001_R2_001.fastq.gz,consolidated_dataset/durance1/15Avi1012Pt02A_S718_L001_R2_001.fastq.gz,move
data/durance1/170710_M03930_0062_000000000-BBHKV/Data/Intensities/BaseCalls/15Bue1007Ch02A_S719_L001_R1_001.fastq.gz,consolidated_dataset/durance1/15Bue1007Ch02A_S719_L001_R1_001.fastq.gz,move
data/durance1/170710_M03930_0062_000000000-BBHKV/Data/Intensities/BaseCalls/15Bue1007Ch02A_S719_L001_R2_001.fastq.gz,consolidated_dataset/durance1/15Bue1007Ch02A_S719_L001_R2_001.fastq.gz,move
data/durance1/170710_M03930_0062_000000000-BBHKV/Data/Intensities/BaseCalls/15Bue1015Ch02A_S720_L001_R1_001.fastq.gz,consolidated_dataset/durance1/15Bue1015Ch02A_S720_L001_R1_001.fastq.gz,move
data/durance1/170710_M03930_0062_000000000-BBHKV/Data/Intensities/BaseCalls/15Bue1015Ch02A_S720_L001_R2_001.fastq.gz,consolidated_dataset/durance1/15Bue1015Ch02A_S720_L001_R2_001.fastq.gz,move
data/durance1/170710_M03930_0062_000000000-BBHKV/Data/Intensities/BaseCalls/15Bau1005Ch02A_S721_L001_R1_001.fastq.gz,consolidated_dataset/durance1/15Bau1005Ch02A_S721_L001_R1_001.fastq.gz,move
data/durance1/170710_M03930_0062_000000000-BBHKV/Data/Intensities/BaseCalls/15Bau1005Ch02A_S721_L001_R2_001.fastq.gz,consolidated_dataset/durance1/15Bau1005Ch02A_S721_L001_R2_001.fastq.gz,move
data/durance1/170710_M03930_0062_000000000-BBHKV/Data/Intensities/BaseCalls/15Bau1013Ch02A_S722_L001_R1_001.fastq.gz,consolidated_dataset/durance1/15Bau1013Ch02A_S722_L001_R1_001.fastq.gz,move
data/durance1/170710_M03930_0062_000000000-BBHKV/Data/Intensities/BaseCalls/15Bau1013Ch02A_S722_L001_R2_001.fastq.gz,consolidated_dataset/durance1/15Bau1013Ch02A_S722_L001_R2_001.fastq.gz,move
data/durance1/170710_M03930_0062_000000000-BBHKV/Data/Intensities/BaseCalls/15Bau1021Ch02A_S723_L001_R1_001.fastq.gz,consolidated_dataset/durance1/15Bau1021Ch02A_S723_L001_R1_001.fastq.gz,move
data/durance1/170710_M03930_0062_000000000-BBHKV/Data/Intensities/BaseCalls/15Bau1021Ch02A_S723_L001_R2_001.fastq.gz,consolidated_dataset/durance1/15Bau1021Ch02A_S723_L001_R2_001.fastq.gz,move
data/durance1/170710_M03930_0062_000000000-BBHKV/Data/Intensities/BaseCalls/15Jus1004Ch0A_S724_L001_R1_001.fastq.gz,consolidated_dataset/durance1/15Jus1004Ch0A_S724_L001_R1_001.fastq.gz,move
data/durance1/170710_M03930_0062_000000000-BBHKV/Data/Intensities/BaseCalls/15Jus1004Ch0A_S724_L001_R2_001.fastq.gz,consolidated_dataset/durance1/15Jus1004Ch0A_S724_L001_R2_001.fastq.gz,move
data/durance1/170710_M03930_0062_000000000-BBHKV/Data/Intensities/BaseCalls/15Jus1012Ch0A_S725_L001_R1_001.fastq.gz,consolidated_dataset/durance1/15Jus1012Ch0A_S725_L001_R1_001.fastq.gz,move
data/durance1/170710_M03930_0062_000000000-BBHKV/Data/Intensities/BaseCalls/15Jus1012Ch0A_S725_L001_R2_001.fastq.gz,consolidated_dataset/durance1/15Jus1012Ch0A_S725_L001_R2_001.fastq.gz,move
data/durance1/170710_M03930_0062_000000000-BBHKV/Data/Intensities/BaseCalls/15Caa1001Ch0A_S726_L001_R1_001.fastq.gz,consolidated_dataset/durance1/15Caa1001Ch0A_S726_L001_R1_001.fastq.gz,move
data/durance1/170710_M03930_0062_000000000-BBHKV/Data/Intensities/BaseCalls/15Caa1001Ch0A_S726_L001_R2_001.fastq.gz,consolidated_dataset/durance1/15Caa1001Ch0A_S726_L001_R2_001.fastq.gz,move
data/durance1/170710_M03930_0062_000000000-BBHKV/Data/Intensities/BaseCalls/15Caa1009Ch0A_S727_L001_R1_001.fastq.gz,consolidated_dataset/durance1/15Caa1009Ch0A_S727_L001_R1_001.fastq.gz,move
data/durance1/170710_M03930_0062_000000000-BBHKV/Data/Intensities/BaseCalls/15Caa1009Ch0A_S727_L001_R2_001.fastq.gz,consolidated_dataset/durance1/15Caa1009Ch0A_S727_L001_R2_001.fastq.gz,move
data/durance1/170710_M03930_0062_000000000-BBHKV/Data/Intensities/BaseCalls/15Caa1017Ch0A_S728_L001_R1_001.fastq.gz,consolidated_dataset/durance1/15Caa1017Ch0A_S728_L001_R1_001.fastq.gz,move
data/durance1/170710_M03930_0062_000000000-BBHKV/Data/Intensities/BaseCalls/15Caa1017Ch0A_S728_L001_R2_001.fastq.gz,consolidated_dataset/durance1/15Caa1017Ch0A_S728_L001_R2_001.fastq.gz,move
data/durance1/170710_M03930_0062_000000000-BBHKV/Data/Intensities/BaseCalls/15Avi1005Cn02A_S729_L001_R1_001.fastq.gz,consolidated_dataset/durance1/15Avi1005Cn02A_S729_L001_R1_001.fastq.gz,move
data/durance1/170710_M03930_0062_000000000-BBHKV/Data/Intensities/BaseCalls/15Avi1005Cn02A_S729_L001_R2_001.fastq.gz,consolidated_dataset/durance1/15Avi1005Cn02A_S729_L001_R2_001.fastq.gz,move
data/durance1/170710_M03930_0062_000000000-BBHKV/Data/Intensities/BaseCalls/15Avi1013Pt02A_S730_L001_R1_001.fastq.gz,consolidated_dataset/durance1/15Avi1013Pt02A_S730_L001_R1_001.fastq.gz,move
data/durance1/170710_M03930_0062_000000000-BBHKV/Data/Intensities/BaseCalls/15Avi1013Pt02A_S730_L001_R2_001.fastq.gz,consolidated_dataset/durance1/15Avi1013Pt02A_S730_L001_R2_001.fastq.gz,move
data/durance1/170710_M03930_0062_000000000-BBHKV/Data/Intensities/BaseCalls/15Bue1008Ch02A_S731_L001_R1_001.fastq.gz,consolidated_dataset/durance1/15Bue1008Ch02A_S731_L001_R1_001.fastq.gz,move
data/durance1/170710_M03930_0062_000000000-BBHKV/Data/Intensities/BaseCalls/15Bue1008Ch02A_S731_L001_R2_001.fastq.gz,consolidated_dataset/durance1/15Bue1008Ch02A_S731_L001_R2_001.fastq.gz,move
data/durance1/170710_M03930_0062_000000000-BBHKV/Data/Intensities/BaseCalls/15Bue1016Ch02A_S732_L001_R1_001.fastq.gz,consolidated_dataset/durance1/15Bue1016Ch02A_S732_L001_R1_001.fastq.gz,move
data/durance1/170710_M03930_0062_000000000-BBHKV/Data/Intensities/BaseCalls/15Bue1016Ch02A_S732_L001_R2_001.fastq.gz,consolidated_dataset/durance1/15Bue1016Ch02A_S732_L001_R2_001.fastq.gz,move
data/durance1/170710_M03930_0062_000000000-BBHKV/Data/Intensities/BaseCalls/15Bau1006Ch02A_S733_L001_R1_001.fastq.gz,consolidated_dataset/durance1/15Bau1006Ch02A_S733_L001_R1_001.fastq.gz,move
data/durance1/170710_M03930_0062_000000000-BBHKV/Data/Intensities/BaseCalls/15Bau1006Ch02A_S733_L001_R2_001.fastq.gz,consolidated_dataset/durance1/15Bau1006Ch02A_S733_L001_R2_001.fastq.gz,move
data/durance1/170710_M03930_0062_000000000-BBHKV/Data/Intensities/BaseCalls/15Bau1014Ch02A_S734_L001_R1_001.fastq.gz,consolidated_dataset/durance1/15Bau1014Ch02A_S734_L001_R1_001.fastq.gz,move
data/durance1/170710_M03930_0062_000000000-BBHKV/Data/Intensities/BaseCalls/15Bau1014Ch02A_S734_L001_R2_001.fastq.gz,consolidated_dataset/durance1/15Bau1014Ch02A_S734_L001_R2_001.fastq.gz,move
data/durance1/170710_M03930_0062_000000000-BBHKV/Data/Intensities/BaseCalls/15Bau1022Ch02A_S735_L001_R1_001.fastq.gz,consolidated_dataset/durance1/15Bau1022Ch02A_S735_L001_R1_001.fastq.gz,move
data/durance1/170710_M03930_0062_000000000-BBHKV/Data/Intensities/BaseCalls/15Bau1022Ch02A_S735_L001_R2_001.fastq.gz,consolidated_dataset/durance1/15Bau1022Ch02A_S735_L001_R2_001.fastq.gz,move
data/durance1/170710_M03930_0062_000000000-BBHKV/Data/Intensities/BaseCalls/15Jus1005Ch0A_S736_L001_R1_001.fastq.gz,consolidated_dataset/durance1/15Jus1005Ch0A_S736_L001_R1_001.fastq.gz,move
data/durance1/170710_M03930_0062_000000000-BBHKV/Data/Intensities/BaseCalls/15Jus1005Ch0A_S736_L001_R2_001.fastq.gz,consolidated_dataset/durance1/15Jus1005Ch0A_S736_L001_R2_001.fastq.gz,move
data/durance1/170710_M03930_0062_000000000-BBHKV/Data/Intensities/BaseCalls/15Jus1013Ch0A_S737_L001_R1_001.fastq.gz,consolidated_dataset/durance1/15Jus1013Ch0A_S737_L001_R1_001.fastq.gz,move
data/durance1/170710_M03930_0062_000000000-BBHKV/Data/Intensities/BaseCalls/15Jus1013Ch0A_S737_L001_R2_001.fastq.gz,consolidated_dataset/durance1/15Jus1013Ch0A_S737_L001_R2_001.fastq.gz,move
data/durance1/170710_M03930_0062_000000000-BBHKV/Data/Intensities/BaseCalls/15Caa1002Ch0A_S738_L001_R1_001.fastq.gz,consolidated_dataset/durance1/15Caa1002Ch0A_S738_L001_R1_001.fastq.gz,move
data/durance1/170710_M03930_0062_000000000-BBHKV/Data/Intensities/BaseCalls/15Caa1002Ch0A_S738_L001_R2_001.fastq.gz,consolidated_dataset/durance1/15Caa1002Ch0A_S738_L001_R2_001.fastq.gz,move
data/durance1/170710_M03930_0062_000000000-BBHKV/Data/Intensities/BaseCalls/15Caa1010Ch0A_S739_L001_R1_001.fastq.gz,consolidated_dataset/durance1/15Caa1010Ch0A_S739_L001_R1_001.fastq.gz,move
data/durance1/170710_M03930_0062_000000000-BBHKV/Data/Intensities/BaseCalls/15Caa1010Ch0A_S739_L001_R2_001.fastq.gz,consolidated_dataset/durance1/15Caa1010Ch0A_S739_L001_R2_001.fastq.gz,move
data/durance1/170710_M03930_0062_000000000-BBHKV/Data/Intensities/BaseCalls/15Caa1018Ch0A_S740_L001_R1_001.fastq.gz,consolidated_dataset/durance1/15Caa1018Ch0A_S740_L001_R1_001.fastq.gz,move
data/durance1/170710_M03930_0062_000000000-BBHKV/Data/Intensities/BaseCalls/15Caa1018Ch0A_S740_L001_R2_001.fastq.gz,consolidated_dataset/durance1/15Caa1018Ch0A_S740_L001_R2_001.fastq.gz,move
data/durance1/170710_M03930_0062_000000000-BBHKV/Data/Intensities/BaseCalls/15Avi1006Cn02A_S741_L001_R1_001.fastq.gz,consolidated_dataset/durance1/15Avi1006Cn02A_S741_L001_R1_001.fastq.gz,move
data/durance1/170710_M03930_0062_000000000-BBHKV/Data/Intensities/BaseCalls/15Avi1006Cn02A_S741_L001_R2_001.fastq.gz,consolidated_dataset/durance1/15Avi1006Cn02A_S741_L001_R2_001.fastq.gz,move
data/durance1/170710_M03930_0062_000000000-BBHKV/Data/Intensities/BaseCalls/15Bue1001Ch02A_S742_L001_R1_001.fastq.gz,consolidated_dataset/durance1/15Bue1001Ch02A_S742_L001_R1_001.fastq.gz,move
data/durance1/170710_M03930_0062_000000000-BBHKV/Data/Intensities/BaseCalls/15Bue1001Ch02A_S742_L001_R2_001.fastq.gz,consolidated_dataset/durance1/15Bue1001Ch02A_S742_L001_R2_001.fastq.gz,move
data/durance1/170710_M03930_0062_000000000-BBHKV/Data/Intensities/BaseCalls/15Bue1009Ch02A_S743_L001_R1_001.fastq.gz,consolidated_dataset/durance1/15Bue1009Ch02A_S743_L001_R1_001.fastq.gz,move
data/durance1/170710_M03930_0062_000000000-BBHKV/Data/Intensities/BaseCalls/15Bue1009Ch02A_S743_L001_R2_001.fastq.gz,consolidated_dataset/durance1/15Bue1009Ch02A_S743_L001_R2_001.fastq.gz,move
data/durance1/170710_M03930_0062_000000000-BBHKV/Data/Intensities/BaseCalls/15Bue1017Ch02A_S744_L001_R1_001.fastq.gz,consolidated_dataset/durance1/15Bue1017Ch02A_S744_L001_R1_001.fastq.gz,move
data/durance1/170710_M03930_0062_000000000-BBHKV/Data/Intensities/BaseCalls/15Bue1017Ch02A_S744_L001_R2_001.fastq.gz,consolidated_dataset/durance1/15Bue1017Ch02A_S744_L001_R2_001.fastq.gz,move
data/durance1/170710_M03930_0062_000000000-BBHKV/Data/Intensities/BaseCalls/15Bau1007Ch02A_S745_L001_R1_001.fastq.gz,consolidated_dataset/durance1/15Bau1007Ch02A_S745_L001_R1_001.fastq.gz,move
data/durance1/170710_M03930_0062_000000000-BBHKV/Data/Intensities/BaseCalls/15Bau1007Ch02A_S745_L001_R2_001.fastq.gz,consolidated_dataset/durance1/15Bau1007Ch02A_S745_L001_R2_001.fastq.gz,move
data/durance1/170710_M03930_0062_000000000-BBHKV/Data/Intensities/BaseCalls/15Bau1015Ch02A_S746_L001_R1_001.fastq.gz,consolidated_dataset/durance1/15Bau1015Ch02A_S746_L001_R1_001.fastq.gz,move
data/durance1/170710_M03930_0062_000000000-BBHKV/Data/Intensities/BaseCalls/15Bau1015Ch02A_S746_L001_R2_001.fastq.gz,consolidated_dataset/durance1/15Bau1015Ch02A_S746_L001_R2_001.fastq.gz,move
data/durance1/170710_M03930_0062_000000000-BBHKV/Data/Intensities/BaseCalls/15Bau1023Ch02A_S747_L001_R1_001.fastq.gz,consolidated_dataset/durance1/15Bau1023Ch02A_S747_L001_R1_001.fastq.gz,move
data/durance1/170710_M03930_0062_000000000-BBHKV/Data/Intensities/BaseCalls/15Bau1023Ch02A_S747_L001_R2_001.fastq.gz,consolidated_dataset/durance1/15Bau1023Ch02A_S747_L001_R2_001.fastq.gz,move
data/durance1/170710_M03930_0062_000000000-BBHKV/Data/Intensities/BaseCalls/15Jus1006Ch0A_S748_L001_R1_001.fastq.gz,consolidated_dataset/durance1/15Jus1006Ch0A_S748_L001_R1_001.fastq.gz,move
data/durance1/170710_M03930_0062_000000000-BBHKV/Data/Intensities/BaseCalls/15Jus1006Ch0A_S748_L001_R2_001.fastq.gz,consolidated_dataset/durance1/15Jus1006Ch0A_S748_L001_R2_001.fastq.gz,move
data/durance1/170710_M03930_0062_000000000-BBHKV/Data/Intensities/BaseCalls/15Jus1014Ch0A_S749_L001_R1_001.fastq.gz,consolidated_dataset/durance1/15Jus1014Ch0A_S749_L001_R1_001.fastq.gz,move
data/durance1/170710_M03930_0062_000000000-BBHKV/Data/Intensities/BaseCalls/15Jus1014Ch0A_S749_L001_R2_001.fastq.gz,consolidated_dataset/durance1/15Jus1014Ch0A_S749_L001_R2_001.fastq.gz,move
data/durance1/170710_M03930_0062_000000000-BBHKV/Data/Intensities/BaseCalls/15Caa1003Ch0A_S750_L001_R1_001.fastq.gz,consolidated_dataset/durance1/15Caa1003Ch0A_S750_L001_R1_001.fastq.gz,move
data/durance1/170710_M03930_0062_000000000-BBHKV/Data/Intensities/BaseCalls/15Caa1003Ch0A_S750_L001_R2_001.fastq.gz,consolidated_dataset/durance1/15Caa1003Ch0A_S750_L001_R2_001.fastq.gz,move
data/durance1/170710_M03930_0062_000000000-BBHKV/Data/Intensities/BaseCalls/15Caa1011Ch0A_S751_L001_R1_001.fastq.gz,consolidated_dataset/durance1/15Caa1011Ch0A_S751_L001_R1_001.fastq.gz,move
data/durance1/170710_M03930_0062_000000000-BBHKV/Data/Intensities/BaseCalls/15Caa1011Ch0A_S751_L001_R2_001.fastq.gz,consolidated_dataset/durance1/15Caa1011Ch0A_S751_L001_R2_001.fastq.gz,move
data/durance1/170710_M03930_0062_000000000-BBHKV/Data/Intensities/BaseCalls/15Caa1019Ch0A_S752_L001_R1_001.fastq.gz,consolidated_dataset/durance1/15Caa1019Ch0A_S752_L001_R1_001.fastq.gz,move
data/durance1/170710_M03930_0062_000000000-BBHKV/Data/Intensities/BaseCalls/15Caa1019Ch0A_S752_L001_R2_001.fastq.gz,consolidated_dataset/durance1/15Caa1019Ch0A_S752_L001_R2_001.fastq.gz,move
data/durance1/170710_M03930_0062_000000000-BBHKV/Data/Intensities/BaseCalls/15Avi1007Cn02A_S753_L001_R1_001.fastq.gz,consolidated_dataset/durance1/15Avi1007Cn02A_S753_L001_R1_001.fastq.gz,move
data/durance1/170710_M03930_0062_000000000-BBHKV/Data/Intensities/BaseCalls/15Avi1007Cn02A_S753_L001_R2_001.fastq.gz,consolidated_dataset/durance1/15Avi1007Cn02A_S753_L001_R2_001.fastq.gz,move
data/durance1/170710_M03930_0062_000000000-BBHKV/Data/Intensities/BaseCalls/15Bue1002Ch02A_S754_L001_R1_001.fastq.gz,consolidated_dataset/durance1/15Bue1002Ch02A_S754_L001_R1_001.fastq.gz,move
data/durance1/170710_M03930_0062_000000000-BBHKV/Data/Intensities/BaseCalls/15Bue1002Ch02A_S754_L001_R2_001.fastq.gz,consolidated_dataset/durance1/15Bue1002Ch02A_S754_L001_R2_001.fastq.gz,move
data/durance1/170710_M03930_0062_000000000-BBHKV/Data/Intensities/BaseCalls/15Bue1010Ch02A_S755_L001_R1_001.fastq.gz,consolidated_dataset/durance1/15Bue1010Ch02A_S755_L001_R1_001.fastq.gz,move
data/durance1/170710_M03930_0062_000000000-BBHKV/Data/Intensities/BaseCalls/15Bue1010Ch02A_S755_L001_R2_001.fastq.gz,consolidated_dataset/durance1/15Bue1010Ch02A_S755_L001_R2_001.fastq.gz,move
data/durance1/170710_M03930_0062_000000000-BBHKV/Data/Intensities/BaseCalls/15Bue1018Ch02A_S756_L001_R1_001.fastq.gz,consolidated_dataset/durance1/15Bue1018Ch02A_S756_L001_R1_001.fastq.gz,move
data/durance1/170710_M03930_0062_000000000-BBHKV/Data/Intensities/BaseCalls/15Bue1018Ch02A_S756_L001_R2_001.fastq.gz,consolidated_dataset/durance1/15Bue1018Ch02A_S756_L001_R2_001.fastq.gz,move
data/durance1/170710_M03930_0062_000000000-BBHKV/Data/Intensities/BaseCalls/15Bau1008Ch02A_S757_L001_R1_001.fastq.gz,consolidated_dataset/durance1/15Bau1008Ch02A_S757_L001_R1_001.fastq.gz,move
data/durance1/170710_M03930_0062_000000000-BBHKV/Data/Intensities/BaseCalls/15Bau1008Ch02A_S757_L001_R2_001.fastq.gz,consolidated_dataset/durance1/15Bau1008Ch02A_S757_L001_R2_001.fastq.gz,move
data/durance1/170710_M03930_0062_000000000-BBHKV/Data/Intensities/BaseCalls/15Bau1016Ch02A_S758_L001_R1_001.fastq.gz,consolidated_dataset/durance1/15Bau1016Ch02A_S758_L001_R1_001.fastq.gz,move
data/durance1/170710_M03930_0062_000000000-BBHKV/Data/Intensities/BaseCalls/15Bau1016Ch02A_S758_L001_R2_001.fastq.gz,consolidated_dataset/durance1/15Bau1016Ch02A_S758_L001_R2_001.fastq.gz,move
data/durance1/170710_M03930_0062_000000000-BBHKV/Data/Intensities/BaseCalls/15Bau1024Ch02A_S759_L001_R1_001.fastq.gz,consolidated_dataset/durance1/15Bau1024Ch02A_S759_L001_R1_001.fastq.gz,move
data/durance1/170710_M03930_0062_000000000-BBHKV/Data/Intensities/BaseCalls/15Bau1024Ch02A_S759_L001_R2_001.fastq.gz,consolidated_dataset/durance1/15Bau1024Ch02A_S759_L001_R2_001.fastq.gz,move
data/durance1/170710_M03930_0062_000000000-BBHKV/Data/Intensities/BaseCalls/15Jus1007Ch0A_S760_L001_R1_001.fastq.gz,consolidated_dataset/durance1/15Jus1007Ch0A_S760_L001_R1_001.fastq.gz,move
data/durance1/170710_M03930_0062_000000000-BBHKV/Data/Intensities/BaseCalls/15Jus1007Ch0A_S760_L001_R2_001.fastq.gz,consolidated_dataset/durance1/15Jus1007Ch0A_S760_L001_R2_001.fastq.gz,move
data/durance1/170710_M03930_0062_000000000-BBHKV/Data/Intensities/BaseCalls/15Jus1015Ch0A_S761_L001_R1_001.fastq.gz,consolidated_dataset/durance1/15Jus1015Ch0A_S761_L001_R1_001.fastq.gz,move
data/durance1/170710_M03930_0062_000000000-BBHKV/Data/Intensities/BaseCalls/15Jus1015Ch0A_S761_L001_R2_001.fastq.gz,consolidated_dataset/durance1/15Jus1015Ch0A_S761_L001_R2_001.fastq.gz,move
data/durance1/170710_M03930_0062_000000000-BBHKV/Data/Intensities/BaseCalls/15Caa1004Ch0A_S762_L001_R1_001.fastq.gz,consolidated_dataset/durance1/15Caa1004Ch0A_S762_L001_R1_001.fastq.gz,move
data/durance1/170710_M03930_0062_000000000-BBHKV/Data/Intensities/BaseCalls/15Caa1004Ch0A_S762_L001_R2_001.fastq.gz,consolidated_dataset/durance1/15Caa1004Ch0A_S762_L001_R2_001.fastq.gz,move
data/durance1/170710_M03930_0062_000000000-BBHKV/Data/Intensities/BaseCalls/15Caa1012Ch0A_S763_L001_R1_001.fastq.gz,consolidated_dataset/durance1/15Caa1012Ch0A_S763_L001_R1_001.fastq.gz,move
data/durance1/170710_M03930_0062_000000000-BBHKV/Data/Intensities/BaseCalls/15Caa1012Ch0A_S763_L001_R2_001.fastq.gz,consolidated_dataset/durance1/15Caa1012Ch0A_S763_L001_R2_001.fastq.gz,move
data/durance1/170710_M03930_0062_000000000-BBHKV/Data/Intensities/BaseCalls/15Caa1020Ch0A_S764_L001_R1_001.fastq.gz,consolidated_dataset/durance1/15Caa1020Ch0A_S764_L001_R1_001.fastq.gz,move
data/durance1/170710_M03930_0062_000000000-BBHKV/Data/Intensities/BaseCalls/15Caa1020Ch0A_S764_L001_R2_001.fastq.gz,consolidated_dataset/durance1/15Caa1020Ch0A_S764_L001_R2_001.fastq.gz,move
data/durance1/170710_M03930_0062_000000000-BBHKV/Data/Intensities/BaseCalls/15Avi1008Cn02A_S765_L001_R1_001.fastq.gz,consolidated_dataset/durance1/15Avi1008Cn02A_S765_L001_R1_001.fastq.gz,move
data/durance1/170710_M03930_0062_000000000-BBHKV/Data/Intensities/BaseCalls/15Avi1008Cn02A_S765_L001_R2_001.fastq.gz,consolidated_dataset/durance1/15Avi1008Cn02A_S765_L001_R2_001.fastq.gz,move
data/durance1/170710_M03930_0062_000000000-BBHKV/Data/Intensities/BaseCalls/15Bue1003Ch02A_S766_L001_R1_001.fastq.gz,consolidated_dataset/durance1/15Bue1003Ch02A_S766_L001_R1_001.fastq.gz,move
data/durance1/170710_M03930_0062_000000000-BBHKV/Data/Intensities/BaseCalls/15Bue1003Ch02A_S766_L001_R2_001.fastq.gz,consolidated_dataset/durance1/15Bue1003Ch02A_S766_L001_R2_001.fastq.gz,move
data/durance1/170710_M03930_0062_000000000-BBHKV/Data/Intensities/BaseCalls/15Bue1011Ch02A_S767_L001_R1_001.fastq.gz,consolidated_dataset/durance1/15Bue1011Ch02A_S767_L001_R1_001.fastq.gz,move
data/durance1/170710_M03930_0062_000000000-BBHKV/Data/Intensities/BaseCalls/15Bue1011Ch02A_S767_L001_R2_001.fastq.gz,consolidated_dataset/durance1/15Bue1011Ch02A_S767_L001_R2_001.fastq.gz,move
data/durance1/170710_M03930_0062_000000000-BBHKV/Data/Intensities/BaseCalls/T-8_S768_L001_R1_001.fastq.gz,consolidated_dataset/durance1/T-8_S768_L001_R1_001.fastq.gz,move
data/durance1/170710_M03930_0062_000000000-BBHKV/Data/Intensities/BaseCalls/T-8_S768_L001_R2_001.fastq.gz,consolidated_dataset/durance1/T-8_S768_L001_R2_001.fastq.gz,move
data/durance2/16S-Dur2_renamed/14Ain1001Cn01A_S1_L001_R1_001.fastq,consolidated_dataset/durance2/14Ain1001Cn01A_S1_L001_R1_001.fastq.gz,gzip
data/durance2/16S-Dur2_renamed/14Ain1001Cn01A_S1_L001_R2_001.fastq,consolidated_dataset/durance2/14Ain1001Cn01A_S1_L001_R2_001.fastq.gz,gzip
data/durance2/16S-Dur2_renamed/14Ain1038Pt01A_S2_L001_R1_001.fastq,consolidated_dataset/durance2/14Ain1038Pt01A_S2_L001_R1_001.fastq.gz,gzip
data/durance2/16S-Dur2_renamed/14Ain1038Pt01A_S2_L001_R2_001.fastq,consolidated_dataset/durance2/14Ain1038Pt01A_S2_L001_R2_001.fastq.gz,gzip
data/durance2/16S-Dur2_renamed/15Cab1003Ch01A_S3_L001_R1_001.fastq,consolidated_dataset/durance2/15Cab1003Ch01A_S3_L001_R1_001.fastq.gz,gzip
data/durance2/16S-Dur2_renamed/15Cab1003Ch01A_S3_L001_R2_001.fastq,consolidated_dataset/durance2/15Cab1003Ch01A_S3_L001_R2_001.fastq.gz,gzip
data/durance2/16S-Dur2_renamed/15Cab1011Ch01A_S4_L001_R1_001.fastq,consolidated_dataset/durance2/15Cab1011Ch01A_S4_L001_R1_001.fastq.gz,gzip
data/durance2/16S-Dur2_renamed/15Cab1011Ch01A_S4_L001_R2_001.fastq,consolidated_dataset/durance2/15Cab1011Ch01A_S4_L001_R2_001.fastq.gz,gzip
data/durance2/16S-Dur2_renamed/15Cab1019Ch01A_S5_L001_R1_001.fastq,consolidated_dataset/durance2/15Cab1019Ch01A_S5_L001_R1_001.fastq.gz,gzip
data/durance2/16S-Dur2_renamed/15Cab1019Ch01A_S5_L001_R2_001.fastq,consolidated_dataset/durance2/15Cab1019Ch01A_S5_L001_R2_001.fastq.gz,gzip
data/durance2/16S-Dur2_renamed/14Avi1008Cn01A_S6_L001_R1_001.fastq,consolidated_dataset/durance2/14Avi1008Cn01A_S6_L001_R1_001.fastq.gz,gzip
data/durance2/16S-Dur2_renamed/14Avi1008Cn01A_S6_L001_R2_001.fastq,consolidated_dataset/durance2/14Avi1008Cn01A_S6_L001_R2_001.fastq.gz,gzip
data/durance2/16S-Dur2_renamed/14Bue1005Cn01A_S7_L001_R1_001.fastq,consolidated_dataset/durance2/14Bue1005Cn01A_S7_L001_R1_001.fastq.gz,gzip
data/durance2/16S-Dur2_renamed/14Bue1005Cn01A_S7_L001_R2_001.fastq,consolidated_dataset/durance2/14Bue1005Cn01A_S7_L001_R2_001.fastq.gz,gzip
data/durance2/16S-Dur2_renamed/14Bue1015Ch01A_S8_L001_R1_001.fastq,consolidated_dataset/durance2/14Bue1015Ch01A_S8_L001_R1_001.fastq.gz,gzip
data/durance2/16S-Dur2_renamed/14Bue1015Ch01A_S8_L001_R2_001.fastq,consolidated_dataset/durance2/14Bue1015Ch01A_S8_L001_R2_001.fastq.gz,gzip
data/durance2/16S-Dur2_renamed/14Man1011Ch01A_S9_L001_R1_001.fastq,consolidated_dataset/durance2/14Man1011Ch01A_S9_L001_R1_001.fastq.gz,gzip
data/durance2/16S-Dur2_renamed/14Man1011Ch01A_S9_L001_R2_001.fastq,consolidated_dataset/durance2/14Man1011Ch01A_S9_L001_R2_001.fastq.gz,gzip
data/durance2/16S-Dur2_renamed/14Man1019Ch01A_S10_L001_R1_001.fastq,consolidated_dataset/durance2/14Man1019Ch01A_S10_L001_R1_001.fastq.gz,gzip
data/durance2/16S-Dur2_renamed/14Man1019Ch01A_S10_L001_R2_001.fastq,consolidated_dataset/durance2/14Man1019Ch01A_S10_L001_R2_001.fastq.gz,gzip
data/durance2/16S-Dur2_renamed/14Per2011Ch01A_S11_L001_R1_001.fastq,consolidated_dataset/durance2/14Per2011Ch01A_S11_L001_R1_001.fastq.gz,gzip
data/durance2/16S-Dur2_renamed/14Per2011Ch01A_S11_L001_R2_001.fastq,consolidated_dataset/durance2/14Per2011Ch01A_S11_L001_R2_001.fastq.gz,gzip
data/durance2/16S-Dur2_renamed/14Per2011Ch01A-bis_S12_L001_R1_001.fastq,consolidated_dataset/durance2/14Per2011Ch01A-bis_S12_L001_R1_001.fastq.gz,gzip
data/durance2/16S-Dur2_renamed/14Per2011Ch01A-bis_S12_L001_R2_001.fastq,consolidated_dataset/durance2/14Per2011Ch01A-bis_S12_L001_R2_001.fastq.gz,gzip
data/durance2/16S-Dur2_renamed/14Ain1002Cn01A_S13_L001_R1_001.fastq,consolidated_dataset/durance2/14Ain1002Cn01A_S13_L001_R1_001.fastq.gz,gzip
data/durance2/16S-Dur2_renamed/14Ain1002Cn01A_S13_L001_R2_001.fastq,consolidated_dataset/durance2/14Ain1002Cn01A_S13_L001_R2_001.fastq.gz,gzip
data/durance2/16S-Dur2_renamed/14Ain1039Pt01A_S14_L001_R1_001.fastq,consolidated_dataset/durance2/14Ain1039Pt01A_S14_L001_R1_001.fastq.gz,gzip
data/durance2/16S-Dur2_renamed/14Ain1039Pt01A_S14_L001_R2_001.fastq,consolidated_dataset/durance2/14Ain1039Pt01A_S14_L001_R2_001.fastq.gz,gzip
data/durance2/16S-Dur2_renamed/15Cab1004Ch01A_S15_L001_R1_001.fastq,consolidated_dataset/durance2/15Cab1004Ch01A_S15_L001_R1_001.fastq.gz,gzip
data/durance2/16S-Dur2_renamed/15Cab1004Ch01A_S15_L001_R2_001.fastq,consolidated_dataset/durance2/15Cab1004Ch01A_S15_L001_R2_001.fastq.gz,gzip
data/durance2/16S-Dur2_renamed/15Cab1012Ch01A_S16_L001_R1_001.fastq,consolidated_dataset/durance2/15Cab1012Ch01A_S16_L001_R1_001.fastq.gz,gzip
data/durance2/16S-Dur2_renamed/15Cab1012Ch01A_S16_L001_R2_001.fastq,consolidated_dataset/durance2/15Cab1012Ch01A_S16_L001_R2_001.fastq.gz,gzip
data/durance2/16S-Dur2_renamed/14Avi1001Cn01A_S17_L001_R1_001.fastq,consolidated_dataset/durance2/14Avi1001Cn01A_S17_L001_R1_001.fastq.gz,gzip
data/durance2/16S-Dur2_renamed/14Avi1001Cn01A_S17_L001_R2_001.fastq,consolidated_dataset/durance2/14Avi1001Cn01A_S17_L001_R2_001.fastq.gz,gzip
data/durance2/16S-Dur2_renamed/14Avi1036Cn01A_S18_L001_R1_001.fastq,consolidated_dataset/durance2/14Avi1036Cn01A_S18_L001_R1_001.fastq.gz,gzip
data/durance2/16S-Dur2_renamed/14Avi1036Cn01A_S18_L001_R2_001.fastq,consolidated_dataset/durance2/14Avi1036Cn01A_S18_L001_R2_001.fastq.gz,gzip
data/durance2/16S-Dur2_renamed/14Bue1006Cn01A_S19_L001_R1_001.fastq,consolidated_dataset/durance2/14Bue1006Cn01A_S19_L001_R1_001.fastq.gz,gzip
data/durance2/16S-Dur2_renamed/14Bue1006Cn01A_S19_L001_R2_001.fastq,consolidated_dataset/durance2/14Bue1006Cn01A_S19_L001_R2_001.fastq.gz,gzip
data/durance2/16S-Dur2_renamed/14Bue1016Ch01A_S20_L001_R1_001.fastq,consolidated_dataset/durance2/14Bue1016Ch01A_S20_L001_R1_001.fastq.gz,gzip
data/durance2/16S-Dur2_renamed/14Bue1016Ch01A_S20_L001_R2_001.fastq,consolidated_dataset/durance2/14Bue1016Ch01A_S20_L001_R2_001.fastq.gz,gzip
data/durance2/16S-Dur2_renamed/14Man1012Ch01A_S21_L001_R1_001.fastq,consolidated_dataset/durance2/14Man1012Ch01A_S21_L001_R1_001.fastq.gz,gzip
data/durance2/16S-Dur2_renamed/14Man1012Ch01A_S21_L001_R2_001.fastq,consolidated_dataset/durance2/14Man1012Ch01A_S21_L001_R2_001.fastq.gz,gzip
data/durance2/16S-Dur2_renamed/14Man1020Ch01A_S22_L001_R1_001.fastq,consolidated_dataset/durance2/14Man1020Ch01A_S22_L001_R1_001.fastq.gz,gzip
data/durance2/16S-Dur2_renamed/14Man1020Ch01A_S22_L001_R2_001.fastq,consolidated_dataset/durance2/14Man1020Ch01A_S22_L001_R2_001.fastq.gz,gzip
data/durance2/16S-Dur2_renamed/14Per2012Ch01A_S23_L001_R1_001.fastq,consolidated_dataset/durance2/14Per2012Ch01A_S23_L001_R1_001.fastq.gz,gzip
data/durance2/16S-Dur2_renamed/14Per2012Ch01A_S23_L001_R2_001.fastq,consolidated_dataset/durance2/14Per2012Ch01A_S23_L001_R2_001.fastq.gz,gzip
data/durance2/16S-Dur2_renamed/14Per2012Ch01A-bis_S24_L001_R1_001.fastq,consolidated_dataset/durance2/14Per2012Ch01A-bis_S24_L001_R1_001.fastq.gz,gzip
data/durance2/16S-Dur2_renamed/14Per2012Ch01A-bis_S24_L001_R2_001.fastq,consolidated_dataset/durance2/14Per2012Ch01A-bis_S24_L001_R2_001.fastq.gz,gzip
data/durance2/16S-Dur2_renamed/14Ain1011Pt01A_S25_L001_R1_001.fastq,consolidated_dataset/durance2/14Ain1011Pt01A_S25_L001_R1_001.fastq.gz,gzip
data/durance2/16S-Dur2_renamed/14Ain1011Pt01A_S25_L001_R2_001.fastq,consolidated_dataset/durance2/14Ain1011Pt01A_S25_L001_R2_001.fastq.gz,gzip
data/durance2/16S-Dur2_renamed/14Ain1040Pt01A_S26_L001_R1_001.fastq,consolidated_dataset/durance2/14Ain1040Pt01A_S26_L001_R1_001.fastq.gz,gzip
data/durance2/16S-Dur2_renamed/14Ain1040Pt01A_S26_L001_R2_001.fastq,consolidated_dataset/durance2/14Ain1040Pt01A_S26_L001_R2_001.fastq.gz,gzip
data/durance2/16S-Dur2_renamed/15Cab1005Ch01A_S27_L001_R1_001.fastq,consolidated_dataset/durance2/15Cab1005Ch01A_S27_L001_R1_001.fastq.gz,gzip
data/durance2/16S-Dur2_renamed/15Cab1005Ch01A_S27_L001_R2_001.fastq,consolidated_dataset/durance2/15Cab1005Ch01A_S27_L001_R2_001.fastq.gz,gzip
data/durance2/16S-Dur2_renamed/15Cab1013Ch01A_S28_L001_R1_001.fastq,consolidated_dataset/durance2/15Cab1013Ch01A_S28_L001_R1_001.fastq.gz,gzip
data/durance2/16S-Dur2_renamed/15Cab1013Ch01A_S28_L001_R2_001.fastq,consolidated_dataset/durance2/15Cab1013Ch01A_S28_L001_R2_001.fastq.gz,gzip
data/durance2/16S-Dur2_renamed/14Avi1002Cn01A_S29_L001_R1_001.fastq,consolidated_dataset/durance2/14Avi1002Cn01A_S29_L001_R1_001.fastq.gz,gzip
data/durance2/16S-Dur2_renamed/14Avi1002Cn01A_S29_L001_R2_001.fastq,consolidated_dataset/durance2/14Avi1002Cn01A_S29_L001_R2_001.fastq.gz,gzip
data/durance2/16S-Dur2_renamed/14Avi1037-01A_S30_L001_R1_001.fastq,consolidated_dataset/durance2/14Avi1037-01A_S30_L001_R1_001.fastq.gz,gzip
data/durance2/16S-Dur2_renamed/14Avi1037-01A_S30_L001_R2_001.fastq,consolidated_dataset/durance2/14Avi1037-01A_S30_L001_R2_001.fastq.gz,gzip
data/durance2/16S-Dur2_renamed/14Bue1007Cn01A_S31_L001_R1_001.fastq,consolidated_dataset/durance2/14Bue1007Cn01A_S31_L001_R1_001.fastq.gz,gzip
data/durance2/16S-Dur2_renamed/14Bue1007Cn01A_S31_L001_R2_001.fastq,consolidated_dataset/durance2/14Bue1007Cn01A_S31_L001_R2_001.fastq.gz,gzip
data/durance2/16S-Dur2_renamed/14Bue1017Ch01A_S32_L001_R1_001.fastq,consolidated_dataset/durance2/14Bue1017Ch01A_S32_L001_R1_001.fastq.gz,gzip
data/durance2/16S-Dur2_renamed/14Bue1017Ch01A_S32_L001_R2_001.fastq,consolidated_dataset/durance2/14Bue1017Ch01A_S32_L001_R2_001.fastq.gz,gzip
data/durance2/16S-Dur2_renamed/14Man1013Ch01A_S33_L001_R1_001.fastq,consolidated_dataset/durance2/14Man1013Ch01A_S33_L001_R1_001.fastq.gz,gzip
data/durance2/16S-Dur2_renamed/14Man1013Ch01A_S33_L001_R2_001.fastq,consolidated_dataset/durance2/14Man1013Ch01A_S33_L001_R2_001.fastq.gz,gzip
data/durance2/16S-Dur2_renamed/14Man1021Ch01A_S34_L001_R1_001.fastq,consolidated_dataset/durance2/14Man1021Ch01A_S34_L001_R1_001.fastq.gz,gzip
data/durance2/16S-Dur2_renamed/14Man1021Ch01A_S34_L001_R2_001.fastq,consolidated_dataset/durance2/14Man1021Ch01A_S34_L001_R2_001.fastq.gz,gzip
data/durance2/16S-Dur2_renamed/14Per2013Ch01A_S35_L001_R1_001.fastq,consolidated_dataset/durance2/14Per2013Ch01A_S35_L001_R1_001.fastq.gz,gzip
data/durance2/16S-Dur2_renamed/14Per2013Ch01A_S35_L001_R2_001.fastq,consolidated_dataset/durance2/14Per2013Ch01A_S35_L001_R2_001.fastq.gz,gzip
data/durance2/16S-Dur2_renamed/control/T-1_S36_L001_R1_001.fastq,consolidated_dataset/durance2/T-1_S36_L001_R1_001.fastq.gz,gzip
data/durance2/16S-Dur2_renamed/control/T-1_S36_L001_R2_001.fastq,consolidated_dataset/durance2/T-1_S36_L001_R2_001.fastq.gz,gzip
data/durance2/16S-Dur2_renamed/14Ain1012Pt01A_S37_L001_R1_001.fastq,consolidated_dataset/durance2/14Ain1012Pt01A_S37_L001_R1_001.fastq.gz,gzip
data/durance2/16S-Dur2_renamed/14Ain1012Pt01A_S37_L001_R2_001.fastq,consolidated_dataset/durance2/14Ain1012Pt01A_S37_L001_R2_001.fastq.gz,gzip
data/durance2/16S-Dur2_renamed/14Ain1041Pt01A_S38_L001_R1_001.fastq,consolidated_dataset/durance2/14Ain1041Pt01A_S38_L001_R1_001.fastq.gz,gzip
data/durance2/16S-Dur2_renamed/14Ain1041Pt01A_S38_L001_R2_001.fastq,consolidated_dataset/durance2/14Ain1041Pt01A_S38_L001_R2_001.fastq.gz,gzip
data/durance2/16S-Dur2_renamed/15Cab1006Ch01A_S39_L001_R1_001.fastq,consolidated_dataset/durance2/15Cab1006Ch01A_S39_L001_R1_001.fastq.gz,gzip
data/durance2/16S-Dur2_renamed/15Cab1006Ch01A_S39_L001_R2_001.fastq,consolidated_dataset/durance2/15Cab1006Ch01A_S39_L001_R2_001.fastq.gz,gzip
data/durance2/16S-Dur2_renamed/15Cab1014Ch01A_S40_L001_R1_001.fastq,consolidated_dataset/durance2/15Cab1014Ch01A_S40_L001_R1_001.fastq.gz,gzip
data/durance2/16S-Dur2_renamed/15Cab1014Ch01A_S40_L001_R2_001.fastq,consolidated_dataset/durance2/15Cab1014Ch01A_S40_L001_R2_001.fastq.gz,gzip
data/durance2/16S-Dur2_renamed/14Avi1003Cn01A_S41_L001_R1_001.fastq,consolidated_dataset/durance2/14Avi1003Cn01A_S41_L001_R1_001.fastq.gz,gzip
data/durance2/16S-Dur2_renamed/14Avi1003Cn01A_S41_L001_R2_001.fastq,consolidated_dataset/durance2/14Avi1003Cn01A_S41_L001_R2_001.fastq.gz,gzip
data/durance2/16S-Dur2_renamed/14Avi1038Cn01A_S42_L001_R1_001.fastq,consolidated_dataset/durance2/14Avi1038Cn01A_S42_L001_R1_001.fastq.gz,gzip
data/durance2/16S-Dur2_renamed/14Avi1038Cn01A_S42_L001_R2_001.fastq,consolidated_dataset/durance2/14Avi1038Cn01A_S42_L001_R2_001.fastq.gz,gzip
data/durance2/16S-Dur2_renamed/14Bue1008Cn01A_S43_L001_R1_001.fastq,consolidated_dataset/durance2/14Bue1008Cn01A_S43_L001_R1_001.fastq.gz,gzip
data/durance2/16S-Dur2_renamed/14Bue1008Cn01A_S43_L001_R2_001.fastq,consolidated_dataset/durance2/14Bue1008Cn01A_S43_L001_R2_001.fastq.gz,gzip
data/durance2/16S-Dur2_renamed/14Bue1018Ch01A_S44_L001_R1_001.fastq,consolidated_dataset/durance2/14Bue1018Ch01A_S44_L001_R1_001.fastq.gz,gzip
data/durance2/16S-Dur2_renamed/14Bue1018Ch01A_S44_L001_R2_001.fastq,consolidated_dataset/durance2/14Bue1018Ch01A_S44_L001_R2_001.fastq.gz,gzip
data/durance2/16S-Dur2_renamed/14Man1014Ch01A_S45_L001_R1_001.fastq,consolidated_dataset/durance2/14Man1014Ch01A_S45_L001_R1_001.fastq.gz,gzip
data/durance2/16S-Dur2_renamed/14Man1014Ch01A_S45_L001_R2_001.fastq,consolidated_dataset/durance2/14Man1014Ch01A_S45_L001_R2_001.fastq.gz,gzip
data/durance2/16S-Dur2_renamed/14Man1022Ch01A_S46_L001_R1_001.fastq,consolidated_dataset/durance2/14Man1022Ch01A_S46_L001_R1_001.fastq.gz,gzip
data/durance2/16S-Dur2_renamed/14Man1022Ch01A_S46_L001_R2_001.fastq,consolidated_dataset/durance2/14Man1022Ch01A_S46_L001_R2_001.fastq.gz,gzip
data/durance2/16S-Dur2_renamed/14Per2014Ch01A_S47_L001_R1_001.fastq,consolidated_dataset/durance2/14Per2014Ch01A_S47_L001_R1_001.fastq.gz,gzip
data/durance2/16S-Dur2_renamed/14Per2014Ch01A_S47_L001_R2_001.fastq,consolidated_dataset/durance2/14Per2014Ch01A_S47_L001_R2_001.fastq.gz,gzip
data/durance2/16S-Dur2_renamed/control/empty-1_S48_L001_R1_001.fastq,consolidated_dataset/durance2/empty-1_S48_L001_R1_001.fastq.gz,gzip
data/durance2/16S-Dur2_renamed/control/empty-1_S48_L001_R2_001.fastq,consolidated_dataset/durance2/empty-1_S48_L001_R2_001.fastq.gz,gzip
data/durance2/16S-Dur2_renamed/14Ain1013Pt01A_S49_L001_R1_001.fastq,consolidated_dataset/durance2/14Ain1013Pt01A_S49_L001_R1_001.fastq.gz,gzip
data/durance2/16S-Dur2_renamed/14Ain1013Pt01A_S49_L001_R2_001.fastq,consolidated_dataset/durance2/14Ain1013Pt01A_S49_L001_R2_001.fastq.gz,gzip
data/durance2/16S-Dur2_renamed/14Ain1042Pt01A_S50_L001_R1_001.fastq,consolidated_dataset/durance2/14Ain1042Pt01A_S50_L001_R1_001.fastq.gz,gzip
data/durance2/16S-Dur2_renamed/14Ain1042Pt01A_S50_L001_R2_001.fastq,consolidated_dataset/durance2/14Ain1042Pt01A_S50_L001_R2_001.fastq.gz,gzip
data/durance2/16S-Dur2_renamed/15Cab1007Ch01A_S51_L001_R1_001.fastq,consolidated_dataset/durance2/15Cab1007Ch01A_S51_L001_R1_001.fastq.gz,gzip
data/durance2/16S-Dur2_renamed/15Cab1007Ch01A_S51_L001_R2_001.fastq,consolidated_dataset/durance2/15Cab1007Ch01A_S51_L001_R2_001.fastq.gz,gzip
data/durance2/16S-Dur2_renamed/15Cab1015Ch01A_S52_L001_R1_001.fastq,consolidated_dataset/durance2/15Cab1015Ch01A_S52_L001_R1_001.fastq.gz,gzip
data/durance2/16S-Dur2_renamed/15Cab1015Ch01A_S52_L001_R2_001.fastq,consolidated_dataset/durance2/15Cab1015Ch01A_S52_L001_R2_001.fastq.gz,gzip
data/durance2/16S-Dur2_renamed/14Avi1004Cn01A_S53_L001_R1_001.fastq,consolidated_dataset/durance2/14Avi1004Cn01A_S53_L001_R1_001.fastq.gz,gzip
data/durance2/16S-Dur2_renamed/14Avi1004Cn01A_S53_L001_R2_001.fastq,consolidated_dataset/durance2/14Avi1004Cn01A_S53_L001_R2_001.fastq.gz,gzip
data/durance2/16S-Dur2_renamed/14Bue1001Cn01A_S54_L001_R1_001.fastq,consolidated_dataset/durance2/14Bue1001Cn01A_S54_L001_R1_001.fastq.gz,gzip
data/durance2/16S-Dur2_renamed/14Bue1001Cn01A_S54_L001_R2_001.fastq,consolidated_dataset/durance2/14Bue1001Cn01A_S54_L001_R2_001.fastq.gz,gzip
data/durance2/16S-Dur2_renamed/14Bue1011Ch01A_S55_L001_R1_001.fastq,consolidated_dataset/durance2/14Bue1011Ch01A_S55_L001_R1_001.fastq.gz,gzip
data/durance2/16S-Dur2_renamed/14Bue1011Ch01A_S55_L001_R2_001.fastq,consolidated_dataset/durance2/14Bue1011Ch01A_S55_L001_R2_001.fastq.gz,gzip
data/durance2/16S-Dur2_renamed/14Bue1019Ch01A_S56_L001_R1_001.fastq,consolidated_dataset/durance2/14Bue1019Ch01A_S56_L001_R1_001.fastq.gz,gzip
data/durance2/16S-Dur2_renamed/14Bue1019Ch01A_S56_L001_R2_001.fastq,consolidated_dataset/durance2/14Bue1019Ch01A_S56_L001_R2_001.fastq.gz,gzip
data/durance2/16S-Dur2_renamed/14Man1015Ch01A_S57_L001_R1_001.fastq,consolidated_dataset/durance2/14Man1015Ch01A_S57_L001_R1_001.fastq.gz,gzip
data/durance2/16S-Dur2_renamed/14Man1015Ch01A_S57_L001_R2_001.fastq,consolidated_dataset/durance2/14Man1015Ch01A_S57_L001_R2_001.fastq.gz,gzip
data/durance2/16S-Dur2_renamed/14Per1011Ch01A_S58_L001_R1_001.fastq,consolidated_dataset/durance2/14Per1011Ch01A_S58_L001_R1_001.fastq.gz,gzip
data/durance2/16S-Dur2_renamed/14Per1011Ch01A_S58_L001_R2_001.fastq,consolidated_dataset/durance2/14Per1011Ch01A_S58_L001_R2_001.fastq.gz,gzip
data/durance2/16S-Dur2_renamed/14Per2015Ch01A_S59_L001_R1_001.fastq,consolidated_dataset/durance2/14Per2015Ch01A_S59_L001_R1_001.fastq.gz,gzip
data/durance2/16S-Dur2_renamed/14Per2015Ch01A_S59_L001_R2_001.fastq,consolidated_dataset/durance2/14Per2015Ch01A_S59_L001_R2_001.fastq.gz,gzip
data/durance2/16S-Dur2_renamed/control/empty-2_S60_L001_R1_001.fastq,consolidated_dataset/durance2/empty-2_S60_L001_R1_001.fastq.gz,gzip
data/durance2/16S-Dur2_renamed/control/empty-2_S60_L001_R2_001.fastq,consolidated_dataset/durance2/empty-2_S60_L001_R2_001.fastq.gz,gzip
data/durance2/16S-Dur2_renamed/14Ain1014Pt01A_S61_L001_R1_001.fastq,consolidated_dataset/durance2/14Ain1014Pt01A_S61_L001_R1_001.fastq.gz,gzip
data/durance2/16S-Dur2_renamed/14Ain1014Pt01A_S61_L001_R2_001.fastq,consolidated_dataset/durance2/14Ain1014Pt01A_S61_L001_R2_001.fastq.gz,gzip
data/durance2/16S-Dur2_renamed/14Ain1043Pt01A_S62_L001_R1_001.fastq,consolidated_dataset/durance2/14Ain1043Pt01A_S62_L001_R1_001.fastq.gz,gzip
data/durance2/16S-Dur2_renamed/14Ain1043Pt01A_S62_L001_R2_001.fastq,consolidated_dataset/durance2/14Ain1043Pt01A_S62_L001_R2_001.fastq.gz,gzip
data/durance2/16S-Dur2_renamed/15Cab1008Ch01A_S63_L001_R1_001.fastq,consolidated_dataset/durance2/15Cab1008Ch01A_S63_L001_R1_001.fastq.gz,gzip
data/durance2/16S-Dur2_renamed/15Cab1008Ch01A_S63_L001_R2_001.fastq,consolidated_dataset/durance2/15Cab1008Ch01A_S63_L001_R2_001.fastq.gz,gzip
data/durance2/16S-Dur2_renamed/15Cab1016Ch01A_S64_L001_R1_001.fastq,consolidated_dataset/durance2/15Cab1016Ch01A_S64_L001_R1_001.fastq.gz,gzip
data/durance2/16S-Dur2_renamed/15Cab1016Ch01A_S64_L001_R2_001.fastq,consolidated_dataset/durance2/15Cab1016Ch01A_S64_L001_R2_001.fastq.gz,gzip
data/durance2/16S-Dur2_renamed/14Avi1005Cn01A_S65_L001_R1_001.fastq,consolidated_dataset/durance2/14Avi1005Cn01A_S65_L001_R1_001.fastq.gz,gzip
data/durance2/16S-Dur2_renamed/14Avi1005Cn01A_S65_L001_R2_001.fastq,consolidated_dataset/durance2/14Avi1005Cn01A_S65_L001_R2_001.fastq.gz,gzip
data/durance2/16S-Dur2_renamed/14Bue1002Cn01A_S66_L001_R1_001.fastq,consolidated_dataset/durance2/14Bue1002Cn01A_S66_L001_R1_001.fastq.gz,gzip
data/durance2/16S-Dur2_renamed/14Bue1002Cn01A_S66_L001_R2_001.fastq,consolidated_dataset/durance2/14Bue1002Cn01A_S66_L001_R2_001.fastq.gz,gzip
data/durance2/16S-Dur2_renamed/14Bue1012Ch01A_S67_L001_R1_001.fastq,consolidated_dataset/durance2/14Bue1012Ch01A_S67_L001_R1_001.fastq.gz,gzip
data/durance2/16S-Dur2_renamed/14Bue1012Ch01A_S67_L001_R2_001.fastq,consolidated_dataset/durance2/14Bue1012Ch01A_S67_L001_R2_001.fastq.gz,gzip
data/durance2/16S-Dur2_renamed/14Man1001Cn01A_S68_L001_R1_001.fastq,consolidated_dataset/durance2/14Man1001Cn01A_S68_L001_R1_001.fastq.gz,gzip
data/durance2/16S-Dur2_renamed/14Man1001Cn01A_S68_L001_R2_001.fastq,consolidated_dataset/durance2/14Man1001Cn01A_S68_L001_R2_001.fastq.gz,gzip
data/durance2/16S-Dur2_renamed/14Man1016Ch01A_S69_L001_R1_001.fastq,consolidated_dataset/durance2/14Man1016Ch01A_S69_L001_R1_001.fastq.gz,gzip
data/durance2/16S-Dur2_renamed/14Man1016Ch01A_S69_L001_R2_001.fastq,consolidated_dataset/durance2/14Man1016Ch01A_S69_L001_R2_001.fastq.gz,gzip
data/durance2/16S-Dur2_renamed/14per1012Ch01A_S70_L001_R1_001.fastq,consolidated_dataset/durance2/14per1012Ch01A_S70_L001_R1_001.fastq.gz,gzip
data/durance2/16S-Dur2_renamed/14per1012Ch01A_S70_L001_R2_001.fastq,consolidated_dataset/durance2/14per1012Ch01A_S70_L001_R2_001.fastq.gz,gzip
data/durance2/16S-Dur2_renamed/control/Blanc-Caudal_S71_L001_R1_001.fastq,consolidated_dataset/durance2/Blanc-Caudal_S71_L001_R1_001.fastq.gz,gzip
data/durance2/16S-Dur2_renamed/control/Blanc-Caudal_S71_L001_R2_001.fastq,consolidated_dataset/durance2/Blanc-Caudal_S71_L001_R2_001.fastq.gz,gzip
data/durance2/16S-Dur2_renamed/control/empty-3_S72_L001_R1_001.fastq,consolidated_dataset/durance2/empty-3_S72_L001_R1_001.fastq.gz,gzip
data/durance2/16S-Dur2_renamed/control/empty-3_S72_L001_R2_001.fastq,consolidated_dataset/durance2/empty-3_S72_L001_R2_001.fastq.gz,gzip
data/durance2/16S-Dur2_renamed/14Ain1036Cn01A_S73_L001_R1_001.fastq,consolidated_dataset/durance2/14Ain1036Cn01A_S73_L001_R1_001.fastq.gz,gzip
data/durance2/16S-Dur2_renamed/14Ain1036Cn01A_S73_L001_R2_001.fastq,consolidated_dataset/durance2/14Ain1036Cn01A_S73_L001_R2_001.fastq.gz,gzip
data/durance2/16S-Dur2_renamed/15Cab1001Ch01A_S74_L001_R1_001.fastq,consolidated_dataset/durance2/15Cab1001Ch01A_S74_L001_R1_001.fastq.gz,gzip
data/durance2/16S-Dur2_renamed/15Cab1001Ch01A_S74_L001_R2_001.fastq,consolidated_dataset/durance2/15Cab1001Ch01A_S74_L001_R2_001.fastq.gz,gzip
data/durance2/16S-Dur2_renamed/15Cab1009Ch01A_S75_L001_R1_001.fastq,consolidated_dataset/durance2/15Cab1009Ch01A_S75_L001_R1_001.fastq.gz,gzip
data/durance2/16S-Dur2_renamed/15Cab1009Ch01A_S75_L001_R2_001.fastq,consolidated_dataset/durance2/15Cab1009Ch01A_S75_L001_R2_001.fastq.gz,gzip
data/durance2/16S-Dur2_renamed/15Cab1017Ch01A_S76_L001_R1_001.fastq,consolidated_dataset/durance2/15Cab1017Ch01A_S76_L001_R1_001.fastq.gz,gzip
data/durance2/16S-Dur2_renamed/15Cab1017Ch01A_S76_L001_R2_001.fastq,consolidated_dataset/durance2/15Cab1017Ch01A_S76_L001_R2_001.fastq.gz,gzip
data/durance2/16S-Dur2_renamed/14Avi1006Cn01A_S77_L001_R1_001.fastq,consolidated_dataset/durance2/14Avi1006Cn01A_S77_L001_R1_001.fastq.gz,gzip
data/durance2/16S-Dur2_renamed/14Avi1006Cn01A_S77_L001_R2_001.fastq,consolidated_dataset/durance2/14Avi1006Cn01A_S77_L001_R2_001.fastq.gz,gzip
data/durance2/16S-Dur2_renamed/14Bue1003Cn01A_S78_L001_R1_001.fastq,consolidated_dataset/durance2/14Bue1003Cn01A_S78_L001_R1_001.fastq.gz,gzip
data/durance2/16S-Dur2_renamed/14Bue1003Cn01A_S78_L001_R2_001.fastq,consolidated_dataset/durance2/14Bue1003Cn01A_S78_L001_R2_001.fastq.gz,gzip
data/durance2/16S-Dur2_renamed/14Bue1013Ch01A_S79_L001_R1_001.fastq,consolidated_dataset/durance2/14Bue1013Ch01A_S79_L001_R1_001.fastq.gz,gzip
data/durance2/16S-Dur2_renamed/14Bue1013Ch01A_S79_L001_R2_001.fastq,consolidated_dataset/durance2/14Bue1013Ch01A_S79_L001_R2_001.fastq.gz,gzip
data/durance2/16S-Dur2_renamed/14Man1002Cn01A_S80_L001_R1_001.fastq,consolidated_dataset/durance2/14Man1002Cn01A_S80_L001_R1_001.fastq.gz,gzip
data/durance2/16S-Dur2_renamed/14Man1002Cn01A_S80_L001_R2_001.fastq,consolidated_dataset/durance2/14Man1002Cn01A_S80_L001_R2_001.fastq.gz,gzip
data/durance2/16S-Dur2_renamed/14Man1017Ch01A_S81_L001_R1_001.fastq,consolidated_dataset/durance2/14Man1017Ch01A_S81_L001_R1_001.fastq.gz,gzip
data/durance2/16S-Dur2_renamed/14Man1017Ch01A_S81_L001_R2_001.fastq,consolidated_dataset/durance2/14Man1017Ch01A_S81_L001_R2_001.fastq.gz,gzip
data/durance2/16S-Dur2_renamed/14per1013Ch01A_S82_L001_R1_001.fastq,consolidated_dataset/durance2/14per1013Ch01A_S82_L001_R1_001.fastq.gz,gzip
data/durance2/16S-Dur2_renamed/14per1013Ch01A_S82_L001_R2_001.fastq,consolidated_dataset/durance2/14per1013Ch01A_S82_L001_R2_001.fastq.gz,gzip
data/durance2/16S-Dur2_renamed/15Cab1021Ch01A_S83_L001_R1_001.fastq,consolidated_dataset/durance2/15Cab1021Ch01A_S83_L001_R1_001.fastq.gz,gzip
data/durance2/16S-Dur2_renamed/15Cab1021Ch01A_S83_L001_R2_001.fastq,consolidated_dataset/durance2/15Cab1021Ch01A_S83_L001_R2_001.fastq.gz,gzip
data/durance2/16S-Dur2_renamed/control/empty-4_S84_L001_R1_001.fastq,consolidated_dataset/durance2/empty-4_S84_L001_R1_001.fastq.gz,gzip
data/durance2/16S-Dur2_renamed/control/empty-4_S84_L001_R2_001.fastq,consolidated_dataset/durance2/empty-4_S84_L001_R2_001.fastq.gz,gzip
data/durance2/16S-Dur2_renamed/14Ain1037Cn01A_S85_L001_R1_001.fastq,consolidated_dataset/durance2/14Ain1037Cn01A_S85_L001_R1_001.fastq.gz,gzip
data/durance2/16S-Dur2_renamed/14Ain1037Cn01A_S85_L001_R2_001.fastq,consolidated_dataset/durance2/14Ain1037Cn01A_S85_L001_R2_001.fastq.gz,gzip
data/durance2/16S-Dur2_renamed/15Cab1002Ch01A_S86_L001_R1_001.fastq,consolidated_dataset/durance2/15Cab1002Ch01A_S86_L001_R1_001.fastq.gz,gzip
data/durance2/16S-Dur2_renamed/15Cab1002Ch01A_S86_L001_R2_001.fastq,consolidated_dataset/durance2/15Cab1002Ch01A_S86_L001_R2_001.fastq.gz,gzip
data/durance2/16S-Dur2_renamed/15Cab1010Ch01A_S87_L001_R1_001.fastq,consolidated_dataset/durance2/15Cab1010Ch01A_S87_L001_R1_001.fastq.gz,gzip
data/durance2/16S-Dur2_renamed/15Cab1010Ch01A_S87_L001_R2_001.fastq,consolidated_dataset/durance2/15Cab1010Ch01A_S87_L001_R2_001.fastq.gz,gzip
data/durance2/16S-Dur2_renamed/15Cab1018Ch01A_S88_L001_R1_001.fastq,consolidated_dataset/durance2/15Cab1018Ch01A_S88_L001_R1_001.fastq.gz,gzip
data/durance2/16S-Dur2_renamed/15Cab1018Ch01A_S88_L001_R2_001.fastq,consolidated_dataset/durance2/15Cab1018Ch01A_S88_L001_R2_001.fastq.gz,gzip
data/durance2/16S-Dur2_renamed/14Avi1007Cn01A_S89_L001_R1_001.fastq,consolidated_dataset/durance2/14Avi1007Cn01A_S89_L001_R1_001.fastq.gz,gzip
data/durance2/16S-Dur2_renamed/14Avi1007Cn01A_S89_L001_R2_001.fastq,consolidated_dataset/durance2/14Avi1007Cn01A_S89_L001_R2_001.fastq.gz,gzip
data/durance2/16S-Dur2_renamed/14Bue1004Cn01A_S90_L001_R1_001.fastq,consolidated_dataset/durance2/14Bue1004Cn01A_S90_L001_R1_001.fastq.gz,gzip
data/durance2/16S-Dur2_renamed/14Bue1004Cn01A_S90_L001_R2_001.fastq,consolidated_dataset/durance2/14Bue1004Cn01A_S90_L001_R2_001.fastq.gz,gzip
data/durance2/16S-Dur2_renamed/14Bue1014Ch01A_S91_L001_R1_001.fastq,consolidated_dataset/durance2/14Bue1014Ch01A_S91_L001_R1_001.fastq.gz,gzip
data/durance2/16S-Dur2_renamed/14Bue1014Ch01A_S91_L001_R2_001.fastq,consolidated_dataset/durance2/14Bue1014Ch01A_S91_L001_R2_001.fastq.gz,gzip
data/durance2/16S-Dur2_renamed/14Man1010Cn01A_S92_L001_R1_001.fastq,consolidated_dataset/durance2/14Man1010Cn01A_S92_L001_R1_001.fastq.gz,gzip
data/durance2/16S-Dur2_renamed/14Man1010Cn01A_S92_L001_R2_001.fastq,consolidated_dataset/durance2/14Man1010Cn01A_S92_L001_R2_001.fastq.gz,gzip
data/durance2/16S-Dur2_renamed/14Man1018Ch01A_S93_L001_R1_001.fastq,consolidated_dataset/durance2/14Man1018Ch01A_S93_L001_R1_001.fastq.gz,gzip
data/durance2/16S-Dur2_renamed/14Man1018Ch01A_S93_L001_R2_001.fastq,consolidated_dataset/durance2/14Man1018Ch01A_S93_L001_R2_001.fastq.gz,gzip
data/durance2/16S-Dur2_renamed/14per1014Ch01A_S94_L001_R1_001.fastq,consolidated_dataset/durance2/14per1014Ch01A_S94_L001_R1_001.fastq.gz,gzip
data/durance2/16S-Dur2_renamed/14per1014Ch01A_S94_L001_R2_001.fastq,consolidated_dataset/durance2/14per1014Ch01A_S94_L001_R2_001.fastq.gz,gzip
data/durance2/16S-Dur2_renamed/15Cab1022Ch01A_S95_L001_R1_001.fastq,consolidated_dataset/durance2/15Cab1022Ch01A_S95_L001_R1_001.fastq.gz,gzip
data/durance2/16S-Dur2_renamed/15Cab1022Ch01A_S95_L001_R2_001.fastq,consolidated_dataset/durance2/15Cab1022Ch01A_S95_L001_R2_001.fastq.gz,gzip
data/durance2/16S-Dur2_renamed/control/empty-5_S96_L001_R1_001.fastq,consolidated_dataset/durance2/empty-5_S96_L001_R1_001.fastq.gz,gzip
data/durance2/16S-Dur2_renamed/control/empty-5_S96_L001_R2_001.fastq,consolidated_dataset/durance2/empty-5_S96_L001_R2_001.fastq.gz,gzip
data/durance2/16S-Dur2_renamed/15Bau1001Ch01A_S97_L001_R1_001.fastq,consolidated_dataset/durance2/15Bau1001Ch01A_S97_L001_R1_001.fastq.gz,gzip
data/durance2/16S-Dur2_renamed/15Bau1001Ch01A_S97_L001_R2_001.fastq,consolidated_dataset/durance2/15Bau1001Ch01A_S97_L001_R2_001.fastq.gz,gzip
data/durance2/16S-Dur2_renamed/15Bau1009Ch01A_S98_L001_R1_001.fastq,consolidated_dataset/durance2/15Bau1009Ch01A_S98_L001_R1_001.fastq.gz,gzip
data/durance2/16S-Dur2_renamed/15Bau1009Ch01A_S98_L001_R2_001.fastq,consolidated_dataset/durance2/15Bau1009Ch01A_S98_L001_R2_001.fastq.gz,gzip
data/durance2/16S-Dur2_renamed/15Bau1017Ch01A_S99_L001_R1_001.fastq,consolidated_dataset/durance2/15Bau1017Ch01A_S99_L001_R1_001.fastq.gz,gzip
data/durance2/16S-Dur2_renamed/15Bau1017Ch01A_S99_L001_R2_001.fastq,consolidated_dataset/durance2/15Bau1017Ch01A_S99_L001_R2_001.fastq.gz,gzip
data/durance2/16S-Dur2_renamed/15Bau1025Ch01A_S100_L001_R1_001.fastq,consolidated_dataset/durance2/15Bau1025Ch01A_S100_L001_R1_001.fastq.gz,gzip
data/durance2/16S-Dur2_renamed/15Bau1025Ch01A_S100_L001_R2_001.fastq,consolidated_dataset/durance2/15Bau1025Ch01A_S100_L001_R2_001.fastq.gz,gzip
data/durance2/16S-Dur2_renamed/15Jus1008Ch01A_S101_L001_R1_001.fastq,consolidated_dataset/durance2/15Jus1008Ch01A_S101_L001_R1_001.fastq.gz,gzip
data/durance2/16S-Dur2_renamed/15Jus1008Ch01A_S101_L001_R2_001.fastq,consolidated_dataset/durance2/15Jus1008Ch01A_S101_L001_R2_001.fastq.gz,gzip
data/durance2/16S-Dur2_renamed/15Jus1016Ch01A_S102_L001_R1_001.fastq,consolidated_dataset/durance2/15Jus1016Ch01A_S102_L001_R1_001.fastq.gz,gzip
data/durance2/16S-Dur2_renamed/15Jus1016Ch01A_S102_L001_R2_001.fastq,consolidated_dataset/durance2/15Jus1016Ch01A_S102_L001_R2_001.fastq.gz,gzip
data/durance2/16S-Dur2_renamed/15Caa1005Ch01A_S103_L001_R1_001.fastq,consolidated_dataset/durance2/15Caa1005Ch01A_S103_L001_R1_001.fastq.gz,gzip
data/durance2/16S-Dur2_renamed/15Caa1005Ch01A_S103_L001_R2_001.fastq,consolidated_dataset/durance2/15Caa1005Ch01A_S103_L001_R2_001.fastq.gz,gzip
data/durance2/16S-Dur2_renamed/15Caa1013Ch01A_S104_L001_R1_001.fastq,consolidated_dataset/durance2/15Caa1013Ch01A_S104_L001_R1_001.fastq.gz,gzip
data/durance2/16S-Dur2_renamed/15Caa1013Ch01A_S104_L001_R2_001.fastq,consolidated_dataset/durance2/15Caa1013Ch01A_S104_L001_R2_001.fastq.gz,gzip
data/durance2/16S-Dur2_renamed/15Avi1001Cn01A_S105_L001_R1_001.fastq,consolidated_dataset/durance2/15Avi1001Cn01A_S105_L001_R1_001.fastq.gz,gzip
data/durance2/16S-Dur2_renamed/15Avi1001Cn01A_S105_L001_R2_001.fastq,consolidated_dataset/durance2/15Avi1001Cn01A_S105_L001_R2_001.fastq.gz,gzip
data/durance2/16S-Dur2_renamed/15Avi1009Cn01A_S106_L001_R1_001.fastq,consolidated_dataset/durance2/15Avi1009Cn01A_S106_L001_R1_001.fastq.gz,gzip
data/durance2/16S-Dur2_renamed/15Avi1009Cn01A_S106_L001_R2_001.fastq,consolidated_dataset/durance2/15Avi1009Cn01A_S106_L001_R2_001.fastq.gz,gzip
data/durance2/16S-Dur2_renamed/15Bue1004Ch01A_S107_L001_R1_001.fastq,consolidated_dataset/durance2/15Bue1004Ch01A_S107_L001_R1_001.fastq.gz,gzip
data/durance2/16S-Dur2_renamed/15Bue1004Ch01A_S107_L001_R2_001.fastq,consolidated_dataset/durance2/15Bue1004Ch01A_S107_L001_R2_001.fastq.gz,gzip
data/durance2/16S-Dur2_renamed/15Bue1012Ch01A_S108_L001_R1_001.fastq,consolidated_dataset/durance2/15Bue1012Ch01A_S108_L001_R1_001.fastq.gz,gzip
data/durance2/16S-Dur2_renamed/15Bue1012Ch01A_S108_L001_R2_001.fastq,consolidated_dataset/durance2/15Bue1012Ch01A_S108_L001_R2_001.fastq.gz,gzip
data/durance2/16S-Dur2_renamed/15Bau1002Ch01A_S109_L001_R1_001.fastq,consolidated_dataset/durance2/15Bau1002Ch01A_S109_L001_R1_001.fastq.gz,gzip
data/durance2/16S-Dur2_renamed/15Bau1002Ch01A_S109_L001_R2_001.fastq,consolidated_dataset/durance2/15Bau1002Ch01A_S109_L001_R2_001.fastq.gz,gzip
data/durance2/16S-Dur2_renamed/15Bau1010Ch01A_S110_L001_R1_001.fastq,consolidated_dataset/durance2/15Bau1010Ch01A_S110_L001_R1_001.fastq.gz,gzip
data/durance2/16S-Dur2_renamed/15Bau1010Ch01A_S110_L001_R2_001.fastq,consolidated_dataset/durance2/15Bau1010Ch01A_S110_L001_R2_001.fastq.gz,gzip
data/durance2/16S-Dur2_renamed/15Bau1018Ch01A_S111_L001_R1_001.fastq,consolidated_dataset/durance2/15Bau1018Ch01A_S111_L001_R1_001.fastq.gz,gzip
data/durance2/16S-Dur2_renamed/15Bau1018Ch01A_S111_L001_R2_001.fastq,consolidated_dataset/durance2/15Bau1018Ch01A_S111_L001_R2_001.fastq.gz,gzip
data/durance2/16S-Dur2_renamed/15Jus1001Ch01A_S112_L001_R1_001.fastq,consolidated_dataset/durance2/15Jus1001Ch01A_S112_L001_R1_001.fastq.gz,gzip
data/durance2/16S-Dur2_renamed/15Jus1001Ch01A_S112_L001_R2_001.fastq,consolidated_dataset/durance2/15Jus1001Ch01A_S112_L001_R2_001.fastq.gz,gzip
data/durance2/16S-Dur2_renamed/15Jus1009Ch01A_S113_L001_R1_001.fastq,consolidated_dataset/durance2/15Jus1009Ch01A_S113_L001_R1_001.fastq.gz,gzip
data/durance2/16S-Dur2_renamed/15Jus1009Ch01A_S113_L001_R2_001.fastq,consolidated_dataset/durance2/15Jus1009Ch01A_S113_L001_R2_001.fastq.gz,gzip
data/durance2/16S-Dur2_renamed/15Jus1017Ch01A_S114_L001_R1_001.fastq,consolidated_dataset/durance2/15Jus1017Ch01A_S114_L001_R1_001.fastq.gz,gzip
data/durance2/16S-Dur2_renamed/15Jus1017Ch01A_S114_L001_R2_001.fastq,consolidated_dataset/durance2/15Jus1017Ch01A_S114_L001_R2_001.fastq.gz,gzip
data/durance2/16S-Dur2_renamed/15Caa1006Ch01A_S115_L001_R1_001.fastq,consolidated_dataset/durance2/15Caa1006Ch01A_S115_L001_R1_001.fastq.gz,gzip
data/durance2/16S-Dur2_renamed/15Caa1006Ch01A_S115_L001_R2_001.fastq,consolidated_dataset/durance2/15Caa1006Ch01A_S115_L001_R2_001.fastq.gz,gzip
data/durance2/16S-Dur2_renamed/15Caa1014Ch01A_S116_L001_R1_001.fastq,consolidated_dataset/durance2/15Caa1014Ch01A_S116_L001_R1_001.fastq.gz,gzip
data/durance2/16S-Dur2_renamed/15Caa1014Ch01A_S116_L001_R2_001.fastq,consolidated_dataset/durance2/15Caa1014Ch01A_S116_L001_R2_001.fastq.gz,gzip
data/durance2/16S-Dur2_renamed/15Avi1002Cn01A_S117_L001_R1_001.fastq,consolidated_dataset/durance2/15Avi1002Cn01A_S117_L001_R1_001.fastq.gz,gzip
data/durance2/16S-Dur2_renamed/15Avi1002Cn01A_S117_L001_R2_001.fastq,consolidated_dataset/durance2/15Avi1002Cn01A_S117_L001_R2_001.fastq.gz,gzip
data/durance2/16S-Dur2_renamed/15Avi1010Cn01A_S118_L001_R1_001.fastq,consolidated_dataset/durance2/15Avi1010Cn01A_S118_L001_R1_001.fastq.gz,gzip
data/durance2/16S-Dur2_renamed/15Avi1010Cn01A_S118_L001_R2_001.fastq,consolidated_dataset/durance2/15Avi1010Cn01A_S118_L001_R2_001.fastq.gz,gzip
data/durance2/16S-Dur2_renamed/15Bue1005Ch01A_S119_L001_R1_001.fastq,consolidated_dataset/durance2/15Bue1005Ch01A_S119_L001_R1_001.fastq.gz,gzip
data/durance2/16S-Dur2_renamed/15Bue1005Ch01A_S119_L001_R2_001.fastq,consolidated_dataset/durance2/15Bue1005Ch01A_S119_L001_R2_001.fastq.gz,gzip
data/durance2/16S-Dur2_renamed/15Bue1013Ch01A_S120_L001_R1_001.fastq,consolidated_dataset/durance2/15Bue1013Ch01A_S120_L001_R1_001.fastq.gz,gzip
data/durance2/16S-Dur2_renamed/15Bue1013Ch01A_S120_L001_R2_001.fastq,consolidated_dataset/durance2/15Bue1013Ch01A_S120_L001_R2_001.fastq.gz,gzip
data/durance2/16S-Dur2_renamed/15Bau1003Ch01A_S121_L001_R1_001.fastq,consolidated_dataset/durance2/15Bau1003Ch01A_S121_L001_R1_001.fastq.gz,gzip
data/durance2/16S-Dur2_renamed/15Bau1003Ch01A_S121_L001_R2_001.fastq,consolidated_dataset/durance2/15Bau1003Ch01A_S121_L001_R2_001.fastq.gz,gzip
data/durance2/16S-Dur2_renamed/15Bau1011Ch01A_S122_L001_R1_001.fastq,consolidated_dataset/durance2/15Bau1011Ch01A_S122_L001_R1_001.fastq.gz,gzip
data/durance2/16S-Dur2_renamed/15Bau1011Ch01A_S122_L001_R2_001.fastq,consolidated_dataset/durance2/15Bau1011Ch01A_S122_L001_R2_001.fastq.gz,gzip
data/durance2/16S-Dur2_renamed/15Bau1019Ch01A_S123_L001_R1_001.fastq,consolidated_dataset/durance2/15Bau1019Ch01A_S123_L001_R1_001.fastq.gz,gzip
data/durance2/16S-Dur2_renamed/15Bau1019Ch01A_S123_L001_R2_001.fastq,consolidated_dataset/durance2/15Bau1019Ch01A_S123_L001_R2_001.fastq.gz,gzip
data/durance2/16S-Dur2_renamed/15Jus1002Ch01A_S124_L001_R1_001.fastq,consolidated_dataset/durance2/15Jus1002Ch01A_S124_L001_R1_001.fastq.gz,gzip
data/durance2/16S-Dur2_renamed/15Jus1002Ch01A_S124_L001_R2_001.fastq,consolidated_dataset/durance2/15Jus1002Ch01A_S124_L001_R2_001.fastq.gz,gzip
data/durance2/16S-Dur2_renamed/15Jus1010Ch01A_S125_L001_R1_001.fastq,consolidated_dataset/durance2/15Jus1010Ch01A_S125_L001_R1_001.fastq.gz,gzip
data/durance2/16S-Dur2_renamed/15Jus1010Ch01A_S125_L001_R2_001.fastq,consolidated_dataset/durance2/15Jus1010Ch01A_S125_L001_R2_001.fastq.gz,gzip
data/durance2/16S-Dur2_renamed/15Jus1018Ch01A_S126_L001_R1_001.fastq,consolidated_dataset/durance2/15Jus1018Ch01A_S126_L001_R1_001.fastq.gz,gzip
data/durance2/16S-Dur2_renamed/15Jus1018Ch01A_S126_L001_R2_001.fastq,consolidated_dataset/durance2/15Jus1018Ch01A_S126_L001_R2_001.fastq.gz,gzip
data/durance2/16S-Dur2_renamed/15Caa1007Ch01A_S127_L001_R1_001.fastq,consolidated_dataset/durance2/15Caa1007Ch01A_S127_L001_R1_001.fastq.gz,gzip
data/durance2/16S-Dur2_renamed/15Caa1007Ch01A_S127_L001_R2_001.fastq,consolidated_dataset/durance2/15Caa1007Ch01A_S127_L001_R2_001.fastq.gz,gzip
data/durance2/16S-Dur2_renamed/15Caa1015Ch01A_S128_L001_R1_001.fastq,consolidated_dataset/durance2/15Caa1015Ch01A_S128_L001_R1_001.fastq.gz,gzip
data/durance2/16S-Dur2_renamed/15Caa1015Ch01A_S128_L001_R2_001.fastq,consolidated_dataset/durance2/15Caa1015Ch01A_S128_L001_R2_001.fastq.gz,gzip
data/durance2/16S-Dur2_renamed/15Avi1003Cn01A_S129_L001_R1_001.fastq,consolidated_dataset/durance2/15Avi1003Cn01A_S129_L001_R1_001.fastq.gz,gzip
data/durance2/16S-Dur2_renamed/15Avi1003Cn01A_S129_L001_R2_001.fastq,consolidated_dataset/durance2/15Avi1003Cn01A_S129_L001_R2_001.fastq.gz,gzip
data/durance2/16S-Dur2_renamed/15Avi1011Cn01A_S130_L001_R1_001.fastq,consolidated_dataset/durance2/15Avi1011Cn01A_S130_L001_R1_001.fastq.gz,gzip
data/durance2/16S-Dur2_renamed/15Avi1011Cn01A_S130_L001_R2_001.fastq,consolidated_dataset/durance2/15Avi1011Cn01A_S130_L001_R2_001.fastq.gz,gzip
data/durance2/16S-Dur2_renamed/15Bue1006Ch01A_S131_L001_R1_001.fastq,consolidated_dataset/durance2/15Bue1006Ch01A_S131_L001_R1_001.fastq.gz,gzip
data/durance2/16S-Dur2_renamed/15Bue1006Ch01A_S131_L001_R2_001.fastq,consolidated_dataset/durance2/15Bue1006Ch01A_S131_L001_R2_001.fastq.gz,gzip
data/durance2/16S-Dur2_renamed/15Bue1014Ch01A_S132_L001_R1_001.fastq,consolidated_dataset/durance2/15Bue1014Ch01A_S132_L001_R1_001.fastq.gz,gzip
data/durance2/16S-Dur2_renamed/15Bue1014Ch01A_S132_L001_R2_001.fastq,consolidated_dataset/durance2/15Bue1014Ch01A_S132_L001_R2_001.fastq.gz,gzip
data/durance2/16S-Dur2_renamed/15Bau1004Ch01A_S133_L001_R1_001.fastq,consolidated_dataset/durance2/15Bau1004Ch01A_S133_L001_R1_001.fastq.gz,gzip
data/durance2/16S-Dur2_renamed/15Bau1004Ch01A_S133_L001_R2_001.fastq,consolidated_dataset/durance2/15Bau1004Ch01A_S133_L001_R2_001.fastq.gz,gzip
data/durance2/16S-Dur2_renamed/15Bau1012Ch01A_S134_L001_R1_001.fastq,consolidated_dataset/durance2/15Bau1012Ch01A_S134_L001_R1_001.fastq.gz,gzip
data/durance2/16S-Dur2_renamed/15Bau1012Ch01A_S134_L001_R2_001.fastq,consolidated_dataset/durance2/15Bau1012Ch01A_S134_L001_R2_001.fastq.gz,gzip
data/durance2/16S-Dur2_renamed/15Bau1020Ch01A_S135_L001_R1_001.fastq,consolidated_dataset/durance2/15Bau1020Ch01A_S135_L001_R1_001.fastq.gz,gzip
data/durance2/16S-Dur2_renamed/15Bau1020Ch01A_S135_L001_R2_001.fastq,consolidated_dataset/durance2/15Bau1020Ch01A_S135_L001_R2_001.fastq.gz,gzip
data/durance2/16S-Dur2_renamed/15Jus1003Ch01A_S136_L001_R1_001.fastq,consolidated_dataset/durance2/15Jus1003Ch01A_S136_L001_R1_001.fastq.gz,gzip
data/durance2/16S-Dur2_renamed/15Jus1003Ch01A_S136_L001_R2_001.fastq,consolidated_dataset/durance2/15Jus1003Ch01A_S136_L001_R2_001.fastq.gz,gzip
data/durance2/16S-Dur2_renamed/15Jus1011Ch01A_S137_L001_R1_001.fastq,consolidated_dataset/durance2/15Jus1011Ch01A_S137_L001_R1_001.fastq.gz,gzip
data/durance2/16S-Dur2_renamed/15Jus1011Ch01A_S137_L001_R2_001.fastq,consolidated_dataset/durance2/15Jus1011Ch01A_S137_L001_R2_001.fastq.gz,gzip
data/durance2/16S-Dur2_renamed/15Jus1019Ch01A_S138_L001_R1_001.fastq,consolidated_dataset/durance2/15Jus1019Ch01A_S138_L001_R1_001.fastq.gz,gzip
data/durance2/16S-Dur2_renamed/15Jus1019Ch01A_S138_L001_R2_001.fastq,consolidated_dataset/durance2/15Jus1019Ch01A_S138_L001_R2_001.fastq.gz,gzip
data/durance2/16S-Dur2_renamed/15Caa1008Ch01A_S139_L001_R1_001.fastq,consolidated_dataset/durance2/15Caa1008Ch01A_S139_L001_R1_001.fastq.gz,gzip
data/durance2/16S-Dur2_renamed/15Caa1008Ch01A_S139_L001_R2_001.fastq,consolidated_dataset/durance2/15Caa1008Ch01A_S139_L001_R2_001.fastq.gz,gzip
data/durance2/16S-Dur2_renamed/15Caa1016Ch01A_S140_L001_R1_001.fastq,consolidated_dataset/durance2/15Caa1016Ch01A_S140_L001_R1_001.fastq.gz,gzip
data/durance2/16S-Dur2_renamed/15Caa1016Ch01A_S140_L001_R2_001.fastq,consolidated_dataset/durance2/15Caa1016Ch01A_S140_L001_R2_001.fastq.gz,gzip
data/durance2/16S-Dur2_renamed/15Avi1004Cn01A_S141_L001_R1_001.fastq,consolidated_dataset/durance2/15Avi1004Cn01A_S141_L001_R1_001.fastq.gz,gzip
data/durance2/16S-Dur2_renamed/15Avi1004Cn01A_S141_L001_R2_001.fastq,consolidated_dataset/durance2/15Avi1004Cn01A_S141_L001_R2_001.fastq.gz,gzip
data/durance2/16S-Dur2_renamed/15Avi1012Pt01A_S142_L001_R1_001.fastq,consolidated_dataset/durance2/15Avi1012Pt01A_S142_L001_R1_001.fastq.gz,gzip
data/durance2/16S-Dur2_renamed/15Avi1012Pt01A_S142_L001_R2_001.fastq,consolidated_dataset/durance2/15Avi1012Pt01A_S142_L001_R2_001.fastq.gz,gzip
data/durance2/16S-Dur2_renamed/15Bue1007Ch01A_S143_L001_R1_001.fastq,consolidated_dataset/durance2/15Bue1007Ch01A_S143_L001_R1_001.fastq.gz,gzip
data/durance2/16S-Dur2_renamed/15Bue1007Ch01A_S143_L001_R2_001.fastq,consolidated_dataset/durance2/15Bue1007Ch01A_S143_L001_R2_001.fastq.gz,gzip
data/durance2/16S-Dur2_renamed/15Bue1015Ch01A_S144_L001_R1_001.fastq,consolidated_dataset/durance2/15Bue1015Ch01A_S144_L001_R1_001.fastq.gz,gzip
data/durance2/16S-Dur2_renamed/15Bue1015Ch01A_S144_L001_R2_001.fastq,consolidated_dataset/durance2/15Bue1015Ch01A_S144_L001_R2_001.fastq.gz,gzip
data/durance2/16S-Dur2_renamed/15Bau1005Ch01A_S145_L001_R1_001.fastq,consolidated_dataset/durance2/15Bau1005Ch01A_S145_L001_R1_001.fastq.gz,gzip
data/durance2/16S-Dur2_renamed/15Bau1005Ch01A_S145_L001_R2_001.fastq,consolidated_dataset/durance2/15Bau1005Ch01A_S145_L001_R2_001.fastq.gz,gzip
data/durance2/16S-Dur2_renamed/15Bau1013Ch01A_S146_L001_R1_001.fastq,consolidated_dataset/durance2/15Bau1013Ch01A_S146_L001_R1_001.fastq.gz,gzip
data/durance2/16S-Dur2_renamed/15Bau1013Ch01A_S146_L001_R2_001.fastq,consolidated_dataset/durance2/15Bau1013Ch01A_S146_L001_R2_001.fastq.gz,gzip
data/durance2/16S-Dur2_renamed/15Bau1021Ch01A_S147_L001_R1_001.fastq,consolidated_dataset/durance2/15Bau1021Ch01A_S147_L001_R1_001.fastq.gz,gzip
data/durance2/16S-Dur2_renamed/15Bau1021Ch01A_S147_L001_R2_001.fastq,consolidated_dataset/durance2/15Bau1021Ch01A_S147_L001_R2_001.fastq.gz,gzip
data/durance2/16S-Dur2_renamed/15Jus1004Ch01A_S148_L001_R1_001.fastq,consolidated_dataset/durance2/15Jus1004Ch01A_S148_L001_R1_001.fastq.gz,gzip
data/durance2/16S-Dur2_renamed/15Jus1004Ch01A_S148_L001_R2_001.fastq,consolidated_dataset/durance2/15Jus1004Ch01A_S148_L001_R2_001.fastq.gz,gzip
data/durance2/16S-Dur2_renamed/15Jus1012Ch01A_S149_L001_R1_001.fastq,consolidated_dataset/durance2/15Jus1012Ch01A_S149_L001_R1_001.fastq.gz,gzip
data/durance2/16S-Dur2_renamed/15Jus1012Ch01A_S149_L001_R2_001.fastq,consolidated_dataset/durance2/15Jus1012Ch01A_S149_L001_R2_001.fastq.gz,gzip
data/durance2/16S-Dur2_renamed/15Caa1001Ch01A_S150_L001_R1_001.fastq,consolidated_dataset/durance2/15Caa1001Ch01A_S150_L001_R1_001.fastq.gz,gzip
data/durance2/16S-Dur2_renamed/15Caa1001Ch01A_S150_L001_R2_001.fastq,consolidated_dataset/durance2/15Caa1001Ch01A_S150_L001_R2_001.fastq.gz,gzip
data/durance2/16S-Dur2_renamed/15Caa1009Ch01A_S151_L001_R1_001.fastq,consolidated_dataset/durance2/15Caa1009Ch01A_S151_L001_R1_001.fastq.gz,gzip
data/durance2/16S-Dur2_renamed/15Caa1009Ch01A_S151_L001_R2_001.fastq,consolidated_dataset/durance2/15Caa1009Ch01A_S151_L001_R2_001.fastq.gz,gzip
data/durance2/16S-Dur2_renamed/15Caa1017Ch01A_S152_L001_R1_001.fastq,consolidated_dataset/durance2/15Caa1017Ch01A_S152_L001_R1_001.fastq.gz,gzip
data/durance2/16S-Dur2_renamed/15Caa1017Ch01A_S152_L001_R2_001.fastq,consolidated_dataset/durance2/15Caa1017Ch01A_S152_L001_R2_001.fastq.gz,gzip
data/durance2/16S-Dur2_renamed/15Avi1005Cn01A_S153_L001_R1_001.fastq,consolidated_dataset/durance2/15Avi1005Cn01A_S153_L001_R1_001.fastq.gz,gzip
data/durance2/16S-Dur2_renamed/15Avi1005Cn01A_S153_L001_R2_001.fastq,consolidated_dataset/durance2/15Avi1005Cn01A_S153_L001_R2_001.fastq.gz,gzip
data/durance2/16S-Dur2_renamed/15Avi1013Pt01A_S154_L001_R1_001.fastq,consolidated_dataset/durance2/15Avi1013Pt01A_S154_L001_R1_001.fastq.gz,gzip
data/durance2/16S-Dur2_renamed/15Avi1013Pt01A_S154_L001_R2_001.fastq,consolidated_dataset/durance2/15Avi1013Pt01A_S154_L001_R2_001.fastq.gz,gzip
data/durance2/16S-Dur2_renamed/15Bue1008Ch01A_S155_L001_R1_001.fastq,consolidated_dataset/durance2/15Bue1008Ch01A_S155_L001_R1_001.fastq.gz,gzip
data/durance2/16S-Dur2_renamed/15Bue1008Ch01A_S155_L001_R2_001.fastq,consolidated_dataset/durance2/15Bue1008Ch01A_S155_L001_R2_001.fastq.gz,gzip
data/durance2/16S-Dur2_renamed/15Bue1016Ch01A_S156_L001_R1_001.fastq,consolidated_dataset/durance2/15Bue1016Ch01A_S156_L001_R1_001.fastq.gz,gzip
data/durance2/16S-Dur2_renamed/15Bue1016Ch01A_S156_L001_R2_001.fastq,consolidated_dataset/durance2/15Bue1016Ch01A_S156_L001_R2_001.fastq.gz,gzip
data/durance2/16S-Dur2_renamed/15Bau1006Ch01A_S157_L001_R1_001.fastq,consolidated_dataset/durance2/15Bau1006Ch01A_S157_L001_R1_001.fastq.gz,gzip
data/durance2/16S-Dur2_renamed/15Bau1006Ch01A_S157_L001_R2_001.fastq,consolidated_dataset/durance2/15Bau1006Ch01A_S157_L001_R2_001.fastq.gz,gzip
data/durance2/16S-Dur2_renamed/15Bau1014Ch01A_S158_L001_R1_001.fastq,consolidated_dataset/durance2/15Bau1014Ch01A_S158_L001_R1_001.fastq.gz,gzip
data/durance2/16S-Dur2_renamed/15Bau1014Ch01A_S158_L001_R2_001.fastq,consolidated_dataset/durance2/15Bau1014Ch01A_S158_L001_R2_001.fastq.gz,gzip
data/durance2/16S-Dur2_renamed/15Bau1022Ch01A_S159_L001_R1_001.fastq,consolidated_dataset/durance2/15Bau1022Ch01A_S159_L001_R1_001.fastq.gz,gzip
data/durance2/16S-Dur2_renamed/15Bau1022Ch01A_S159_L001_R2_001.fastq,consolidated_dataset/durance2/15Bau1022Ch01A_S159_L001_R2_001.fastq.gz,gzip
data/durance2/16S-Dur2_renamed/15Jus1005Ch01A_S160_L001_R1_001.fastq,consolidated_dataset/durance2/15Jus1005Ch01A_S160_L001_R1_001.fastq.gz,gzip
data/durance2/16S-Dur2_renamed/15Jus1005Ch01A_S160_L001_R2_001.fastq,consolidated_dataset/durance2/15Jus1005Ch01A_S160_L001_R2_001.fastq.gz,gzip
data/durance2/16S-Dur2_renamed/15Jus1013Ch01A_S161_L001_R1_001.fastq,consolidated_dataset/durance2/15Jus1013Ch01A_S161_L001_R1_001.fastq.gz,gzip
data/durance2/16S-Dur2_renamed/15Jus1013Ch01A_S161_L001_R2_001.fastq,consolidated_dataset/durance2/15Jus1013Ch01A_S161_L001_R2_001.fastq.gz,gzip
data/durance2/16S-Dur2_renamed/15Caa1002Ch01A_S162_L001_R1_001.fastq,consolidated_dataset/durance2/15Caa1002Ch01A_S162_L001_R1_001.fastq.gz,gzip
data/durance2/16S-Dur2_renamed/15Caa1002Ch01A_S162_L001_R2_001.fastq,consolidated_dataset/durance2/15Caa1002Ch01A_S162_L001_R2_001.fastq.gz,gzip
data/durance2/16S-Dur2_renamed/15Caa1010Ch01A_S163_L001_R1_001.fastq,consolidated_dataset/durance2/15Caa1010Ch01A_S163_L001_R1_001.fastq.gz,gzip
data/durance2/16S-Dur2_renamed/15Caa1010Ch01A_S163_L001_R2_001.fastq,consolidated_dataset/durance2/15Caa1010Ch01A_S163_L001_R2_001.fastq.gz,gzip
data/durance2/16S-Dur2_renamed/15Caa1018Ch01A_S164_L001_R1_001.fastq,consolidated_dataset/durance2/15Caa1018Ch01A_S164_L001_R1_001.fastq.gz,gzip
data/durance2/16S-Dur2_renamed/15Caa1018Ch01A_S164_L001_R2_001.fastq,consolidated_dataset/durance2/15Caa1018Ch01A_S164_L001_R2_001.fastq.gz,gzip
data/durance2/16S-Dur2_renamed/15Avi1006Cn01A_S165_L001_R1_001.fastq,consolidated_dataset/durance2/15Avi1006Cn01A_S165_L001_R1_001.fastq.gz,gzip
data/durance2/16S-Dur2_renamed/15Avi1006Cn01A_S165_L001_R2_001.fastq,consolidated_dataset/durance2/15Avi1006Cn01A_S165_L001_R2_001.fastq.gz,gzip
data/durance2/16S-Dur2_renamed/15Bue1001Ch01A_S166_L001_R1_001.fastq,consolidated_dataset/durance2/15Bue1001Ch01A_S166_L001_R1_001.fastq.gz,gzip
data/durance2/16S-Dur2_renamed/15Bue1001Ch01A_S166_L001_R2_001.fastq,consolidated_dataset/durance2/15Bue1001Ch01A_S166_L001_R2_001.fastq.gz,gzip
data/durance2/16S-Dur2_renamed/15Bue1009Ch01A_S167_L001_R1_001.fastq,consolidated_dataset/durance2/15Bue1009Ch01A_S167_L001_R1_001.fastq.gz,gzip
data/durance2/16S-Dur2_renamed/15Bue1009Ch01A_S167_L001_R2_001.fastq,consolidated_dataset/durance2/15Bue1009Ch01A_S167_L001_R2_001.fastq.gz,gzip
data/durance2/16S-Dur2_renamed/15Bue1017Ch01A_S168_L001_R1_001.fastq,consolidated_dataset/durance2/15Bue1017Ch01A_S168_L001_R1_001.fastq.gz,gzip
data/durance2/16S-Dur2_renamed/15Bue1017Ch01A_S168_L001_R2_001.fastq,consolidated_dataset/durance2/15Bue1017Ch01A_S168_L001_R2_001.fastq.gz,gzip
data/durance2/16S-Dur2_renamed/15Bau1007Ch01A_S169_L001_R1_001.fastq,consolidated_dataset/durance2/15Bau1007Ch01A_S169_L001_R1_001.fastq.gz,gzip
data/durance2/16S-Dur2_renamed/15Bau1007Ch01A_S169_L001_R2_001.fastq,consolidated_dataset/durance2/15Bau1007Ch01A_S169_L001_R2_001.fastq.gz,gzip
data/durance2/16S-Dur2_renamed/15Bau1015Ch01A_S170_L001_R1_001.fastq,consolidated_dataset/durance2/15Bau1015Ch01A_S170_L001_R1_001.fastq.gz,gzip
data/durance2/16S-Dur2_renamed/15Bau1015Ch01A_S170_L001_R2_001.fastq,consolidated_dataset/durance2/15Bau1015Ch01A_S170_L001_R2_001.fastq.gz,gzip
data/durance2/16S-Dur2_renamed/15Bau1023Ch01A_S171_L001_R1_001.fastq,consolidated_dataset/durance2/15Bau1023Ch01A_S171_L001_R1_001.fastq.gz,gzip
data/durance2/16S-Dur2_renamed/15Bau1023Ch01A_S171_L001_R2_001.fastq,consolidated_dataset/durance2/15Bau1023Ch01A_S171_L001_R2_001.fastq.gz,gzip
data/durance2/16S-Dur2_renamed/15Jus1006Ch01A_S172_L001_R1_001.fastq,consolidated_dataset/durance2/15Jus1006Ch01A_S172_L001_R1_001.fastq.gz,gzip
data/durance2/16S-Dur2_renamed/15Jus1006Ch01A_S172_L001_R2_001.fastq,consolidated_dataset/durance2/15Jus1006Ch01A_S172_L001_R2_001.fastq.gz,gzip
data/durance2/16S-Dur2_renamed/15Jus1014Ch01A_S173_L001_R1_001.fastq,consolidated_dataset/durance2/15Jus1014Ch01A_S173_L001_R1_001.fastq.gz,gzip
data/durance2/16S-Dur2_renamed/15Jus1014Ch01A_S173_L001_R2_001.fastq,consolidated_dataset/durance2/15Jus1014Ch01A_S173_L001_R2_001.fastq.gz,gzip
data/durance2/16S-Dur2_renamed/15Caa1003Ch01A_S174_L001_R1_001.fastq,consolidated_dataset/durance2/15Caa1003Ch01A_S174_L001_R1_001.fastq.gz,gzip
data/durance2/16S-Dur2_renamed/15Caa1003Ch01A_S174_L001_R2_001.fastq,consolidated_dataset/durance2/15Caa1003Ch01A_S174_L001_R2_001.fastq.gz,gzip
data/durance2/16S-Dur2_renamed/15Caa1011Ch01A_S175_L001_R1_001.fastq,consolidated_dataset/durance2/15Caa1011Ch01A_S175_L001_R1_001.fastq.gz,gzip
data/durance2/16S-Dur2_renamed/15Caa1011Ch01A_S175_L001_R2_001.fastq,consolidated_dataset/durance2/15Caa1011Ch01A_S175_L001_R2_001.fastq.gz,gzip
data/durance2/16S-Dur2_renamed/15Caa1019Ch01A_S176_L001_R1_001.fastq,consolidated_dataset/durance2/15Caa1019Ch01A_S176_L001_R1_001.fastq.gz,gzip
data/durance2/16S-Dur2_renamed/15Caa1019Ch01A_S176_L001_R2_001.fastq,consolidated_dataset/durance2/15Caa1019Ch01A_S176_L001_R2_001.fastq.gz,gzip
data/durance2/16S-Dur2_renamed/15Avi1007Cn01A_S177_L001_R1_001.fastq,consolidated_dataset/durance2/15Avi1007Cn01A_S177_L001_R1_001.fastq.gz,gzip
data/durance2/16S-Dur2_renamed/15Avi1007Cn01A_S177_L001_R2_001.fastq,consolidated_dataset/durance2/15Avi1007Cn01A_S177_L001_R2_001.fastq.gz,gzip
data/durance2/16S-Dur2_renamed/15Bue1002Ch01A_S178_L001_R1_001.fastq,consolidated_dataset/durance2/15Bue1002Ch01A_S178_L001_R1_001.fastq.gz,gzip
data/durance2/16S-Dur2_renamed/15Bue1002Ch01A_S178_L001_R2_001.fastq,consolidated_dataset/durance2/15Bue1002Ch01A_S178_L001_R2_001.fastq.gz,gzip
data/durance2/16S-Dur2_renamed/15Bue1010Ch01A_S179_L001_R1_001.fastq,consolidated_dataset/durance2/15Bue1010Ch01A_S179_L001_R1_001.fastq.gz,gzip
data/durance2/16S-Dur2_renamed/15Bue1010Ch01A_S179_L001_R2_001.fastq,consolidated_dataset/durance2/15Bue1010Ch01A_S179_L001_R2_001.fastq.gz,gzip
data/durance2/16S-Dur2_renamed/15Bue1018Ch01A_S180_L001_R1_001.fastq,consolidated_dataset/durance2/15Bue1018Ch01A_S180_L001_R1_001.fastq.gz,gzip
data/durance2/16S-Dur2_renamed/15Bue1018Ch01A_S180_L001_R2_001.fastq,consolidated_dataset/durance2/15Bue1018Ch01A_S180_L001_R2_001.fastq.gz,gzip
data/durance2/16S-Dur2_renamed/15Bau1008Ch01A_S181_L001_R1_001.fastq,consolidated_dataset/durance2/15Bau1008Ch01A_S181_L001_R1_001.fastq.gz,gzip
data/durance2/16S-Dur2_renamed/15Bau1008Ch01A_S181_L001_R2_001.fastq,consolidated_dataset/durance2/15Bau1008Ch01A_S181_L001_R2_001.fastq.gz,gzip
data/durance2/16S-Dur2_renamed/15Bau1016Ch01A_S182_L001_R1_001.fastq,consolidated_dataset/durance2/15Bau1016Ch01A_S182_L001_R1_001.fastq.gz,gzip
data/durance2/16S-Dur2_renamed/15Bau1016Ch01A_S182_L001_R2_001.fastq,consolidated_dataset/durance2/15Bau1016Ch01A_S182_L001_R2_001.fastq.gz,gzip
data/durance2/16S-Dur2_renamed/15Bau1024Ch01A_S183_L001_R1_001.fastq,consolidated_dataset/durance2/15Bau1024Ch01A_S183_L001_R1_001.fastq.gz,gzip
data/durance2/16S-Dur2_renamed/15Bau1024Ch01A_S183_L001_R2_001.fastq,consolidated_dataset/durance2/15Bau1024Ch01A_S183_L001_R2_001.fastq.gz,gzip
data/durance2/16S-Dur2_renamed/15Jus1007Ch01A_S184_L001_R1_001.fastq,consolidated_dataset/durance2/15Jus1007Ch01A_S184_L001_R1_001.fastq.gz,gzip
data/durance2/16S-Dur2_renamed/15Jus1007Ch01A_S184_L001_R2_001.fastq,consolidated_dataset/durance2/15Jus1007Ch01A_S184_L001_R2_001.fastq.gz,gzip
data/durance2/16S-Dur2_renamed/15Jus1015Ch01A_S185_L001_R1_001.fastq,consolidated_dataset/durance2/15Jus1015Ch01A_S185_L001_R1_001.fastq.gz,gzip
data/durance2/16S-Dur2_renamed/15Jus1015Ch01A_S185_L001_R2_001.fastq,consolidated_dataset/durance2/15Jus1015Ch01A_S185_L001_R2_001.fastq.gz,gzip
data/durance2/16S-Dur2_renamed/15Caa1004Ch01A_S186_L001_R1_001.fastq,consolidated_dataset/durance2/15Caa1004Ch01A_S186_L001_R1_001.fastq.gz,gzip
data/durance2/16S-Dur2_renamed/15Caa1004Ch01A_S186_L001_R2_001.fastq,consolidated_dataset/durance2/15Caa1004Ch01A_S186_L001_R2_001.fastq.gz,gzip
data/durance2/16S-Dur2_renamed/15Caa1012Ch01A_S187_L001_R1_001.fastq,consolidated_dataset/durance2/15Caa1012Ch01A_S187_L001_R1_001.fastq.gz,gzip
data/durance2/16S-Dur2_renamed/15Caa1012Ch01A_S187_L001_R2_001.fastq,consolidated_dataset/durance2/15Caa1012Ch01A_S187_L001_R2_001.fastq.gz,gzip
data/durance2/16S-Dur2_renamed/15Caa1020Ch01A_S188_L001_R1_001.fastq,consolidated_dataset/durance2/15Caa1020Ch01A_S188_L001_R1_001.fastq.gz,gzip
data/durance2/16S-Dur2_renamed/15Caa1020Ch01A_S188_L001_R2_001.fastq,consolidated_dataset/durance2/15Caa1020Ch01A_S188_L001_R2_001.fastq.gz,gzip
data/durance2/16S-Dur2_renamed/15Avi1008Cn01A_S189_L001_R1_001.fastq,consolidated_dataset/durance2/15Avi1008Cn01A_S189_L001_R1_001.fastq.gz,gzip
data/durance2/16S-Dur2_renamed/15Avi1008Cn01A_S189_L001_R2_001.fastq,consolidated_dataset/durance2/15Avi1008Cn01A_S189_L001_R2_001.fastq.gz,gzip
data/durance2/16S-Dur2_renamed/15Bue1003Ch01A_S190_L001_R1_001.fastq,consolidated_dataset/durance2/15Bue1003Ch01A_S190_L001_R1_001.fastq.gz,gzip
data/durance2/16S-Dur2_renamed/15Bue1003Ch01A_S190_L001_R2_001.fastq,consolidated_dataset/durance2/15Bue1003Ch01A_S190_L001_R2_001.fastq.gz,gzip
data/durance2/16S-Dur2_renamed/15Bue1011Ch01A_S191_L001_R1_001.fastq,consolidated_dataset/durance2/15Bue1011Ch01A_S191_L001_R1_001.fastq.gz,gzip
data/durance2/16S-Dur2_renamed/15Bue1011Ch01A_S191_L001_R2_001.fastq,consolidated_dataset/durance2/15Bue1011Ch01A_S191_L001_R2_001.fastq.gz,gzip
data/durance2/16S-Dur2_renamed/control/T-2_S192_L001_R1_001.fastq,consolidated_dataset/durance2/T-2_S192_L001_R1_001.fastq.gz,gzip
data/durance2/16S-Dur2_renamed/control/T-2_S192_L001_R2_001.fastq,consolidated_dataset/durance2/T-2_S192_L001_R2_001.fastq.gz,gzip
data/durance2/16S-Dur2_renamed/14Ain1001Cn05A_S193_L001_R1_001.fastq,consolidated_dataset/durance2/14Ain1001Cn05A_S193_L001_R1_001.fastq.gz,gzip
data/durance2/16S-Dur2_renamed/14Ain1001Cn05A_S193_L001_R2_001.fastq,consolidated_dataset/durance2/14Ain1001Cn05A_S193_L001_R2_001.fastq.gz,gzip
data/durance2/16S-Dur2_renamed/14Ain1038Pt05A_S194_L001_R1_001.fastq,consolidated_dataset/durance2/14Ain1038Pt05A_S194_L001_R1_001.fastq.gz,gzip
data/durance2/16S-Dur2_renamed/14Ain1038Pt05A_S194_L001_R2_001.fastq,consolidated_dataset/durance2/14Ain1038Pt05A_S194_L001_R2_001.fastq.gz,gzip
data/durance2/16S-Dur2_renamed/15Cab1003Ch05A_S195_L001_R1_001.fastq,consolidated_dataset/durance2/15Cab1003Ch05A_S195_L001_R1_001.fastq.gz,gzip
data/durance2/16S-Dur2_renamed/15Cab1003Ch05A_S195_L001_R2_001.fastq,consolidated_dataset/durance2/15Cab1003Ch05A_S195_L001_R2_001.fastq.gz,gzip
data/durance2/16S-Dur2_renamed/15Cab1011Ch05A_S196_L001_R1_001.fastq,consolidated_dataset/durance2/15Cab1011Ch05A_S196_L001_R1_001.fastq.gz,gzip
data/durance2/16S-Dur2_renamed/15Cab1011Ch05A_S196_L001_R2_001.fastq,consolidated_dataset/durance2/15Cab1011Ch05A_S196_L001_R2_001.fastq.gz,gzip
data/durance2/16S-Dur2_renamed/15Cab1019Ch05A_S197_L001_R1_001.fastq,consolidated_dataset/durance2/15Cab1019Ch05A_S197_L001_R1_001.fastq.gz,gzip
data/durance2/16S-Dur2_renamed/15Cab1019Ch05A_S197_L001_R2_001.fastq,consolidated_dataset/durance2/15Cab1019Ch05A_S197_L001_R2_001.fastq.gz,gzip
data/durance2/16S-Dur2_renamed/14Avi1008Cn05A_S198_L001_R1_001.fastq,consolidated_dataset/durance2/14Avi1008Cn05A_S198_L001_R1_001.fastq.gz,gzip
data/durance2/16S-Dur2_renamed/14Avi1008Cn05A_S198_L001_R2_001.fastq,consolidated_dataset/durance2/14Avi1008Cn05A_S198_L001_R2_001.fastq.gz,gzip
data/durance2/16S-Dur2_renamed/14Bue1005Cn05A_S199_L001_R1_001.fastq,consolidated_dataset/durance2/14Bue1005Cn05A_S199_L001_R1_001.fastq.gz,gzip
data/durance2/16S-Dur2_renamed/14Bue1005Cn05A_S199_L001_R2_001.fastq,consolidated_dataset/durance2/14Bue1005Cn05A_S199_L001_R2_001.fastq.gz,gzip
data/durance2/16S-Dur2_renamed/14Bue1014Ch05A_S200_L001_R1_001.fastq,consolidated_dataset/durance2/14Bue1014Ch05A_S200_L001_R1_001.fastq.gz,gzip
data/durance2/16S-Dur2_renamed/14Bue1014Ch05A_S200_L001_R2_001.fastq,consolidated_dataset/durance2/14Bue1014Ch05A_S200_L001_R2_001.fastq.gz,gzip
data/durance2/16S-Dur2_renamed/14Man1011Ch05A_S201_L001_R1_001.fastq,consolidated_dataset/durance2/14Man1011Ch05A_S201_L001_R1_001.fastq.gz,gzip
data/durance2/16S-Dur2_renamed/14Man1011Ch05A_S201_L001_R2_001.fastq,consolidated_dataset/durance2/14Man1011Ch05A_S201_L001_R2_001.fastq.gz,gzip
data/durance2/16S-Dur2_renamed/14Man1019Ch05A_S202_L001_R1_001.fastq,consolidated_dataset/durance2/14Man1019Ch05A_S202_L001_R1_001.fastq.gz,gzip
data/durance2/16S-Dur2_renamed/14Man1019Ch05A_S202_L001_R2_001.fastq,consolidated_dataset/durance2/14Man1019Ch05A_S202_L001_R2_001.fastq.gz,gzip
data/durance2/16S-Dur2_renamed/14Per2011Ch05A_S203_L001_R1_001.fastq,consolidated_dataset/durance2/14Per2011Ch05A_S203_L001_R1_001.fastq.gz,gzip
data/durance2/16S-Dur2_renamed/14Per2011Ch05A_S203_L001_R2_001.fastq,consolidated_dataset/durance2/14Per2011Ch05A_S203_L001_R2_001.fastq.gz,gzip
data/durance2/16S-Dur2_renamed/14Per2011Ch05A-bis_S204_L001_R1_001.fastq,consolidated_dataset/durance2/14Per2011Ch05A-bis_S204_L001_R1_001.fastq.gz,gzip
data/durance2/16S-Dur2_renamed/14Per2011Ch05A-bis_S204_L001_R2_001.fastq,consolidated_dataset/durance2/14Per2011Ch05A-bis_S204_L001_R2_001.fastq.gz,gzip
data/durance2/16S-Dur2_renamed/14Ain1002Cn05A_S205_L001_R1_001.fastq,consolidated_dataset/durance2/14Ain1002Cn05A_S205_L001_R1_001.fastq.gz,gzip
data/durance2/16S-Dur2_renamed/14Ain1002Cn05A_S205_L001_R2_001.fastq,consolidated_dataset/durance2/14Ain1002Cn05A_S205_L001_R2_001.fastq.gz,gzip
data/durance2/16S-Dur2_renamed/14Ain1039Pt05A_S206_L001_R1_001.fastq,consolidated_dataset/durance2/14Ain1039Pt05A_S206_L001_R1_001.fastq.gz,gzip
data/durance2/16S-Dur2_renamed/14Ain1039Pt05A_S206_L001_R2_001.fastq,consolidated_dataset/durance2/14Ain1039Pt05A_S206_L001_R2_001.fastq.gz,gzip
data/durance2/16S-Dur2_renamed/15Cab1004Ch05A_S207_L001_R1_001.fastq,consolidated_dataset/durance2/15Cab1004Ch05A_S207_L001_R1_001.fastq.gz,gzip
data/durance2/16S-Dur2_renamed/15Cab1004Ch05A_S207_L001_R2_001.fastq,consolidated_dataset/durance2/15Cab1004Ch05A_S207_L001_R2_001.fastq.gz,gzip
data/durance2/16S-Dur2_renamed/15Cab1012Ch05A_S208_L001_R1_001.fastq,consolidated_dataset/durance2/15Cab1012Ch05A_S208_L001_R1_001.fastq.gz,gzip
data/durance2/16S-Dur2_renamed/15Cab1012Ch05A_S208_L001_R2_001.fastq,consolidated_dataset/durance2/15Cab1012Ch05A_S208_L001_R2_001.fastq.gz,gzip
data/durance2/16S-Dur2_renamed/14Avi1001Cn05A_S209_L001_R1_001.fastq,consolidated_dataset/durance2/14Avi1001Cn05A_S209_L001_R1_001.fastq.gz,gzip
data/durance2/16S-Dur2_renamed/14Avi1001Cn05A_S209_L001_R2_001.fastq,consolidated_dataset/durance2/14Avi1001Cn05A_S209_L001_R2_001.fastq.gz,gzip
data/durance2/16S-Dur2_renamed/14Avi1036Cn05A_S210_L001_R1_001.fastq,consolidated_dataset/durance2/14Avi1036Cn05A_S210_L001_R1_001.fastq.gz,gzip
data/durance2/16S-Dur2_renamed/14Avi1036Cn05A_S210_L001_R2_001.fastq,consolidated_dataset/durance2/14Avi1036Cn05A_S210_L001_R2_001.fastq.gz,gzip
data/durance2/16S-Dur2_renamed/14Bue1006Cn05A_S211_L001_R1_001.fastq,consolidated_dataset/durance2/14Bue1006Cn05A_S211_L001_R1_001.fastq.gz,gzip
data/durance2/16S-Dur2_renamed/14Bue1006Cn05A_S211_L001_R2_001.fastq,consolidated_dataset/durance2/14Bue1006Cn05A_S211_L001_R2_001.fastq.gz,gzip
data/durance2/16S-Dur2_renamed/14Bue1015Ch05A_S212_L001_R1_001.fastq,consolidated_dataset/durance2/14Bue1015Ch05A_S212_L001_R1_001.fastq.gz,gzip
data/durance2/16S-Dur2_renamed/14Bue1015Ch05A_S212_L001_R2_001.fastq,consolidated_dataset/durance2/14Bue1015Ch05A_S212_L001_R2_001.fastq.gz,gzip
data/durance2/16S-Dur2_renamed/14Man1012Ch05A_S213_L001_R1_001.fastq,consolidated_dataset/durance2/14Man1012Ch05A_S213_L001_R1_001.fastq.gz,gzip
data/durance2/16S-Dur2_renamed/14Man1012Ch05A_S213_L001_R2_001.fastq,consolidated_dataset/durance2/14Man1012Ch05A_S213_L001_R2_001.fastq.gz,gzip
data/durance2/16S-Dur2_renamed/14Man1020Ch05A_S214_L001_R1_001.fastq,consolidated_dataset/durance2/14Man1020Ch05A_S214_L001_R1_001.fastq.gz,gzip
data/durance2/16S-Dur2_renamed/14Man1020Ch05A_S214_L001_R2_001.fastq,consolidated_dataset/durance2/14Man1020Ch05A_S214_L001_R2_001.fastq.gz,gzip
data/durance2/16S-Dur2_renamed/14Per2012Ch05A_S215_L001_R1_001.fastq,consolidated_dataset/durance2/14Per2012Ch05A_S215_L001_R1_001.fastq.gz,gzip
data/durance2/16S-Dur2_renamed/14Per2012Ch05A_S215_L001_R2_001.fastq,consolidated_dataset/durance2/14Per2012Ch05A_S215_L001_R2_001.fastq.gz,gzip
data/durance2/16S-Dur2_renamed/14Per2012Ch05A-bis_S216_L001_R1_001.fastq,consolidated_dataset/durance2/14Per2012Ch05A-bis_S216_L001_R1_001.fastq.gz,gzip
data/durance2/16S-Dur2_renamed/14Per2012Ch05A-bis_S216_L001_R2_001.fastq,consolidated_dataset/durance2/14Per2012Ch05A-bis_S216_L001_R2_001.fastq.gz,gzip
data/durance2/16S-Dur2_renamed/14Ain1011Pt05A_S217_L001_R1_001.fastq,consolidated_dataset/durance2/14Ain1011Pt05A_S217_L001_R1_001.fastq.gz,gzip
data/durance2/16S-Dur2_renamed/14Ain1011Pt05A_S217_L001_R2_001.fastq,consolidated_dataset/durance2/14Ain1011Pt05A_S217_L001_R2_001.fastq.gz,gzip
data/durance2/16S-Dur2_renamed/14Ain1040Pt05A_S218_L001_R1_001.fastq,consolidated_dataset/durance2/14Ain1040Pt05A_S218_L001_R1_001.fastq.gz,gzip
data/durance2/16S-Dur2_renamed/14Ain1040Pt05A_S218_L001_R2_001.fastq,consolidated_dataset/durance2/14Ain1040Pt05A_S218_L001_R2_001.fastq.gz,gzip
data/durance2/16S-Dur2_renamed/15Cab1005Ch05A_S219_L001_R1_001.fastq,consolidated_dataset/durance2/15Cab1005Ch05A_S219_L001_R1_001.fastq.gz,gzip
data/durance2/16S-Dur2_renamed/15Cab1005Ch05A_S219_L001_R2_001.fastq,consolidated_dataset/durance2/15Cab1005Ch05A_S219_L001_R2_001.fastq.gz,gzip
data/durance2/16S-Dur2_renamed/15Cab1013Ch05A_S220_L001_R1_001.fastq,consolidated_dataset/durance2/15Cab1013Ch05A_S220_L001_R1_001.fastq.gz,gzip
data/durance2/16S-Dur2_renamed/15Cab1013Ch05A_S220_L001_R2_001.fastq,consolidated_dataset/durance2/15Cab1013Ch05A_S220_L001_R2_001.fastq.gz,gzip
data/durance2/16S-Dur2_renamed/14Avi1002Cn05A_S221_L001_R1_001.fastq,consolidated_dataset/durance2/14Avi1002Cn05A_S221_L001_R1_001.fastq.gz,gzip
data/durance2/16S-Dur2_renamed/14Avi1002Cn05A_S221_L001_R2_001.fastq,consolidated_dataset/durance2/14Avi1002Cn05A_S221_L001_R2_001.fastq.gz,gzip
data/durance2/16S-Dur2_renamed/14Avi1037Cn05A_S222_L001_R1_001.fastq,consolidated_dataset/durance2/14Avi1037Cn05A_S222_L001_R1_001.fastq.gz,gzip
data/durance2/16S-Dur2_renamed/14Avi1037Cn05A_S222_L001_R2_001.fastq,consolidated_dataset/durance2/14Avi1037Cn05A_S222_L001_R2_001.fastq.gz,gzip
data/durance2/16S-Dur2_renamed/14Bue1006Cn05Abis_S223_L001_R1_001.fastq,consolidated_dataset/durance2/14Bue1006Cn05Abis_S223_L001_R1_001.fastq.gz,gzip
data/durance2/16S-Dur2_renamed/14Bue1006Cn05Abis_S223_L001_R2_001.fastq,consolidated_dataset/durance2/14Bue1006Cn05Abis_S223_L001_R2_001.fastq.gz,gzip
data/durance2/16S-Dur2_renamed/14Bue1017Ch05A_S224_L001_R1_001.fastq,consolidated_dataset/durance2/14Bue1017Ch05A_S224_L001_R1_001.fastq.gz,gzip
data/durance2/16S-Dur2_renamed/14Bue1017Ch05A_S224_L001_R2_001.fastq,consolidated_dataset/durance2/14Bue1017Ch05A_S224_L001_R2_001.fastq.gz,gzip
data/durance2/16S-Dur2_renamed/14Man1013Ch05A_S225_L001_R1_001.fastq,consolidated_dataset/durance2/14Man1013Ch05A_S225_L001_R1_001.fastq.gz,gzip
data/durance2/16S-Dur2_renamed/14Man1013Ch05A_S225_L001_R2_001.fastq,consolidated_dataset/durance2/14Man1013Ch05A_S225_L001_R2_001.fastq.gz,gzip
data/durance2/16S-Dur2_renamed/14Man1021Ch05A_S226_L001_R1_001.fastq,consolidated_dataset/durance2/14Man1021Ch05A_S226_L001_R1_001.fastq.gz,gzip
data/durance2/16S-Dur2_renamed/14Man1021Ch05A_S226_L001_R2_001.fastq,consolidated_dataset/durance2/14Man1021Ch05A_S226_L001_R2_001.fastq.gz,gzip
data/durance2/16S-Dur2_renamed/14Per2013Ch05A_S227_L001_R1_001.fastq,consolidated_dataset/durance2/14Per2013Ch05A_S227_L001_R1_001.fastq.gz,gzip
data/durance2/16S-Dur2_renamed/14Per2013Ch05A_S227_L001_R2_001.fastq,consolidated_dataset/durance2/14Per2013Ch05A_S227_L001_R2_001.fastq.gz,gzip
data/durance2/16S-Dur2_renamed/control/empty-6_S228_L001_R1_001.fastq,consolidated_dataset/durance2/empty-6_S228_L001_R1_001.fastq.gz,gzip
data/durance2/16S-Dur2_renamed/control/empty-6_S228_L001_R2_001.fastq,consolidated_dataset/durance2/empty-6_S228_L001_R2_001.fastq.gz,gzip
data/durance2/16S-Dur2_renamed/14Ain1012Pt05A_S229_L001_R1_001.fastq,consolidated_dataset/durance2/14Ain1012Pt05A_S229_L001_R1_001.fastq.gz,gzip
data/durance2/16S-Dur2_renamed/14Ain1012Pt05A_S229_L001_R2_001.fastq,consolidated_dataset/durance2/14Ain1012Pt05A_S229_L001_R2_001.fastq.gz,gzip
data/durance2/16S-Dur2_renamed/14Ain1041Pt05A_S230_L001_R1_001.fastq,consolidated_dataset/durance2/14Ain1041Pt05A_S230_L001_R1_001.fastq.gz,gzip
data/durance2/16S-Dur2_renamed/14Ain1041Pt05A_S230_L001_R2_001.fastq,consolidated_dataset/durance2/14Ain1041Pt05A_S230_L001_R2_001.fastq.gz,gzip
data/durance2/16S-Dur2_renamed/15Cab1006Ch05A_S231_L001_R1_001.fastq,consolidated_dataset/durance2/15Cab1006Ch05A_S231_L001_R1_001.fastq.gz,gzip
data/durance2/16S-Dur2_renamed/15Cab1006Ch05A_S231_L001_R2_001.fastq,consolidated_dataset/durance2/15Cab1006Ch05A_S231_L001_R2_001.fastq.gz,gzip
data/durance2/16S-Dur2_renamed/15Cab1014Ch05A_S232_L001_R1_001.fastq,consolidated_dataset/durance2/15Cab1014Ch05A_S232_L001_R1_001.fastq.gz,gzip
data/durance2/16S-Dur2_renamed/15Cab1014Ch05A_S232_L001_R2_001.fastq,consolidated_dataset/durance2/15Cab1014Ch05A_S232_L001_R2_001.fastq.gz,gzip
data/durance2/16S-Dur2_renamed/14Avi1003Cn05A_S233_L001_R1_001.fastq,consolidated_dataset/durance2/14Avi1003Cn05A_S233_L001_R1_001.fastq.gz,gzip
data/durance2/16S-Dur2_renamed/14Avi1003Cn05A_S233_L001_R2_001.fastq,consolidated_dataset/durance2/14Avi1003Cn05A_S233_L001_R2_001.fastq.gz,gzip
data/durance2/16S-Dur2_renamed/14Avi1038Cn05A_S234_L001_R1_001.fastq,consolidated_dataset/durance2/14Avi1038Cn05A_S234_L001_R1_001.fastq.gz,gzip
data/durance2/16S-Dur2_renamed/14Avi1038Cn05A_S234_L001_R2_001.fastq,consolidated_dataset/durance2/14Avi1038Cn05A_S234_L001_R2_001.fastq.gz,gzip
data/durance2/16S-Dur2_renamed/14Bue1007Cn05A_S235_L001_R1_001.fastq,consolidated_dataset/durance2/14Bue1007Cn05A_S235_L001_R1_001.fastq.gz,gzip
data/durance2/16S-Dur2_renamed/14Bue1007Cn05A_S235_L001_R2_001.fastq,consolidated_dataset/durance2/14Bue1007Cn05A_S235_L001_R2_001.fastq.gz,gzip
data/durance2/16S-Dur2_renamed/14Bue1018Ch05A_S236_L001_R1_001.fastq,consolidated_dataset/durance2/14Bue1018Ch05A_S236_L001_R1_001.fastq.gz,gzip
data/durance2/16S-Dur2_renamed/14Bue1018Ch05A_S236_L001_R2_001.fastq,consolidated_dataset/durance2/14Bue1018Ch05A_S236_L001_R2_001.fastq.gz,gzip
data/durance2/16S-Dur2_renamed/14Man1014Ch05A_S237_L001_R1_001.fastq,consolidated_dataset/durance2/14Man1014Ch05A_S237_L001_R1_001.fastq.gz,gzip
data/durance2/16S-Dur2_renamed/14Man1014Ch05A_S237_L001_R2_001.fastq,consolidated_dataset/durance2/14Man1014Ch05A_S237_L001_R2_001.fastq.gz,gzip
data/durance2/16S-Dur2_renamed/14Man1022Ch05A_S238_L001_R1_001.fastq,consolidated_dataset/durance2/14Man1022Ch05A_S238_L001_R1_001.fastq.gz,gzip
data/durance2/16S-Dur2_renamed/14Man1022Ch05A_S238_L001_R2_001.fastq,consolidated_dataset/durance2/14Man1022Ch05A_S238_L001_R2_001.fastq.gz,gzip
data/durance2/16S-Dur2_renamed/14Per2014Ch05A_S239_L001_R1_001.fastq,consolidated_dataset/durance2/14Per2014Ch05A_S239_L001_R1_001.fastq.gz,gzip
data/durance2/16S-Dur2_renamed/14Per2014Ch05A_S239_L001_R2_001.fastq,consolidated_dataset/durance2/14Per2014Ch05A_S239_L001_R2_001.fastq.gz,gzip
data/durance2/16S-Dur2_renamed/control/empty-7_S240_L001_R1_001.fastq,consolidated_dataset/durance2/empty-7_S240_L001_R1_001.fastq.gz,gzip
data/durance2/16S-Dur2_renamed/control/empty-7_S240_L001_R2_001.fastq,consolidated_dataset/durance2/empty-7_S240_L001_R2_001.fastq.gz,gzip
data/durance2/16S-Dur2_renamed/14Ain1013Pt05A_S241_L001_R1_001.fastq,consolidated_dataset/durance2/14Ain1013Pt05A_S241_L001_R1_001.fastq.gz,gzip
data/durance2/16S-Dur2_renamed/14Ain1013Pt05A_S241_L001_R2_001.fastq,consolidated_dataset/durance2/14Ain1013Pt05A_S241_L001_R2_001.fastq.gz,gzip
data/durance2/16S-Dur2_renamed/14Ain1042Pt05A_S242_L001_R1_001.fastq,consolidated_dataset/durance2/14Ain1042Pt05A_S242_L001_R1_001.fastq.gz,gzip
data/durance2/16S-Dur2_renamed/14Ain1042Pt05A_S242_L001_R2_001.fastq,consolidated_dataset/durance2/14Ain1042Pt05A_S242_L001_R2_001.fastq.gz,gzip
data/durance2/16S-Dur2_renamed/15Cab1007Ch05A_S243_L001_R1_001.fastq,consolidated_dataset/durance2/15Cab1007Ch05A_S243_L001_R1_001.fastq.gz,gzip
data/durance2/16S-Dur2_renamed/15Cab1007Ch05A_S243_L001_R2_001.fastq,consolidated_dataset/durance2/15Cab1007Ch05A_S243_L001_R2_001.fastq.gz,gzip
data/durance2/16S-Dur2_renamed/15Cab1015Ch05A_S244_L001_R1_001.fastq,consolidated_dataset/durance2/15Cab1015Ch05A_S244_L001_R1_001.fastq.gz,gzip
data/durance2/16S-Dur2_renamed/15Cab1015Ch05A_S244_L001_R2_001.fastq,consolidated_dataset/durance2/15Cab1015Ch05A_S244_L001_R2_001.fastq.gz,gzip
data/durance2/16S-Dur2_renamed/14Avi1004Cn05A_S245_L001_R1_001.fastq,consolidated_dataset/durance2/14Avi1004Cn05A_S245_L001_R1_001.fastq.gz,gzip
data/durance2/16S-Dur2_renamed/14Avi1004Cn05A_S245_L001_R2_001.fastq,consolidated_dataset/durance2/14Avi1004Cn05A_S245_L001_R2_001.fastq.gz,gzip
data/durance2/16S-Dur2_renamed/14Bue1001Cn05A_S246_L001_R1_001.fastq,consolidated_dataset/durance2/14Bue1001Cn05A_S246_L001_R1_001.fastq.gz,gzip
data/durance2/16S-Dur2_renamed/14Bue1001Cn05A_S246_L001_R2_001.fastq,consolidated_dataset/durance2/14Bue1001Cn05A_S246_L001_R2_001.fastq.gz,gzip
data/durance2/16S-Dur2_renamed/14Bue1008Cn05A_S247_L001_R1_001.fastq,consolidated_dataset/durance2/14Bue1008Cn05A_S247_L001_R1_001.fastq.gz,gzip
data/durance2/16S-Dur2_renamed/14Bue1008Cn05A_S247_L001_R2_001.fastq,consolidated_dataset/durance2/14Bue1008Cn05A_S247_L001_R2_001.fastq.gz,gzip
data/durance2/16S-Dur2_renamed/14Bue1019Ch05A_S248_L001_R1_001.fastq,consolidated_dataset/durance2/14Bue1019Ch05A_S248_L001_R1_001.fastq.gz,gzip
data/durance2/16S-Dur2_renamed/14Bue1019Ch05A_S248_L001_R2_001.fastq,consolidated_dataset/durance2/14Bue1019Ch05A_S248_L001_R2_001.fastq.gz,gzip
data/durance2/16S-Dur2_renamed/14Man1015Ch05A_S249_L001_R1_001.fastq,consolidated_dataset/durance2/14Man1015Ch05A_S249_L001_R1_001.fastq.gz,gzip
data/durance2/16S-Dur2_renamed/14Man1015Ch05A_S249_L001_R2_001.fastq,consolidated_dataset/durance2/14Man1015Ch05A_S249_L001_R2_001.fastq.gz,gzip
data/durance2/16S-Dur2_renamed/14Per1011Ch05A_S250_L001_R1_001.fastq,consolidated_dataset/durance2/14Per1011Ch05A_S250_L001_R1_001.fastq.gz,gzip
data/durance2/16S-Dur2_renamed/14Per1011Ch05A_S250_L001_R2_001.fastq,consolidated_dataset/durance2/14Per1011Ch05A_S250_L001_R2_001.fastq.gz,gzip
data/durance2/16S-Dur2_renamed/14Per2015Ch05A_S251_L001_R1_001.fastq,consolidated_dataset/durance2/14Per2015Ch05A_S251_L001_R1_001.fastq.gz,gzip
data/durance2/16S-Dur2_renamed/14Per2015Ch05A_S251_L001_R2_001.fastq,consolidated_dataset/durance2/14Per2015Ch05A_S251_L001_R2_001.fastq.gz,gzip
data/durance2/16S-Dur2_renamed/control/empty-8_S252_L001_R1_001.fastq,consolidated_dataset/durance2/empty-8_S252_L001_R1_001.fastq.gz,gzip
data/durance2/16S-Dur2_renamed/control/empty-8_S252_L001_R2_001.fastq,consolidated_dataset/durance2/empty-8_S252_L001_R2_001.fastq.gz,gzip
data/durance2/16S-Dur2_renamed/14Ain1014Pt05A_S253_L001_R1_001.fastq,consolidated_dataset/durance2/14Ain1014Pt05A_S253_L001_R1_001.fastq.gz,gzip
data/durance2/16S-Dur2_renamed/14Ain1014Pt05A_S253_L001_R2_001.fastq,consolidated_dataset/durance2/14Ain1014Pt05A_S253_L001_R2_001.fastq.gz,gzip
data/durance2/16S-Dur2_renamed/14Ain1043Pt05A_S254_L001_R1_001.fastq,consolidated_dataset/durance2/14Ain1043Pt05A_S254_L001_R1_001.fastq.gz,gzip
data/durance2/16S-Dur2_renamed/14Ain1043Pt05A_S254_L001_R2_001.fastq,consolidated_dataset/durance2/14Ain1043Pt05A_S254_L001_R2_001.fastq.gz,gzip
data/durance2/16S-Dur2_renamed/15Cab1008Ch05A_S255_L001_R1_001.fastq,consolidated_dataset/durance2/15Cab1008Ch05A_S255_L001_R1_001.fastq.gz,gzip
data/durance2/16S-Dur2_renamed/15Cab1008Ch05A_S255_L001_R2_001.fastq,consolidated_dataset/durance2/15Cab1008Ch05A_S255_L001_R2_001.fastq.gz,gzip
data/durance2/16S-Dur2_renamed/15Cab1016Ch05A_S256_L001_R1_001.fastq,consolidated_dataset/durance2/15Cab1016Ch05A_S256_L001_R1_001.fastq.gz,gzip
data/durance2/16S-Dur2_renamed/15Cab1016Ch05A_S256_L001_R2_001.fastq,consolidated_dataset/durance2/15Cab1016Ch05A_S256_L001_R2_001.fastq.gz,gzip
data/durance2/16S-Dur2_renamed/14Avi1005Cn05A_S257_L001_R1_001.fastq,consolidated_dataset/durance2/14Avi1005Cn05A_S257_L001_R1_001.fastq.gz,gzip
data/durance2/16S-Dur2_renamed/14Avi1005Cn05A_S257_L001_R2_001.fastq,consolidated_dataset/durance2/14Avi1005Cn05A_S257_L001_R2_001.fastq.gz,gzip
data/durance2/16S-Dur2_renamed/14Bue1002Cn05A_S258_L001_R1_001.fastq,consolidated_dataset/durance2/14Bue1002Cn05A_S258_L001_R1_001.fastq.gz,gzip
data/durance2/16S-Dur2_renamed/14Bue1002Cn05A_S258_L001_R2_001.fastq,consolidated_dataset/durance2/14Bue1002Cn05A_S258_L001_R2_001.fastq.gz,gzip
data/durance2/16S-Dur2_renamed/14Bue1011Ch05A_S259_L001_R1_001.fastq,consolidated_dataset/durance2/14Bue1011Ch05A_S259_L001_R1_001.fastq.gz,gzip
data/durance2/16S-Dur2_renamed/14Bue1011Ch05A_S259_L001_R2_001.fastq,consolidated_dataset/durance2/14Bue1011Ch05A_S259_L001_R2_001.fastq.gz,gzip
data/durance2/16S-Dur2_renamed/14Man1001Cn05A_S260_L001_R1_001.fastq,consolidated_dataset/durance2/14Man1001Cn05A_S260_L001_R1_001.fastq.gz,gzip
data/durance2/16S-Dur2_renamed/14Man1001Cn05A_S260_L001_R2_001.fastq,consolidated_dataset/durance2/14Man1001Cn05A_S260_L001_R2_001.fastq.gz,gzip
data/durance2/16S-Dur2_renamed/14Man1016Ch05A_S261_L001_R1_001.fastq,consolidated_dataset/durance2/14Man1016Ch05A_S261_L001_R1_001.fastq.gz,gzip
data/durance2/16S-Dur2_renamed/14Man1016Ch05A_S261_L001_R2_001.fastq,consolidated_dataset/durance2/14Man1016Ch05A_S261_L001_R2_001.fastq.gz,gzip
data/durance2/16S-Dur2_renamed/14Per1012Ch05A_S262_L001_R1_001.fastq,consolidated_dataset/durance2/14Per1012Ch05A_S262_L001_R1_001.fastq.gz,gzip
data/durance2/16S-Dur2_renamed/14Per1012Ch05A_S262_L001_R2_001.fastq,consolidated_dataset/durance2/14Per1012Ch05A_S262_L001_R2_001.fastq.gz,gzip
data/durance2/16S-Dur2_renamed/control/Blanc-Branchie_S263_L001_R1_001.fastq,consolidated_dataset/durance2/Blanc-Branchie_S263_L001_R1_001.fastq.gz,gzip
data/durance2/16S-Dur2_renamed/control/Blanc-Branchie_S263_L001_R2_001.fastq,consolidated_dataset/durance2/Blanc-Branchie_S263_L001_R2_001.fastq.gz,gzip
data/durance2/16S-Dur2_renamed/control/empty-9_S264_L001_R1_001.fastq,consolidated_dataset/durance2/empty-9_S264_L001_R1_001.fastq.gz,gzip
data/durance2/16S-Dur2_renamed/control/empty-9_S264_L001_R2_001.fastq,consolidated_dataset/durance2/empty-9_S264_L001_R2_001.fastq.gz,gzip
data/durance2/16S-Dur2_renamed/14Ain1036Cn05A_S265_L001_R1_001.fastq,consolidated_dataset/durance2/14Ain1036Cn05A_S265_L001_R1_001.fastq.gz,gzip
data/durance2/16S-Dur2_renamed/14Ain1036Cn05A_S265_L001_R2_001.fastq,consolidated_dataset/durance2/14Ain1036Cn05A_S265_L001_R2_001.fastq.gz,gzip
data/durance2/16S-Dur2_renamed/15Cab1001Ch05A_S266_L001_R1_001.fastq,consolidated_dataset/durance2/15Cab1001Ch05A_S266_L001_R1_001.fastq.gz,gzip
data/durance2/16S-Dur2_renamed/15Cab1001Ch05A_S266_L001_R2_001.fastq,consolidated_dataset/durance2/15Cab1001Ch05A_S266_L001_R2_001.fastq.gz,gzip
data/durance2/16S-Dur2_renamed/15Cab1009Ch05A_S267_L001_R1_001.fastq,consolidated_dataset/durance2/15Cab1009Ch05A_S267_L001_R1_001.fastq.gz,gzip
data/durance2/16S-Dur2_renamed/15Cab1009Ch05A_S267_L001_R2_001.fastq,consolidated_dataset/durance2/15Cab1009Ch05A_S267_L001_R2_001.fastq.gz,gzip
data/durance2/16S-Dur2_renamed/15Cab1017Ch05A_S268_L001_R1_001.fastq,consolidated_dataset/durance2/15Cab1017Ch05A_S268_L001_R1_001.fastq.gz,gzip
data/durance2/16S-Dur2_renamed/15Cab1017Ch05A_S268_L001_R2_001.fastq,consolidated_dataset/durance2/15Cab1017Ch05A_S268_L001_R2_001.fastq.gz,gzip
data/durance2/16S-Dur2_renamed/14Avi1006Cn05A_S269_L001_R1_001.fastq,consolidated_dataset/durance2/14Avi1006Cn05A_S269_L001_R1_001.fastq.gz,gzip
data/durance2/16S-Dur2_renamed/14Avi1006Cn05A_S269_L001_R2_001.fastq,consolidated_dataset/durance2/14Avi1006Cn05A_S269_L001_R2_001.fastq.gz,gzip
data/durance2/16S-Dur2_renamed/14Bue1003Cn05A_S270_L001_R1_001.fastq,consolidated_dataset/durance2/14Bue1003Cn05A_S270_L001_R1_001.fastq.gz,gzip
data/durance2/16S-Dur2_renamed/14Bue1003Cn05A_S270_L001_R2_001.fastq,consolidated_dataset/durance2/14Bue1003Cn05A_S270_L001_R2_001.fastq.gz,gzip
data/durance2/16S-Dur2_renamed/14Bue1012Ch05A_S271_L001_R1_001.fastq,consolidated_dataset/durance2/14Bue1012Ch05A_S271_L001_R1_001.fastq.gz,gzip
data/durance2/16S-Dur2_renamed/14Bue1012Ch05A_S271_L001_R2_001.fastq,consolidated_dataset/durance2/14Bue1012Ch05A_S271_L001_R2_001.fastq.gz,gzip
data/durance2/16S-Dur2_renamed/14Man1002Cn05A_S272_L001_R1_001.fastq,consolidated_dataset/durance2/14Man1002Cn05A_S272_L001_R1_001.fastq.gz,gzip
data/durance2/16S-Dur2_renamed/14Man1002Cn05A_S272_L001_R2_001.fastq,consolidated_dataset/durance2/14Man1002Cn05A_S272_L001_R2_001.fastq.gz,gzip
data/durance2/16S-Dur2_renamed/14Man1017Ch05A_S273_L001_R1_001.fastq,consolidated_dataset/durance2/14Man1017Ch05A_S273_L001_R1_001.fastq.gz,gzip
data/durance2/16S-Dur2_renamed/14Man1017Ch05A_S273_L001_R2_001.fastq,consolidated_dataset/durance2/14Man1017Ch05A_S273_L001_R2_001.fastq.gz,gzip
data/durance2/16S-Dur2_renamed/14Per1013Ch05A_S274_L001_R1_001.fastq,consolidated_dataset/durance2/14Per1013Ch05A_S274_L001_R1_001.fastq.gz,gzip
data/durance2/16S-Dur2_renamed/14Per1013Ch05A_S274_L001_R2_001.fastq,consolidated_dataset/durance2/14Per1013Ch05A_S274_L001_R2_001.fastq.gz,gzip
data/durance2/16S-Dur2_renamed/control/Mock-1_S275_L001_R1_001.fastq,consolidated_dataset/durance2/Mock-1_S275_L001_R1_001.fastq.gz,gzip
data/durance2/16S-Dur2_renamed/control/Mock-1_S275_L001_R2_001.fastq,consolidated_dataset/durance2/Mock-1_S275_L001_R2_001.fastq.gz,gzip
data/durance2/16S-Dur2_renamed/control/empty-10_S276_L001_R1_001.fastq,consolidated_dataset/durance2/empty-10_S276_L001_R1_001.fastq.gz,gzip
data/durance2/16S-Dur2_renamed/control/empty-10_S276_L001_R2_001.fastq,consolidated_dataset/durance2/empty-10_S276_L001_R2_001.fastq.gz,gzip
data/durance2/16S-Dur2_renamed/14Ain1037Cn05A_S277_L001_R1_001.fastq,consolidated_dataset/durance2/14Ain1037Cn05A_S277_L001_R1_001.fastq.gz,gzip
data/durance2/16S-Dur2_renamed/14Ain1037Cn05A_S277_L001_R2_001.fastq,consolidated_dataset/durance2/14Ain1037Cn05A_S277_L001_R2_001.fastq.gz,gzip
data/durance2/16S-Dur2_renamed/15Cab1002Ch05A_S278_L001_R1_001.fastq,consolidated_dataset/durance2/15Cab1002Ch05A_S278_L001_R1_001.fastq.gz,gzip
data/durance2/16S-Dur2_renamed/15Cab1002Ch05A_S278_L001_R2_001.fastq,consolidated_dataset/durance2/15Cab1002Ch05A_S278_L001_R2_001.fastq.gz,gzip
data/durance2/16S-Dur2_renamed/15Cab1010Ch05A_S279_L001_R1_001.fastq,consolidated_dataset/durance2/15Cab1010Ch05A_S279_L001_R1_001.fastq.gz,gzip
data/durance2/16S-Dur2_renamed/15Cab1010Ch05A_S279_L001_R2_001.fastq,consolidated_dataset/durance2/15Cab1010Ch05A_S279_L001_R2_001.fastq.gz,gzip
data/durance2/16S-Dur2_renamed/15Cab1018Ch05A_S280_L001_R1_001.fastq,consolidated_dataset/durance2/15Cab1018Ch05A_S280_L001_R1_001.fastq.gz,gzip
data/durance2/16S-Dur2_renamed/15Cab1018Ch05A_S280_L001_R2_001.fastq,consolidated_dataset/durance2/15Cab1018Ch05A_S280_L001_R2_001.fastq.gz,gzip
data/durance2/16S-Dur2_renamed/14Avi1007Cn05A_S281_L001_R1_001.fastq,consolidated_dataset/durance2/14Avi1007Cn05A_S281_L001_R1_001.fastq.gz,gzip
data/durance2/16S-Dur2_renamed/14Avi1007Cn05A_S281_L001_R2_001.fastq,consolidated_dataset/durance2/14Avi1007Cn05A_S281_L001_R2_001.fastq.gz,gzip
data/durance2/16S-Dur2_renamed/14Bue1004Cn05A_S282_L001_R1_001.fastq,consolidated_dataset/durance2/14Bue1004Cn05A_S282_L001_R1_001.fastq.gz,gzip
data/durance2/16S-Dur2_renamed/14Bue1004Cn05A_S282_L001_R2_001.fastq,consolidated_dataset/durance2/14Bue1004Cn05A_S282_L001_R2_001.fastq.gz,gzip
data/durance2/16S-Dur2_renamed/14Bue1013Ch05A_S283_L001_R1_001.fastq,consolidated_dataset/durance2/14Bue1013Ch05A_S283_L001_R1_001.fastq.gz,gzip
data/durance2/16S-Dur2_renamed/14Bue1013Ch05A_S283_L001_R2_001.fastq,consolidated_dataset/durance2/14Bue1013Ch05A_S283_L001_R2_001.fastq.gz,gzip
data/durance2/16S-Dur2_renamed/14Man1010Cn05A_S284_L001_R1_001.fastq,consolidated_dataset/durance2/14Man1010Cn05A_S284_L001_R1_001.fastq.gz,gzip
data/durance2/16S-Dur2_renamed/14Man1010Cn05A_S284_L001_R2_001.fastq,consolidated_dataset/durance2/14Man1010Cn05A_S284_L001_R2_001.fastq.gz,gzip
data/durance2/16S-Dur2_renamed/14Man1018Ch05A_S285_L001_R1_001.fastq,consolidated_dataset/durance2/14Man1018Ch05A_S285_L001_R1_001.fastq.gz,gzip
data/durance2/16S-Dur2_renamed/14Man1018Ch05A_S285_L001_R2_001.fastq,consolidated_dataset/durance2/14Man1018Ch05A_S285_L001_R2_001.fastq.gz,gzip
data/durance2/16S-Dur2_renamed/14Per1014Ch05A_S286_L001_R1_001.fastq,consolidated_dataset/durance2/14Per1014Ch05A_S286_L001_R1_001.fastq.gz,gzip
data/durance2/16S-Dur2_renamed/14Per1014Ch05A_S286_L001_R2_001.fastq,consolidated_dataset/durance2/14Per1014Ch05A_S286_L001_R2_001.fastq.gz,gzip
data/durance2/16S-Dur2_renamed/control/T-3_S287_L001_R1_001.fastq,consolidated_dataset/durance2/T-3_S287_L001_R1_001.fastq.gz,gzip
data/durance2/16S-Dur2_renamed/control/T-3_S287_L001_R2_001.fastq,consolidated_dataset/durance2/T-3_S287_L001_R2_001.fastq.gz,gzip
data/durance2/16S-Dur2_renamed/control/empty-11_S288_L001_R1_001.fastq,consolidated_dataset/durance2/empty-11_S288_L001_R1_001.fastq.gz,gzip
data/durance2/16S-Dur2_renamed/control/empty-11_S288_L001_R2_001.fastq,consolidated_dataset/durance2/empty-11_S288_L001_R2_001.fastq.gz,gzip
data/durance2/16S-Dur2_renamed/15Bau1001Ch05A_S289_L001_R1_001.fastq,consolidated_dataset/durance2/15Bau1001Ch05A_S289_L001_R1_001.fastq.gz,gzip
data/durance2/16S-Dur2_renamed/15Bau1001Ch05A_S289_L001_R2_001.fastq,consolidated_dataset/durance2/15Bau1001Ch05A_S289_L001_R2_001.fastq.gz,gzip
data/durance2/16S-Dur2_renamed/15Bau1009Ch05A_S290_L001_R1_001.fastq,consolidated_dataset/durance2/15Bau1009Ch05A_S290_L001_R1_001.fastq.gz,gzip
data/durance2/16S-Dur2_renamed/15Bau1009Ch05A_S290_L001_R2_001.fastq,consolidated_dataset/durance2/15Bau1009Ch05A_S290_L001_R2_001.fastq.gz,gzip
data/durance2/16S-Dur2_renamed/15Bau1017Ch05A_S291_L001_R1_001.fastq,consolidated_dataset/durance2/15Bau1017Ch05A_S291_L001_R1_001.fastq.gz,gzip
data/durance2/16S-Dur2_renamed/15Bau1017Ch05A_S291_L001_R2_001.fastq,consolidated_dataset/durance2/15Bau1017Ch05A_S291_L001_R2_001.fastq.gz,gzip
data/durance2/16S-Dur2_renamed/15Bau1025Ch05A_S292_L001_R1_001.fastq,consolidated_dataset/durance2/15Bau1025Ch05A_S292_L001_R1_001.fastq.gz,gzip
data/durance2/16S-Dur2_renamed/15Bau1025Ch05A_S292_L001_R2_001.fastq,consolidated_dataset/durance2/15Bau1025Ch05A_S292_L001_R2_001.fastq.gz,gzip
data/durance2/16S-Dur2_renamed/15Jus1008Ch05A_S293_L001_R1_001.fastq,consolidated_dataset/durance2/15Jus1008Ch05A_S293_L001_R1_001.fastq.gz,gzip
data/durance2/16S-Dur2_renamed/15Jus1008Ch05A_S293_L001_R2_001.fastq,consolidated_dataset/durance2/15Jus1008Ch05A_S293_L001_R2_001.fastq.gz,gzip
data/durance2/16S-Dur2_renamed/15Jus1016Ch05A_S294_L001_R1_001.fastq,consolidated_dataset/durance2/15Jus1016Ch05A_S294_L001_R1_001.fastq.gz,gzip
data/durance2/16S-Dur2_renamed/15Jus1016Ch05A_S294_L001_R2_001.fastq,consolidated_dataset/durance2/15Jus1016Ch05A_S294_L001_R2_001.fastq.gz,gzip
data/durance2/16S-Dur2_renamed/15Caa1005Ch05A_S295_L001_R1_001.fastq,consolidated_dataset/durance2/15Caa1005Ch05A_S295_L001_R1_001.fastq.gz,gzip
data/durance2/16S-Dur2_renamed/15Caa1005Ch05A_S295_L001_R2_001.fastq,consolidated_dataset/durance2/15Caa1005Ch05A_S295_L001_R2_001.fastq.gz,gzip
data/durance2/16S-Dur2_renamed/15Caa1013Ch05A_S296_L001_R1_001.fastq,consolidated_dataset/durance2/15Caa1013Ch05A_S296_L001_R1_001.fastq.gz,gzip
data/durance2/16S-Dur2_renamed/15Caa1013Ch05A_S296_L001_R2_001.fastq,consolidated_dataset/durance2/15Caa1013Ch05A_S296_L001_R2_001.fastq.gz,gzip
data/durance2/16S-Dur2_renamed/15Avi1001Cn05A_S297_L001_R1_001.fastq,consolidated_dataset/durance2/15Avi1001Cn05A_S297_L001_R1_001.fastq.gz,gzip
data/durance2/16S-Dur2_renamed/15Avi1001Cn05A_S297_L001_R2_001.fastq,consolidated_dataset/durance2/15Avi1001Cn05A_S297_L001_R2_001.fastq.gz,gzip
data/durance2/16S-Dur2_renamed/15Avi1009Cn05A_S298_L001_R1_001.fastq,consolidated_dataset/durance2/15Avi1009Cn05A_S298_L001_R1_001.fastq.gz,gzip
data/durance2/16S-Dur2_renamed/15Avi1009Cn05A_S298_L001_R2_001.fastq,consolidated_dataset/durance2/15Avi1009Cn05A_S298_L001_R2_001.fastq.gz,gzip
data/durance2/16S-Dur2_renamed/15BUe1004Ch05A_S299_L001_R1_001.fastq,consolidated_dataset/durance2/15BUe1004Ch05A_S299_L001_R1_001.fastq.gz,gzip
data/durance2/16S-Dur2_renamed/15BUe1004Ch05A_S299_L001_R2_001.fastq,consolidated_dataset/durance2/15BUe1004Ch05A_S299_L001_R2_001.fastq.gz,gzip
data/durance2/16S-Dur2_renamed/15BUe1012Ch05A_S300_L001_R1_001.fastq,consolidated_dataset/durance2/15BUe1012Ch05A_S300_L001_R1_001.fastq.gz,gzip
data/durance2/16S-Dur2_renamed/15BUe1012Ch05A_S300_L001_R2_001.fastq,consolidated_dataset/durance2/15BUe1012Ch05A_S300_L001_R2_001.fastq.gz,gzip
data/durance2/16S-Dur2_renamed/15Bau1002Ch05A_S301_L001_R1_001.fastq,consolidated_dataset/durance2/15Bau1002Ch05A_S301_L001_R1_001.fastq.gz,gzip
data/durance2/16S-Dur2_renamed/15Bau1002Ch05A_S301_L001_R2_001.fastq,consolidated_dataset/durance2/15Bau1002Ch05A_S301_L001_R2_001.fastq.gz,gzip
data/durance2/16S-Dur2_renamed/15Bau1010Ch05A_S302_L001_R1_001.fastq,consolidated_dataset/durance2/15Bau1010Ch05A_S302_L001_R1_001.fastq.gz,gzip
data/durance2/16S-Dur2_renamed/15Bau1010Ch05A_S302_L001_R2_001.fastq,consolidated_dataset/durance2/15Bau1010Ch05A_S302_L001_R2_001.fastq.gz,gzip
data/durance2/16S-Dur2_renamed/15Bau1018Ch05A_S303_L001_R1_001.fastq,consolidated_dataset/durance2/15Bau1018Ch05A_S303_L001_R1_001.fastq.gz,gzip
data/durance2/16S-Dur2_renamed/15Bau1018Ch05A_S303_L001_R2_001.fastq,consolidated_dataset/durance2/15Bau1018Ch05A_S303_L001_R2_001.fastq.gz,gzip
data/durance2/16S-Dur2_renamed/15Jus1001Ch05A_S304_L001_R1_001.fastq,consolidated_dataset/durance2/15Jus1001Ch05A_S304_L001_R1_001.fastq.gz,gzip
data/durance2/16S-Dur2_renamed/15Jus1001Ch05A_S304_L001_R2_001.fastq,consolidated_dataset/durance2/15Jus1001Ch05A_S304_L001_R2_001.fastq.gz,gzip
data/durance2/16S-Dur2_renamed/15Jus1009Ch05A_S305_L001_R1_001.fastq,consolidated_dataset/durance2/15Jus1009Ch05A_S305_L001_R1_001.fastq.gz,gzip
data/durance2/16S-Dur2_renamed/15Jus1009Ch05A_S305_L001_R2_001.fastq,consolidated_dataset/durance2/15Jus1009Ch05A_S305_L001_R2_001.fastq.gz,gzip
data/durance2/16S-Dur2_renamed/15Jus1017Ch05A_S306_L001_R1_001.fastq,consolidated_dataset/durance2/15Jus1017Ch05A_S306_L001_R1_001.fastq.gz,gzip
data/durance2/16S-Dur2_renamed/15Jus1017Ch05A_S306_L001_R2_001.fastq,consolidated_dataset/durance2/15Jus1017Ch05A_S306_L001_R2_001.fastq.gz,gzip
data/durance2/16S-Dur2_renamed/15Caa1006Ch05A_S307_L001_R1_001.fastq,consolidated_dataset/durance2/15Caa1006Ch05A_S307_L001_R1_001.fastq.gz,gzip
data/durance2/16S-Dur2_renamed/15Caa1006Ch05A_S307_L001_R2_001.fastq,consolidated_dataset/durance2/15Caa1006Ch05A_S307_L001_R2_001.fastq.gz,gzip
data/durance2/16S-Dur2_renamed/15Caa1014Ch05A_S308_L001_R1_001.fastq,consolidated_dataset/durance2/15Caa1014Ch05A_S308_L001_R1_001.fastq.gz,gzip
data/durance2/16S-Dur2_renamed/15Caa1014Ch05A_S308_L001_R2_001.fastq,consolidated_dataset/durance2/15Caa1014Ch05A_S308_L001_R2_001.fastq.gz,gzip
data/durance2/16S-Dur2_renamed/15Avi1002Cn05A_S309_L001_R1_001.fastq,consolidated_dataset/durance2/15Avi1002Cn05A_S309_L001_R1_001.fastq.gz,gzip
data/durance2/16S-Dur2_renamed/15Avi1002Cn05A_S309_L001_R2_001.fastq,consolidated_dataset/durance2/15Avi1002Cn05A_S309_L001_R2_001.fastq.gz,gzip
data/durance2/16S-Dur2_renamed/15Avi1010Cn05A_S310_L001_R1_001.fastq,consolidated_dataset/durance2/15Avi1010Cn05A_S310_L001_R1_001.fastq.gz,gzip
data/durance2/16S-Dur2_renamed/15Avi1010Cn05A_S310_L001_R2_001.fastq,consolidated_dataset/durance2/15Avi1010Cn05A_S310_L001_R2_001.fastq.gz,gzip
data/durance2/16S-Dur2_renamed/15BUe1005Ch05A_S311_L001_R1_001.fastq,consolidated_dataset/durance2/15BUe1005Ch05A_S311_L001_R1_001.fastq.gz,gzip
data/durance2/16S-Dur2_renamed/15BUe1005Ch05A_S311_L001_R2_001.fastq,consolidated_dataset/durance2/15BUe1005Ch05A_S311_L001_R2_001.fastq.gz,gzip
data/durance2/16S-Dur2_renamed/15BUe1013Ch05A_S312_L001_R1_001.fastq,consolidated_dataset/durance2/15BUe1013Ch05A_S312_L001_R1_001.fastq.gz,gzip
data/durance2/16S-Dur2_renamed/15BUe1013Ch05A_S312_L001_R2_001.fastq,consolidated_dataset/durance2/15BUe1013Ch05A_S312_L001_R2_001.fastq.gz,gzip
data/durance2/16S-Dur2_renamed/15Bau1003Ch05A_S313_L001_R1_001.fastq,consolidated_dataset/durance2/15Bau1003Ch05A_S313_L001_R1_001.fastq.gz,gzip
data/durance2/16S-Dur2_renamed/15Bau1003Ch05A_S313_L001_R2_001.fastq,consolidated_dataset/durance2/15Bau1003Ch05A_S313_L001_R2_001.fastq.gz,gzip
data/durance2/16S-Dur2_renamed/15Bau1011Ch05A_S314_L001_R1_001.fastq,consolidated_dataset/durance2/15Bau1011Ch05A_S314_L001_R1_001.fastq.gz,gzip
data/durance2/16S-Dur2_renamed/15Bau1011Ch05A_S314_L001_R2_001.fastq,consolidated_dataset/durance2/15Bau1011Ch05A_S314_L001_R2_001.fastq.gz,gzip
data/durance2/16S-Dur2_renamed/15Bau1019Ch05A_S315_L001_R1_001.fastq,consolidated_dataset/durance2/15Bau1019Ch05A_S315_L001_R1_001.fastq.gz,gzip
data/durance2/16S-Dur2_renamed/15Bau1019Ch05A_S315_L001_R2_001.fastq,consolidated_dataset/durance2/15Bau1019Ch05A_S315_L001_R2_001.fastq.gz,gzip
data/durance2/16S-Dur2_renamed/15Jus1002Ch05A_S316_L001_R1_001.fastq,consolidated_dataset/durance2/15Jus1002Ch05A_S316_L001_R1_001.fastq.gz,gzip
data/durance2/16S-Dur2_renamed/15Jus1002Ch05A_S316_L001_R2_001.fastq,consolidated_dataset/durance2/15Jus1002Ch05A_S316_L001_R2_001.fastq.gz,gzip
data/durance2/16S-Dur2_renamed/15Jus1010Ch05A_S317_L001_R1_001.fastq,consolidated_dataset/durance2/15Jus1010Ch05A_S317_L001_R1_001.fastq.gz,gzip
data/durance2/16S-Dur2_renamed/15Jus1010Ch05A_S317_L001_R2_001.fastq,consolidated_dataset/durance2/15Jus1010Ch05A_S317_L001_R2_001.fastq.gz,gzip
data/durance2/16S-Dur2_renamed/15Jus1018Ch05A_S318_L001_R1_001.fastq,consolidated_dataset/durance2/15Jus1018Ch05A_S318_L001_R1_001.fastq.gz,gzip
data/durance2/16S-Dur2_renamed/15Jus1018Ch05A_S318_L001_R2_001.fastq,consolidated_dataset/durance2/15Jus1018Ch05A_S318_L001_R2_001.fastq.gz,gzip
data/durance2/16S-Dur2_renamed/15Caa1007Ch05A_S319_L001_R1_001.fastq,consolidated_dataset/durance2/15Caa1007Ch05A_S319_L001_R1_001.fastq.gz,gzip
data/durance2/16S-Dur2_renamed/15Caa1007Ch05A_S319_L001_R2_001.fastq,consolidated_dataset/durance2/15Caa1007Ch05A_S319_L001_R2_001.fastq.gz,gzip
data/durance2/16S-Dur2_renamed/15Caa1015Ch05A_S320_L001_R1_001.fastq,consolidated_dataset/durance2/15Caa1015Ch05A_S320_L001_R1_001.fastq.gz,gzip
data/durance2/16S-Dur2_renamed/15Caa1015Ch05A_S320_L001_R2_001.fastq,consolidated_dataset/durance2/15Caa1015Ch05A_S320_L001_R2_001.fastq.gz,gzip
data/durance2/16S-Dur2_renamed/15Avi1003Cn05A_S321_L001_R1_001.fastq,consolidated_dataset/durance2/15Avi1003Cn05A_S321_L001_R1_001.fastq.gz,gzip
data/durance2/16S-Dur2_renamed/15Avi1003Cn05A_S321_L001_R2_001.fastq,consolidated_dataset/durance2/15Avi1003Cn05A_S321_L001_R2_001.fastq.gz,gzip
data/durance2/16S-Dur2_renamed/15Avi1011Cn05A_S322_L001_R1_001.fastq,consolidated_dataset/durance2/15Avi1011Cn05A_S322_L001_R1_001.fastq.gz,gzip
data/durance2/16S-Dur2_renamed/15Avi1011Cn05A_S322_L001_R2_001.fastq,consolidated_dataset/durance2/15Avi1011Cn05A_S322_L001_R2_001.fastq.gz,gzip
data/durance2/16S-Dur2_renamed/15BUe1006Ch05A_S323_L001_R1_001.fastq,consolidated_dataset/durance2/15BUe1006Ch05A_S323_L001_R1_001.fastq.gz,gzip
data/durance2/16S-Dur2_renamed/15BUe1006Ch05A_S323_L001_R2_001.fastq,consolidated_dataset/durance2/15BUe1006Ch05A_S323_L001_R2_001.fastq.gz,gzip
data/durance2/16S-Dur2_renamed/15BUe1014Ch05A_S324_L001_R1_001.fastq,consolidated_dataset/durance2/15BUe1014Ch05A_S324_L001_R1_001.fastq.gz,gzip
data/durance2/16S-Dur2_renamed/15BUe1014Ch05A_S324_L001_R2_001.fastq,consolidated_dataset/durance2/15BUe1014Ch05A_S324_L001_R2_001.fastq.gz,gzip
data/durance2/16S-Dur2_renamed/15Bau1004Ch05A_S325_L001_R1_001.fastq,consolidated_dataset/durance2/15Bau1004Ch05A_S325_L001_R1_001.fastq.gz,gzip
data/durance2/16S-Dur2_renamed/15Bau1004Ch05A_S325_L001_R2_001.fastq,consolidated_dataset/durance2/15Bau1004Ch05A_S325_L001_R2_001.fastq.gz,gzip
data/durance2/16S-Dur2_renamed/15Bau1012Ch05A_S326_L001_R1_001.fastq,consolidated_dataset/durance2/15Bau1012Ch05A_S326_L001_R1_001.fastq.gz,gzip
data/durance2/16S-Dur2_renamed/15Bau1012Ch05A_S326_L001_R2_001.fastq,consolidated_dataset/durance2/15Bau1012Ch05A_S326_L001_R2_001.fastq.gz,gzip
data/durance2/16S-Dur2_renamed/15Bau1020Ch05A_S327_L001_R1_001.fastq,consolidated_dataset/durance2/15Bau1020Ch05A_S327_L001_R1_001.fastq.gz,gzip
data/durance2/16S-Dur2_renamed/15Bau1020Ch05A_S327_L001_R2_001.fastq,consolidated_dataset/durance2/15Bau1020Ch05A_S327_L001_R2_001.fastq.gz,gzip
data/durance2/16S-Dur2_renamed/15Jus1003Ch05A_S328_L001_R1_001.fastq,consolidated_dataset/durance2/15Jus1003Ch05A_S328_L001_R1_001.fastq.gz,gzip
data/durance2/16S-Dur2_renamed/15Jus1003Ch05A_S328_L001_R2_001.fastq,consolidated_dataset/durance2/15Jus1003Ch05A_S328_L001_R2_001.fastq.gz,gzip
data/durance2/16S-Dur2_renamed/15Jus1011Ch05A_S329_L001_R1_001.fastq,consolidated_dataset/durance2/15Jus1011Ch05A_S329_L001_R1_001.fastq.gz,gzip
data/durance2/16S-Dur2_renamed/15Jus1011Ch05A_S329_L001_R2_001.fastq,consolidated_dataset/durance2/15Jus1011Ch05A_S329_L001_R2_001.fastq.gz,gzip
data/durance2/16S-Dur2_renamed/15Jus1019Ch05A_S330_L001_R1_001.fastq,consolidated_dataset/durance2/15Jus1019Ch05A_S330_L001_R1_001.fastq.gz,gzip
data/durance2/16S-Dur2_renamed/15Jus1019Ch05A_S330_L001_R2_001.fastq,consolidated_dataset/durance2/15Jus1019Ch05A_S330_L001_R2_001.fastq.gz,gzip
data/durance2/16S-Dur2_renamed/15Caa1008Ch05A_S331_L001_R1_001.fastq,consolidated_dataset/durance2/15Caa1008Ch05A_S331_L001_R1_001.fastq.gz,gzip
data/durance2/16S-Dur2_renamed/15Caa1008Ch05A_S331_L001_R2_001.fastq,consolidated_dataset/durance2/15Caa1008Ch05A_S331_L001_R2_001.fastq.gz,gzip
data/durance2/16S-Dur2_renamed/15Caa1016Ch05A_S332_L001_R1_001.fastq,consolidated_dataset/durance2/15Caa1016Ch05A_S332_L001_R1_001.fastq.gz,gzip
data/durance2/16S-Dur2_renamed/15Caa1016Ch05A_S332_L001_R2_001.fastq,consolidated_dataset/durance2/15Caa1016Ch05A_S332_L001_R2_001.fastq.gz,gzip
data/durance2/16S-Dur2_renamed/15Avi1004Cn05A_S333_L001_R1_001.fastq,consolidated_dataset/durance2/15Avi1004Cn05A_S333_L001_R1_001.fastq.gz,gzip
data/durance2/16S-Dur2_renamed/15Avi1004Cn05A_S333_L001_R2_001.fastq,consolidated_dataset/durance2/15Avi1004Cn05A_S333_L001_R2_001.fastq.gz,gzip
data/durance2/16S-Dur2_renamed/15Avi1012Pt05A_S334_L001_R1_001.fastq,consolidated_dataset/durance2/15Avi1012Pt05A_S334_L001_R1_001.fastq.gz,gzip
data/durance2/16S-Dur2_renamed/15Avi1012Pt05A_S334_L001_R2_001.fastq,consolidated_dataset/durance2/15Avi1012Pt05A_S334_L001_R2_001.fastq.gz,gzip
data/durance2/16S-Dur2_renamed/15BUe1007Ch05A_S335_L001_R1_001.fastq,consolidated_dataset/durance2/15BUe1007Ch05A_S335_L001_R1_001.fastq.gz,gzip
data/durance2/16S-Dur2_renamed/15BUe1007Ch05A_S335_L001_R2_001.fastq,consolidated_dataset/durance2/15BUe1007Ch05A_S335_L001_R2_001.fastq.gz,gzip
data/durance2/16S-Dur2_renamed/15BUe1015Ch05A_S336_L001_R1_001.fastq,consolidated_dataset/durance2/15BUe1015Ch05A_S336_L001_R1_001.fastq.gz,gzip
data/durance2/16S-Dur2_renamed/15BUe1015Ch05A_S336_L001_R2_001.fastq,consolidated_dataset/durance2/15BUe1015Ch05A_S336_L001_R2_001.fastq.gz,gzip
data/durance2/16S-Dur2_renamed/15Bau1005Ch05A_S337_L001_R1_001.fastq,consolidated_dataset/durance2/15Bau1005Ch05A_S337_L001_R1_001.fastq.gz,gzip
data/durance2/16S-Dur2_renamed/15Bau1005Ch05A_S337_L001_R2_001.fastq,consolidated_dataset/durance2/15Bau1005Ch05A_S337_L001_R2_001.fastq.gz,gzip
data/durance2/16S-Dur2_renamed/15Bau1013Ch05A_S338_L001_R1_001.fastq,consolidated_dataset/durance2/15Bau1013Ch05A_S338_L001_R1_001.fastq.gz,gzip
data/durance2/16S-Dur2_renamed/15Bau1013Ch05A_S338_L001_R2_001.fastq,consolidated_dataset/durance2/15Bau1013Ch05A_S338_L001_R2_001.fastq.gz,gzip
data/durance2/16S-Dur2_renamed/15Bau1021Ch05A_S339_L001_R1_001.fastq,consolidated_dataset/durance2/15Bau1021Ch05A_S339_L001_R1_001.fastq.gz,gzip
data/durance2/16S-Dur2_renamed/15Bau1021Ch05A_S339_L001_R2_001.fastq,consolidated_dataset/durance2/15Bau1021Ch05A_S339_L001_R2_001.fastq.gz,gzip
data/durance2/16S-Dur2_renamed/15Jus1004Ch05A_S340_L001_R1_001.fastq,consolidated_dataset/durance2/15Jus1004Ch05A_S340_L001_R1_001.fastq.gz,gzip
data/durance2/16S-Dur2_renamed/15Jus1004Ch05A_S340_L001_R2_001.fastq,consolidated_dataset/durance2/15Jus1004Ch05A_S340_L001_R2_001.fastq.gz,gzip
data/durance2/16S-Dur2_renamed/15Jus1012Ch05A_S341_L001_R1_001.fastq,consolidated_dataset/durance2/15Jus1012Ch05A_S341_L001_R1_001.fastq.gz,gzip
data/durance2/16S-Dur2_renamed/15Jus1012Ch05A_S341_L001_R2_001.fastq,consolidated_dataset/durance2/15Jus1012Ch05A_S341_L001_R2_001.fastq.gz,gzip
data/durance2/16S-Dur2_renamed/15Caa1001Ch05A_S342_L001_R1_001.fastq,consolidated_dataset/durance2/15Caa1001Ch05A_S342_L001_R1_001.fastq.gz,gzip
data/durance2/16S-Dur2_renamed/15Caa1001Ch05A_S342_L001_R2_001.fastq,consolidated_dataset/durance2/15Caa1001Ch05A_S342_L001_R2_001.fastq.gz,gzip
data/durance2/16S-Dur2_renamed/15Caa1009Ch05A_S343_L001_R1_001.fastq,consolidated_dataset/durance2/15Caa1009Ch05A_S343_L001_R1_001.fastq.gz,gzip
data/durance2/16S-Dur2_renamed/15Caa1009Ch05A_S343_L001_R2_001.fastq,consolidated_dataset/durance2/15Caa1009Ch05A_S343_L001_R2_001.fastq.gz,gzip
data/durance2/16S-Dur2_renamed/15Caa1017Ch05A_S344_L001_R1_001.fastq,consolidated_dataset/durance2/15Caa1017Ch05A_S344_L001_R1_001.fastq.gz,gzip
data/durance2/16S-Dur2_renamed/15Caa1017Ch05A_S344_L001_R2_001.fastq,consolidated_dataset/durance2/15Caa1017Ch05A_S344_L001_R2_001.fastq.gz,gzip
data/durance2/16S-Dur2_renamed/15Avi1005Cn05A_S345_L001_R1_001.fastq,consolidated_dataset/durance2/15Avi1005Cn05A_S345_L001_R1_001.fastq.gz,gzip
data/durance2/16S-Dur2_renamed/15Avi1005Cn05A_S345_L001_R2_001.fastq,consolidated_dataset/durance2/15Avi1005Cn05A_S345_L001_R2_001.fastq.gz,gzip
data/durance2/16S-Dur2_renamed/15Avi1013Pt05A_S346_L001_R1_001.fastq,consolidated_dataset/durance2/15Avi1013Pt05A_S346_L001_R1_001.fastq.gz,gzip
data/durance2/16S-Dur2_renamed/15Avi1013Pt05A_S346_L001_R2_001.fastq,consolidated_dataset/durance2/15Avi1013Pt05A_S346_L001_R2_001.fastq.gz,gzip
data/durance2/16S-Dur2_renamed/15BUe1008Ch05A_S347_L001_R1_001.fastq,consolidated_dataset/durance2/15BUe1008Ch05A_S347_L001_R1_001.fastq.gz,gzip
data/durance2/16S-Dur2_renamed/15BUe1008Ch05A_S347_L001_R2_001.fastq,consolidated_dataset/durance2/15BUe1008Ch05A_S347_L001_R2_001.fastq.gz,gzip
data/durance2/16S-Dur2_renamed/15BUe1016Ch05A_S348_L001_R1_001.fastq,consolidated_dataset/durance2/15BUe1016Ch05A_S348_L001_R1_001.fastq.gz,gzip
data/durance2/16S-Dur2_renamed/15BUe1016Ch05A_S348_L001_R2_001.fastq,consolidated_dataset/durance2/15BUe1016Ch05A_S348_L001_R2_001.fastq.gz,gzip
data/durance2/16S-Dur2_renamed/15Bau1006Ch05A_S349_L001_R1_001.fastq,consolidated_dataset/durance2/15Bau1006Ch05A_S349_L001_R1_001.fastq.gz,gzip
data/durance2/16S-Dur2_renamed/15Bau1006Ch05A_S349_L001_R2_001.fastq,consolidated_dataset/durance2/15Bau1006Ch05A_S349_L001_R2_001.fastq.gz,gzip
data/durance2/16S-Dur2_renamed/15Bau1014Ch05A_S350_L001_R1_001.fastq,consolidated_dataset/durance2/15Bau1014Ch05A_S350_L001_R1_001.fastq.gz,gzip
data/durance2/16S-Dur2_renamed/15Bau1014Ch05A_S350_L001_R2_001.fastq,consolidated_dataset/durance2/15Bau1014Ch05A_S350_L001_R2_001.fastq.gz,gzip
data/durance2/16S-Dur2_renamed/15Bau1022Ch05A_S351_L001_R1_001.fastq,consolidated_dataset/durance2/15Bau1022Ch05A_S351_L001_R1_001.fastq.gz,gzip
data/durance2/16S-Dur2_renamed/15Bau1022Ch05A_S351_L001_R2_001.fastq,consolidated_dataset/durance2/15Bau1022Ch05A_S351_L001_R2_001.fastq.gz,gzip
data/durance2/16S-Dur2_renamed/15Jus1005Ch05A_S352_L001_R1_001.fastq,consolidated_dataset/durance2/15Jus1005Ch05A_S352_L001_R1_001.fastq.gz,gzip
data/durance2/16S-Dur2_renamed/15Jus1005Ch05A_S352_L001_R2_001.fastq,consolidated_dataset/durance2/15Jus1005Ch05A_S352_L001_R2_001.fastq.gz,gzip
data/durance2/16S-Dur2_renamed/15Jus1013Ch05A_S353_L001_R1_001.fastq,consolidated_dataset/durance2/15Jus1013Ch05A_S353_L001_R1_001.fastq.gz,gzip
data/durance2/16S-Dur2_renamed/15Jus1013Ch05A_S353_L001_R2_001.fastq,consolidated_dataset/durance2/15Jus1013Ch05A_S353_L001_R2_001.fastq.gz,gzip
data/durance2/16S-Dur2_renamed/15Caa1002Ch05A_S354_L001_R1_001.fastq,consolidated_dataset/durance2/15Caa1002Ch05A_S354_L001_R1_001.fastq.gz,gzip
data/durance2/16S-Dur2_renamed/15Caa1002Ch05A_S354_L001_R2_001.fastq,consolidated_dataset/durance2/15Caa1002Ch05A_S354_L001_R2_001.fastq.gz,gzip
data/durance2/16S-Dur2_renamed/15Caa1010Ch05A_S355_L001_R1_001.fastq,consolidated_dataset/durance2/15Caa1010Ch05A_S355_L001_R1_001.fastq.gz,gzip
data/durance2/16S-Dur2_renamed/15Caa1010Ch05A_S355_L001_R2_001.fastq,consolidated_dataset/durance2/15Caa1010Ch05A_S355_L001_R2_001.fastq.gz,gzip
data/durance2/16S-Dur2_renamed/15Caa1018Ch05A_S356_L001_R1_001.fastq,consolidated_dataset/durance2/15Caa1018Ch05A_S356_L001_R1_001.fastq.gz,gzip
data/durance2/16S-Dur2_renamed/15Caa1018Ch05A_S356_L001_R2_001.fastq,consolidated_dataset/durance2/15Caa1018Ch05A_S356_L001_R2_001.fastq.gz,gzip
data/durance2/16S-Dur2_renamed/15Avi1006Cn05A_S357_L001_R1_001.fastq,consolidated_dataset/durance2/15Avi1006Cn05A_S357_L001_R1_001.fastq.gz,gzip
data/durance2/16S-Dur2_renamed/15Avi1006Cn05A_S357_L001_R2_001.fastq,consolidated_dataset/durance2/15Avi1006Cn05A_S357_L001_R2_001.fastq.gz,gzip
data/durance2/16S-Dur2_renamed/15Bue1001Ch05A_S358_L001_R1_001.fastq,consolidated_dataset/durance2/15Bue1001Ch05A_S358_L001_R1_001.fastq.gz,gzip
data/durance2/16S-Dur2_renamed/15Bue1001Ch05A_S358_L001_R2_001.fastq,consolidated_dataset/durance2/15Bue1001Ch05A_S358_L001_R2_001.fastq.gz,gzip
data/durance2/16S-Dur2_renamed/15BUe1009Ch05A_S359_L001_R1_001.fastq,consolidated_dataset/durance2/15BUe1009Ch05A_S359_L001_R1_001.fastq.gz,gzip
data/durance2/16S-Dur2_renamed/15BUe1009Ch05A_S359_L001_R2_001.fastq,consolidated_dataset/durance2/15BUe1009Ch05A_S359_L001_R2_001.fastq.gz,gzip
data/durance2/16S-Dur2_renamed/15BUe1017Ch05A_S360_L001_R1_001.fastq,consolidated_dataset/durance2/15BUe1017Ch05A_S360_L001_R1_001.fastq.gz,gzip
data/durance2/16S-Dur2_renamed/15BUe1017Ch05A_S360_L001_R2_001.fastq,consolidated_dataset/durance2/15BUe1017Ch05A_S360_L001_R2_001.fastq.gz,gzip
data/durance2/16S-Dur2_renamed/15Bau1007Ch05A_S361_L001_R1_001.fastq,consolidated_dataset/durance2/15Bau1007Ch05A_S361_L001_R1_001.fastq.gz,gzip
data/durance2/16S-Dur2_renamed/15Bau1007Ch05A_S361_L001_R2_001.fastq,consolidated_dataset/durance2/15Bau1007Ch05A_S361_L001_R2_001.fastq.gz,gzip
data/durance2/16S-Dur2_renamed/15Bau1015Ch05A_S362_L001_R1_001.fastq,consolidated_dataset/durance2/15Bau1015Ch05A_S362_L001_R1_001.fastq.gz,gzip
data/durance2/16S-Dur2_renamed/15Bau1015Ch05A_S362_L001_R2_001.fastq,consolidated_dataset/durance2/15Bau1015Ch05A_S362_L001_R2_001.fastq.gz,gzip
data/durance2/16S-Dur2_renamed/15Bau1023Ch05A_S363_L001_R1_001.fastq,consolidated_dataset/durance2/15Bau1023Ch05A_S363_L001_R1_001.fastq.gz,gzip
data/durance2/16S-Dur2_renamed/15Bau1023Ch05A_S363_L001_R2_001.fastq,consolidated_dataset/durance2/15Bau1023Ch05A_S363_L001_R2_001.fastq.gz,gzip
data/durance2/16S-Dur2_renamed/15Jus1006Ch05A_S364_L001_R1_001.fastq,consolidated_dataset/durance2/15Jus1006Ch05A_S364_L001_R1_001.fastq.gz,gzip
data/durance2/16S-Dur2_renamed/15Jus1006Ch05A_S364_L001_R2_001.fastq,consolidated_dataset/durance2/15Jus1006Ch05A_S364_L001_R2_001.fastq.gz,gzip
data/durance2/16S-Dur2_renamed/15Jus1014Ch05A_S365_L001_R1_001.fastq,consolidated_dataset/durance2/15Jus1014Ch05A_S365_L001_R1_001.fastq.gz,gzip
data/durance2/16S-Dur2_renamed/15Jus1014Ch05A_S365_L001_R2_001.fastq,consolidated_dataset/durance2/15Jus1014Ch05A_S365_L001_R2_001.fastq.gz,gzip
data/durance2/16S-Dur2_renamed/15Caa1003Ch05A_S366_L001_R1_001.fastq,consolidated_dataset/durance2/15Caa1003Ch05A_S366_L001_R1_001.fastq.gz,gzip
data/durance2/16S-Dur2_renamed/15Caa1003Ch05A_S366_L001_R2_001.fastq,consolidated_dataset/durance2/15Caa1003Ch05A_S366_L001_R2_001.fastq.gz,gzip
data/durance2/16S-Dur2_renamed/15Caa1011Ch05A_S367_L001_R1_001.fastq,consolidated_dataset/durance2/15Caa1011Ch05A_S367_L001_R1_001.fastq.gz,gzip
data/durance2/16S-Dur2_renamed/15Caa1011Ch05A_S367_L001_R2_001.fastq,consolidated_dataset/durance2/15Caa1011Ch05A_S367_L001_R2_001.fastq.gz,gzip
data/durance2/16S-Dur2_renamed/15Caa1019Ch05A_S368_L001_R1_001.fastq,consolidated_dataset/durance2/15Caa1019Ch05A_S368_L001_R1_001.fastq.gz,gzip
data/durance2/16S-Dur2_renamed/15Caa1019Ch05A_S368_L001_R2_001.fastq,consolidated_dataset/durance2/15Caa1019Ch05A_S368_L001_R2_001.fastq.gz,gzip
data/durance2/16S-Dur2_renamed/15Avi1007Cn05A_S369_L001_R1_001.fastq,consolidated_dataset/durance2/15Avi1007Cn05A_S369_L001_R1_001.fastq.gz,gzip
data/durance2/16S-Dur2_renamed/15Avi1007Cn05A_S369_L001_R2_001.fastq,consolidated_dataset/durance2/15Avi1007Cn05A_S369_L001_R2_001.fastq.gz,gzip
data/durance2/16S-Dur2_renamed/15BUe1002Ch05A_S370_L001_R1_001.fastq,consolidated_dataset/durance2/15BUe1002Ch05A_S370_L001_R1_001.fastq.gz,gzip
data/durance2/16S-Dur2_renamed/15BUe1002Ch05A_S370_L001_R2_001.fastq,consolidated_dataset/durance2/15BUe1002Ch05A_S370_L001_R2_001.fastq.gz,gzip
data/durance2/16S-Dur2_renamed/15BUe1010Ch05A_S371_L001_R1_001.fastq,consolidated_dataset/durance2/15BUe1010Ch05A_S371_L001_R1_001.fastq.gz,gzip
data/durance2/16S-Dur2_renamed/15BUe1010Ch05A_S371_L001_R2_001.fastq,consolidated_dataset/durance2/15BUe1010Ch05A_S371_L001_R2_001.fastq.gz,gzip
data/durance2/16S-Dur2_renamed/15BUe1018Ch05A_S372_L001_R1_001.fastq,consolidated_dataset/durance2/15BUe1018Ch05A_S372_L001_R1_001.fastq.gz,gzip
data/durance2/16S-Dur2_renamed/15BUe1018Ch05A_S372_L001_R2_001.fastq,consolidated_dataset/durance2/15BUe1018Ch05A_S372_L001_R2_001.fastq.gz,gzip
data/durance2/16S-Dur2_renamed/15Bau1008Ch05A_S373_L001_R1_001.fastq,consolidated_dataset/durance2/15Bau1008Ch05A_S373_L001_R1_001.fastq.gz,gzip
data/durance2/16S-Dur2_renamed/15Bau1008Ch05A_S373_L001_R2_001.fastq,consolidated_dataset/durance2/15Bau1008Ch05A_S373_L001_R2_001.fastq.gz,gzip
data/durance2/16S-Dur2_renamed/15Bau1016Ch05A_S374_L001_R1_001.fastq,consolidated_dataset/durance2/15Bau1016Ch05A_S374_L001_R1_001.fastq.gz,gzip
data/durance2/16S-Dur2_renamed/15Bau1016Ch05A_S374_L001_R2_001.fastq,consolidated_dataset/durance2/15Bau1016Ch05A_S374_L001_R2_001.fastq.gz,gzip
data/durance2/16S-Dur2_renamed/15Bau1024Ch05A_S375_L001_R1_001.fastq,consolidated_dataset/durance2/15Bau1024Ch05A_S375_L001_R1_001.fastq.gz,gzip
data/durance2/16S-Dur2_renamed/15Bau1024Ch05A_S375_L001_R2_001.fastq,consolidated_dataset/durance2/15Bau1024Ch05A_S375_L001_R2_001.fastq.gz,gzip
data/durance2/16S-Dur2_renamed/15Jus1007Ch05A_S376_L001_R1_001.fastq,consolidated_dataset/durance2/15Jus1007Ch05A_S376_L001_R1_001.fastq.gz,gzip
data/durance2/16S-Dur2_renamed/15Jus1007Ch05A_S376_L001_R2_001.fastq,consolidated_dataset/durance2/15Jus1007Ch05A_S376_L001_R2_001.fastq.gz,gzip
data/durance2/16S-Dur2_renamed/15Jus1015Ch05A_S377_L001_R1_001.fastq,consolidated_dataset/durance2/15Jus1015Ch05A_S377_L001_R1_001.fastq.gz,gzip
data/durance2/16S-Dur2_renamed/15Jus1015Ch05A_S377_L001_R2_001.fastq,consolidated_dataset/durance2/15Jus1015Ch05A_S377_L001_R2_001.fastq.gz,gzip
data/durance2/16S-Dur2_renamed/15Caa1004Ch05A_S378_L001_R1_001.fastq,consolidated_dataset/durance2/15Caa1004Ch05A_S378_L001_R1_001.fastq.gz,gzip
data/durance2/16S-Dur2_renamed/15Caa1004Ch05A_S378_L001_R2_001.fastq,consolidated_dataset/durance2/15Caa1004Ch05A_S378_L001_R2_001.fastq.gz,gzip
data/durance2/16S-Dur2_renamed/15Caa1012Ch05A_S379_L001_R1_001.fastq,consolidated_dataset/durance2/15Caa1012Ch05A_S379_L001_R1_001.fastq.gz,gzip
data/durance2/16S-Dur2_renamed/15Caa1012Ch05A_S379_L001_R2_001.fastq,consolidated_dataset/durance2/15Caa1012Ch05A_S379_L001_R2_001.fastq.gz,gzip
data/durance2/16S-Dur2_renamed/15Caa1020Ch05A_S380_L001_R1_001.fastq,consolidated_dataset/durance2/15Caa1020Ch05A_S380_L001_R1_001.fastq.gz,gzip
data/durance2/16S-Dur2_renamed/15Caa1020Ch05A_S380_L001_R2_001.fastq,consolidated_dataset/durance2/15Caa1020Ch05A_S380_L001_R2_001.fastq.gz,gzip
data/durance2/16S-Dur2_renamed/15Avi1008Cn05A_S381_L001_R1_001.fastq,consolidated_dataset/durance2/15Avi1008Cn05A_S381_L001_R1_001.fastq.gz,gzip
data/durance2/16S-Dur2_renamed/15Avi1008Cn05A_S381_L001_R2_001.fastq,consolidated_dataset/durance2/15Avi1008Cn05A_S381_L001_R2_001.fastq.gz,gzip
data/durance2/16S-Dur2_renamed/15BUe1003Ch05A_S382_L001_R1_001.fastq,consolidated_dataset/durance2/15BUe1003Ch05A_S382_L001_R1_001.fastq.gz,gzip
data/durance2/16S-Dur2_renamed/15BUe1003Ch05A_S382_L001_R2_001.fastq,consolidated_dataset/durance2/15BUe1003Ch05A_S382_L001_R2_001.fastq.gz,gzip
data/durance2/16S-Dur2_renamed/15BUe1011Ch05A_S383_L001_R1_001.fastq,consolidated_dataset/durance2/15BUe1011Ch05A_S383_L001_R1_001.fastq.gz,gzip
data/durance2/16S-Dur2_renamed/15BUe1011Ch05A_S383_L001_R2_001.fastq,consolidated_dataset/durance2/15BUe1011Ch05A_S383_L001_R2_001.fastq.gz,gzip
data/durance2/16S-Dur2_renamed/control/T-4_S384_L001_R1_001.fastq,consolidated_dataset/durance2/T-4_S384_L001_R1_001.fastq.gz,gzip
data/durance2/16S-Dur2_renamed/control/T-4_S384_L001_R2_001.fastq,consolidated_dataset/durance2/T-4_S384_L001_R2_001.fastq.gz,gzip
data/durance2/16S-Dur2_renamed/14Ain1001Cn03A_S385_L001_R1_001.fastq,consolidated_dataset/durance2/14Ain1001Cn03A_S385_L001_R1_001.fastq.gz,gzip
data/durance2/16S-Dur2_renamed/14Ain1001Cn03A_S385_L001_R2_001.fastq,consolidated_dataset/durance2/14Ain1001Cn03A_S385_L001_R2_001.fastq.gz,gzip
data/durance2/16S-Dur2_renamed/14Ain1038Pt03A_S386_L001_R1_001.fastq,consolidated_dataset/durance2/14Ain1038Pt03A_S386_L001_R1_001.fastq.gz,gzip
data/durance2/16S-Dur2_renamed/14Ain1038Pt03A_S386_L001_R2_001.fastq,consolidated_dataset/durance2/14Ain1038Pt03A_S386_L001_R2_001.fastq.gz,gzip
data/durance2/16S-Dur2_renamed/15Cab1003Ch03A_S387_L001_R1_001.fastq,consolidated_dataset/durance2/15Cab1003Ch03A_S387_L001_R1_001.fastq.gz,gzip
data/durance2/16S-Dur2_renamed/15Cab1003Ch03A_S387_L001_R2_001.fastq,consolidated_dataset/durance2/15Cab1003Ch03A_S387_L001_R2_001.fastq.gz,gzip
data/durance2/16S-Dur2_renamed/15Cab1011Ch03A_S388_L001_R1_001.fastq,consolidated_dataset/durance2/15Cab1011Ch03A_S388_L001_R1_001.fastq.gz,gzip
data/durance2/16S-Dur2_renamed/15Cab1011Ch03A_S388_L001_R2_001.fastq,consolidated_dataset/durance2/15Cab1011Ch03A_S388_L001_R2_001.fastq.gz,gzip
data/durance2/16S-Dur2_renamed/15Cab1019Ch03A_S389_L001_R1_001.fastq,consolidated_dataset/durance2/15Cab1019Ch03A_S389_L001_R1_001.fastq.gz,gzip
data/durance2/16S-Dur2_renamed/15Cab1019Ch03A_S389_L001_R2_001.fastq,consolidated_dataset/durance2/15Cab1019Ch03A_S389_L001_R2_001.fastq.gz,gzip
data/durance2/16S-Dur2_renamed/14Avi1008Cn03A_S390_L001_R1_001.fastq,consolidated_dataset/durance2/14Avi1008Cn03A_S390_L001_R1_001.fastq.gz,gzip
data/durance2/16S-Dur2_renamed/14Avi1008Cn03A_S390_L001_R2_001.fastq,consolidated_dataset/durance2/14Avi1008Cn03A_S390_L001_R2_001.fastq.gz,gzip
data/durance2/16S-Dur2_renamed/14Bue1005Cn03A_S391_L001_R1_001.fastq,consolidated_dataset/durance2/14Bue1005Cn03A_S391_L001_R1_001.fastq.gz,gzip
data/durance2/16S-Dur2_renamed/14Bue1005Cn03A_S391_L001_R2_001.fastq,consolidated_dataset/durance2/14Bue1005Cn03A_S391_L001_R2_001.fastq.gz,gzip
data/durance2/16S-Dur2_renamed/14Bue1015Ch03A_S392_L001_R1_001.fastq,consolidated_dataset/durance2/14Bue1015Ch03A_S392_L001_R1_001.fastq.gz,gzip
data/durance2/16S-Dur2_renamed/14Bue1015Ch03A_S392_L001_R2_001.fastq,consolidated_dataset/durance2/14Bue1015Ch03A_S392_L001_R2_001.fastq.gz,gzip
data/durance2/16S-Dur2_renamed/14Man1011Ch03A_S393_L001_R1_001.fastq,consolidated_dataset/durance2/14Man1011Ch03A_S393_L001_R1_001.fastq.gz,gzip
data/durance2/16S-Dur2_renamed/14Man1011Ch03A_S393_L001_R2_001.fastq,consolidated_dataset/durance2/14Man1011Ch03A_S393_L001_R2_001.fastq.gz,gzip
data/durance2/16S-Dur2_renamed/14Man1019Ch03A_S394_L001_R1_001.fastq,consolidated_dataset/durance2/14Man1019Ch03A_S394_L001_R1_001.fastq.gz,gzip
data/durance2/16S-Dur2_renamed/14Man1019Ch03A_S394_L001_R2_001.fastq,consolidated_dataset/durance2/14Man1019Ch03A_S394_L001_R2_001.fastq.gz,gzip
data/durance2/16S-Dur2_renamed/14Per2011Ch03A_S395_L001_R1_001.fastq,consolidated_dataset/durance2/14Per2011Ch03A_S395_L001_R1_001.fastq.gz,gzip
data/durance2/16S-Dur2_renamed/14Per2011Ch03A_S395_L001_R2_001.fastq,consolidated_dataset/durance2/14Per2011Ch03A_S395_L001_R2_001.fastq.gz,gzip
data/durance2/16S-Dur2_renamed/14Per2011Ch03A-bis_S396_L001_R1_001.fastq,consolidated_dataset/durance2/14Per2011Ch03A-bis_S396_L001_R1_001.fastq.gz,gzip
data/durance2/16S-Dur2_renamed/14Per2011Ch03A-bis_S396_L001_R2_001.fastq,consolidated_dataset/durance2/14Per2011Ch03A-bis_S396_L001_R2_001.fastq.gz,gzip
data/durance2/16S-Dur2_renamed/14Ain1002Cn03A_S397_L001_R1_001.fastq,consolidated_dataset/durance2/14Ain1002Cn03A_S397_L001_R1_001.fastq.gz,gzip
data/durance2/16S-Dur2_renamed/14Ain1002Cn03A_S397_L001_R2_001.fastq,consolidated_dataset/durance2/14Ain1002Cn03A_S397_L001_R2_001.fastq.gz,gzip
data/durance2/16S-Dur2_renamed/14Ain1039Pt03A_S398_L001_R1_001.fastq,consolidated_dataset/durance2/14Ain1039Pt03A_S398_L001_R1_001.fastq.gz,gzip
data/durance2/16S-Dur2_renamed/14Ain1039Pt03A_S398_L001_R2_001.fastq,consolidated_dataset/durance2/14Ain1039Pt03A_S398_L001_R2_001.fastq.gz,gzip
data/durance2/16S-Dur2_renamed/15Cab1004Ch03A_S399_L001_R1_001.fastq,consolidated_dataset/durance2/15Cab1004Ch03A_S399_L001_R1_001.fastq.gz,gzip
data/durance2/16S-Dur2_renamed/15Cab1004Ch03A_S399_L001_R2_001.fastq,consolidated_dataset/durance2/15Cab1004Ch03A_S399_L001_R2_001.fastq.gz,gzip
data/durance2/16S-Dur2_renamed/15Cab1012Ch03A_S400_L001_R1_001.fastq,consolidated_dataset/durance2/15Cab1012Ch03A_S400_L001_R1_001.fastq.gz,gzip
data/durance2/16S-Dur2_renamed/15Cab1012Ch03A_S400_L001_R2_001.fastq,consolidated_dataset/durance2/15Cab1012Ch03A_S400_L001_R2_001.fastq.gz,gzip
data/durance2/16S-Dur2_renamed/14Avi1001Cn03A_S401_L001_R1_001.fastq,consolidated_dataset/durance2/14Avi1001Cn03A_S401_L001_R1_001.fastq.gz,gzip
data/durance2/16S-Dur2_renamed/14Avi1001Cn03A_S401_L001_R2_001.fastq,consolidated_dataset/durance2/14Avi1001Cn03A_S401_L001_R2_001.fastq.gz,gzip
data/durance2/16S-Dur2_renamed/14Avi1036-Cn03A_S402_L001_R1_001.fastq,consolidated_dataset/durance2/14Avi1036-Cn03A_S402_L001_R1_001.fastq.gz,gzip
data/durance2/16S-Dur2_renamed/14Avi1036-Cn03A_S402_L001_R2_001.fastq,consolidated_dataset/durance2/14Avi1036-Cn03A_S402_L001_R2_001.fastq.gz,gzip
data/durance2/16S-Dur2_renamed/14Bue1006Cn03A_S403_L001_R1_001.fastq,consolidated_dataset/durance2/14Bue1006Cn03A_S403_L001_R1_001.fastq.gz,gzip
data/durance2/16S-Dur2_renamed/14Bue1006Cn03A_S403_L001_R2_001.fastq,consolidated_dataset/durance2/14Bue1006Cn03A_S403_L001_R2_001.fastq.gz,gzip
data/durance2/16S-Dur2_renamed/14Bue1016Ch03A_S404_L001_R1_001.fastq,consolidated_dataset/durance2/14Bue1016Ch03A_S404_L001_R1_001.fastq.gz,gzip
data/durance2/16S-Dur2_renamed/14Bue1016Ch03A_S404_L001_R2_001.fastq,consolidated_dataset/durance2/14Bue1016Ch03A_S404_L001_R2_001.fastq.gz,gzip
data/durance2/16S-Dur2_renamed/14Man1012Ch03A_S405_L001_R1_001.fastq,consolidated_dataset/durance2/14Man1012Ch03A_S405_L001_R1_001.fastq.gz,gzip
data/durance2/16S-Dur2_renamed/14Man1012Ch03A_S405_L001_R2_001.fastq,consolidated_dataset/durance2/14Man1012Ch03A_S405_L001_R2_001.fastq.gz,gzip
data/durance2/16S-Dur2_renamed/14Man1020Ch03A_S406_L001_R1_001.fastq,consolidated_dataset/durance2/14Man1020Ch03A_S406_L001_R1_001.fastq.gz,gzip
data/durance2/16S-Dur2_renamed/14Man1020Ch03A_S406_L001_R2_001.fastq,consolidated_dataset/durance2/14Man1020Ch03A_S406_L001_R2_001.fastq.gz,gzip
data/durance2/16S-Dur2_renamed/14Per2012Ch03A_S407_L001_R1_001.fastq,consolidated_dataset/durance2/14Per2012Ch03A_S407_L001_R1_001.fastq.gz,gzip
data/durance2/16S-Dur2_renamed/14Per2012Ch03A_S407_L001_R2_001.fastq,consolidated_dataset/durance2/14Per2012Ch03A_S407_L001_R2_001.fastq.gz,gzip
data/durance2/16S-Dur2_renamed/14Per2012Ch03A-bis_S408_L001_R1_001.fastq,consolidated_dataset/durance2/14Per2012Ch03A-bis_S408_L001_R1_001.fastq.gz,gzip
data/durance2/16S-Dur2_renamed/14Per2012Ch03A-bis_S408_L001_R2_001.fastq,consolidated_dataset/durance2/14Per2012Ch03A-bis_S408_L001_R2_001.fastq.gz,gzip
data/durance2/16S-Dur2_renamed/14Ain1011Pt03A_S409_L001_R1_001.fastq,consolidated_dataset/durance2/14Ain1011Pt03A_S409_L001_R1_001.fastq.gz,gzip
data/durance2/16S-Dur2_renamed/14Ain1011Pt03A_S409_L001_R2_001.fastq,consolidated_dataset/durance2/14Ain1011Pt03A_S409_L001_R2_001.fastq.gz,gzip
data/durance2/16S-Dur2_renamed/14Ain1040Pt03A_S410_L001_R1_001.fastq,consolidated_dataset/durance2/14Ain1040Pt03A_S410_L001_R1_001.fastq.gz,gzip
data/durance2/16S-Dur2_renamed/14Ain1040Pt03A_S410_L001_R2_001.fastq,consolidated_dataset/durance2/14Ain1040Pt03A_S410_L001_R2_001.fastq.gz,gzip
data/durance2/16S-Dur2_renamed/15Cab1005Ch03A_S411_L001_R1_001.fastq,consolidated_dataset/durance2/15Cab1005Ch03A_S411_L001_R1_001.fastq.gz,gzip
data/durance2/16S-Dur2_renamed/15Cab1005Ch03A_S411_L001_R2_001.fastq,consolidated_dataset/durance2/15Cab1005Ch03A_S411_L001_R2_001.fastq.gz,gzip
data/durance2/16S-Dur2_renamed/15Cab1013Ch03A_S412_L001_R1_001.fastq,consolidated_dataset/durance2/15Cab1013Ch03A_S412_L001_R1_001.fastq.gz,gzip
data/durance2/16S-Dur2_renamed/15Cab1013Ch03A_S412_L001_R2_001.fastq,consolidated_dataset/durance2/15Cab1013Ch03A_S412_L001_R2_001.fastq.gz,gzip
data/durance2/16S-Dur2_renamed/14Avi1002Cn03A_S413_L001_R1_001.fastq,consolidated_dataset/durance2/14Avi1002Cn03A_S413_L001_R1_001.fastq.gz,gzip
data/durance2/16S-Dur2_renamed/14Avi1002Cn03A_S413_L001_R2_001.fastq,consolidated_dataset/durance2/14Avi1002Cn03A_S413_L001_R2_001.fastq.gz,gzip
data/durance2/16S-Dur2_renamed/14Avi1037Cn03A_S414_L001_R1_001.fastq,consolidated_dataset/durance2/14Avi1037Cn03A_S414_L001_R1_001.fastq.gz,gzip
data/durance2/16S-Dur2_renamed/14Avi1037Cn03A_S414_L001_R2_001.fastq,consolidated_dataset/durance2/14Avi1037Cn03A_S414_L001_R2_001.fastq.gz,gzip
data/durance2/16S-Dur2_renamed/14Bue1007Cn03A_S415_L001_R1_001.fastq,consolidated_dataset/durance2/14Bue1007Cn03A_S415_L001_R1_001.fastq.gz,gzip
data/durance2/16S-Dur2_renamed/14Bue1007Cn03A_S415_L001_R2_001.fastq,consolidated_dataset/durance2/14Bue1007Cn03A_S415_L001_R2_001.fastq.gz,gzip
data/durance2/16S-Dur2_renamed/14Bue1017Ch03A_S416_L001_R1_001.fastq,consolidated_dataset/durance2/14Bue1017Ch03A_S416_L001_R1_001.fastq.gz,gzip
data/durance2/16S-Dur2_renamed/14Bue1017Ch03A_S416_L001_R2_001.fastq,consolidated_dataset/durance2/14Bue1017Ch03A_S416_L001_R2_001.fastq.gz,gzip
data/durance2/16S-Dur2_renamed/14Man1013Ch03A_S417_L001_R1_001.fastq,consolidated_dataset/durance2/14Man1013Ch03A_S417_L001_R1_001.fastq.gz,gzip
data/durance2/16S-Dur2_renamed/14Man1013Ch03A_S417_L001_R2_001.fastq,consolidated_dataset/durance2/14Man1013Ch03A_S417_L001_R2_001.fastq.gz,gzip
data/durance2/16S-Dur2_renamed/14Man1021Ch03A_S418_L001_R1_001.fastq,consolidated_dataset/durance2/14Man1021Ch03A_S418_L001_R1_001.fastq.gz,gzip
data/durance2/16S-Dur2_renamed/14Man1021Ch03A_S418_L001_R2_001.fastq,consolidated_dataset/durance2/14Man1021Ch03A_S418_L001_R2_001.fastq.gz,gzip
data/durance2/16S-Dur2_renamed/14Per2013Ch03A_S419_L001_R1_001.fastq,consolidated_dataset/durance2/14Per2013Ch03A_S419_L001_R1_001.fastq.gz,gzip
data/durance2/16S-Dur2_renamed/14Per2013Ch03A_S419_L001_R2_001.fastq,consolidated_dataset/durance2/14Per2013Ch03A_S419_L001_R2_001.fastq.gz,gzip
data/durance2/16S-Dur2_renamed/control/empty-12_S420_L001_R1_001.fastq,consolidated_dataset/durance2/empty-12_S420_L001_R1_001.fastq.gz,gzip
data/durance2/16S-Dur2_renamed/control/empty-12_S420_L001_R2_001.fastq,consolidated_dataset/durance2/empty-12_S420_L001_R2_001.fastq.gz,gzip
data/durance2/16S-Dur2_renamed/14Ain1012Pt03A_S421_L001_R1_001.fastq,consolidated_dataset/durance2/14Ain1012Pt03A_S421_L001_R1_001.fastq.gz,gzip
data/durance2/16S-Dur2_renamed/14Ain1012Pt03A_S421_L001_R2_001.fastq,consolidated_dataset/durance2/14Ain1012Pt03A_S421_L001_R2_001.fastq.gz,gzip
data/durance2/16S-Dur2_renamed/14Ain1041Pt03A_S422_L001_R1_001.fastq,consolidated_dataset/durance2/14Ain1041Pt03A_S422_L001_R1_001.fastq.gz,gzip
data/durance2/16S-Dur2_renamed/14Ain1041Pt03A_S422_L001_R2_001.fastq,consolidated_dataset/durance2/14Ain1041Pt03A_S422_L001_R2_001.fastq.gz,gzip
data/durance2/16S-Dur2_renamed/15Cab1006Ch03A_S423_L001_R1_001.fastq,consolidated_dataset/durance2/15Cab1006Ch03A_S423_L001_R1_001.fastq.gz,gzip
data/durance2/16S-Dur2_renamed/15Cab1006Ch03A_S423_L001_R2_001.fastq,consolidated_dataset/durance2/15Cab1006Ch03A_S423_L001_R2_001.fastq.gz,gzip
data/durance2/16S-Dur2_renamed/15Cab1014Ch03A_S424_L001_R1_001.fastq,consolidated_dataset/durance2/15Cab1014Ch03A_S424_L001_R1_001.fastq.gz,gzip
data/durance2/16S-Dur2_renamed/15Cab1014Ch03A_S424_L001_R2_001.fastq,consolidated_dataset/durance2/15Cab1014Ch03A_S424_L001_R2_001.fastq.gz,gzip
data/durance2/16S-Dur2_renamed/14Avi1003Cn03A_S425_L001_R1_001.fastq,consolidated_dataset/durance2/14Avi1003Cn03A_S425_L001_R1_001.fastq.gz,gzip
data/durance2/16S-Dur2_renamed/14Avi1003Cn03A_S425_L001_R2_001.fastq,consolidated_dataset/durance2/14Avi1003Cn03A_S425_L001_R2_001.fastq.gz,gzip
data/durance2/16S-Dur2_renamed/14Avi1038Cn03A_S426_L001_R1_001.fastq,consolidated_dataset/durance2/14Avi1038Cn03A_S426_L001_R1_001.fastq.gz,gzip
data/durance2/16S-Dur2_renamed/14Avi1038Cn03A_S426_L001_R2_001.fastq,consolidated_dataset/durance2/14Avi1038Cn03A_S426_L001_R2_001.fastq.gz,gzip
data/durance2/16S-Dur2_renamed/14Bue1008Cn03A_S427_L001_R1_001.fastq,consolidated_dataset/durance2/14Bue1008Cn03A_S427_L001_R1_001.fastq.gz,gzip
data/durance2/16S-Dur2_renamed/14Bue1008Cn03A_S427_L001_R2_001.fastq,consolidated_dataset/durance2/14Bue1008Cn03A_S427_L001_R2_001.fastq.gz,gzip
data/durance2/16S-Dur2_renamed/14Bue1018Ch03A_S428_L001_R1_001.fastq,consolidated_dataset/durance2/14Bue1018Ch03A_S428_L001_R1_001.fastq.gz,gzip
data/durance2/16S-Dur2_renamed/14Bue1018Ch03A_S428_L001_R2_001.fastq,consolidated_dataset/durance2/14Bue1018Ch03A_S428_L001_R2_001.fastq.gz,gzip
data/durance2/16S-Dur2_renamed/14Man1014Ch03A_S429_L001_R1_001.fastq,consolidated_dataset/durance2/14Man1014Ch03A_S429_L001_R1_001.fastq.gz,gzip
data/durance2/16S-Dur2_renamed/14Man1014Ch03A_S429_L001_R2_001.fastq,consolidated_dataset/durance2/14Man1014Ch03A_S429_L001_R2_001.fastq.gz,gzip
data/durance2/16S-Dur2_renamed/14Man1022Ch03A_S430_L001_R1_001.fastq,consolidated_dataset/durance2/14Man1022Ch03A_S430_L001_R1_001.fastq.gz,gzip
data/durance2/16S-Dur2_renamed/14Man1022Ch03A_S430_L001_R2_001.fastq,consolidated_dataset/durance2/14Man1022Ch03A_S430_L001_R2_001.fastq.gz,gzip
data/durance2/16S-Dur2_renamed/14Per2014Ch03A_S431_L001_R1_001.fastq,consolidated_dataset/durance2/14Per2014Ch03A_S431_L001_R1_001.fastq.gz,gzip
data/durance2/16S-Dur2_renamed/14Per2014Ch03A_S431_L001_R2_001.fastq,consolidated_dataset/durance2/14Per2014Ch03A_S431_L001_R2_001.fastq.gz,gzip
data/durance2/16S-Dur2_renamed/control/empty-13_S432_L001_R1_001.fastq,consolidated_dataset/durance2/empty-13_S432_L001_R1_001.fastq.gz,gzip
data/durance2/16S-Dur2_renamed/control/empty-13_S432_L001_R2_001.fastq,consolidated_dataset/durance2/empty-13_S432_L001_R2_001.fastq.gz,gzip
data/durance2/16S-Dur2_renamed/14Ain1013Pt03A_S433_L001_R1_001.fastq,consolidated_dataset/durance2/14Ain1013Pt03A_S433_L001_R1_001.fastq.gz,gzip
data/durance2/16S-Dur2_renamed/14Ain1013Pt03A_S433_L001_R2_001.fastq,consolidated_dataset/durance2/14Ain1013Pt03A_S433_L001_R2_001.fastq.gz,gzip
data/durance2/16S-Dur2_renamed/14Ain1042Pt03A_S434_L001_R1_001.fastq,consolidated_dataset/durance2/14Ain1042Pt03A_S434_L001_R1_001.fastq.gz,gzip
data/durance2/16S-Dur2_renamed/14Ain1042Pt03A_S434_L001_R2_001.fastq,consolidated_dataset/durance2/14Ain1042Pt03A_S434_L001_R2_001.fastq.gz,gzip
data/durance2/16S-Dur2_renamed/15Cab1007Ch03A_S435_L001_R1_001.fastq,consolidated_dataset/durance2/15Cab1007Ch03A_S435_L001_R1_001.fastq.gz,gzip
data/durance2/16S-Dur2_renamed/15Cab1007Ch03A_S435_L001_R2_001.fastq,consolidated_dataset/durance2/15Cab1007Ch03A_S435_L001_R2_001.fastq.gz,gzip
data/durance2/16S-Dur2_renamed/15Cab1015Ch03A_S436_L001_R1_001.fastq,consolidated_dataset/durance2/15Cab1015Ch03A_S436_L001_R1_001.fastq.gz,gzip
data/durance2/16S-Dur2_renamed/15Cab1015Ch03A_S436_L001_R2_001.fastq,consolidated_dataset/durance2/15Cab1015Ch03A_S436_L001_R2_001.fastq.gz,gzip
data/durance2/16S-Dur2_renamed/14Avi1004Cn03A_S437_L001_R1_001.fastq,consolidated_dataset/durance2/14Avi1004Cn03A_S437_L001_R1_001.fastq.gz,gzip
data/durance2/16S-Dur2_renamed/14Avi1004Cn03A_S437_L001_R2_001.fastq,consolidated_dataset/durance2/14Avi1004Cn03A_S437_L001_R2_001.fastq.gz,gzip
data/durance2/16S-Dur2_renamed/14Bue1001Cn03A_S438_L001_R1_001.fastq,consolidated_dataset/durance2/14Bue1001Cn03A_S438_L001_R1_001.fastq.gz,gzip
data/durance2/16S-Dur2_renamed/14Bue1001Cn03A_S438_L001_R2_001.fastq,consolidated_dataset/durance2/14Bue1001Cn03A_S438_L001_R2_001.fastq.gz,gzip
data/durance2/16S-Dur2_renamed/14Bue1011Ch03A_S439_L001_R1_001.fastq,consolidated_dataset/durance2/14Bue1011Ch03A_S439_L001_R1_001.fastq.gz,gzip
data/durance2/16S-Dur2_renamed/14Bue1011Ch03A_S439_L001_R2_001.fastq,consolidated_dataset/durance2/14Bue1011Ch03A_S439_L001_R2_001.fastq.gz,gzip
data/durance2/16S-Dur2_renamed/14Bue1019Ch03A_S440_L001_R1_001.fastq,consolidated_dataset/durance2/14Bue1019Ch03A_S440_L001_R1_001.fastq.gz,gzip
data/durance2/16S-Dur2_renamed/14Bue1019Ch03A_S440_L001_R2_001.fastq,consolidated_dataset/durance2/14Bue1019Ch03A_S440_L001_R2_001.fastq.gz,gzip
data/durance2/16S-Dur2_renamed/14Man1015Ch03A_S441_L001_R1_001.fastq,consolidated_dataset/durance2/14Man1015Ch03A_S441_L001_R1_001.fastq.gz,gzip
data/durance2/16S-Dur2_renamed/14Man1015Ch03A_S441_L001_R2_001.fastq,consolidated_dataset/durance2/14Man1015Ch03A_S441_L001_R2_001.fastq.gz,gzip
data/durance2/16S-Dur2_renamed/14Per1011Ch03A_S442_L001_R1_001.fastq,consolidated_dataset/durance2/14Per1011Ch03A_S442_L001_R1_001.fastq.gz,gzip
data/durance2/16S-Dur2_renamed/14Per1011Ch03A_S442_L001_R2_001.fastq,consolidated_dataset/durance2/14Per1011Ch03A_S442_L001_R2_001.fastq.gz,gzip
data/durance2/16S-Dur2_renamed/15Per2015Ch03A_S443_L001_R1_001.fastq,consolidated_dataset/durance2/15Per2015Ch03A_S443_L001_R1_001.fastq.gz,gzip
data/durance2/16S-Dur2_renamed/15Per2015Ch03A_S443_L001_R2_001.fastq,consolidated_dataset/durance2/15Per2015Ch03A_S443_L001_R2_001.fastq.gz,gzip
data/durance2/16S-Dur2_renamed/control/empty-14_S444_L001_R1_001.fastq,consolidated_dataset/durance2/empty-14_S444_L001_R1_001.fastq.gz,gzip
data/durance2/16S-Dur2_renamed/control/empty-14_S444_L001_R2_001.fastq,consolidated_dataset/durance2/empty-14_S444_L001_R2_001.fastq.gz,gzip
data/durance2/16S-Dur2_renamed/14Ain1014Pt03A_S445_L001_R1_001.fastq,consolidated_dataset/durance2/14Ain1014Pt03A_S445_L001_R1_001.fastq.gz,gzip
data/durance2/16S-Dur2_renamed/14Ain1014Pt03A_S445_L001_R2_001.fastq,consolidated_dataset/durance2/14Ain1014Pt03A_S445_L001_R2_001.fastq.gz,gzip
data/durance2/16S-Dur2_renamed/14Ain1043Pt03A_S446_L001_R1_001.fastq,consolidated_dataset/durance2/14Ain1043Pt03A_S446_L001_R1_001.fastq.gz,gzip
data/durance2/16S-Dur2_renamed/14Ain1043Pt03A_S446_L001_R2_001.fastq,consolidated_dataset/durance2/14Ain1043Pt03A_S446_L001_R2_001.fastq.gz,gzip
data/durance2/16S-Dur2_renamed/15Cab1008Ch03A_S447_L001_R1_001.fastq,consolidated_dataset/durance2/15Cab1008Ch03A_S447_L001_R1_001.fastq.gz,gzip
data/durance2/16S-Dur2_renamed/15Cab1008Ch03A_S447_L001_R2_001.fastq,consolidated_dataset/durance2/15Cab1008Ch03A_S447_L001_R2_001.fastq.gz,gzip
data/durance2/16S-Dur2_renamed/15Cab1016Ch03A_S448_L001_R1_001.fastq,consolidated_dataset/durance2/15Cab1016Ch03A_S448_L001_R1_001.fastq.gz,gzip
data/durance2/16S-Dur2_renamed/15Cab1016Ch03A_S448_L001_R2_001.fastq,consolidated_dataset/durance2/15Cab1016Ch03A_S448_L001_R2_001.fastq.gz,gzip
data/durance2/16S-Dur2_renamed/14Avi1005Cn03A_S449_L001_R1_001.fastq,consolidated_dataset/durance2/14Avi1005Cn03A_S449_L001_R1_001.fastq.gz,gzip
data/durance2/16S-Dur2_renamed/14Avi1005Cn03A_S449_L001_R2_001.fastq,consolidated_dataset/durance2/14Avi1005Cn03A_S449_L001_R2_001.fastq.gz,gzip
data/durance2/16S-Dur2_renamed/14Bue1002Cn03A_S450_L001_R1_001.fastq,consolidated_dataset/durance2/14Bue1002Cn03A_S450_L001_R1_001.fastq.gz,gzip
data/durance2/16S-Dur2_renamed/14Bue1002Cn03A_S450_L001_R2_001.fastq,consolidated_dataset/durance2/14Bue1002Cn03A_S450_L001_R2_001.fastq.gz,gzip
data/durance2/16S-Dur2_renamed/14Bue1012Ch03A_S451_L001_R1_001.fastq,consolidated_dataset/durance2/14Bue1012Ch03A_S451_L001_R1_001.fastq.gz,gzip
data/durance2/16S-Dur2_renamed/14Bue1012Ch03A_S451_L001_R2_001.fastq,consolidated_dataset/durance2/14Bue1012Ch03A_S451_L001_R2_001.fastq.gz,gzip
data/durance2/16S-Dur2_renamed/14Man1001Cn03A_S452_L001_R1_001.fastq,consolidated_dataset/durance2/14Man1001Cn03A_S452_L001_R1_001.fastq.gz,gzip
data/durance2/16S-Dur2_renamed/14Man1001Cn03A_S452_L001_R2_001.fastq,consolidated_dataset/durance2/14Man1001Cn03A_S452_L001_R2_001.fastq.gz,gzip
data/durance2/16S-Dur2_renamed/14Man1016Ch03A_S453_L001_R1_001.fastq,consolidated_dataset/durance2/14Man1016Ch03A_S453_L001_R1_001.fastq.gz,gzip
data/durance2/16S-Dur2_renamed/14Man1016Ch03A_S453_L001_R2_001.fastq,consolidated_dataset/durance2/14Man1016Ch03A_S453_L001_R2_001.fastq.gz,gzip
data/durance2/16S-Dur2_renamed/14Per1012Ch03A_S454_L001_R1_001.fastq,consolidated_dataset/durance2/14Per1012Ch03A_S454_L001_R1_001.fastq.gz,gzip
data/durance2/16S-Dur2_renamed/14Per1012Ch03A_S454_L001_R2_001.fastq,consolidated_dataset/durance2/14Per1012Ch03A_S454_L001_R2_001.fastq.gz,gzip
data/durance2/16S-Dur2_renamed/control/Blanc-Hindgut_S455_L001_R1_001.fastq,consolidated_dataset/durance2/Blanc-Hindgut_S455_L001_R1_001.fastq.gz,gzip
data/durance2/16S-Dur2_renamed/control/Blanc-Hindgut_S455_L001_R2_001.fastq,consolidated_dataset/durance2/Blanc-Hindgut_S455_L001_R2_001.fastq.gz,gzip
data/durance2/16S-Dur2_renamed/control/empty-15_S456_L001_R1_001.fastq,consolidated_dataset/durance2/empty-15_S456_L001_R1_001.fastq.gz,gzip
data/durance2/16S-Dur2_renamed/control/empty-15_S456_L001_R2_001.fastq,consolidated_dataset/durance2/empty-15_S456_L001_R2_001.fastq.gz,gzip
data/durance2/16S-Dur2_renamed/14Ain1036Cn03A_S457_L001_R1_001.fastq,consolidated_dataset/durance2/14Ain1036Cn03A_S457_L001_R1_001.fastq.gz,gzip
data/durance2/16S-Dur2_renamed/14Ain1036Cn03A_S457_L001_R2_001.fastq,consolidated_dataset/durance2/14Ain1036Cn03A_S457_L001_R2_001.fastq.gz,gzip
data/durance2/16S-Dur2_renamed/15Cab1001Ch03A_S458_L001_R1_001.fastq,consolidated_dataset/durance2/15Cab1001Ch03A_S458_L001_R1_001.fastq.gz,gzip
data/durance2/16S-Dur2_renamed/15Cab1001Ch03A_S458_L001_R2_001.fastq,consolidated_dataset/durance2/15Cab1001Ch03A_S458_L001_R2_001.fastq.gz,gzip
data/durance2/16S-Dur2_renamed/15Cab1009Ch03A_S459_L001_R1_001.fastq,consolidated_dataset/durance2/15Cab1009Ch03A_S459_L001_R1_001.fastq.gz,gzip
data/durance2/16S-Dur2_renamed/15Cab1009Ch03A_S459_L001_R2_001.fastq,consolidated_dataset/durance2/15Cab1009Ch03A_S459_L001_R2_001.fastq.gz,gzip
data/durance2/16S-Dur2_renamed/15Cab1017Ch03A_S460_L001_R1_001.fastq,consolidated_dataset/durance2/15Cab1017Ch03A_S460_L001_R1_001.fastq.gz,gzip
data/durance2/16S-Dur2_renamed/15Cab1017Ch03A_S460_L001_R2_001.fastq,consolidated_dataset/durance2/15Cab1017Ch03A_S460_L001_R2_001.fastq.gz,gzip
data/durance2/16S-Dur2_renamed/14Avi1006Cn03A_S461_L001_R1_001.fastq,consolidated_dataset/durance2/14Avi1006Cn03A_S461_L001_R1_001.fastq.gz,gzip
data/durance2/16S-Dur2_renamed/14Avi1006Cn03A_S461_L001_R2_001.fastq,consolidated_dataset/durance2/14Avi1006Cn03A_S461_L001_R2_001.fastq.gz,gzip
data/durance2/16S-Dur2_renamed/14Bue1003Cn03A_S462_L001_R1_001.fastq,consolidated_dataset/durance2/14Bue1003Cn03A_S462_L001_R1_001.fastq.gz,gzip
data/durance2/16S-Dur2_renamed/14Bue1003Cn03A_S462_L001_R2_001.fastq,consolidated_dataset/durance2/14Bue1003Cn03A_S462_L001_R2_001.fastq.gz,gzip
data/durance2/16S-Dur2_renamed/14Bue1013Ch03A_S463_L001_R1_001.fastq,consolidated_dataset/durance2/14Bue1013Ch03A_S463_L001_R1_001.fastq.gz,gzip
data/durance2/16S-Dur2_renamed/14Bue1013Ch03A_S463_L001_R2_001.fastq,consolidated_dataset/durance2/14Bue1013Ch03A_S463_L001_R2_001.fastq.gz,gzip
data/durance2/16S-Dur2_renamed/14Man1002Cn03A_S464_L001_R1_001.fastq,consolidated_dataset/durance2/14Man1002Cn03A_S464_L001_R1_001.fastq.gz,gzip
data/durance2/16S-Dur2_renamed/14Man1002Cn03A_S464_L001_R2_001.fastq,consolidated_dataset/durance2/14Man1002Cn03A_S464_L001_R2_001.fastq.gz,gzip
data/durance2/16S-Dur2_renamed/14Man1017Ch03A_S465_L001_R1_001.fastq,consolidated_dataset/durance2/14Man1017Ch03A_S465_L001_R1_001.fastq.gz,gzip
data/durance2/16S-Dur2_renamed/14Man1017Ch03A_S465_L001_R2_001.fastq,consolidated_dataset/durance2/14Man1017Ch03A_S465_L001_R2_001.fastq.gz,gzip
data/durance2/16S-Dur2_renamed/14Per1013Ch03A_S466_L001_R1_001.fastq,consolidated_dataset/durance2/14Per1013Ch03A_S466_L001_R1_001.fastq.gz,gzip
data/durance2/16S-Dur2_renamed/14Per1013Ch03A_S466_L001_R2_001.fastq,consolidated_dataset/durance2/14Per1013Ch03A_S466_L001_R2_001.fastq.gz,gzip
data/durance2/16S-Dur2_renamed/control/Mock-2_S467_L001_R1_001.fastq,consolidated_dataset/durance2/Mock-2_S467_L001_R1_001.fastq.gz,gzip
data/durance2/16S-Dur2_renamed/control/Mock-2_S467_L001_R2_001.fastq,consolidated_dataset/durance2/Mock-2_S467_L001_R2_001.fastq.gz,gzip
data/durance2/16S-Dur2_renamed/control/empty-16_S468_L001_R1_001.fastq,consolidated_dataset/durance2/empty-16_S468_L001_R1_001.fastq.gz,gzip
data/durance2/16S-Dur2_renamed/control/empty-16_S468_L001_R2_001.fastq,consolidated_dataset/durance2/empty-16_S468_L001_R2_001.fastq.gz,gzip
data/durance2/16S-Dur2_renamed/14Ain1037Cn03A_S469_L001_R1_001.fastq,consolidated_dataset/durance2/14Ain1037Cn03A_S469_L001_R1_001.fastq.gz,gzip
data/durance2/16S-Dur2_renamed/14Ain1037Cn03A_S469_L001_R2_001.fastq,consolidated_dataset/durance2/14Ain1037Cn03A_S469_L001_R2_001.fastq.gz,gzip
data/durance2/16S-Dur2_renamed/15Cab1002Ch03A_S470_L001_R1_001.fastq,consolidated_dataset/durance2/15Cab1002Ch03A_S470_L001_R1_001.fastq.gz,gzip
data/durance2/16S-Dur2_renamed/15Cab1002Ch03A_S470_L001_R2_001.fastq,consolidated_dataset/durance2/15Cab1002Ch03A_S470_L001_R2_001.fastq.gz,gzip
data/durance2/16S-Dur2_renamed/15Cab1010Ch03A_S471_L001_R1_001.fastq,consolidated_dataset/durance2/15Cab1010Ch03A_S471_L001_R1_001.fastq.gz,gzip
data/durance2/16S-Dur2_renamed/15Cab1010Ch03A_S471_L001_R2_001.fastq,consolidated_dataset/durance2/15Cab1010Ch03A_S471_L001_R2_001.fastq.gz,gzip
data/durance2/16S-Dur2_renamed/15Cab1018Ch03A_S472_L001_R1_001.fastq,consolidated_dataset/durance2/15Cab1018Ch03A_S472_L001_R1_001.fastq.gz,gzip
data/durance2/16S-Dur2_renamed/15Cab1018Ch03A_S472_L001_R2_001.fastq,consolidated_dataset/durance2/15Cab1018Ch03A_S472_L001_R2_001.fastq.gz,gzip
data/durance2/16S-Dur2_renamed/14Avi1007Cn03A_S473_L001_R1_001.fastq,consolidated_dataset/durance2/14Avi1007Cn03A_S473_L001_R1_001.fastq.gz,gzip
data/durance2/16S-Dur2_renamed/14Avi1007Cn03A_S473_L001_R2_001.fastq,consolidated_dataset/durance2/14Avi1007Cn03A_S473_L001_R2_001.fastq.gz,gzip
data/durance2/16S-Dur2_renamed/14Bue1004Cn03A_S474_L001_R1_001.fastq,consolidated_dataset/durance2/14Bue1004Cn03A_S474_L001_R1_001.fastq.gz,gzip
data/durance2/16S-Dur2_renamed/14Bue1004Cn03A_S474_L001_R2_001.fastq,consolidated_dataset/durance2/14Bue1004Cn03A_S474_L001_R2_001.fastq.gz,gzip
data/durance2/16S-Dur2_renamed/14Bue1014Ch03A_S475_L001_R1_001.fastq,consolidated_dataset/durance2/14Bue1014Ch03A_S475_L001_R1_001.fastq.gz,gzip
data/durance2/16S-Dur2_renamed/14Bue1014Ch03A_S475_L001_R2_001.fastq,consolidated_dataset/durance2/14Bue1014Ch03A_S475_L001_R2_001.fastq.gz,gzip
data/durance2/16S-Dur2_renamed/14Man1010Cn03A_S476_L001_R1_001.fastq,consolidated_dataset/durance2/14Man1010Cn03A_S476_L001_R1_001.fastq.gz,gzip
data/durance2/16S-Dur2_renamed/14Man1010Cn03A_S476_L001_R2_001.fastq,consolidated_dataset/durance2/14Man1010Cn03A_S476_L001_R2_001.fastq.gz,gzip
data/durance2/16S-Dur2_renamed/14Man1018Ch03A_S477_L001_R1_001.fastq,consolidated_dataset/durance2/14Man1018Ch03A_S477_L001_R1_001.fastq.gz,gzip
data/durance2/16S-Dur2_renamed/14Man1018Ch03A_S477_L001_R2_001.fastq,consolidated_dataset/durance2/14Man1018Ch03A_S477_L001_R2_001.fastq.gz,gzip
data/durance2/16S-Dur2_renamed/14Per1014Ch03A_S478_L001_R1_001.fastq,consolidated_dataset/durance2/14Per1014Ch03A_S478_L001_R1_001.fastq.gz,gzip
data/durance2/16S-Dur2_renamed/14Per1014Ch03A_S478_L001_R2_001.fastq,consolidated_dataset/durance2/14Per1014Ch03A_S478_L001_R2_001.fastq.gz,gzip
data/durance2/16S-Dur2_renamed/control/T-5_S479_L001_R1_001.fastq,consolidated_dataset/durance2/T-5_S479_L001_R1_001.fastq.gz,gzip
data/durance2/16S-Dur2_renamed/control/T-5_S479_L001_R2_001.fastq,consolidated_dataset/durance2/T-5_S479_L001_R2_001.fastq.gz,gzip
data/durance2/16S-Dur2_renamed/control/empty-17_S480_L001_R1_001.fastq,consolidated_dataset/durance2/empty-17_S480_L001_R1_001.fastq.gz,gzip
data/durance2/16S-Dur2_renamed/control/empty-17_S480_L001_R2_001.fastq,consolidated_dataset/durance2/empty-17_S480_L001_R2_001.fastq.gz,gzip
data/durance2/16S-Dur2_renamed/15Bau1001Ch03A_S481_L001_R1_001.fastq,consolidated_dataset/durance2/15Bau1001Ch03A_S481_L001_R1_001.fastq.gz,gzip
data/durance2/16S-Dur2_renamed/15Bau1001Ch03A_S481_L001_R2_001.fastq,consolidated_dataset/durance2/15Bau1001Ch03A_S481_L001_R2_001.fastq.gz,gzip
data/durance2/16S-Dur2_renamed/15Bau1009Ch03A_S482_L001_R1_001.fastq,consolidated_dataset/durance2/15Bau1009Ch03A_S482_L001_R1_001.fastq.gz,gzip
data/durance2/16S-Dur2_renamed/15Bau1009Ch03A_S482_L001_R2_001.fastq,consolidated_dataset/durance2/15Bau1009Ch03A_S482_L001_R2_001.fastq.gz,gzip
data/durance2/16S-Dur2_renamed/15Bau1017Ch03A_S483_L001_R1_001.fastq,consolidated_dataset/durance2/15Bau1017Ch03A_S483_L001_R1_001.fastq.gz,gzip
data/durance2/16S-Dur2_renamed/15Bau1017Ch03A_S483_L001_R2_001.fastq,consolidated_dataset/durance2/15Bau1017Ch03A_S483_L001_R2_001.fastq.gz,gzip
data/durance2/16S-Dur2_renamed/15Bau1025Ch03A_S484_L001_R1_001.fastq,consolidated_dataset/durance2/15Bau1025Ch03A_S484_L001_R1_001.fastq.gz,gzip
data/durance2/16S-Dur2_renamed/15Bau1025Ch03A_S484_L001_R2_001.fastq,consolidated_dataset/durance2/15Bau1025Ch03A_S484_L001_R2_001.fastq.gz,gzip
data/durance2/16S-Dur2_renamed/15Jus1008Ch03A_S485_L001_R1_001.fastq,consolidated_dataset/durance2/15Jus1008Ch03A_S485_L001_R1_001.fastq.gz,gzip
data/durance2/16S-Dur2_renamed/15Jus1008Ch03A_S485_L001_R2_001.fastq,consolidated_dataset/durance2/15Jus1008Ch03A_S485_L001_R2_001.fastq.gz,gzip
data/durance2/16S-Dur2_renamed/15Jus1016Ch03A_S486_L001_R1_001.fastq,consolidated_dataset/durance2/15Jus1016Ch03A_S486_L001_R1_001.fastq.gz,gzip
data/durance2/16S-Dur2_renamed/15Jus1016Ch03A_S486_L001_R2_001.fastq,consolidated_dataset/durance2/15Jus1016Ch03A_S486_L001_R2_001.fastq.gz,gzip
data/durance2/16S-Dur2_renamed/15Caa1005Ch03A_S487_L001_R1_001.fastq,consolidated_dataset/durance2/15Caa1005Ch03A_S487_L001_R1_001.fastq.gz,gzip
data/durance2/16S-Dur2_renamed/15Caa1005Ch03A_S487_L001_R2_001.fastq,consolidated_dataset/durance2/15Caa1005Ch03A_S487_L001_R2_001.fastq.gz,gzip
data/durance2/16S-Dur2_renamed/15Caa1013Ch03A_S488_L001_R1_001.fastq,consolidated_dataset/durance2/15Caa1013Ch03A_S488_L001_R1_001.fastq.gz,gzip
data/durance2/16S-Dur2_renamed/15Caa1013Ch03A_S488_L001_R2_001.fastq,consolidated_dataset/durance2/15Caa1013Ch03A_S488_L001_R2_001.fastq.gz,gzip
data/durance2/16S-Dur2_renamed/15Avi1001Cn03A_S489_L001_R1_001.fastq,consolidated_dataset/durance2/15Avi1001Cn03A_S489_L001_R1_001.fastq.gz,gzip
data/durance2/16S-Dur2_renamed/15Avi1001Cn03A_S489_L001_R2_001.fastq,consolidated_dataset/durance2/15Avi1001Cn03A_S489_L001_R2_001.fastq.gz,gzip
data/durance2/16S-Dur2_renamed/15Avi1009Cn03A_S490_L001_R1_001.fastq,consolidated_dataset/durance2/15Avi1009Cn03A_S490_L001_R1_001.fastq.gz,gzip
data/durance2/16S-Dur2_renamed/15Avi1009Cn03A_S490_L001_R2_001.fastq,consolidated_dataset/durance2/15Avi1009Cn03A_S490_L001_R2_001.fastq.gz,gzip
data/durance2/16S-Dur2_renamed/15Bue1004Ch03A_S491_L001_R1_001.fastq,consolidated_dataset/durance2/15Bue1004Ch03A_S491_L001_R1_001.fastq.gz,gzip
data/durance2/16S-Dur2_renamed/15Bue1004Ch03A_S491_L001_R2_001.fastq,consolidated_dataset/durance2/15Bue1004Ch03A_S491_L001_R2_001.fastq.gz,gzip
data/durance2/16S-Dur2_renamed/15Bue1012Ch03A_S492_L001_R1_001.fastq,consolidated_dataset/durance2/15Bue1012Ch03A_S492_L001_R1_001.fastq.gz,gzip
data/durance2/16S-Dur2_renamed/15Bue1012Ch03A_S492_L001_R2_001.fastq,consolidated_dataset/durance2/15Bue1012Ch03A_S492_L001_R2_001.fastq.gz,gzip
data/durance2/16S-Dur2_renamed/15Bau1002Ch03A_S493_L001_R1_001.fastq,consolidated_dataset/durance2/15Bau1002Ch03A_S493_L001_R1_001.fastq.gz,gzip
data/durance2/16S-Dur2_renamed/15Bau1002Ch03A_S493_L001_R2_001.fastq,consolidated_dataset/durance2/15Bau1002Ch03A_S493_L001_R2_001.fastq.gz,gzip
data/durance2/16S-Dur2_renamed/15Bau1010Ch03A_S494_L001_R1_001.fastq,consolidated_dataset/durance2/15Bau1010Ch03A_S494_L001_R1_001.fastq.gz,gzip
data/durance2/16S-Dur2_renamed/15Bau1010Ch03A_S494_L001_R2_001.fastq,consolidated_dataset/durance2/15Bau1010Ch03A_S494_L001_R2_001.fastq.gz,gzip
data/durance2/16S-Dur2_renamed/15Bau1018Ch03A_S495_L001_R1_001.fastq,consolidated_dataset/durance2/15Bau1018Ch03A_S495_L001_R1_001.fastq.gz,gzip
data/durance2/16S-Dur2_renamed/15Bau1018Ch03A_S495_L001_R2_001.fastq,consolidated_dataset/durance2/15Bau1018Ch03A_S495_L001_R2_001.fastq.gz,gzip
data/durance2/16S-Dur2_renamed/15Jus1001Ch03A_S496_L001_R1_001.fastq,consolidated_dataset/durance2/15Jus1001Ch03A_S496_L001_R1_001.fastq.gz,gzip
data/durance2/16S-Dur2_renamed/15Jus1001Ch03A_S496_L001_R2_001.fastq,consolidated_dataset/durance2/15Jus1001Ch03A_S496_L001_R2_001.fastq.gz,gzip
data/durance2/16S-Dur2_renamed/15Jus1009Ch03A_S497_L001_R1_001.fastq,consolidated_dataset/durance2/15Jus1009Ch03A_S497_L001_R1_001.fastq.gz,gzip
data/durance2/16S-Dur2_renamed/15Jus1009Ch03A_S497_L001_R2_001.fastq,consolidated_dataset/durance2/15Jus1009Ch03A_S497_L001_R2_001.fastq.gz,gzip
data/durance2/16S-Dur2_renamed/15Jus1017Ch03A_S498_L001_R1_001.fastq,consolidated_dataset/durance2/15Jus1017Ch03A_S498_L001_R1_001.fastq.gz,gzip
data/durance2/16S-Dur2_renamed/15Jus1017Ch03A_S498_L001_R2_001.fastq,consolidated_dataset/durance2/15Jus1017Ch03A_S498_L001_R2_001.fastq.gz,gzip
data/durance2/16S-Dur2_renamed/15Caa1006Ch03A_S499_L001_R1_001.fastq,consolidated_dataset/durance2/15Caa1006Ch03A_S499_L001_R1_001.fastq.gz,gzip
data/durance2/16S-Dur2_renamed/15Caa1006Ch03A_S499_L001_R2_001.fastq,consolidated_dataset/durance2/15Caa1006Ch03A_S499_L001_R2_001.fastq.gz,gzip
data/durance2/16S-Dur2_renamed/15Caa1014Ch03A_S500_L001_R1_001.fastq,consolidated_dataset/durance2/15Caa1014Ch03A_S500_L001_R1_001.fastq.gz,gzip
data/durance2/16S-Dur2_renamed/15Caa1014Ch03A_S500_L001_R2_001.fastq,consolidated_dataset/durance2/15Caa1014Ch03A_S500_L001_R2_001.fastq.gz,gzip
data/durance2/16S-Dur2_renamed/15Avi1002Cn03A_S501_L001_R1_001.fastq,consolidated_dataset/durance2/15Avi1002Cn03A_S501_L001_R1_001.fastq.gz,gzip
data/durance2/16S-Dur2_renamed/15Avi1002Cn03A_S501_L001_R2_001.fastq,consolidated_dataset/durance2/15Avi1002Cn03A_S501_L001_R2_001.fastq.gz,gzip
data/durance2/16S-Dur2_renamed/15Avi1010Cn03A_S502_L001_R1_001.fastq,consolidated_dataset/durance2/15Avi1010Cn03A_S502_L001_R1_001.fastq.gz,gzip
data/durance2/16S-Dur2_renamed/15Avi1010Cn03A_S502_L001_R2_001.fastq,consolidated_dataset/durance2/15Avi1010Cn03A_S502_L001_R2_001.fastq.gz,gzip
data/durance2/16S-Dur2_renamed/15Bue1005Ch03A_S503_L001_R1_001.fastq,consolidated_dataset/durance2/15Bue1005Ch03A_S503_L001_R1_001.fastq.gz,gzip
data/durance2/16S-Dur2_renamed/15Bue1005Ch03A_S503_L001_R2_001.fastq,consolidated_dataset/durance2/15Bue1005Ch03A_S503_L001_R2_001.fastq.gz,gzip
data/durance2/16S-Dur2_renamed/15Bue1013Ch03A_S504_L001_R1_001.fastq,consolidated_dataset/durance2/15Bue1013Ch03A_S504_L001_R1_001.fastq.gz,gzip
data/durance2/16S-Dur2_renamed/15Bue1013Ch03A_S504_L001_R2_001.fastq,consolidated_dataset/durance2/15Bue1013Ch03A_S504_L001_R2_001.fastq.gz,gzip
data/durance2/16S-Dur2_renamed/15Bau1003Ch03A_S505_L001_R1_001.fastq,consolidated_dataset/durance2/15Bau1003Ch03A_S505_L001_R1_001.fastq.gz,gzip
data/durance2/16S-Dur2_renamed/15Bau1003Ch03A_S505_L001_R2_001.fastq,consolidated_dataset/durance2/15Bau1003Ch03A_S505_L001_R2_001.fastq.gz,gzip
data/durance2/16S-Dur2_renamed/15Bau1011Ch03A_S506_L001_R1_001.fastq,consolidated_dataset/durance2/15Bau1011Ch03A_S506_L001_R1_001.fastq.gz,gzip
data/durance2/16S-Dur2_renamed/15Bau1011Ch03A_S506_L001_R2_001.fastq,consolidated_dataset/durance2/15Bau1011Ch03A_S506_L001_R2_001.fastq.gz,gzip
data/durance2/16S-Dur2_renamed/15Bau1019Ch03A_S507_L001_R1_001.fastq,consolidated_dataset/durance2/15Bau1019Ch03A_S507_L001_R1_001.fastq.gz,gzip
data/durance2/16S-Dur2_renamed/15Bau1019Ch03A_S507_L001_R2_001.fastq,consolidated_dataset/durance2/15Bau1019Ch03A_S507_L001_R2_001.fastq.gz,gzip
data/durance2/16S-Dur2_renamed/15Jus1002Ch03A_S508_L001_R1_001.fastq,consolidated_dataset/durance2/15Jus1002Ch03A_S508_L001_R1_001.fastq.gz,gzip
data/durance2/16S-Dur2_renamed/15Jus1002Ch03A_S508_L001_R2_001.fastq,consolidated_dataset/durance2/15Jus1002Ch03A_S508_L001_R2_001.fastq.gz,gzip
data/durance2/16S-Dur2_renamed/15Jus1010Ch03A_S509_L001_R1_001.fastq,consolidated_dataset/durance2/15Jus1010Ch03A_S509_L001_R1_001.fastq.gz,gzip
data/durance2/16S-Dur2_renamed/15Jus1010Ch03A_S509_L001_R2_001.fastq,consolidated_dataset/durance2/15Jus1010Ch03A_S509_L001_R2_001.fastq.gz,gzip
data/durance2/16S-Dur2_renamed/15Jus1018Ch03A_S510_L001_R1_001.fastq,consolidated_dataset/durance2/15Jus1018Ch03A_S510_L001_R1_001.fastq.gz,gzip
data/durance2/16S-Dur2_renamed/15Jus1018Ch03A_S510_L001_R2_001.fastq,consolidated_dataset/durance2/15Jus1018Ch03A_S510_L001_R2_001.fastq.gz,gzip
data/durance2/16S-Dur2_renamed/15Caa1007Ch03A_S511_L001_R1_001.fastq,consolidated_dataset/durance2/15Caa1007Ch03A_S511_L001_R1_001.fastq.gz,gzip
data/durance2/16S-Dur2_renamed/15Caa1007Ch03A_S511_L001_R2_001.fastq,consolidated_dataset/durance2/15Caa1007Ch03A_S511_L001_R2_001.fastq.gz,gzip
data/durance2/16S-Dur2_renamed/15Caa1015Ch03A_S512_L001_R1_001.fastq,consolidated_dataset/durance2/15Caa1015Ch03A_S512_L001_R1_001.fastq.gz,gzip
data/durance2/16S-Dur2_renamed/15Caa1015Ch03A_S512_L001_R2_001.fastq,consolidated_dataset/durance2/15Caa1015Ch03A_S512_L001_R2_001.fastq.gz,gzip
data/durance2/16S-Dur2_renamed/15Avi1003Cn03A_S513_L001_R1_001.fastq,consolidated_dataset/durance2/15Avi1003Cn03A_S513_L001_R1_001.fastq.gz,gzip
data/durance2/16S-Dur2_renamed/15Avi1003Cn03A_S513_L001_R2_001.fastq,consolidated_dataset/durance2/15Avi1003Cn03A_S513_L001_R2_001.fastq.gz,gzip
data/durance2/16S-Dur2_renamed/15Avi1011Cn03A_S514_L001_R1_001.fastq,consolidated_dataset/durance2/15Avi1011Cn03A_S514_L001_R1_001.fastq.gz,gzip
data/durance2/16S-Dur2_renamed/15Avi1011Cn03A_S514_L001_R2_001.fastq,consolidated_dataset/durance2/15Avi1011Cn03A_S514_L001_R2_001.fastq.gz,gzip
data/durance2/16S-Dur2_renamed/15Bue1006Ch03A_S515_L001_R1_001.fastq,consolidated_dataset/durance2/15Bue1006Ch03A_S515_L001_R1_001.fastq.gz,gzip
data/durance2/16S-Dur2_renamed/15Bue1006Ch03A_S515_L001_R2_001.fastq,consolidated_dataset/durance2/15Bue1006Ch03A_S515_L001_R2_001.fastq.gz,gzip
data/durance2/16S-Dur2_renamed/15Bue1014Ch03A_S516_L001_R1_001.fastq,consolidated_dataset/durance2/15Bue1014Ch03A_S516_L001_R1_001.fastq.gz,gzip
data/durance2/16S-Dur2_renamed/15Bue1014Ch03A_S516_L001_R2_001.fastq,consolidated_dataset/durance2/15Bue1014Ch03A_S516_L001_R2_001.fastq.gz,gzip
data/durance2/16S-Dur2_renamed/15Bau1004Ch03A_S517_L001_R1_001.fastq,consolidated_dataset/durance2/15Bau1004Ch03A_S517_L001_R1_001.fastq.gz,gzip
data/durance2/16S-Dur2_renamed/15Bau1004Ch03A_S517_L001_R2_001.fastq,consolidated_dataset/durance2/15Bau1004Ch03A_S517_L001_R2_001.fastq.gz,gzip
data/durance2/16S-Dur2_renamed/15Bau1012Ch03A_S518_L001_R1_001.fastq,consolidated_dataset/durance2/15Bau1012Ch03A_S518_L001_R1_001.fastq.gz,gzip
data/durance2/16S-Dur2_renamed/15Bau1012Ch03A_S518_L001_R2_001.fastq,consolidated_dataset/durance2/15Bau1012Ch03A_S518_L001_R2_001.fastq.gz,gzip
data/durance2/16S-Dur2_renamed/15Bau1020Ch03A_S519_L001_R1_001.fastq,consolidated_dataset/durance2/15Bau1020Ch03A_S519_L001_R1_001.fastq.gz,gzip
data/durance2/16S-Dur2_renamed/15Bau1020Ch03A_S519_L001_R2_001.fastq,consolidated_dataset/durance2/15Bau1020Ch03A_S519_L001_R2_001.fastq.gz,gzip
data/durance2/16S-Dur2_renamed/15Jus1003Ch03A_S520_L001_R1_001.fastq,consolidated_dataset/durance2/15Jus1003Ch03A_S520_L001_R1_001.fastq.gz,gzip
data/durance2/16S-Dur2_renamed/15Jus1003Ch03A_S520_L001_R2_001.fastq,consolidated_dataset/durance2/15Jus1003Ch03A_S520_L001_R2_001.fastq.gz,gzip
data/durance2/16S-Dur2_renamed/15Jus1011Ch03A_S521_L001_R1_001.fastq,consolidated_dataset/durance2/15Jus1011Ch03A_S521_L001_R1_001.fastq.gz,gzip
data/durance2/16S-Dur2_renamed/15Jus1011Ch03A_S521_L001_R2_001.fastq,consolidated_dataset/durance2/15Jus1011Ch03A_S521_L001_R2_001.fastq.gz,gzip
data/durance2/16S-Dur2_renamed/15Jus1019Ch03A_S522_L001_R1_001.fastq,consolidated_dataset/durance2/15Jus1019Ch03A_S522_L001_R1_001.fastq.gz,gzip
data/durance2/16S-Dur2_renamed/15Jus1019Ch03A_S522_L001_R2_001.fastq,consolidated_dataset/durance2/15Jus1019Ch03A_S522_L001_R2_001.fastq.gz,gzip
data/durance2/16S-Dur2_renamed/15Caa1008Ch03A_S523_L001_R1_001.fastq,consolidated_dataset/durance2/15Caa1008Ch03A_S523_L001_R1_001.fastq.gz,gzip
data/durance2/16S-Dur2_renamed/15Caa1008Ch03A_S523_L001_R2_001.fastq,consolidated_dataset/durance2/15Caa1008Ch03A_S523_L001_R2_001.fastq.gz,gzip
data/durance2/16S-Dur2_renamed/15Caa1016Ch03A_S524_L001_R1_001.fastq,consolidated_dataset/durance2/15Caa1016Ch03A_S524_L001_R1_001.fastq.gz,gzip
data/durance2/16S-Dur2_renamed/15Caa1016Ch03A_S524_L001_R2_001.fastq,consolidated_dataset/durance2/15Caa1016Ch03A_S524_L001_R2_001.fastq.gz,gzip
data/durance2/16S-Dur2_renamed/15Avi1004Cn03A_S525_L001_R1_001.fastq,consolidated_dataset/durance2/15Avi1004Cn03A_S525_L001_R1_001.fastq.gz,gzip
data/durance2/16S-Dur2_renamed/15Avi1004Cn03A_S525_L001_R2_001.fastq,consolidated_dataset/durance2/15Avi1004Cn03A_S525_L001_R2_001.fastq.gz,gzip
data/durance2/16S-Dur2_renamed/15Avi1012Pt03A_S526_L001_R1_001.fastq,consolidated_dataset/durance2/15Avi1012Pt03A_S526_L001_R1_001.fastq.gz,gzip
data/durance2/16S-Dur2_renamed/15Avi1012Pt03A_S526_L001_R2_001.fastq,consolidated_dataset/durance2/15Avi1012Pt03A_S526_L001_R2_001.fastq.gz,gzip
data/durance2/16S-Dur2_renamed/15Bue1007Ch03A_S527_L001_R1_001.fastq,consolidated_dataset/durance2/15Bue1007Ch03A_S527_L001_R1_001.fastq.gz,gzip
data/durance2/16S-Dur2_renamed/15Bue1007Ch03A_S527_L001_R2_001.fastq,consolidated_dataset/durance2/15Bue1007Ch03A_S527_L001_R2_001.fastq.gz,gzip
data/durance2/16S-Dur2_renamed/15Bue1015Ch03A_S528_L001_R1_001.fastq,consolidated_dataset/durance2/15Bue1015Ch03A_S528_L001_R1_001.fastq.gz,gzip
data/durance2/16S-Dur2_renamed/15Bue1015Ch03A_S528_L001_R2_001.fastq,consolidated_dataset/durance2/15Bue1015Ch03A_S528_L001_R2_001.fastq.gz,gzip
data/durance2/16S-Dur2_renamed/15Bau1005Ch03A_S529_L001_R1_001.fastq,consolidated_dataset/durance2/15Bau1005Ch03A_S529_L001_R1_001.fastq.gz,gzip
data/durance2/16S-Dur2_renamed/15Bau1005Ch03A_S529_L001_R2_001.fastq,consolidated_dataset/durance2/15Bau1005Ch03A_S529_L001_R2_001.fastq.gz,gzip
data/durance2/16S-Dur2_renamed/15Bau1013Ch03A_S530_L001_R1_001.fastq,consolidated_dataset/durance2/15Bau1013Ch03A_S530_L001_R1_001.fastq.gz,gzip
data/durance2/16S-Dur2_renamed/15Bau1013Ch03A_S530_L001_R2_001.fastq,consolidated_dataset/durance2/15Bau1013Ch03A_S530_L001_R2_001.fastq.gz,gzip
data/durance2/16S-Dur2_renamed/15Bau1021Ch03A_S531_L001_R1_001.fastq,consolidated_dataset/durance2/15Bau1021Ch03A_S531_L001_R1_001.fastq.gz,gzip
data/durance2/16S-Dur2_renamed/15Bau1021Ch03A_S531_L001_R2_001.fastq,consolidated_dataset/durance2/15Bau1021Ch03A_S531_L001_R2_001.fastq.gz,gzip
data/durance2/16S-Dur2_renamed/15Jus1004Ch03A_S532_L001_R1_001.fastq,consolidated_dataset/durance2/15Jus1004Ch03A_S532_L001_R1_001.fastq.gz,gzip
data/durance2/16S-Dur2_renamed/15Jus1004Ch03A_S532_L001_R2_001.fastq,consolidated_dataset/durance2/15Jus1004Ch03A_S532_L001_R2_001.fastq.gz,gzip
data/durance2/16S-Dur2_renamed/15Jus1012Ch03A_S533_L001_R1_001.fastq,consolidated_dataset/durance2/15Jus1012Ch03A_S533_L001_R1_001.fastq.gz,gzip
data/durance2/16S-Dur2_renamed/15Jus1012Ch03A_S533_L001_R2_001.fastq,consolidated_dataset/durance2/15Jus1012Ch03A_S533_L001_R2_001.fastq.gz,gzip
data/durance2/16S-Dur2_renamed/15Caa1001CH03A_S534_L001_R1_001.fastq,consolidated_dataset/durance2/15Caa1001CH03A_S534_L001_R1_001.fastq.gz,gzip
data/durance2/16S-Dur2_renamed/15Caa1001CH03A_S534_L001_R2_001.fastq,consolidated_dataset/durance2/15Caa1001CH03A_S534_L001_R2_001.fastq.gz,gzip
data/durance2/16S-Dur2_renamed/15Caa1009Ch03A_S535_L001_R1_001.fastq,consolidated_dataset/durance2/15Caa1009Ch03A_S535_L001_R1_001.fastq.gz,gzip
data/durance2/16S-Dur2_renamed/15Caa1009Ch03A_S535_L001_R2_001.fastq,consolidated_dataset/durance2/15Caa1009Ch03A_S535_L001_R2_001.fastq.gz,gzip
data/durance2/16S-Dur2_renamed/15Caa1017Ch03A_S536_L001_R1_001.fastq,consolidated_dataset/durance2/15Caa1017Ch03A_S536_L001_R1_001.fastq.gz,gzip
data/durance2/16S-Dur2_renamed/15Caa1017Ch03A_S536_L001_R2_001.fastq,consolidated_dataset/durance2/15Caa1017Ch03A_S536_L001_R2_001.fastq.gz,gzip
data/durance2/16S-Dur2_renamed/15Avi1005Cn03A_S537_L001_R1_001.fastq,consolidated_dataset/durance2/15Avi1005Cn03A_S537_L001_R1_001.fastq.gz,gzip
data/durance2/16S-Dur2_renamed/15Avi1005Cn03A_S537_L001_R2_001.fastq,consolidated_dataset/durance2/15Avi1005Cn03A_S537_L001_R2_001.fastq.gz,gzip
data/durance2/16S-Dur2_renamed/15Avi1013Pt03A_S538_L001_R1_001.fastq,consolidated_dataset/durance2/15Avi1013Pt03A_S538_L001_R1_001.fastq.gz,gzip
data/durance2/16S-Dur2_renamed/15Avi1013Pt03A_S538_L001_R2_001.fastq,consolidated_dataset/durance2/15Avi1013Pt03A_S538_L001_R2_001.fastq.gz,gzip
data/durance2/16S-Dur2_renamed/15Bue1008Ch03A_S539_L001_R1_001.fastq,consolidated_dataset/durance2/15Bue1008Ch03A_S539_L001_R1_001.fastq.gz,gzip
data/durance2/16S-Dur2_renamed/15Bue1008Ch03A_S539_L001_R2_001.fastq,consolidated_dataset/durance2/15Bue1008Ch03A_S539_L001_R2_001.fastq.gz,gzip
data/durance2/16S-Dur2_renamed/15Bue1016Ch03A_S540_L001_R1_001.fastq,consolidated_dataset/durance2/15Bue1016Ch03A_S540_L001_R1_001.fastq.gz,gzip
data/durance2/16S-Dur2_renamed/15Bue1016Ch03A_S540_L001_R2_001.fastq,consolidated_dataset/durance2/15Bue1016Ch03A_S540_L001_R2_001.fastq.gz,gzip
data/durance2/16S-Dur2_renamed/15Bau1006Ch03A_S541_L001_R1_001.fastq,consolidated_dataset/durance2/15Bau1006Ch03A_S541_L001_R1_001.fastq.gz,gzip
data/durance2/16S-Dur2_renamed/15Bau1006Ch03A_S541_L001_R2_001.fastq,consolidated_dataset/durance2/15Bau1006Ch03A_S541_L001_R2_001.fastq.gz,gzip
data/durance2/16S-Dur2_renamed/15Bau1014Ch03A_S542_L001_R1_001.fastq,consolidated_dataset/durance2/15Bau1014Ch03A_S542_L001_R1_001.fastq.gz,gzip
data/durance2/16S-Dur2_renamed/15Bau1014Ch03A_S542_L001_R2_001.fastq,consolidated_dataset/durance2/15Bau1014Ch03A_S542_L001_R2_001.fastq.gz,gzip
data/durance2/16S-Dur2_renamed/15Bau1022Ch03A_S543_L001_R1_001.fastq,consolidated_dataset/durance2/15Bau1022Ch03A_S543_L001_R1_001.fastq.gz,gzip
data/durance2/16S-Dur2_renamed/15Bau1022Ch03A_S543_L001_R2_001.fastq,consolidated_dataset/durance2/15Bau1022Ch03A_S543_L001_R2_001.fastq.gz,gzip
data/durance2/16S-Dur2_renamed/15Jus1005Ch03A_S544_L001_R1_001.fastq,consolidated_dataset/durance2/15Jus1005Ch03A_S544_L001_R1_001.fastq.gz,gzip
data/durance2/16S-Dur2_renamed/15Jus1005Ch03A_S544_L001_R2_001.fastq,consolidated_dataset/durance2/15Jus1005Ch03A_S544_L001_R2_001.fastq.gz,gzip
data/durance2/16S-Dur2_renamed/15Jus1013Ch03A_S545_L001_R1_001.fastq,consolidated_dataset/durance2/15Jus1013Ch03A_S545_L001_R1_001.fastq.gz,gzip
data/durance2/16S-Dur2_renamed/15Jus1013Ch03A_S545_L001_R2_001.fastq,consolidated_dataset/durance2/15Jus1013Ch03A_S545_L001_R2_001.fastq.gz,gzip
data/durance2/16S-Dur2_renamed/15Caa1002Ch03A_S546_L001_R1_001.fastq,consolidated_dataset/durance2/15Caa1002Ch03A_S546_L001_R1_001.fastq.gz,gzip
data/durance2/16S-Dur2_renamed/15Caa1002Ch03A_S546_L001_R2_001.fastq,consolidated_dataset/durance2/15Caa1002Ch03A_S546_L001_R2_001.fastq.gz,gzip
data/durance2/16S-Dur2_renamed/15Caa1010Ch03A_S547_L001_R1_001.fastq,consolidated_dataset/durance2/15Caa1010Ch03A_S547_L001_R1_001.fastq.gz,gzip
data/durance2/16S-Dur2_renamed/15Caa1010Ch03A_S547_L001_R2_001.fastq,consolidated_dataset/durance2/15Caa1010Ch03A_S547_L001_R2_001.fastq.gz,gzip
data/durance2/16S-Dur2_renamed/15Caa1018Ch03A_S548_L001_R1_001.fastq,consolidated_dataset/durance2/15Caa1018Ch03A_S548_L001_R1_001.fastq.gz,gzip
data/durance2/16S-Dur2_renamed/15Caa1018Ch03A_S548_L001_R2_001.fastq,consolidated_dataset/durance2/15Caa1018Ch03A_S548_L001_R2_001.fastq.gz,gzip
data/durance2/16S-Dur2_renamed/15Avi1006Cn03A_S549_L001_R1_001.fastq,consolidated_dataset/durance2/15Avi1006Cn03A_S549_L001_R1_001.fastq.gz,gzip
data/durance2/16S-Dur2_renamed/15Avi1006Cn03A_S549_L001_R2_001.fastq,consolidated_dataset/durance2/15Avi1006Cn03A_S549_L001_R2_001.fastq.gz,gzip
data/durance2/16S-Dur2_renamed/15Bue1001Ch03A_S550_L001_R1_001.fastq,consolidated_dataset/durance2/15Bue1001Ch03A_S550_L001_R1_001.fastq.gz,gzip
data/durance2/16S-Dur2_renamed/15Bue1001Ch03A_S550_L001_R2_001.fastq,consolidated_dataset/durance2/15Bue1001Ch03A_S550_L001_R2_001.fastq.gz,gzip
data/durance2/16S-Dur2_renamed/15Bue1009Ch03A_S551_L001_R1_001.fastq,consolidated_dataset/durance2/15Bue1009Ch03A_S551_L001_R1_001.fastq.gz,gzip
data/durance2/16S-Dur2_renamed/15Bue1009Ch03A_S551_L001_R2_001.fastq,consolidated_dataset/durance2/15Bue1009Ch03A_S551_L001_R2_001.fastq.gz,gzip
data/durance2/16S-Dur2_renamed/15Bue1017Ch03A_S552_L001_R1_001.fastq,consolidated_dataset/durance2/15Bue1017Ch03A_S552_L001_R1_001.fastq.gz,gzip
data/durance2/16S-Dur2_renamed/15Bue1017Ch03A_S552_L001_R2_001.fastq,consolidated_dataset/durance2/15Bue1017Ch03A_S552_L001_R2_001.fastq.gz,gzip
data/durance2/16S-Dur2_renamed/15Bau1007Ch03A_S553_L001_R1_001.fastq,consolidated_dataset/durance2/15Bau1007Ch03A_S553_L001_R1_001.fastq.gz,gzip
data/durance2/16S-Dur2_renamed/15Bau1007Ch03A_S553_L001_R2_001.fastq,consolidated_dataset/durance2/15Bau1007Ch03A_S553_L001_R2_001.fastq.gz,gzip
data/durance2/16S-Dur2_renamed/15Bau1015Ch03A_S554_L001_R1_001.fastq,consolidated_dataset/durance2/15Bau1015Ch03A_S554_L001_R1_001.fastq.gz,gzip
data/durance2/16S-Dur2_renamed/15Bau1015Ch03A_S554_L001_R2_001.fastq,consolidated_dataset/durance2/15Bau1015Ch03A_S554_L001_R2_001.fastq.gz,gzip
data/durance2/16S-Dur2_renamed/15Bau1023Ch03A_S555_L001_R1_001.fastq,consolidated_dataset/durance2/15Bau1023Ch03A_S555_L001_R1_001.fastq.gz,gzip
data/durance2/16S-Dur2_renamed/15Bau1023Ch03A_S555_L001_R2_001.fastq,consolidated_dataset/durance2/15Bau1023Ch03A_S555_L001_R2_001.fastq.gz,gzip
data/durance2/16S-Dur2_renamed/15Jus1006Ch03A_S556_L001_R1_001.fastq,consolidated_dataset/durance2/15Jus1006Ch03A_S556_L001_R1_001.fastq.gz,gzip
data/durance2/16S-Dur2_renamed/15Jus1006Ch03A_S556_L001_R2_001.fastq,consolidated_dataset/durance2/15Jus1006Ch03A_S556_L001_R2_001.fastq.gz,gzip
data/durance2/16S-Dur2_renamed/15Jus1014Ch03A_S557_L001_R1_001.fastq,consolidated_dataset/durance2/15Jus1014Ch03A_S557_L001_R1_001.fastq.gz,gzip
data/durance2/16S-Dur2_renamed/15Jus1014Ch03A_S557_L001_R2_001.fastq,consolidated_dataset/durance2/15Jus1014Ch03A_S557_L001_R2_001.fastq.gz,gzip
data/durance2/16S-Dur2_renamed/15Caa1003Ch03A_S558_L001_R1_001.fastq,consolidated_dataset/durance2/15Caa1003Ch03A_S558_L001_R1_001.fastq.gz,gzip
data/durance2/16S-Dur2_renamed/15Caa1003Ch03A_S558_L001_R2_001.fastq,consolidated_dataset/durance2/15Caa1003Ch03A_S558_L001_R2_001.fastq.gz,gzip
data/durance2/16S-Dur2_renamed/15Caa1011Ch03A_S559_L001_R1_001.fastq,consolidated_dataset/durance2/15Caa1011Ch03A_S559_L001_R1_001.fastq.gz,gzip
data/durance2/16S-Dur2_renamed/15Caa1011Ch03A_S559_L001_R2_001.fastq,consolidated_dataset/durance2/15Caa1011Ch03A_S559_L001_R2_001.fastq.gz,gzip
data/durance2/16S-Dur2_renamed/15Caa1019Ch03A_S560_L001_R1_001.fastq,consolidated_dataset/durance2/15Caa1019Ch03A_S560_L001_R1_001.fastq.gz,gzip
data/durance2/16S-Dur2_renamed/15Caa1019Ch03A_S560_L001_R2_001.fastq,consolidated_dataset/durance2/15Caa1019Ch03A_S560_L001_R2_001.fastq.gz,gzip
data/durance2/16S-Dur2_renamed/15Avi1007Cn03A_S561_L001_R1_001.fastq,consolidated_dataset/durance2/15Avi1007Cn03A_S561_L001_R1_001.fastq.gz,gzip
data/durance2/16S-Dur2_renamed/15Avi1007Cn03A_S561_L001_R2_001.fastq,consolidated_dataset/durance2/15Avi1007Cn03A_S561_L001_R2_001.fastq.gz,gzip
data/durance2/16S-Dur2_renamed/15Bue1002Ch03A_S562_L001_R1_001.fastq,consolidated_dataset/durance2/15Bue1002Ch03A_S562_L001_R1_001.fastq.gz,gzip
data/durance2/16S-Dur2_renamed/15Bue1002Ch03A_S562_L001_R2_001.fastq,consolidated_dataset/durance2/15Bue1002Ch03A_S562_L001_R2_001.fastq.gz,gzip
data/durance2/16S-Dur2_renamed/15Bue1010Ch03A_S563_L001_R1_001.fastq,consolidated_dataset/durance2/15Bue1010Ch03A_S563_L001_R1_001.fastq.gz,gzip
data/durance2/16S-Dur2_renamed/15Bue1010Ch03A_S563_L001_R2_001.fastq,consolidated_dataset/durance2/15Bue1010Ch03A_S563_L001_R2_001.fastq.gz,gzip
data/durance2/16S-Dur2_renamed/15Bue1018Ch03A_S564_L001_R1_001.fastq,consolidated_dataset/durance2/15Bue1018Ch03A_S564_L001_R1_001.fastq.gz,gzip
data/durance2/16S-Dur2_renamed/15Bue1018Ch03A_S564_L001_R2_001.fastq,consolidated_dataset/durance2/15Bue1018Ch03A_S564_L001_R2_001.fastq.gz,gzip
data/durance2/16S-Dur2_renamed/15Bau1008Ch03A_S565_L001_R1_001.fastq,consolidated_dataset/durance2/15Bau1008Ch03A_S565_L001_R1_001.fastq.gz,gzip
data/durance2/16S-Dur2_renamed/15Bau1008Ch03A_S565_L001_R2_001.fastq,consolidated_dataset/durance2/15Bau1008Ch03A_S565_L001_R2_001.fastq.gz,gzip
data/durance2/16S-Dur2_renamed/15Bau1016Ch03A_S566_L001_R1_001.fastq,consolidated_dataset/durance2/15Bau1016Ch03A_S566_L001_R1_001.fastq.gz,gzip
data/durance2/16S-Dur2_renamed/15Bau1016Ch03A_S566_L001_R2_001.fastq,consolidated_dataset/durance2/15Bau1016Ch03A_S566_L001_R2_001.fastq.gz,gzip
data/durance2/16S-Dur2_renamed/15Bau1024Ch03A_S567_L001_R1_001.fastq,consolidated_dataset/durance2/15Bau1024Ch03A_S567_L001_R1_001.fastq.gz,gzip
data/durance2/16S-Dur2_renamed/15Bau1024Ch03A_S567_L001_R2_001.fastq,consolidated_dataset/durance2/15Bau1024Ch03A_S567_L001_R2_001.fastq.gz,gzip
data/durance2/16S-Dur2_renamed/15Jus1007Ch03A_S568_L001_R1_001.fastq,consolidated_dataset/durance2/15Jus1007Ch03A_S568_L001_R1_001.fastq.gz,gzip
data/durance2/16S-Dur2_renamed/15Jus1007Ch03A_S568_L001_R2_001.fastq,consolidated_dataset/durance2/15Jus1007Ch03A_S568_L001_R2_001.fastq.gz,gzip
data/durance2/16S-Dur2_renamed/15Jus1015Ch03A_S569_L001_R1_001.fastq,consolidated_dataset/durance2/15Jus1015Ch03A_S569_L001_R1_001.fastq.gz,gzip
data/durance2/16S-Dur2_renamed/15Jus1015Ch03A_S569_L001_R2_001.fastq,consolidated_dataset/durance2/15Jus1015Ch03A_S569_L001_R2_001.fastq.gz,gzip
data/durance2/16S-Dur2_renamed/15Caa1004Ch03A_S570_L001_R1_001.fastq,consolidated_dataset/durance2/15Caa1004Ch03A_S570_L001_R1_001.fastq.gz,gzip
data/durance2/16S-Dur2_renamed/15Caa1004Ch03A_S570_L001_R2_001.fastq,consolidated_dataset/durance2/15Caa1004Ch03A_S570_L001_R2_001.fastq.gz,gzip
data/durance2/16S-Dur2_renamed/15Caa1012Ch03A_S571_L001_R1_001.fastq,consolidated_dataset/durance2/15Caa1012Ch03A_S571_L001_R1_001.fastq.gz,gzip
data/durance2/16S-Dur2_renamed/15Caa1012Ch03A_S571_L001_R2_001.fastq,consolidated_dataset/durance2/15Caa1012Ch03A_S571_L001_R2_001.fastq.gz,gzip
data/durance2/16S-Dur2_renamed/15Caa1020Ch03A_S572_L001_R1_001.fastq,consolidated_dataset/durance2/15Caa1020Ch03A_S572_L001_R1_001.fastq.gz,gzip
data/durance2/16S-Dur2_renamed/15Caa1020Ch03A_S572_L001_R2_001.fastq,consolidated_dataset/durance2/15Caa1020Ch03A_S572_L001_R2_001.fastq.gz,gzip
data/durance2/16S-Dur2_renamed/15Avi1008Cn03A_S573_L001_R1_001.fastq,consolidated_dataset/durance2/15Avi1008Cn03A_S573_L001_R1_001.fastq.gz,gzip
data/durance2/16S-Dur2_renamed/15Avi1008Cn03A_S573_L001_R2_001.fastq,consolidated_dataset/durance2/15Avi1008Cn03A_S573_L001_R2_001.fastq.gz,gzip
data/durance2/16S-Dur2_renamed/15Bue1003Ch03A_S574_L001_R1_001.fastq,consolidated_dataset/durance2/15Bue1003Ch03A_S574_L001_R1_001.fastq.gz,gzip
data/durance2/16S-Dur2_renamed/15Bue1003Ch03A_S574_L001_R2_001.fastq,consolidated_dataset/durance2/15Bue1003Ch03A_S574_L001_R2_001.fastq.gz,gzip
data/durance2/16S-Dur2_renamed/15Bue1011Ch03A_S575_L001_R1_001.fastq,consolidated_dataset/durance2/15Bue1011Ch03A_S575_L001_R1_001.fastq.gz,gzip
data/durance2/16S-Dur2_renamed/15Bue1011Ch03A_S575_L001_R2_001.fastq,consolidated_dataset/durance2/15Bue1011Ch03A_S575_L001_R2_001.fastq.gz,gzip
data/durance2/16S-Dur2_renamed/control/T-6_S576_L001_R1_001.fastq,consolidated_dataset/durance2/T-6_S576_L001_R1_001.fastq.gz,gzip
data/durance2/16S-Dur2_renamed/control/T-6_S576_L001_R2_001.fastq,consolidated_dataset/durance2/T-6_S576_L001_R2_001.fastq.gz,gzip
data/durance2/16S-Dur2_renamed/14Ain1001Cn02A_S577_L001_R1_001.fastq,consolidated_dataset/durance2/14Ain1001Cn02A_S577_L001_R1_001.fastq.gz,gzip
data/durance2/16S-Dur2_renamed/14Ain1001Cn02A_S577_L001_R2_001.fastq,consolidated_dataset/durance2/14Ain1001Cn02A_S577_L001_R2_001.fastq.gz,gzip
data/durance2/16S-Dur2_renamed/14Ain1039Pt02A_S578_L001_R1_001.fastq,consolidated_dataset/durance2/14Ain1039Pt02A_S578_L001_R1_001.fastq.gz,gzip
data/durance2/16S-Dur2_renamed/14Ain1039Pt02A_S578_L001_R2_001.fastq,consolidated_dataset/durance2/14Ain1039Pt02A_S578_L001_R2_001.fastq.gz,gzip
data/durance2/16S-Dur2_renamed/15Cab1004Ch02A_S579_L001_R1_001.fastq,consolidated_dataset/durance2/15Cab1004Ch02A_S579_L001_R1_001.fastq.gz,gzip
data/durance2/16S-Dur2_renamed/15Cab1004Ch02A_S579_L001_R2_001.fastq,consolidated_dataset/durance2/15Cab1004Ch02A_S579_L001_R2_001.fastq.gz,gzip
data/durance2/16S-Dur2_renamed/15Cab1012Ch02A_S580_L001_R1_001.fastq,consolidated_dataset/durance2/15Cab1012Ch02A_S580_L001_R1_001.fastq.gz,gzip
data/durance2/16S-Dur2_renamed/15Cab1012Ch02A_S580_L001_R2_001.fastq,consolidated_dataset/durance2/15Cab1012Ch02A_S580_L001_R2_001.fastq.gz,gzip
data/durance2/16S-Dur2_renamed/14Avi1001Cn02A_S581_L001_R1_001.fastq,consolidated_dataset/durance2/14Avi1001Cn02A_S581_L001_R1_001.fastq.gz,gzip
data/durance2/16S-Dur2_renamed/14Avi1001Cn02A_S581_L001_R2_001.fastq,consolidated_dataset/durance2/14Avi1001Cn02A_S581_L001_R2_001.fastq.gz,gzip
data/durance2/16S-Dur2_renamed/14Avi1036Cn02A_S582_L001_R1_001.fastq,consolidated_dataset/durance2/14Avi1036Cn02A_S582_L001_R1_001.fastq.gz,gzip
data/durance2/16S-Dur2_renamed/14Avi1036Cn02A_S582_L001_R2_001.fastq,consolidated_dataset/durance2/14Avi1036Cn02A_S582_L001_R2_001.fastq.gz,gzip
data/durance2/16S-Dur2_renamed/14Bue1006Cn02A_S583_L001_R1_001.fastq,consolidated_dataset/durance2/14Bue1006Cn02A_S583_L001_R1_001.fastq.gz,gzip
data/durance2/16S-Dur2_renamed/14Bue1006Cn02A_S583_L001_R2_001.fastq,consolidated_dataset/durance2/14Bue1006Cn02A_S583_L001_R2_001.fastq.gz,gzip
data/durance2/16S-Dur2_renamed/14Bue1016Ch02A_S584_L001_R1_001.fastq,consolidated_dataset/durance2/14Bue1016Ch02A_S584_L001_R1_001.fastq.gz,gzip
data/durance2/16S-Dur2_renamed/14Bue1016Ch02A_S584_L001_R2_001.fastq,consolidated_dataset/durance2/14Bue1016Ch02A_S584_L001_R2_001.fastq.gz,gzip
data/durance2/16S-Dur2_renamed/14Man1012Ch02A_S585_L001_R1_001.fastq,consolidated_dataset/durance2/14Man1012Ch02A_S585_L001_R1_001.fastq.gz,gzip
data/durance2/16S-Dur2_renamed/14Man1012Ch02A_S585_L001_R2_001.fastq,consolidated_dataset/durance2/14Man1012Ch02A_S585_L001_R2_001.fastq.gz,gzip
data/durance2/16S-Dur2_renamed/14Man1020Ch02A_S586_L001_R1_001.fastq,consolidated_dataset/durance2/14Man1020Ch02A_S586_L001_R1_001.fastq.gz,gzip
data/durance2/16S-Dur2_renamed/14Man1020Ch02A_S586_L001_R2_001.fastq,consolidated_dataset/durance2/14Man1020Ch02A_S586_L001_R2_001.fastq.gz,gzip
data/durance2/16S-Dur2_renamed/14Per2012Ch02A_S587_L001_R1_001.fastq,consolidated_dataset/durance2/14Per2012Ch02A_S587_L001_R1_001.fastq.gz,gzip
data/durance2/16S-Dur2_renamed/14Per2012Ch02A_S587_L001_R2_001.fastq,consolidated_dataset/durance2/14Per2012Ch02A_S587_L001_R2_001.fastq.gz,gzip
data/durance2/16S-Dur2_renamed/14Per2012Ch02A-bis_S588_L001_R1_001.fastq,consolidated_dataset/durance2/14Per2012Ch02A-bis_S588_L001_R1_001.fastq.gz,gzip
data/durance2/16S-Dur2_renamed/14Per2012Ch02A-bis_S588_L001_R2_001.fastq,consolidated_dataset/durance2/14Per2012Ch02A-bis_S588_L001_R2_001.fastq.gz,gzip
data/durance2/16S-Dur2_renamed/14Ain1002Cn02A_S589_L001_R1_001.fastq,consolidated_dataset/durance2/14Ain1002Cn02A_S589_L001_R1_001.fastq.gz,gzip
data/durance2/16S-Dur2_renamed/14Ain1002Cn02A_S589_L001_R2_001.fastq,consolidated_dataset/durance2/14Ain1002Cn02A_S589_L001_R2_001.fastq.gz,gzip
data/durance2/16S-Dur2_renamed/14Ain1040Pt02A_S590_L001_R1_001.fastq,consolidated_dataset/durance2/14Ain1040Pt02A_S590_L001_R1_001.fastq.gz,gzip
data/durance2/16S-Dur2_renamed/14Ain1040Pt02A_S590_L001_R2_001.fastq,consolidated_dataset/durance2/14Ain1040Pt02A_S590_L001_R2_001.fastq.gz,gzip
data/durance2/16S-Dur2_renamed/15Cab1005Ch02A_S591_L001_R1_001.fastq,consolidated_dataset/durance2/15Cab1005Ch02A_S591_L001_R1_001.fastq.gz,gzip
data/durance2/16S-Dur2_renamed/15Cab1005Ch02A_S591_L001_R2_001.fastq,consolidated_dataset/durance2/15Cab1005Ch02A_S591_L001_R2_001.fastq.gz,gzip
data/durance2/16S-Dur2_renamed/15Cab1013Ch02A_S592_L001_R1_001.fastq,consolidated_dataset/durance2/15Cab1013Ch02A_S592_L001_R1_001.fastq.gz,gzip
data/durance2/16S-Dur2_renamed/15Cab1013Ch02A_S592_L001_R2_001.fastq,consolidated_dataset/durance2/15Cab1013Ch02A_S592_L001_R2_001.fastq.gz,gzip
data/durance2/16S-Dur2_renamed/14Avi1002Cn02A_S593_L001_R1_001.fastq,consolidated_dataset/durance2/14Avi1002Cn02A_S593_L001_R1_001.fastq.gz,gzip
data/durance2/16S-Dur2_renamed/14Avi1002Cn02A_S593_L001_R2_001.fastq,consolidated_dataset/durance2/14Avi1002Cn02A_S593_L001_R2_001.fastq.gz,gzip
data/durance2/16S-Dur2_renamed/14Avi1037Cn02A_S594_L001_R1_001.fastq,consolidated_dataset/durance2/14Avi1037Cn02A_S594_L001_R1_001.fastq.gz,gzip
data/durance2/16S-Dur2_renamed/14Avi1037Cn02A_S594_L001_R2_001.fastq,consolidated_dataset/durance2/14Avi1037Cn02A_S594_L001_R2_001.fastq.gz,gzip
data/durance2/16S-Dur2_renamed/14Bue1007Cn02A_S595_L001_R1_001.fastq,consolidated_dataset/durance2/14Bue1007Cn02A_S595_L001_R1_001.fastq.gz,gzip
data/durance2/16S-Dur2_renamed/14Bue1007Cn02A_S595_L001_R2_001.fastq,consolidated_dataset/durance2/14Bue1007Cn02A_S595_L001_R2_001.fastq.gz,gzip
data/durance2/16S-Dur2_renamed/14Bue1017Ch02A_S596_L001_R1_001.fastq,consolidated_dataset/durance2/14Bue1017Ch02A_S596_L001_R1_001.fastq.gz,gzip
data/durance2/16S-Dur2_renamed/14Bue1017Ch02A_S596_L001_R2_001.fastq,consolidated_dataset/durance2/14Bue1017Ch02A_S596_L001_R2_001.fastq.gz,gzip
data/durance2/16S-Dur2_renamed/14Man1013Ch02A_S597_L001_R1_001.fastq,consolidated_dataset/durance2/14Man1013Ch02A_S597_L001_R1_001.fastq.gz,gzip
data/durance2/16S-Dur2_renamed/14Man1013Ch02A_S597_L001_R2_001.fastq,consolidated_dataset/durance2/14Man1013Ch02A_S597_L001_R2_001.fastq.gz,gzip
data/durance2/16S-Dur2_renamed/14Man1021Ch02A_S598_L001_R1_001.fastq,consolidated_dataset/durance2/14Man1021Ch02A_S598_L001_R1_001.fastq.gz,gzip
data/durance2/16S-Dur2_renamed/14Man1021Ch02A_S598_L001_R2_001.fastq,consolidated_dataset/durance2/14Man1021Ch02A_S598_L001_R2_001.fastq.gz,gzip
data/durance2/16S-Dur2_renamed/14Per2013Ch02A_S599_L001_R1_001.fastq,consolidated_dataset/durance2/14Per2013Ch02A_S599_L001_R1_001.fastq.gz,gzip
data/durance2/16S-Dur2_renamed/14Per2013Ch02A_S599_L001_R2_001.fastq,consolidated_dataset/durance2/14Per2013Ch02A_S599_L001_R2_001.fastq.gz,gzip
data/durance2/16S-Dur2_renamed/14Per2013Ch02A-bis_S600_L001_R1_001.fastq,consolidated_dataset/durance2/14Per2013Ch02A-bis_S600_L001_R1_001.fastq.gz,gzip
data/durance2/16S-Dur2_renamed/14Per2013Ch02A-bis_S600_L001_R2_001.fastq,consolidated_dataset/durance2/14Per2013Ch02A-bis_S600_L001_R2_001.fastq.gz,gzip
data/durance2/16S-Dur2_renamed/14Ain1011Pt02A_S601_L001_R1_001.fastq,consolidated_dataset/durance2/14Ain1011Pt02A_S601_L001_R1_001.fastq.gz,gzip
data/durance2/16S-Dur2_renamed/14Ain1011Pt02A_S601_L001_R2_001.fastq,consolidated_dataset/durance2/14Ain1011Pt02A_S601_L001_R2_001.fastq.gz,gzip
data/durance2/16S-Dur2_renamed/14Ain1041Pt02A_S602_L001_R1_001.fastq,consolidated_dataset/durance2/14Ain1041Pt02A_S602_L001_R1_001.fastq.gz,gzip
data/durance2/16S-Dur2_renamed/14Ain1041Pt02A_S602_L001_R2_001.fastq,consolidated_dataset/durance2/14Ain1041Pt02A_S602_L001_R2_001.fastq.gz,gzip
data/durance2/16S-Dur2_renamed/15Cab1006Ch02A_S603_L001_R1_001.fastq,consolidated_dataset/durance2/15Cab1006Ch02A_S603_L001_R1_001.fastq.gz,gzip
data/durance2/16S-Dur2_renamed/15Cab1006Ch02A_S603_L001_R2_001.fastq,consolidated_dataset/durance2/15Cab1006Ch02A_S603_L001_R2_001.fastq.gz,gzip
data/durance2/16S-Dur2_renamed/15Cab1014Ch02A_S604_L001_R1_001.fastq,consolidated_dataset/durance2/15Cab1014Ch02A_S604_L001_R1_001.fastq.gz,gzip
data/durance2/16S-Dur2_renamed/15Cab1014Ch02A_S604_L001_R2_001.fastq,consolidated_dataset/durance2/15Cab1014Ch02A_S604_L001_R2_001.fastq.gz,gzip
data/durance2/16S-Dur2_renamed/14Avi1003Cn02A_S605_L001_R1_001.fastq,consolidated_dataset/durance2/14Avi1003Cn02A_S605_L001_R1_001.fastq.gz,gzip
data/durance2/16S-Dur2_renamed/14Avi1003Cn02A_S605_L001_R2_001.fastq,consolidated_dataset/durance2/14Avi1003Cn02A_S605_L001_R2_001.fastq.gz,gzip
data/durance2/16S-Dur2_renamed/14Avi1038Cn02A_S606_L001_R1_001.fastq,consolidated_dataset/durance2/14Avi1038Cn02A_S606_L001_R1_001.fastq.gz,gzip
data/durance2/16S-Dur2_renamed/14Avi1038Cn02A_S606_L001_R2_001.fastq,consolidated_dataset/durance2/14Avi1038Cn02A_S606_L001_R2_001.fastq.gz,gzip
data/durance2/16S-Dur2_renamed/14Bue1008Cn02A_S607_L001_R1_001.fastq,consolidated_dataset/durance2/14Bue1008Cn02A_S607_L001_R1_001.fastq.gz,gzip
data/durance2/16S-Dur2_renamed/14Bue1008Cn02A_S607_L001_R2_001.fastq,consolidated_dataset/durance2/14Bue1008Cn02A_S607_L001_R2_001.fastq.gz,gzip
data/durance2/16S-Dur2_renamed/14Bue1018Ch02A_S608_L001_R1_001.fastq,consolidated_dataset/durance2/14Bue1018Ch02A_S608_L001_R1_001.fastq.gz,gzip
data/durance2/16S-Dur2_renamed/14Bue1018Ch02A_S608_L001_R2_001.fastq,consolidated_dataset/durance2/14Bue1018Ch02A_S608_L001_R2_001.fastq.gz,gzip
data/durance2/16S-Dur2_renamed/14Man1014Ch02A_S609_L001_R1_001.fastq,consolidated_dataset/durance2/14Man1014Ch02A_S609_L001_R1_001.fastq.gz,gzip
data/durance2/16S-Dur2_renamed/14Man1014Ch02A_S609_L001_R2_001.fastq,consolidated_dataset/durance2/14Man1014Ch02A_S609_L001_R2_001.fastq.gz,gzip
data/durance2/16S-Dur2_renamed/14Man1022Ch02A_S610_L001_R1_001.fastq,consolidated_dataset/durance2/14Man1022Ch02A_S610_L001_R1_001.fastq.gz,gzip
data/durance2/16S-Dur2_renamed/14Man1022Ch02A_S610_L001_R2_001.fastq,consolidated_dataset/durance2/14Man1022Ch02A_S610_L001_R2_001.fastq.gz,gzip
data/durance2/16S-Dur2_renamed/14Per2014Ch02A_S611_L001_R1_001.fastq,consolidated_dataset/durance2/14Per2014Ch02A_S611_L001_R1_001.fastq.gz,gzip
data/durance2/16S-Dur2_renamed/14Per2014Ch02A_S611_L001_R2_001.fastq,consolidated_dataset/durance2/14Per2014Ch02A_S611_L001_R2_001.fastq.gz,gzip
data/durance2/16S-Dur2_renamed/control/empty-20_S612_L001_R1_001.fastq,consolidated_dataset/durance2/empty-20_S612_L001_R1_001.fastq.gz,gzip
data/durance2/16S-Dur2_renamed/control/empty-20_S612_L001_R2_001.fastq,consolidated_dataset/durance2/empty-20_S612_L001_R2_001.fastq.gz,gzip
data/durance2/16S-Dur2_renamed/14Ain1012Pt02A_S613_L001_R1_001.fastq,consolidated_dataset/durance2/14Ain1012Pt02A_S613_L001_R1_001.fastq.gz,gzip
data/durance2/16S-Dur2_renamed/14Ain1012Pt02A_S613_L001_R2_001.fastq,consolidated_dataset/durance2/14Ain1012Pt02A_S613_L001_R2_001.fastq.gz,gzip
data/durance2/16S-Dur2_renamed/14Ain1042Pt02A_S614_L001_R1_001.fastq,consolidated_dataset/durance2/14Ain1042Pt02A_S614_L001_R1_001.fastq.gz,gzip
data/durance2/16S-Dur2_renamed/14Ain1042Pt02A_S614_L001_R2_001.fastq,consolidated_dataset/durance2/14Ain1042Pt02A_S614_L001_R2_001.fastq.gz,gzip
data/durance2/16S-Dur2_renamed/15Cab1007Ch02A_S615_L001_R1_001.fastq,consolidated_dataset/durance2/15Cab1007Ch02A_S615_L001_R1_001.fastq.gz,gzip
data/durance2/16S-Dur2_renamed/15Cab1007Ch02A_S615_L001_R2_001.fastq,consolidated_dataset/durance2/15Cab1007Ch02A_S615_L001_R2_001.fastq.gz,gzip
data/durance2/16S-Dur2_renamed/15Cab1015Ch02A_S616_L001_R1_001.fastq,consolidated_dataset/durance2/15Cab1015Ch02A_S616_L001_R1_001.fastq.gz,gzip
data/durance2/16S-Dur2_renamed/15Cab1015Ch02A_S616_L001_R2_001.fastq,consolidated_dataset/durance2/15Cab1015Ch02A_S616_L001_R2_001.fastq.gz,gzip
data/durance2/16S-Dur2_renamed/14Avi1004Cn02A_S617_L001_R1_001.fastq,consolidated_dataset/durance2/14Avi1004Cn02A_S617_L001_R1_001.fastq.gz,gzip
data/durance2/16S-Dur2_renamed/14Avi1004Cn02A_S617_L001_R2_001.fastq,consolidated_dataset/durance2/14Avi1004Cn02A_S617_L001_R2_001.fastq.gz,gzip
data/durance2/16S-Dur2_renamed/14Bue1001Cn02A_S618_L001_R1_001.fastq,consolidated_dataset/durance2/14Bue1001Cn02A_S618_L001_R1_001.fastq.gz,gzip
data/durance2/16S-Dur2_renamed/14Bue1001Cn02A_S618_L001_R2_001.fastq,consolidated_dataset/durance2/14Bue1001Cn02A_S618_L001_R2_001.fastq.gz,gzip
data/durance2/16S-Dur2_renamed/14Bue1011Ch02A_S619_L001_R1_001.fastq,consolidated_dataset/durance2/14Bue1011Ch02A_S619_L001_R1_001.fastq.gz,gzip
data/durance2/16S-Dur2_renamed/14Bue1011Ch02A_S619_L001_R2_001.fastq,consolidated_dataset/durance2/14Bue1011Ch02A_S619_L001_R2_001.fastq.gz,gzip
data/durance2/16S-Dur2_renamed/14Bue1019Ch02A_S620_L001_R1_001.fastq,consolidated_dataset/durance2/14Bue1019Ch02A_S620_L001_R1_001.fastq.gz,gzip
data/durance2/16S-Dur2_renamed/14Bue1019Ch02A_S620_L001_R2_001.fastq,consolidated_dataset/durance2/14Bue1019Ch02A_S620_L001_R2_001.fastq.gz,gzip
data/durance2/16S-Dur2_renamed/14Man1015Ch02A_S621_L001_R1_001.fastq,consolidated_dataset/durance2/14Man1015Ch02A_S621_L001_R1_001.fastq.gz,gzip
data/durance2/16S-Dur2_renamed/14Man1015Ch02A_S621_L001_R2_001.fastq,consolidated_dataset/durance2/14Man1015Ch02A_S621_L001_R2_001.fastq.gz,gzip
data/durance2/16S-Dur2_renamed/14per1011Ch02A_S622_L001_R1_001.fastq,consolidated_dataset/durance2/14per1011Ch02A_S622_L001_R1_001.fastq.gz,gzip
data/durance2/16S-Dur2_renamed/14per1011Ch02A_S622_L001_R2_001.fastq,consolidated_dataset/durance2/14per1011Ch02A_S622_L001_R2_001.fastq.gz,gzip
data/durance2/16S-Dur2_renamed/14Per2015Ch02A_S623_L001_R1_001.fastq,consolidated_dataset/durance2/14Per2015Ch02A_S623_L001_R1_001.fastq.gz,gzip
data/durance2/16S-Dur2_renamed/14Per2015Ch02A_S623_L001_R2_001.fastq,consolidated_dataset/durance2/14Per2015Ch02A_S623_L001_R2_001.fastq.gz,gzip
data/durance2/16S-Dur2_renamed/control/empty-21_S624_L001_R1_001.fastq,consolidated_dataset/durance2/empty-21_S624_L001_R1_001.fastq.gz,gzip
data/durance2/16S-Dur2_renamed/control/empty-21_S624_L001_R2_001.fastq,consolidated_dataset/durance2/empty-21_S624_L001_R2_001.fastq.gz,gzip
data/durance2/16S-Dur2_renamed/14Ain1013Pt02A_S625_L001_R1_001.fastq,consolidated_dataset/durance2/14Ain1013Pt02A_S625_L001_R1_001.fastq.gz,gzip
data/durance2/16S-Dur2_renamed/14Ain1013Pt02A_S625_L001_R2_001.fastq,consolidated_dataset/durance2/14Ain1013Pt02A_S625_L001_R2_001.fastq.gz,gzip
data/durance2/16S-Dur2_renamed/14Ain1043Pt02A_S626_L001_R1_001.fastq,consolidated_dataset/durance2/14Ain1043Pt02A_S626_L001_R1_001.fastq.gz,gzip
data/durance2/16S-Dur2_renamed/14Ain1043Pt02A_S626_L001_R2_001.fastq,consolidated_dataset/durance2/14Ain1043Pt02A_S626_L001_R2_001.fastq.gz,gzip
data/durance2/16S-Dur2_renamed/15Cab1008Ch02A_S627_L001_R1_001.fastq,consolidated_dataset/durance2/15Cab1008Ch02A_S627_L001_R1_001.fastq.gz,gzip
data/durance2/16S-Dur2_renamed/15Cab1008Ch02A_S627_L001_R2_001.fastq,consolidated_dataset/durance2/15Cab1008Ch02A_S627_L001_R2_001.fastq.gz,gzip
data/durance2/16S-Dur2_renamed/15Cab1016Ch02A_S628_L001_R1_001.fastq,consolidated_dataset/durance2/15Cab1016Ch02A_S628_L001_R1_001.fastq.gz,gzip
data/durance2/16S-Dur2_renamed/15Cab1016Ch02A_S628_L001_R2_001.fastq,consolidated_dataset/durance2/15Cab1016Ch02A_S628_L001_R2_001.fastq.gz,gzip
data/durance2/16S-Dur2_renamed/14Avi1005Cn02A_S629_L001_R1_001.fastq,consolidated_dataset/durance2/14Avi1005Cn02A_S629_L001_R1_001.fastq.gz,gzip
data/durance2/16S-Dur2_renamed/14Avi1005Cn02A_S629_L001_R2_001.fastq,consolidated_dataset/durance2/14Avi1005Cn02A_S629_L001_R2_001.fastq.gz,gzip
data/durance2/16S-Dur2_renamed/14Bue1002Cn02A_S630_L001_R1_001.fastq,consolidated_dataset/durance2/14Bue1002Cn02A_S630_L001_R1_001.fastq.gz,gzip
data/durance2/16S-Dur2_renamed/14Bue1002Cn02A_S630_L001_R2_001.fastq,consolidated_dataset/durance2/14Bue1002Cn02A_S630_L001_R2_001.fastq.gz,gzip
data/durance2/16S-Dur2_renamed/14Bue1012Ch02A_S631_L001_R1_001.fastq,consolidated_dataset/durance2/14Bue1012Ch02A_S631_L001_R1_001.fastq.gz,gzip
data/durance2/16S-Dur2_renamed/14Bue1012Ch02A_S631_L001_R2_001.fastq,consolidated_dataset/durance2/14Bue1012Ch02A_S631_L001_R2_001.fastq.gz,gzip
data/durance2/16S-Dur2_renamed/14Man1001Cn02A_S632_L001_R1_001.fastq,consolidated_dataset/durance2/14Man1001Cn02A_S632_L001_R1_001.fastq.gz,gzip
data/durance2/16S-Dur2_renamed/14Man1001Cn02A_S632_L001_R2_001.fastq,consolidated_dataset/durance2/14Man1001Cn02A_S632_L001_R2_001.fastq.gz,gzip
data/durance2/16S-Dur2_renamed/14Man1016Ch02A_S633_L001_R1_001.fastq,consolidated_dataset/durance2/14Man1016Ch02A_S633_L001_R1_001.fastq.gz,gzip
data/durance2/16S-Dur2_renamed/14Man1016Ch02A_S633_L001_R2_001.fastq,consolidated_dataset/durance2/14Man1016Ch02A_S633_L001_R2_001.fastq.gz,gzip
data/durance2/16S-Dur2_renamed/14Per1012Ch02A_S634_L001_R1_001.fastq,consolidated_dataset/durance2/14Per1012Ch02A_S634_L001_R1_001.fastq.gz,gzip
data/durance2/16S-Dur2_renamed/14Per1012Ch02A_S634_L001_R2_001.fastq,consolidated_dataset/durance2/14Per1012Ch02A_S634_L001_R2_001.fastq.gz,gzip
data/durance2/16S-Dur2_renamed/control/Blanc-Midgut_S635_L001_R1_001.fastq,consolidated_dataset/durance2/Blanc-Midgut_S635_L001_R1_001.fastq.gz,gzip
data/durance2/16S-Dur2_renamed/control/Blanc-Midgut_S635_L001_R2_001.fastq,consolidated_dataset/durance2/Blanc-Midgut_S635_L001_R2_001.fastq.gz,gzip
data/durance2/16S-Dur2_renamed/control/empty-22_S636_L001_R1_001.fastq,consolidated_dataset/durance2/empty-22_S636_L001_R1_001.fastq.gz,gzip
data/durance2/16S-Dur2_renamed/control/empty-22_S636_L001_R2_001.fastq,consolidated_dataset/durance2/empty-22_S636_L001_R2_001.fastq.gz,gzip
data/durance2/16S-Dur2_renamed/14Ain1014Pt02A_S637_L001_R1_001.fastq,consolidated_dataset/durance2/14Ain1014Pt02A_S637_L001_R1_001.fastq.gz,gzip
data/durance2/16S-Dur2_renamed/14Ain1014Pt02A_S637_L001_R2_001.fastq,consolidated_dataset/durance2/14Ain1014Pt02A_S637_L001_R2_001.fastq.gz,gzip
data/durance2/16S-Dur2_renamed/15Cab1001Ch02A_S638_L001_R1_001.fastq,consolidated_dataset/durance2/15Cab1001Ch02A_S638_L001_R1_001.fastq.gz,gzip
data/durance2/16S-Dur2_renamed/15Cab1001Ch02A_S638_L001_R2_001.fastq,consolidated_dataset/durance2/15Cab1001Ch02A_S638_L001_R2_001.fastq.gz,gzip
data/durance2/16S-Dur2_renamed/15Cab1009Ch02A_S639_L001_R1_001.fastq,consolidated_dataset/durance2/15Cab1009Ch02A_S639_L001_R1_001.fastq.gz,gzip
data/durance2/16S-Dur2_renamed/15Cab1009Ch02A_S639_L001_R2_001.fastq,consolidated_dataset/durance2/15Cab1009Ch02A_S639_L001_R2_001.fastq.gz,gzip
data/durance2/16S-Dur2_renamed/15Cab1017Ch02A_S640_L001_R1_001.fastq,consolidated_dataset/durance2/15Cab1017Ch02A_S640_L001_R1_001.fastq.gz,gzip
data/durance2/16S-Dur2_renamed/15Cab1017Ch02A_S640_L001_R2_001.fastq,consolidated_dataset/durance2/15Cab1017Ch02A_S640_L001_R2_001.fastq.gz,gzip
data/durance2/16S-Dur2_renamed/14Avi1006Cn02A_S641_L001_R1_001.fastq,consolidated_dataset/durance2/14Avi1006Cn02A_S641_L001_R1_001.fastq.gz,gzip
data/durance2/16S-Dur2_renamed/14Avi1006Cn02A_S641_L001_R2_001.fastq,consolidated_dataset/durance2/14Avi1006Cn02A_S641_L001_R2_001.fastq.gz,gzip
data/durance2/16S-Dur2_renamed/14Bue1003Cn02A_S642_L001_R1_001.fastq,consolidated_dataset/durance2/14Bue1003Cn02A_S642_L001_R1_001.fastq.gz,gzip
data/durance2/16S-Dur2_renamed/14Bue1003Cn02A_S642_L001_R2_001.fastq,consolidated_dataset/durance2/14Bue1003Cn02A_S642_L001_R2_001.fastq.gz,gzip
data/durance2/16S-Dur2_renamed/14Bue1013Ch02A_S643_L001_R1_001.fastq,consolidated_dataset/durance2/14Bue1013Ch02A_S643_L001_R1_001.fastq.gz,gzip
data/durance2/16S-Dur2_renamed/14Bue1013Ch02A_S643_L001_R2_001.fastq,consolidated_dataset/durance2/14Bue1013Ch02A_S643_L001_R2_001.fastq.gz,gzip
data/durance2/16S-Dur2_renamed/14Man1002Cn02A_S644_L001_R1_001.fastq,consolidated_dataset/durance2/14Man1002Cn02A_S644_L001_R1_001.fastq.gz,gzip
data/durance2/16S-Dur2_renamed/14Man1002Cn02A_S644_L001_R2_001.fastq,consolidated_dataset/durance2/14Man1002Cn02A_S644_L001_R2_001.fastq.gz,gzip
data/durance2/16S-Dur2_renamed/14Man1017Ch02A_S645_L001_R1_001.fastq,consolidated_dataset/durance2/14Man1017Ch02A_S645_L001_R1_001.fastq.gz,gzip
data/durance2/16S-Dur2_renamed/14Man1017Ch02A_S645_L001_R2_001.fastq,consolidated_dataset/durance2/14Man1017Ch02A_S645_L001_R2_001.fastq.gz,gzip
data/durance2/16S-Dur2_renamed/14Per1013Ch02A_S646_L001_R1_001.fastq,consolidated_dataset/durance2/14Per1013Ch02A_S646_L001_R1_001.fastq.gz,gzip
data/durance2/16S-Dur2_renamed/14Per1013Ch02A_S646_L001_R2_001.fastq,consolidated_dataset/durance2/14Per1013Ch02A_S646_L001_R2_001.fastq.gz,gzip
data/durance2/16S-Dur2_renamed/control/T-7_S647_L001_R1_001.fastq,consolidated_dataset/durance2/T-7_S647_L001_R1_001.fastq.gz,gzip
data/durance2/16S-Dur2_renamed/control/T-7_S647_L001_R2_001.fastq,consolidated_dataset/durance2/T-7_S647_L001_R2_001.fastq.gz,gzip
data/durance2/16S-Dur2_renamed/control/empty-23_S648_L001_R1_001.fastq,consolidated_dataset/durance2/empty-23_S648_L001_R1_001.fastq.gz,gzip
data/durance2/16S-Dur2_renamed/control/empty-23_S648_L001_R2_001.fastq,consolidated_dataset/durance2/empty-23_S648_L001_R2_001.fastq.gz,gzip
data/durance2/16S-Dur2_renamed/14Ain1036Cn02A_S649_L001_R1_001.fastq,consolidated_dataset/durance2/14Ain1036Cn02A_S649_L001_R1_001.fastq.gz,gzip
data/durance2/16S-Dur2_renamed/14Ain1036Cn02A_S649_L001_R2_001.fastq,consolidated_dataset/durance2/14Ain1036Cn02A_S649_L001_R2_001.fastq.gz,gzip
data/durance2/16S-Dur2_renamed/15Cab1002Ch02A_S650_L001_R1_001.fastq,consolidated_dataset/durance2/15Cab1002Ch02A_S650_L001_R1_001.fastq.gz,gzip
data/durance2/16S-Dur2_renamed/15Cab1002Ch02A_S650_L001_R2_001.fastq,consolidated_dataset/durance2/15Cab1002Ch02A_S650_L001_R2_001.fastq.gz,gzip
data/durance2/16S-Dur2_renamed/15Cab1010Ch02A_S651_L001_R1_001.fastq,consolidated_dataset/durance2/15Cab1010Ch02A_S651_L001_R1_001.fastq.gz,gzip
data/durance2/16S-Dur2_renamed/15Cab1010Ch02A_S651_L001_R2_001.fastq,consolidated_dataset/durance2/15Cab1010Ch02A_S651_L001_R2_001.fastq.gz,gzip
data/durance2/16S-Dur2_renamed/15Cab1018Ch02A_S652_L001_R1_001.fastq,consolidated_dataset/durance2/15Cab1018Ch02A_S652_L001_R1_001.fastq.gz,gzip
data/durance2/16S-Dur2_renamed/15Cab1018Ch02A_S652_L001_R2_001.fastq,consolidated_dataset/durance2/15Cab1018Ch02A_S652_L001_R2_001.fastq.gz,gzip
data/durance2/16S-Dur2_renamed/14Avi1007Cn02A_S653_L001_R1_001.fastq,consolidated_dataset/durance2/14Avi1007Cn02A_S653_L001_R1_001.fastq.gz,gzip
data/durance2/16S-Dur2_renamed/14Avi1007Cn02A_S653_L001_R2_001.fastq,consolidated_dataset/durance2/14Avi1007Cn02A_S653_L001_R2_001.fastq.gz,gzip
data/durance2/16S-Dur2_renamed/14Bue1004Cn02A_S654_L001_R1_001.fastq,consolidated_dataset/durance2/14Bue1004Cn02A_S654_L001_R1_001.fastq.gz,gzip
data/durance2/16S-Dur2_renamed/14Bue1004Cn02A_S654_L001_R2_001.fastq,consolidated_dataset/durance2/14Bue1004Cn02A_S654_L001_R2_001.fastq.gz,gzip
data/durance2/16S-Dur2_renamed/14Bue1014Ch02A_S655_L001_R1_001.fastq,consolidated_dataset/durance2/14Bue1014Ch02A_S655_L001_R1_001.fastq.gz,gzip
data/durance2/16S-Dur2_renamed/14Bue1014Ch02A_S655_L001_R2_001.fastq,consolidated_dataset/durance2/14Bue1014Ch02A_S655_L001_R2_001.fastq.gz,gzip
data/durance2/16S-Dur2_renamed/14Man1010Cn02A_S656_L001_R1_001.fastq,consolidated_dataset/durance2/14Man1010Cn02A_S656_L001_R1_001.fastq.gz,gzip
data/durance2/16S-Dur2_renamed/14Man1010Cn02A_S656_L001_R2_001.fastq,consolidated_dataset/durance2/14Man1010Cn02A_S656_L001_R2_001.fastq.gz,gzip
data/durance2/16S-Dur2_renamed/14Man1018Ch02A_S657_L001_R1_001.fastq,consolidated_dataset/durance2/14Man1018Ch02A_S657_L001_R1_001.fastq.gz,gzip
data/durance2/16S-Dur2_renamed/14Man1018Ch02A_S657_L001_R2_001.fastq,consolidated_dataset/durance2/14Man1018Ch02A_S657_L001_R2_001.fastq.gz,gzip
data/durance2/16S-Dur2_renamed/14Per1014Ch02A_S658_L001_R1_001.fastq,consolidated_dataset/durance2/14Per1014Ch02A_S658_L001_R1_001.fastq.gz,gzip
data/durance2/16S-Dur2_renamed/14Per1014Ch02A_S658_L001_R2_001.fastq,consolidated_dataset/durance2/14Per1014Ch02A_S658_L001_R2_001.fastq.gz,gzip
data/durance2/16S-Dur2_renamed/control/empty-18_S659_L001_R1_001.fastq,consolidated_dataset/durance2/empty-18_S659_L001_R1_001.fastq.gz,gzip
data/durance2/16S-Dur2_renamed/control/empty-18_S659_L001_R2_001.fastq,consolidated_dataset/durance2/empty-18_S659_L001_R2_001.fastq.gz,gzip
data/durance2/16S-Dur2_renamed/control/empty-24_S660_L001_R1_001.fastq,consolidated_dataset/durance2/empty-24_S660_L001_R1_001.fastq.gz,gzip
data/durance2/16S-Dur2_renamed/control/empty-24_S660_L001_R2_001.fastq,consolidated_dataset/durance2/empty-24_S660_L001_R2_001.fastq.gz,gzip
data/durance2/16S-Dur2_renamed/14Ain1037Cn02A_S661_L001_R1_001.fastq,consolidated_dataset/durance2/14Ain1037Cn02A_S661_L001_R1_001.fastq.gz,gzip
data/durance2/16S-Dur2_renamed/14Ain1037Cn02A_S661_L001_R2_001.fastq,consolidated_dataset/durance2/14Ain1037Cn02A_S661_L001_R2_001.fastq.gz,gzip
data/durance2/16S-Dur2_renamed/15Cab1003Ch02A_S662_L001_R1_001.fastq,consolidated_dataset/durance2/15Cab1003Ch02A_S662_L001_R1_001.fastq.gz,gzip
data/durance2/16S-Dur2_renamed/15Cab1003Ch02A_S662_L001_R2_001.fastq,consolidated_dataset/durance2/15Cab1003Ch02A_S662_L001_R2_001.fastq.gz,gzip
data/durance2/16S-Dur2_renamed/15Cab1011Ch02A_S663_L001_R1_001.fastq,consolidated_dataset/durance2/15Cab1011Ch02A_S663_L001_R1_001.fastq.gz,gzip
data/durance2/16S-Dur2_renamed/15Cab1011Ch02A_S663_L001_R2_001.fastq,consolidated_dataset/durance2/15Cab1011Ch02A_S663_L001_R2_001.fastq.gz,gzip
data/durance2/16S-Dur2_renamed/15Cab1019Ch02A_S664_L001_R1_001.fastq,consolidated_dataset/durance2/15Cab1019Ch02A_S664_L001_R1_001.fastq.gz,gzip
data/durance2/16S-Dur2_renamed/15Cab1019Ch02A_S664_L001_R2_001.fastq,consolidated_dataset/durance2/15Cab1019Ch02A_S664_L001_R2_001.fastq.gz,gzip
data/durance2/16S-Dur2_renamed/14Avi1008Cn02A_S665_L001_R1_001.fastq,consolidated_dataset/durance2/14Avi1008Cn02A_S665_L001_R1_001.fastq.gz,gzip
data/durance2/16S-Dur2_renamed/14Avi1008Cn02A_S665_L001_R2_001.fastq,consolidated_dataset/durance2/14Avi1008Cn02A_S665_L001_R2_001.fastq.gz,gzip
data/durance2/16S-Dur2_renamed/14Bue1005Cn02A_S666_L001_R1_001.fastq,consolidated_dataset/durance2/14Bue1005Cn02A_S666_L001_R1_001.fastq.gz,gzip
data/durance2/16S-Dur2_renamed/14Bue1005Cn02A_S666_L001_R2_001.fastq,consolidated_dataset/durance2/14Bue1005Cn02A_S666_L001_R2_001.fastq.gz,gzip
data/durance2/16S-Dur2_renamed/14Bue1015Ch02A_S667_L001_R1_001.fastq,consolidated_dataset/durance2/14Bue1015Ch02A_S667_L001_R1_001.fastq.gz,gzip
data/durance2/16S-Dur2_renamed/14Bue1015Ch02A_S667_L001_R2_001.fastq,consolidated_dataset/durance2/14Bue1015Ch02A_S667_L001_R2_001.fastq.gz,gzip
data/durance2/16S-Dur2_renamed/14Man1011Ch02A_S668_L001_R1_001.fastq,consolidated_dataset/durance2/14Man1011Ch02A_S668_L001_R1_001.fastq.gz,gzip
data/durance2/16S-Dur2_renamed/14Man1011Ch02A_S668_L001_R2_001.fastq,consolidated_dataset/durance2/14Man1011Ch02A_S668_L001_R2_001.fastq.gz,gzip
data/durance2/16S-Dur2_renamed/14Man1019Ch02A_S669_L001_R1_001.fastq,consolidated_dataset/durance2/14Man1019Ch02A_S669_L001_R1_001.fastq.gz,gzip
data/durance2/16S-Dur2_renamed/14Man1019Ch02A_S669_L001_R2_001.fastq,consolidated_dataset/durance2/14Man1019Ch02A_S669_L001_R2_001.fastq.gz,gzip
data/durance2/16S-Dur2_renamed/14Per2011Ch02A_S670_L001_R1_001.fastq,consolidated_dataset/durance2/14Per2011Ch02A_S670_L001_R1_001.fastq.gz,gzip
data/durance2/16S-Dur2_renamed/14Per2011Ch02A_S670_L001_R2_001.fastq,consolidated_dataset/durance2/14Per2011Ch02A_S670_L001_R2_001.fastq.gz,gzip
data/durance2/16S-Dur2_renamed/control/empty-19_S671_L001_R1_001.fastq,consolidated_dataset/durance2/empty-19_S671_L001_R1_001.fastq.gz,gzip
data/durance2/16S-Dur2_renamed/control/empty-19_S671_L001_R2_001.fastq,consolidated_dataset/durance2/empty-19_S671_L001_R2_001.fastq.gz,gzip
data/durance2/16S-Dur2_renamed/control/empty-25_S672_L001_R1_001.fastq,consolidated_dataset/durance2/empty-25_S672_L001_R1_001.fastq.gz,gzip
data/durance2/16S-Dur2_renamed/control/empty-25_S672_L001_R2_001.fastq,consolidated_dataset/durance2/empty-25_S672_L001_R2_001.fastq.gz,gzip
data/durance2/16S-Dur2_renamed/15Bau1001Ch02A_S673_L001_R1_001.fastq,consolidated_dataset/durance2/15Bau1001Ch02A_S673_L001_R1_001.fastq.gz,gzip
data/durance2/16S-Dur2_renamed/15Bau1001Ch02A_S673_L001_R2_001.fastq,consolidated_dataset/durance2/15Bau1001Ch02A_S673_L001_R2_001.fastq.gz,gzip
data/durance2/16S-Dur2_renamed/15Bau1009Ch02A_S674_L001_R1_001.fastq,consolidated_dataset/durance2/15Bau1009Ch02A_S674_L001_R1_001.fastq.gz,gzip
data/durance2/16S-Dur2_renamed/15Bau1009Ch02A_S674_L001_R2_001.fastq,consolidated_dataset/durance2/15Bau1009Ch02A_S674_L001_R2_001.fastq.gz,gzip
data/durance2/16S-Dur2_renamed/15Bau1017Ch02A_S675_L001_R1_001.fastq,consolidated_dataset/durance2/15Bau1017Ch02A_S675_L001_R1_001.fastq.gz,gzip
data/durance2/16S-Dur2_renamed/15Bau1017Ch02A_S675_L001_R2_001.fastq,consolidated_dataset/durance2/15Bau1017Ch02A_S675_L001_R2_001.fastq.gz,gzip
data/durance2/16S-Dur2_renamed/15Bau1025Ch02A_S676_L001_R1_001.fastq,consolidated_dataset/durance2/15Bau1025Ch02A_S676_L001_R1_001.fastq.gz,gzip
data/durance2/16S-Dur2_renamed/15Bau1025Ch02A_S676_L001_R2_001.fastq,consolidated_dataset/durance2/15Bau1025Ch02A_S676_L001_R2_001.fastq.gz,gzip
data/durance2/16S-Dur2_renamed/15Jus1008Ch0A_S677_L001_R1_001.fastq,consolidated_dataset/durance2/15Jus1008Ch0A_S677_L001_R1_001.fastq.gz,gzip
data/durance2/16S-Dur2_renamed/15Jus1008Ch0A_S677_L001_R2_001.fastq,consolidated_dataset/durance2/15Jus1008Ch0A_S677_L001_R2_001.fastq.gz,gzip
data/durance2/16S-Dur2_renamed/15Jus1016Ch0A_S678_L001_R1_001.fastq,consolidated_dataset/durance2/15Jus1016Ch0A_S678_L001_R1_001.fastq.gz,gzip
data/durance2/16S-Dur2_renamed/15Jus1016Ch0A_S678_L001_R2_001.fastq,consolidated_dataset/durance2/15Jus1016Ch0A_S678_L001_R2_001.fastq.gz,gzip
data/durance2/16S-Dur2_renamed/15Caa1005Ch0A_S679_L001_R1_001.fastq,consolidated_dataset/durance2/15Caa1005Ch0A_S679_L001_R1_001.fastq.gz,gzip
data/durance2/16S-Dur2_renamed/15Caa1005Ch0A_S679_L001_R2_001.fastq,consolidated_dataset/durance2/15Caa1005Ch0A_S679_L001_R2_001.fastq.gz,gzip
data/durance2/16S-Dur2_renamed/15Caa1013Ch0A_S680_L001_R1_001.fastq,consolidated_dataset/durance2/15Caa1013Ch0A_S680_L001_R1_001.fastq.gz,gzip
data/durance2/16S-Dur2_renamed/15Caa1013Ch0A_S680_L001_R2_001.fastq,consolidated_dataset/durance2/15Caa1013Ch0A_S680_L001_R2_001.fastq.gz,gzip
data/durance2/16S-Dur2_renamed/15Avi1001Cn02A_S681_L001_R1_001.fastq,consolidated_dataset/durance2/15Avi1001Cn02A_S681_L001_R1_001.fastq.gz,gzip
data/durance2/16S-Dur2_renamed/15Avi1001Cn02A_S681_L001_R2_001.fastq,consolidated_dataset/durance2/15Avi1001Cn02A_S681_L001_R2_001.fastq.gz,gzip
data/durance2/16S-Dur2_renamed/15Avi1009Cn02A_S682_L001_R1_001.fastq,consolidated_dataset/durance2/15Avi1009Cn02A_S682_L001_R1_001.fastq.gz,gzip
data/durance2/16S-Dur2_renamed/15Avi1009Cn02A_S682_L001_R2_001.fastq,consolidated_dataset/durance2/15Avi1009Cn02A_S682_L001_R2_001.fastq.gz,gzip
data/durance2/16S-Dur2_renamed/15Bue1004Ch02A_S683_L001_R1_001.fastq,consolidated_dataset/durance2/15Bue1004Ch02A_S683_L001_R1_001.fastq.gz,gzip
data/durance2/16S-Dur2_renamed/15Bue1004Ch02A_S683_L001_R2_001.fastq,consolidated_dataset/durance2/15Bue1004Ch02A_S683_L001_R2_001.fastq.gz,gzip
data/durance2/16S-Dur2_renamed/15Bue1012Ch02A_S684_L001_R1_001.fastq,consolidated_dataset/durance2/15Bue1012Ch02A_S684_L001_R1_001.fastq.gz,gzip
data/durance2/16S-Dur2_renamed/15Bue1012Ch02A_S684_L001_R2_001.fastq,consolidated_dataset/durance2/15Bue1012Ch02A_S684_L001_R2_001.fastq.gz,gzip
data/durance2/16S-Dur2_renamed/15Bau1002Ch02A_S685_L001_R1_001.fastq,consolidated_dataset/durance2/15Bau1002Ch02A_S685_L001_R1_001.fastq.gz,gzip
data/durance2/16S-Dur2_renamed/15Bau1002Ch02A_S685_L001_R2_001.fastq,consolidated_dataset/durance2/15Bau1002Ch02A_S685_L001_R2_001.fastq.gz,gzip
data/durance2/16S-Dur2_renamed/15Bau1010Ch02A_S686_L001_R1_001.fastq,consolidated_dataset/durance2/15Bau1010Ch02A_S686_L001_R1_001.fastq.gz,gzip
data/durance2/16S-Dur2_renamed/15Bau1010Ch02A_S686_L001_R2_001.fastq,consolidated_dataset/durance2/15Bau1010Ch02A_S686_L001_R2_001.fastq.gz,gzip
data/durance2/16S-Dur2_renamed/15Bau1018Ch02A_S687_L001_R1_001.fastq,consolidated_dataset/durance2/15Bau1018Ch02A_S687_L001_R1_001.fastq.gz,gzip
data/durance2/16S-Dur2_renamed/15Bau1018Ch02A_S687_L001_R2_001.fastq,consolidated_dataset/durance2/15Bau1018Ch02A_S687_L001_R2_001.fastq.gz,gzip
data/durance2/16S-Dur2_renamed/15Jus1001CH02A_S688_L001_R1_001.fastq,consolidated_dataset/durance2/15Jus1001CH02A_S688_L001_R1_001.fastq.gz,gzip
data/durance2/16S-Dur2_renamed/15Jus1001CH02A_S688_L001_R2_001.fastq,consolidated_dataset/durance2/15Jus1001CH02A_S688_L001_R2_001.fastq.gz,gzip
data/durance2/16S-Dur2_renamed/15Jus1009Ch0A_S689_L001_R1_001.fastq,consolidated_dataset/durance2/15Jus1009Ch0A_S689_L001_R1_001.fastq.gz,gzip
data/durance2/16S-Dur2_renamed/15Jus1009Ch0A_S689_L001_R2_001.fastq,consolidated_dataset/durance2/15Jus1009Ch0A_S689_L001_R2_001.fastq.gz,gzip
data/durance2/16S-Dur2_renamed/15Jus1017Ch0A_S690_L001_R1_001.fastq,consolidated_dataset/durance2/15Jus1017Ch0A_S690_L001_R1_001.fastq.gz,gzip
data/durance2/16S-Dur2_renamed/15Jus1017Ch0A_S690_L001_R2_001.fastq,consolidated_dataset/durance2/15Jus1017Ch0A_S690_L001_R2_001.fastq.gz,gzip
data/durance2/16S-Dur2_renamed/15Caa1006Ch0A_S691_L001_R1_001.fastq,consolidated_dataset/durance2/15Caa1006Ch0A_S691_L001_R1_001.fastq.gz,gzip
data/durance2/16S-Dur2_renamed/15Caa1006Ch0A_S691_L001_R2_001.fastq,consolidated_dataset/durance2/15Caa1006Ch0A_S691_L001_R2_001.fastq.gz,gzip
data/durance2/16S-Dur2_renamed/15Caa1014Ch0A_S692_L001_R1_001.fastq,consolidated_dataset/durance2/15Caa1014Ch0A_S692_L001_R1_001.fastq.gz,gzip
data/durance2/16S-Dur2_renamed/15Caa1014Ch0A_S692_L001_R2_001.fastq,consolidated_dataset/durance2/15Caa1014Ch0A_S692_L001_R2_001.fastq.gz,gzip
data/durance2/16S-Dur2_renamed/15Avi1002Cn02A_S693_L001_R1_001.fastq,consolidated_dataset/durance2/15Avi1002Cn02A_S693_L001_R1_001.fastq.gz,gzip
data/durance2/16S-Dur2_renamed/15Avi1002Cn02A_S693_L001_R2_001.fastq,consolidated_dataset/durance2/15Avi1002Cn02A_S693_L001_R2_001.fastq.gz,gzip
data/durance2/16S-Dur2_renamed/15Avi1010Cn02A_S694_L001_R1_001.fastq,consolidated_dataset/durance2/15Avi1010Cn02A_S694_L001_R1_001.fastq.gz,gzip
data/durance2/16S-Dur2_renamed/15Avi1010Cn02A_S694_L001_R2_001.fastq,consolidated_dataset/durance2/15Avi1010Cn02A_S694_L001_R2_001.fastq.gz,gzip
data/durance2/16S-Dur2_renamed/15Bue1005Ch02A_S695_L001_R1_001.fastq,consolidated_dataset/durance2/15Bue1005Ch02A_S695_L001_R1_001.fastq.gz,gzip
data/durance2/16S-Dur2_renamed/15Bue1005Ch02A_S695_L001_R2_001.fastq,consolidated_dataset/durance2/15Bue1005Ch02A_S695_L001_R2_001.fastq.gz,gzip
data/durance2/16S-Dur2_renamed/15Bue1013Ch02A_S696_L001_R1_001.fastq,consolidated_dataset/durance2/15Bue1013Ch02A_S696_L001_R1_001.fastq.gz,gzip
data/durance2/16S-Dur2_renamed/15Bue1013Ch02A_S696_L001_R2_001.fastq,consolidated_dataset/durance2/15Bue1013Ch02A_S696_L001_R2_001.fastq.gz,gzip
data/durance2/16S-Dur2_renamed/15Bau1003Ch02A_S697_L001_R1_001.fastq,consolidated_dataset/durance2/15Bau1003Ch02A_S697_L001_R1_001.fastq.gz,gzip
data/durance2/16S-Dur2_renamed/15Bau1003Ch02A_S697_L001_R2_001.fastq,consolidated_dataset/durance2/15Bau1003Ch02A_S697_L001_R2_001.fastq.gz,gzip
data/durance2/16S-Dur2_renamed/15Bau1011Ch02A_S698_L001_R1_001.fastq,consolidated_dataset/durance2/15Bau1011Ch02A_S698_L001_R1_001.fastq.gz,gzip
data/durance2/16S-Dur2_renamed/15Bau1011Ch02A_S698_L001_R2_001.fastq,consolidated_dataset/durance2/15Bau1011Ch02A_S698_L001_R2_001.fastq.gz,gzip
data/durance2/16S-Dur2_renamed/15Bau1019Ch02A_S699_L001_R1_001.fastq,consolidated_dataset/durance2/15Bau1019Ch02A_S699_L001_R1_001.fastq.gz,gzip
data/durance2/16S-Dur2_renamed/15Bau1019Ch02A_S699_L001_R2_001.fastq,consolidated_dataset/durance2/15Bau1019Ch02A_S699_L001_R2_001.fastq.gz,gzip
data/durance2/16S-Dur2_renamed/15Jus1002Ch0A_S700_L001_R1_001.fastq,consolidated_dataset/durance2/15Jus1002Ch0A_S700_L001_R1_001.fastq.gz,gzip
data/durance2/16S-Dur2_renamed/15Jus1002Ch0A_S700_L001_R2_001.fastq,consolidated_dataset/durance2/15Jus1002Ch0A_S700_L001_R2_001.fastq.gz,gzip
data/durance2/16S-Dur2_renamed/15Jus1010Ch0A_S701_L001_R1_001.fastq,consolidated_dataset/durance2/15Jus1010Ch0A_S701_L001_R1_001.fastq.gz,gzip
data/durance2/16S-Dur2_renamed/15Jus1010Ch0A_S701_L001_R2_001.fastq,consolidated_dataset/durance2/15Jus1010Ch0A_S701_L001_R2_001.fastq.gz,gzip
data/durance2/16S-Dur2_renamed/15Jus1018Ch0A_S702_L001_R1_001.fastq,consolidated_dataset/durance2/15Jus1018Ch0A_S702_L001_R1_001.fastq.gz,gzip
data/durance2/16S-Dur2_renamed/15Jus1018Ch0A_S702_L001_R2_001.fastq,consolidated_dataset/durance2/15Jus1018Ch0A_S702_L001_R2_001.fastq.gz,gzip
data/durance2/16S-Dur2_renamed/15Caa1007Ch0A_S703_L001_R1_001.fastq,consolidated_dataset/durance2/15Caa1007Ch0A_S703_L001_R1_001.fastq.gz,gzip
data/durance2/16S-Dur2_renamed/15Caa1007Ch0A_S703_L001_R2_001.fastq,consolidated_dataset/durance2/15Caa1007Ch0A_S703_L001_R2_001.fastq.gz,gzip
data/durance2/16S-Dur2_renamed/15Caa1015Ch0A_S704_L001_R1_001.fastq,consolidated_dataset/durance2/15Caa1015Ch0A_S704_L001_R1_001.fastq.gz,gzip
data/durance2/16S-Dur2_renamed/15Caa1015Ch0A_S704_L001_R2_001.fastq,consolidated_dataset/durance2/15Caa1015Ch0A_S704_L001_R2_001.fastq.gz,gzip
data/durance2/16S-Dur2_renamed/15Avi1003Cn02A_S705_L001_R1_001.fastq,consolidated_dataset/durance2/15Avi1003Cn02A_S705_L001_R1_001.fastq.gz,gzip
data/durance2/16S-Dur2_renamed/15Avi1003Cn02A_S705_L001_R2_001.fastq,consolidated_dataset/durance2/15Avi1003Cn02A_S705_L001_R2_001.fastq.gz,gzip
data/durance2/16S-Dur2_renamed/15Avi1011Cn02A_S706_L001_R1_001.fastq,consolidated_dataset/durance2/15Avi1011Cn02A_S706_L001_R1_001.fastq.gz,gzip
data/durance2/16S-Dur2_renamed/15Avi1011Cn02A_S706_L001_R2_001.fastq,consolidated_dataset/durance2/15Avi1011Cn02A_S706_L001_R2_001.fastq.gz,gzip
data/durance2/16S-Dur2_renamed/15Bue1006Ch02A_S707_L001_R1_001.fastq,consolidated_dataset/durance2/15Bue1006Ch02A_S707_L001_R1_001.fastq.gz,gzip
data/durance2/16S-Dur2_renamed/15Bue1006Ch02A_S707_L001_R2_001.fastq,consolidated_dataset/durance2/15Bue1006Ch02A_S707_L001_R2_001.fastq.gz,gzip
data/durance2/16S-Dur2_renamed/15Bue1014Ch02A_S708_L001_R1_001.fastq,consolidated_dataset/durance2/15Bue1014Ch02A_S708_L001_R1_001.fastq.gz,gzip
data/durance2/16S-Dur2_renamed/15Bue1014Ch02A_S708_L001_R2_001.fastq,consolidated_dataset/durance2/15Bue1014Ch02A_S708_L001_R2_001.fastq.gz,gzip
data/durance2/16S-Dur2_renamed/15Bau1004Ch02A_S709_L001_R1_001.fastq,consolidated_dataset/durance2/15Bau1004Ch02A_S709_L001_R1_001.fastq.gz,gzip
data/durance2/16S-Dur2_renamed/15Bau1004Ch02A_S709_L001_R2_001.fastq,consolidated_dataset/durance2/15Bau1004Ch02A_S709_L001_R2_001.fastq.gz,gzip
data/durance2/16S-Dur2_renamed/15Bau1012Ch02A_S710_L001_R1_001.fastq,consolidated_dataset/durance2/15Bau1012Ch02A_S710_L001_R1_001.fastq.gz,gzip
data/durance2/16S-Dur2_renamed/15Bau1012Ch02A_S710_L001_R2_001.fastq,consolidated_dataset/durance2/15Bau1012Ch02A_S710_L001_R2_001.fastq.gz,gzip
data/durance2/16S-Dur2_renamed/15Bau1020Ch02A_S711_L001_R1_001.fastq,consolidated_dataset/durance2/15Bau1020Ch02A_S711_L001_R1_001.fastq.gz,gzip
data/durance2/16S-Dur2_renamed/15Bau1020Ch02A_S711_L001_R2_001.fastq,consolidated_dataset/durance2/15Bau1020Ch02A_S711_L001_R2_001.fastq.gz,gzip
data/durance2/16S-Dur2_renamed/15Jus1003Ch0A_S712_L001_R1_001.fastq,consolidated_dataset/durance2/15Jus1003Ch0A_S712_L001_R1_001.fastq.gz,gzip
data/durance2/16S-Dur2_renamed/15Jus1003Ch0A_S712_L001_R2_001.fastq,consolidated_dataset/durance2/15Jus1003Ch0A_S712_L001_R2_001.fastq.gz,gzip
data/durance2/16S-Dur2_renamed/15Jus1011Ch0A_S713_L001_R1_001.fastq,consolidated_dataset/durance2/15Jus1011Ch0A_S713_L001_R1_001.fastq.gz,gzip
data/durance2/16S-Dur2_renamed/15Jus1011Ch0A_S713_L001_R2_001.fastq,consolidated_dataset/durance2/15Jus1011Ch0A_S713_L001_R2_001.fastq.gz,gzip
data/durance2/16S-Dur2_renamed/15Jus1019Ch0A_S714_L001_R1_001.fastq,consolidated_dataset/durance2/15Jus1019Ch0A_S714_L001_R1_001.fastq.gz,gzip
data/durance2/16S-Dur2_renamed/15Jus1019Ch0A_S714_L001_R2_001.fastq,consolidated_dataset/durance2/15Jus1019Ch0A_S714_L001_R2_001.fastq.gz,gzip
data/durance2/16S-Dur2_renamed/15Caa1008Ch0A_S715_L001_R1_001.fastq,consolidated_dataset/durance2/15Caa1008Ch0A_S715_L001_R1_001.fastq.gz,gzip
data/durance2/16S-Dur2_renamed/15Caa1008Ch0A_S715_L001_R2_001.fastq,consolidated_dataset/durance2/15Caa1008Ch0A_S715_L001_R2_001.fastq.gz,gzip
data/durance2/16S-Dur2_renamed/15Caa1016Ch0A_S716_L001_R1_001.fastq,consolidated_dataset/durance2/15Caa1016Ch0A_S716_L001_R1_001.fastq.gz,gzip
data/durance2/16S-Dur2_renamed/15Caa1016Ch0A_S716_L001_R2_001.fastq,consolidated_dataset/durance2/15Caa1016Ch0A_S716_L001_R2_001.fastq.gz,gzip
data/durance2/16S-Dur2_renamed/15Avi1004Cn02A_S717_L001_R1_001.fastq,consolidated_dataset/durance2/15Avi1004Cn02A_S717_L001_R1_001.fastq.gz,gzip
data/durance2/16S-Dur2_renamed/15Avi1004Cn02A_S717_L001_R2_001.fastq,consolidated_dataset/durance2/15Avi1004Cn02A_S717_L001_R2_001.fastq.gz,gzip
data/durance2/16S-Dur2_renamed/15Avi1012Pt02A_S718_L001_R1_001.fastq,consolidated_dataset/durance2/15Avi1012Pt02A_S718_L001_R1_001.fastq.gz,gzip
data/durance2/16S-Dur2_renamed/15Avi1012Pt02A_S718_L001_R2_001.fastq,consolidated_dataset/durance2/15Avi1012Pt02A_S718_L001_R2_001.fastq.gz,gzip
data/durance2/16S-Dur2_renamed/15Bue1007Ch02A_S719_L001_R1_001.fastq,consolidated_dataset/durance2/15Bue1007Ch02A_S719_L001_R1_001.fastq.gz,gzip
data/durance2/16S-Dur2_renamed/15Bue1007Ch02A_S719_L001_R2_001.fastq,consolidated_dataset/durance2/15Bue1007Ch02A_S719_L001_R2_001.fastq.gz,gzip
data/durance2/16S-Dur2_renamed/15Bue1015Ch02A_S720_L001_R1_001.fastq,consolidated_dataset/durance2/15Bue1015Ch02A_S720_L001_R1_001.fastq.gz,gzip
data/durance2/16S-Dur2_renamed/15Bue1015Ch02A_S720_L001_R2_001.fastq,consolidated_dataset/durance2/15Bue1015Ch02A_S720_L001_R2_001.fastq.gz,gzip
data/durance2/16S-Dur2_renamed/15Bau1005Ch02A_S721_L001_R1_001.fastq,consolidated_dataset/durance2/15Bau1005Ch02A_S721_L001_R1_001.fastq.gz,gzip
data/durance2/16S-Dur2_renamed/15Bau1005Ch02A_S721_L001_R2_001.fastq,consolidated_dataset/durance2/15Bau1005Ch02A_S721_L001_R2_001.fastq.gz,gzip
data/durance2/16S-Dur2_renamed/15Bau1013Ch02A_S722_L001_R1_001.fastq,consolidated_dataset/durance2/15Bau1013Ch02A_S722_L001_R1_001.fastq.gz,gzip
data/durance2/16S-Dur2_renamed/15Bau1013Ch02A_S722_L001_R2_001.fastq,consolidated_dataset/durance2/15Bau1013Ch02A_S722_L001_R2_001.fastq.gz,gzip
data/durance2/16S-Dur2_renamed/15Bau1021Ch02A_S723_L001_R1_001.fastq,consolidated_dataset/durance2/15Bau1021Ch02A_S723_L001_R1_001.fastq.gz,gzip
data/durance2/16S-Dur2_renamed/15Bau1021Ch02A_S723_L001_R2_001.fastq,consolidated_dataset/durance2/15Bau1021Ch02A_S723_L001_R2_001.fastq.gz,gzip
data/durance2/16S-Dur2_renamed/15Jus1004Ch0A_S724_L001_R1_001.fastq,consolidated_dataset/durance2/15Jus1004Ch0A_S724_L001_R1_001.fastq.gz,gzip
data/durance2/16S-Dur2_renamed/15Jus1004Ch0A_S724_L001_R2_001.fastq,consolidated_dataset/durance2/15Jus1004Ch0A_S724_L001_R2_001.fastq.gz,gzip
data/durance2/16S-Dur2_renamed/15Jus1012Ch0A_S725_L001_R1_001.fastq,consolidated_dataset/durance2/15Jus1012Ch0A_S725_L001_R1_001.fastq.gz,gzip
data/durance2/16S-Dur2_renamed/15Jus1012Ch0A_S725_L001_R2_001.fastq,consolidated_dataset/durance2/15Jus1012Ch0A_S725_L001_R2_001.fastq.gz,gzip
data/durance2/16S-Dur2_renamed/15Caa1001Ch0A_S726_L001_R1_001.fastq,consolidated_dataset/durance2/15Caa1001Ch0A_S726_L001_R1_001.fastq.gz,gzip
data/durance2/16S-Dur2_renamed/15Caa1001Ch0A_S726_L001_R2_001.fastq,consolidated_dataset/durance2/15Caa1001Ch0A_S726_L001_R2_001.fastq.gz,gzip
data/durance2/16S-Dur2_renamed/15Caa1009Ch0A_S727_L001_R1_001.fastq,consolidated_dataset/durance2/15Caa1009Ch0A_S727_L001_R1_001.fastq.gz,gzip
data/durance2/16S-Dur2_renamed/15Caa1009Ch0A_S727_L001_R2_001.fastq,consolidated_dataset/durance2/15Caa1009Ch0A_S727_L001_R2_001.fastq.gz,gzip
data/durance2/16S-Dur2_renamed/15Caa1017Ch0A_S728_L001_R1_001.fastq,consolidated_dataset/durance2/15Caa1017Ch0A_S728_L001_R1_001.fastq.gz,gzip
data/durance2/16S-Dur2_renamed/15Caa1017Ch0A_S728_L001_R2_001.fastq,consolidated_dataset/durance2/15Caa1017Ch0A_S728_L001_R2_001.fastq.gz,gzip
data/durance2/16S-Dur2_renamed/15Avi1005Cn02A_S729_L001_R1_001.fastq,consolidated_dataset/durance2/15Avi1005Cn02A_S729_L001_R1_001.fastq.gz,gzip
data/durance2/16S-Dur2_renamed/15Avi1005Cn02A_S729_L001_R2_001.fastq,consolidated_dataset/durance2/15Avi1005Cn02A_S729_L001_R2_001.fastq.gz,gzip
data/durance2/16S-Dur2_renamed/15Avi1013Pt02A_S730_L001_R1_001.fastq,consolidated_dataset/durance2/15Avi1013Pt02A_S730_L001_R1_001.fastq.gz,gzip
data/durance2/16S-Dur2_renamed/15Avi1013Pt02A_S730_L001_R2_001.fastq,consolidated_dataset/durance2/15Avi1013Pt02A_S730_L001_R2_001.fastq.gz,gzip
data/durance2/16S-Dur2_renamed/15Bue1008Ch02A_S731_L001_R1_001.fastq,consolidated_dataset/durance2/15Bue1008Ch02A_S731_L001_R1_001.fastq.gz,gzip
data/durance2/16S-Dur2_renamed/15Bue1008Ch02A_S731_L001_R2_001.fastq,consolidated_dataset/durance2/15Bue1008Ch02A_S731_L001_R2_001.fastq.gz,gzip
data/durance2/16S-Dur2_renamed/15Bue1016Ch02A_S732_L001_R1_001.fastq,consolidated_dataset/durance2/15Bue1016Ch02A_S732_L001_R1_001.fastq.gz,gzip
data/durance2/16S-Dur2_renamed/15Bue1016Ch02A_S732_L001_R2_001.fastq,consolidated_dataset/durance2/15Bue1016Ch02A_S732_L001_R2_001.fastq.gz,gzip
data/durance2/16S-Dur2_renamed/15Bau1006Ch02A_S733_L001_R1_001.fastq,consolidated_dataset/durance2/15Bau1006Ch02A_S733_L001_R1_001.fastq.gz,gzip
data/durance2/16S-Dur2_renamed/15Bau1006Ch02A_S733_L001_R2_001.fastq,consolidated_dataset/durance2/15Bau1006Ch02A_S733_L001_R2_001.fastq.gz,gzip
data/durance2/16S-Dur2_renamed/15Bau1014Ch02A_S734_L001_R1_001.fastq,consolidated_dataset/durance2/15Bau1014Ch02A_S734_L001_R1_001.fastq.gz,gzip
data/durance2/16S-Dur2_renamed/15Bau1014Ch02A_S734_L001_R2_001.fastq,consolidated_dataset/durance2/15Bau1014Ch02A_S734_L001_R2_001.fastq.gz,gzip
data/durance2/16S-Dur2_renamed/15Bau1022Ch02A_S735_L001_R1_001.fastq,consolidated_dataset/durance2/15Bau1022Ch02A_S735_L001_R1_001.fastq.gz,gzip
data/durance2/16S-Dur2_renamed/15Bau1022Ch02A_S735_L001_R2_001.fastq,consolidated_dataset/durance2/15Bau1022Ch02A_S735_L001_R2_001.fastq.gz,gzip
data/durance2/16S-Dur2_renamed/15Jus1005Ch0A_S736_L001_R1_001.fastq,consolidated_dataset/durance2/15Jus1005Ch0A_S736_L001_R1_001.fastq.gz,gzip
data/durance2/16S-Dur2_renamed/15Jus1005Ch0A_S736_L001_R2_001.fastq,consolidated_dataset/durance2/15Jus1005Ch0A_S736_L001_R2_001.fastq.gz,gzip
data/durance2/16S-Dur2_renamed/15Jus1013Ch0A_S737_L001_R1_001.fastq,consolidated_dataset/durance2/15Jus1013Ch0A_S737_L001_R1_001.fastq.gz,gzip
data/durance2/16S-Dur2_renamed/15Jus1013Ch0A_S737_L001_R2_001.fastq,consolidated_dataset/durance2/15Jus1013Ch0A_S737_L001_R2_001.fastq.gz,gzip
data/durance2/16S-Dur2_renamed/15Caa1002Ch0A_S738_L001_R1_001.fastq,consolidated_dataset/durance2/15Caa1002Ch0A_S738_L001_R1_001.fastq.gz,gzip
data/durance2/16S-Dur2_renamed/15Caa1002Ch0A_S738_L001_R2_001.fastq,consolidated_dataset/durance2/15Caa1002Ch0A_S738_L001_R2_001.fastq.gz,gzip
data/durance2/16S-Dur2_renamed/15Caa1010Ch0A_S739_L001_R1_001.fastq,consolidated_dataset/durance2/15Caa1010Ch0A_S739_L001_R1_001.fastq.gz,gzip
data/durance2/16S-Dur2_renamed/15Caa1010Ch0A_S739_L001_R2_001.fastq,consolidated_dataset/durance2/15Caa1010Ch0A_S739_L001_R2_001.fastq.gz,gzip
data/durance2/16S-Dur2_renamed/15Caa1018Ch0A_S740_L001_R1_001.fastq,consolidated_dataset/durance2/15Caa1018Ch0A_S740_L001_R1_001.fastq.gz,gzip
data/durance2/16S-Dur2_renamed/15Caa1018Ch0A_S740_L001_R2_001.fastq,consolidated_dataset/durance2/15Caa1018Ch0A_S740_L001_R2_001.fastq.gz,gzip
data/durance2/16S-Dur2_renamed/15Avi1006Cn02A_S741_L001_R1_001.fastq,consolidated_dataset/durance2/15Avi1006Cn02A_S741_L001_R1_001.fastq.gz,gzip
data/durance2/16S-Dur2_renamed/15Avi1006Cn02A_S741_L001_R2_001.fastq,consolidated_dataset/durance2/15Avi1006Cn02A_S741_L001_R2_001.fastq.gz,gzip
data/durance2/16S-Dur2_renamed/15Bue1001Ch02A_S742_L001_R1_001.fastq,consolidated_dataset/durance2/15Bue1001Ch02A_S742_L001_R1_001.fastq.gz,gzip
data/durance2/16S-Dur2_renamed/15Bue1001Ch02A_S742_L001_R2_001.fastq,consolidated_dataset/durance2/15Bue1001Ch02A_S742_L001_R2_001.fastq.gz,gzip
data/durance2/16S-Dur2_renamed/15Bue1009Ch02A_S743_L001_R1_001.fastq,consolidated_dataset/durance2/15Bue1009Ch02A_S743_L001_R1_001.fastq.gz,gzip
data/durance2/16S-Dur2_renamed/15Bue1009Ch02A_S743_L001_R2_001.fastq,consolidated_dataset/durance2/15Bue1009Ch02A_S743_L001_R2_001.fastq.gz,gzip
data/durance2/16S-Dur2_renamed/15Bue1017Ch02A_S744_L001_R1_001.fastq,consolidated_dataset/durance2/15Bue1017Ch02A_S744_L001_R1_001.fastq.gz,gzip
data/durance2/16S-Dur2_renamed/15Bue1017Ch02A_S744_L001_R2_001.fastq,consolidated_dataset/durance2/15Bue1017Ch02A_S744_L001_R2_001.fastq.gz,gzip
data/durance2/16S-Dur2_renamed/15Bau1007Ch02A_S745_L001_R1_001.fastq,consolidated_dataset/durance2/15Bau1007Ch02A_S745_L001_R1_001.fastq.gz,gzip
data/durance2/16S-Dur2_renamed/15Bau1007Ch02A_S745_L001_R2_001.fastq,consolidated_dataset/durance2/15Bau1007Ch02A_S745_L001_R2_001.fastq.gz,gzip
data/durance2/16S-Dur2_renamed/15Bau1015Ch02A_S746_L001_R1_001.fastq,consolidated_dataset/durance2/15Bau1015Ch02A_S746_L001_R1_001.fastq.gz,gzip
data/durance2/16S-Dur2_renamed/15Bau1015Ch02A_S746_L001_R2_001.fastq,consolidated_dataset/durance2/15Bau1015Ch02A_S746_L001_R2_001.fastq.gz,gzip
data/durance2/16S-Dur2_renamed/15Bau1023Ch02A_S747_L001_R1_001.fastq,consolidated_dataset/durance2/15Bau1023Ch02A_S747_L001_R1_001.fastq.gz,gzip
data/durance2/16S-Dur2_renamed/15Bau1023Ch02A_S747_L001_R2_001.fastq,consolidated_dataset/durance2/15Bau1023Ch02A_S747_L001_R2_001.fastq.gz,gzip
data/durance2/16S-Dur2_renamed/15Jus1006Ch0A_S748_L001_R1_001.fastq,consolidated_dataset/durance2/15Jus1006Ch0A_S748_L001_R1_001.fastq.gz,gzip
data/durance2/16S-Dur2_renamed/15Jus1006Ch0A_S748_L001_R2_001.fastq,consolidated_dataset/durance2/15Jus1006Ch0A_S748_L001_R2_001.fastq.gz,gzip
data/durance2/16S-Dur2_renamed/15Jus1014Ch0A_S749_L001_R1_001.fastq,consolidated_dataset/durance2/15Jus1014Ch0A_S749_L001_R1_001.fastq.gz,gzip
data/durance2/16S-Dur2_renamed/15Jus1014Ch0A_S749_L001_R2_001.fastq,consolidated_dataset/durance2/15Jus1014Ch0A_S749_L001_R2_001.fastq.gz,gzip
data/durance2/16S-Dur2_renamed/15Caa1003Ch0A_S750_L001_R1_001.fastq,consolidated_dataset/durance2/15Caa1003Ch0A_S750_L001_R1_001.fastq.gz,gzip
data/durance2/16S-Dur2_renamed/15Caa1003Ch0A_S750_L001_R2_001.fastq,consolidated_dataset/durance2/15Caa1003Ch0A_S750_L001_R2_001.fastq.gz,gzip
data/durance2/16S-Dur2_renamed/15Caa1011Ch0A_S751_L001_R1_001.fastq,consolidated_dataset/durance2/15Caa1011Ch0A_S751_L001_R1_001.fastq.gz,gzip
data/durance2/16S-Dur2_renamed/15Caa1011Ch0A_S751_L001_R2_001.fastq,consolidated_dataset/durance2/15Caa1011Ch0A_S751_L001_R2_001.fastq.gz,gzip
data/durance2/16S-Dur2_renamed/15Caa1019Ch0A_S752_L001_R1_001.fastq,consolidated_dataset/durance2/15Caa1019Ch0A_S752_L001_R1_001.fastq.gz,gzip
data/durance2/16S-Dur2_renamed/15Caa1019Ch0A_S752_L001_R2_001.fastq,consolidated_dataset/durance2/15Caa1019Ch0A_S752_L001_R2_001.fastq.gz,gzip
data/durance2/16S-Dur2_renamed/15Avi1007Cn02A_S753_L001_R1_001.fastq,consolidated_dataset/durance2/15Avi1007Cn02A_S753_L001_R1_001.fastq.gz,gzip
data/durance2/16S-Dur2_renamed/15Avi1007Cn02A_S753_L001_R2_001.fastq,consolidated_dataset/durance2/15Avi1007Cn02A_S753_L001_R2_001.fastq.gz,gzip
data/durance2/16S-Dur2_renamed/15Bue1002Ch02A_S754_L001_R1_001.fastq,consolidated_dataset/durance2/15Bue1002Ch02A_S754_L001_R1_001.fastq.gz,gzip
data/durance2/16S-Dur2_renamed/15Bue1002Ch02A_S754_L001_R2_001.fastq,consolidated_dataset/durance2/15Bue1002Ch02A_S754_L001_R2_001.fastq.gz,gzip
data/durance2/16S-Dur2_renamed/15Bue1010Ch02A_S755_L001_R1_001.fastq,consolidated_dataset/durance2/15Bue1010Ch02A_S755_L001_R1_001.fastq.gz,gzip
data/durance2/16S-Dur2_renamed/15Bue1010Ch02A_S755_L001_R2_001.fastq,consolidated_dataset/durance2/15Bue1010Ch02A_S755_L001_R2_001.fastq.gz,gzip
data/durance2/16S-Dur2_renamed/15Bue1018Ch02A_S756_L001_R1_001.fastq,consolidated_dataset/durance2/15Bue1018Ch02A_S756_L001_R1_001.fastq.gz,gzip
data/durance2/16S-Dur2_renamed/15Bue1018Ch02A_S756_L001_R2_001.fastq,consolidated_dataset/durance2/15Bue1018Ch02A_S756_L001_R2_001.fastq.gz,gzip
data/durance2/16S-Dur2_renamed/15Bau1008Ch02A_S757_L001_R1_001.fastq,consolidated_dataset/durance2/15Bau1008Ch02A_S757_L001_R1_001.fastq.gz,gzip
data/durance2/16S-Dur2_renamed/15Bau1008Ch02A_S757_L001_R2_001.fastq,consolidated_dataset/durance2/15Bau1008Ch02A_S757_L001_R2_001.fastq.gz,gzip
data/durance2/16S-Dur2_renamed/15Bau1016Ch02A_S758_L001_R1_001.fastq,consolidated_dataset/durance2/15Bau1016Ch02A_S758_L001_R1_001.fastq.gz,gzip
data/durance2/16S-Dur2_renamed/15Bau1016Ch02A_S758_L001_R2_001.fastq,consolidated_dataset/durance2/15Bau1016Ch02A_S758_L001_R2_001.fastq.gz,gzip
data/durance2/16S-Dur2_renamed/15Bau1024Ch02A_S759_L001_R1_001.fastq,consolidated_dataset/durance2/15Bau1024Ch02A_S759_L001_R1_001.fastq.gz,gzip
data/durance2/16S-Dur2_renamed/15Bau1024Ch02A_S759_L001_R2_001.fastq,consolidated_dataset/durance2/15Bau1024Ch02A_S759_L001_R2_001.fastq.gz,gzip
data/durance2/16S-Dur2_renamed/15Jus1007Ch0A_S760_L001_R1_001.fastq,consolidated_dataset/durance2/15Jus1007Ch0A_S760_L001_R1_001.fastq.gz,gzip
data/durance2/16S-Dur2_renamed/15Jus1007Ch0A_S760_L001_R2_001.fastq,consolidated_dataset/durance2/15Jus1007Ch0A_S760_L001_R2_001.fastq.gz,gzip
data/durance2/16S-Dur2_renamed/15Jus1015Ch0A_S761_L001_R1_001.fastq,consolidated_dataset/durance2/15Jus1015Ch0A_S761_L001_R1_001.fastq.gz,gzip
data/durance2/16S-Dur2_renamed/15Jus1015Ch0A_S761_L001_R2_001.fastq,consolidated_dataset/durance2/15Jus1015Ch0A_S761_L001_R2_001.fastq.gz,gzip
data/durance2/16S-Dur2_renamed/15Caa1004Ch0A_S762_L001_R1_001.fastq,consolidated_dataset/durance2/15Caa1004Ch0A_S762_L001_R1_001.fastq.gz,gzip
data/durance2/16S-Dur2_renamed/15Caa1004Ch0A_S762_L001_R2_001.fastq,consolidated_dataset/durance2/15Caa1004Ch0A_S762_L001_R2_001.fastq.gz,gzip
data/durance2/16S-Dur2_renamed/15Caa1012Ch0A_S763_L001_R1_001.fastq,consolidated_dataset/durance2/15Caa1012Ch0A_S763_L001_R1_001.fastq.gz,gzip
data/durance2/16S-Dur2_renamed/15Caa1012Ch0A_S763_L001_R2_001.fastq,consolidated_dataset/durance2/15Caa1012Ch0A_S763_L001_R2_001.fastq.gz,gzip
data/durance2/16S-Dur2_renamed/15Caa1020Ch0A_S764_L001_R1_001.fastq,consolidated_dataset/durance2/15Caa1020Ch0A_S764_L001_R1_001.fastq.gz,gzip
data/durance2/16S-Dur2_renamed/15Caa1020Ch0A_S764_L001_R2_001.fastq,consolidated_dataset/durance2/15Caa1020Ch0A_S764_L001_R2_001.fastq.gz,gzip
data/durance2/16S-Dur2_renamed/15Avi1008Cn02A_S765_L001_R1_001.fastq,consolidated_dataset/durance2/15Avi1008Cn02A_S765_L001_R1_001.fastq.gz,gzip
data/durance2/16S-Dur2_renamed/15Avi1008Cn02A_S765_L001_R2_001.fastq,consolidated_dataset/durance2/15Avi1008Cn02A_S765_L001_R2_001.fastq.gz,gzip
data/durance2/16S-Dur2_renamed/15Bue1003Ch02A_S766_L001_R1_001.fastq,consolidated_dataset/durance2/15Bue1003Ch02A_S766_L001_R1_001.fastq.gz,gzip
data/durance2/16S-Dur2_renamed/15Bue1003Ch02A_S766_L001_R2_001.fastq,consolidated_dataset/durance2/15Bue1003Ch02A_S766_L001_R2_001.fastq.gz,gzip
data/durance2/16S-Dur2_renamed/15Bue1011Ch02A_S767_L001_R1_001.fastq,consolidated_dataset/durance2/15Bue1011Ch02A_S767_L001_R1_001.fastq.gz,gzip
data/durance2/16S-Dur2_renamed/15Bue1011Ch02A_S767_L001_R2_001.fastq,consolidated_dataset/durance2/15Bue1011Ch02A_S767_L001_R2_001.fastq.gz,gzip
data/durance2/16S-Dur2_renamed/control/T-8_S768_L001_R1_001.fastq,consolidated_dataset/durance2/T-8_S768_L001_R1_001.fastq.gz,gzip
data/durance2/16S-Dur2_renamed/control/T-8_S768_L001_R2_001.fastq,consolidated_dataset/durance2/T-8_S768_L001_R2_001.fastq.gz,gzip
data/durance3/171103_M03930_0072_000000000-BFWT5/Data/Intensities/BaseCalls/14Ain1001Cn01A_S1_L001_R1_001.fastq.gz,consolidated_dataset/durance3/14Ain1001Cn01A_S1_L001_R1_001.fastq.gz,move
data/durance3/171103_M03930_0072_000000000-BFWT5/Data/Intensities/BaseCalls/14Ain1001Cn01A_S1_L001_R2_001.fastq.gz,consolidated_dataset/durance3/14Ain1001Cn01A_S1_L001_R2_001.fastq.gz,move
data/durance3/171103_M03930_0072_000000000-BFWT5/Data/Intensities/BaseCalls/14Ain1038Pt01A_S2_L001_R1_001.fastq.gz,consolidated_dataset/durance3/14Ain1038Pt01A_S2_L001_R1_001.fastq.gz,move
data/durance3/171103_M03930_0072_000000000-BFWT5/Data/Intensities/BaseCalls/14Ain1038Pt01A_S2_L001_R2_001.fastq.gz,consolidated_dataset/durance3/14Ain1038Pt01A_S2_L001_R2_001.fastq.gz,move
data/durance3/171103_M03930_0072_000000000-BFWT5/Data/Intensities/BaseCalls/15Cab1003Ch01A_S3_L001_R1_001.fastq.gz,consolidated_dataset/durance3/15Cab1003Ch01A_S3_L001_R1_001.fastq.gz,move
data/durance3/171103_M03930_0072_000000000-BFWT5/Data/Intensities/BaseCalls/15Cab1003Ch01A_S3_L001_R2_001.fastq.gz,consolidated_dataset/durance3/15Cab1003Ch01A_S3_L001_R2_001.fastq.gz,move
data/durance3/171103_M03930_0072_000000000-BFWT5/Data/Intensities/BaseCalls/15Cab1011Ch01A_S4_L001_R1_001.fastq.gz,consolidated_dataset/durance3/15Cab1011Ch01A_S4_L001_R1_001.fastq.gz,move
data/durance3/171103_M03930_0072_000000000-BFWT5/Data/Intensities/BaseCalls/15Cab1011Ch01A_S4_L001_R2_001.fastq.gz,consolidated_dataset/durance3/15Cab1011Ch01A_S4_L001_R2_001.fastq.gz,move
data/durance3/171103_M03930_0072_000000000-BFWT5/Data/Intensities/BaseCalls/15Cab1019Ch01A_S5_L001_R1_001.fastq.gz,consolidated_dataset/durance3/15Cab1019Ch01A_S5_L001_R1_001.fastq.gz,move
data/durance3/171103_M03930_0072_000000000-BFWT5/Data/Intensities/BaseCalls/15Cab1019Ch01A_S5_L001_R2_001.fastq.gz,consolidated_dataset/durance3/15Cab1019Ch01A_S5_L001_R2_001.fastq.gz,move
data/durance3/171103_M03930_0072_000000000-BFWT5/Data/Intensities/BaseCalls/14Avi1008Cn01A_S6_L001_R1_001.fastq.gz,consolidated_dataset/durance3/14Avi1008Cn01A_S6_L001_R1_001.fastq.gz,move
data/durance3/171103_M03930_0072_000000000-BFWT5/Data/Intensities/BaseCalls/14Avi1008Cn01A_S6_L001_R2_001.fastq.gz,consolidated_dataset/durance3/14Avi1008Cn01A_S6_L001_R2_001.fastq.gz,move
data/durance3/171103_M03930_0072_000000000-BFWT5/Data/Intensities/BaseCalls/14Bue1005Cn01A_S7_L001_R1_001.fastq.gz,consolidated_dataset/durance3/14Bue1005Cn01A_S7_L001_R1_001.fastq.gz,move
data/durance3/171103_M03930_0072_000000000-BFWT5/Data/Intensities/BaseCalls/14Bue1005Cn01A_S7_L001_R2_001.fastq.gz,consolidated_dataset/durance3/14Bue1005Cn01A_S7_L001_R2_001.fastq.gz,move
data/durance3/171103_M03930_0072_000000000-BFWT5/Data/Intensities/BaseCalls/14Bue1015Ch01A_S8_L001_R1_001.fastq.gz,consolidated_dataset/durance3/14Bue1015Ch01A_S8_L001_R1_001.fastq.gz,move
data/durance3/171103_M03930_0072_000000000-BFWT5/Data/Intensities/BaseCalls/14Bue1015Ch01A_S8_L001_R2_001.fastq.gz,consolidated_dataset/durance3/14Bue1015Ch01A_S8_L001_R2_001.fastq.gz,move
data/durance3/171103_M03930_0072_000000000-BFWT5/Data/Intensities/BaseCalls/14Man1011Ch01A_S9_L001_R1_001.fastq.gz,consolidated_dataset/durance3/14Man1011Ch01A_S9_L001_R1_001.fastq.gz,move
data/durance3/171103_M03930_0072_000000000-BFWT5/Data/Intensities/BaseCalls/14Man1011Ch01A_S9_L001_R2_001.fastq.gz,consolidated_dataset/durance3/14Man1011Ch01A_S9_L001_R2_001.fastq.gz,move
data/durance3/171103_M03930_0072_000000000-BFWT5/Data/Intensities/BaseCalls/14Man1019Ch01A_S10_L001_R1_001.fastq.gz,consolidated_dataset/durance3/14Man1019Ch01A_S10_L001_R1_001.fastq.gz,move
data/durance3/171103_M03930_0072_000000000-BFWT5/Data/Intensities/BaseCalls/14Man1019Ch01A_S10_L001_R2_001.fastq.gz,consolidated_dataset/durance3/14Man1019Ch01A_S10_L001_R2_001.fastq.gz,move
data/durance3/171103_M03930_0072_000000000-BFWT5/Data/Intensities/BaseCalls/14Per2011Ch01A_S11_L001_R1_001.fastq.gz,consolidated_dataset/durance3/14Per2011Ch01A_S11_L001_R1_001.fastq.gz,move
data/durance3/171103_M03930_0072_000000000-BFWT5/Data/Intensities/BaseCalls/14Per2011Ch01A_S11_L001_R2_001.fastq.gz,consolidated_dataset/durance3/14Per2011Ch01A_S11_L001_R2_001.fastq.gz,move
data/durance3/171103_M03930_0072_000000000-BFWT5/Data/Intensities/BaseCalls/14Per2011Ch01A-bis_S12_L001_R1_001.fastq.gz,consolidated_dataset/durance3/14Per2011Ch01A-bis_S12_L001_R1_001.fastq.gz,move
data/durance3/171103_M03930_0072_000000000-BFWT5/Data/Intensities/BaseCalls/14Per2011Ch01A-bis_S12_L001_R2_001.fastq.gz,consolidated_dataset/durance3/14Per2011Ch01A-bis_S12_L001_R2_001.fastq.gz,move
data/durance3/171103_M03930_0072_000000000-BFWT5/Data/Intensities/BaseCalls/14Ain1002Cn01A_S13_L001_R1_001.fastq.gz,consolidated_dataset/durance3/14Ain1002Cn01A_S13_L001_R1_001.fastq.gz,move
data/durance3/171103_M03930_0072_000000000-BFWT5/Data/Intensities/BaseCalls/14Ain1002Cn01A_S13_L001_R2_001.fastq.gz,consolidated_dataset/durance3/14Ain1002Cn01A_S13_L001_R2_001.fastq.gz,move
data/durance3/171103_M03930_0072_000000000-BFWT5/Data/Intensities/BaseCalls/14Ain1039Pt01A_S14_L001_R1_001.fastq.gz,consolidated_dataset/durance3/14Ain1039Pt01A_S14_L001_R1_001.fastq.gz,move
data/durance3/171103_M03930_0072_000000000-BFWT5/Data/Intensities/BaseCalls/14Ain1039Pt01A_S14_L001_R2_001.fastq.gz,consolidated_dataset/durance3/14Ain1039Pt01A_S14_L001_R2_001.fastq.gz,move
data/durance3/171103_M03930_0072_000000000-BFWT5/Data/Intensities/BaseCalls/15Cab1004Ch01A_S15_L001_R1_001.fastq.gz,consolidated_dataset/durance3/15Cab1004Ch01A_S15_L001_R1_001.fastq.gz,move
data/durance3/171103_M03930_0072_000000000-BFWT5/Data/Intensities/BaseCalls/15Cab1004Ch01A_S15_L001_R2_001.fastq.gz,consolidated_dataset/durance3/15Cab1004Ch01A_S15_L001_R2_001.fastq.gz,move
data/durance3/171103_M03930_0072_000000000-BFWT5/Data/Intensities/BaseCalls/15Cab1012Ch01A_S16_L001_R1_001.fastq.gz,consolidated_dataset/durance3/15Cab1012Ch01A_S16_L001_R1_001.fastq.gz,move
data/durance3/171103_M03930_0072_000000000-BFWT5/Data/Intensities/BaseCalls/15Cab1012Ch01A_S16_L001_R2_001.fastq.gz,consolidated_dataset/durance3/15Cab1012Ch01A_S16_L001_R2_001.fastq.gz,move
data/durance3/171103_M03930_0072_000000000-BFWT5/Data/Intensities/BaseCalls/14Avi1001Cn01A_S17_L001_R1_001.fastq.gz,consolidated_dataset/durance3/14Avi1001Cn01A_S17_L001_R1_001.fastq.gz,move
data/durance3/171103_M03930_0072_000000000-BFWT5/Data/Intensities/BaseCalls/14Avi1001Cn01A_S17_L001_R2_001.fastq.gz,consolidated_dataset/durance3/14Avi1001Cn01A_S17_L001_R2_001.fastq.gz,move
data/durance3/171103_M03930_0072_000000000-BFWT5/Data/Intensities/BaseCalls/14Avi1036Cn01A_S18_L001_R1_001.fastq.gz,consolidated_dataset/durance3/14Avi1036Cn01A_S18_L001_R1_001.fastq.gz,move
data/durance3/171103_M03930_0072_000000000-BFWT5/Data/Intensities/BaseCalls/14Avi1036Cn01A_S18_L001_R2_001.fastq.gz,consolidated_dataset/durance3/14Avi1036Cn01A_S18_L001_R2_001.fastq.gz,move
data/durance3/171103_M03930_0072_000000000-BFWT5/Data/Intensities/BaseCalls/14Bue1006Cn01A_S19_L001_R1_001.fastq.gz,consolidated_dataset/durance3/14Bue1006Cn01A_S19_L001_R1_001.fastq.gz,move
data/durance3/171103_M03930_0072_000000000-BFWT5/Data/Intensities/BaseCalls/14Bue1006Cn01A_S19_L001_R2_001.fastq.gz,consolidated_dataset/durance3/14Bue1006Cn01A_S19_L001_R2_001.fastq.gz,move
data/durance3/171103_M03930_0072_000000000-BFWT5/Data/Intensities/BaseCalls/14Bue1016Ch01A_S20_L001_R1_001.fastq.gz,consolidated_dataset/durance3/14Bue1016Ch01A_S20_L001_R1_001.fastq.gz,move
data/durance3/171103_M03930_0072_000000000-BFWT5/Data/Intensities/BaseCalls/14Bue1016Ch01A_S20_L001_R2_001.fastq.gz,consolidated_dataset/durance3/14Bue1016Ch01A_S20_L001_R2_001.fastq.gz,move
data/durance3/171103_M03930_0072_000000000-BFWT5/Data/Intensities/BaseCalls/14Man1012Ch01A_S21_L001_R1_001.fastq.gz,consolidated_dataset/durance3/14Man1012Ch01A_S21_L001_R1_001.fastq.gz,move
data/durance3/171103_M03930_0072_000000000-BFWT5/Data/Intensities/BaseCalls/14Man1012Ch01A_S21_L001_R2_001.fastq.gz,consolidated_dataset/durance3/14Man1012Ch01A_S21_L001_R2_001.fastq.gz,move
data/durance3/171103_M03930_0072_000000000-BFWT5/Data/Intensities/BaseCalls/14Man1020Ch01A_S22_L001_R1_001.fastq.gz,consolidated_dataset/durance3/14Man1020Ch01A_S22_L001_R1_001.fastq.gz,move
data/durance3/171103_M03930_0072_000000000-BFWT5/Data/Intensities/BaseCalls/14Man1020Ch01A_S22_L001_R2_001.fastq.gz,consolidated_dataset/durance3/14Man1020Ch01A_S22_L001_R2_001.fastq.gz,move
data/durance3/171103_M03930_0072_000000000-BFWT5/Data/Intensities/BaseCalls/14Per2012Ch01A_S23_L001_R1_001.fastq.gz,consolidated_dataset/durance3/14Per2012Ch01A_S23_L001_R1_001.fastq.gz,move
data/durance3/171103_M03930_0072_000000000-BFWT5/Data/Intensities/BaseCalls/14Per2012Ch01A_S23_L001_R2_001.fastq.gz,consolidated_dataset/durance3/14Per2012Ch01A_S23_L001_R2_001.fastq.gz,move
data/durance3/171103_M03930_0072_000000000-BFWT5/Data/Intensities/BaseCalls/14Per2012Ch01A-bis_S24_L001_R1_001.fastq.gz,consolidated_dataset/durance3/14Per2012Ch01A-bis_S24_L001_R1_001.fastq.gz,move
data/durance3/171103_M03930_0072_000000000-BFWT5/Data/Intensities/BaseCalls/14Per2012Ch01A-bis_S24_L001_R2_001.fastq.gz,consolidated_dataset/durance3/14Per2012Ch01A-bis_S24_L001_R2_001.fastq.gz,move
data/durance3/171103_M03930_0072_000000000-BFWT5/Data/Intensities/BaseCalls/14Ain1011Pt01A_S25_L001_R1_001.fastq.gz,consolidated_dataset/durance3/14Ain1011Pt01A_S25_L001_R1_001.fastq.gz,move
data/durance3/171103_M03930_0072_000000000-BFWT5/Data/Intensities/BaseCalls/14Ain1011Pt01A_S25_L001_R2_001.fastq.gz,consolidated_dataset/durance3/14Ain1011Pt01A_S25_L001_R2_001.fastq.gz,move
data/durance3/171103_M03930_0072_000000000-BFWT5/Data/Intensities/BaseCalls/14Ain1040Pt01A_S26_L001_R1_001.fastq.gz,consolidated_dataset/durance3/14Ain1040Pt01A_S26_L001_R1_001.fastq.gz,move
data/durance3/171103_M03930_0072_000000000-BFWT5/Data/Intensities/BaseCalls/14Ain1040Pt01A_S26_L001_R2_001.fastq.gz,consolidated_dataset/durance3/14Ain1040Pt01A_S26_L001_R2_001.fastq.gz,move
data/durance3/171103_M03930_0072_000000000-BFWT5/Data/Intensities/BaseCalls/15Cab1005Ch01A_S27_L001_R1_001.fastq.gz,consolidated_dataset/durance3/15Cab1005Ch01A_S27_L001_R1_001.fastq.gz,move
data/durance3/171103_M03930_0072_000000000-BFWT5/Data/Intensities/BaseCalls/15Cab1005Ch01A_S27_L001_R2_001.fastq.gz,consolidated_dataset/durance3/15Cab1005Ch01A_S27_L001_R2_001.fastq.gz,move
data/durance3/171103_M03930_0072_000000000-BFWT5/Data/Intensities/BaseCalls/15Cab1013Ch01A_S28_L001_R1_001.fastq.gz,consolidated_dataset/durance3/15Cab1013Ch01A_S28_L001_R1_001.fastq.gz,move
data/durance3/171103_M03930_0072_000000000-BFWT5/Data/Intensities/BaseCalls/15Cab1013Ch01A_S28_L001_R2_001.fastq.gz,consolidated_dataset/durance3/15Cab1013Ch01A_S28_L001_R2_001.fastq.gz,move
data/durance3/171103_M03930_0072_000000000-BFWT5/Data/Intensities/BaseCalls/14Avi1002Cn01A_S29_L001_R1_001.fastq.gz,consolidated_dataset/durance3/14Avi1002Cn01A_S29_L001_R1_001.fastq.gz,move
data/durance3/171103_M03930_0072_000000000-BFWT5/Data/Intensities/BaseCalls/14Avi1002Cn01A_S29_L001_R2_001.fastq.gz,consolidated_dataset/durance3/14Avi1002Cn01A_S29_L001_R2_001.fastq.gz,move
data/durance3/171103_M03930_0072_000000000-BFWT5/Data/Intensities/BaseCalls/14Avi1037-01A_S30_L001_R1_001.fastq.gz,consolidated_dataset/durance3/14Avi1037-01A_S30_L001_R1_001.fastq.gz,move
data/durance3/171103_M03930_0072_000000000-BFWT5/Data/Intensities/BaseCalls/14Avi1037-01A_S30_L001_R2_001.fastq.gz,consolidated_dataset/durance3/14Avi1037-01A_S30_L001_R2_001.fastq.gz,move
data/durance3/171103_M03930_0072_000000000-BFWT5/Data/Intensities/BaseCalls/14Bue1007Cn01A_S31_L001_R1_001.fastq.gz,consolidated_dataset/durance3/14Bue1007Cn01A_S31_L001_R1_001.fastq.gz,move
data/durance3/171103_M03930_0072_000000000-BFWT5/Data/Intensities/BaseCalls/14Bue1007Cn01A_S31_L001_R2_001.fastq.gz,consolidated_dataset/durance3/14Bue1007Cn01A_S31_L001_R2_001.fastq.gz,move
data/durance3/171103_M03930_0072_000000000-BFWT5/Data/Intensities/BaseCalls/14Bue1017Ch01A_S32_L001_R1_001.fastq.gz,consolidated_dataset/durance3/14Bue1017Ch01A_S32_L001_R1_001.fastq.gz,move
data/durance3/171103_M03930_0072_000000000-BFWT5/Data/Intensities/BaseCalls/14Bue1017Ch01A_S32_L001_R2_001.fastq.gz,consolidated_dataset/durance3/14Bue1017Ch01A_S32_L001_R2_001.fastq.gz,move
data/durance3/171103_M03930_0072_000000000-BFWT5/Data/Intensities/BaseCalls/14Man1013Ch01A_S33_L001_R1_001.fastq.gz,consolidated_dataset/durance3/14Man1013Ch01A_S33_L001_R1_001.fastq.gz,move
data/durance3/171103_M03930_0072_000000000-BFWT5/Data/Intensities/BaseCalls/14Man1013Ch01A_S33_L001_R2_001.fastq.gz,consolidated_dataset/durance3/14Man1013Ch01A_S33_L001_R2_001.fastq.gz,move
data/durance3/171103_M03930_0072_000000000-BFWT5/Data/Intensities/BaseCalls/14Man1021Ch01A_S34_L001_R1_001.fastq.gz,consolidated_dataset/durance3/14Man1021Ch01A_S34_L001_R1_001.fastq.gz,move
data/durance3/171103_M03930_0072_000000000-BFWT5/Data/Intensities/BaseCalls/14Man1021Ch01A_S34_L001_R2_001.fastq.gz,consolidated_dataset/durance3/14Man1021Ch01A_S34_L001_R2_001.fastq.gz,move
data/durance3/171103_M03930_0072_000000000-BFWT5/Data/Intensities/BaseCalls/14Per2013Ch01A_S35_L001_R1_001.fastq.gz,consolidated_dataset/durance3/14Per2013Ch01A_S35_L001_R1_001.fastq.gz,move
data/durance3/171103_M03930_0072_000000000-BFWT5/Data/Intensities/BaseCalls/14Per2013Ch01A_S35_L001_R2_001.fastq.gz,consolidated_dataset/durance3/14Per2013Ch01A_S35_L001_R2_001.fastq.gz,move
data/durance3/171103_M03930_0072_000000000-BFWT5/Data/Intensities/BaseCalls/T-1_S36_L001_R1_001.fastq.gz,consolidated_dataset/durance3/T-1_S36_L001_R1_001.fastq.gz,move
data/durance3/171103_M03930_0072_000000000-BFWT5/Data/Intensities/BaseCalls/T-1_S36_L001_R2_001.fastq.gz,consolidated_dataset/durance3/T-1_S36_L001_R2_001.fastq.gz,move
data/durance3/171103_M03930_0072_000000000-BFWT5/Data/Intensities/BaseCalls/14Ain1012Pt01A_S37_L001_R1_001.fastq.gz,consolidated_dataset/durance3/14Ain1012Pt01A_S37_L001_R1_001.fastq.gz,move
data/durance3/171103_M03930_0072_000000000-BFWT5/Data/Intensities/BaseCalls/14Ain1012Pt01A_S37_L001_R2_001.fastq.gz,consolidated_dataset/durance3/14Ain1012Pt01A_S37_L001_R2_001.fastq.gz,move
data/durance3/171103_M03930_0072_000000000-BFWT5/Data/Intensities/BaseCalls/14Ain1041Pt01A_S38_L001_R1_001.fastq.gz,consolidated_dataset/durance3/14Ain1041Pt01A_S38_L001_R1_001.fastq.gz,move
data/durance3/171103_M03930_0072_000000000-BFWT5/Data/Intensities/BaseCalls/14Ain1041Pt01A_S38_L001_R2_001.fastq.gz,consolidated_dataset/durance3/14Ain1041Pt01A_S38_L001_R2_001.fastq.gz,move
data/durance3/171103_M03930_0072_000000000-BFWT5/Data/Intensities/BaseCalls/15Cab1006Ch01A_S39_L001_R1_001.fastq.gz,consolidated_dataset/durance3/15Cab1006Ch01A_S39_L001_R1_001.fastq.gz,move
data/durance3/171103_M03930_0072_000000000-BFWT5/Data/Intensities/BaseCalls/15Cab1006Ch01A_S39_L001_R2_001.fastq.gz,consolidated_dataset/durance3/15Cab1006Ch01A_S39_L001_R2_001.fastq.gz,move
data/durance3/171103_M03930_0072_000000000-BFWT5/Data/Intensities/BaseCalls/15Cab1014Ch01A_S40_L001_R1_001.fastq.gz,consolidated_dataset/durance3/15Cab1014Ch01A_S40_L001_R1_001.fastq.gz,move
data/durance3/171103_M03930_0072_000000000-BFWT5/Data/Intensities/BaseCalls/15Cab1014Ch01A_S40_L001_R2_001.fastq.gz,consolidated_dataset/durance3/15Cab1014Ch01A_S40_L001_R2_001.fastq.gz,move
data/durance3/171103_M03930_0072_000000000-BFWT5/Data/Intensities/BaseCalls/14Avi1003Cn01A_S41_L001_R1_001.fastq.gz,consolidated_dataset/durance3/14Avi1003Cn01A_S41_L001_R1_001.fastq.gz,move
data/durance3/171103_M03930_0072_000000000-BFWT5/Data/Intensities/BaseCalls/14Avi1003Cn01A_S41_L001_R2_001.fastq.gz,consolidated_dataset/durance3/14Avi1003Cn01A_S41_L001_R2_001.fastq.gz,move
data/durance3/171103_M03930_0072_000000000-BFWT5/Data/Intensities/BaseCalls/14Avi1038Cn01A_S42_L001_R1_001.fastq.gz,consolidated_dataset/durance3/14Avi1038Cn01A_S42_L001_R1_001.fastq.gz,move
data/durance3/171103_M03930_0072_000000000-BFWT5/Data/Intensities/BaseCalls/14Avi1038Cn01A_S42_L001_R2_001.fastq.gz,consolidated_dataset/durance3/14Avi1038Cn01A_S42_L001_R2_001.fastq.gz,move
data/durance3/171103_M03930_0072_000000000-BFWT5/Data/Intensities/BaseCalls/14Bue1008Cn01A_S43_L001_R1_001.fastq.gz,consolidated_dataset/durance3/14Bue1008Cn01A_S43_L001_R1_001.fastq.gz,move
data/durance3/171103_M03930_0072_000000000-BFWT5/Data/Intensities/BaseCalls/14Bue1008Cn01A_S43_L001_R2_001.fastq.gz,consolidated_dataset/durance3/14Bue1008Cn01A_S43_L001_R2_001.fastq.gz,move
data/durance3/171103_M03930_0072_000000000-BFWT5/Data/Intensities/BaseCalls/14Bue1018Ch01A_S44_L001_R1_001.fastq.gz,consolidated_dataset/durance3/14Bue1018Ch01A_S44_L001_R1_001.fastq.gz,move
data/durance3/171103_M03930_0072_000000000-BFWT5/Data/Intensities/BaseCalls/14Bue1018Ch01A_S44_L001_R2_001.fastq.gz,consolidated_dataset/durance3/14Bue1018Ch01A_S44_L001_R2_001.fastq.gz,move
data/durance3/171103_M03930_0072_000000000-BFWT5/Data/Intensities/BaseCalls/14Man1014Ch01A_S45_L001_R1_001.fastq.gz,consolidated_dataset/durance3/14Man1014Ch01A_S45_L001_R1_001.fastq.gz,move
data/durance3/171103_M03930_0072_000000000-BFWT5/Data/Intensities/BaseCalls/14Man1014Ch01A_S45_L001_R2_001.fastq.gz,consolidated_dataset/durance3/14Man1014Ch01A_S45_L001_R2_001.fastq.gz,move
data/durance3/171103_M03930_0072_000000000-BFWT5/Data/Intensities/BaseCalls/14Man1022Ch01A_S46_L001_R1_001.fastq.gz,consolidated_dataset/durance3/14Man1022Ch01A_S46_L001_R1_001.fastq.gz,move
data/durance3/171103_M03930_0072_000000000-BFWT5/Data/Intensities/BaseCalls/14Man1022Ch01A_S46_L001_R2_001.fastq.gz,consolidated_dataset/durance3/14Man1022Ch01A_S46_L001_R2_001.fastq.gz,move
data/durance3/171103_M03930_0072_000000000-BFWT5/Data/Intensities/BaseCalls/14Per2014Ch01A_S47_L001_R1_001.fastq.gz,consolidated_dataset/durance3/14Per2014Ch01A_S47_L001_R1_001.fastq.gz,move
data/durance3/171103_M03930_0072_000000000-BFWT5/Data/Intensities/BaseCalls/14Per2014Ch01A_S47_L001_R2_001.fastq.gz,consolidated_dataset/durance3/14Per2014Ch01A_S47_L001_R2_001.fastq.gz,move
data/durance3/171103_M03930_0072_000000000-BFWT5/Data/Intensities/BaseCalls/empty-1_S48_L001_R1_001.fastq.gz,consolidated_dataset/durance3/empty-1_S48_L001_R1_001.fastq.gz,move
data/durance3/171103_M03930_0072_000000000-BFWT5/Data/Intensities/BaseCalls/empty-1_S48_L001_R2_001.fastq.gz,consolidated_dataset/durance3/empty-1_S48_L001_R2_001.fastq.gz,move
data/durance3/171103_M03930_0072_000000000-BFWT5/Data/Intensities/BaseCalls/14Ain1013Pt01A_S49_L001_R1_001.fastq.gz,consolidated_dataset/durance3/14Ain1013Pt01A_S49_L001_R1_001.fastq.gz,move
data/durance3/171103_M03930_0072_000000000-BFWT5/Data/Intensities/BaseCalls/14Ain1013Pt01A_S49_L001_R2_001.fastq.gz,consolidated_dataset/durance3/14Ain1013Pt01A_S49_L001_R2_001.fastq.gz,move
data/durance3/171103_M03930_0072_000000000-BFWT5/Data/Intensities/BaseCalls/14Ain1042Pt01A_S50_L001_R1_001.fastq.gz,consolidated_dataset/durance3/14Ain1042Pt01A_S50_L001_R1_001.fastq.gz,move
data/durance3/171103_M03930_0072_000000000-BFWT5/Data/Intensities/BaseCalls/14Ain1042Pt01A_S50_L001_R2_001.fastq.gz,consolidated_dataset/durance3/14Ain1042Pt01A_S50_L001_R2_001.fastq.gz,move
data/durance3/171103_M03930_0072_000000000-BFWT5/Data/Intensities/BaseCalls/15Cab1007Ch01A_S51_L001_R1_001.fastq.gz,consolidated_dataset/durance3/15Cab1007Ch01A_S51_L001_R1_001.fastq.gz,move
data/durance3/171103_M03930_0072_000000000-BFWT5/Data/Intensities/BaseCalls/15Cab1007Ch01A_S51_L001_R2_001.fastq.gz,consolidated_dataset/durance3/15Cab1007Ch01A_S51_L001_R2_001.fastq.gz,move
data/durance3/171103_M03930_0072_000000000-BFWT5/Data/Intensities/BaseCalls/15Cab1015Ch01A_S52_L001_R1_001.fastq.gz,consolidated_dataset/durance3/15Cab1015Ch01A_S52_L001_R1_001.fastq.gz,move
data/durance3/171103_M03930_0072_000000000-BFWT5/Data/Intensities/BaseCalls/15Cab1015Ch01A_S52_L001_R2_001.fastq.gz,consolidated_dataset/durance3/15Cab1015Ch01A_S52_L001_R2_001.fastq.gz,move
data/durance3/171103_M03930_0072_000000000-BFWT5/Data/Intensities/BaseCalls/14Avi1004Cn01A_S53_L001_R1_001.fastq.gz,consolidated_dataset/durance3/14Avi1004Cn01A_S53_L001_R1_001.fastq.gz,move
data/durance3/171103_M03930_0072_000000000-BFWT5/Data/Intensities/BaseCalls/14Avi1004Cn01A_S53_L001_R2_001.fastq.gz,consolidated_dataset/durance3/14Avi1004Cn01A_S53_L001_R2_001.fastq.gz,move
data/durance3/171103_M03930_0072_000000000-BFWT5/Data/Intensities/BaseCalls/14Bue1001Cn01A_S54_L001_R1_001.fastq.gz,consolidated_dataset/durance3/14Bue1001Cn01A_S54_L001_R1_001.fastq.gz,move
data/durance3/171103_M03930_0072_000000000-BFWT5/Data/Intensities/BaseCalls/14Bue1001Cn01A_S54_L001_R2_001.fastq.gz,consolidated_dataset/durance3/14Bue1001Cn01A_S54_L001_R2_001.fastq.gz,move
data/durance3/171103_M03930_0072_000000000-BFWT5/Data/Intensities/BaseCalls/14Bue1011Ch01A_S55_L001_R1_001.fastq.gz,consolidated_dataset/durance3/14Bue1011Ch01A_S55_L001_R1_001.fastq.gz,move
data/durance3/171103_M03930_0072_000000000-BFWT5/Data/Intensities/BaseCalls/14Bue1011Ch01A_S55_L001_R2_001.fastq.gz,consolidated_dataset/durance3/14Bue1011Ch01A_S55_L001_R2_001.fastq.gz,move
data/durance3/171103_M03930_0072_000000000-BFWT5/Data/Intensities/BaseCalls/14Bue1019Ch01A_S56_L001_R1_001.fastq.gz,consolidated_dataset/durance3/14Bue1019Ch01A_S56_L001_R1_001.fastq.gz,move
data/durance3/171103_M03930_0072_000000000-BFWT5/Data/Intensities/BaseCalls/14Bue1019Ch01A_S56_L001_R2_001.fastq.gz,consolidated_dataset/durance3/14Bue1019Ch01A_S56_L001_R2_001.fastq.gz,move
data/durance3/171103_M03930_0072_000000000-BFWT5/Data/Intensities/BaseCalls/14Man1015Ch01A_S57_L001_R1_001.fastq.gz,consolidated_dataset/durance3/14Man1015Ch01A_S57_L001_R1_001.fastq.gz,move
data/durance3/171103_M03930_0072_000000000-BFWT5/Data/Intensities/BaseCalls/14Man1015Ch01A_S57_L001_R2_001.fastq.gz,consolidated_dataset/durance3/14Man1015Ch01A_S57_L001_R2_001.fastq.gz,move
data/durance3/171103_M03930_0072_000000000-BFWT5/Data/Intensities/BaseCalls/14Per1011Ch01A_S58_L001_R1_001.fastq.gz,consolidated_dataset/durance3/14Per1011Ch01A_S58_L001_R1_001.fastq.gz,move
data/durance3/171103_M03930_0072_000000000-BFWT5/Data/Intensities/BaseCalls/14Per1011Ch01A_S58_L001_R2_001.fastq.gz,consolidated_dataset/durance3/14Per1011Ch01A_S58_L001_R2_001.fastq.gz,move
data/durance3/171103_M03930_0072_000000000-BFWT5/Data/Intensities/BaseCalls/14Per2015Ch01A_S59_L001_R1_001.fastq.gz,consolidated_dataset/durance3/14Per2015Ch01A_S59_L001_R1_001.fastq.gz,move
data/durance3/171103_M03930_0072_000000000-BFWT5/Data/Intensities/BaseCalls/14Per2015Ch01A_S59_L001_R2_001.fastq.gz,consolidated_dataset/durance3/14Per2015Ch01A_S59_L001_R2_001.fastq.gz,move
data/durance3/171103_M03930_0072_000000000-BFWT5/Data/Intensities/BaseCalls/empty-2_S60_L001_R1_001.fastq.gz,consolidated_dataset/durance3/empty-2_S60_L001_R1_001.fastq.gz,move
data/durance3/171103_M03930_0072_000000000-BFWT5/Data/Intensities/BaseCalls/empty-2_S60_L001_R2_001.fastq.gz,consolidated_dataset/durance3/empty-2_S60_L001_R2_001.fastq.gz,move
data/durance3/171103_M03930_0072_000000000-BFWT5/Data/Intensities/BaseCalls/14Ain1014Pt01A_S61_L001_R1_001.fastq.gz,consolidated_dataset/durance3/14Ain1014Pt01A_S61_L001_R1_001.fastq.gz,move
data/durance3/171103_M03930_0072_000000000-BFWT5/Data/Intensities/BaseCalls/14Ain1014Pt01A_S61_L001_R2_001.fastq.gz,consolidated_dataset/durance3/14Ain1014Pt01A_S61_L001_R2_001.fastq.gz,move
data/durance3/171103_M03930_0072_000000000-BFWT5/Data/Intensities/BaseCalls/14Ain1043Pt01A_S62_L001_R1_001.fastq.gz,consolidated_dataset/durance3/14Ain1043Pt01A_S62_L001_R1_001.fastq.gz,move
data/durance3/171103_M03930_0072_000000000-BFWT5/Data/Intensities/BaseCalls/14Ain1043Pt01A_S62_L001_R2_001.fastq.gz,consolidated_dataset/durance3/14Ain1043Pt01A_S62_L001_R2_001.fastq.gz,move
data/durance3/171103_M03930_0072_000000000-BFWT5/Data/Intensities/BaseCalls/15Cab1008Ch01A_S63_L001_R1_001.fastq.gz,consolidated_dataset/durance3/15Cab1008Ch01A_S63_L001_R1_001.fastq.gz,move
data/durance3/171103_M03930_0072_000000000-BFWT5/Data/Intensities/BaseCalls/15Cab1008Ch01A_S63_L001_R2_001.fastq.gz,consolidated_dataset/durance3/15Cab1008Ch01A_S63_L001_R2_001.fastq.gz,move
data/durance3/171103_M03930_0072_000000000-BFWT5/Data/Intensities/BaseCalls/15Cab1016Ch01A_S64_L001_R1_001.fastq.gz,consolidated_dataset/durance3/15Cab1016Ch01A_S64_L001_R1_001.fastq.gz,move
data/durance3/171103_M03930_0072_000000000-BFWT5/Data/Intensities/BaseCalls/15Cab1016Ch01A_S64_L001_R2_001.fastq.gz,consolidated_dataset/durance3/15Cab1016Ch01A_S64_L001_R2_001.fastq.gz,move
data/durance3/171103_M03930_0072_000000000-BFWT5/Data/Intensities/BaseCalls/14Avi1005Cn01A_S65_L001_R1_001.fastq.gz,consolidated_dataset/durance3/14Avi1005Cn01A_S65_L001_R1_001.fastq.gz,move
data/durance3/171103_M03930_0072_000000000-BFWT5/Data/Intensities/BaseCalls/14Avi1005Cn01A_S65_L001_R2_001.fastq.gz,consolidated_dataset/durance3/14Avi1005Cn01A_S65_L001_R2_001.fastq.gz,move
data/durance3/171103_M03930_0072_000000000-BFWT5/Data/Intensities/BaseCalls/14Bue1002Cn01A_S66_L001_R1_001.fastq.gz,consolidated_dataset/durance3/14Bue1002Cn01A_S66_L001_R1_001.fastq.gz,move
data/durance3/171103_M03930_0072_000000000-BFWT5/Data/Intensities/BaseCalls/14Bue1002Cn01A_S66_L001_R2_001.fastq.gz,consolidated_dataset/durance3/14Bue1002Cn01A_S66_L001_R2_001.fastq.gz,move
data/durance3/171103_M03930_0072_000000000-BFWT5/Data/Intensities/BaseCalls/14Bue1012Ch01A_S67_L001_R1_001.fastq.gz,consolidated_dataset/durance3/14Bue1012Ch01A_S67_L001_R1_001.fastq.gz,move
data/durance3/171103_M03930_0072_000000000-BFWT5/Data/Intensities/BaseCalls/14Bue1012Ch01A_S67_L001_R2_001.fastq.gz,consolidated_dataset/durance3/14Bue1012Ch01A_S67_L001_R2_001.fastq.gz,move
data/durance3/171103_M03930_0072_000000000-BFWT5/Data/Intensities/BaseCalls/14Man1001Cn01A_S68_L001_R1_001.fastq.gz,consolidated_dataset/durance3/14Man1001Cn01A_S68_L001_R1_001.fastq.gz,move
data/durance3/171103_M03930_0072_000000000-BFWT5/Data/Intensities/BaseCalls/14Man1001Cn01A_S68_L001_R2_001.fastq.gz,consolidated_dataset/durance3/14Man1001Cn01A_S68_L001_R2_001.fastq.gz,move
data/durance3/171103_M03930_0072_000000000-BFWT5/Data/Intensities/BaseCalls/14Man1016Ch01A_S69_L001_R1_001.fastq.gz,consolidated_dataset/durance3/14Man1016Ch01A_S69_L001_R1_001.fastq.gz,move
data/durance3/171103_M03930_0072_000000000-BFWT5/Data/Intensities/BaseCalls/14Man1016Ch01A_S69_L001_R2_001.fastq.gz,consolidated_dataset/durance3/14Man1016Ch01A_S69_L001_R2_001.fastq.gz,move
data/durance3/171103_M03930_0072_000000000-BFWT5/Data/Intensities/BaseCalls/14per1012Ch01A_S70_L001_R1_001.fastq.gz,consolidated_dataset/durance3/14per1012Ch01A_S70_L001_R1_001.fastq.gz,move
data/durance3/171103_M03930_0072_000000000-BFWT5/Data/Intensities/BaseCalls/14per1012Ch01A_S70_L001_R2_001.fastq.gz,consolidated_dataset/durance3/14per1012Ch01A_S70_L001_R2_001.fastq.gz,move
data/durance3/171103_M03930_0072_000000000-BFWT5/Data/Intensities/BaseCalls/Blanc-Caudal_S71_L001_R1_001.fastq.gz,consolidated_dataset/durance3/Blanc-Caudal_S71_L001_R1_001.fastq.gz,move
data/durance3/171103_M03930_0072_000000000-BFWT5/Data/Intensities/BaseCalls/Blanc-Caudal_S71_L001_R2_001.fastq.gz,consolidated_dataset/durance3/Blanc-Caudal_S71_L001_R2_001.fastq.gz,move
data/durance3/171103_M03930_0072_000000000-BFWT5/Data/Intensities/BaseCalls/empty-3_S72_L001_R1_001.fastq.gz,consolidated_dataset/durance3/empty-3_S72_L001_R1_001.fastq.gz,move
data/durance3/171103_M03930_0072_000000000-BFWT5/Data/Intensities/BaseCalls/empty-3_S72_L001_R2_001.fastq.gz,consolidated_dataset/durance3/empty-3_S72_L001_R2_001.fastq.gz,move
data/durance3/171103_M03930_0072_000000000-BFWT5/Data/Intensities/BaseCalls/14Ain1036Cn01A_S73_L001_R1_001.fastq.gz,consolidated_dataset/durance3/14Ain1036Cn01A_S73_L001_R1_001.fastq.gz,move
data/durance3/171103_M03930_0072_000000000-BFWT5/Data/Intensities/BaseCalls/14Ain1036Cn01A_S73_L001_R2_001.fastq.gz,consolidated_dataset/durance3/14Ain1036Cn01A_S73_L001_R2_001.fastq.gz,move
data/durance3/171103_M03930_0072_000000000-BFWT5/Data/Intensities/BaseCalls/15Cab1001Ch01A_S74_L001_R1_001.fastq.gz,consolidated_dataset/durance3/15Cab1001Ch01A_S74_L001_R1_001.fastq.gz,move
data/durance3/171103_M03930_0072_000000000-BFWT5/Data/Intensities/BaseCalls/15Cab1001Ch01A_S74_L001_R2_001.fastq.gz,consolidated_dataset/durance3/15Cab1001Ch01A_S74_L001_R2_001.fastq.gz,move
data/durance3/171103_M03930_0072_000000000-BFWT5/Data/Intensities/BaseCalls/15Cab1009Ch01A_S75_L001_R1_001.fastq.gz,consolidated_dataset/durance3/15Cab1009Ch01A_S75_L001_R1_001.fastq.gz,move
data/durance3/171103_M03930_0072_000000000-BFWT5/Data/Intensities/BaseCalls/15Cab1009Ch01A_S75_L001_R2_001.fastq.gz,consolidated_dataset/durance3/15Cab1009Ch01A_S75_L001_R2_001.fastq.gz,move
data/durance3/171103_M03930_0072_000000000-BFWT5/Data/Intensities/BaseCalls/15Cab1017Ch01A_S76_L001_R1_001.fastq.gz,consolidated_dataset/durance3/15Cab1017Ch01A_S76_L001_R1_001.fastq.gz,move
data/durance3/171103_M03930_0072_000000000-BFWT5/Data/Intensities/BaseCalls/15Cab1017Ch01A_S76_L001_R2_001.fastq.gz,consolidated_dataset/durance3/15Cab1017Ch01A_S76_L001_R2_001.fastq.gz,move
data/durance3/171103_M03930_0072_000000000-BFWT5/Data/Intensities/BaseCalls/14Avi1006Cn01A_S77_L001_R1_001.fastq.gz,consolidated_dataset/durance3/14Avi1006Cn01A_S77_L001_R1_001.fastq.gz,move
data/durance3/171103_M03930_0072_000000000-BFWT5/Data/Intensities/BaseCalls/14Avi1006Cn01A_S77_L001_R2_001.fastq.gz,consolidated_dataset/durance3/14Avi1006Cn01A_S77_L001_R2_001.fastq.gz,move
data/durance3/171103_M03930_0072_000000000-BFWT5/Data/Intensities/BaseCalls/14Bue1003Cn01A_S78_L001_R1_001.fastq.gz,consolidated_dataset/durance3/14Bue1003Cn01A_S78_L001_R1_001.fastq.gz,move
data/durance3/171103_M03930_0072_000000000-BFWT5/Data/Intensities/BaseCalls/14Bue1003Cn01A_S78_L001_R2_001.fastq.gz,consolidated_dataset/durance3/14Bue1003Cn01A_S78_L001_R2_001.fastq.gz,move
data/durance3/171103_M03930_0072_000000000-BFWT5/Data/Intensities/BaseCalls/14Bue1013Ch01A_S79_L001_R1_001.fastq.gz,consolidated_dataset/durance3/14Bue1013Ch01A_S79_L001_R1_001.fastq.gz,move
data/durance3/171103_M03930_0072_000000000-BFWT5/Data/Intensities/BaseCalls/14Bue1013Ch01A_S79_L001_R2_001.fastq.gz,consolidated_dataset/durance3/14Bue1013Ch01A_S79_L001_R2_001.fastq.gz,move
data/durance3/171103_M03930_0072_000000000-BFWT5/Data/Intensities/BaseCalls/14Man1002Cn01A_S80_L001_R1_001.fastq.gz,consolidated_dataset/durance3/14Man1002Cn01A_S80_L001_R1_001.fastq.gz,move
data/durance3/171103_M03930_0072_000000000-BFWT5/Data/Intensities/BaseCalls/14Man1002Cn01A_S80_L001_R2_001.fastq.gz,consolidated_dataset/durance3/14Man1002Cn01A_S80_L001_R2_001.fastq.gz,move
data/durance3/171103_M03930_0072_000000000-BFWT5/Data/Intensities/BaseCalls/14Man1017Ch01A_S81_L001_R1_001.fastq.gz,consolidated_dataset/durance3/14Man1017Ch01A_S81_L001_R1_001.fastq.gz,move
data/durance3/171103_M03930_0072_000000000-BFWT5/Data/Intensities/BaseCalls/14Man1017Ch01A_S81_L001_R2_001.fastq.gz,consolidated_dataset/durance3/14Man1017Ch01A_S81_L001_R2_001.fastq.gz,move
data/durance3/171103_M03930_0072_000000000-BFWT5/Data/Intensities/BaseCalls/14per1013Ch01A_S82_L001_R1_001.fastq.gz,consolidated_dataset/durance3/14per1013Ch01A_S82_L001_R1_001.fastq.gz,move
data/durance3/171103_M03930_0072_000000000-BFWT5/Data/Intensities/BaseCalls/14per1013Ch01A_S82_L001_R2_001.fastq.gz,consolidated_dataset/durance3/14per1013Ch01A_S82_L001_R2_001.fastq.gz,move
data/durance3/171103_M03930_0072_000000000-BFWT5/Data/Intensities/BaseCalls/15Cab1021Ch01A_S83_L001_R1_001.fastq.gz,consolidated_dataset/durance3/15Cab1021Ch01A_S83_L001_R1_001.fastq.gz,move
data/durance3/171103_M03930_0072_000000000-BFWT5/Data/Intensities/BaseCalls/15Cab1021Ch01A_S83_L001_R2_001.fastq.gz,consolidated_dataset/durance3/15Cab1021Ch01A_S83_L001_R2_001.fastq.gz,move
data/durance3/171103_M03930_0072_000000000-BFWT5/Data/Intensities/BaseCalls/empty-4_S84_L001_R1_001.fastq.gz,consolidated_dataset/durance3/empty-4_S84_L001_R1_001.fastq.gz,move
data/durance3/171103_M03930_0072_000000000-BFWT5/Data/Intensities/BaseCalls/empty-4_S84_L001_R2_001.fastq.gz,consolidated_dataset/durance3/empty-4_S84_L001_R2_001.fastq.gz,move
data/durance3/171103_M03930_0072_000000000-BFWT5/Data/Intensities/BaseCalls/14Ain1037Cn01A_S85_L001_R1_001.fastq.gz,consolidated_dataset/durance3/14Ain1037Cn01A_S85_L001_R1_001.fastq.gz,move
data/durance3/171103_M03930_0072_000000000-BFWT5/Data/Intensities/BaseCalls/14Ain1037Cn01A_S85_L001_R2_001.fastq.gz,consolidated_dataset/durance3/14Ain1037Cn01A_S85_L001_R2_001.fastq.gz,move
data/durance3/171103_M03930_0072_000000000-BFWT5/Data/Intensities/BaseCalls/15Cab1002Ch01A_S86_L001_R1_001.fastq.gz,consolidated_dataset/durance3/15Cab1002Ch01A_S86_L001_R1_001.fastq.gz,move
data/durance3/171103_M03930_0072_000000000-BFWT5/Data/Intensities/BaseCalls/15Cab1002Ch01A_S86_L001_R2_001.fastq.gz,consolidated_dataset/durance3/15Cab1002Ch01A_S86_L001_R2_001.fastq.gz,move
data/durance3/171103_M03930_0072_000000000-BFWT5/Data/Intensities/BaseCalls/15Cab1010Ch01A_S87_L001_R1_001.fastq.gz,consolidated_dataset/durance3/15Cab1010Ch01A_S87_L001_R1_001.fastq.gz,move
data/durance3/171103_M03930_0072_000000000-BFWT5/Data/Intensities/BaseCalls/15Cab1010Ch01A_S87_L001_R2_001.fastq.gz,consolidated_dataset/durance3/15Cab1010Ch01A_S87_L001_R2_001.fastq.gz,move
data/durance3/171103_M03930_0072_000000000-BFWT5/Data/Intensities/BaseCalls/15Cab1018Ch01A_S88_L001_R1_001.fastq.gz,consolidated_dataset/durance3/15Cab1018Ch01A_S88_L001_R1_001.fastq.gz,move
data/durance3/171103_M03930_0072_000000000-BFWT5/Data/Intensities/BaseCalls/15Cab1018Ch01A_S88_L001_R2_001.fastq.gz,consolidated_dataset/durance3/15Cab1018Ch01A_S88_L001_R2_001.fastq.gz,move
data/durance3/171103_M03930_0072_000000000-BFWT5/Data/Intensities/BaseCalls/14Avi1007Cn01A_S89_L001_R1_001.fastq.gz,consolidated_dataset/durance3/14Avi1007Cn01A_S89_L001_R1_001.fastq.gz,move
data/durance3/171103_M03930_0072_000000000-BFWT5/Data/Intensities/BaseCalls/14Avi1007Cn01A_S89_L001_R2_001.fastq.gz,consolidated_dataset/durance3/14Avi1007Cn01A_S89_L001_R2_001.fastq.gz,move
data/durance3/171103_M03930_0072_000000000-BFWT5/Data/Intensities/BaseCalls/14Bue1004Cn01A_S90_L001_R1_001.fastq.gz,consolidated_dataset/durance3/14Bue1004Cn01A_S90_L001_R1_001.fastq.gz,move
data/durance3/171103_M03930_0072_000000000-BFWT5/Data/Intensities/BaseCalls/14Bue1004Cn01A_S90_L001_R2_001.fastq.gz,consolidated_dataset/durance3/14Bue1004Cn01A_S90_L001_R2_001.fastq.gz,move
data/durance3/171103_M03930_0072_000000000-BFWT5/Data/Intensities/BaseCalls/14Bue1014Ch01A_S91_L001_R1_001.fastq.gz,consolidated_dataset/durance3/14Bue1014Ch01A_S91_L001_R1_001.fastq.gz,move
data/durance3/171103_M03930_0072_000000000-BFWT5/Data/Intensities/BaseCalls/14Bue1014Ch01A_S91_L001_R2_001.fastq.gz,consolidated_dataset/durance3/14Bue1014Ch01A_S91_L001_R2_001.fastq.gz,move
data/durance3/171103_M03930_0072_000000000-BFWT5/Data/Intensities/BaseCalls/14Man1010Cn01A_S92_L001_R1_001.fastq.gz,consolidated_dataset/durance3/14Man1010Cn01A_S92_L001_R1_001.fastq.gz,move
data/durance3/171103_M03930_0072_000000000-BFWT5/Data/Intensities/BaseCalls/14Man1010Cn01A_S92_L001_R2_001.fastq.gz,consolidated_dataset/durance3/14Man1010Cn01A_S92_L001_R2_001.fastq.gz,move
data/durance3/171103_M03930_0072_000000000-BFWT5/Data/Intensities/BaseCalls/14Man1018Ch01A_S93_L001_R1_001.fastq.gz,consolidated_dataset/durance3/14Man1018Ch01A_S93_L001_R1_001.fastq.gz,move
data/durance3/171103_M03930_0072_000000000-BFWT5/Data/Intensities/BaseCalls/14Man1018Ch01A_S93_L001_R2_001.fastq.gz,consolidated_dataset/durance3/14Man1018Ch01A_S93_L001_R2_001.fastq.gz,move
data/durance3/171103_M03930_0072_000000000-BFWT5/Data/Intensities/BaseCalls/14per1014Ch01A_S94_L001_R1_001.fastq.gz,consolidated_dataset/durance3/14per1014Ch01A_S94_L001_R1_001.fastq.gz,move
data/durance3/171103_M03930_0072_000000000-BFWT5/Data/Intensities/BaseCalls/14per1014Ch01A_S94_L001_R2_001.fastq.gz,consolidated_dataset/durance3/14per1014Ch01A_S94_L001_R2_001.fastq.gz,move
data/durance3/171103_M03930_0072_000000000-BFWT5/Data/Intensities/BaseCalls/15Cab1022Ch01A_S95_L001_R1_001.fastq.gz,consolidated_dataset/durance3/15Cab1022Ch01A_S95_L001_R1_001.fastq.gz,move
data/durance3/171103_M03930_0072_000000000-BFWT5/Data/Intensities/BaseCalls/15Cab1022Ch01A_S95_L001_R2_001.fastq.gz,consolidated_dataset/durance3/15Cab1022Ch01A_S95_L001_R2_001.fastq.gz,move
data/durance3/171103_M03930_0072_000000000-BFWT5/Data/Intensities/BaseCalls/empty-5_S96_L001_R1_001.fastq.gz,consolidated_dataset/durance3/empty-5_S96_L001_R1_001.fastq.gz,move
data/durance3/171103_M03930_0072_000000000-BFWT5/Data/Intensities/BaseCalls/empty-5_S96_L001_R2_001.fastq.gz,consolidated_dataset/durance3/empty-5_S96_L001_R2_001.fastq.gz,move
data/durance3/171103_M03930_0072_000000000-BFWT5/Data/Intensities/BaseCalls/15Bau1001Ch01A_S97_L001_R1_001.fastq.gz,consolidated_dataset/durance3/15Bau1001Ch01A_S97_L001_R1_001.fastq.gz,move
data/durance3/171103_M03930_0072_000000000-BFWT5/Data/Intensities/BaseCalls/15Bau1001Ch01A_S97_L001_R2_001.fastq.gz,consolidated_dataset/durance3/15Bau1001Ch01A_S97_L001_R2_001.fastq.gz,move
data/durance3/171103_M03930_0072_000000000-BFWT5/Data/Intensities/BaseCalls/15Bau1009Ch01A_S98_L001_R1_001.fastq.gz,consolidated_dataset/durance3/15Bau1009Ch01A_S98_L001_R1_001.fastq.gz,move
data/durance3/171103_M03930_0072_000000000-BFWT5/Data/Intensities/BaseCalls/15Bau1009Ch01A_S98_L001_R2_001.fastq.gz,consolidated_dataset/durance3/15Bau1009Ch01A_S98_L001_R2_001.fastq.gz,move
data/durance3/171103_M03930_0072_000000000-BFWT5/Data/Intensities/BaseCalls/15Bau1017Ch01A_S99_L001_R1_001.fastq.gz,consolidated_dataset/durance3/15Bau1017Ch01A_S99_L001_R1_001.fastq.gz,move
data/durance3/171103_M03930_0072_000000000-BFWT5/Data/Intensities/BaseCalls/15Bau1017Ch01A_S99_L001_R2_001.fastq.gz,consolidated_dataset/durance3/15Bau1017Ch01A_S99_L001_R2_001.fastq.gz,move
data/durance3/171103_M03930_0072_000000000-BFWT5/Data/Intensities/BaseCalls/15Bau1025Ch01A_S100_L001_R1_001.fastq.gz,consolidated_dataset/durance3/15Bau1025Ch01A_S100_L001_R1_001.fastq.gz,move
data/durance3/171103_M03930_0072_000000000-BFWT5/Data/Intensities/BaseCalls/15Bau1025Ch01A_S100_L001_R2_001.fastq.gz,consolidated_dataset/durance3/15Bau1025Ch01A_S100_L001_R2_001.fastq.gz,move
data/durance3/171103_M03930_0072_000000000-BFWT5/Data/Intensities/BaseCalls/15Jus1008Ch01A_S101_L001_R1_001.fastq.gz,consolidated_dataset/durance3/15Jus1008Ch01A_S101_L001_R1_001.fastq.gz,move
data/durance3/171103_M03930_0072_000000000-BFWT5/Data/Intensities/BaseCalls/15Jus1008Ch01A_S101_L001_R2_001.fastq.gz,consolidated_dataset/durance3/15Jus1008Ch01A_S101_L001_R2_001.fastq.gz,move
data/durance3/171103_M03930_0072_000000000-BFWT5/Data/Intensities/BaseCalls/15Jus1016Ch01A_S102_L001_R1_001.fastq.gz,consolidated_dataset/durance3/15Jus1016Ch01A_S102_L001_R1_001.fastq.gz,move
data/durance3/171103_M03930_0072_000000000-BFWT5/Data/Intensities/BaseCalls/15Jus1016Ch01A_S102_L001_R2_001.fastq.gz,consolidated_dataset/durance3/15Jus1016Ch01A_S102_L001_R2_001.fastq.gz,move
data/durance3/171103_M03930_0072_000000000-BFWT5/Data/Intensities/BaseCalls/15Caa1005Ch01A_S103_L001_R1_001.fastq.gz,consolidated_dataset/durance3/15Caa1005Ch01A_S103_L001_R1_001.fastq.gz,move
data/durance3/171103_M03930_0072_000000000-BFWT5/Data/Intensities/BaseCalls/15Caa1005Ch01A_S103_L001_R2_001.fastq.gz,consolidated_dataset/durance3/15Caa1005Ch01A_S103_L001_R2_001.fastq.gz,move
data/durance3/171103_M03930_0072_000000000-BFWT5/Data/Intensities/BaseCalls/15Caa1013Ch01A_S104_L001_R1_001.fastq.gz,consolidated_dataset/durance3/15Caa1013Ch01A_S104_L001_R1_001.fastq.gz,move
data/durance3/171103_M03930_0072_000000000-BFWT5/Data/Intensities/BaseCalls/15Caa1013Ch01A_S104_L001_R2_001.fastq.gz,consolidated_dataset/durance3/15Caa1013Ch01A_S104_L001_R2_001.fastq.gz,move
data/durance3/171103_M03930_0072_000000000-BFWT5/Data/Intensities/BaseCalls/15Avi1001Cn01A_S105_L001_R1_001.fastq.gz,consolidated_dataset/durance3/15Avi1001Cn01A_S105_L001_R1_001.fastq.gz,move
data/durance3/171103_M03930_0072_000000000-BFWT5/Data/Intensities/BaseCalls/15Avi1001Cn01A_S105_L001_R2_001.fastq.gz,consolidated_dataset/durance3/15Avi1001Cn01A_S105_L001_R2_001.fastq.gz,move
data/durance3/171103_M03930_0072_000000000-BFWT5/Data/Intensities/BaseCalls/15Avi1009Cn01A_S106_L001_R1_001.fastq.gz,consolidated_dataset/durance3/15Avi1009Cn01A_S106_L001_R1_001.fastq.gz,move
data/durance3/171103_M03930_0072_000000000-BFWT5/Data/Intensities/BaseCalls/15Avi1009Cn01A_S106_L001_R2_001.fastq.gz,consolidated_dataset/durance3/15Avi1009Cn01A_S106_L001_R2_001.fastq.gz,move
data/durance3/171103_M03930_0072_000000000-BFWT5/Data/Intensities/BaseCalls/15Bue1004Ch01A_S107_L001_R1_001.fastq.gz,consolidated_dataset/durance3/15Bue1004Ch01A_S107_L001_R1_001.fastq.gz,move
data/durance3/171103_M03930_0072_000000000-BFWT5/Data/Intensities/BaseCalls/15Bue1004Ch01A_S107_L001_R2_001.fastq.gz,consolidated_dataset/durance3/15Bue1004Ch01A_S107_L001_R2_001.fastq.gz,move
data/durance3/171103_M03930_0072_000000000-BFWT5/Data/Intensities/BaseCalls/15Bue1012Ch01A_S108_L001_R1_001.fastq.gz,consolidated_dataset/durance3/15Bue1012Ch01A_S108_L001_R1_001.fastq.gz,move
data/durance3/171103_M03930_0072_000000000-BFWT5/Data/Intensities/BaseCalls/15Bue1012Ch01A_S108_L001_R2_001.fastq.gz,consolidated_dataset/durance3/15Bue1012Ch01A_S108_L001_R2_001.fastq.gz,move
data/durance3/171103_M03930_0072_000000000-BFWT5/Data/Intensities/BaseCalls/15Bau1002Ch01A_S109_L001_R1_001.fastq.gz,consolidated_dataset/durance3/15Bau1002Ch01A_S109_L001_R1_001.fastq.gz,move
data/durance3/171103_M03930_0072_000000000-BFWT5/Data/Intensities/BaseCalls/15Bau1002Ch01A_S109_L001_R2_001.fastq.gz,consolidated_dataset/durance3/15Bau1002Ch01A_S109_L001_R2_001.fastq.gz,move
data/durance3/171103_M03930_0072_000000000-BFWT5/Data/Intensities/BaseCalls/15Bau1010Ch01A_S110_L001_R1_001.fastq.gz,consolidated_dataset/durance3/15Bau1010Ch01A_S110_L001_R1_001.fastq.gz,move
data/durance3/171103_M03930_0072_000000000-BFWT5/Data/Intensities/BaseCalls/15Bau1010Ch01A_S110_L001_R2_001.fastq.gz,consolidated_dataset/durance3/15Bau1010Ch01A_S110_L001_R2_001.fastq.gz,move
data/durance3/171103_M03930_0072_000000000-BFWT5/Data/Intensities/BaseCalls/15Bau1018Ch01A_S111_L001_R1_001.fastq.gz,consolidated_dataset/durance3/15Bau1018Ch01A_S111_L001_R1_001.fastq.gz,move
data/durance3/171103_M03930_0072_000000000-BFWT5/Data/Intensities/BaseCalls/15Bau1018Ch01A_S111_L001_R2_001.fastq.gz,consolidated_dataset/durance3/15Bau1018Ch01A_S111_L001_R2_001.fastq.gz,move
data/durance3/171103_M03930_0072_000000000-BFWT5/Data/Intensities/BaseCalls/15Jus1001Ch01A_S112_L001_R1_001.fastq.gz,consolidated_dataset/durance3/15Jus1001Ch01A_S112_L001_R1_001.fastq.gz,move
data/durance3/171103_M03930_0072_000000000-BFWT5/Data/Intensities/BaseCalls/15Jus1001Ch01A_S112_L001_R2_001.fastq.gz,consolidated_dataset/durance3/15Jus1001Ch01A_S112_L001_R2_001.fastq.gz,move
data/durance3/171103_M03930_0072_000000000-BFWT5/Data/Intensities/BaseCalls/15Jus1009Ch01A_S113_L001_R1_001.fastq.gz,consolidated_dataset/durance3/15Jus1009Ch01A_S113_L001_R1_001.fastq.gz,move
data/durance3/171103_M03930_0072_000000000-BFWT5/Data/Intensities/BaseCalls/15Jus1009Ch01A_S113_L001_R2_001.fastq.gz,consolidated_dataset/durance3/15Jus1009Ch01A_S113_L001_R2_001.fastq.gz,move
data/durance3/171103_M03930_0072_000000000-BFWT5/Data/Intensities/BaseCalls/15Jus1017Ch01A_S114_L001_R1_001.fastq.gz,consolidated_dataset/durance3/15Jus1017Ch01A_S114_L001_R1_001.fastq.gz,move
data/durance3/171103_M03930_0072_000000000-BFWT5/Data/Intensities/BaseCalls/15Jus1017Ch01A_S114_L001_R2_001.fastq.gz,consolidated_dataset/durance3/15Jus1017Ch01A_S114_L001_R2_001.fastq.gz,move
data/durance3/171103_M03930_0072_000000000-BFWT5/Data/Intensities/BaseCalls/15Caa1006Ch01A_S115_L001_R1_001.fastq.gz,consolidated_dataset/durance3/15Caa1006Ch01A_S115_L001_R1_001.fastq.gz,move
data/durance3/171103_M03930_0072_000000000-BFWT5/Data/Intensities/BaseCalls/15Caa1006Ch01A_S115_L001_R2_001.fastq.gz,consolidated_dataset/durance3/15Caa1006Ch01A_S115_L001_R2_001.fastq.gz,move
data/durance3/171103_M03930_0072_000000000-BFWT5/Data/Intensities/BaseCalls/15Caa1014Ch01A_S116_L001_R1_001.fastq.gz,consolidated_dataset/durance3/15Caa1014Ch01A_S116_L001_R1_001.fastq.gz,move
data/durance3/171103_M03930_0072_000000000-BFWT5/Data/Intensities/BaseCalls/15Caa1014Ch01A_S116_L001_R2_001.fastq.gz,consolidated_dataset/durance3/15Caa1014Ch01A_S116_L001_R2_001.fastq.gz,move
data/durance3/171103_M03930_0072_000000000-BFWT5/Data/Intensities/BaseCalls/15Avi1002Cn01A_S117_L001_R1_001.fastq.gz,consolidated_dataset/durance3/15Avi1002Cn01A_S117_L001_R1_001.fastq.gz,move
data/durance3/171103_M03930_0072_000000000-BFWT5/Data/Intensities/BaseCalls/15Avi1002Cn01A_S117_L001_R2_001.fastq.gz,consolidated_dataset/durance3/15Avi1002Cn01A_S117_L001_R2_001.fastq.gz,move
data/durance3/171103_M03930_0072_000000000-BFWT5/Data/Intensities/BaseCalls/15Avi1010Cn01A_S118_L001_R1_001.fastq.gz,consolidated_dataset/durance3/15Avi1010Cn01A_S118_L001_R1_001.fastq.gz,move
data/durance3/171103_M03930_0072_000000000-BFWT5/Data/Intensities/BaseCalls/15Avi1010Cn01A_S118_L001_R2_001.fastq.gz,consolidated_dataset/durance3/15Avi1010Cn01A_S118_L001_R2_001.fastq.gz,move
data/durance3/171103_M03930_0072_000000000-BFWT5/Data/Intensities/BaseCalls/15Bue1005Ch01A_S119_L001_R1_001.fastq.gz,consolidated_dataset/durance3/15Bue1005Ch01A_S119_L001_R1_001.fastq.gz,move
data/durance3/171103_M03930_0072_000000000-BFWT5/Data/Intensities/BaseCalls/15Bue1005Ch01A_S119_L001_R2_001.fastq.gz,consolidated_dataset/durance3/15Bue1005Ch01A_S119_L001_R2_001.fastq.gz,move
data/durance3/171103_M03930_0072_000000000-BFWT5/Data/Intensities/BaseCalls/15Bue1013Ch01A_S120_L001_R1_001.fastq.gz,consolidated_dataset/durance3/15Bue1013Ch01A_S120_L001_R1_001.fastq.gz,move
data/durance3/171103_M03930_0072_000000000-BFWT5/Data/Intensities/BaseCalls/15Bue1013Ch01A_S120_L001_R2_001.fastq.gz,consolidated_dataset/durance3/15Bue1013Ch01A_S120_L001_R2_001.fastq.gz,move
data/durance3/171103_M03930_0072_000000000-BFWT5/Data/Intensities/BaseCalls/15Bau1003Ch01A_S121_L001_R1_001.fastq.gz,consolidated_dataset/durance3/15Bau1003Ch01A_S121_L001_R1_001.fastq.gz,move
data/durance3/171103_M03930_0072_000000000-BFWT5/Data/Intensities/BaseCalls/15Bau1003Ch01A_S121_L001_R2_001.fastq.gz,consolidated_dataset/durance3/15Bau1003Ch01A_S121_L001_R2_001.fastq.gz,move
data/durance3/171103_M03930_0072_000000000-BFWT5/Data/Intensities/BaseCalls/15Bau1011Ch01A_S122_L001_R1_001.fastq.gz,consolidated_dataset/durance3/15Bau1011Ch01A_S122_L001_R1_001.fastq.gz,move
data/durance3/171103_M03930_0072_000000000-BFWT5/Data/Intensities/BaseCalls/15Bau1011Ch01A_S122_L001_R2_001.fastq.gz,consolidated_dataset/durance3/15Bau1011Ch01A_S122_L001_R2_001.fastq.gz,move
data/durance3/171103_M03930_0072_000000000-BFWT5/Data/Intensities/BaseCalls/15Bau1019Ch01A_S123_L001_R1_001.fastq.gz,consolidated_dataset/durance3/15Bau1019Ch01A_S123_L001_R1_001.fastq.gz,move
data/durance3/171103_M03930_0072_000000000-BFWT5/Data/Intensities/BaseCalls/15Bau1019Ch01A_S123_L001_R2_001.fastq.gz,consolidated_dataset/durance3/15Bau1019Ch01A_S123_L001_R2_001.fastq.gz,move
data/durance3/171103_M03930_0072_000000000-BFWT5/Data/Intensities/BaseCalls/15Jus1002Ch01A_S124_L001_R1_001.fastq.gz,consolidated_dataset/durance3/15Jus1002Ch01A_S124_L001_R1_001.fastq.gz,move
data/durance3/171103_M03930_0072_000000000-BFWT5/Data/Intensities/BaseCalls/15Jus1002Ch01A_S124_L001_R2_001.fastq.gz,consolidated_dataset/durance3/15Jus1002Ch01A_S124_L001_R2_001.fastq.gz,move
data/durance3/171103_M03930_0072_000000000-BFWT5/Data/Intensities/BaseCalls/15Jus1010Ch01A_S125_L001_R1_001.fastq.gz,consolidated_dataset/durance3/15Jus1010Ch01A_S125_L001_R1_001.fastq.gz,move
data/durance3/171103_M03930_0072_000000000-BFWT5/Data/Intensities/BaseCalls/15Jus1010Ch01A_S125_L001_R2_001.fastq.gz,consolidated_dataset/durance3/15Jus1010Ch01A_S125_L001_R2_001.fastq.gz,move
data/durance3/171103_M03930_0072_000000000-BFWT5/Data/Intensities/BaseCalls/15Jus1018Ch01A_S126_L001_R1_001.fastq.gz,consolidated_dataset/durance3/15Jus1018Ch01A_S126_L001_R1_001.fastq.gz,move
data/durance3/171103_M03930_0072_000000000-BFWT5/Data/Intensities/BaseCalls/15Jus1018Ch01A_S126_L001_R2_001.fastq.gz,consolidated_dataset/durance3/15Jus1018Ch01A_S126_L001_R2_001.fastq.gz,move
data/durance3/171103_M03930_0072_000000000-BFWT5/Data/Intensities/BaseCalls/15Caa1007Ch01A_S127_L001_R1_001.fastq.gz,consolidated_dataset/durance3/15Caa1007Ch01A_S127_L001_R1_001.fastq.gz,move
data/durance3/171103_M03930_0072_000000000-BFWT5/Data/Intensities/BaseCalls/15Caa1007Ch01A_S127_L001_R2_001.fastq.gz,consolidated_dataset/durance3/15Caa1007Ch01A_S127_L001_R2_001.fastq.gz,move
data/durance3/171103_M03930_0072_000000000-BFWT5/Data/Intensities/BaseCalls/15Caa1015Ch01A_S128_L001_R1_001.fastq.gz,consolidated_dataset/durance3/15Caa1015Ch01A_S128_L001_R1_001.fastq.gz,move
data/durance3/171103_M03930_0072_000000000-BFWT5/Data/Intensities/BaseCalls/15Caa1015Ch01A_S128_L001_R2_001.fastq.gz,consolidated_dataset/durance3/15Caa1015Ch01A_S128_L001_R2_001.fastq.gz,move
data/durance3/171103_M03930_0072_000000000-BFWT5/Data/Intensities/BaseCalls/15Avi1003Cn01A_S129_L001_R1_001.fastq.gz,consolidated_dataset/durance3/15Avi1003Cn01A_S129_L001_R1_001.fastq.gz,move
data/durance3/171103_M03930_0072_000000000-BFWT5/Data/Intensities/BaseCalls/15Avi1003Cn01A_S129_L001_R2_001.fastq.gz,consolidated_dataset/durance3/15Avi1003Cn01A_S129_L001_R2_001.fastq.gz,move
data/durance3/171103_M03930_0072_000000000-BFWT5/Data/Intensities/BaseCalls/15Avi1011Cn01A_S130_L001_R1_001.fastq.gz,consolidated_dataset/durance3/15Avi1011Cn01A_S130_L001_R1_001.fastq.gz,move
data/durance3/171103_M03930_0072_000000000-BFWT5/Data/Intensities/BaseCalls/15Avi1011Cn01A_S130_L001_R2_001.fastq.gz,consolidated_dataset/durance3/15Avi1011Cn01A_S130_L001_R2_001.fastq.gz,move
data/durance3/171103_M03930_0072_000000000-BFWT5/Data/Intensities/BaseCalls/15Bue1006Ch01A_S131_L001_R1_001.fastq.gz,consolidated_dataset/durance3/15Bue1006Ch01A_S131_L001_R1_001.fastq.gz,move
data/durance3/171103_M03930_0072_000000000-BFWT5/Data/Intensities/BaseCalls/15Bue1006Ch01A_S131_L001_R2_001.fastq.gz,consolidated_dataset/durance3/15Bue1006Ch01A_S131_L001_R2_001.fastq.gz,move
data/durance3/171103_M03930_0072_000000000-BFWT5/Data/Intensities/BaseCalls/15Bue1014Ch01A_S132_L001_R1_001.fastq.gz,consolidated_dataset/durance3/15Bue1014Ch01A_S132_L001_R1_001.fastq.gz,move
data/durance3/171103_M03930_0072_000000000-BFWT5/Data/Intensities/BaseCalls/15Bue1014Ch01A_S132_L001_R2_001.fastq.gz,consolidated_dataset/durance3/15Bue1014Ch01A_S132_L001_R2_001.fastq.gz,move
data/durance3/171103_M03930_0072_000000000-BFWT5/Data/Intensities/BaseCalls/15Bau1004Ch01A_S133_L001_R1_001.fastq.gz,consolidated_dataset/durance3/15Bau1004Ch01A_S133_L001_R1_001.fastq.gz,move
data/durance3/171103_M03930_0072_000000000-BFWT5/Data/Intensities/BaseCalls/15Bau1004Ch01A_S133_L001_R2_001.fastq.gz,consolidated_dataset/durance3/15Bau1004Ch01A_S133_L001_R2_001.fastq.gz,move
data/durance3/171103_M03930_0072_000000000-BFWT5/Data/Intensities/BaseCalls/15Bau1012Ch01A_S134_L001_R1_001.fastq.gz,consolidated_dataset/durance3/15Bau1012Ch01A_S134_L001_R1_001.fastq.gz,move
data/durance3/171103_M03930_0072_000000000-BFWT5/Data/Intensities/BaseCalls/15Bau1012Ch01A_S134_L001_R2_001.fastq.gz,consolidated_dataset/durance3/15Bau1012Ch01A_S134_L001_R2_001.fastq.gz,move
data/durance3/171103_M03930_0072_000000000-BFWT5/Data/Intensities/BaseCalls/15Bau1020Ch01A_S135_L001_R1_001.fastq.gz,consolidated_dataset/durance3/15Bau1020Ch01A_S135_L001_R1_001.fastq.gz,move
data/durance3/171103_M03930_0072_000000000-BFWT5/Data/Intensities/BaseCalls/15Bau1020Ch01A_S135_L001_R2_001.fastq.gz,consolidated_dataset/durance3/15Bau1020Ch01A_S135_L001_R2_001.fastq.gz,move
data/durance3/171103_M03930_0072_000000000-BFWT5/Data/Intensities/BaseCalls/15Jus1003Ch01A_S136_L001_R1_001.fastq.gz,consolidated_dataset/durance3/15Jus1003Ch01A_S136_L001_R1_001.fastq.gz,move
data/durance3/171103_M03930_0072_000000000-BFWT5/Data/Intensities/BaseCalls/15Jus1003Ch01A_S136_L001_R2_001.fastq.gz,consolidated_dataset/durance3/15Jus1003Ch01A_S136_L001_R2_001.fastq.gz,move
data/durance3/171103_M03930_0072_000000000-BFWT5/Data/Intensities/BaseCalls/15Jus1011Ch01A_S137_L001_R1_001.fastq.gz,consolidated_dataset/durance3/15Jus1011Ch01A_S137_L001_R1_001.fastq.gz,move
data/durance3/171103_M03930_0072_000000000-BFWT5/Data/Intensities/BaseCalls/15Jus1011Ch01A_S137_L001_R2_001.fastq.gz,consolidated_dataset/durance3/15Jus1011Ch01A_S137_L001_R2_001.fastq.gz,move
data/durance3/171103_M03930_0072_000000000-BFWT5/Data/Intensities/BaseCalls/15Jus1019Ch01A_S138_L001_R1_001.fastq.gz,consolidated_dataset/durance3/15Jus1019Ch01A_S138_L001_R1_001.fastq.gz,move
data/durance3/171103_M03930_0072_000000000-BFWT5/Data/Intensities/BaseCalls/15Jus1019Ch01A_S138_L001_R2_001.fastq.gz,consolidated_dataset/durance3/15Jus1019Ch01A_S138_L001_R2_001.fastq.gz,move
data/durance3/171103_M03930_0072_000000000-BFWT5/Data/Intensities/BaseCalls/15Caa1008Ch01A_S139_L001_R1_001.fastq.gz,consolidated_dataset/durance3/15Caa1008Ch01A_S139_L001_R1_001.fastq.gz,move
data/durance3/171103_M03930_0072_000000000-BFWT5/Data/Intensities/BaseCalls/15Caa1008Ch01A_S139_L001_R2_001.fastq.gz,consolidated_dataset/durance3/15Caa1008Ch01A_S139_L001_R2_001.fastq.gz,move
data/durance3/171103_M03930_0072_000000000-BFWT5/Data/Intensities/BaseCalls/15Caa1016Ch01A_S140_L001_R1_001.fastq.gz,consolidated_dataset/durance3/15Caa1016Ch01A_S140_L001_R1_001.fastq.gz,move
data/durance3/171103_M03930_0072_000000000-BFWT5/Data/Intensities/BaseCalls/15Caa1016Ch01A_S140_L001_R2_001.fastq.gz,consolidated_dataset/durance3/15Caa1016Ch01A_S140_L001_R2_001.fastq.gz,move
data/durance3/171103_M03930_0072_000000000-BFWT5/Data/Intensities/BaseCalls/15Avi1004Cn01A_S141_L001_R1_001.fastq.gz,consolidated_dataset/durance3/15Avi1004Cn01A_S141_L001_R1_001.fastq.gz,move
data/durance3/171103_M03930_0072_000000000-BFWT5/Data/Intensities/BaseCalls/15Avi1004Cn01A_S141_L001_R2_001.fastq.gz,consolidated_dataset/durance3/15Avi1004Cn01A_S141_L001_R2_001.fastq.gz,move
data/durance3/171103_M03930_0072_000000000-BFWT5/Data/Intensities/BaseCalls/15Avi1012Pt01A_S142_L001_R1_001.fastq.gz,consolidated_dataset/durance3/15Avi1012Pt01A_S142_L001_R1_001.fastq.gz,move
data/durance3/171103_M03930_0072_000000000-BFWT5/Data/Intensities/BaseCalls/15Avi1012Pt01A_S142_L001_R2_001.fastq.gz,consolidated_dataset/durance3/15Avi1012Pt01A_S142_L001_R2_001.fastq.gz,move
data/durance3/171103_M03930_0072_000000000-BFWT5/Data/Intensities/BaseCalls/15Bue1007Ch01A_S143_L001_R1_001.fastq.gz,consolidated_dataset/durance3/15Bue1007Ch01A_S143_L001_R1_001.fastq.gz,move
data/durance3/171103_M03930_0072_000000000-BFWT5/Data/Intensities/BaseCalls/15Bue1007Ch01A_S143_L001_R2_001.fastq.gz,consolidated_dataset/durance3/15Bue1007Ch01A_S143_L001_R2_001.fastq.gz,move
data/durance3/171103_M03930_0072_000000000-BFWT5/Data/Intensities/BaseCalls/15Bue1015Ch01A_S144_L001_R1_001.fastq.gz,consolidated_dataset/durance3/15Bue1015Ch01A_S144_L001_R1_001.fastq.gz,move
data/durance3/171103_M03930_0072_000000000-BFWT5/Data/Intensities/BaseCalls/15Bue1015Ch01A_S144_L001_R2_001.fastq.gz,consolidated_dataset/durance3/15Bue1015Ch01A_S144_L001_R2_001.fastq.gz,move
data/durance3/171103_M03930_0072_000000000-BFWT5/Data/Intensities/BaseCalls/15Bau1005Ch01A_S145_L001_R1_001.fastq.gz,consolidated_dataset/durance3/15Bau1005Ch01A_S145_L001_R1_001.fastq.gz,move
data/durance3/171103_M03930_0072_000000000-BFWT5/Data/Intensities/BaseCalls/15Bau1005Ch01A_S145_L001_R2_001.fastq.gz,consolidated_dataset/durance3/15Bau1005Ch01A_S145_L001_R2_001.fastq.gz,move
data/durance3/171103_M03930_0072_000000000-BFWT5/Data/Intensities/BaseCalls/15Bau1013Ch01A_S146_L001_R1_001.fastq.gz,consolidated_dataset/durance3/15Bau1013Ch01A_S146_L001_R1_001.fastq.gz,move
data/durance3/171103_M03930_0072_000000000-BFWT5/Data/Intensities/BaseCalls/15Bau1013Ch01A_S146_L001_R2_001.fastq.gz,consolidated_dataset/durance3/15Bau1013Ch01A_S146_L001_R2_001.fastq.gz,move
data/durance3/171103_M03930_0072_000000000-BFWT5/Data/Intensities/BaseCalls/15Bau1021Ch01A_S147_L001_R1_001.fastq.gz,consolidated_dataset/durance3/15Bau1021Ch01A_S147_L001_R1_001.fastq.gz,move
data/durance3/171103_M03930_0072_000000000-BFWT5/Data/Intensities/BaseCalls/15Bau1021Ch01A_S147_L001_R2_001.fastq.gz,consolidated_dataset/durance3/15Bau1021Ch01A_S147_L001_R2_001.fastq.gz,move
data/durance3/171103_M03930_0072_000000000-BFWT5/Data/Intensities/BaseCalls/15Jus1004Ch01A_S148_L001_R1_001.fastq.gz,consolidated_dataset/durance3/15Jus1004Ch01A_S148_L001_R1_001.fastq.gz,move
data/durance3/171103_M03930_0072_000000000-BFWT5/Data/Intensities/BaseCalls/15Jus1004Ch01A_S148_L001_R2_001.fastq.gz,consolidated_dataset/durance3/15Jus1004Ch01A_S148_L001_R2_001.fastq.gz,move
data/durance3/171103_M03930_0072_000000000-BFWT5/Data/Intensities/BaseCalls/15Jus1012Ch01A_S149_L001_R1_001.fastq.gz,consolidated_dataset/durance3/15Jus1012Ch01A_S149_L001_R1_001.fastq.gz,move
data/durance3/171103_M03930_0072_000000000-BFWT5/Data/Intensities/BaseCalls/15Jus1012Ch01A_S149_L001_R2_001.fastq.gz,consolidated_dataset/durance3/15Jus1012Ch01A_S149_L001_R2_001.fastq.gz,move
data/durance3/171103_M03930_0072_000000000-BFWT5/Data/Intensities/BaseCalls/15Caa1001Ch01A_S150_L001_R1_001.fastq.gz,consolidated_dataset/durance3/15Caa1001Ch01A_S150_L001_R1_001.fastq.gz,move
data/durance3/171103_M03930_0072_000000000-BFWT5/Data/Intensities/BaseCalls/15Caa1001Ch01A_S150_L001_R2_001.fastq.gz,consolidated_dataset/durance3/15Caa1001Ch01A_S150_L001_R2_001.fastq.gz,move
data/durance3/171103_M03930_0072_000000000-BFWT5/Data/Intensities/BaseCalls/15Caa1009Ch01A_S151_L001_R1_001.fastq.gz,consolidated_dataset/durance3/15Caa1009Ch01A_S151_L001_R1_001.fastq.gz,move
data/durance3/171103_M03930_0072_000000000-BFWT5/Data/Intensities/BaseCalls/15Caa1009Ch01A_S151_L001_R2_001.fastq.gz,consolidated_dataset/durance3/15Caa1009Ch01A_S151_L001_R2_001.fastq.gz,move
data/durance3/171103_M03930_0072_000000000-BFWT5/Data/Intensities/BaseCalls/15Caa1017Ch01A_S152_L001_R1_001.fastq.gz,consolidated_dataset/durance3/15Caa1017Ch01A_S152_L001_R1_001.fastq.gz,move
data/durance3/171103_M03930_0072_000000000-BFWT5/Data/Intensities/BaseCalls/15Caa1017Ch01A_S152_L001_R2_001.fastq.gz,consolidated_dataset/durance3/15Caa1017Ch01A_S152_L001_R2_001.fastq.gz,move
data/durance3/171103_M03930_0072_000000000-BFWT5/Data/Intensities/BaseCalls/15Avi1005Cn01A_S153_L001_R1_001.fastq.gz,consolidated_dataset/durance3/15Avi1005Cn01A_S153_L001_R1_001.fastq.gz,move
data/durance3/171103_M03930_0072_000000000-BFWT5/Data/Intensities/BaseCalls/15Avi1005Cn01A_S153_L001_R2_001.fastq.gz,consolidated_dataset/durance3/15Avi1005Cn01A_S153_L001_R2_001.fastq.gz,move
data/durance3/171103_M03930_0072_000000000-BFWT5/Data/Intensities/BaseCalls/15Avi1013Pt01A_S154_L001_R1_001.fastq.gz,consolidated_dataset/durance3/15Avi1013Pt01A_S154_L001_R1_001.fastq.gz,move
data/durance3/171103_M03930_0072_000000000-BFWT5/Data/Intensities/BaseCalls/15Avi1013Pt01A_S154_L001_R2_001.fastq.gz,consolidated_dataset/durance3/15Avi1013Pt01A_S154_L001_R2_001.fastq.gz,move
data/durance3/171103_M03930_0072_000000000-BFWT5/Data/Intensities/BaseCalls/15Bue1008Ch01A_S155_L001_R1_001.fastq.gz,consolidated_dataset/durance3/15Bue1008Ch01A_S155_L001_R1_001.fastq.gz,move
data/durance3/171103_M03930_0072_000000000-BFWT5/Data/Intensities/BaseCalls/15Bue1008Ch01A_S155_L001_R2_001.fastq.gz,consolidated_dataset/durance3/15Bue1008Ch01A_S155_L001_R2_001.fastq.gz,move
data/durance3/171103_M03930_0072_000000000-BFWT5/Data/Intensities/BaseCalls/15Bue1016Ch01A_S156_L001_R1_001.fastq.gz,consolidated_dataset/durance3/15Bue1016Ch01A_S156_L001_R1_001.fastq.gz,move
data/durance3/171103_M03930_0072_000000000-BFWT5/Data/Intensities/BaseCalls/15Bue1016Ch01A_S156_L001_R2_001.fastq.gz,consolidated_dataset/durance3/15Bue1016Ch01A_S156_L001_R2_001.fastq.gz,move
data/durance3/171103_M03930_0072_000000000-BFWT5/Data/Intensities/BaseCalls/15Bau1006Ch01A_S157_L001_R1_001.fastq.gz,consolidated_dataset/durance3/15Bau1006Ch01A_S157_L001_R1_001.fastq.gz,move
data/durance3/171103_M03930_0072_000000000-BFWT5/Data/Intensities/BaseCalls/15Bau1006Ch01A_S157_L001_R2_001.fastq.gz,consolidated_dataset/durance3/15Bau1006Ch01A_S157_L001_R2_001.fastq.gz,move
data/durance3/171103_M03930_0072_000000000-BFWT5/Data/Intensities/BaseCalls/15Bau1014Ch01A_S158_L001_R1_001.fastq.gz,consolidated_dataset/durance3/15Bau1014Ch01A_S158_L001_R1_001.fastq.gz,move
data/durance3/171103_M03930_0072_000000000-BFWT5/Data/Intensities/BaseCalls/15Bau1014Ch01A_S158_L001_R2_001.fastq.gz,consolidated_dataset/durance3/15Bau1014Ch01A_S158_L001_R2_001.fastq.gz,move
data/durance3/171103_M03930_0072_000000000-BFWT5/Data/Intensities/BaseCalls/15Bau1022Ch01A_S159_L001_R1_001.fastq.gz,consolidated_dataset/durance3/15Bau1022Ch01A_S159_L001_R1_001.fastq.gz,move
data/durance3/171103_M03930_0072_000000000-BFWT5/Data/Intensities/BaseCalls/15Bau1022Ch01A_S159_L001_R2_001.fastq.gz,consolidated_dataset/durance3/15Bau1022Ch01A_S159_L001_R2_001.fastq.gz,move
data/durance3/171103_M03930_0072_000000000-BFWT5/Data/Intensities/BaseCalls/15Jus1005Ch01A_S160_L001_R1_001.fastq.gz,consolidated_dataset/durance3/15Jus1005Ch01A_S160_L001_R1_001.fastq.gz,move
data/durance3/171103_M03930_0072_000000000-BFWT5/Data/Intensities/BaseCalls/15Jus1005Ch01A_S160_L001_R2_001.fastq.gz,consolidated_dataset/durance3/15Jus1005Ch01A_S160_L001_R2_001.fastq.gz,move
data/durance3/171103_M03930_0072_000000000-BFWT5/Data/Intensities/BaseCalls/15Jus1013Ch01A_S161_L001_R1_001.fastq.gz,consolidated_dataset/durance3/15Jus1013Ch01A_S161_L001_R1_001.fastq.gz,move
data/durance3/171103_M03930_0072_000000000-BFWT5/Data/Intensities/BaseCalls/15Jus1013Ch01A_S161_L001_R2_001.fastq.gz,consolidated_dataset/durance3/15Jus1013Ch01A_S161_L001_R2_001.fastq.gz,move
data/durance3/171103_M03930_0072_000000000-BFWT5/Data/Intensities/BaseCalls/15Caa1002Ch01A_S162_L001_R1_001.fastq.gz,consolidated_dataset/durance3/15Caa1002Ch01A_S162_L001_R1_001.fastq.gz,move
data/durance3/171103_M03930_0072_000000000-BFWT5/Data/Intensities/BaseCalls/15Caa1002Ch01A_S162_L001_R2_001.fastq.gz,consolidated_dataset/durance3/15Caa1002Ch01A_S162_L001_R2_001.fastq.gz,move
data/durance3/171103_M03930_0072_000000000-BFWT5/Data/Intensities/BaseCalls/15Caa1010Ch01A_S163_L001_R1_001.fastq.gz,consolidated_dataset/durance3/15Caa1010Ch01A_S163_L001_R1_001.fastq.gz,move
data/durance3/171103_M03930_0072_000000000-BFWT5/Data/Intensities/BaseCalls/15Caa1010Ch01A_S163_L001_R2_001.fastq.gz,consolidated_dataset/durance3/15Caa1010Ch01A_S163_L001_R2_001.fastq.gz,move
data/durance3/171103_M03930_0072_000000000-BFWT5/Data/Intensities/BaseCalls/15Caa1018Ch01A_S164_L001_R1_001.fastq.gz,consolidated_dataset/durance3/15Caa1018Ch01A_S164_L001_R1_001.fastq.gz,move
data/durance3/171103_M03930_0072_000000000-BFWT5/Data/Intensities/BaseCalls/15Caa1018Ch01A_S164_L001_R2_001.fastq.gz,consolidated_dataset/durance3/15Caa1018Ch01A_S164_L001_R2_001.fastq.gz,move
data/durance3/171103_M03930_0072_000000000-BFWT5/Data/Intensities/BaseCalls/15Avi1006Cn01A_S165_L001_R1_001.fastq.gz,consolidated_dataset/durance3/15Avi1006Cn01A_S165_L001_R1_001.fastq.gz,move
data/durance3/171103_M03930_0072_000000000-BFWT5/Data/Intensities/BaseCalls/15Avi1006Cn01A_S165_L001_R2_001.fastq.gz,consolidated_dataset/durance3/15Avi1006Cn01A_S165_L001_R2_001.fastq.gz,move
data/durance3/171103_M03930_0072_000000000-BFWT5/Data/Intensities/BaseCalls/15Bue1001Ch01A_S166_L001_R1_001.fastq.gz,consolidated_dataset/durance3/15Bue1001Ch01A_S166_L001_R1_001.fastq.gz,move
data/durance3/171103_M03930_0072_000000000-BFWT5/Data/Intensities/BaseCalls/15Bue1001Ch01A_S166_L001_R2_001.fastq.gz,consolidated_dataset/durance3/15Bue1001Ch01A_S166_L001_R2_001.fastq.gz,move
data/durance3/171103_M03930_0072_000000000-BFWT5/Data/Intensities/BaseCalls/15Bue1009Ch01A_S167_L001_R1_001.fastq.gz,consolidated_dataset/durance3/15Bue1009Ch01A_S167_L001_R1_001.fastq.gz,move
data/durance3/171103_M03930_0072_000000000-BFWT5/Data/Intensities/BaseCalls/15Bue1009Ch01A_S167_L001_R2_001.fastq.gz,consolidated_dataset/durance3/15Bue1009Ch01A_S167_L001_R2_001.fastq.gz,move
data/durance3/171103_M03930_0072_000000000-BFWT5/Data/Intensities/BaseCalls/15Bue1017Ch01A_S168_L001_R1_001.fastq.gz,consolidated_dataset/durance3/15Bue1017Ch01A_S168_L001_R1_001.fastq.gz,move
data/durance3/171103_M03930_0072_000000000-BFWT5/Data/Intensities/BaseCalls/15Bue1017Ch01A_S168_L001_R2_001.fastq.gz,consolidated_dataset/durance3/15Bue1017Ch01A_S168_L001_R2_001.fastq.gz,move
data/durance3/171103_M03930_0072_000000000-BFWT5/Data/Intensities/BaseCalls/15Bau1007Ch01A_S169_L001_R1_001.fastq.gz,consolidated_dataset/durance3/15Bau1007Ch01A_S169_L001_R1_001.fastq.gz,move
data/durance3/171103_M03930_0072_000000000-BFWT5/Data/Intensities/BaseCalls/15Bau1007Ch01A_S169_L001_R2_001.fastq.gz,consolidated_dataset/durance3/15Bau1007Ch01A_S169_L001_R2_001.fastq.gz,move
data/durance3/171103_M03930_0072_000000000-BFWT5/Data/Intensities/BaseCalls/15Bau1015Ch01A_S170_L001_R1_001.fastq.gz,consolidated_dataset/durance3/15Bau1015Ch01A_S170_L001_R1_001.fastq.gz,move
data/durance3/171103_M03930_0072_000000000-BFWT5/Data/Intensities/BaseCalls/15Bau1015Ch01A_S170_L001_R2_001.fastq.gz,consolidated_dataset/durance3/15Bau1015Ch01A_S170_L001_R2_001.fastq.gz,move
data/durance3/171103_M03930_0072_000000000-BFWT5/Data/Intensities/BaseCalls/15Bau1023Ch01A_S171_L001_R1_001.fastq.gz,consolidated_dataset/durance3/15Bau1023Ch01A_S171_L001_R1_001.fastq.gz,move
data/durance3/171103_M03930_0072_000000000-BFWT5/Data/Intensities/BaseCalls/15Bau1023Ch01A_S171_L001_R2_001.fastq.gz,consolidated_dataset/durance3/15Bau1023Ch01A_S171_L001_R2_001.fastq.gz,move
data/durance3/171103_M03930_0072_000000000-BFWT5/Data/Intensities/BaseCalls/15Jus1006Ch01A_S172_L001_R1_001.fastq.gz,consolidated_dataset/durance3/15Jus1006Ch01A_S172_L001_R1_001.fastq.gz,move
data/durance3/171103_M03930_0072_000000000-BFWT5/Data/Intensities/BaseCalls/15Jus1006Ch01A_S172_L001_R2_001.fastq.gz,consolidated_dataset/durance3/15Jus1006Ch01A_S172_L001_R2_001.fastq.gz,move
data/durance3/171103_M03930_0072_000000000-BFWT5/Data/Intensities/BaseCalls/15Jus1014Ch01A_S173_L001_R1_001.fastq.gz,consolidated_dataset/durance3/15Jus1014Ch01A_S173_L001_R1_001.fastq.gz,move
data/durance3/171103_M03930_0072_000000000-BFWT5/Data/Intensities/BaseCalls/15Jus1014Ch01A_S173_L001_R2_001.fastq.gz,consolidated_dataset/durance3/15Jus1014Ch01A_S173_L001_R2_001.fastq.gz,move
data/durance3/171103_M03930_0072_000000000-BFWT5/Data/Intensities/BaseCalls/15Caa1003Ch01A_S174_L001_R1_001.fastq.gz,consolidated_dataset/durance3/15Caa1003Ch01A_S174_L001_R1_001.fastq.gz,move
data/durance3/171103_M03930_0072_000000000-BFWT5/Data/Intensities/BaseCalls/15Caa1003Ch01A_S174_L001_R2_001.fastq.gz,consolidated_dataset/durance3/15Caa1003Ch01A_S174_L001_R2_001.fastq.gz,move
data/durance3/171103_M03930_0072_000000000-BFWT5/Data/Intensities/BaseCalls/15Caa1011Ch01A_S175_L001_R1_001.fastq.gz,consolidated_dataset/durance3/15Caa1011Ch01A_S175_L001_R1_001.fastq.gz,move
data/durance3/171103_M03930_0072_000000000-BFWT5/Data/Intensities/BaseCalls/15Caa1011Ch01A_S175_L001_R2_001.fastq.gz,consolidated_dataset/durance3/15Caa1011Ch01A_S175_L001_R2_001.fastq.gz,move
data/durance3/171103_M03930_0072_000000000-BFWT5/Data/Intensities/BaseCalls/15Caa1019Ch01A_S176_L001_R1_001.fastq.gz,consolidated_dataset/durance3/15Caa1019Ch01A_S176_L001_R1_001.fastq.gz,move
data/durance3/171103_M03930_0072_000000000-BFWT5/Data/Intensities/BaseCalls/15Caa1019Ch01A_S176_L001_R2_001.fastq.gz,consolidated_dataset/durance3/15Caa1019Ch01A_S176_L001_R2_001.fastq.gz,move
data/durance3/171103_M03930_0072_000000000-BFWT5/Data/Intensities/BaseCalls/15Avi1007Cn01A_S177_L001_R1_001.fastq.gz,consolidated_dataset/durance3/15Avi1007Cn01A_S177_L001_R1_001.fastq.gz,move
data/durance3/171103_M03930_0072_000000000-BFWT5/Data/Intensities/BaseCalls/15Avi1007Cn01A_S177_L001_R2_001.fastq.gz,consolidated_dataset/durance3/15Avi1007Cn01A_S177_L001_R2_001.fastq.gz,move
data/durance3/171103_M03930_0072_000000000-BFWT5/Data/Intensities/BaseCalls/15Bue1002Ch01A_S178_L001_R1_001.fastq.gz,consolidated_dataset/durance3/15Bue1002Ch01A_S178_L001_R1_001.fastq.gz,move
data/durance3/171103_M03930_0072_000000000-BFWT5/Data/Intensities/BaseCalls/15Bue1002Ch01A_S178_L001_R2_001.fastq.gz,consolidated_dataset/durance3/15Bue1002Ch01A_S178_L001_R2_001.fastq.gz,move
data/durance3/171103_M03930_0072_000000000-BFWT5/Data/Intensities/BaseCalls/15Bue1010Ch01A_S179_L001_R1_001.fastq.gz,consolidated_dataset/durance3/15Bue1010Ch01A_S179_L001_R1_001.fastq.gz,move
data/durance3/171103_M03930_0072_000000000-BFWT5/Data/Intensities/BaseCalls/15Bue1010Ch01A_S179_L001_R2_001.fastq.gz,consolidated_dataset/durance3/15Bue1010Ch01A_S179_L001_R2_001.fastq.gz,move
data/durance3/171103_M03930_0072_000000000-BFWT5/Data/Intensities/BaseCalls/15Bue1018Ch01A_S180_L001_R1_001.fastq.gz,consolidated_dataset/durance3/15Bue1018Ch01A_S180_L001_R1_001.fastq.gz,move
data/durance3/171103_M03930_0072_000000000-BFWT5/Data/Intensities/BaseCalls/15Bue1018Ch01A_S180_L001_R2_001.fastq.gz,consolidated_dataset/durance3/15Bue1018Ch01A_S180_L001_R2_001.fastq.gz,move
data/durance3/171103_M03930_0072_000000000-BFWT5/Data/Intensities/BaseCalls/15Bau1008Ch01A_S181_L001_R1_001.fastq.gz,consolidated_dataset/durance3/15Bau1008Ch01A_S181_L001_R1_001.fastq.gz,move
data/durance3/171103_M03930_0072_000000000-BFWT5/Data/Intensities/BaseCalls/15Bau1008Ch01A_S181_L001_R2_001.fastq.gz,consolidated_dataset/durance3/15Bau1008Ch01A_S181_L001_R2_001.fastq.gz,move
data/durance3/171103_M03930_0072_000000000-BFWT5/Data/Intensities/BaseCalls/15Bau1016Ch01A_S182_L001_R1_001.fastq.gz,consolidated_dataset/durance3/15Bau1016Ch01A_S182_L001_R1_001.fastq.gz,move
data/durance3/171103_M03930_0072_000000000-BFWT5/Data/Intensities/BaseCalls/15Bau1016Ch01A_S182_L001_R2_001.fastq.gz,consolidated_dataset/durance3/15Bau1016Ch01A_S182_L001_R2_001.fastq.gz,move
data/durance3/171103_M03930_0072_000000000-BFWT5/Data/Intensities/BaseCalls/15Bau1024Ch01A_S183_L001_R1_001.fastq.gz,consolidated_dataset/durance3/15Bau1024Ch01A_S183_L001_R1_001.fastq.gz,move
data/durance3/171103_M03930_0072_000000000-BFWT5/Data/Intensities/BaseCalls/15Bau1024Ch01A_S183_L001_R2_001.fastq.gz,consolidated_dataset/durance3/15Bau1024Ch01A_S183_L001_R2_001.fastq.gz,move
data/durance3/171103_M03930_0072_000000000-BFWT5/Data/Intensities/BaseCalls/15Jus1007Ch01A_S184_L001_R1_001.fastq.gz,consolidated_dataset/durance3/15Jus1007Ch01A_S184_L001_R1_001.fastq.gz,move
data/durance3/171103_M03930_0072_000000000-BFWT5/Data/Intensities/BaseCalls/15Jus1007Ch01A_S184_L001_R2_001.fastq.gz,consolidated_dataset/durance3/15Jus1007Ch01A_S184_L001_R2_001.fastq.gz,move
data/durance3/171103_M03930_0072_000000000-BFWT5/Data/Intensities/BaseCalls/15Jus1015Ch01A_S185_L001_R1_001.fastq.gz,consolidated_dataset/durance3/15Jus1015Ch01A_S185_L001_R1_001.fastq.gz,move
data/durance3/171103_M03930_0072_000000000-BFWT5/Data/Intensities/BaseCalls/15Jus1015Ch01A_S185_L001_R2_001.fastq.gz,consolidated_dataset/durance3/15Jus1015Ch01A_S185_L001_R2_001.fastq.gz,move
data/durance3/171103_M03930_0072_000000000-BFWT5/Data/Intensities/BaseCalls/15Caa1004Ch01A_S186_L001_R1_001.fastq.gz,consolidated_dataset/durance3/15Caa1004Ch01A_S186_L001_R1_001.fastq.gz,move
data/durance3/171103_M03930_0072_000000000-BFWT5/Data/Intensities/BaseCalls/15Caa1004Ch01A_S186_L001_R2_001.fastq.gz,consolidated_dataset/durance3/15Caa1004Ch01A_S186_L001_R2_001.fastq.gz,move
data/durance3/171103_M03930_0072_000000000-BFWT5/Data/Intensities/BaseCalls/15Caa1012Ch01A_S187_L001_R1_001.fastq.gz,consolidated_dataset/durance3/15Caa1012Ch01A_S187_L001_R1_001.fastq.gz,move
data/durance3/171103_M03930_0072_000000000-BFWT5/Data/Intensities/BaseCalls/15Caa1012Ch01A_S187_L001_R2_001.fastq.gz,consolidated_dataset/durance3/15Caa1012Ch01A_S187_L001_R2_001.fastq.gz,move
data/durance3/171103_M03930_0072_000000000-BFWT5/Data/Intensities/BaseCalls/15Caa1020Ch01A_S188_L001_R1_001.fastq.gz,consolidated_dataset/durance3/15Caa1020Ch01A_S188_L001_R1_001.fastq.gz,move
data/durance3/171103_M03930_0072_000000000-BFWT5/Data/Intensities/BaseCalls/15Caa1020Ch01A_S188_L001_R2_001.fastq.gz,consolidated_dataset/durance3/15Caa1020Ch01A_S188_L001_R2_001.fastq.gz,move
data/durance3/171103_M03930_0072_000000000-BFWT5/Data/Intensities/BaseCalls/15Avi1008Cn01A_S189_L001_R1_001.fastq.gz,consolidated_dataset/durance3/15Avi1008Cn01A_S189_L001_R1_001.fastq.gz,move
data/durance3/171103_M03930_0072_000000000-BFWT5/Data/Intensities/BaseCalls/15Avi1008Cn01A_S189_L001_R2_001.fastq.gz,consolidated_dataset/durance3/15Avi1008Cn01A_S189_L001_R2_001.fastq.gz,move
data/durance3/171103_M03930_0072_000000000-BFWT5/Data/Intensities/BaseCalls/15Bue1003Ch01A_S190_L001_R1_001.fastq.gz,consolidated_dataset/durance3/15Bue1003Ch01A_S190_L001_R1_001.fastq.gz,move
data/durance3/171103_M03930_0072_000000000-BFWT5/Data/Intensities/BaseCalls/15Bue1003Ch01A_S190_L001_R2_001.fastq.gz,consolidated_dataset/durance3/15Bue1003Ch01A_S190_L001_R2_001.fastq.gz,move
data/durance3/171103_M03930_0072_000000000-BFWT5/Data/Intensities/BaseCalls/15Bue1011Ch01A_S191_L001_R1_001.fastq.gz,consolidated_dataset/durance3/15Bue1011Ch01A_S191_L001_R1_001.fastq.gz,move
data/durance3/171103_M03930_0072_000000000-BFWT5/Data/Intensities/BaseCalls/15Bue1011Ch01A_S191_L001_R2_001.fastq.gz,consolidated_dataset/durance3/15Bue1011Ch01A_S191_L001_R2_001.fastq.gz,move
data/durance3/171103_M03930_0072_000000000-BFWT5/Data/Intensities/BaseCalls/T-2_S192_L001_R1_001.fastq.gz,consolidated_dataset/durance3/T-2_S192_L001_R1_001.fastq.gz,move
data/durance3/171103_M03930_0072_000000000-BFWT5/Data/Intensities/BaseCalls/T-2_S192_L001_R2_001.fastq.gz,consolidated_dataset/durance3/T-2_S192_L001_R2_001.fastq.gz,move
data/durance3/171103_M03930_0072_000000000-BFWT5/Data/Intensities/BaseCalls/14Ain1001Cn05A_S193_L001_R1_001.fastq.gz,consolidated_dataset/durance3/14Ain1001Cn05A_S193_L001_R1_001.fastq.gz,move
data/durance3/171103_M03930_0072_000000000-BFWT5/Data/Intensities/BaseCalls/14Ain1001Cn05A_S193_L001_R2_001.fastq.gz,consolidated_dataset/durance3/14Ain1001Cn05A_S193_L001_R2_001.fastq.gz,move
data/durance3/171103_M03930_0072_000000000-BFWT5/Data/Intensities/BaseCalls/14Ain1038Pt05A_S194_L001_R1_001.fastq.gz,consolidated_dataset/durance3/14Ain1038Pt05A_S194_L001_R1_001.fastq.gz,move
data/durance3/171103_M03930_0072_000000000-BFWT5/Data/Intensities/BaseCalls/14Ain1038Pt05A_S194_L001_R2_001.fastq.gz,consolidated_dataset/durance3/14Ain1038Pt05A_S194_L001_R2_001.fastq.gz,move
data/durance3/171103_M03930_0072_000000000-BFWT5/Data/Intensities/BaseCalls/15Cab1003Ch05A_S195_L001_R1_001.fastq.gz,consolidated_dataset/durance3/15Cab1003Ch05A_S195_L001_R1_001.fastq.gz,move
data/durance3/171103_M03930_0072_000000000-BFWT5/Data/Intensities/BaseCalls/15Cab1003Ch05A_S195_L001_R2_001.fastq.gz,consolidated_dataset/durance3/15Cab1003Ch05A_S195_L001_R2_001.fastq.gz,move
data/durance3/171103_M03930_0072_000000000-BFWT5/Data/Intensities/BaseCalls/15Cab1011Ch05A_S196_L001_R1_001.fastq.gz,consolidated_dataset/durance3/15Cab1011Ch05A_S196_L001_R1_001.fastq.gz,move
data/durance3/171103_M03930_0072_000000000-BFWT5/Data/Intensities/BaseCalls/15Cab1011Ch05A_S196_L001_R2_001.fastq.gz,consolidated_dataset/durance3/15Cab1011Ch05A_S196_L001_R2_001.fastq.gz,move
data/durance3/171103_M03930_0072_000000000-BFWT5/Data/Intensities/BaseCalls/15Cab1019Ch05A_S197_L001_R1_001.fastq.gz,consolidated_dataset/durance3/15Cab1019Ch05A_S197_L001_R1_001.fastq.gz,move
data/durance3/171103_M03930_0072_000000000-BFWT5/Data/Intensities/BaseCalls/15Cab1019Ch05A_S197_L001_R2_001.fastq.gz,consolidated_dataset/durance3/15Cab1019Ch05A_S197_L001_R2_001.fastq.gz,move
data/durance3/171103_M03930_0072_000000000-BFWT5/Data/Intensities/BaseCalls/14Avi1008Cn05A_S198_L001_R1_001.fastq.gz,consolidated_dataset/durance3/14Avi1008Cn05A_S198_L001_R1_001.fastq.gz,move
data/durance3/171103_M03930_0072_000000000-BFWT5/Data/Intensities/BaseCalls/14Avi1008Cn05A_S198_L001_R2_001.fastq.gz,consolidated_dataset/durance3/14Avi1008Cn05A_S198_L001_R2_001.fastq.gz,move
data/durance3/171103_M03930_0072_000000000-BFWT5/Data/Intensities/BaseCalls/14Bue1005Cn05A_S199_L001_R1_001.fastq.gz,consolidated_dataset/durance3/14Bue1005Cn05A_S199_L001_R1_001.fastq.gz,move
data/durance3/171103_M03930_0072_000000000-BFWT5/Data/Intensities/BaseCalls/14Bue1005Cn05A_S199_L001_R2_001.fastq.gz,consolidated_dataset/durance3/14Bue1005Cn05A_S199_L001_R2_001.fastq.gz,move
data/durance3/171103_M03930_0072_000000000-BFWT5/Data/Intensities/BaseCalls/14Bue1014Ch05A_S200_L001_R1_001.fastq.gz,consolidated_dataset/durance3/14Bue1014Ch05A_S200_L001_R1_001.fastq.gz,move
data/durance3/171103_M03930_0072_000000000-BFWT5/Data/Intensities/BaseCalls/14Bue1014Ch05A_S200_L001_R2_001.fastq.gz,consolidated_dataset/durance3/14Bue1014Ch05A_S200_L001_R2_001.fastq.gz,move
data/durance3/171103_M03930_0072_000000000-BFWT5/Data/Intensities/BaseCalls/14Man1011Ch05A_S201_L001_R1_001.fastq.gz,consolidated_dataset/durance3/14Man1011Ch05A_S201_L001_R1_001.fastq.gz,move
data/durance3/171103_M03930_0072_000000000-BFWT5/Data/Intensities/BaseCalls/14Man1011Ch05A_S201_L001_R2_001.fastq.gz,consolidated_dataset/durance3/14Man1011Ch05A_S201_L001_R2_001.fastq.gz,move
data/durance3/171103_M03930_0072_000000000-BFWT5/Data/Intensities/BaseCalls/14Man1019Ch05A_S202_L001_R1_001.fastq.gz,consolidated_dataset/durance3/14Man1019Ch05A_S202_L001_R1_001.fastq.gz,move
data/durance3/171103_M03930_0072_000000000-BFWT5/Data/Intensities/BaseCalls/14Man1019Ch05A_S202_L001_R2_001.fastq.gz,consolidated_dataset/durance3/14Man1019Ch05A_S202_L001_R2_001.fastq.gz,move
data/durance3/171103_M03930_0072_000000000-BFWT5/Data/Intensities/BaseCalls/14Per2011Ch05A_S203_L001_R1_001.fastq.gz,consolidated_dataset/durance3/14Per2011Ch05A_S203_L001_R1_001.fastq.gz,move
data/durance3/171103_M03930_0072_000000000-BFWT5/Data/Intensities/BaseCalls/14Per2011Ch05A_S203_L001_R2_001.fastq.gz,consolidated_dataset/durance3/14Per2011Ch05A_S203_L001_R2_001.fastq.gz,move
data/durance3/171103_M03930_0072_000000000-BFWT5/Data/Intensities/BaseCalls/14Per2011Ch05A-bis_S204_L001_R1_001.fastq.gz,consolidated_dataset/durance3/14Per2011Ch05A-bis_S204_L001_R1_001.fastq.gz,move
data/durance3/171103_M03930_0072_000000000-BFWT5/Data/Intensities/BaseCalls/14Per2011Ch05A-bis_S204_L001_R2_001.fastq.gz,consolidated_dataset/durance3/14Per2011Ch05A-bis_S204_L001_R2_001.fastq.gz,move
data/durance3/171103_M03930_0072_000000000-BFWT5/Data/Intensities/BaseCalls/14Ain1002Cn05A_S205_L001_R1_001.fastq.gz,consolidated_dataset/durance3/14Ain1002Cn05A_S205_L001_R1_001.fastq.gz,move
data/durance3/171103_M03930_0072_000000000-BFWT5/Data/Intensities/BaseCalls/14Ain1002Cn05A_S205_L001_R2_001.fastq.gz,consolidated_dataset/durance3/14Ain1002Cn05A_S205_L001_R2_001.fastq.gz,move
data/durance3/171103_M03930_0072_000000000-BFWT5/Data/Intensities/BaseCalls/14Ain1039Pt05A_S206_L001_R1_001.fastq.gz,consolidated_dataset/durance3/14Ain1039Pt05A_S206_L001_R1_001.fastq.gz,move
data/durance3/171103_M03930_0072_000000000-BFWT5/Data/Intensities/BaseCalls/14Ain1039Pt05A_S206_L001_R2_001.fastq.gz,consolidated_dataset/durance3/14Ain1039Pt05A_S206_L001_R2_001.fastq.gz,move
data/durance3/171103_M03930_0072_000000000-BFWT5/Data/Intensities/BaseCalls/15Cab1004Ch05A_S207_L001_R1_001.fastq.gz,consolidated_dataset/durance3/15Cab1004Ch05A_S207_L001_R1_001.fastq.gz,move
data/durance3/171103_M03930_0072_000000000-BFWT5/Data/Intensities/BaseCalls/15Cab1004Ch05A_S207_L001_R2_001.fastq.gz,consolidated_dataset/durance3/15Cab1004Ch05A_S207_L001_R2_001.fastq.gz,move
data/durance3/171103_M03930_0072_000000000-BFWT5/Data/Intensities/BaseCalls/15Cab1012Ch05A_S208_L001_R1_001.fastq.gz,consolidated_dataset/durance3/15Cab1012Ch05A_S208_L001_R1_001.fastq.gz,move
data/durance3/171103_M03930_0072_000000000-BFWT5/Data/Intensities/BaseCalls/15Cab1012Ch05A_S208_L001_R2_001.fastq.gz,consolidated_dataset/durance3/15Cab1012Ch05A_S208_L001_R2_001.fastq.gz,move
data/durance3/171103_M03930_0072_000000000-BFWT5/Data/Intensities/BaseCalls/14Avi1001Cn05A_S209_L001_R1_001.fastq.gz,consolidated_dataset/durance3/14Avi1001Cn05A_S209_L001_R1_001.fastq.gz,move
data/durance3/171103_M03930_0072_000000000-BFWT5/Data/Intensities/BaseCalls/14Avi1001Cn05A_S209_L001_R2_001.fastq.gz,consolidated_dataset/durance3/14Avi1001Cn05A_S209_L001_R2_001.fastq.gz,move
data/durance3/171103_M03930_0072_000000000-BFWT5/Data/Intensities/BaseCalls/14Avi1036Cn05A_S210_L001_R1_001.fastq.gz,consolidated_dataset/durance3/14Avi1036Cn05A_S210_L001_R1_001.fastq.gz,move
data/durance3/171103_M03930_0072_000000000-BFWT5/Data/Intensities/BaseCalls/14Avi1036Cn05A_S210_L001_R2_001.fastq.gz,consolidated_dataset/durance3/14Avi1036Cn05A_S210_L001_R2_001.fastq.gz,move
data/durance3/171103_M03930_0072_000000000-BFWT5/Data/Intensities/BaseCalls/14Bue1006Cn05A_S211_L001_R1_001.fastq.gz,consolidated_dataset/durance3/14Bue1006Cn05A_S211_L001_R1_001.fastq.gz,move
data/durance3/171103_M03930_0072_000000000-BFWT5/Data/Intensities/BaseCalls/14Bue1006Cn05A_S211_L001_R2_001.fastq.gz,consolidated_dataset/durance3/14Bue1006Cn05A_S211_L001_R2_001.fastq.gz,move
data/durance3/171103_M03930_0072_000000000-BFWT5/Data/Intensities/BaseCalls/14Bue1015Ch05A_S212_L001_R1_001.fastq.gz,consolidated_dataset/durance3/14Bue1015Ch05A_S212_L001_R1_001.fastq.gz,move
data/durance3/171103_M03930_0072_000000000-BFWT5/Data/Intensities/BaseCalls/14Bue1015Ch05A_S212_L001_R2_001.fastq.gz,consolidated_dataset/durance3/14Bue1015Ch05A_S212_L001_R2_001.fastq.gz,move
data/durance3/171103_M03930_0072_000000000-BFWT5/Data/Intensities/BaseCalls/14Man1012Ch05A_S213_L001_R1_001.fastq.gz,consolidated_dataset/durance3/14Man1012Ch05A_S213_L001_R1_001.fastq.gz,move
data/durance3/171103_M03930_0072_000000000-BFWT5/Data/Intensities/BaseCalls/14Man1012Ch05A_S213_L001_R2_001.fastq.gz,consolidated_dataset/durance3/14Man1012Ch05A_S213_L001_R2_001.fastq.gz,move
data/durance3/171103_M03930_0072_000000000-BFWT5/Data/Intensities/BaseCalls/14Man1020Ch05A_S214_L001_R1_001.fastq.gz,consolidated_dataset/durance3/14Man1020Ch05A_S214_L001_R1_001.fastq.gz,move
data/durance3/171103_M03930_0072_000000000-BFWT5/Data/Intensities/BaseCalls/14Man1020Ch05A_S214_L001_R2_001.fastq.gz,consolidated_dataset/durance3/14Man1020Ch05A_S214_L001_R2_001.fastq.gz,move
data/durance3/171103_M03930_0072_000000000-BFWT5/Data/Intensities/BaseCalls/14Per2012Ch05A_S215_L001_R1_001.fastq.gz,consolidated_dataset/durance3/14Per2012Ch05A_S215_L001_R1_001.fastq.gz,move
data/durance3/171103_M03930_0072_000000000-BFWT5/Data/Intensities/BaseCalls/14Per2012Ch05A_S215_L001_R2_001.fastq.gz,consolidated_dataset/durance3/14Per2012Ch05A_S215_L001_R2_001.fastq.gz,move
data/durance3/171103_M03930_0072_000000000-BFWT5/Data/Intensities/BaseCalls/14Per2012Ch05A-bis_S216_L001_R1_001.fastq.gz,consolidated_dataset/durance3/14Per2012Ch05A-bis_S216_L001_R1_001.fastq.gz,move
data/durance3/171103_M03930_0072_000000000-BFWT5/Data/Intensities/BaseCalls/14Per2012Ch05A-bis_S216_L001_R2_001.fastq.gz,consolidated_dataset/durance3/14Per2012Ch05A-bis_S216_L001_R2_001.fastq.gz,move
data/durance3/171103_M03930_0072_000000000-BFWT5/Data/Intensities/BaseCalls/14Ain1011Pt05A_S217_L001_R1_001.fastq.gz,consolidated_dataset/durance3/14Ain1011Pt05A_S217_L001_R1_001.fastq.gz,move
data/durance3/171103_M03930_0072_000000000-BFWT5/Data/Intensities/BaseCalls/14Ain1011Pt05A_S217_L001_R2_001.fastq.gz,consolidated_dataset/durance3/14Ain1011Pt05A_S217_L001_R2_001.fastq.gz,move
data/durance3/171103_M03930_0072_000000000-BFWT5/Data/Intensities/BaseCalls/14Ain1040Pt05A_S218_L001_R1_001.fastq.gz,consolidated_dataset/durance3/14Ain1040Pt05A_S218_L001_R1_001.fastq.gz,move
data/durance3/171103_M03930_0072_000000000-BFWT5/Data/Intensities/BaseCalls/14Ain1040Pt05A_S218_L001_R2_001.fastq.gz,consolidated_dataset/durance3/14Ain1040Pt05A_S218_L001_R2_001.fastq.gz,move
data/durance3/171103_M03930_0072_000000000-BFWT5/Data/Intensities/BaseCalls/15Cab1005Ch05A_S219_L001_R1_001.fastq.gz,consolidated_dataset/durance3/15Cab1005Ch05A_S219_L001_R1_001.fastq.gz,move
data/durance3/171103_M03930_0072_000000000-BFWT5/Data/Intensities/BaseCalls/15Cab1005Ch05A_S219_L001_R2_001.fastq.gz,consolidated_dataset/durance3/15Cab1005Ch05A_S219_L001_R2_001.fastq.gz,move
data/durance3/171103_M03930_0072_000000000-BFWT5/Data/Intensities/BaseCalls/15Cab1013Ch05A_S220_L001_R1_001.fastq.gz,consolidated_dataset/durance3/15Cab1013Ch05A_S220_L001_R1_001.fastq.gz,move
data/durance3/171103_M03930_0072_000000000-BFWT5/Data/Intensities/BaseCalls/15Cab1013Ch05A_S220_L001_R2_001.fastq.gz,consolidated_dataset/durance3/15Cab1013Ch05A_S220_L001_R2_001.fastq.gz,move
data/durance3/171103_M03930_0072_000000000-BFWT5/Data/Intensities/BaseCalls/14Avi1002Cn05A_S221_L001_R1_001.fastq.gz,consolidated_dataset/durance3/14Avi1002Cn05A_S221_L001_R1_001.fastq.gz,move
data/durance3/171103_M03930_0072_000000000-BFWT5/Data/Intensities/BaseCalls/14Avi1002Cn05A_S221_L001_R2_001.fastq.gz,consolidated_dataset/durance3/14Avi1002Cn05A_S221_L001_R2_001.fastq.gz,move
data/durance3/171103_M03930_0072_000000000-BFWT5/Data/Intensities/BaseCalls/14Avi1037Cn05A_S222_L001_R1_001.fastq.gz,consolidated_dataset/durance3/14Avi1037Cn05A_S222_L001_R1_001.fastq.gz,move
data/durance3/171103_M03930_0072_000000000-BFWT5/Data/Intensities/BaseCalls/14Avi1037Cn05A_S222_L001_R2_001.fastq.gz,consolidated_dataset/durance3/14Avi1037Cn05A_S222_L001_R2_001.fastq.gz,move
data/durance3/171103_M03930_0072_000000000-BFWT5/Data/Intensities/BaseCalls/14Bue1006Cn05Abis_S223_L001_R1_001.fastq.gz,consolidated_dataset/durance3/14Bue1006Cn05Abis_S223_L001_R1_001.fastq.gz,move
data/durance3/171103_M03930_0072_000000000-BFWT5/Data/Intensities/BaseCalls/14Bue1006Cn05Abis_S223_L001_R2_001.fastq.gz,consolidated_dataset/durance3/14Bue1006Cn05Abis_S223_L001_R2_001.fastq.gz,move
data/durance3/171103_M03930_0072_000000000-BFWT5/Data/Intensities/BaseCalls/14Bue1017Ch05A_S224_L001_R1_001.fastq.gz,consolidated_dataset/durance3/14Bue1017Ch05A_S224_L001_R1_001.fastq.gz,move
data/durance3/171103_M03930_0072_000000000-BFWT5/Data/Intensities/BaseCalls/14Bue1017Ch05A_S224_L001_R2_001.fastq.gz,consolidated_dataset/durance3/14Bue1017Ch05A_S224_L001_R2_001.fastq.gz,move
data/durance3/171103_M03930_0072_000000000-BFWT5/Data/Intensities/BaseCalls/14Man1013Ch05A_S225_L001_R1_001.fastq.gz,consolidated_dataset/durance3/14Man1013Ch05A_S225_L001_R1_001.fastq.gz,move
data/durance3/171103_M03930_0072_000000000-BFWT5/Data/Intensities/BaseCalls/14Man1013Ch05A_S225_L001_R2_001.fastq.gz,consolidated_dataset/durance3/14Man1013Ch05A_S225_L001_R2_001.fastq.gz,move
data/durance3/171103_M03930_0072_000000000-BFWT5/Data/Intensities/BaseCalls/14Man1021Ch05A_S226_L001_R1_001.fastq.gz,consolidated_dataset/durance3/14Man1021Ch05A_S226_L001_R1_001.fastq.gz,move
data/durance3/171103_M03930_0072_000000000-BFWT5/Data/Intensities/BaseCalls/14Man1021Ch05A_S226_L001_R2_001.fastq.gz,consolidated_dataset/durance3/14Man1021Ch05A_S226_L001_R2_001.fastq.gz,move
data/durance3/171103_M03930_0072_000000000-BFWT5/Data/Intensities/BaseCalls/14Per2013Ch05A_S227_L001_R1_001.fastq.gz,consolidated_dataset/durance3/14Per2013Ch05A_S227_L001_R1_001.fastq.gz,move
data/durance3/171103_M03930_0072_000000000-BFWT5/Data/Intensities/BaseCalls/14Per2013Ch05A_S227_L001_R2_001.fastq.gz,consolidated_dataset/durance3/14Per2013Ch05A_S227_L001_R2_001.fastq.gz,move
data/durance3/171103_M03930_0072_000000000-BFWT5/Data/Intensities/BaseCalls/empty-6_S228_L001_R1_001.fastq.gz,consolidated_dataset/durance3/empty-6_S228_L001_R1_001.fastq.gz,move
data/durance3/171103_M03930_0072_000000000-BFWT5/Data/Intensities/BaseCalls/empty-6_S228_L001_R2_001.fastq.gz,consolidated_dataset/durance3/empty-6_S228_L001_R2_001.fastq.gz,move
data/durance3/171103_M03930_0072_000000000-BFWT5/Data/Intensities/BaseCalls/14Ain1012Pt05A_S229_L001_R1_001.fastq.gz,consolidated_dataset/durance3/14Ain1012Pt05A_S229_L001_R1_001.fastq.gz,move
data/durance3/171103_M03930_0072_000000000-BFWT5/Data/Intensities/BaseCalls/14Ain1012Pt05A_S229_L001_R2_001.fastq.gz,consolidated_dataset/durance3/14Ain1012Pt05A_S229_L001_R2_001.fastq.gz,move
data/durance3/171103_M03930_0072_000000000-BFWT5/Data/Intensities/BaseCalls/14Ain1041Pt05A_S230_L001_R1_001.fastq.gz,consolidated_dataset/durance3/14Ain1041Pt05A_S230_L001_R1_001.fastq.gz,move
data/durance3/171103_M03930_0072_000000000-BFWT5/Data/Intensities/BaseCalls/14Ain1041Pt05A_S230_L001_R2_001.fastq.gz,consolidated_dataset/durance3/14Ain1041Pt05A_S230_L001_R2_001.fastq.gz,move
data/durance3/171103_M03930_0072_000000000-BFWT5/Data/Intensities/BaseCalls/15Cab1006Ch05A_S231_L001_R1_001.fastq.gz,consolidated_dataset/durance3/15Cab1006Ch05A_S231_L001_R1_001.fastq.gz,move
data/durance3/171103_M03930_0072_000000000-BFWT5/Data/Intensities/BaseCalls/15Cab1006Ch05A_S231_L001_R2_001.fastq.gz,consolidated_dataset/durance3/15Cab1006Ch05A_S231_L001_R2_001.fastq.gz,move
data/durance3/171103_M03930_0072_000000000-BFWT5/Data/Intensities/BaseCalls/15Cab1014Ch05A_S232_L001_R1_001.fastq.gz,consolidated_dataset/durance3/15Cab1014Ch05A_S232_L001_R1_001.fastq.gz,move
data/durance3/171103_M03930_0072_000000000-BFWT5/Data/Intensities/BaseCalls/15Cab1014Ch05A_S232_L001_R2_001.fastq.gz,consolidated_dataset/durance3/15Cab1014Ch05A_S232_L001_R2_001.fastq.gz,move
data/durance3/171103_M03930_0072_000000000-BFWT5/Data/Intensities/BaseCalls/14Avi1003Cn05A_S233_L001_R1_001.fastq.gz,consolidated_dataset/durance3/14Avi1003Cn05A_S233_L001_R1_001.fastq.gz,move
data/durance3/171103_M03930_0072_000000000-BFWT5/Data/Intensities/BaseCalls/14Avi1003Cn05A_S233_L001_R2_001.fastq.gz,consolidated_dataset/durance3/14Avi1003Cn05A_S233_L001_R2_001.fastq.gz,move
data/durance3/171103_M03930_0072_000000000-BFWT5/Data/Intensities/BaseCalls/14Avi1038Cn05A_S234_L001_R1_001.fastq.gz,consolidated_dataset/durance3/14Avi1038Cn05A_S234_L001_R1_001.fastq.gz,move
data/durance3/171103_M03930_0072_000000000-BFWT5/Data/Intensities/BaseCalls/14Avi1038Cn05A_S234_L001_R2_001.fastq.gz,consolidated_dataset/durance3/14Avi1038Cn05A_S234_L001_R2_001.fastq.gz,move
data/durance3/171103_M03930_0072_000000000-BFWT5/Data/Intensities/BaseCalls/14Bue1007Cn05A_S235_L001_R1_001.fastq.gz,consolidated_dataset/durance3/14Bue1007Cn05A_S235_L001_R1_001.fastq.gz,move
data/durance3/171103_M03930_0072_000000000-BFWT5/Data/Intensities/BaseCalls/14Bue1007Cn05A_S235_L001_R2_001.fastq.gz,consolidated_dataset/durance3/14Bue1007Cn05A_S235_L001_R2_001.fastq.gz,move
data/durance3/171103_M03930_0072_000000000-BFWT5/Data/Intensities/BaseCalls/14Bue1018Ch05A_S236_L001_R1_001.fastq.gz,consolidated_dataset/durance3/14Bue1018Ch05A_S236_L001_R1_001.fastq.gz,move
data/durance3/171103_M03930_0072_000000000-BFWT5/Data/Intensities/BaseCalls/14Bue1018Ch05A_S236_L001_R2_001.fastq.gz,consolidated_dataset/durance3/14Bue1018Ch05A_S236_L001_R2_001.fastq.gz,move
data/durance3/171103_M03930_0072_000000000-BFWT5/Data/Intensities/BaseCalls/14Man1014Ch05A_S237_L001_R1_001.fastq.gz,consolidated_dataset/durance3/14Man1014Ch05A_S237_L001_R1_001.fastq.gz,move
data/durance3/171103_M03930_0072_000000000-BFWT5/Data/Intensities/BaseCalls/14Man1014Ch05A_S237_L001_R2_001.fastq.gz,consolidated_dataset/durance3/14Man1014Ch05A_S237_L001_R2_001.fastq.gz,move
data/durance3/171103_M03930_0072_000000000-BFWT5/Data/Intensities/BaseCalls/14Man1022Ch05A_S238_L001_R1_001.fastq.gz,consolidated_dataset/durance3/14Man1022Ch05A_S238_L001_R1_001.fastq.gz,move
data/durance3/171103_M03930_0072_000000000-BFWT5/Data/Intensities/BaseCalls/14Man1022Ch05A_S238_L001_R2_001.fastq.gz,consolidated_dataset/durance3/14Man1022Ch05A_S238_L001_R2_001.fastq.gz,move
data/durance3/171103_M03930_0072_000000000-BFWT5/Data/Intensities/BaseCalls/14Per2014Ch05A_S239_L001_R1_001.fastq.gz,consolidated_dataset/durance3/14Per2014Ch05A_S239_L001_R1_001.fastq.gz,move
data/durance3/171103_M03930_0072_000000000-BFWT5/Data/Intensities/BaseCalls/14Per2014Ch05A_S239_L001_R2_001.fastq.gz,consolidated_dataset/durance3/14Per2014Ch05A_S239_L001_R2_001.fastq.gz,move
data/durance3/171103_M03930_0072_000000000-BFWT5/Data/Intensities/BaseCalls/empty-7_S240_L001_R1_001.fastq.gz,consolidated_dataset/durance3/empty-7_S240_L001_R1_001.fastq.gz,move
data/durance3/171103_M03930_0072_000000000-BFWT5/Data/Intensities/BaseCalls/empty-7_S240_L001_R2_001.fastq.gz,consolidated_dataset/durance3/empty-7_S240_L001_R2_001.fastq.gz,move
data/durance3/171103_M03930_0072_000000000-BFWT5/Data/Intensities/BaseCalls/14Ain1013Pt05A_S241_L001_R1_001.fastq.gz,consolidated_dataset/durance3/14Ain1013Pt05A_S241_L001_R1_001.fastq.gz,move
data/durance3/171103_M03930_0072_000000000-BFWT5/Data/Intensities/BaseCalls/14Ain1013Pt05A_S241_L001_R2_001.fastq.gz,consolidated_dataset/durance3/14Ain1013Pt05A_S241_L001_R2_001.fastq.gz,move
data/durance3/171103_M03930_0072_000000000-BFWT5/Data/Intensities/BaseCalls/14Ain1042Pt05A_S242_L001_R1_001.fastq.gz,consolidated_dataset/durance3/14Ain1042Pt05A_S242_L001_R1_001.fastq.gz,move
data/durance3/171103_M03930_0072_000000000-BFWT5/Data/Intensities/BaseCalls/14Ain1042Pt05A_S242_L001_R2_001.fastq.gz,consolidated_dataset/durance3/14Ain1042Pt05A_S242_L001_R2_001.fastq.gz,move
data/durance3/171103_M03930_0072_000000000-BFWT5/Data/Intensities/BaseCalls/15Cab1007Ch05A_S243_L001_R1_001.fastq.gz,consolidated_dataset/durance3/15Cab1007Ch05A_S243_L001_R1_001.fastq.gz,move
data/durance3/171103_M03930_0072_000000000-BFWT5/Data/Intensities/BaseCalls/15Cab1007Ch05A_S243_L001_R2_001.fastq.gz,consolidated_dataset/durance3/15Cab1007Ch05A_S243_L001_R2_001.fastq.gz,move
data/durance3/171103_M03930_0072_000000000-BFWT5/Data/Intensities/BaseCalls/15Cab1015Ch05A_S244_L001_R1_001.fastq.gz,consolidated_dataset/durance3/15Cab1015Ch05A_S244_L001_R1_001.fastq.gz,move
data/durance3/171103_M03930_0072_000000000-BFWT5/Data/Intensities/BaseCalls/15Cab1015Ch05A_S244_L001_R2_001.fastq.gz,consolidated_dataset/durance3/15Cab1015Ch05A_S244_L001_R2_001.fastq.gz,move
data/durance3/171103_M03930_0072_000000000-BFWT5/Data/Intensities/BaseCalls/14Avi1004Cn05A_S245_L001_R1_001.fastq.gz,consolidated_dataset/durance3/14Avi1004Cn05A_S245_L001_R1_001.fastq.gz,move
data/durance3/171103_M03930_0072_000000000-BFWT5/Data/Intensities/BaseCalls/14Avi1004Cn05A_S245_L001_R2_001.fastq.gz,consolidated_dataset/durance3/14Avi1004Cn05A_S245_L001_R2_001.fastq.gz,move
data/durance3/171103_M03930_0072_000000000-BFWT5/Data/Intensities/BaseCalls/14Bue1001Cn05A_S246_L001_R1_001.fastq.gz,consolidated_dataset/durance3/14Bue1001Cn05A_S246_L001_R1_001.fastq.gz,move
data/durance3/171103_M03930_0072_000000000-BFWT5/Data/Intensities/BaseCalls/14Bue1001Cn05A_S246_L001_R2_001.fastq.gz,consolidated_dataset/durance3/14Bue1001Cn05A_S246_L001_R2_001.fastq.gz,move
data/durance3/171103_M03930_0072_000000000-BFWT5/Data/Intensities/BaseCalls/14Bue1008Cn05A_S247_L001_R1_001.fastq.gz,consolidated_dataset/durance3/14Bue1008Cn05A_S247_L001_R1_001.fastq.gz,move
data/durance3/171103_M03930_0072_000000000-BFWT5/Data/Intensities/BaseCalls/14Bue1008Cn05A_S247_L001_R2_001.fastq.gz,consolidated_dataset/durance3/14Bue1008Cn05A_S247_L001_R2_001.fastq.gz,move
data/durance3/171103_M03930_0072_000000000-BFWT5/Data/Intensities/BaseCalls/14Bue1019Ch05A_S248_L001_R1_001.fastq.gz,consolidated_dataset/durance3/14Bue1019Ch05A_S248_L001_R1_001.fastq.gz,move
data/durance3/171103_M03930_0072_000000000-BFWT5/Data/Intensities/BaseCalls/14Bue1019Ch05A_S248_L001_R2_001.fastq.gz,consolidated_dataset/durance3/14Bue1019Ch05A_S248_L001_R2_001.fastq.gz,move
data/durance3/171103_M03930_0072_000000000-BFWT5/Data/Intensities/BaseCalls/14Man1015Ch05A_S249_L001_R1_001.fastq.gz,consolidated_dataset/durance3/14Man1015Ch05A_S249_L001_R1_001.fastq.gz,move
data/durance3/171103_M03930_0072_000000000-BFWT5/Data/Intensities/BaseCalls/14Man1015Ch05A_S249_L001_R2_001.fastq.gz,consolidated_dataset/durance3/14Man1015Ch05A_S249_L001_R2_001.fastq.gz,move
data/durance3/171103_M03930_0072_000000000-BFWT5/Data/Intensities/BaseCalls/14Per1011Ch05A_S250_L001_R1_001.fastq.gz,consolidated_dataset/durance3/14Per1011Ch05A_S250_L001_R1_001.fastq.gz,move
data/durance3/171103_M03930_0072_000000000-BFWT5/Data/Intensities/BaseCalls/14Per1011Ch05A_S250_L001_R2_001.fastq.gz,consolidated_dataset/durance3/14Per1011Ch05A_S250_L001_R2_001.fastq.gz,move
data/durance3/171103_M03930_0072_000000000-BFWT5/Data/Intensities/BaseCalls/14Per2015Ch05A_S251_L001_R1_001.fastq.gz,consolidated_dataset/durance3/14Per2015Ch05A_S251_L001_R1_001.fastq.gz,move
data/durance3/171103_M03930_0072_000000000-BFWT5/Data/Intensities/BaseCalls/14Per2015Ch05A_S251_L001_R2_001.fastq.gz,consolidated_dataset/durance3/14Per2015Ch05A_S251_L001_R2_001.fastq.gz,move
data/durance3/171103_M03930_0072_000000000-BFWT5/Data/Intensities/BaseCalls/empty-8_S252_L001_R1_001.fastq.gz,consolidated_dataset/durance3/empty-8_S252_L001_R1_001.fastq.gz,move
data/durance3/171103_M03930_0072_000000000-BFWT5/Data/Intensities/BaseCalls/empty-8_S252_L001_R2_001.fastq.gz,consolidated_dataset/durance3/empty-8_S252_L001_R2_001.fastq.gz,move
data/durance3/171103_M03930_0072_000000000-BFWT5/Data/Intensities/BaseCalls/14Ain1014Pt05A_S253_L001_R1_001.fastq.gz,consolidated_dataset/durance3/14Ain1014Pt05A_S253_L001_R1_001.fastq.gz,move
data/durance3/171103_M03930_0072_000000000-BFWT5/Data/Intensities/BaseCalls/14Ain1014Pt05A_S253_L001_R2_001.fastq.gz,consolidated_dataset/durance3/14Ain1014Pt05A_S253_L001_R2_001.fastq.gz,move
data/durance3/171103_M03930_0072_000000000-BFWT5/Data/Intensities/BaseCalls/14Ain1043Pt05A_S254_L001_R1_001.fastq.gz,consolidated_dataset/durance3/14Ain1043Pt05A_S254_L001_R1_001.fastq.gz,move
data/durance3/171103_M03930_0072_000000000-BFWT5/Data/Intensities/BaseCalls/14Ain1043Pt05A_S254_L001_R2_001.fastq.gz,consolidated_dataset/durance3/14Ain1043Pt05A_S254_L001_R2_001.fastq.gz,move
data/durance3/171103_M03930_0072_000000000-BFWT5/Data/Intensities/BaseCalls/15Cab1008Ch05A_S255_L001_R1_001.fastq.gz,consolidated_dataset/durance3/15Cab1008Ch05A_S255_L001_R1_001.fastq.gz,move
data/durance3/171103_M03930_0072_000000000-BFWT5/Data/Intensities/BaseCalls/15Cab1008Ch05A_S255_L001_R2_001.fastq.gz,consolidated_dataset/durance3/15Cab1008Ch05A_S255_L001_R2_001.fastq.gz,move
data/durance3/171103_M03930_0072_000000000-BFWT5/Data/Intensities/BaseCalls/15Cab1016Ch05A_S256_L001_R1_001.fastq.gz,consolidated_dataset/durance3/15Cab1016Ch05A_S256_L001_R1_001.fastq.gz,move
data/durance3/171103_M03930_0072_000000000-BFWT5/Data/Intensities/BaseCalls/15Cab1016Ch05A_S256_L001_R2_001.fastq.gz,consolidated_dataset/durance3/15Cab1016Ch05A_S256_L001_R2_001.fastq.gz,move
data/durance3/171103_M03930_0072_000000000-BFWT5/Data/Intensities/BaseCalls/14Avi1005Cn05A_S257_L001_R1_001.fastq.gz,consolidated_dataset/durance3/14Avi1005Cn05A_S257_L001_R1_001.fastq.gz,move
data/durance3/171103_M03930_0072_000000000-BFWT5/Data/Intensities/BaseCalls/14Avi1005Cn05A_S257_L001_R2_001.fastq.gz,consolidated_dataset/durance3/14Avi1005Cn05A_S257_L001_R2_001.fastq.gz,move
data/durance3/171103_M03930_0072_000000000-BFWT5/Data/Intensities/BaseCalls/14Bue1002Cn05A_S258_L001_R1_001.fastq.gz,consolidated_dataset/durance3/14Bue1002Cn05A_S258_L001_R1_001.fastq.gz,move
data/durance3/171103_M03930_0072_000000000-BFWT5/Data/Intensities/BaseCalls/14Bue1002Cn05A_S258_L001_R2_001.fastq.gz,consolidated_dataset/durance3/14Bue1002Cn05A_S258_L001_R2_001.fastq.gz,move
data/durance3/171103_M03930_0072_000000000-BFWT5/Data/Intensities/BaseCalls/14Bue1011Ch05A_S259_L001_R1_001.fastq.gz,consolidated_dataset/durance3/14Bue1011Ch05A_S259_L001_R1_001.fastq.gz,move
data/durance3/171103_M03930_0072_000000000-BFWT5/Data/Intensities/BaseCalls/14Bue1011Ch05A_S259_L001_R2_001.fastq.gz,consolidated_dataset/durance3/14Bue1011Ch05A_S259_L001_R2_001.fastq.gz,move
data/durance3/171103_M03930_0072_000000000-BFWT5/Data/Intensities/BaseCalls/14Man1001Cn05A_S260_L001_R1_001.fastq.gz,consolidated_dataset/durance3/14Man1001Cn05A_S260_L001_R1_001.fastq.gz,move
data/durance3/171103_M03930_0072_000000000-BFWT5/Data/Intensities/BaseCalls/14Man1001Cn05A_S260_L001_R2_001.fastq.gz,consolidated_dataset/durance3/14Man1001Cn05A_S260_L001_R2_001.fastq.gz,move
data/durance3/171103_M03930_0072_000000000-BFWT5/Data/Intensities/BaseCalls/14Man1016Ch05A_S261_L001_R1_001.fastq.gz,consolidated_dataset/durance3/14Man1016Ch05A_S261_L001_R1_001.fastq.gz,move
data/durance3/171103_M03930_0072_000000000-BFWT5/Data/Intensities/BaseCalls/14Man1016Ch05A_S261_L001_R2_001.fastq.gz,consolidated_dataset/durance3/14Man1016Ch05A_S261_L001_R2_001.fastq.gz,move
data/durance3/171103_M03930_0072_000000000-BFWT5/Data/Intensities/BaseCalls/14Per1012Ch05A_S262_L001_R1_001.fastq.gz,consolidated_dataset/durance3/14Per1012Ch05A_S262_L001_R1_001.fastq.gz,move
data/durance3/171103_M03930_0072_000000000-BFWT5/Data/Intensities/BaseCalls/14Per1012Ch05A_S262_L001_R2_001.fastq.gz,consolidated_dataset/durance3/14Per1012Ch05A_S262_L001_R2_001.fastq.gz,move
data/durance3/171103_M03930_0072_000000000-BFWT5/Data/Intensities/BaseCalls/Blanc-Branchie_S263_L001_R1_001.fastq.gz,consolidated_dataset/durance3/Blanc-Branchie_S263_L001_R1_001.fastq.gz,move
data/durance3/171103_M03930_0072_000000000-BFWT5/Data/Intensities/BaseCalls/Blanc-Branchie_S263_L001_R2_001.fastq.gz,consolidated_dataset/durance3/Blanc-Branchie_S263_L001_R2_001.fastq.gz,move
data/durance3/171103_M03930_0072_000000000-BFWT5/Data/Intensities/BaseCalls/empty-9_S264_L001_R1_001.fastq.gz,consolidated_dataset/durance3/empty-9_S264_L001_R1_001.fastq.gz,move
data/durance3/171103_M03930_0072_000000000-BFWT5/Data/Intensities/BaseCalls/empty-9_S264_L001_R2_001.fastq.gz,consolidated_dataset/durance3/empty-9_S264_L001_R2_001.fastq.gz,move
data/durance3/171103_M03930_0072_000000000-BFWT5/Data/Intensities/BaseCalls/14Ain1036Cn05A_S265_L001_R1_001.fastq.gz,consolidated_dataset/durance3/14Ain1036Cn05A_S265_L001_R1_001.fastq.gz,move
data/durance3/171103_M03930_0072_000000000-BFWT5/Data/Intensities/BaseCalls/14Ain1036Cn05A_S265_L001_R2_001.fastq.gz,consolidated_dataset/durance3/14Ain1036Cn05A_S265_L001_R2_001.fastq.gz,move
data/durance3/171103_M03930_0072_000000000-BFWT5/Data/Intensities/BaseCalls/15Cab1001Ch05A_S266_L001_R1_001.fastq.gz,consolidated_dataset/durance3/15Cab1001Ch05A_S266_L001_R1_001.fastq.gz,move
data/durance3/171103_M03930_0072_000000000-BFWT5/Data/Intensities/BaseCalls/15Cab1001Ch05A_S266_L001_R2_001.fastq.gz,consolidated_dataset/durance3/15Cab1001Ch05A_S266_L001_R2_001.fastq.gz,move
data/durance3/171103_M03930_0072_000000000-BFWT5/Data/Intensities/BaseCalls/15Cab1009Ch05A_S267_L001_R1_001.fastq.gz,consolidated_dataset/durance3/15Cab1009Ch05A_S267_L001_R1_001.fastq.gz,move
data/durance3/171103_M03930_0072_000000000-BFWT5/Data/Intensities/BaseCalls/15Cab1009Ch05A_S267_L001_R2_001.fastq.gz,consolidated_dataset/durance3/15Cab1009Ch05A_S267_L001_R2_001.fastq.gz,move
data/durance3/171103_M03930_0072_000000000-BFWT5/Data/Intensities/BaseCalls/15Cab1017Ch05A_S268_L001_R1_001.fastq.gz,consolidated_dataset/durance3/15Cab1017Ch05A_S268_L001_R1_001.fastq.gz,move
data/durance3/171103_M03930_0072_000000000-BFWT5/Data/Intensities/BaseCalls/15Cab1017Ch05A_S268_L001_R2_001.fastq.gz,consolidated_dataset/durance3/15Cab1017Ch05A_S268_L001_R2_001.fastq.gz,move
data/durance3/171103_M03930_0072_000000000-BFWT5/Data/Intensities/BaseCalls/14Avi1006Cn05A_S269_L001_R1_001.fastq.gz,consolidated_dataset/durance3/14Avi1006Cn05A_S269_L001_R1_001.fastq.gz,move
data/durance3/171103_M03930_0072_000000000-BFWT5/Data/Intensities/BaseCalls/14Avi1006Cn05A_S269_L001_R2_001.fastq.gz,consolidated_dataset/durance3/14Avi1006Cn05A_S269_L001_R2_001.fastq.gz,move
data/durance3/171103_M03930_0072_000000000-BFWT5/Data/Intensities/BaseCalls/14Bue1003Cn05A_S270_L001_R1_001.fastq.gz,consolidated_dataset/durance3/14Bue1003Cn05A_S270_L001_R1_001.fastq.gz,move
data/durance3/171103_M03930_0072_000000000-BFWT5/Data/Intensities/BaseCalls/14Bue1003Cn05A_S270_L001_R2_001.fastq.gz,consolidated_dataset/durance3/14Bue1003Cn05A_S270_L001_R2_001.fastq.gz,move
data/durance3/171103_M03930_0072_000000000-BFWT5/Data/Intensities/BaseCalls/14Bue1012Ch05A_S271_L001_R1_001.fastq.gz,consolidated_dataset/durance3/14Bue1012Ch05A_S271_L001_R1_001.fastq.gz,move
data/durance3/171103_M03930_0072_000000000-BFWT5/Data/Intensities/BaseCalls/14Bue1012Ch05A_S271_L001_R2_001.fastq.gz,consolidated_dataset/durance3/14Bue1012Ch05A_S271_L001_R2_001.fastq.gz,move
data/durance3/171103_M03930_0072_000000000-BFWT5/Data/Intensities/BaseCalls/14Man1002Cn05A_S272_L001_R1_001.fastq.gz,consolidated_dataset/durance3/14Man1002Cn05A_S272_L001_R1_001.fastq.gz,move
data/durance3/171103_M03930_0072_000000000-BFWT5/Data/Intensities/BaseCalls/14Man1002Cn05A_S272_L001_R2_001.fastq.gz,consolidated_dataset/durance3/14Man1002Cn05A_S272_L001_R2_001.fastq.gz,move
data/durance3/171103_M03930_0072_000000000-BFWT5/Data/Intensities/BaseCalls/14Man1017Ch05A_S273_L001_R1_001.fastq.gz,consolidated_dataset/durance3/14Man1017Ch05A_S273_L001_R1_001.fastq.gz,move
data/durance3/171103_M03930_0072_000000000-BFWT5/Data/Intensities/BaseCalls/14Man1017Ch05A_S273_L001_R2_001.fastq.gz,consolidated_dataset/durance3/14Man1017Ch05A_S273_L001_R2_001.fastq.gz,move
data/durance3/171103_M03930_0072_000000000-BFWT5/Data/Intensities/BaseCalls/14Per1013Ch05A_S274_L001_R1_001.fastq.gz,consolidated_dataset/durance3/14Per1013Ch05A_S274_L001_R1_001.fastq.gz,move
data/durance3/171103_M03930_0072_000000000-BFWT5/Data/Intensities/BaseCalls/14Per1013Ch05A_S274_L001_R2_001.fastq.gz,consolidated_dataset/durance3/14Per1013Ch05A_S274_L001_R2_001.fastq.gz,move
data/durance3/171103_M03930_0072_000000000-BFWT5/Data/Intensities/BaseCalls/Mock-1_S275_L001_R1_001.fastq.gz,consolidated_dataset/durance3/Mock-1_S275_L001_R1_001.fastq.gz,move
data/durance3/171103_M03930_0072_000000000-BFWT5/Data/Intensities/BaseCalls/Mock-1_S275_L001_R2_001.fastq.gz,consolidated_dataset/durance3/Mock-1_S275_L001_R2_001.fastq.gz,move
data/durance3/171103_M03930_0072_000000000-BFWT5/Data/Intensities/BaseCalls/empty-10_S276_L001_R1_001.fastq.gz,consolidated_dataset/durance3/empty-10_S276_L001_R1_001.fastq.gz,move
data/durance3/171103_M03930_0072_000000000-BFWT5/Data/Intensities/BaseCalls/empty-10_S276_L001_R2_001.fastq.gz,consolidated_dataset/durance3/empty-10_S276_L001_R2_001.fastq.gz,move
data/durance3/171103_M03930_0072_000000000-BFWT5/Data/Intensities/BaseCalls/14Ain1037Cn05A_S277_L001_R1_001.fastq.gz,consolidated_dataset/durance3/14Ain1037Cn05A_S277_L001_R1_001.fastq.gz,move
data/durance3/171103_M03930_0072_000000000-BFWT5/Data/Intensities/BaseCalls/14Ain1037Cn05A_S277_L001_R2_001.fastq.gz,consolidated_dataset/durance3/14Ain1037Cn05A_S277_L001_R2_001.fastq.gz,move
data/durance3/171103_M03930_0072_000000000-BFWT5/Data/Intensities/BaseCalls/15Cab1002Ch05A_S278_L001_R1_001.fastq.gz,consolidated_dataset/durance3/15Cab1002Ch05A_S278_L001_R1_001.fastq.gz,move
data/durance3/171103_M03930_0072_000000000-BFWT5/Data/Intensities/BaseCalls/15Cab1002Ch05A_S278_L001_R2_001.fastq.gz,consolidated_dataset/durance3/15Cab1002Ch05A_S278_L001_R2_001.fastq.gz,move
data/durance3/171103_M03930_0072_000000000-BFWT5/Data/Intensities/BaseCalls/15Cab1010Ch05A_S279_L001_R1_001.fastq.gz,consolidated_dataset/durance3/15Cab1010Ch05A_S279_L001_R1_001.fastq.gz,move
data/durance3/171103_M03930_0072_000000000-BFWT5/Data/Intensities/BaseCalls/15Cab1010Ch05A_S279_L001_R2_001.fastq.gz,consolidated_dataset/durance3/15Cab1010Ch05A_S279_L001_R2_001.fastq.gz,move
data/durance3/171103_M03930_0072_000000000-BFWT5/Data/Intensities/BaseCalls/15Cab1018Ch05A_S280_L001_R1_001.fastq.gz,consolidated_dataset/durance3/15Cab1018Ch05A_S280_L001_R1_001.fastq.gz,move
data/durance3/171103_M03930_0072_000000000-BFWT5/Data/Intensities/BaseCalls/15Cab1018Ch05A_S280_L001_R2_001.fastq.gz,consolidated_dataset/durance3/15Cab1018Ch05A_S280_L001_R2_001.fastq.gz,move
data/durance3/171103_M03930_0072_000000000-BFWT5/Data/Intensities/BaseCalls/14Avi1007Cn05A_S281_L001_R1_001.fastq.gz,consolidated_dataset/durance3/14Avi1007Cn05A_S281_L001_R1_001.fastq.gz,move
data/durance3/171103_M03930_0072_000000000-BFWT5/Data/Intensities/BaseCalls/14Avi1007Cn05A_S281_L001_R2_001.fastq.gz,consolidated_dataset/durance3/14Avi1007Cn05A_S281_L001_R2_001.fastq.gz,move
data/durance3/171103_M03930_0072_000000000-BFWT5/Data/Intensities/BaseCalls/14Bue1004Cn05A_S282_L001_R1_001.fastq.gz,consolidated_dataset/durance3/14Bue1004Cn05A_S282_L001_R1_001.fastq.gz,move
data/durance3/171103_M03930_0072_000000000-BFWT5/Data/Intensities/BaseCalls/14Bue1004Cn05A_S282_L001_R2_001.fastq.gz,consolidated_dataset/durance3/14Bue1004Cn05A_S282_L001_R2_001.fastq.gz,move
data/durance3/171103_M03930_0072_000000000-BFWT5/Data/Intensities/BaseCalls/14Bue1013Ch05A_S283_L001_R1_001.fastq.gz,consolidated_dataset/durance3/14Bue1013Ch05A_S283_L001_R1_001.fastq.gz,move
data/durance3/171103_M03930_0072_000000000-BFWT5/Data/Intensities/BaseCalls/14Bue1013Ch05A_S283_L001_R2_001.fastq.gz,consolidated_dataset/durance3/14Bue1013Ch05A_S283_L001_R2_001.fastq.gz,move
data/durance3/171103_M03930_0072_000000000-BFWT5/Data/Intensities/BaseCalls/14Man1010Cn05A_S284_L001_R1_001.fastq.gz,consolidated_dataset/durance3/14Man1010Cn05A_S284_L001_R1_001.fastq.gz,move
data/durance3/171103_M03930_0072_000000000-BFWT5/Data/Intensities/BaseCalls/14Man1010Cn05A_S284_L001_R2_001.fastq.gz,consolidated_dataset/durance3/14Man1010Cn05A_S284_L001_R2_001.fastq.gz,move
data/durance3/171103_M03930_0072_000000000-BFWT5/Data/Intensities/BaseCalls/14Man1018Ch05A_S285_L001_R1_001.fastq.gz,consolidated_dataset/durance3/14Man1018Ch05A_S285_L001_R1_001.fastq.gz,move
data/durance3/171103_M03930_0072_000000000-BFWT5/Data/Intensities/BaseCalls/14Man1018Ch05A_S285_L001_R2_001.fastq.gz,consolidated_dataset/durance3/14Man1018Ch05A_S285_L001_R2_001.fastq.gz,move
data/durance3/171103_M03930_0072_000000000-BFWT5/Data/Intensities/BaseCalls/14Per1014Ch05A_S286_L001_R1_001.fastq.gz,consolidated_dataset/durance3/14Per1014Ch05A_S286_L001_R1_001.fastq.gz,move
data/durance3/171103_M03930_0072_000000000-BFWT5/Data/Intensities/BaseCalls/14Per1014Ch05A_S286_L001_R2_001.fastq.gz,consolidated_dataset/durance3/14Per1014Ch05A_S286_L001_R2_001.fastq.gz,move
data/durance3/171103_M03930_0072_000000000-BFWT5/Data/Intensities/BaseCalls/T-3_S287_L001_R1_001.fastq.gz,consolidated_dataset/durance3/T-3_S287_L001_R1_001.fastq.gz,move
data/durance3/171103_M03930_0072_000000000-BFWT5/Data/Intensities/BaseCalls/T-3_S287_L001_R2_001.fastq.gz,consolidated_dataset/durance3/T-3_S287_L001_R2_001.fastq.gz,move
data/durance3/171103_M03930_0072_000000000-BFWT5/Data/Intensities/BaseCalls/empty-11_S288_L001_R1_001.fastq.gz,consolidated_dataset/durance3/empty-11_S288_L001_R1_001.fastq.gz,move
data/durance3/171103_M03930_0072_000000000-BFWT5/Data/Intensities/BaseCalls/empty-11_S288_L001_R2_001.fastq.gz,consolidated_dataset/durance3/empty-11_S288_L001_R2_001.fastq.gz,move
data/durance3/171103_M03930_0072_000000000-BFWT5/Data/Intensities/BaseCalls/15Bau1001Ch05A_S289_L001_R1_001.fastq.gz,consolidated_dataset/durance3/15Bau1001Ch05A_S289_L001_R1_001.fastq.gz,move
data/durance3/171103_M03930_0072_000000000-BFWT5/Data/Intensities/BaseCalls/15Bau1001Ch05A_S289_L001_R2_001.fastq.gz,consolidated_dataset/durance3/15Bau1001Ch05A_S289_L001_R2_001.fastq.gz,move
data/durance3/171103_M03930_0072_000000000-BFWT5/Data/Intensities/BaseCalls/15Bau1009Ch05A_S290_L001_R1_001.fastq.gz,consolidated_dataset/durance3/15Bau1009Ch05A_S290_L001_R1_001.fastq.gz,move
data/durance3/171103_M03930_0072_000000000-BFWT5/Data/Intensities/BaseCalls/15Bau1009Ch05A_S290_L001_R2_001.fastq.gz,consolidated_dataset/durance3/15Bau1009Ch05A_S290_L001_R2_001.fastq.gz,move
data/durance3/171103_M03930_0072_000000000-BFWT5/Data/Intensities/BaseCalls/15Bau1017Ch05A_S291_L001_R1_001.fastq.gz,consolidated_dataset/durance3/15Bau1017Ch05A_S291_L001_R1_001.fastq.gz,move
data/durance3/171103_M03930_0072_000000000-BFWT5/Data/Intensities/BaseCalls/15Bau1017Ch05A_S291_L001_R2_001.fastq.gz,consolidated_dataset/durance3/15Bau1017Ch05A_S291_L001_R2_001.fastq.gz,move
data/durance3/171103_M03930_0072_000000000-BFWT5/Data/Intensities/BaseCalls/15Bau1025Ch05A_S292_L001_R1_001.fastq.gz,consolidated_dataset/durance3/15Bau1025Ch05A_S292_L001_R1_001.fastq.gz,move
data/durance3/171103_M03930_0072_000000000-BFWT5/Data/Intensities/BaseCalls/15Bau1025Ch05A_S292_L001_R2_001.fastq.gz,consolidated_dataset/durance3/15Bau1025Ch05A_S292_L001_R2_001.fastq.gz,move
data/durance3/171103_M03930_0072_000000000-BFWT5/Data/Intensities/BaseCalls/15Jus1008Ch05A_S293_L001_R1_001.fastq.gz,consolidated_dataset/durance3/15Jus1008Ch05A_S293_L001_R1_001.fastq.gz,move
data/durance3/171103_M03930_0072_000000000-BFWT5/Data/Intensities/BaseCalls/15Jus1008Ch05A_S293_L001_R2_001.fastq.gz,consolidated_dataset/durance3/15Jus1008Ch05A_S293_L001_R2_001.fastq.gz,move
data/durance3/171103_M03930_0072_000000000-BFWT5/Data/Intensities/BaseCalls/15Jus1016Ch05A_S294_L001_R1_001.fastq.gz,consolidated_dataset/durance3/15Jus1016Ch05A_S294_L001_R1_001.fastq.gz,move
data/durance3/171103_M03930_0072_000000000-BFWT5/Data/Intensities/BaseCalls/15Jus1016Ch05A_S294_L001_R2_001.fastq.gz,consolidated_dataset/durance3/15Jus1016Ch05A_S294_L001_R2_001.fastq.gz,move
data/durance3/171103_M03930_0072_000000000-BFWT5/Data/Intensities/BaseCalls/15Caa1005Ch05A_S295_L001_R1_001.fastq.gz,consolidated_dataset/durance3/15Caa1005Ch05A_S295_L001_R1_001.fastq.gz,move
data/durance3/171103_M03930_0072_000000000-BFWT5/Data/Intensities/BaseCalls/15Caa1005Ch05A_S295_L001_R2_001.fastq.gz,consolidated_dataset/durance3/15Caa1005Ch05A_S295_L001_R2_001.fastq.gz,move
data/durance3/171103_M03930_0072_000000000-BFWT5/Data/Intensities/BaseCalls/15Caa1013Ch05A_S296_L001_R1_001.fastq.gz,consolidated_dataset/durance3/15Caa1013Ch05A_S296_L001_R1_001.fastq.gz,move
data/durance3/171103_M03930_0072_000000000-BFWT5/Data/Intensities/BaseCalls/15Caa1013Ch05A_S296_L001_R2_001.fastq.gz,consolidated_dataset/durance3/15Caa1013Ch05A_S296_L001_R2_001.fastq.gz,move
data/durance3/171103_M03930_0072_000000000-BFWT5/Data/Intensities/BaseCalls/15Avi1001Cn05A_S297_L001_R1_001.fastq.gz,consolidated_dataset/durance3/15Avi1001Cn05A_S297_L001_R1_001.fastq.gz,move
data/durance3/171103_M03930_0072_000000000-BFWT5/Data/Intensities/BaseCalls/15Avi1001Cn05A_S297_L001_R2_001.fastq.gz,consolidated_dataset/durance3/15Avi1001Cn05A_S297_L001_R2_001.fastq.gz,move
data/durance3/171103_M03930_0072_000000000-BFWT5/Data/Intensities/BaseCalls/15Avi1009Cn05A_S298_L001_R1_001.fastq.gz,consolidated_dataset/durance3/15Avi1009Cn05A_S298_L001_R1_001.fastq.gz,move
data/durance3/171103_M03930_0072_000000000-BFWT5/Data/Intensities/BaseCalls/15Avi1009Cn05A_S298_L001_R2_001.fastq.gz,consolidated_dataset/durance3/15Avi1009Cn05A_S298_L001_R2_001.fastq.gz,move
data/durance3/171103_M03930_0072_000000000-BFWT5/Data/Intensities/BaseCalls/15BUe1004Ch05A_S299_L001_R1_001.fastq.gz,consolidated_dataset/durance3/15BUe1004Ch05A_S299_L001_R1_001.fastq.gz,move
data/durance3/171103_M03930_0072_000000000-BFWT5/Data/Intensities/BaseCalls/15BUe1004Ch05A_S299_L001_R2_001.fastq.gz,consolidated_dataset/durance3/15BUe1004Ch05A_S299_L001_R2_001.fastq.gz,move
data/durance3/171103_M03930_0072_000000000-BFWT5/Data/Intensities/BaseCalls/15BUe1012Ch05A_S300_L001_R1_001.fastq.gz,consolidated_dataset/durance3/15BUe1012Ch05A_S300_L001_R1_001.fastq.gz,move
data/durance3/171103_M03930_0072_000000000-BFWT5/Data/Intensities/BaseCalls/15BUe1012Ch05A_S300_L001_R2_001.fastq.gz,consolidated_dataset/durance3/15BUe1012Ch05A_S300_L001_R2_001.fastq.gz,move
data/durance3/171103_M03930_0072_000000000-BFWT5/Data/Intensities/BaseCalls/15Bau1002Ch05A_S301_L001_R1_001.fastq.gz,consolidated_dataset/durance3/15Bau1002Ch05A_S301_L001_R1_001.fastq.gz,move
data/durance3/171103_M03930_0072_000000000-BFWT5/Data/Intensities/BaseCalls/15Bau1002Ch05A_S301_L001_R2_001.fastq.gz,consolidated_dataset/durance3/15Bau1002Ch05A_S301_L001_R2_001.fastq.gz,move
data/durance3/171103_M03930_0072_000000000-BFWT5/Data/Intensities/BaseCalls/15Bau1010Ch05A_S302_L001_R1_001.fastq.gz,consolidated_dataset/durance3/15Bau1010Ch05A_S302_L001_R1_001.fastq.gz,move
data/durance3/171103_M03930_0072_000000000-BFWT5/Data/Intensities/BaseCalls/15Bau1010Ch05A_S302_L001_R2_001.fastq.gz,consolidated_dataset/durance3/15Bau1010Ch05A_S302_L001_R2_001.fastq.gz,move
data/durance3/171103_M03930_0072_000000000-BFWT5/Data/Intensities/BaseCalls/15Bau1018Ch05A_S303_L001_R1_001.fastq.gz,consolidated_dataset/durance3/15Bau1018Ch05A_S303_L001_R1_001.fastq.gz,move
data/durance3/171103_M03930_0072_000000000-BFWT5/Data/Intensities/BaseCalls/15Bau1018Ch05A_S303_L001_R2_001.fastq.gz,consolidated_dataset/durance3/15Bau1018Ch05A_S303_L001_R2_001.fastq.gz,move
data/durance3/171103_M03930_0072_000000000-BFWT5/Data/Intensities/BaseCalls/15Jus1001Ch05A_S304_L001_R1_001.fastq.gz,consolidated_dataset/durance3/15Jus1001Ch05A_S304_L001_R1_001.fastq.gz,move
data/durance3/171103_M03930_0072_000000000-BFWT5/Data/Intensities/BaseCalls/15Jus1001Ch05A_S304_L001_R2_001.fastq.gz,consolidated_dataset/durance3/15Jus1001Ch05A_S304_L001_R2_001.fastq.gz,move
data/durance3/171103_M03930_0072_000000000-BFWT5/Data/Intensities/BaseCalls/15Jus1009Ch05A_S305_L001_R1_001.fastq.gz,consolidated_dataset/durance3/15Jus1009Ch05A_S305_L001_R1_001.fastq.gz,move
data/durance3/171103_M03930_0072_000000000-BFWT5/Data/Intensities/BaseCalls/15Jus1009Ch05A_S305_L001_R2_001.fastq.gz,consolidated_dataset/durance3/15Jus1009Ch05A_S305_L001_R2_001.fastq.gz,move
data/durance3/171103_M03930_0072_000000000-BFWT5/Data/Intensities/BaseCalls/15Jus1017Ch05A_S306_L001_R1_001.fastq.gz,consolidated_dataset/durance3/15Jus1017Ch05A_S306_L001_R1_001.fastq.gz,move
data/durance3/171103_M03930_0072_000000000-BFWT5/Data/Intensities/BaseCalls/15Jus1017Ch05A_S306_L001_R2_001.fastq.gz,consolidated_dataset/durance3/15Jus1017Ch05A_S306_L001_R2_001.fastq.gz,move
data/durance3/171103_M03930_0072_000000000-BFWT5/Data/Intensities/BaseCalls/15Caa1006Ch05A_S307_L001_R1_001.fastq.gz,consolidated_dataset/durance3/15Caa1006Ch05A_S307_L001_R1_001.fastq.gz,move
data/durance3/171103_M03930_0072_000000000-BFWT5/Data/Intensities/BaseCalls/15Caa1006Ch05A_S307_L001_R2_001.fastq.gz,consolidated_dataset/durance3/15Caa1006Ch05A_S307_L001_R2_001.fastq.gz,move
data/durance3/171103_M03930_0072_000000000-BFWT5/Data/Intensities/BaseCalls/15Caa1014Ch05A_S308_L001_R1_001.fastq.gz,consolidated_dataset/durance3/15Caa1014Ch05A_S308_L001_R1_001.fastq.gz,move
data/durance3/171103_M03930_0072_000000000-BFWT5/Data/Intensities/BaseCalls/15Caa1014Ch05A_S308_L001_R2_001.fastq.gz,consolidated_dataset/durance3/15Caa1014Ch05A_S308_L001_R2_001.fastq.gz,move
data/durance3/171103_M03930_0072_000000000-BFWT5/Data/Intensities/BaseCalls/15Avi1002Cn05A_S309_L001_R1_001.fastq.gz,consolidated_dataset/durance3/15Avi1002Cn05A_S309_L001_R1_001.fastq.gz,move
data/durance3/171103_M03930_0072_000000000-BFWT5/Data/Intensities/BaseCalls/15Avi1002Cn05A_S309_L001_R2_001.fastq.gz,consolidated_dataset/durance3/15Avi1002Cn05A_S309_L001_R2_001.fastq.gz,move
data/durance3/171103_M03930_0072_000000000-BFWT5/Data/Intensities/BaseCalls/15Avi1010Cn05A_S310_L001_R1_001.fastq.gz,consolidated_dataset/durance3/15Avi1010Cn05A_S310_L001_R1_001.fastq.gz,move
data/durance3/171103_M03930_0072_000000000-BFWT5/Data/Intensities/BaseCalls/15Avi1010Cn05A_S310_L001_R2_001.fastq.gz,consolidated_dataset/durance3/15Avi1010Cn05A_S310_L001_R2_001.fastq.gz,move
data/durance3/171103_M03930_0072_000000000-BFWT5/Data/Intensities/BaseCalls/15BUe1005Ch05A_S311_L001_R1_001.fastq.gz,consolidated_dataset/durance3/15BUe1005Ch05A_S311_L001_R1_001.fastq.gz,move
data/durance3/171103_M03930_0072_000000000-BFWT5/Data/Intensities/BaseCalls/15BUe1005Ch05A_S311_L001_R2_001.fastq.gz,consolidated_dataset/durance3/15BUe1005Ch05A_S311_L001_R2_001.fastq.gz,move
data/durance3/171103_M03930_0072_000000000-BFWT5/Data/Intensities/BaseCalls/15BUe1013Ch05A_S312_L001_R1_001.fastq.gz,consolidated_dataset/durance3/15BUe1013Ch05A_S312_L001_R1_001.fastq.gz,move
data/durance3/171103_M03930_0072_000000000-BFWT5/Data/Intensities/BaseCalls/15BUe1013Ch05A_S312_L001_R2_001.fastq.gz,consolidated_dataset/durance3/15BUe1013Ch05A_S312_L001_R2_001.fastq.gz,move
data/durance3/171103_M03930_0072_000000000-BFWT5/Data/Intensities/BaseCalls/15Bau1003Ch05A_S313_L001_R1_001.fastq.gz,consolidated_dataset/durance3/15Bau1003Ch05A_S313_L001_R1_001.fastq.gz,move
data/durance3/171103_M03930_0072_000000000-BFWT5/Data/Intensities/BaseCalls/15Bau1003Ch05A_S313_L001_R2_001.fastq.gz,consolidated_dataset/durance3/15Bau1003Ch05A_S313_L001_R2_001.fastq.gz,move
data/durance3/171103_M03930_0072_000000000-BFWT5/Data/Intensities/BaseCalls/15Bau1011Ch05A_S314_L001_R1_001.fastq.gz,consolidated_dataset/durance3/15Bau1011Ch05A_S314_L001_R1_001.fastq.gz,move
data/durance3/171103_M03930_0072_000000000-BFWT5/Data/Intensities/BaseCalls/15Bau1011Ch05A_S314_L001_R2_001.fastq.gz,consolidated_dataset/durance3/15Bau1011Ch05A_S314_L001_R2_001.fastq.gz,move
data/durance3/171103_M03930_0072_000000000-BFWT5/Data/Intensities/BaseCalls/15Bau1019Ch05A_S315_L001_R1_001.fastq.gz,consolidated_dataset/durance3/15Bau1019Ch05A_S315_L001_R1_001.fastq.gz,move
data/durance3/171103_M03930_0072_000000000-BFWT5/Data/Intensities/BaseCalls/15Bau1019Ch05A_S315_L001_R2_001.fastq.gz,consolidated_dataset/durance3/15Bau1019Ch05A_S315_L001_R2_001.fastq.gz,move
data/durance3/171103_M03930_0072_000000000-BFWT5/Data/Intensities/BaseCalls/15Jus1002Ch05A_S316_L001_R1_001.fastq.gz,consolidated_dataset/durance3/15Jus1002Ch05A_S316_L001_R1_001.fastq.gz,move
data/durance3/171103_M03930_0072_000000000-BFWT5/Data/Intensities/BaseCalls/15Jus1002Ch05A_S316_L001_R2_001.fastq.gz,consolidated_dataset/durance3/15Jus1002Ch05A_S316_L001_R2_001.fastq.gz,move
data/durance3/171103_M03930_0072_000000000-BFWT5/Data/Intensities/BaseCalls/15Jus1010Ch05A_S317_L001_R1_001.fastq.gz,consolidated_dataset/durance3/15Jus1010Ch05A_S317_L001_R1_001.fastq.gz,move
data/durance3/171103_M03930_0072_000000000-BFWT5/Data/Intensities/BaseCalls/15Jus1010Ch05A_S317_L001_R2_001.fastq.gz,consolidated_dataset/durance3/15Jus1010Ch05A_S317_L001_R2_001.fastq.gz,move
data/durance3/171103_M03930_0072_000000000-BFWT5/Data/Intensities/BaseCalls/15Jus1018Ch05A_S318_L001_R1_001.fastq.gz,consolidated_dataset/durance3/15Jus1018Ch05A_S318_L001_R1_001.fastq.gz,move
data/durance3/171103_M03930_0072_000000000-BFWT5/Data/Intensities/BaseCalls/15Jus1018Ch05A_S318_L001_R2_001.fastq.gz,consolidated_dataset/durance3/15Jus1018Ch05A_S318_L001_R2_001.fastq.gz,move
data/durance3/171103_M03930_0072_000000000-BFWT5/Data/Intensities/BaseCalls/15Caa1007Ch05A_S319_L001_R1_001.fastq.gz,consolidated_dataset/durance3/15Caa1007Ch05A_S319_L001_R1_001.fastq.gz,move
data/durance3/171103_M03930_0072_000000000-BFWT5/Data/Intensities/BaseCalls/15Caa1007Ch05A_S319_L001_R2_001.fastq.gz,consolidated_dataset/durance3/15Caa1007Ch05A_S319_L001_R2_001.fastq.gz,move
data/durance3/171103_M03930_0072_000000000-BFWT5/Data/Intensities/BaseCalls/15Caa1015Ch05A_S320_L001_R1_001.fastq.gz,consolidated_dataset/durance3/15Caa1015Ch05A_S320_L001_R1_001.fastq.gz,move
data/durance3/171103_M03930_0072_000000000-BFWT5/Data/Intensities/BaseCalls/15Caa1015Ch05A_S320_L001_R2_001.fastq.gz,consolidated_dataset/durance3/15Caa1015Ch05A_S320_L001_R2_001.fastq.gz,move
data/durance3/171103_M03930_0072_000000000-BFWT5/Data/Intensities/BaseCalls/15Avi1003Cn05A_S321_L001_R1_001.fastq.gz,consolidated_dataset/durance3/15Avi1003Cn05A_S321_L001_R1_001.fastq.gz,move
data/durance3/171103_M03930_0072_000000000-BFWT5/Data/Intensities/BaseCalls/15Avi1003Cn05A_S321_L001_R2_001.fastq.gz,consolidated_dataset/durance3/15Avi1003Cn05A_S321_L001_R2_001.fastq.gz,move
data/durance3/171103_M03930_0072_000000000-BFWT5/Data/Intensities/BaseCalls/15Avi1011Cn05A_S322_L001_R1_001.fastq.gz,consolidated_dataset/durance3/15Avi1011Cn05A_S322_L001_R1_001.fastq.gz,move
data/durance3/171103_M03930_0072_000000000-BFWT5/Data/Intensities/BaseCalls/15Avi1011Cn05A_S322_L001_R2_001.fastq.gz,consolidated_dataset/durance3/15Avi1011Cn05A_S322_L001_R2_001.fastq.gz,move
data/durance3/171103_M03930_0072_000000000-BFWT5/Data/Intensities/BaseCalls/15BUe1006Ch05A_S323_L001_R1_001.fastq.gz,consolidated_dataset/durance3/15BUe1006Ch05A_S323_L001_R1_001.fastq.gz,move
data/durance3/171103_M03930_0072_000000000-BFWT5/Data/Intensities/BaseCalls/15BUe1006Ch05A_S323_L001_R2_001.fastq.gz,consolidated_dataset/durance3/15BUe1006Ch05A_S323_L001_R2_001.fastq.gz,move
data/durance3/171103_M03930_0072_000000000-BFWT5/Data/Intensities/BaseCalls/15BUe1014Ch05A_S324_L001_R1_001.fastq.gz,consolidated_dataset/durance3/15BUe1014Ch05A_S324_L001_R1_001.fastq.gz,move
data/durance3/171103_M03930_0072_000000000-BFWT5/Data/Intensities/BaseCalls/15BUe1014Ch05A_S324_L001_R2_001.fastq.gz,consolidated_dataset/durance3/15BUe1014Ch05A_S324_L001_R2_001.fastq.gz,move
data/durance3/171103_M03930_0072_000000000-BFWT5/Data/Intensities/BaseCalls/15Bau1004Ch05A_S325_L001_R1_001.fastq.gz,consolidated_dataset/durance3/15Bau1004Ch05A_S325_L001_R1_001.fastq.gz,move
data/durance3/171103_M03930_0072_000000000-BFWT5/Data/Intensities/BaseCalls/15Bau1004Ch05A_S325_L001_R2_001.fastq.gz,consolidated_dataset/durance3/15Bau1004Ch05A_S325_L001_R2_001.fastq.gz,move
data/durance3/171103_M03930_0072_000000000-BFWT5/Data/Intensities/BaseCalls/15Bau1012Ch05A_S326_L001_R1_001.fastq.gz,consolidated_dataset/durance3/15Bau1012Ch05A_S326_L001_R1_001.fastq.gz,move
data/durance3/171103_M03930_0072_000000000-BFWT5/Data/Intensities/BaseCalls/15Bau1012Ch05A_S326_L001_R2_001.fastq.gz,consolidated_dataset/durance3/15Bau1012Ch05A_S326_L001_R2_001.fastq.gz,move
data/durance3/171103_M03930_0072_000000000-BFWT5/Data/Intensities/BaseCalls/15Bau1020Ch05A_S327_L001_R1_001.fastq.gz,consolidated_dataset/durance3/15Bau1020Ch05A_S327_L001_R1_001.fastq.gz,move
data/durance3/171103_M03930_0072_000000000-BFWT5/Data/Intensities/BaseCalls/15Bau1020Ch05A_S327_L001_R2_001.fastq.gz,consolidated_dataset/durance3/15Bau1020Ch05A_S327_L001_R2_001.fastq.gz,move
data/durance3/171103_M03930_0072_000000000-BFWT5/Data/Intensities/BaseCalls/15Jus1003Ch05A_S328_L001_R1_001.fastq.gz,consolidated_dataset/durance3/15Jus1003Ch05A_S328_L001_R1_001.fastq.gz,move
data/durance3/171103_M03930_0072_000000000-BFWT5/Data/Intensities/BaseCalls/15Jus1003Ch05A_S328_L001_R2_001.fastq.gz,consolidated_dataset/durance3/15Jus1003Ch05A_S328_L001_R2_001.fastq.gz,move
data/durance3/171103_M03930_0072_000000000-BFWT5/Data/Intensities/BaseCalls/15Jus1011Ch05A_S329_L001_R1_001.fastq.gz,consolidated_dataset/durance3/15Jus1011Ch05A_S329_L001_R1_001.fastq.gz,move
data/durance3/171103_M03930_0072_000000000-BFWT5/Data/Intensities/BaseCalls/15Jus1011Ch05A_S329_L001_R2_001.fastq.gz,consolidated_dataset/durance3/15Jus1011Ch05A_S329_L001_R2_001.fastq.gz,move
data/durance3/171103_M03930_0072_000000000-BFWT5/Data/Intensities/BaseCalls/15Jus1019Ch05A_S330_L001_R1_001.fastq.gz,consolidated_dataset/durance3/15Jus1019Ch05A_S330_L001_R1_001.fastq.gz,move
data/durance3/171103_M03930_0072_000000000-BFWT5/Data/Intensities/BaseCalls/15Jus1019Ch05A_S330_L001_R2_001.fastq.gz,consolidated_dataset/durance3/15Jus1019Ch05A_S330_L001_R2_001.fastq.gz,move
data/durance3/171103_M03930_0072_000000000-BFWT5/Data/Intensities/BaseCalls/15Caa1008Ch05A_S331_L001_R1_001.fastq.gz,consolidated_dataset/durance3/15Caa1008Ch05A_S331_L001_R1_001.fastq.gz,move
data/durance3/171103_M03930_0072_000000000-BFWT5/Data/Intensities/BaseCalls/15Caa1008Ch05A_S331_L001_R2_001.fastq.gz,consolidated_dataset/durance3/15Caa1008Ch05A_S331_L001_R2_001.fastq.gz,move
data/durance3/171103_M03930_0072_000000000-BFWT5/Data/Intensities/BaseCalls/15Caa1016Ch05A_S332_L001_R1_001.fastq.gz,consolidated_dataset/durance3/15Caa1016Ch05A_S332_L001_R1_001.fastq.gz,move
data/durance3/171103_M03930_0072_000000000-BFWT5/Data/Intensities/BaseCalls/15Caa1016Ch05A_S332_L001_R2_001.fastq.gz,consolidated_dataset/durance3/15Caa1016Ch05A_S332_L001_R2_001.fastq.gz,move
data/durance3/171103_M03930_0072_000000000-BFWT5/Data/Intensities/BaseCalls/15Avi1004Cn05A_S333_L001_R1_001.fastq.gz,consolidated_dataset/durance3/15Avi1004Cn05A_S333_L001_R1_001.fastq.gz,move
data/durance3/171103_M03930_0072_000000000-BFWT5/Data/Intensities/BaseCalls/15Avi1004Cn05A_S333_L001_R2_001.fastq.gz,consolidated_dataset/durance3/15Avi1004Cn05A_S333_L001_R2_001.fastq.gz,move
data/durance3/171103_M03930_0072_000000000-BFWT5/Data/Intensities/BaseCalls/15Avi1012Pt05A_S334_L001_R1_001.fastq.gz,consolidated_dataset/durance3/15Avi1012Pt05A_S334_L001_R1_001.fastq.gz,move
data/durance3/171103_M03930_0072_000000000-BFWT5/Data/Intensities/BaseCalls/15Avi1012Pt05A_S334_L001_R2_001.fastq.gz,consolidated_dataset/durance3/15Avi1012Pt05A_S334_L001_R2_001.fastq.gz,move
data/durance3/171103_M03930_0072_000000000-BFWT5/Data/Intensities/BaseCalls/15BUe1007Ch05A_S335_L001_R1_001.fastq.gz,consolidated_dataset/durance3/15BUe1007Ch05A_S335_L001_R1_001.fastq.gz,move
data/durance3/171103_M03930_0072_000000000-BFWT5/Data/Intensities/BaseCalls/15BUe1007Ch05A_S335_L001_R2_001.fastq.gz,consolidated_dataset/durance3/15BUe1007Ch05A_S335_L001_R2_001.fastq.gz,move
data/durance3/171103_M03930_0072_000000000-BFWT5/Data/Intensities/BaseCalls/15BUe1015Ch05A_S336_L001_R1_001.fastq.gz,consolidated_dataset/durance3/15BUe1015Ch05A_S336_L001_R1_001.fastq.gz,move
data/durance3/171103_M03930_0072_000000000-BFWT5/Data/Intensities/BaseCalls/15BUe1015Ch05A_S336_L001_R2_001.fastq.gz,consolidated_dataset/durance3/15BUe1015Ch05A_S336_L001_R2_001.fastq.gz,move
data/durance3/171103_M03930_0072_000000000-BFWT5/Data/Intensities/BaseCalls/15Bau1005Ch05A_S337_L001_R1_001.fastq.gz,consolidated_dataset/durance3/15Bau1005Ch05A_S337_L001_R1_001.fastq.gz,move
data/durance3/171103_M03930_0072_000000000-BFWT5/Data/Intensities/BaseCalls/15Bau1005Ch05A_S337_L001_R2_001.fastq.gz,consolidated_dataset/durance3/15Bau1005Ch05A_S337_L001_R2_001.fastq.gz,move
data/durance3/171103_M03930_0072_000000000-BFWT5/Data/Intensities/BaseCalls/15Bau1013Ch05A_S338_L001_R1_001.fastq.gz,consolidated_dataset/durance3/15Bau1013Ch05A_S338_L001_R1_001.fastq.gz,move
data/durance3/171103_M03930_0072_000000000-BFWT5/Data/Intensities/BaseCalls/15Bau1013Ch05A_S338_L001_R2_001.fastq.gz,consolidated_dataset/durance3/15Bau1013Ch05A_S338_L001_R2_001.fastq.gz,move
data/durance3/171103_M03930_0072_000000000-BFWT5/Data/Intensities/BaseCalls/15Bau1021Ch05A_S339_L001_R1_001.fastq.gz,consolidated_dataset/durance3/15Bau1021Ch05A_S339_L001_R1_001.fastq.gz,move
data/durance3/171103_M03930_0072_000000000-BFWT5/Data/Intensities/BaseCalls/15Bau1021Ch05A_S339_L001_R2_001.fastq.gz,consolidated_dataset/durance3/15Bau1021Ch05A_S339_L001_R2_001.fastq.gz,move
data/durance3/171103_M03930_0072_000000000-BFWT5/Data/Intensities/BaseCalls/15Jus1004Ch05A_S340_L001_R1_001.fastq.gz,consolidated_dataset/durance3/15Jus1004Ch05A_S340_L001_R1_001.fastq.gz,move
data/durance3/171103_M03930_0072_000000000-BFWT5/Data/Intensities/BaseCalls/15Jus1004Ch05A_S340_L001_R2_001.fastq.gz,consolidated_dataset/durance3/15Jus1004Ch05A_S340_L001_R2_001.fastq.gz,move
data/durance3/171103_M03930_0072_000000000-BFWT5/Data/Intensities/BaseCalls/15Jus1012Ch05A_S341_L001_R1_001.fastq.gz,consolidated_dataset/durance3/15Jus1012Ch05A_S341_L001_R1_001.fastq.gz,move
data/durance3/171103_M03930_0072_000000000-BFWT5/Data/Intensities/BaseCalls/15Jus1012Ch05A_S341_L001_R2_001.fastq.gz,consolidated_dataset/durance3/15Jus1012Ch05A_S341_L001_R2_001.fastq.gz,move
data/durance3/171103_M03930_0072_000000000-BFWT5/Data/Intensities/BaseCalls/15Caa1001Ch05A_S342_L001_R1_001.fastq.gz,consolidated_dataset/durance3/15Caa1001Ch05A_S342_L001_R1_001.fastq.gz,move
data/durance3/171103_M03930_0072_000000000-BFWT5/Data/Intensities/BaseCalls/15Caa1001Ch05A_S342_L001_R2_001.fastq.gz,consolidated_dataset/durance3/15Caa1001Ch05A_S342_L001_R2_001.fastq.gz,move
data/durance3/171103_M03930_0072_000000000-BFWT5/Data/Intensities/BaseCalls/15Caa1009Ch05A_S343_L001_R1_001.fastq.gz,consolidated_dataset/durance3/15Caa1009Ch05A_S343_L001_R1_001.fastq.gz,move
data/durance3/171103_M03930_0072_000000000-BFWT5/Data/Intensities/BaseCalls/15Caa1009Ch05A_S343_L001_R2_001.fastq.gz,consolidated_dataset/durance3/15Caa1009Ch05A_S343_L001_R2_001.fastq.gz,move
data/durance3/171103_M03930_0072_000000000-BFWT5/Data/Intensities/BaseCalls/15Caa1017Ch05A_S344_L001_R1_001.fastq.gz,consolidated_dataset/durance3/15Caa1017Ch05A_S344_L001_R1_001.fastq.gz,move
data/durance3/171103_M03930_0072_000000000-BFWT5/Data/Intensities/BaseCalls/15Caa1017Ch05A_S344_L001_R2_001.fastq.gz,consolidated_dataset/durance3/15Caa1017Ch05A_S344_L001_R2_001.fastq.gz,move
data/durance3/171103_M03930_0072_000000000-BFWT5/Data/Intensities/BaseCalls/15Avi1005Cn05A_S345_L001_R1_001.fastq.gz,consolidated_dataset/durance3/15Avi1005Cn05A_S345_L001_R1_001.fastq.gz,move
data/durance3/171103_M03930_0072_000000000-BFWT5/Data/Intensities/BaseCalls/15Avi1005Cn05A_S345_L001_R2_001.fastq.gz,consolidated_dataset/durance3/15Avi1005Cn05A_S345_L001_R2_001.fastq.gz,move
data/durance3/171103_M03930_0072_000000000-BFWT5/Data/Intensities/BaseCalls/15Avi1013Pt05A_S346_L001_R1_001.fastq.gz,consolidated_dataset/durance3/15Avi1013Pt05A_S346_L001_R1_001.fastq.gz,move
data/durance3/171103_M03930_0072_000000000-BFWT5/Data/Intensities/BaseCalls/15Avi1013Pt05A_S346_L001_R2_001.fastq.gz,consolidated_dataset/durance3/15Avi1013Pt05A_S346_L001_R2_001.fastq.gz,move
data/durance3/171103_M03930_0072_000000000-BFWT5/Data/Intensities/BaseCalls/15BUe1008Ch05A_S347_L001_R1_001.fastq.gz,consolidated_dataset/durance3/15BUe1008Ch05A_S347_L001_R1_001.fastq.gz,move
data/durance3/171103_M03930_0072_000000000-BFWT5/Data/Intensities/BaseCalls/15BUe1008Ch05A_S347_L001_R2_001.fastq.gz,consolidated_dataset/durance3/15BUe1008Ch05A_S347_L001_R2_001.fastq.gz,move
data/durance3/171103_M03930_0072_000000000-BFWT5/Data/Intensities/BaseCalls/15BUe1016Ch05A_S348_L001_R1_001.fastq.gz,consolidated_dataset/durance3/15BUe1016Ch05A_S348_L001_R1_001.fastq.gz,move
data/durance3/171103_M03930_0072_000000000-BFWT5/Data/Intensities/BaseCalls/15BUe1016Ch05A_S348_L001_R2_001.fastq.gz,consolidated_dataset/durance3/15BUe1016Ch05A_S348_L001_R2_001.fastq.gz,move
data/durance3/171103_M03930_0072_000000000-BFWT5/Data/Intensities/BaseCalls/15Bau1006Ch05A_S349_L001_R1_001.fastq.gz,consolidated_dataset/durance3/15Bau1006Ch05A_S349_L001_R1_001.fastq.gz,move
data/durance3/171103_M03930_0072_000000000-BFWT5/Data/Intensities/BaseCalls/15Bau1006Ch05A_S349_L001_R2_001.fastq.gz,consolidated_dataset/durance3/15Bau1006Ch05A_S349_L001_R2_001.fastq.gz,move
data/durance3/171103_M03930_0072_000000000-BFWT5/Data/Intensities/BaseCalls/15Bau1014Ch05A_S350_L001_R1_001.fastq.gz,consolidated_dataset/durance3/15Bau1014Ch05A_S350_L001_R1_001.fastq.gz,move
data/durance3/171103_M03930_0072_000000000-BFWT5/Data/Intensities/BaseCalls/15Bau1014Ch05A_S350_L001_R2_001.fastq.gz,consolidated_dataset/durance3/15Bau1014Ch05A_S350_L001_R2_001.fastq.gz,move
data/durance3/171103_M03930_0072_000000000-BFWT5/Data/Intensities/BaseCalls/15Bau1022Ch05A_S351_L001_R1_001.fastq.gz,consolidated_dataset/durance3/15Bau1022Ch05A_S351_L001_R1_001.fastq.gz,move
data/durance3/171103_M03930_0072_000000000-BFWT5/Data/Intensities/BaseCalls/15Bau1022Ch05A_S351_L001_R2_001.fastq.gz,consolidated_dataset/durance3/15Bau1022Ch05A_S351_L001_R2_001.fastq.gz,move
data/durance3/171103_M03930_0072_000000000-BFWT5/Data/Intensities/BaseCalls/15Jus1005Ch05A_S352_L001_R1_001.fastq.gz,consolidated_dataset/durance3/15Jus1005Ch05A_S352_L001_R1_001.fastq.gz,move
data/durance3/171103_M03930_0072_000000000-BFWT5/Data/Intensities/BaseCalls/15Jus1005Ch05A_S352_L001_R2_001.fastq.gz,consolidated_dataset/durance3/15Jus1005Ch05A_S352_L001_R2_001.fastq.gz,move
data/durance3/171103_M03930_0072_000000000-BFWT5/Data/Intensities/BaseCalls/15Jus1013Ch05A_S353_L001_R1_001.fastq.gz,consolidated_dataset/durance3/15Jus1013Ch05A_S353_L001_R1_001.fastq.gz,move
data/durance3/171103_M03930_0072_000000000-BFWT5/Data/Intensities/BaseCalls/15Jus1013Ch05A_S353_L001_R2_001.fastq.gz,consolidated_dataset/durance3/15Jus1013Ch05A_S353_L001_R2_001.fastq.gz,move
data/durance3/171103_M03930_0072_000000000-BFWT5/Data/Intensities/BaseCalls/15Caa1002Ch05A_S354_L001_R1_001.fastq.gz,consolidated_dataset/durance3/15Caa1002Ch05A_S354_L001_R1_001.fastq.gz,move
data/durance3/171103_M03930_0072_000000000-BFWT5/Data/Intensities/BaseCalls/15Caa1002Ch05A_S354_L001_R2_001.fastq.gz,consolidated_dataset/durance3/15Caa1002Ch05A_S354_L001_R2_001.fastq.gz,move
data/durance3/171103_M03930_0072_000000000-BFWT5/Data/Intensities/BaseCalls/15Caa1010Ch05A_S355_L001_R1_001.fastq.gz,consolidated_dataset/durance3/15Caa1010Ch05A_S355_L001_R1_001.fastq.gz,move
data/durance3/171103_M03930_0072_000000000-BFWT5/Data/Intensities/BaseCalls/15Caa1010Ch05A_S355_L001_R2_001.fastq.gz,consolidated_dataset/durance3/15Caa1010Ch05A_S355_L001_R2_001.fastq.gz,move
data/durance3/171103_M03930_0072_000000000-BFWT5/Data/Intensities/BaseCalls/15Caa1018Ch05A_S356_L001_R1_001.fastq.gz,consolidated_dataset/durance3/15Caa1018Ch05A_S356_L001_R1_001.fastq.gz,move
data/durance3/171103_M03930_0072_000000000-BFWT5/Data/Intensities/BaseCalls/15Caa1018Ch05A_S356_L001_R2_001.fastq.gz,consolidated_dataset/durance3/15Caa1018Ch05A_S356_L001_R2_001.fastq.gz,move
data/durance3/171103_M03930_0072_000000000-BFWT5/Data/Intensities/BaseCalls/15Avi1006Cn05A_S357_L001_R1_001.fastq.gz,consolidated_dataset/durance3/15Avi1006Cn05A_S357_L001_R1_001.fastq.gz,move
data/durance3/171103_M03930_0072_000000000-BFWT5/Data/Intensities/BaseCalls/15Avi1006Cn05A_S357_L001_R2_001.fastq.gz,consolidated_dataset/durance3/15Avi1006Cn05A_S357_L001_R2_001.fastq.gz,move
data/durance3/171103_M03930_0072_000000000-BFWT5/Data/Intensities/BaseCalls/15Bue1001Ch05A_S358_L001_R1_001.fastq.gz,consolidated_dataset/durance3/15Bue1001Ch05A_S358_L001_R1_001.fastq.gz,move
data/durance3/171103_M03930_0072_000000000-BFWT5/Data/Intensities/BaseCalls/15Bue1001Ch05A_S358_L001_R2_001.fastq.gz,consolidated_dataset/durance3/15Bue1001Ch05A_S358_L001_R2_001.fastq.gz,move
data/durance3/171103_M03930_0072_000000000-BFWT5/Data/Intensities/BaseCalls/15BUe1009Ch05A_S359_L001_R1_001.fastq.gz,consolidated_dataset/durance3/15BUe1009Ch05A_S359_L001_R1_001.fastq.gz,move
data/durance3/171103_M03930_0072_000000000-BFWT5/Data/Intensities/BaseCalls/15BUe1009Ch05A_S359_L001_R2_001.fastq.gz,consolidated_dataset/durance3/15BUe1009Ch05A_S359_L001_R2_001.fastq.gz,move
data/durance3/171103_M03930_0072_000000000-BFWT5/Data/Intensities/BaseCalls/15BUe1017Ch05A_S360_L001_R1_001.fastq.gz,consolidated_dataset/durance3/15BUe1017Ch05A_S360_L001_R1_001.fastq.gz,move
data/durance3/171103_M03930_0072_000000000-BFWT5/Data/Intensities/BaseCalls/15BUe1017Ch05A_S360_L001_R2_001.fastq.gz,consolidated_dataset/durance3/15BUe1017Ch05A_S360_L001_R2_001.fastq.gz,move
data/durance3/171103_M03930_0072_000000000-BFWT5/Data/Intensities/BaseCalls/15Bau1007Ch05A_S361_L001_R1_001.fastq.gz,consolidated_dataset/durance3/15Bau1007Ch05A_S361_L001_R1_001.fastq.gz,move
data/durance3/171103_M03930_0072_000000000-BFWT5/Data/Intensities/BaseCalls/15Bau1007Ch05A_S361_L001_R2_001.fastq.gz,consolidated_dataset/durance3/15Bau1007Ch05A_S361_L001_R2_001.fastq.gz,move
data/durance3/171103_M03930_0072_000000000-BFWT5/Data/Intensities/BaseCalls/15Bau1015Ch05A_S362_L001_R1_001.fastq.gz,consolidated_dataset/durance3/15Bau1015Ch05A_S362_L001_R1_001.fastq.gz,move
data/durance3/171103_M03930_0072_000000000-BFWT5/Data/Intensities/BaseCalls/15Bau1015Ch05A_S362_L001_R2_001.fastq.gz,consolidated_dataset/durance3/15Bau1015Ch05A_S362_L001_R2_001.fastq.gz,move
data/durance3/171103_M03930_0072_000000000-BFWT5/Data/Intensities/BaseCalls/15Bau1023Ch05A_S363_L001_R1_001.fastq.gz,consolidated_dataset/durance3/15Bau1023Ch05A_S363_L001_R1_001.fastq.gz,move
data/durance3/171103_M03930_0072_000000000-BFWT5/Data/Intensities/BaseCalls/15Bau1023Ch05A_S363_L001_R2_001.fastq.gz,consolidated_dataset/durance3/15Bau1023Ch05A_S363_L001_R2_001.fastq.gz,move
data/durance3/171103_M03930_0072_000000000-BFWT5/Data/Intensities/BaseCalls/15Jus1006Ch05A_S364_L001_R1_001.fastq.gz,consolidated_dataset/durance3/15Jus1006Ch05A_S364_L001_R1_001.fastq.gz,move
data/durance3/171103_M03930_0072_000000000-BFWT5/Data/Intensities/BaseCalls/15Jus1006Ch05A_S364_L001_R2_001.fastq.gz,consolidated_dataset/durance3/15Jus1006Ch05A_S364_L001_R2_001.fastq.gz,move
data/durance3/171103_M03930_0072_000000000-BFWT5/Data/Intensities/BaseCalls/15Jus1014Ch05A_S365_L001_R1_001.fastq.gz,consolidated_dataset/durance3/15Jus1014Ch05A_S365_L001_R1_001.fastq.gz,move
data/durance3/171103_M03930_0072_000000000-BFWT5/Data/Intensities/BaseCalls/15Jus1014Ch05A_S365_L001_R2_001.fastq.gz,consolidated_dataset/durance3/15Jus1014Ch05A_S365_L001_R2_001.fastq.gz,move
data/durance3/171103_M03930_0072_000000000-BFWT5/Data/Intensities/BaseCalls/15Caa1003Ch05A_S366_L001_R1_001.fastq.gz,consolidated_dataset/durance3/15Caa1003Ch05A_S366_L001_R1_001.fastq.gz,move
data/durance3/171103_M03930_0072_000000000-BFWT5/Data/Intensities/BaseCalls/15Caa1003Ch05A_S366_L001_R2_001.fastq.gz,consolidated_dataset/durance3/15Caa1003Ch05A_S366_L001_R2_001.fastq.gz,move
data/durance3/171103_M03930_0072_000000000-BFWT5/Data/Intensities/BaseCalls/15Caa1011Ch05A_S367_L001_R1_001.fastq.gz,consolidated_dataset/durance3/15Caa1011Ch05A_S367_L001_R1_001.fastq.gz,move
data/durance3/171103_M03930_0072_000000000-BFWT5/Data/Intensities/BaseCalls/15Caa1011Ch05A_S367_L001_R2_001.fastq.gz,consolidated_dataset/durance3/15Caa1011Ch05A_S367_L001_R2_001.fastq.gz,move
data/durance3/171103_M03930_0072_000000000-BFWT5/Data/Intensities/BaseCalls/15Caa1019Ch05A_S368_L001_R1_001.fastq.gz,consolidated_dataset/durance3/15Caa1019Ch05A_S368_L001_R1_001.fastq.gz,move
data/durance3/171103_M03930_0072_000000000-BFWT5/Data/Intensities/BaseCalls/15Caa1019Ch05A_S368_L001_R2_001.fastq.gz,consolidated_dataset/durance3/15Caa1019Ch05A_S368_L001_R2_001.fastq.gz,move
data/durance3/171103_M03930_0072_000000000-BFWT5/Data/Intensities/BaseCalls/15Avi1007Cn05A_S369_L001_R1_001.fastq.gz,consolidated_dataset/durance3/15Avi1007Cn05A_S369_L001_R1_001.fastq.gz,move
data/durance3/171103_M03930_0072_000000000-BFWT5/Data/Intensities/BaseCalls/15Avi1007Cn05A_S369_L001_R2_001.fastq.gz,consolidated_dataset/durance3/15Avi1007Cn05A_S369_L001_R2_001.fastq.gz,move
data/durance3/171103_M03930_0072_000000000-BFWT5/Data/Intensities/BaseCalls/15BUe1002Ch05A_S370_L001_R1_001.fastq.gz,consolidated_dataset/durance3/15BUe1002Ch05A_S370_L001_R1_001.fastq.gz,move
data/durance3/171103_M03930_0072_000000000-BFWT5/Data/Intensities/BaseCalls/15BUe1002Ch05A_S370_L001_R2_001.fastq.gz,consolidated_dataset/durance3/15BUe1002Ch05A_S370_L001_R2_001.fastq.gz,move
data/durance3/171103_M03930_0072_000000000-BFWT5/Data/Intensities/BaseCalls/15BUe1010Ch05A_S371_L001_R1_001.fastq.gz,consolidated_dataset/durance3/15BUe1010Ch05A_S371_L001_R1_001.fastq.gz,move
data/durance3/171103_M03930_0072_000000000-BFWT5/Data/Intensities/BaseCalls/15BUe1010Ch05A_S371_L001_R2_001.fastq.gz,consolidated_dataset/durance3/15BUe1010Ch05A_S371_L001_R2_001.fastq.gz,move
data/durance3/171103_M03930_0072_000000000-BFWT5/Data/Intensities/BaseCalls/15BUe1018Ch05A_S372_L001_R1_001.fastq.gz,consolidated_dataset/durance3/15BUe1018Ch05A_S372_L001_R1_001.fastq.gz,move
data/durance3/171103_M03930_0072_000000000-BFWT5/Data/Intensities/BaseCalls/15BUe1018Ch05A_S372_L001_R2_001.fastq.gz,consolidated_dataset/durance3/15BUe1018Ch05A_S372_L001_R2_001.fastq.gz,move
data/durance3/171103_M03930_0072_000000000-BFWT5/Data/Intensities/BaseCalls/15Bau1008Ch05A_S373_L001_R1_001.fastq.gz,consolidated_dataset/durance3/15Bau1008Ch05A_S373_L001_R1_001.fastq.gz,move
data/durance3/171103_M03930_0072_000000000-BFWT5/Data/Intensities/BaseCalls/15Bau1008Ch05A_S373_L001_R2_001.fastq.gz,consolidated_dataset/durance3/15Bau1008Ch05A_S373_L001_R2_001.fastq.gz,move
data/durance3/171103_M03930_0072_000000000-BFWT5/Data/Intensities/BaseCalls/15Bau1016Ch05A_S374_L001_R1_001.fastq.gz,consolidated_dataset/durance3/15Bau1016Ch05A_S374_L001_R1_001.fastq.gz,move
data/durance3/171103_M03930_0072_000000000-BFWT5/Data/Intensities/BaseCalls/15Bau1016Ch05A_S374_L001_R2_001.fastq.gz,consolidated_dataset/durance3/15Bau1016Ch05A_S374_L001_R2_001.fastq.gz,move
data/durance3/171103_M03930_0072_000000000-BFWT5/Data/Intensities/BaseCalls/15Bau1024Ch05A_S375_L001_R1_001.fastq.gz,consolidated_dataset/durance3/15Bau1024Ch05A_S375_L001_R1_001.fastq.gz,move
data/durance3/171103_M03930_0072_000000000-BFWT5/Data/Intensities/BaseCalls/15Bau1024Ch05A_S375_L001_R2_001.fastq.gz,consolidated_dataset/durance3/15Bau1024Ch05A_S375_L001_R2_001.fastq.gz,move
data/durance3/171103_M03930_0072_000000000-BFWT5/Data/Intensities/BaseCalls/15Jus1007Ch05A_S376_L001_R1_001.fastq.gz,consolidated_dataset/durance3/15Jus1007Ch05A_S376_L001_R1_001.fastq.gz,move
data/durance3/171103_M03930_0072_000000000-BFWT5/Data/Intensities/BaseCalls/15Jus1007Ch05A_S376_L001_R2_001.fastq.gz,consolidated_dataset/durance3/15Jus1007Ch05A_S376_L001_R2_001.fastq.gz,move
data/durance3/171103_M03930_0072_000000000-BFWT5/Data/Intensities/BaseCalls/15Jus1015Ch05A_S377_L001_R1_001.fastq.gz,consolidated_dataset/durance3/15Jus1015Ch05A_S377_L001_R1_001.fastq.gz,move
data/durance3/171103_M03930_0072_000000000-BFWT5/Data/Intensities/BaseCalls/15Jus1015Ch05A_S377_L001_R2_001.fastq.gz,consolidated_dataset/durance3/15Jus1015Ch05A_S377_L001_R2_001.fastq.gz,move
data/durance3/171103_M03930_0072_000000000-BFWT5/Data/Intensities/BaseCalls/15Caa1004Ch05A_S378_L001_R1_001.fastq.gz,consolidated_dataset/durance3/15Caa1004Ch05A_S378_L001_R1_001.fastq.gz,move
data/durance3/171103_M03930_0072_000000000-BFWT5/Data/Intensities/BaseCalls/15Caa1004Ch05A_S378_L001_R2_001.fastq.gz,consolidated_dataset/durance3/15Caa1004Ch05A_S378_L001_R2_001.fastq.gz,move
data/durance3/171103_M03930_0072_000000000-BFWT5/Data/Intensities/BaseCalls/15Caa1012Ch05A_S379_L001_R1_001.fastq.gz,consolidated_dataset/durance3/15Caa1012Ch05A_S379_L001_R1_001.fastq.gz,move
data/durance3/171103_M03930_0072_000000000-BFWT5/Data/Intensities/BaseCalls/15Caa1012Ch05A_S379_L001_R2_001.fastq.gz,consolidated_dataset/durance3/15Caa1012Ch05A_S379_L001_R2_001.fastq.gz,move
data/durance3/171103_M03930_0072_000000000-BFWT5/Data/Intensities/BaseCalls/15Caa1020Ch05A_S380_L001_R1_001.fastq.gz,consolidated_dataset/durance3/15Caa1020Ch05A_S380_L001_R1_001.fastq.gz,move
data/durance3/171103_M03930_0072_000000000-BFWT5/Data/Intensities/BaseCalls/15Caa1020Ch05A_S380_L001_R2_001.fastq.gz,consolidated_dataset/durance3/15Caa1020Ch05A_S380_L001_R2_001.fastq.gz,move
data/durance3/171103_M03930_0072_000000000-BFWT5/Data/Intensities/BaseCalls/15Avi1008Cn05A_S381_L001_R1_001.fastq.gz,consolidated_dataset/durance3/15Avi1008Cn05A_S381_L001_R1_001.fastq.gz,move
data/durance3/171103_M03930_0072_000000000-BFWT5/Data/Intensities/BaseCalls/15Avi1008Cn05A_S381_L001_R2_001.fastq.gz,consolidated_dataset/durance3/15Avi1008Cn05A_S381_L001_R2_001.fastq.gz,move
data/durance3/171103_M03930_0072_000000000-BFWT5/Data/Intensities/BaseCalls/15BUe1003Ch05A_S382_L001_R1_001.fastq.gz,consolidated_dataset/durance3/15BUe1003Ch05A_S382_L001_R1_001.fastq.gz,move
data/durance3/171103_M03930_0072_000000000-BFWT5/Data/Intensities/BaseCalls/15BUe1003Ch05A_S382_L001_R2_001.fastq.gz,consolidated_dataset/durance3/15BUe1003Ch05A_S382_L001_R2_001.fastq.gz,move
data/durance3/171103_M03930_0072_000000000-BFWT5/Data/Intensities/BaseCalls/15BUe1011Ch05A_S383_L001_R1_001.fastq.gz,consolidated_dataset/durance3/15BUe1011Ch05A_S383_L001_R1_001.fastq.gz,move
data/durance3/171103_M03930_0072_000000000-BFWT5/Data/Intensities/BaseCalls/15BUe1011Ch05A_S383_L001_R2_001.fastq.gz,consolidated_dataset/durance3/15BUe1011Ch05A_S383_L001_R2_001.fastq.gz,move
data/durance3/171103_M03930_0072_000000000-BFWT5/Data/Intensities/BaseCalls/T-4_S384_L001_R1_001.fastq.gz,consolidated_dataset/durance3/T-4_S384_L001_R1_001.fastq.gz,move
data/durance3/171103_M03930_0072_000000000-BFWT5/Data/Intensities/BaseCalls/T-4_S384_L001_R2_001.fastq.gz,consolidated_dataset/durance3/T-4_S384_L001_R2_001.fastq.gz,move
data/durance3/171103_M03930_0072_000000000-BFWT5/Data/Intensities/BaseCalls/14Ain1001Cn03A_S385_L001_R1_001.fastq.gz,consolidated_dataset/durance3/14Ain1001Cn03A_S385_L001_R1_001.fastq.gz,move
data/durance3/171103_M03930_0072_000000000-BFWT5/Data/Intensities/BaseCalls/14Ain1001Cn03A_S385_L001_R2_001.fastq.gz,consolidated_dataset/durance3/14Ain1001Cn03A_S385_L001_R2_001.fastq.gz,move
data/durance3/171103_M03930_0072_000000000-BFWT5/Data/Intensities/BaseCalls/14Ain1038Pt03A_S386_L001_R1_001.fastq.gz,consolidated_dataset/durance3/14Ain1038Pt03A_S386_L001_R1_001.fastq.gz,move
data/durance3/171103_M03930_0072_000000000-BFWT5/Data/Intensities/BaseCalls/14Ain1038Pt03A_S386_L001_R2_001.fastq.gz,consolidated_dataset/durance3/14Ain1038Pt03A_S386_L001_R2_001.fastq.gz,move
data/durance3/171103_M03930_0072_000000000-BFWT5/Data/Intensities/BaseCalls/15Cab1003Ch03A_S387_L001_R1_001.fastq.gz,consolidated_dataset/durance3/15Cab1003Ch03A_S387_L001_R1_001.fastq.gz,move
data/durance3/171103_M03930_0072_000000000-BFWT5/Data/Intensities/BaseCalls/15Cab1003Ch03A_S387_L001_R2_001.fastq.gz,consolidated_dataset/durance3/15Cab1003Ch03A_S387_L001_R2_001.fastq.gz,move
data/durance3/171103_M03930_0072_000000000-BFWT5/Data/Intensities/BaseCalls/15Cab1011Ch03A_S388_L001_R1_001.fastq.gz,consolidated_dataset/durance3/15Cab1011Ch03A_S388_L001_R1_001.fastq.gz,move
data/durance3/171103_M03930_0072_000000000-BFWT5/Data/Intensities/BaseCalls/15Cab1011Ch03A_S388_L001_R2_001.fastq.gz,consolidated_dataset/durance3/15Cab1011Ch03A_S388_L001_R2_001.fastq.gz,move
data/durance3/171103_M03930_0072_000000000-BFWT5/Data/Intensities/BaseCalls/15Cab1019Ch03A_S389_L001_R1_001.fastq.gz,consolidated_dataset/durance3/15Cab1019Ch03A_S389_L001_R1_001.fastq.gz,move
data/durance3/171103_M03930_0072_000000000-BFWT5/Data/Intensities/BaseCalls/15Cab1019Ch03A_S389_L001_R2_001.fastq.gz,consolidated_dataset/durance3/15Cab1019Ch03A_S389_L001_R2_001.fastq.gz,move
data/durance3/171103_M03930_0072_000000000-BFWT5/Data/Intensities/BaseCalls/14Avi1008Cn03A_S390_L001_R1_001.fastq.gz,consolidated_dataset/durance3/14Avi1008Cn03A_S390_L001_R1_001.fastq.gz,move
data/durance3/171103_M03930_0072_000000000-BFWT5/Data/Intensities/BaseCalls/14Avi1008Cn03A_S390_L001_R2_001.fastq.gz,consolidated_dataset/durance3/14Avi1008Cn03A_S390_L001_R2_001.fastq.gz,move
data/durance3/171103_M03930_0072_000000000-BFWT5/Data/Intensities/BaseCalls/14Bue1005Cn03A_S391_L001_R1_001.fastq.gz,consolidated_dataset/durance3/14Bue1005Cn03A_S391_L001_R1_001.fastq.gz,move
data/durance3/171103_M03930_0072_000000000-BFWT5/Data/Intensities/BaseCalls/14Bue1005Cn03A_S391_L001_R2_001.fastq.gz,consolidated_dataset/durance3/14Bue1005Cn03A_S391_L001_R2_001.fastq.gz,move
data/durance3/171103_M03930_0072_000000000-BFWT5/Data/Intensities/BaseCalls/14Bue1015Ch03A_S392_L001_R1_001.fastq.gz,consolidated_dataset/durance3/14Bue1015Ch03A_S392_L001_R1_001.fastq.gz,move
data/durance3/171103_M03930_0072_000000000-BFWT5/Data/Intensities/BaseCalls/14Bue1015Ch03A_S392_L001_R2_001.fastq.gz,consolidated_dataset/durance3/14Bue1015Ch03A_S392_L001_R2_001.fastq.gz,move
data/durance3/171103_M03930_0072_000000000-BFWT5/Data/Intensities/BaseCalls/14Man1011Ch03A_S393_L001_R1_001.fastq.gz,consolidated_dataset/durance3/14Man1011Ch03A_S393_L001_R1_001.fastq.gz,move
data/durance3/171103_M03930_0072_000000000-BFWT5/Data/Intensities/BaseCalls/14Man1011Ch03A_S393_L001_R2_001.fastq.gz,consolidated_dataset/durance3/14Man1011Ch03A_S393_L001_R2_001.fastq.gz,move
data/durance3/171103_M03930_0072_000000000-BFWT5/Data/Intensities/BaseCalls/14Man1019Ch03A_S394_L001_R1_001.fastq.gz,consolidated_dataset/durance3/14Man1019Ch03A_S394_L001_R1_001.fastq.gz,move
data/durance3/171103_M03930_0072_000000000-BFWT5/Data/Intensities/BaseCalls/14Man1019Ch03A_S394_L001_R2_001.fastq.gz,consolidated_dataset/durance3/14Man1019Ch03A_S394_L001_R2_001.fastq.gz,move
data/durance3/171103_M03930_0072_000000000-BFWT5/Data/Intensities/BaseCalls/14Per2011Ch03A_S395_L001_R1_001.fastq.gz,consolidated_dataset/durance3/14Per2011Ch03A_S395_L001_R1_001.fastq.gz,move
data/durance3/171103_M03930_0072_000000000-BFWT5/Data/Intensities/BaseCalls/14Per2011Ch03A_S395_L001_R2_001.fastq.gz,consolidated_dataset/durance3/14Per2011Ch03A_S395_L001_R2_001.fastq.gz,move
data/durance3/171103_M03930_0072_000000000-BFWT5/Data/Intensities/BaseCalls/14Per2011Ch03A-bis_S396_L001_R1_001.fastq.gz,consolidated_dataset/durance3/14Per2011Ch03A-bis_S396_L001_R1_001.fastq.gz,move
data/durance3/171103_M03930_0072_000000000-BFWT5/Data/Intensities/BaseCalls/14Per2011Ch03A-bis_S396_L001_R2_001.fastq.gz,consolidated_dataset/durance3/14Per2011Ch03A-bis_S396_L001_R2_001.fastq.gz,move
data/durance3/171103_M03930_0072_000000000-BFWT5/Data/Intensities/BaseCalls/14Ain1002Cn03A_S397_L001_R1_001.fastq.gz,consolidated_dataset/durance3/14Ain1002Cn03A_S397_L001_R1_001.fastq.gz,move
data/durance3/171103_M03930_0072_000000000-BFWT5/Data/Intensities/BaseCalls/14Ain1002Cn03A_S397_L001_R2_001.fastq.gz,consolidated_dataset/durance3/14Ain1002Cn03A_S397_L001_R2_001.fastq.gz,move
data/durance3/171103_M03930_0072_000000000-BFWT5/Data/Intensities/BaseCalls/14Ain1039Pt03A_S398_L001_R1_001.fastq.gz,consolidated_dataset/durance3/14Ain1039Pt03A_S398_L001_R1_001.fastq.gz,move
data/durance3/171103_M03930_0072_000000000-BFWT5/Data/Intensities/BaseCalls/14Ain1039Pt03A_S398_L001_R2_001.fastq.gz,consolidated_dataset/durance3/14Ain1039Pt03A_S398_L001_R2_001.fastq.gz,move
data/durance3/171103_M03930_0072_000000000-BFWT5/Data/Intensities/BaseCalls/15Cab1004Ch03A_S399_L001_R1_001.fastq.gz,consolidated_dataset/durance3/15Cab1004Ch03A_S399_L001_R1_001.fastq.gz,move
data/durance3/171103_M03930_0072_000000000-BFWT5/Data/Intensities/BaseCalls/15Cab1004Ch03A_S399_L001_R2_001.fastq.gz,consolidated_dataset/durance3/15Cab1004Ch03A_S399_L001_R2_001.fastq.gz,move
data/durance3/171103_M03930_0072_000000000-BFWT5/Data/Intensities/BaseCalls/15Cab1012Ch03A_S400_L001_R1_001.fastq.gz,consolidated_dataset/durance3/15Cab1012Ch03A_S400_L001_R1_001.fastq.gz,move
data/durance3/171103_M03930_0072_000000000-BFWT5/Data/Intensities/BaseCalls/15Cab1012Ch03A_S400_L001_R2_001.fastq.gz,consolidated_dataset/durance3/15Cab1012Ch03A_S400_L001_R2_001.fastq.gz,move
data/durance3/171103_M03930_0072_000000000-BFWT5/Data/Intensities/BaseCalls/14Avi1001Cn03A_S401_L001_R1_001.fastq.gz,consolidated_dataset/durance3/14Avi1001Cn03A_S401_L001_R1_001.fastq.gz,move
data/durance3/171103_M03930_0072_000000000-BFWT5/Data/Intensities/BaseCalls/14Avi1001Cn03A_S401_L001_R2_001.fastq.gz,consolidated_dataset/durance3/14Avi1001Cn03A_S401_L001_R2_001.fastq.gz,move
data/durance3/171103_M03930_0072_000000000-BFWT5/Data/Intensities/BaseCalls/14Avi1036-Cn03A_S402_L001_R1_001.fastq.gz,consolidated_dataset/durance3/14Avi1036-Cn03A_S402_L001_R1_001.fastq.gz,move
data/durance3/171103_M03930_0072_000000000-BFWT5/Data/Intensities/BaseCalls/14Avi1036-Cn03A_S402_L001_R2_001.fastq.gz,consolidated_dataset/durance3/14Avi1036-Cn03A_S402_L001_R2_001.fastq.gz,move
data/durance3/171103_M03930_0072_000000000-BFWT5/Data/Intensities/BaseCalls/14Bue1006Cn03A_S403_L001_R1_001.fastq.gz,consolidated_dataset/durance3/14Bue1006Cn03A_S403_L001_R1_001.fastq.gz,move
data/durance3/171103_M03930_0072_000000000-BFWT5/Data/Intensities/BaseCalls/14Bue1006Cn03A_S403_L001_R2_001.fastq.gz,consolidated_dataset/durance3/14Bue1006Cn03A_S403_L001_R2_001.fastq.gz,move
data/durance3/171103_M03930_0072_000000000-BFWT5/Data/Intensities/BaseCalls/14Bue1016Ch03A_S404_L001_R1_001.fastq.gz,consolidated_dataset/durance3/14Bue1016Ch03A_S404_L001_R1_001.fastq.gz,move
data/durance3/171103_M03930_0072_000000000-BFWT5/Data/Intensities/BaseCalls/14Bue1016Ch03A_S404_L001_R2_001.fastq.gz,consolidated_dataset/durance3/14Bue1016Ch03A_S404_L001_R2_001.fastq.gz,move
data/durance3/171103_M03930_0072_000000000-BFWT5/Data/Intensities/BaseCalls/14Man1012Ch03A_S405_L001_R1_001.fastq.gz,consolidated_dataset/durance3/14Man1012Ch03A_S405_L001_R1_001.fastq.gz,move
data/durance3/171103_M03930_0072_000000000-BFWT5/Data/Intensities/BaseCalls/14Man1012Ch03A_S405_L001_R2_001.fastq.gz,consolidated_dataset/durance3/14Man1012Ch03A_S405_L001_R2_001.fastq.gz,move
data/durance3/171103_M03930_0072_000000000-BFWT5/Data/Intensities/BaseCalls/14Man1020Ch03A_S406_L001_R1_001.fastq.gz,consolidated_dataset/durance3/14Man1020Ch03A_S406_L001_R1_001.fastq.gz,move
data/durance3/171103_M03930_0072_000000000-BFWT5/Data/Intensities/BaseCalls/14Man1020Ch03A_S406_L001_R2_001.fastq.gz,consolidated_dataset/durance3/14Man1020Ch03A_S406_L001_R2_001.fastq.gz,move
data/durance3/171103_M03930_0072_000000000-BFWT5/Data/Intensities/BaseCalls/14Per2012Ch03A_S407_L001_R1_001.fastq.gz,consolidated_dataset/durance3/14Per2012Ch03A_S407_L001_R1_001.fastq.gz,move
data/durance3/171103_M03930_0072_000000000-BFWT5/Data/Intensities/BaseCalls/14Per2012Ch03A_S407_L001_R2_001.fastq.gz,consolidated_dataset/durance3/14Per2012Ch03A_S407_L001_R2_001.fastq.gz,move
data/durance3/171103_M03930_0072_000000000-BFWT5/Data/Intensities/BaseCalls/14Per2012Ch03A-bis_S408_L001_R1_001.fastq.gz,consolidated_dataset/durance3/14Per2012Ch03A-bis_S408_L001_R1_001.fastq.gz,move
data/durance3/171103_M03930_0072_000000000-BFWT5/Data/Intensities/BaseCalls/14Per2012Ch03A-bis_S408_L001_R2_001.fastq.gz,consolidated_dataset/durance3/14Per2012Ch03A-bis_S408_L001_R2_001.fastq.gz,move
data/durance3/171103_M03930_0072_000000000-BFWT5/Data/Intensities/BaseCalls/14Ain1011Pt03A_S409_L001_R1_001.fastq.gz,consolidated_dataset/durance3/14Ain1011Pt03A_S409_L001_R1_001.fastq.gz,move
data/durance3/171103_M03930_0072_000000000-BFWT5/Data/Intensities/BaseCalls/14Ain1011Pt03A_S409_L001_R2_001.fastq.gz,consolidated_dataset/durance3/14Ain1011Pt03A_S409_L001_R2_001.fastq.gz,move
data/durance3/171103_M03930_0072_000000000-BFWT5/Data/Intensities/BaseCalls/14Ain1040Pt03A_S410_L001_R1_001.fastq.gz,consolidated_dataset/durance3/14Ain1040Pt03A_S410_L001_R1_001.fastq.gz,move
data/durance3/171103_M03930_0072_000000000-BFWT5/Data/Intensities/BaseCalls/14Ain1040Pt03A_S410_L001_R2_001.fastq.gz,consolidated_dataset/durance3/14Ain1040Pt03A_S410_L001_R2_001.fastq.gz,move
data/durance3/171103_M03930_0072_000000000-BFWT5/Data/Intensities/BaseCalls/15Cab1005Ch03A_S411_L001_R1_001.fastq.gz,consolidated_dataset/durance3/15Cab1005Ch03A_S411_L001_R1_001.fastq.gz,move
data/durance3/171103_M03930_0072_000000000-BFWT5/Data/Intensities/BaseCalls/15Cab1005Ch03A_S411_L001_R2_001.fastq.gz,consolidated_dataset/durance3/15Cab1005Ch03A_S411_L001_R2_001.fastq.gz,move
data/durance3/171103_M03930_0072_000000000-BFWT5/Data/Intensities/BaseCalls/15Cab1013Ch03A_S412_L001_R1_001.fastq.gz,consolidated_dataset/durance3/15Cab1013Ch03A_S412_L001_R1_001.fastq.gz,move
data/durance3/171103_M03930_0072_000000000-BFWT5/Data/Intensities/BaseCalls/15Cab1013Ch03A_S412_L001_R2_001.fastq.gz,consolidated_dataset/durance3/15Cab1013Ch03A_S412_L001_R2_001.fastq.gz,move
data/durance3/171103_M03930_0072_000000000-BFWT5/Data/Intensities/BaseCalls/14Avi1002Cn03A_S413_L001_R1_001.fastq.gz,consolidated_dataset/durance3/14Avi1002Cn03A_S413_L001_R1_001.fastq.gz,move
data/durance3/171103_M03930_0072_000000000-BFWT5/Data/Intensities/BaseCalls/14Avi1002Cn03A_S413_L001_R2_001.fastq.gz,consolidated_dataset/durance3/14Avi1002Cn03A_S413_L001_R2_001.fastq.gz,move
data/durance3/171103_M03930_0072_000000000-BFWT5/Data/Intensities/BaseCalls/14Avi1037Cn03A_S414_L001_R1_001.fastq.gz,consolidated_dataset/durance3/14Avi1037Cn03A_S414_L001_R1_001.fastq.gz,move
data/durance3/171103_M03930_0072_000000000-BFWT5/Data/Intensities/BaseCalls/14Avi1037Cn03A_S414_L001_R2_001.fastq.gz,consolidated_dataset/durance3/14Avi1037Cn03A_S414_L001_R2_001.fastq.gz,move
data/durance3/171103_M03930_0072_000000000-BFWT5/Data/Intensities/BaseCalls/14Bue1007Cn03A_S415_L001_R1_001.fastq.gz,consolidated_dataset/durance3/14Bue1007Cn03A_S415_L001_R1_001.fastq.gz,move
data/durance3/171103_M03930_0072_000000000-BFWT5/Data/Intensities/BaseCalls/14Bue1007Cn03A_S415_L001_R2_001.fastq.gz,consolidated_dataset/durance3/14Bue1007Cn03A_S415_L001_R2_001.fastq.gz,move
data/durance3/171103_M03930_0072_000000000-BFWT5/Data/Intensities/BaseCalls/14Bue1017Ch03A_S416_L001_R1_001.fastq.gz,consolidated_dataset/durance3/14Bue1017Ch03A_S416_L001_R1_001.fastq.gz,move
data/durance3/171103_M03930_0072_000000000-BFWT5/Data/Intensities/BaseCalls/14Bue1017Ch03A_S416_L001_R2_001.fastq.gz,consolidated_dataset/durance3/14Bue1017Ch03A_S416_L001_R2_001.fastq.gz,move
data/durance3/171103_M03930_0072_000000000-BFWT5/Data/Intensities/BaseCalls/14Man1013Ch03A_S417_L001_R1_001.fastq.gz,consolidated_dataset/durance3/14Man1013Ch03A_S417_L001_R1_001.fastq.gz,move
data/durance3/171103_M03930_0072_000000000-BFWT5/Data/Intensities/BaseCalls/14Man1013Ch03A_S417_L001_R2_001.fastq.gz,consolidated_dataset/durance3/14Man1013Ch03A_S417_L001_R2_001.fastq.gz,move
data/durance3/171103_M03930_0072_000000000-BFWT5/Data/Intensities/BaseCalls/14Man1021Ch03A_S418_L001_R1_001.fastq.gz,consolidated_dataset/durance3/14Man1021Ch03A_S418_L001_R1_001.fastq.gz,move
data/durance3/171103_M03930_0072_000000000-BFWT5/Data/Intensities/BaseCalls/14Man1021Ch03A_S418_L001_R2_001.fastq.gz,consolidated_dataset/durance3/14Man1021Ch03A_S418_L001_R2_001.fastq.gz,move
data/durance3/171103_M03930_0072_000000000-BFWT5/Data/Intensities/BaseCalls/14Per2013Ch03A_S419_L001_R1_001.fastq.gz,consolidated_dataset/durance3/14Per2013Ch03A_S419_L001_R1_001.fastq.gz,move
data/durance3/171103_M03930_0072_000000000-BFWT5/Data/Intensities/BaseCalls/14Per2013Ch03A_S419_L001_R2_001.fastq.gz,consolidated_dataset/durance3/14Per2013Ch03A_S419_L001_R2_001.fastq.gz,move
data/durance3/171103_M03930_0072_000000000-BFWT5/Data/Intensities/BaseCalls/empty-12_S420_L001_R1_001.fastq.gz,consolidated_dataset/durance3/empty-12_S420_L001_R1_001.fastq.gz,move
data/durance3/171103_M03930_0072_000000000-BFWT5/Data/Intensities/BaseCalls/empty-12_S420_L001_R2_001.fastq.gz,consolidated_dataset/durance3/empty-12_S420_L001_R2_001.fastq.gz,move
data/durance3/171103_M03930_0072_000000000-BFWT5/Data/Intensities/BaseCalls/14Ain1012Pt03A_S421_L001_R1_001.fastq.gz,consolidated_dataset/durance3/14Ain1012Pt03A_S421_L001_R1_001.fastq.gz,move
data/durance3/171103_M03930_0072_000000000-BFWT5/Data/Intensities/BaseCalls/14Ain1012Pt03A_S421_L001_R2_001.fastq.gz,consolidated_dataset/durance3/14Ain1012Pt03A_S421_L001_R2_001.fastq.gz,move
data/durance3/171103_M03930_0072_000000000-BFWT5/Data/Intensities/BaseCalls/14Ain1041Pt03A_S422_L001_R1_001.fastq.gz,consolidated_dataset/durance3/14Ain1041Pt03A_S422_L001_R1_001.fastq.gz,move
data/durance3/171103_M03930_0072_000000000-BFWT5/Data/Intensities/BaseCalls/14Ain1041Pt03A_S422_L001_R2_001.fastq.gz,consolidated_dataset/durance3/14Ain1041Pt03A_S422_L001_R2_001.fastq.gz,move
data/durance3/171103_M03930_0072_000000000-BFWT5/Data/Intensities/BaseCalls/15Cab1006Ch03A_S423_L001_R1_001.fastq.gz,consolidated_dataset/durance3/15Cab1006Ch03A_S423_L001_R1_001.fastq.gz,move
data/durance3/171103_M03930_0072_000000000-BFWT5/Data/Intensities/BaseCalls/15Cab1006Ch03A_S423_L001_R2_001.fastq.gz,consolidated_dataset/durance3/15Cab1006Ch03A_S423_L001_R2_001.fastq.gz,move
data/durance3/171103_M03930_0072_000000000-BFWT5/Data/Intensities/BaseCalls/15Cab1014Ch03A_S424_L001_R1_001.fastq.gz,consolidated_dataset/durance3/15Cab1014Ch03A_S424_L001_R1_001.fastq.gz,move
data/durance3/171103_M03930_0072_000000000-BFWT5/Data/Intensities/BaseCalls/15Cab1014Ch03A_S424_L001_R2_001.fastq.gz,consolidated_dataset/durance3/15Cab1014Ch03A_S424_L001_R2_001.fastq.gz,move
data/durance3/171103_M03930_0072_000000000-BFWT5/Data/Intensities/BaseCalls/14Avi1003Cn03A_S425_L001_R1_001.fastq.gz,consolidated_dataset/durance3/14Avi1003Cn03A_S425_L001_R1_001.fastq.gz,move
data/durance3/171103_M03930_0072_000000000-BFWT5/Data/Intensities/BaseCalls/14Avi1003Cn03A_S425_L001_R2_001.fastq.gz,consolidated_dataset/durance3/14Avi1003Cn03A_S425_L001_R2_001.fastq.gz,move
data/durance3/171103_M03930_0072_000000000-BFWT5/Data/Intensities/BaseCalls/14Avi1038Cn03A_S426_L001_R1_001.fastq.gz,consolidated_dataset/durance3/14Avi1038Cn03A_S426_L001_R1_001.fastq.gz,move
data/durance3/171103_M03930_0072_000000000-BFWT5/Data/Intensities/BaseCalls/14Avi1038Cn03A_S426_L001_R2_001.fastq.gz,consolidated_dataset/durance3/14Avi1038Cn03A_S426_L001_R2_001.fastq.gz,move
data/durance3/171103_M03930_0072_000000000-BFWT5/Data/Intensities/BaseCalls/14Bue1008Cn03A_S427_L001_R1_001.fastq.gz,consolidated_dataset/durance3/14Bue1008Cn03A_S427_L001_R1_001.fastq.gz,move
data/durance3/171103_M03930_0072_000000000-BFWT5/Data/Intensities/BaseCalls/14Bue1008Cn03A_S427_L001_R2_001.fastq.gz,consolidated_dataset/durance3/14Bue1008Cn03A_S427_L001_R2_001.fastq.gz,move
data/durance3/171103_M03930_0072_000000000-BFWT5/Data/Intensities/BaseCalls/14Bue1018Ch03A_S428_L001_R1_001.fastq.gz,consolidated_dataset/durance3/14Bue1018Ch03A_S428_L001_R1_001.fastq.gz,move
data/durance3/171103_M03930_0072_000000000-BFWT5/Data/Intensities/BaseCalls/14Bue1018Ch03A_S428_L001_R2_001.fastq.gz,consolidated_dataset/durance3/14Bue1018Ch03A_S428_L001_R2_001.fastq.gz,move
data/durance3/171103_M03930_0072_000000000-BFWT5/Data/Intensities/BaseCalls/14Man1014Ch03A_S429_L001_R1_001.fastq.gz,consolidated_dataset/durance3/14Man1014Ch03A_S429_L001_R1_001.fastq.gz,move
data/durance3/171103_M03930_0072_000000000-BFWT5/Data/Intensities/BaseCalls/14Man1014Ch03A_S429_L001_R2_001.fastq.gz,consolidated_dataset/durance3/14Man1014Ch03A_S429_L001_R2_001.fastq.gz,move
data/durance3/171103_M03930_0072_000000000-BFWT5/Data/Intensities/BaseCalls/14Man1022Ch03A_S430_L001_R1_001.fastq.gz,consolidated_dataset/durance3/14Man1022Ch03A_S430_L001_R1_001.fastq.gz,move
data/durance3/171103_M03930_0072_000000000-BFWT5/Data/Intensities/BaseCalls/14Man1022Ch03A_S430_L001_R2_001.fastq.gz,consolidated_dataset/durance3/14Man1022Ch03A_S430_L001_R2_001.fastq.gz,move
data/durance3/171103_M03930_0072_000000000-BFWT5/Data/Intensities/BaseCalls/14Per2014Ch03A_S431_L001_R1_001.fastq.gz,consolidated_dataset/durance3/14Per2014Ch03A_S431_L001_R1_001.fastq.gz,move
data/durance3/171103_M03930_0072_000000000-BFWT5/Data/Intensities/BaseCalls/14Per2014Ch03A_S431_L001_R2_001.fastq.gz,consolidated_dataset/durance3/14Per2014Ch03A_S431_L001_R2_001.fastq.gz,move
data/durance3/171103_M03930_0072_000000000-BFWT5/Data/Intensities/BaseCalls/empty-13_S432_L001_R1_001.fastq.gz,consolidated_dataset/durance3/empty-13_S432_L001_R1_001.fastq.gz,move
data/durance3/171103_M03930_0072_000000000-BFWT5/Data/Intensities/BaseCalls/empty-13_S432_L001_R2_001.fastq.gz,consolidated_dataset/durance3/empty-13_S432_L001_R2_001.fastq.gz,move
data/durance3/171103_M03930_0072_000000000-BFWT5/Data/Intensities/BaseCalls/14Ain1013Pt03A_S433_L001_R1_001.fastq.gz,consolidated_dataset/durance3/14Ain1013Pt03A_S433_L001_R1_001.fastq.gz,move
data/durance3/171103_M03930_0072_000000000-BFWT5/Data/Intensities/BaseCalls/14Ain1013Pt03A_S433_L001_R2_001.fastq.gz,consolidated_dataset/durance3/14Ain1013Pt03A_S433_L001_R2_001.fastq.gz,move
data/durance3/171103_M03930_0072_000000000-BFWT5/Data/Intensities/BaseCalls/14Ain1042Pt03A_S434_L001_R1_001.fastq.gz,consolidated_dataset/durance3/14Ain1042Pt03A_S434_L001_R1_001.fastq.gz,move
data/durance3/171103_M03930_0072_000000000-BFWT5/Data/Intensities/BaseCalls/14Ain1042Pt03A_S434_L001_R2_001.fastq.gz,consolidated_dataset/durance3/14Ain1042Pt03A_S434_L001_R2_001.fastq.gz,move
data/durance3/171103_M03930_0072_000000000-BFWT5/Data/Intensities/BaseCalls/15Cab1007Ch03A_S435_L001_R1_001.fastq.gz,consolidated_dataset/durance3/15Cab1007Ch03A_S435_L001_R1_001.fastq.gz,move
data/durance3/171103_M03930_0072_000000000-BFWT5/Data/Intensities/BaseCalls/15Cab1007Ch03A_S435_L001_R2_001.fastq.gz,consolidated_dataset/durance3/15Cab1007Ch03A_S435_L001_R2_001.fastq.gz,move
data/durance3/171103_M03930_0072_000000000-BFWT5/Data/Intensities/BaseCalls/15Cab1015Ch03A_S436_L001_R1_001.fastq.gz,consolidated_dataset/durance3/15Cab1015Ch03A_S436_L001_R1_001.fastq.gz,move
data/durance3/171103_M03930_0072_000000000-BFWT5/Data/Intensities/BaseCalls/15Cab1015Ch03A_S436_L001_R2_001.fastq.gz,consolidated_dataset/durance3/15Cab1015Ch03A_S436_L001_R2_001.fastq.gz,move
data/durance3/171103_M03930_0072_000000000-BFWT5/Data/Intensities/BaseCalls/14Avi1004Cn03A_S437_L001_R1_001.fastq.gz,consolidated_dataset/durance3/14Avi1004Cn03A_S437_L001_R1_001.fastq.gz,move
data/durance3/171103_M03930_0072_000000000-BFWT5/Data/Intensities/BaseCalls/14Avi1004Cn03A_S437_L001_R2_001.fastq.gz,consolidated_dataset/durance3/14Avi1004Cn03A_S437_L001_R2_001.fastq.gz,move
data/durance3/171103_M03930_0072_000000000-BFWT5/Data/Intensities/BaseCalls/14Bue1001Cn03A_S438_L001_R1_001.fastq.gz,consolidated_dataset/durance3/14Bue1001Cn03A_S438_L001_R1_001.fastq.gz,move
data/durance3/171103_M03930_0072_000000000-BFWT5/Data/Intensities/BaseCalls/14Bue1001Cn03A_S438_L001_R2_001.fastq.gz,consolidated_dataset/durance3/14Bue1001Cn03A_S438_L001_R2_001.fastq.gz,move
data/durance3/171103_M03930_0072_000000000-BFWT5/Data/Intensities/BaseCalls/14Bue1011Ch03A_S439_L001_R1_001.fastq.gz,consolidated_dataset/durance3/14Bue1011Ch03A_S439_L001_R1_001.fastq.gz,move
data/durance3/171103_M03930_0072_000000000-BFWT5/Data/Intensities/BaseCalls/14Bue1011Ch03A_S439_L001_R2_001.fastq.gz,consolidated_dataset/durance3/14Bue1011Ch03A_S439_L001_R2_001.fastq.gz,move
data/durance3/171103_M03930_0072_000000000-BFWT5/Data/Intensities/BaseCalls/14Bue1019Ch03A_S440_L001_R1_001.fastq.gz,consolidated_dataset/durance3/14Bue1019Ch03A_S440_L001_R1_001.fastq.gz,move
data/durance3/171103_M03930_0072_000000000-BFWT5/Data/Intensities/BaseCalls/14Bue1019Ch03A_S440_L001_R2_001.fastq.gz,consolidated_dataset/durance3/14Bue1019Ch03A_S440_L001_R2_001.fastq.gz,move
data/durance3/171103_M03930_0072_000000000-BFWT5/Data/Intensities/BaseCalls/14Man1015Ch03A_S441_L001_R1_001.fastq.gz,consolidated_dataset/durance3/14Man1015Ch03A_S441_L001_R1_001.fastq.gz,move
data/durance3/171103_M03930_0072_000000000-BFWT5/Data/Intensities/BaseCalls/14Man1015Ch03A_S441_L001_R2_001.fastq.gz,consolidated_dataset/durance3/14Man1015Ch03A_S441_L001_R2_001.fastq.gz,move
data/durance3/171103_M03930_0072_000000000-BFWT5/Data/Intensities/BaseCalls/14Per1011Ch03A_S442_L001_R1_001.fastq.gz,consolidated_dataset/durance3/14Per1011Ch03A_S442_L001_R1_001.fastq.gz,move
data/durance3/171103_M03930_0072_000000000-BFWT5/Data/Intensities/BaseCalls/14Per1011Ch03A_S442_L001_R2_001.fastq.gz,consolidated_dataset/durance3/14Per1011Ch03A_S442_L001_R2_001.fastq.gz,move
data/durance3/171103_M03930_0072_000000000-BFWT5/Data/Intensities/BaseCalls/15Per2015Ch03A_S443_L001_R1_001.fastq.gz,consolidated_dataset/durance3/15Per2015Ch03A_S443_L001_R1_001.fastq.gz,move
data/durance3/171103_M03930_0072_000000000-BFWT5/Data/Intensities/BaseCalls/15Per2015Ch03A_S443_L001_R2_001.fastq.gz,consolidated_dataset/durance3/15Per2015Ch03A_S443_L001_R2_001.fastq.gz,move
data/durance3/171103_M03930_0072_000000000-BFWT5/Data/Intensities/BaseCalls/empty-14_S444_L001_R1_001.fastq.gz,consolidated_dataset/durance3/empty-14_S444_L001_R1_001.fastq.gz,move
data/durance3/171103_M03930_0072_000000000-BFWT5/Data/Intensities/BaseCalls/empty-14_S444_L001_R2_001.fastq.gz,consolidated_dataset/durance3/empty-14_S444_L001_R2_001.fastq.gz,move
data/durance3/171103_M03930_0072_000000000-BFWT5/Data/Intensities/BaseCalls/14Ain1014Pt03A_S445_L001_R1_001.fastq.gz,consolidated_dataset/durance3/14Ain1014Pt03A_S445_L001_R1_001.fastq.gz,move
data/durance3/171103_M03930_0072_000000000-BFWT5/Data/Intensities/BaseCalls/14Ain1014Pt03A_S445_L001_R2_001.fastq.gz,consolidated_dataset/durance3/14Ain1014Pt03A_S445_L001_R2_001.fastq.gz,move
data/durance3/171103_M03930_0072_000000000-BFWT5/Data/Intensities/BaseCalls/14Ain1043Pt03A_S446_L001_R1_001.fastq.gz,consolidated_dataset/durance3/14Ain1043Pt03A_S446_L001_R1_001.fastq.gz,move
data/durance3/171103_M03930_0072_000000000-BFWT5/Data/Intensities/BaseCalls/14Ain1043Pt03A_S446_L001_R2_001.fastq.gz,consolidated_dataset/durance3/14Ain1043Pt03A_S446_L001_R2_001.fastq.gz,move
data/durance3/171103_M03930_0072_000000000-BFWT5/Data/Intensities/BaseCalls/15Cab1008Ch03A_S447_L001_R1_001.fastq.gz,consolidated_dataset/durance3/15Cab1008Ch03A_S447_L001_R1_001.fastq.gz,move
data/durance3/171103_M03930_0072_000000000-BFWT5/Data/Intensities/BaseCalls/15Cab1008Ch03A_S447_L001_R2_001.fastq.gz,consolidated_dataset/durance3/15Cab1008Ch03A_S447_L001_R2_001.fastq.gz,move
data/durance3/171103_M03930_0072_000000000-BFWT5/Data/Intensities/BaseCalls/15Cab1016Ch03A_S448_L001_R1_001.fastq.gz,consolidated_dataset/durance3/15Cab1016Ch03A_S448_L001_R1_001.fastq.gz,move
data/durance3/171103_M03930_0072_000000000-BFWT5/Data/Intensities/BaseCalls/15Cab1016Ch03A_S448_L001_R2_001.fastq.gz,consolidated_dataset/durance3/15Cab1016Ch03A_S448_L001_R2_001.fastq.gz,move
data/durance3/171103_M03930_0072_000000000-BFWT5/Data/Intensities/BaseCalls/14Avi1005Cn03A_S449_L001_R1_001.fastq.gz,consolidated_dataset/durance3/14Avi1005Cn03A_S449_L001_R1_001.fastq.gz,move
data/durance3/171103_M03930_0072_000000000-BFWT5/Data/Intensities/BaseCalls/14Avi1005Cn03A_S449_L001_R2_001.fastq.gz,consolidated_dataset/durance3/14Avi1005Cn03A_S449_L001_R2_001.fastq.gz,move
data/durance3/171103_M03930_0072_000000000-BFWT5/Data/Intensities/BaseCalls/14Bue1002Cn03A_S450_L001_R1_001.fastq.gz,consolidated_dataset/durance3/14Bue1002Cn03A_S450_L001_R1_001.fastq.gz,move
data/durance3/171103_M03930_0072_000000000-BFWT5/Data/Intensities/BaseCalls/14Bue1002Cn03A_S450_L001_R2_001.fastq.gz,consolidated_dataset/durance3/14Bue1002Cn03A_S450_L001_R2_001.fastq.gz,move
data/durance3/171103_M03930_0072_000000000-BFWT5/Data/Intensities/BaseCalls/14Bue1012Ch03A_S451_L001_R1_001.fastq.gz,consolidated_dataset/durance3/14Bue1012Ch03A_S451_L001_R1_001.fastq.gz,move
data/durance3/171103_M03930_0072_000000000-BFWT5/Data/Intensities/BaseCalls/14Bue1012Ch03A_S451_L001_R2_001.fastq.gz,consolidated_dataset/durance3/14Bue1012Ch03A_S451_L001_R2_001.fastq.gz,move
data/durance3/171103_M03930_0072_000000000-BFWT5/Data/Intensities/BaseCalls/14Man1001Cn03A_S452_L001_R1_001.fastq.gz,consolidated_dataset/durance3/14Man1001Cn03A_S452_L001_R1_001.fastq.gz,move
data/durance3/171103_M03930_0072_000000000-BFWT5/Data/Intensities/BaseCalls/14Man1001Cn03A_S452_L001_R2_001.fastq.gz,consolidated_dataset/durance3/14Man1001Cn03A_S452_L001_R2_001.fastq.gz,move
data/durance3/171103_M03930_0072_000000000-BFWT5/Data/Intensities/BaseCalls/14Man1016Ch03A_S453_L001_R1_001.fastq.gz,consolidated_dataset/durance3/14Man1016Ch03A_S453_L001_R1_001.fastq.gz,move
data/durance3/171103_M03930_0072_000000000-BFWT5/Data/Intensities/BaseCalls/14Man1016Ch03A_S453_L001_R2_001.fastq.gz,consolidated_dataset/durance3/14Man1016Ch03A_S453_L001_R2_001.fastq.gz,move
data/durance3/171103_M03930_0072_000000000-BFWT5/Data/Intensities/BaseCalls/14Per1012Ch03A_S454_L001_R1_001.fastq.gz,consolidated_dataset/durance3/14Per1012Ch03A_S454_L001_R1_001.fastq.gz,move
data/durance3/171103_M03930_0072_000000000-BFWT5/Data/Intensities/BaseCalls/14Per1012Ch03A_S454_L001_R2_001.fastq.gz,consolidated_dataset/durance3/14Per1012Ch03A_S454_L001_R2_001.fastq.gz,move
data/durance3/171103_M03930_0072_000000000-BFWT5/Data/Intensities/BaseCalls/Blanc-Hindgut_S455_L001_R1_001.fastq.gz,consolidated_dataset/durance3/Blanc-Hindgut_S455_L001_R1_001.fastq.gz,move
data/durance3/171103_M03930_0072_000000000-BFWT5/Data/Intensities/BaseCalls/Blanc-Hindgut_S455_L001_R2_001.fastq.gz,consolidated_dataset/durance3/Blanc-Hindgut_S455_L001_R2_001.fastq.gz,move
data/durance3/171103_M03930_0072_000000000-BFWT5/Data/Intensities/BaseCalls/empty-15_S456_L001_R1_001.fastq.gz,consolidated_dataset/durance3/empty-15_S456_L001_R1_001.fastq.gz,move
data/durance3/171103_M03930_0072_000000000-BFWT5/Data/Intensities/BaseCalls/empty-15_S456_L001_R2_001.fastq.gz,consolidated_dataset/durance3/empty-15_S456_L001_R2_001.fastq.gz,move
data/durance3/171103_M03930_0072_000000000-BFWT5/Data/Intensities/BaseCalls/14Ain1036Cn03A_S457_L001_R1_001.fastq.gz,consolidated_dataset/durance3/14Ain1036Cn03A_S457_L001_R1_001.fastq.gz,move
data/durance3/171103_M03930_0072_000000000-BFWT5/Data/Intensities/BaseCalls/14Ain1036Cn03A_S457_L001_R2_001.fastq.gz,consolidated_dataset/durance3/14Ain1036Cn03A_S457_L001_R2_001.fastq.gz,move
data/durance3/171103_M03930_0072_000000000-BFWT5/Data/Intensities/BaseCalls/15Cab1001Ch03A_S458_L001_R1_001.fastq.gz,consolidated_dataset/durance3/15Cab1001Ch03A_S458_L001_R1_001.fastq.gz,move
data/durance3/171103_M03930_0072_000000000-BFWT5/Data/Intensities/BaseCalls/15Cab1001Ch03A_S458_L001_R2_001.fastq.gz,consolidated_dataset/durance3/15Cab1001Ch03A_S458_L001_R2_001.fastq.gz,move
data/durance3/171103_M03930_0072_000000000-BFWT5/Data/Intensities/BaseCalls/15Cab1009Ch03A_S459_L001_R1_001.fastq.gz,consolidated_dataset/durance3/15Cab1009Ch03A_S459_L001_R1_001.fastq.gz,move
data/durance3/171103_M03930_0072_000000000-BFWT5/Data/Intensities/BaseCalls/15Cab1009Ch03A_S459_L001_R2_001.fastq.gz,consolidated_dataset/durance3/15Cab1009Ch03A_S459_L001_R2_001.fastq.gz,move
data/durance3/171103_M03930_0072_000000000-BFWT5/Data/Intensities/BaseCalls/15Cab1017Ch03A_S460_L001_R1_001.fastq.gz,consolidated_dataset/durance3/15Cab1017Ch03A_S460_L001_R1_001.fastq.gz,move
data/durance3/171103_M03930_0072_000000000-BFWT5/Data/Intensities/BaseCalls/15Cab1017Ch03A_S460_L001_R2_001.fastq.gz,consolidated_dataset/durance3/15Cab1017Ch03A_S460_L001_R2_001.fastq.gz,move
data/durance3/171103_M03930_0072_000000000-BFWT5/Data/Intensities/BaseCalls/14Avi1006Cn03A_S461_L001_R1_001.fastq.gz,consolidated_dataset/durance3/14Avi1006Cn03A_S461_L001_R1_001.fastq.gz,move
data/durance3/171103_M03930_0072_000000000-BFWT5/Data/Intensities/BaseCalls/14Avi1006Cn03A_S461_L001_R2_001.fastq.gz,consolidated_dataset/durance3/14Avi1006Cn03A_S461_L001_R2_001.fastq.gz,move
data/durance3/171103_M03930_0072_000000000-BFWT5/Data/Intensities/BaseCalls/14Bue1003Cn03A_S462_L001_R1_001.fastq.gz,consolidated_dataset/durance3/14Bue1003Cn03A_S462_L001_R1_001.fastq.gz,move
data/durance3/171103_M03930_0072_000000000-BFWT5/Data/Intensities/BaseCalls/14Bue1003Cn03A_S462_L001_R2_001.fastq.gz,consolidated_dataset/durance3/14Bue1003Cn03A_S462_L001_R2_001.fastq.gz,move
data/durance3/171103_M03930_0072_000000000-BFWT5/Data/Intensities/BaseCalls/14Bue1013Ch03A_S463_L001_R1_001.fastq.gz,consolidated_dataset/durance3/14Bue1013Ch03A_S463_L001_R1_001.fastq.gz,move
data/durance3/171103_M03930_0072_000000000-BFWT5/Data/Intensities/BaseCalls/14Bue1013Ch03A_S463_L001_R2_001.fastq.gz,consolidated_dataset/durance3/14Bue1013Ch03A_S463_L001_R2_001.fastq.gz,move
data/durance3/171103_M03930_0072_000000000-BFWT5/Data/Intensities/BaseCalls/14Man1002Cn03A_S464_L001_R1_001.fastq.gz,consolidated_dataset/durance3/14Man1002Cn03A_S464_L001_R1_001.fastq.gz,move
data/durance3/171103_M03930_0072_000000000-BFWT5/Data/Intensities/BaseCalls/14Man1002Cn03A_S464_L001_R2_001.fastq.gz,consolidated_dataset/durance3/14Man1002Cn03A_S464_L001_R2_001.fastq.gz,move
data/durance3/171103_M03930_0072_000000000-BFWT5/Data/Intensities/BaseCalls/14Man1017Ch03A_S465_L001_R1_001.fastq.gz,consolidated_dataset/durance3/14Man1017Ch03A_S465_L001_R1_001.fastq.gz,move
data/durance3/171103_M03930_0072_000000000-BFWT5/Data/Intensities/BaseCalls/14Man1017Ch03A_S465_L001_R2_001.fastq.gz,consolidated_dataset/durance3/14Man1017Ch03A_S465_L001_R2_001.fastq.gz,move
data/durance3/171103_M03930_0072_000000000-BFWT5/Data/Intensities/BaseCalls/14Per1013Ch03A_S466_L001_R1_001.fastq.gz,consolidated_dataset/durance3/14Per1013Ch03A_S466_L001_R1_001.fastq.gz,move
data/durance3/171103_M03930_0072_000000000-BFWT5/Data/Intensities/BaseCalls/14Per1013Ch03A_S466_L001_R2_001.fastq.gz,consolidated_dataset/durance3/14Per1013Ch03A_S466_L001_R2_001.fastq.gz,move
data/durance3/171103_M03930_0072_000000000-BFWT5/Data/Intensities/BaseCalls/Mock-2_S467_L001_R1_001.fastq.gz,consolidated_dataset/durance3/Mock-2_S467_L001_R1_001.fastq.gz,move
data/durance3/171103_M03930_0072_000000000-BFWT5/Data/Intensities/BaseCalls/Mock-2_S467_L001_R2_001.fastq.gz,consolidated_dataset/durance3/Mock-2_S467_L001_R2_001.fastq.gz,move
data/durance3/171103_M03930_0072_000000000-BFWT5/Data/Intensities/BaseCalls/empty-16_S468_L001_R1_001.fastq.gz,consolidated_dataset/durance3/empty-16_S468_L001_R1_001.fastq.gz,move
data/durance3/171103_M03930_0072_000000000-BFWT5/Data/Intensities/BaseCalls/empty-16_S468_L001_R2_001.fastq.gz,consolidated_dataset/durance3/empty-16_S468_L001_R2_001.fastq.gz,move
data/durance3/171103_M03930_0072_000000000-BFWT5/Data/Intensities/BaseCalls/14Ain1037Cn03A_S469_L001_R1_001.fastq.gz,consolidated_dataset/durance3/14Ain1037Cn03A_S469_L001_R1_001.fastq.gz,move
data/durance3/171103_M03930_0072_000000000-BFWT5/Data/Intensities/BaseCalls/14Ain1037Cn03A_S469_L001_R2_001.fastq.gz,consolidated_dataset/durance3/14Ain1037Cn03A_S469_L001_R2_001.fastq.gz,move
data/durance3/171103_M03930_0072_000000000-BFWT5/Data/Intensities/BaseCalls/15Cab1002Ch03A_S470_L001_R1_001.fastq.gz,consolidated_dataset/durance3/15Cab1002Ch03A_S470_L001_R1_001.fastq.gz,move
data/durance3/171103_M03930_0072_000000000-BFWT5/Data/Intensities/BaseCalls/15Cab1002Ch03A_S470_L001_R2_001.fastq.gz,consolidated_dataset/durance3/15Cab1002Ch03A_S470_L001_R2_001.fastq.gz,move
data/durance3/171103_M03930_0072_000000000-BFWT5/Data/Intensities/BaseCalls/15Cab1010Ch03A_S471_L001_R1_001.fastq.gz,consolidated_dataset/durance3/15Cab1010Ch03A_S471_L001_R1_001.fastq.gz,move
data/durance3/171103_M03930_0072_000000000-BFWT5/Data/Intensities/BaseCalls/15Cab1010Ch03A_S471_L001_R2_001.fastq.gz,consolidated_dataset/durance3/15Cab1010Ch03A_S471_L001_R2_001.fastq.gz,move
data/durance3/171103_M03930_0072_000000000-BFWT5/Data/Intensities/BaseCalls/15Cab1018Ch03A_S472_L001_R1_001.fastq.gz,consolidated_dataset/durance3/15Cab1018Ch03A_S472_L001_R1_001.fastq.gz,move
data/durance3/171103_M03930_0072_000000000-BFWT5/Data/Intensities/BaseCalls/15Cab1018Ch03A_S472_L001_R2_001.fastq.gz,consolidated_dataset/durance3/15Cab1018Ch03A_S472_L001_R2_001.fastq.gz,move
data/durance3/171103_M03930_0072_000000000-BFWT5/Data/Intensities/BaseCalls/14Avi1007Cn03A_S473_L001_R1_001.fastq.gz,consolidated_dataset/durance3/14Avi1007Cn03A_S473_L001_R1_001.fastq.gz,move
data/durance3/171103_M03930_0072_000000000-BFWT5/Data/Intensities/BaseCalls/14Avi1007Cn03A_S473_L001_R2_001.fastq.gz,consolidated_dataset/durance3/14Avi1007Cn03A_S473_L001_R2_001.fastq.gz,move
data/durance3/171103_M03930_0072_000000000-BFWT5/Data/Intensities/BaseCalls/14Bue1004Cn03A_S474_L001_R1_001.fastq.gz,consolidated_dataset/durance3/14Bue1004Cn03A_S474_L001_R1_001.fastq.gz,move
data/durance3/171103_M03930_0072_000000000-BFWT5/Data/Intensities/BaseCalls/14Bue1004Cn03A_S474_L001_R2_001.fastq.gz,consolidated_dataset/durance3/14Bue1004Cn03A_S474_L001_R2_001.fastq.gz,move
data/durance3/171103_M03930_0072_000000000-BFWT5/Data/Intensities/BaseCalls/14Bue1014Ch03A_S475_L001_R1_001.fastq.gz,consolidated_dataset/durance3/14Bue1014Ch03A_S475_L001_R1_001.fastq.gz,move
data/durance3/171103_M03930_0072_000000000-BFWT5/Data/Intensities/BaseCalls/14Bue1014Ch03A_S475_L001_R2_001.fastq.gz,consolidated_dataset/durance3/14Bue1014Ch03A_S475_L001_R2_001.fastq.gz,move
data/durance3/171103_M03930_0072_000000000-BFWT5/Data/Intensities/BaseCalls/14Man1010Cn03A_S476_L001_R1_001.fastq.gz,consolidated_dataset/durance3/14Man1010Cn03A_S476_L001_R1_001.fastq.gz,move
data/durance3/171103_M03930_0072_000000000-BFWT5/Data/Intensities/BaseCalls/14Man1010Cn03A_S476_L001_R2_001.fastq.gz,consolidated_dataset/durance3/14Man1010Cn03A_S476_L001_R2_001.fastq.gz,move
data/durance3/171103_M03930_0072_000000000-BFWT5/Data/Intensities/BaseCalls/14Man1018Ch03A_S477_L001_R1_001.fastq.gz,consolidated_dataset/durance3/14Man1018Ch03A_S477_L001_R1_001.fastq.gz,move
data/durance3/171103_M03930_0072_000000000-BFWT5/Data/Intensities/BaseCalls/14Man1018Ch03A_S477_L001_R2_001.fastq.gz,consolidated_dataset/durance3/14Man1018Ch03A_S477_L001_R2_001.fastq.gz,move
data/durance3/171103_M03930_0072_000000000-BFWT5/Data/Intensities/BaseCalls/14Per1014Ch03A_S478_L001_R1_001.fastq.gz,consolidated_dataset/durance3/14Per1014Ch03A_S478_L001_R1_001.fastq.gz,move
data/durance3/171103_M03930_0072_000000000-BFWT5/Data/Intensities/BaseCalls/14Per1014Ch03A_S478_L001_R2_001.fastq.gz,consolidated_dataset/durance3/14Per1014Ch03A_S478_L001_R2_001.fastq.gz,move
data/durance3/171103_M03930_0072_000000000-BFWT5/Data/Intensities/BaseCalls/T-5_S479_L001_R1_001.fastq.gz,consolidated_dataset/durance3/T-5_S479_L001_R1_001.fastq.gz,move
data/durance3/171103_M03930_0072_000000000-BFWT5/Data/Intensities/BaseCalls/T-5_S479_L001_R2_001.fastq.gz,consolidated_dataset/durance3/T-5_S479_L001_R2_001.fastq.gz,move
data/durance3/171103_M03930_0072_000000000-BFWT5/Data/Intensities/BaseCalls/empty-17_S480_L001_R1_001.fastq.gz,consolidated_dataset/durance3/empty-17_S480_L001_R1_001.fastq.gz,move
data/durance3/171103_M03930_0072_000000000-BFWT5/Data/Intensities/BaseCalls/empty-17_S480_L001_R2_001.fastq.gz,consolidated_dataset/durance3/empty-17_S480_L001_R2_001.fastq.gz,move
data/durance3/171103_M03930_0072_000000000-BFWT5/Data/Intensities/BaseCalls/15Bau1001Ch03A_S481_L001_R1_001.fastq.gz,consolidated_dataset/durance3/15Bau1001Ch03A_S481_L001_R1_001.fastq.gz,move
data/durance3/171103_M03930_0072_000000000-BFWT5/Data/Intensities/BaseCalls/15Bau1001Ch03A_S481_L001_R2_001.fastq.gz,consolidated_dataset/durance3/15Bau1001Ch03A_S481_L001_R2_001.fastq.gz,move
data/durance3/171103_M03930_0072_000000000-BFWT5/Data/Intensities/BaseCalls/15Bau1009Ch03A_S482_L001_R1_001.fastq.gz,consolidated_dataset/durance3/15Bau1009Ch03A_S482_L001_R1_001.fastq.gz,move
data/durance3/171103_M03930_0072_000000000-BFWT5/Data/Intensities/BaseCalls/15Bau1009Ch03A_S482_L001_R2_001.fastq.gz,consolidated_dataset/durance3/15Bau1009Ch03A_S482_L001_R2_001.fastq.gz,move
data/durance3/171103_M03930_0072_000000000-BFWT5/Data/Intensities/BaseCalls/15Bau1017Ch03A_S483_L001_R1_001.fastq.gz,consolidated_dataset/durance3/15Bau1017Ch03A_S483_L001_R1_001.fastq.gz,move
data/durance3/171103_M03930_0072_000000000-BFWT5/Data/Intensities/BaseCalls/15Bau1017Ch03A_S483_L001_R2_001.fastq.gz,consolidated_dataset/durance3/15Bau1017Ch03A_S483_L001_R2_001.fastq.gz,move
data/durance3/171103_M03930_0072_000000000-BFWT5/Data/Intensities/BaseCalls/15Bau1025Ch03A_S484_L001_R1_001.fastq.gz,consolidated_dataset/durance3/15Bau1025Ch03A_S484_L001_R1_001.fastq.gz,move
data/durance3/171103_M03930_0072_000000000-BFWT5/Data/Intensities/BaseCalls/15Bau1025Ch03A_S484_L001_R2_001.fastq.gz,consolidated_dataset/durance3/15Bau1025Ch03A_S484_L001_R2_001.fastq.gz,move
data/durance3/171103_M03930_0072_000000000-BFWT5/Data/Intensities/BaseCalls/15Jus1008Ch03A_S485_L001_R1_001.fastq.gz,consolidated_dataset/durance3/15Jus1008Ch03A_S485_L001_R1_001.fastq.gz,move
data/durance3/171103_M03930_0072_000000000-BFWT5/Data/Intensities/BaseCalls/15Jus1008Ch03A_S485_L001_R2_001.fastq.gz,consolidated_dataset/durance3/15Jus1008Ch03A_S485_L001_R2_001.fastq.gz,move
data/durance3/171103_M03930_0072_000000000-BFWT5/Data/Intensities/BaseCalls/15Jus1016Ch03A_S486_L001_R1_001.fastq.gz,consolidated_dataset/durance3/15Jus1016Ch03A_S486_L001_R1_001.fastq.gz,move
data/durance3/171103_M03930_0072_000000000-BFWT5/Data/Intensities/BaseCalls/15Jus1016Ch03A_S486_L001_R2_001.fastq.gz,consolidated_dataset/durance3/15Jus1016Ch03A_S486_L001_R2_001.fastq.gz,move
data/durance3/171103_M03930_0072_000000000-BFWT5/Data/Intensities/BaseCalls/15Caa1005Ch03A_S487_L001_R1_001.fastq.gz,consolidated_dataset/durance3/15Caa1005Ch03A_S487_L001_R1_001.fastq.gz,move
data/durance3/171103_M03930_0072_000000000-BFWT5/Data/Intensities/BaseCalls/15Caa1005Ch03A_S487_L001_R2_001.fastq.gz,consolidated_dataset/durance3/15Caa1005Ch03A_S487_L001_R2_001.fastq.gz,move
data/durance3/171103_M03930_0072_000000000-BFWT5/Data/Intensities/BaseCalls/15Caa1013Ch03A_S488_L001_R1_001.fastq.gz,consolidated_dataset/durance3/15Caa1013Ch03A_S488_L001_R1_001.fastq.gz,move
data/durance3/171103_M03930_0072_000000000-BFWT5/Data/Intensities/BaseCalls/15Caa1013Ch03A_S488_L001_R2_001.fastq.gz,consolidated_dataset/durance3/15Caa1013Ch03A_S488_L001_R2_001.fastq.gz,move
data/durance3/171103_M03930_0072_000000000-BFWT5/Data/Intensities/BaseCalls/15Avi1001Cn03A_S489_L001_R1_001.fastq.gz,consolidated_dataset/durance3/15Avi1001Cn03A_S489_L001_R1_001.fastq.gz,move
data/durance3/171103_M03930_0072_000000000-BFWT5/Data/Intensities/BaseCalls/15Avi1001Cn03A_S489_L001_R2_001.fastq.gz,consolidated_dataset/durance3/15Avi1001Cn03A_S489_L001_R2_001.fastq.gz,move
data/durance3/171103_M03930_0072_000000000-BFWT5/Data/Intensities/BaseCalls/15Avi1009Cn03A_S490_L001_R1_001.fastq.gz,consolidated_dataset/durance3/15Avi1009Cn03A_S490_L001_R1_001.fastq.gz,move
data/durance3/171103_M03930_0072_000000000-BFWT5/Data/Intensities/BaseCalls/15Avi1009Cn03A_S490_L001_R2_001.fastq.gz,consolidated_dataset/durance3/15Avi1009Cn03A_S490_L001_R2_001.fastq.gz,move
data/durance3/171103_M03930_0072_000000000-BFWT5/Data/Intensities/BaseCalls/15Bue1004Ch03A_S491_L001_R1_001.fastq.gz,consolidated_dataset/durance3/15Bue1004Ch03A_S491_L001_R1_001.fastq.gz,move
data/durance3/171103_M03930_0072_000000000-BFWT5/Data/Intensities/BaseCalls/15Bue1004Ch03A_S491_L001_R2_001.fastq.gz,consolidated_dataset/durance3/15Bue1004Ch03A_S491_L001_R2_001.fastq.gz,move
data/durance3/171103_M03930_0072_000000000-BFWT5/Data/Intensities/BaseCalls/15Bue1012Ch03A_S492_L001_R1_001.fastq.gz,consolidated_dataset/durance3/15Bue1012Ch03A_S492_L001_R1_001.fastq.gz,move
data/durance3/171103_M03930_0072_000000000-BFWT5/Data/Intensities/BaseCalls/15Bue1012Ch03A_S492_L001_R2_001.fastq.gz,consolidated_dataset/durance3/15Bue1012Ch03A_S492_L001_R2_001.fastq.gz,move
data/durance3/171103_M03930_0072_000000000-BFWT5/Data/Intensities/BaseCalls/15Bau1002Ch03A_S493_L001_R1_001.fastq.gz,consolidated_dataset/durance3/15Bau1002Ch03A_S493_L001_R1_001.fastq.gz,move
data/durance3/171103_M03930_0072_000000000-BFWT5/Data/Intensities/BaseCalls/15Bau1002Ch03A_S493_L001_R2_001.fastq.gz,consolidated_dataset/durance3/15Bau1002Ch03A_S493_L001_R2_001.fastq.gz,move
data/durance3/171103_M03930_0072_000000000-BFWT5/Data/Intensities/BaseCalls/15Bau1010Ch03A_S494_L001_R1_001.fastq.gz,consolidated_dataset/durance3/15Bau1010Ch03A_S494_L001_R1_001.fastq.gz,move
data/durance3/171103_M03930_0072_000000000-BFWT5/Data/Intensities/BaseCalls/15Bau1010Ch03A_S494_L001_R2_001.fastq.gz,consolidated_dataset/durance3/15Bau1010Ch03A_S494_L001_R2_001.fastq.gz,move
data/durance3/171103_M03930_0072_000000000-BFWT5/Data/Intensities/BaseCalls/15Bau1018Ch03A_S495_L001_R1_001.fastq.gz,consolidated_dataset/durance3/15Bau1018Ch03A_S495_L001_R1_001.fastq.gz,move
data/durance3/171103_M03930_0072_000000000-BFWT5/Data/Intensities/BaseCalls/15Bau1018Ch03A_S495_L001_R2_001.fastq.gz,consolidated_dataset/durance3/15Bau1018Ch03A_S495_L001_R2_001.fastq.gz,move
data/durance3/171103_M03930_0072_000000000-BFWT5/Data/Intensities/BaseCalls/15Jus1001Ch03A_S496_L001_R1_001.fastq.gz,consolidated_dataset/durance3/15Jus1001Ch03A_S496_L001_R1_001.fastq.gz,move
data/durance3/171103_M03930_0072_000000000-BFWT5/Data/Intensities/BaseCalls/15Jus1001Ch03A_S496_L001_R2_001.fastq.gz,consolidated_dataset/durance3/15Jus1001Ch03A_S496_L001_R2_001.fastq.gz,move
data/durance3/171103_M03930_0072_000000000-BFWT5/Data/Intensities/BaseCalls/15Jus1009Ch03A_S497_L001_R1_001.fastq.gz,consolidated_dataset/durance3/15Jus1009Ch03A_S497_L001_R1_001.fastq.gz,move
data/durance3/171103_M03930_0072_000000000-BFWT5/Data/Intensities/BaseCalls/15Jus1009Ch03A_S497_L001_R2_001.fastq.gz,consolidated_dataset/durance3/15Jus1009Ch03A_S497_L001_R2_001.fastq.gz,move
data/durance3/171103_M03930_0072_000000000-BFWT5/Data/Intensities/BaseCalls/15Jus1017Ch03A_S498_L001_R1_001.fastq.gz,consolidated_dataset/durance3/15Jus1017Ch03A_S498_L001_R1_001.fastq.gz,move
data/durance3/171103_M03930_0072_000000000-BFWT5/Data/Intensities/BaseCalls/15Jus1017Ch03A_S498_L001_R2_001.fastq.gz,consolidated_dataset/durance3/15Jus1017Ch03A_S498_L001_R2_001.fastq.gz,move
data/durance3/171103_M03930_0072_000000000-BFWT5/Data/Intensities/BaseCalls/15Caa1006Ch03A_S499_L001_R1_001.fastq.gz,consolidated_dataset/durance3/15Caa1006Ch03A_S499_L001_R1_001.fastq.gz,move
data/durance3/171103_M03930_0072_000000000-BFWT5/Data/Intensities/BaseCalls/15Caa1006Ch03A_S499_L001_R2_001.fastq.gz,consolidated_dataset/durance3/15Caa1006Ch03A_S499_L001_R2_001.fastq.gz,move
data/durance3/171103_M03930_0072_000000000-BFWT5/Data/Intensities/BaseCalls/15Caa1014Ch03A_S500_L001_R1_001.fastq.gz,consolidated_dataset/durance3/15Caa1014Ch03A_S500_L001_R1_001.fastq.gz,move
data/durance3/171103_M03930_0072_000000000-BFWT5/Data/Intensities/BaseCalls/15Caa1014Ch03A_S500_L001_R2_001.fastq.gz,consolidated_dataset/durance3/15Caa1014Ch03A_S500_L001_R2_001.fastq.gz,move
data/durance3/171103_M03930_0072_000000000-BFWT5/Data/Intensities/BaseCalls/15Avi1002Cn03A_S501_L001_R1_001.fastq.gz,consolidated_dataset/durance3/15Avi1002Cn03A_S501_L001_R1_001.fastq.gz,move
data/durance3/171103_M03930_0072_000000000-BFWT5/Data/Intensities/BaseCalls/15Avi1002Cn03A_S501_L001_R2_001.fastq.gz,consolidated_dataset/durance3/15Avi1002Cn03A_S501_L001_R2_001.fastq.gz,move
data/durance3/171103_M03930_0072_000000000-BFWT5/Data/Intensities/BaseCalls/15Avi1010Cn03A_S502_L001_R1_001.fastq.gz,consolidated_dataset/durance3/15Avi1010Cn03A_S502_L001_R1_001.fastq.gz,move
data/durance3/171103_M03930_0072_000000000-BFWT5/Data/Intensities/BaseCalls/15Avi1010Cn03A_S502_L001_R2_001.fastq.gz,consolidated_dataset/durance3/15Avi1010Cn03A_S502_L001_R2_001.fastq.gz,move
data/durance3/171103_M03930_0072_000000000-BFWT5/Data/Intensities/BaseCalls/15Bue1005Ch03A_S503_L001_R1_001.fastq.gz,consolidated_dataset/durance3/15Bue1005Ch03A_S503_L001_R1_001.fastq.gz,move
data/durance3/171103_M03930_0072_000000000-BFWT5/Data/Intensities/BaseCalls/15Bue1005Ch03A_S503_L001_R2_001.fastq.gz,consolidated_dataset/durance3/15Bue1005Ch03A_S503_L001_R2_001.fastq.gz,move
data/durance3/171103_M03930_0072_000000000-BFWT5/Data/Intensities/BaseCalls/15Bue1013Ch03A_S504_L001_R1_001.fastq.gz,consolidated_dataset/durance3/15Bue1013Ch03A_S504_L001_R1_001.fastq.gz,move
data/durance3/171103_M03930_0072_000000000-BFWT5/Data/Intensities/BaseCalls/15Bue1013Ch03A_S504_L001_R2_001.fastq.gz,consolidated_dataset/durance3/15Bue1013Ch03A_S504_L001_R2_001.fastq.gz,move
data/durance3/171103_M03930_0072_000000000-BFWT5/Data/Intensities/BaseCalls/15Bau1003Ch03A_S505_L001_R1_001.fastq.gz,consolidated_dataset/durance3/15Bau1003Ch03A_S505_L001_R1_001.fastq.gz,move
data/durance3/171103_M03930_0072_000000000-BFWT5/Data/Intensities/BaseCalls/15Bau1003Ch03A_S505_L001_R2_001.fastq.gz,consolidated_dataset/durance3/15Bau1003Ch03A_S505_L001_R2_001.fastq.gz,move
data/durance3/171103_M03930_0072_000000000-BFWT5/Data/Intensities/BaseCalls/15Bau1011Ch03A_S506_L001_R1_001.fastq.gz,consolidated_dataset/durance3/15Bau1011Ch03A_S506_L001_R1_001.fastq.gz,move
data/durance3/171103_M03930_0072_000000000-BFWT5/Data/Intensities/BaseCalls/15Bau1011Ch03A_S506_L001_R2_001.fastq.gz,consolidated_dataset/durance3/15Bau1011Ch03A_S506_L001_R2_001.fastq.gz,move
data/durance3/171103_M03930_0072_000000000-BFWT5/Data/Intensities/BaseCalls/15Bau1019Ch03A_S507_L001_R1_001.fastq.gz,consolidated_dataset/durance3/15Bau1019Ch03A_S507_L001_R1_001.fastq.gz,move
data/durance3/171103_M03930_0072_000000000-BFWT5/Data/Intensities/BaseCalls/15Bau1019Ch03A_S507_L001_R2_001.fastq.gz,consolidated_dataset/durance3/15Bau1019Ch03A_S507_L001_R2_001.fastq.gz,move
data/durance3/171103_M03930_0072_000000000-BFWT5/Data/Intensities/BaseCalls/15Jus1002Ch03A_S508_L001_R1_001.fastq.gz,consolidated_dataset/durance3/15Jus1002Ch03A_S508_L001_R1_001.fastq.gz,move
data/durance3/171103_M03930_0072_000000000-BFWT5/Data/Intensities/BaseCalls/15Jus1002Ch03A_S508_L001_R2_001.fastq.gz,consolidated_dataset/durance3/15Jus1002Ch03A_S508_L001_R2_001.fastq.gz,move
data/durance3/171103_M03930_0072_000000000-BFWT5/Data/Intensities/BaseCalls/15Jus1010Ch03A_S509_L001_R1_001.fastq.gz,consolidated_dataset/durance3/15Jus1010Ch03A_S509_L001_R1_001.fastq.gz,move
data/durance3/171103_M03930_0072_000000000-BFWT5/Data/Intensities/BaseCalls/15Jus1010Ch03A_S509_L001_R2_001.fastq.gz,consolidated_dataset/durance3/15Jus1010Ch03A_S509_L001_R2_001.fastq.gz,move
data/durance3/171103_M03930_0072_000000000-BFWT5/Data/Intensities/BaseCalls/15Jus1018Ch03A_S510_L001_R1_001.fastq.gz,consolidated_dataset/durance3/15Jus1018Ch03A_S510_L001_R1_001.fastq.gz,move
data/durance3/171103_M03930_0072_000000000-BFWT5/Data/Intensities/BaseCalls/15Jus1018Ch03A_S510_L001_R2_001.fastq.gz,consolidated_dataset/durance3/15Jus1018Ch03A_S510_L001_R2_001.fastq.gz,move
data/durance3/171103_M03930_0072_000000000-BFWT5/Data/Intensities/BaseCalls/15Caa1007Ch03A_S511_L001_R1_001.fastq.gz,consolidated_dataset/durance3/15Caa1007Ch03A_S511_L001_R1_001.fastq.gz,move
data/durance3/171103_M03930_0072_000000000-BFWT5/Data/Intensities/BaseCalls/15Caa1007Ch03A_S511_L001_R2_001.fastq.gz,consolidated_dataset/durance3/15Caa1007Ch03A_S511_L001_R2_001.fastq.gz,move
data/durance3/171103_M03930_0072_000000000-BFWT5/Data/Intensities/BaseCalls/15Caa1015Ch03A_S512_L001_R1_001.fastq.gz,consolidated_dataset/durance3/15Caa1015Ch03A_S512_L001_R1_001.fastq.gz,move
data/durance3/171103_M03930_0072_000000000-BFWT5/Data/Intensities/BaseCalls/15Caa1015Ch03A_S512_L001_R2_001.fastq.gz,consolidated_dataset/durance3/15Caa1015Ch03A_S512_L001_R2_001.fastq.gz,move
data/durance3/171103_M03930_0072_000000000-BFWT5/Data/Intensities/BaseCalls/15Avi1003Cn03A_S513_L001_R1_001.fastq.gz,consolidated_dataset/durance3/15Avi1003Cn03A_S513_L001_R1_001.fastq.gz,move
data/durance3/171103_M03930_0072_000000000-BFWT5/Data/Intensities/BaseCalls/15Avi1003Cn03A_S513_L001_R2_001.fastq.gz,consolidated_dataset/durance3/15Avi1003Cn03A_S513_L001_R2_001.fastq.gz,move
data/durance3/171103_M03930_0072_000000000-BFWT5/Data/Intensities/BaseCalls/15Avi1011Cn03A_S514_L001_R1_001.fastq.gz,consolidated_dataset/durance3/15Avi1011Cn03A_S514_L001_R1_001.fastq.gz,move
data/durance3/171103_M03930_0072_000000000-BFWT5/Data/Intensities/BaseCalls/15Avi1011Cn03A_S514_L001_R2_001.fastq.gz,consolidated_dataset/durance3/15Avi1011Cn03A_S514_L001_R2_001.fastq.gz,move
data/durance3/171103_M03930_0072_000000000-BFWT5/Data/Intensities/BaseCalls/15Bue1006Ch03A_S515_L001_R1_001.fastq.gz,consolidated_dataset/durance3/15Bue1006Ch03A_S515_L001_R1_001.fastq.gz,move
data/durance3/171103_M03930_0072_000000000-BFWT5/Data/Intensities/BaseCalls/15Bue1006Ch03A_S515_L001_R2_001.fastq.gz,consolidated_dataset/durance3/15Bue1006Ch03A_S515_L001_R2_001.fastq.gz,move
data/durance3/171103_M03930_0072_000000000-BFWT5/Data/Intensities/BaseCalls/15Bue1014Ch03A_S516_L001_R1_001.fastq.gz,consolidated_dataset/durance3/15Bue1014Ch03A_S516_L001_R1_001.fastq.gz,move
data/durance3/171103_M03930_0072_000000000-BFWT5/Data/Intensities/BaseCalls/15Bue1014Ch03A_S516_L001_R2_001.fastq.gz,consolidated_dataset/durance3/15Bue1014Ch03A_S516_L001_R2_001.fastq.gz,move
data/durance3/171103_M03930_0072_000000000-BFWT5/Data/Intensities/BaseCalls/15Bau1004Ch03A_S517_L001_R1_001.fastq.gz,consolidated_dataset/durance3/15Bau1004Ch03A_S517_L001_R1_001.fastq.gz,move
data/durance3/171103_M03930_0072_000000000-BFWT5/Data/Intensities/BaseCalls/15Bau1004Ch03A_S517_L001_R2_001.fastq.gz,consolidated_dataset/durance3/15Bau1004Ch03A_S517_L001_R2_001.fastq.gz,move
data/durance3/171103_M03930_0072_000000000-BFWT5/Data/Intensities/BaseCalls/15Bau1012Ch03A_S518_L001_R1_001.fastq.gz,consolidated_dataset/durance3/15Bau1012Ch03A_S518_L001_R1_001.fastq.gz,move
data/durance3/171103_M03930_0072_000000000-BFWT5/Data/Intensities/BaseCalls/15Bau1012Ch03A_S518_L001_R2_001.fastq.gz,consolidated_dataset/durance3/15Bau1012Ch03A_S518_L001_R2_001.fastq.gz,move
data/durance3/171103_M03930_0072_000000000-BFWT5/Data/Intensities/BaseCalls/15Bau1020Ch03A_S519_L001_R1_001.fastq.gz,consolidated_dataset/durance3/15Bau1020Ch03A_S519_L001_R1_001.fastq.gz,move
data/durance3/171103_M03930_0072_000000000-BFWT5/Data/Intensities/BaseCalls/15Bau1020Ch03A_S519_L001_R2_001.fastq.gz,consolidated_dataset/durance3/15Bau1020Ch03A_S519_L001_R2_001.fastq.gz,move
data/durance3/171103_M03930_0072_000000000-BFWT5/Data/Intensities/BaseCalls/15Jus1003Ch03A_S520_L001_R1_001.fastq.gz,consolidated_dataset/durance3/15Jus1003Ch03A_S520_L001_R1_001.fastq.gz,move
data/durance3/171103_M03930_0072_000000000-BFWT5/Data/Intensities/BaseCalls/15Jus1003Ch03A_S520_L001_R2_001.fastq.gz,consolidated_dataset/durance3/15Jus1003Ch03A_S520_L001_R2_001.fastq.gz,move
data/durance3/171103_M03930_0072_000000000-BFWT5/Data/Intensities/BaseCalls/15Jus1011Ch03A_S521_L001_R1_001.fastq.gz,consolidated_dataset/durance3/15Jus1011Ch03A_S521_L001_R1_001.fastq.gz,move
data/durance3/171103_M03930_0072_000000000-BFWT5/Data/Intensities/BaseCalls/15Jus1011Ch03A_S521_L001_R2_001.fastq.gz,consolidated_dataset/durance3/15Jus1011Ch03A_S521_L001_R2_001.fastq.gz,move
data/durance3/171103_M03930_0072_000000000-BFWT5/Data/Intensities/BaseCalls/15Jus1019Ch03A_S522_L001_R1_001.fastq.gz,consolidated_dataset/durance3/15Jus1019Ch03A_S522_L001_R1_001.fastq.gz,move
data/durance3/171103_M03930_0072_000000000-BFWT5/Data/Intensities/BaseCalls/15Jus1019Ch03A_S522_L001_R2_001.fastq.gz,consolidated_dataset/durance3/15Jus1019Ch03A_S522_L001_R2_001.fastq.gz,move
data/durance3/171103_M03930_0072_000000000-BFWT5/Data/Intensities/BaseCalls/15Caa1008Ch03A_S523_L001_R1_001.fastq.gz,consolidated_dataset/durance3/15Caa1008Ch03A_S523_L001_R1_001.fastq.gz,move
data/durance3/171103_M03930_0072_000000000-BFWT5/Data/Intensities/BaseCalls/15Caa1008Ch03A_S523_L001_R2_001.fastq.gz,consolidated_dataset/durance3/15Caa1008Ch03A_S523_L001_R2_001.fastq.gz,move
data/durance3/171103_M03930_0072_000000000-BFWT5/Data/Intensities/BaseCalls/15Caa1016Ch03A_S524_L001_R1_001.fastq.gz,consolidated_dataset/durance3/15Caa1016Ch03A_S524_L001_R1_001.fastq.gz,move
data/durance3/171103_M03930_0072_000000000-BFWT5/Data/Intensities/BaseCalls/15Caa1016Ch03A_S524_L001_R2_001.fastq.gz,consolidated_dataset/durance3/15Caa1016Ch03A_S524_L001_R2_001.fastq.gz,move
data/durance3/171103_M03930_0072_000000000-BFWT5/Data/Intensities/BaseCalls/15Avi1004Cn03A_S525_L001_R1_001.fastq.gz,consolidated_dataset/durance3/15Avi1004Cn03A_S525_L001_R1_001.fastq.gz,move
data/durance3/171103_M03930_0072_000000000-BFWT5/Data/Intensities/BaseCalls/15Avi1004Cn03A_S525_L001_R2_001.fastq.gz,consolidated_dataset/durance3/15Avi1004Cn03A_S525_L001_R2_001.fastq.gz,move
data/durance3/171103_M03930_0072_000000000-BFWT5/Data/Intensities/BaseCalls/15Avi1012Pt03A_S526_L001_R1_001.fastq.gz,consolidated_dataset/durance3/15Avi1012Pt03A_S526_L001_R1_001.fastq.gz,move
data/durance3/171103_M03930_0072_000000000-BFWT5/Data/Intensities/BaseCalls/15Avi1012Pt03A_S526_L001_R2_001.fastq.gz,consolidated_dataset/durance3/15Avi1012Pt03A_S526_L001_R2_001.fastq.gz,move
data/durance3/171103_M03930_0072_000000000-BFWT5/Data/Intensities/BaseCalls/15Bue1007Ch03A_S527_L001_R1_001.fastq.gz,consolidated_dataset/durance3/15Bue1007Ch03A_S527_L001_R1_001.fastq.gz,move
data/durance3/171103_M03930_0072_000000000-BFWT5/Data/Intensities/BaseCalls/15Bue1007Ch03A_S527_L001_R2_001.fastq.gz,consolidated_dataset/durance3/15Bue1007Ch03A_S527_L001_R2_001.fastq.gz,move
data/durance3/171103_M03930_0072_000000000-BFWT5/Data/Intensities/BaseCalls/15Bue1015Ch03A_S528_L001_R1_001.fastq.gz,consolidated_dataset/durance3/15Bue1015Ch03A_S528_L001_R1_001.fastq.gz,move
data/durance3/171103_M03930_0072_000000000-BFWT5/Data/Intensities/BaseCalls/15Bue1015Ch03A_S528_L001_R2_001.fastq.gz,consolidated_dataset/durance3/15Bue1015Ch03A_S528_L001_R2_001.fastq.gz,move
data/durance3/171103_M03930_0072_000000000-BFWT5/Data/Intensities/BaseCalls/15Bau1005Ch03A_S529_L001_R1_001.fastq.gz,consolidated_dataset/durance3/15Bau1005Ch03A_S529_L001_R1_001.fastq.gz,move
data/durance3/171103_M03930_0072_000000000-BFWT5/Data/Intensities/BaseCalls/15Bau1005Ch03A_S529_L001_R2_001.fastq.gz,consolidated_dataset/durance3/15Bau1005Ch03A_S529_L001_R2_001.fastq.gz,move
data/durance3/171103_M03930_0072_000000000-BFWT5/Data/Intensities/BaseCalls/15Bau1013Ch03A_S530_L001_R1_001.fastq.gz,consolidated_dataset/durance3/15Bau1013Ch03A_S530_L001_R1_001.fastq.gz,move
data/durance3/171103_M03930_0072_000000000-BFWT5/Data/Intensities/BaseCalls/15Bau1013Ch03A_S530_L001_R2_001.fastq.gz,consolidated_dataset/durance3/15Bau1013Ch03A_S530_L001_R2_001.fastq.gz,move
data/durance3/171103_M03930_0072_000000000-BFWT5/Data/Intensities/BaseCalls/15Bau1021Ch03A_S531_L001_R1_001.fastq.gz,consolidated_dataset/durance3/15Bau1021Ch03A_S531_L001_R1_001.fastq.gz,move
data/durance3/171103_M03930_0072_000000000-BFWT5/Data/Intensities/BaseCalls/15Bau1021Ch03A_S531_L001_R2_001.fastq.gz,consolidated_dataset/durance3/15Bau1021Ch03A_S531_L001_R2_001.fastq.gz,move
data/durance3/171103_M03930_0072_000000000-BFWT5/Data/Intensities/BaseCalls/15Jus1004Ch03A_S532_L001_R1_001.fastq.gz,consolidated_dataset/durance3/15Jus1004Ch03A_S532_L001_R1_001.fastq.gz,move
data/durance3/171103_M03930_0072_000000000-BFWT5/Data/Intensities/BaseCalls/15Jus1004Ch03A_S532_L001_R2_001.fastq.gz,consolidated_dataset/durance3/15Jus1004Ch03A_S532_L001_R2_001.fastq.gz,move
data/durance3/171103_M03930_0072_000000000-BFWT5/Data/Intensities/BaseCalls/15Jus1012Ch03A_S533_L001_R1_001.fastq.gz,consolidated_dataset/durance3/15Jus1012Ch03A_S533_L001_R1_001.fastq.gz,move
data/durance3/171103_M03930_0072_000000000-BFWT5/Data/Intensities/BaseCalls/15Jus1012Ch03A_S533_L001_R2_001.fastq.gz,consolidated_dataset/durance3/15Jus1012Ch03A_S533_L001_R2_001.fastq.gz,move
data/durance3/171103_M03930_0072_000000000-BFWT5/Data/Intensities/BaseCalls/15Caa1001CH03A_S534_L001_R1_001.fastq.gz,consolidated_dataset/durance3/15Caa1001CH03A_S534_L001_R1_001.fastq.gz,move
data/durance3/171103_M03930_0072_000000000-BFWT5/Data/Intensities/BaseCalls/15Caa1001CH03A_S534_L001_R2_001.fastq.gz,consolidated_dataset/durance3/15Caa1001CH03A_S534_L001_R2_001.fastq.gz,move
data/durance3/171103_M03930_0072_000000000-BFWT5/Data/Intensities/BaseCalls/15Caa1009Ch03A_S535_L001_R1_001.fastq.gz,consolidated_dataset/durance3/15Caa1009Ch03A_S535_L001_R1_001.fastq.gz,move
data/durance3/171103_M03930_0072_000000000-BFWT5/Data/Intensities/BaseCalls/15Caa1009Ch03A_S535_L001_R2_001.fastq.gz,consolidated_dataset/durance3/15Caa1009Ch03A_S535_L001_R2_001.fastq.gz,move
data/durance3/171103_M03930_0072_000000000-BFWT5/Data/Intensities/BaseCalls/15Caa1017Ch03A_S536_L001_R1_001.fastq.gz,consolidated_dataset/durance3/15Caa1017Ch03A_S536_L001_R1_001.fastq.gz,move
data/durance3/171103_M03930_0072_000000000-BFWT5/Data/Intensities/BaseCalls/15Caa1017Ch03A_S536_L001_R2_001.fastq.gz,consolidated_dataset/durance3/15Caa1017Ch03A_S536_L001_R2_001.fastq.gz,move
data/durance3/171103_M03930_0072_000000000-BFWT5/Data/Intensities/BaseCalls/15Avi1005Cn03A_S537_L001_R1_001.fastq.gz,consolidated_dataset/durance3/15Avi1005Cn03A_S537_L001_R1_001.fastq.gz,move
data/durance3/171103_M03930_0072_000000000-BFWT5/Data/Intensities/BaseCalls/15Avi1005Cn03A_S537_L001_R2_001.fastq.gz,consolidated_dataset/durance3/15Avi1005Cn03A_S537_L001_R2_001.fastq.gz,move
data/durance3/171103_M03930_0072_000000000-BFWT5/Data/Intensities/BaseCalls/15Avi1013Pt03A_S538_L001_R1_001.fastq.gz,consolidated_dataset/durance3/15Avi1013Pt03A_S538_L001_R1_001.fastq.gz,move
data/durance3/171103_M03930_0072_000000000-BFWT5/Data/Intensities/BaseCalls/15Avi1013Pt03A_S538_L001_R2_001.fastq.gz,consolidated_dataset/durance3/15Avi1013Pt03A_S538_L001_R2_001.fastq.gz,move
data/durance3/171103_M03930_0072_000000000-BFWT5/Data/Intensities/BaseCalls/15Bue1008Ch03A_S539_L001_R1_001.fastq.gz,consolidated_dataset/durance3/15Bue1008Ch03A_S539_L001_R1_001.fastq.gz,move
data/durance3/171103_M03930_0072_000000000-BFWT5/Data/Intensities/BaseCalls/15Bue1008Ch03A_S539_L001_R2_001.fastq.gz,consolidated_dataset/durance3/15Bue1008Ch03A_S539_L001_R2_001.fastq.gz,move
data/durance3/171103_M03930_0072_000000000-BFWT5/Data/Intensities/BaseCalls/15Bue1016Ch03A_S540_L001_R1_001.fastq.gz,consolidated_dataset/durance3/15Bue1016Ch03A_S540_L001_R1_001.fastq.gz,move
data/durance3/171103_M03930_0072_000000000-BFWT5/Data/Intensities/BaseCalls/15Bue1016Ch03A_S540_L001_R2_001.fastq.gz,consolidated_dataset/durance3/15Bue1016Ch03A_S540_L001_R2_001.fastq.gz,move
data/durance3/171103_M03930_0072_000000000-BFWT5/Data/Intensities/BaseCalls/15Bau1006Ch03A_S541_L001_R1_001.fastq.gz,consolidated_dataset/durance3/15Bau1006Ch03A_S541_L001_R1_001.fastq.gz,move
data/durance3/171103_M03930_0072_000000000-BFWT5/Data/Intensities/BaseCalls/15Bau1006Ch03A_S541_L001_R2_001.fastq.gz,consolidated_dataset/durance3/15Bau1006Ch03A_S541_L001_R2_001.fastq.gz,move
data/durance3/171103_M03930_0072_000000000-BFWT5/Data/Intensities/BaseCalls/15Bau1014Ch03A_S542_L001_R1_001.fastq.gz,consolidated_dataset/durance3/15Bau1014Ch03A_S542_L001_R1_001.fastq.gz,move
data/durance3/171103_M03930_0072_000000000-BFWT5/Data/Intensities/BaseCalls/15Bau1014Ch03A_S542_L001_R2_001.fastq.gz,consolidated_dataset/durance3/15Bau1014Ch03A_S542_L001_R2_001.fastq.gz,move
data/durance3/171103_M03930_0072_000000000-BFWT5/Data/Intensities/BaseCalls/15Bau1022Ch03A_S543_L001_R1_001.fastq.gz,consolidated_dataset/durance3/15Bau1022Ch03A_S543_L001_R1_001.fastq.gz,move
data/durance3/171103_M03930_0072_000000000-BFWT5/Data/Intensities/BaseCalls/15Bau1022Ch03A_S543_L001_R2_001.fastq.gz,consolidated_dataset/durance3/15Bau1022Ch03A_S543_L001_R2_001.fastq.gz,move
data/durance3/171103_M03930_0072_000000000-BFWT5/Data/Intensities/BaseCalls/15Jus1005Ch03A_S544_L001_R1_001.fastq.gz,consolidated_dataset/durance3/15Jus1005Ch03A_S544_L001_R1_001.fastq.gz,move
data/durance3/171103_M03930_0072_000000000-BFWT5/Data/Intensities/BaseCalls/15Jus1005Ch03A_S544_L001_R2_001.fastq.gz,consolidated_dataset/durance3/15Jus1005Ch03A_S544_L001_R2_001.fastq.gz,move
data/durance3/171103_M03930_0072_000000000-BFWT5/Data/Intensities/BaseCalls/15Jus1013Ch03A_S545_L001_R1_001.fastq.gz,consolidated_dataset/durance3/15Jus1013Ch03A_S545_L001_R1_001.fastq.gz,move
data/durance3/171103_M03930_0072_000000000-BFWT5/Data/Intensities/BaseCalls/15Jus1013Ch03A_S545_L001_R2_001.fastq.gz,consolidated_dataset/durance3/15Jus1013Ch03A_S545_L001_R2_001.fastq.gz,move
data/durance3/171103_M03930_0072_000000000-BFWT5/Data/Intensities/BaseCalls/15Caa1002Ch03A_S546_L001_R1_001.fastq.gz,consolidated_dataset/durance3/15Caa1002Ch03A_S546_L001_R1_001.fastq.gz,move
data/durance3/171103_M03930_0072_000000000-BFWT5/Data/Intensities/BaseCalls/15Caa1002Ch03A_S546_L001_R2_001.fastq.gz,consolidated_dataset/durance3/15Caa1002Ch03A_S546_L001_R2_001.fastq.gz,move
data/durance3/171103_M03930_0072_000000000-BFWT5/Data/Intensities/BaseCalls/15Caa1010Ch03A_S547_L001_R1_001.fastq.gz,consolidated_dataset/durance3/15Caa1010Ch03A_S547_L001_R1_001.fastq.gz,move
data/durance3/171103_M03930_0072_000000000-BFWT5/Data/Intensities/BaseCalls/15Caa1010Ch03A_S547_L001_R2_001.fastq.gz,consolidated_dataset/durance3/15Caa1010Ch03A_S547_L001_R2_001.fastq.gz,move
data/durance3/171103_M03930_0072_000000000-BFWT5/Data/Intensities/BaseCalls/15Caa1018Ch03A_S548_L001_R1_001.fastq.gz,consolidated_dataset/durance3/15Caa1018Ch03A_S548_L001_R1_001.fastq.gz,move
data/durance3/171103_M03930_0072_000000000-BFWT5/Data/Intensities/BaseCalls/15Caa1018Ch03A_S548_L001_R2_001.fastq.gz,consolidated_dataset/durance3/15Caa1018Ch03A_S548_L001_R2_001.fastq.gz,move
data/durance3/171103_M03930_0072_000000000-BFWT5/Data/Intensities/BaseCalls/15Avi1006Cn03A_S549_L001_R1_001.fastq.gz,consolidated_dataset/durance3/15Avi1006Cn03A_S549_L001_R1_001.fastq.gz,move
data/durance3/171103_M03930_0072_000000000-BFWT5/Data/Intensities/BaseCalls/15Avi1006Cn03A_S549_L001_R2_001.fastq.gz,consolidated_dataset/durance3/15Avi1006Cn03A_S549_L001_R2_001.fastq.gz,move
data/durance3/171103_M03930_0072_000000000-BFWT5/Data/Intensities/BaseCalls/15Bue1001Ch03A_S550_L001_R1_001.fastq.gz,consolidated_dataset/durance3/15Bue1001Ch03A_S550_L001_R1_001.fastq.gz,move
data/durance3/171103_M03930_0072_000000000-BFWT5/Data/Intensities/BaseCalls/15Bue1001Ch03A_S550_L001_R2_001.fastq.gz,consolidated_dataset/durance3/15Bue1001Ch03A_S550_L001_R2_001.fastq.gz,move
data/durance3/171103_M03930_0072_000000000-BFWT5/Data/Intensities/BaseCalls/15Bue1009Ch03A_S551_L001_R1_001.fastq.gz,consolidated_dataset/durance3/15Bue1009Ch03A_S551_L001_R1_001.fastq.gz,move
data/durance3/171103_M03930_0072_000000000-BFWT5/Data/Intensities/BaseCalls/15Bue1009Ch03A_S551_L001_R2_001.fastq.gz,consolidated_dataset/durance3/15Bue1009Ch03A_S551_L001_R2_001.fastq.gz,move
data/durance3/171103_M03930_0072_000000000-BFWT5/Data/Intensities/BaseCalls/15Bue1017Ch03A_S552_L001_R1_001.fastq.gz,consolidated_dataset/durance3/15Bue1017Ch03A_S552_L001_R1_001.fastq.gz,move
data/durance3/171103_M03930_0072_000000000-BFWT5/Data/Intensities/BaseCalls/15Bue1017Ch03A_S552_L001_R2_001.fastq.gz,consolidated_dataset/durance3/15Bue1017Ch03A_S552_L001_R2_001.fastq.gz,move
data/durance3/171103_M03930_0072_000000000-BFWT5/Data/Intensities/BaseCalls/15Bau1007Ch03A_S553_L001_R1_001.fastq.gz,consolidated_dataset/durance3/15Bau1007Ch03A_S553_L001_R1_001.fastq.gz,move
data/durance3/171103_M03930_0072_000000000-BFWT5/Data/Intensities/BaseCalls/15Bau1007Ch03A_S553_L001_R2_001.fastq.gz,consolidated_dataset/durance3/15Bau1007Ch03A_S553_L001_R2_001.fastq.gz,move
data/durance3/171103_M03930_0072_000000000-BFWT5/Data/Intensities/BaseCalls/15Bau1015Ch03A_S554_L001_R1_001.fastq.gz,consolidated_dataset/durance3/15Bau1015Ch03A_S554_L001_R1_001.fastq.gz,move
data/durance3/171103_M03930_0072_000000000-BFWT5/Data/Intensities/BaseCalls/15Bau1015Ch03A_S554_L001_R2_001.fastq.gz,consolidated_dataset/durance3/15Bau1015Ch03A_S554_L001_R2_001.fastq.gz,move
data/durance3/171103_M03930_0072_000000000-BFWT5/Data/Intensities/BaseCalls/15Bau1023Ch03A_S555_L001_R1_001.fastq.gz,consolidated_dataset/durance3/15Bau1023Ch03A_S555_L001_R1_001.fastq.gz,move
data/durance3/171103_M03930_0072_000000000-BFWT5/Data/Intensities/BaseCalls/15Bau1023Ch03A_S555_L001_R2_001.fastq.gz,consolidated_dataset/durance3/15Bau1023Ch03A_S555_L001_R2_001.fastq.gz,move
data/durance3/171103_M03930_0072_000000000-BFWT5/Data/Intensities/BaseCalls/15Jus1006Ch03A_S556_L001_R1_001.fastq.gz,consolidated_dataset/durance3/15Jus1006Ch03A_S556_L001_R1_001.fastq.gz,move
data/durance3/171103_M03930_0072_000000000-BFWT5/Data/Intensities/BaseCalls/15Jus1006Ch03A_S556_L001_R2_001.fastq.gz,consolidated_dataset/durance3/15Jus1006Ch03A_S556_L001_R2_001.fastq.gz,move
data/durance3/171103_M03930_0072_000000000-BFWT5/Data/Intensities/BaseCalls/15Jus1014Ch03A_S557_L001_R1_001.fastq.gz,consolidated_dataset/durance3/15Jus1014Ch03A_S557_L001_R1_001.fastq.gz,move
data/durance3/171103_M03930_0072_000000000-BFWT5/Data/Intensities/BaseCalls/15Jus1014Ch03A_S557_L001_R2_001.fastq.gz,consolidated_dataset/durance3/15Jus1014Ch03A_S557_L001_R2_001.fastq.gz,move
data/durance3/171103_M03930_0072_000000000-BFWT5/Data/Intensities/BaseCalls/15Caa1003Ch03A_S558_L001_R1_001.fastq.gz,consolidated_dataset/durance3/15Caa1003Ch03A_S558_L001_R1_001.fastq.gz,move
data/durance3/171103_M03930_0072_000000000-BFWT5/Data/Intensities/BaseCalls/15Caa1003Ch03A_S558_L001_R2_001.fastq.gz,consolidated_dataset/durance3/15Caa1003Ch03A_S558_L001_R2_001.fastq.gz,move
data/durance3/171103_M03930_0072_000000000-BFWT5/Data/Intensities/BaseCalls/15Caa1011Ch03A_S559_L001_R1_001.fastq.gz,consolidated_dataset/durance3/15Caa1011Ch03A_S559_L001_R1_001.fastq.gz,move
data/durance3/171103_M03930_0072_000000000-BFWT5/Data/Intensities/BaseCalls/15Caa1011Ch03A_S559_L001_R2_001.fastq.gz,consolidated_dataset/durance3/15Caa1011Ch03A_S559_L001_R2_001.fastq.gz,move
data/durance3/171103_M03930_0072_000000000-BFWT5/Data/Intensities/BaseCalls/15Caa1019Ch03A_S560_L001_R1_001.fastq.gz,consolidated_dataset/durance3/15Caa1019Ch03A_S560_L001_R1_001.fastq.gz,move
data/durance3/171103_M03930_0072_000000000-BFWT5/Data/Intensities/BaseCalls/15Caa1019Ch03A_S560_L001_R2_001.fastq.gz,consolidated_dataset/durance3/15Caa1019Ch03A_S560_L001_R2_001.fastq.gz,move
data/durance3/171103_M03930_0072_000000000-BFWT5/Data/Intensities/BaseCalls/15Avi1007Cn03A_S561_L001_R1_001.fastq.gz,consolidated_dataset/durance3/15Avi1007Cn03A_S561_L001_R1_001.fastq.gz,move
data/durance3/171103_M03930_0072_000000000-BFWT5/Data/Intensities/BaseCalls/15Avi1007Cn03A_S561_L001_R2_001.fastq.gz,consolidated_dataset/durance3/15Avi1007Cn03A_S561_L001_R2_001.fastq.gz,move
data/durance3/171103_M03930_0072_000000000-BFWT5/Data/Intensities/BaseCalls/15Bue1002Ch03A_S562_L001_R1_001.fastq.gz,consolidated_dataset/durance3/15Bue1002Ch03A_S562_L001_R1_001.fastq.gz,move
data/durance3/171103_M03930_0072_000000000-BFWT5/Data/Intensities/BaseCalls/15Bue1002Ch03A_S562_L001_R2_001.fastq.gz,consolidated_dataset/durance3/15Bue1002Ch03A_S562_L001_R2_001.fastq.gz,move
data/durance3/171103_M03930_0072_000000000-BFWT5/Data/Intensities/BaseCalls/15Bue1010Ch03A_S563_L001_R1_001.fastq.gz,consolidated_dataset/durance3/15Bue1010Ch03A_S563_L001_R1_001.fastq.gz,move
data/durance3/171103_M03930_0072_000000000-BFWT5/Data/Intensities/BaseCalls/15Bue1010Ch03A_S563_L001_R2_001.fastq.gz,consolidated_dataset/durance3/15Bue1010Ch03A_S563_L001_R2_001.fastq.gz,move
data/durance3/171103_M03930_0072_000000000-BFWT5/Data/Intensities/BaseCalls/15Bue1018Ch03A_S564_L001_R1_001.fastq.gz,consolidated_dataset/durance3/15Bue1018Ch03A_S564_L001_R1_001.fastq.gz,move
data/durance3/171103_M03930_0072_000000000-BFWT5/Data/Intensities/BaseCalls/15Bue1018Ch03A_S564_L001_R2_001.fastq.gz,consolidated_dataset/durance3/15Bue1018Ch03A_S564_L001_R2_001.fastq.gz,move
data/durance3/171103_M03930_0072_000000000-BFWT5/Data/Intensities/BaseCalls/15Bau1008Ch03A_S565_L001_R1_001.fastq.gz,consolidated_dataset/durance3/15Bau1008Ch03A_S565_L001_R1_001.fastq.gz,move
data/durance3/171103_M03930_0072_000000000-BFWT5/Data/Intensities/BaseCalls/15Bau1008Ch03A_S565_L001_R2_001.fastq.gz,consolidated_dataset/durance3/15Bau1008Ch03A_S565_L001_R2_001.fastq.gz,move
data/durance3/171103_M03930_0072_000000000-BFWT5/Data/Intensities/BaseCalls/15Bau1016Ch03A_S566_L001_R1_001.fastq.gz,consolidated_dataset/durance3/15Bau1016Ch03A_S566_L001_R1_001.fastq.gz,move
data/durance3/171103_M03930_0072_000000000-BFWT5/Data/Intensities/BaseCalls/15Bau1016Ch03A_S566_L001_R2_001.fastq.gz,consolidated_dataset/durance3/15Bau1016Ch03A_S566_L001_R2_001.fastq.gz,move
data/durance3/171103_M03930_0072_000000000-BFWT5/Data/Intensities/BaseCalls/15Bau1024Ch03A_S567_L001_R1_001.fastq.gz,consolidated_dataset/durance3/15Bau1024Ch03A_S567_L001_R1_001.fastq.gz,move
data/durance3/171103_M03930_0072_000000000-BFWT5/Data/Intensities/BaseCalls/15Bau1024Ch03A_S567_L001_R2_001.fastq.gz,consolidated_dataset/durance3/15Bau1024Ch03A_S567_L001_R2_001.fastq.gz,move
data/durance3/171103_M03930_0072_000000000-BFWT5/Data/Intensities/BaseCalls/15Jus1007Ch03A_S568_L001_R1_001.fastq.gz,consolidated_dataset/durance3/15Jus1007Ch03A_S568_L001_R1_001.fastq.gz,move
data/durance3/171103_M03930_0072_000000000-BFWT5/Data/Intensities/BaseCalls/15Jus1007Ch03A_S568_L001_R2_001.fastq.gz,consolidated_dataset/durance3/15Jus1007Ch03A_S568_L001_R2_001.fastq.gz,move
data/durance3/171103_M03930_0072_000000000-BFWT5/Data/Intensities/BaseCalls/15Jus1015Ch03A_S569_L001_R1_001.fastq.gz,consolidated_dataset/durance3/15Jus1015Ch03A_S569_L001_R1_001.fastq.gz,move
data/durance3/171103_M03930_0072_000000000-BFWT5/Data/Intensities/BaseCalls/15Jus1015Ch03A_S569_L001_R2_001.fastq.gz,consolidated_dataset/durance3/15Jus1015Ch03A_S569_L001_R2_001.fastq.gz,move
data/durance3/171103_M03930_0072_000000000-BFWT5/Data/Intensities/BaseCalls/15Caa1004Ch03A_S570_L001_R1_001.fastq.gz,consolidated_dataset/durance3/15Caa1004Ch03A_S570_L001_R1_001.fastq.gz,move
data/durance3/171103_M03930_0072_000000000-BFWT5/Data/Intensities/BaseCalls/15Caa1004Ch03A_S570_L001_R2_001.fastq.gz,consolidated_dataset/durance3/15Caa1004Ch03A_S570_L001_R2_001.fastq.gz,move
data/durance3/171103_M03930_0072_000000000-BFWT5/Data/Intensities/BaseCalls/15Caa1012Ch03A_S571_L001_R1_001.fastq.gz,consolidated_dataset/durance3/15Caa1012Ch03A_S571_L001_R1_001.fastq.gz,move
data/durance3/171103_M03930_0072_000000000-BFWT5/Data/Intensities/BaseCalls/15Caa1012Ch03A_S571_L001_R2_001.fastq.gz,consolidated_dataset/durance3/15Caa1012Ch03A_S571_L001_R2_001.fastq.gz,move
data/durance3/171103_M03930_0072_000000000-BFWT5/Data/Intensities/BaseCalls/15Caa1020Ch03A_S572_L001_R1_001.fastq.gz,consolidated_dataset/durance3/15Caa1020Ch03A_S572_L001_R1_001.fastq.gz,move
data/durance3/171103_M03930_0072_000000000-BFWT5/Data/Intensities/BaseCalls/15Caa1020Ch03A_S572_L001_R2_001.fastq.gz,consolidated_dataset/durance3/15Caa1020Ch03A_S572_L001_R2_001.fastq.gz,move
data/durance3/171103_M03930_0072_000000000-BFWT5/Data/Intensities/BaseCalls/15Avi1008Cn03A_S573_L001_R1_001.fastq.gz,consolidated_dataset/durance3/15Avi1008Cn03A_S573_L001_R1_001.fastq.gz,move
data/durance3/171103_M03930_0072_000000000-BFWT5/Data/Intensities/BaseCalls/15Avi1008Cn03A_S573_L001_R2_001.fastq.gz,consolidated_dataset/durance3/15Avi1008Cn03A_S573_L001_R2_001.fastq.gz,move
data/durance3/171103_M03930_0072_000000000-BFWT5/Data/Intensities/BaseCalls/15Bue1003Ch03A_S574_L001_R1_001.fastq.gz,consolidated_dataset/durance3/15Bue1003Ch03A_S574_L001_R1_001.fastq.gz,move
data/durance3/171103_M03930_0072_000000000-BFWT5/Data/Intensities/BaseCalls/15Bue1003Ch03A_S574_L001_R2_001.fastq.gz,consolidated_dataset/durance3/15Bue1003Ch03A_S574_L001_R2_001.fastq.gz,move
data/durance3/171103_M03930_0072_000000000-BFWT5/Data/Intensities/BaseCalls/15Bue1011Ch03A_S575_L001_R1_001.fastq.gz,consolidated_dataset/durance3/15Bue1011Ch03A_S575_L001_R1_001.fastq.gz,move
data/durance3/171103_M03930_0072_000000000-BFWT5/Data/Intensities/BaseCalls/15Bue1011Ch03A_S575_L001_R2_001.fastq.gz,consolidated_dataset/durance3/15Bue1011Ch03A_S575_L001_R2_001.fastq.gz,move
data/durance3/171103_M03930_0072_000000000-BFWT5/Data/Intensities/BaseCalls/T-6_S576_L001_R1_001.fastq.gz,consolidated_dataset/durance3/T-6_S576_L001_R1_001.fastq.gz,move
data/durance3/171103_M03930_0072_000000000-BFWT5/Data/Intensities/BaseCalls/T-6_S576_L001_R2_001.fastq.gz,consolidated_dataset/durance3/T-6_S576_L001_R2_001.fastq.gz,move
data/durance3/171103_M03930_0072_000000000-BFWT5/Data/Intensities/BaseCalls/14Ain1001Cn02A_S577_L001_R1_001.fastq.gz,consolidated_dataset/durance3/14Ain1001Cn02A_S577_L001_R1_001.fastq.gz,move
data/durance3/171103_M03930_0072_000000000-BFWT5/Data/Intensities/BaseCalls/14Ain1001Cn02A_S577_L001_R2_001.fastq.gz,consolidated_dataset/durance3/14Ain1001Cn02A_S577_L001_R2_001.fastq.gz,move
data/durance3/171103_M03930_0072_000000000-BFWT5/Data/Intensities/BaseCalls/14Ain1039Pt02A_S578_L001_R1_001.fastq.gz,consolidated_dataset/durance3/14Ain1039Pt02A_S578_L001_R1_001.fastq.gz,move
data/durance3/171103_M03930_0072_000000000-BFWT5/Data/Intensities/BaseCalls/14Ain1039Pt02A_S578_L001_R2_001.fastq.gz,consolidated_dataset/durance3/14Ain1039Pt02A_S578_L001_R2_001.fastq.gz,move
data/durance3/171103_M03930_0072_000000000-BFWT5/Data/Intensities/BaseCalls/15Cab1004Ch02A_S579_L001_R1_001.fastq.gz,consolidated_dataset/durance3/15Cab1004Ch02A_S579_L001_R1_001.fastq.gz,move
data/durance3/171103_M03930_0072_000000000-BFWT5/Data/Intensities/BaseCalls/15Cab1004Ch02A_S579_L001_R2_001.fastq.gz,consolidated_dataset/durance3/15Cab1004Ch02A_S579_L001_R2_001.fastq.gz,move
data/durance3/171103_M03930_0072_000000000-BFWT5/Data/Intensities/BaseCalls/15Cab1012Ch02A_S580_L001_R1_001.fastq.gz,consolidated_dataset/durance3/15Cab1012Ch02A_S580_L001_R1_001.fastq.gz,move
data/durance3/171103_M03930_0072_000000000-BFWT5/Data/Intensities/BaseCalls/15Cab1012Ch02A_S580_L001_R2_001.fastq.gz,consolidated_dataset/durance3/15Cab1012Ch02A_S580_L001_R2_001.fastq.gz,move
data/durance3/171103_M03930_0072_000000000-BFWT5/Data/Intensities/BaseCalls/14Avi1001Cn02A_S581_L001_R1_001.fastq.gz,consolidated_dataset/durance3/14Avi1001Cn02A_S581_L001_R1_001.fastq.gz,move
data/durance3/171103_M03930_0072_000000000-BFWT5/Data/Intensities/BaseCalls/14Avi1001Cn02A_S581_L001_R2_001.fastq.gz,consolidated_dataset/durance3/14Avi1001Cn02A_S581_L001_R2_001.fastq.gz,move
data/durance3/171103_M03930_0072_000000000-BFWT5/Data/Intensities/BaseCalls/14Avi1036Cn02A_S582_L001_R1_001.fastq.gz,consolidated_dataset/durance3/14Avi1036Cn02A_S582_L001_R1_001.fastq.gz,move
data/durance3/171103_M03930_0072_000000000-BFWT5/Data/Intensities/BaseCalls/14Avi1036Cn02A_S582_L001_R2_001.fastq.gz,consolidated_dataset/durance3/14Avi1036Cn02A_S582_L001_R2_001.fastq.gz,move
data/durance3/171103_M03930_0072_000000000-BFWT5/Data/Intensities/BaseCalls/14Bue1006Cn02A_S583_L001_R1_001.fastq.gz,consolidated_dataset/durance3/14Bue1006Cn02A_S583_L001_R1_001.fastq.gz,move
data/durance3/171103_M03930_0072_000000000-BFWT5/Data/Intensities/BaseCalls/14Bue1006Cn02A_S583_L001_R2_001.fastq.gz,consolidated_dataset/durance3/14Bue1006Cn02A_S583_L001_R2_001.fastq.gz,move
data/durance3/171103_M03930_0072_000000000-BFWT5/Data/Intensities/BaseCalls/14Bue1016Ch02A_S584_L001_R1_001.fastq.gz,consolidated_dataset/durance3/14Bue1016Ch02A_S584_L001_R1_001.fastq.gz,move
data/durance3/171103_M03930_0072_000000000-BFWT5/Data/Intensities/BaseCalls/14Bue1016Ch02A_S584_L001_R2_001.fastq.gz,consolidated_dataset/durance3/14Bue1016Ch02A_S584_L001_R2_001.fastq.gz,move
data/durance3/171103_M03930_0072_000000000-BFWT5/Data/Intensities/BaseCalls/14Man1012Ch02A_S585_L001_R1_001.fastq.gz,consolidated_dataset/durance3/14Man1012Ch02A_S585_L001_R1_001.fastq.gz,move
data/durance3/171103_M03930_0072_000000000-BFWT5/Data/Intensities/BaseCalls/14Man1012Ch02A_S585_L001_R2_001.fastq.gz,consolidated_dataset/durance3/14Man1012Ch02A_S585_L001_R2_001.fastq.gz,move
data/durance3/171103_M03930_0072_000000000-BFWT5/Data/Intensities/BaseCalls/14Man1020Ch02A_S586_L001_R1_001.fastq.gz,consolidated_dataset/durance3/14Man1020Ch02A_S586_L001_R1_001.fastq.gz,move
data/durance3/171103_M03930_0072_000000000-BFWT5/Data/Intensities/BaseCalls/14Man1020Ch02A_S586_L001_R2_001.fastq.gz,consolidated_dataset/durance3/14Man1020Ch02A_S586_L001_R2_001.fastq.gz,move
data/durance3/171103_M03930_0072_000000000-BFWT5/Data/Intensities/BaseCalls/14Per2012Ch02A_S587_L001_R1_001.fastq.gz,consolidated_dataset/durance3/14Per2012Ch02A_S587_L001_R1_001.fastq.gz,move
data/durance3/171103_M03930_0072_000000000-BFWT5/Data/Intensities/BaseCalls/14Per2012Ch02A_S587_L001_R2_001.fastq.gz,consolidated_dataset/durance3/14Per2012Ch02A_S587_L001_R2_001.fastq.gz,move
data/durance3/171103_M03930_0072_000000000-BFWT5/Data/Intensities/BaseCalls/14Per2012Ch02A-bis_S588_L001_R1_001.fastq.gz,consolidated_dataset/durance3/14Per2012Ch02A-bis_S588_L001_R1_001.fastq.gz,move
data/durance3/171103_M03930_0072_000000000-BFWT5/Data/Intensities/BaseCalls/14Per2012Ch02A-bis_S588_L001_R2_001.fastq.gz,consolidated_dataset/durance3/14Per2012Ch02A-bis_S588_L001_R2_001.fastq.gz,move
data/durance3/171103_M03930_0072_000000000-BFWT5/Data/Intensities/BaseCalls/14Ain1002Cn02A_S589_L001_R1_001.fastq.gz,consolidated_dataset/durance3/14Ain1002Cn02A_S589_L001_R1_001.fastq.gz,move
data/durance3/171103_M03930_0072_000000000-BFWT5/Data/Intensities/BaseCalls/14Ain1002Cn02A_S589_L001_R2_001.fastq.gz,consolidated_dataset/durance3/14Ain1002Cn02A_S589_L001_R2_001.fastq.gz,move
data/durance3/171103_M03930_0072_000000000-BFWT5/Data/Intensities/BaseCalls/14Ain1040Pt02A_S590_L001_R1_001.fastq.gz,consolidated_dataset/durance3/14Ain1040Pt02A_S590_L001_R1_001.fastq.gz,move
data/durance3/171103_M03930_0072_000000000-BFWT5/Data/Intensities/BaseCalls/14Ain1040Pt02A_S590_L001_R2_001.fastq.gz,consolidated_dataset/durance3/14Ain1040Pt02A_S590_L001_R2_001.fastq.gz,move
data/durance3/171103_M03930_0072_000000000-BFWT5/Data/Intensities/BaseCalls/15Cab1005Ch02A_S591_L001_R1_001.fastq.gz,consolidated_dataset/durance3/15Cab1005Ch02A_S591_L001_R1_001.fastq.gz,move
data/durance3/171103_M03930_0072_000000000-BFWT5/Data/Intensities/BaseCalls/15Cab1005Ch02A_S591_L001_R2_001.fastq.gz,consolidated_dataset/durance3/15Cab1005Ch02A_S591_L001_R2_001.fastq.gz,move
data/durance3/171103_M03930_0072_000000000-BFWT5/Data/Intensities/BaseCalls/15Cab1013Ch02A_S592_L001_R1_001.fastq.gz,consolidated_dataset/durance3/15Cab1013Ch02A_S592_L001_R1_001.fastq.gz,move
data/durance3/171103_M03930_0072_000000000-BFWT5/Data/Intensities/BaseCalls/15Cab1013Ch02A_S592_L001_R2_001.fastq.gz,consolidated_dataset/durance3/15Cab1013Ch02A_S592_L001_R2_001.fastq.gz,move
data/durance3/171103_M03930_0072_000000000-BFWT5/Data/Intensities/BaseCalls/14Avi1002Cn02A_S593_L001_R1_001.fastq.gz,consolidated_dataset/durance3/14Avi1002Cn02A_S593_L001_R1_001.fastq.gz,move
data/durance3/171103_M03930_0072_000000000-BFWT5/Data/Intensities/BaseCalls/14Avi1002Cn02A_S593_L001_R2_001.fastq.gz,consolidated_dataset/durance3/14Avi1002Cn02A_S593_L001_R2_001.fastq.gz,move
data/durance3/171103_M03930_0072_000000000-BFWT5/Data/Intensities/BaseCalls/14Avi1037Cn02A_S594_L001_R1_001.fastq.gz,consolidated_dataset/durance3/14Avi1037Cn02A_S594_L001_R1_001.fastq.gz,move
data/durance3/171103_M03930_0072_000000000-BFWT5/Data/Intensities/BaseCalls/14Avi1037Cn02A_S594_L001_R2_001.fastq.gz,consolidated_dataset/durance3/14Avi1037Cn02A_S594_L001_R2_001.fastq.gz,move
data/durance3/171103_M03930_0072_000000000-BFWT5/Data/Intensities/BaseCalls/14Bue1007Cn02A_S595_L001_R1_001.fastq.gz,consolidated_dataset/durance3/14Bue1007Cn02A_S595_L001_R1_001.fastq.gz,move
data/durance3/171103_M03930_0072_000000000-BFWT5/Data/Intensities/BaseCalls/14Bue1007Cn02A_S595_L001_R2_001.fastq.gz,consolidated_dataset/durance3/14Bue1007Cn02A_S595_L001_R2_001.fastq.gz,move
data/durance3/171103_M03930_0072_000000000-BFWT5/Data/Intensities/BaseCalls/14Bue1017Ch02A_S596_L001_R1_001.fastq.gz,consolidated_dataset/durance3/14Bue1017Ch02A_S596_L001_R1_001.fastq.gz,move
data/durance3/171103_M03930_0072_000000000-BFWT5/Data/Intensities/BaseCalls/14Bue1017Ch02A_S596_L001_R2_001.fastq.gz,consolidated_dataset/durance3/14Bue1017Ch02A_S596_L001_R2_001.fastq.gz,move
data/durance3/171103_M03930_0072_000000000-BFWT5/Data/Intensities/BaseCalls/14Man1013Ch02A_S597_L001_R1_001.fastq.gz,consolidated_dataset/durance3/14Man1013Ch02A_S597_L001_R1_001.fastq.gz,move
data/durance3/171103_M03930_0072_000000000-BFWT5/Data/Intensities/BaseCalls/14Man1013Ch02A_S597_L001_R2_001.fastq.gz,consolidated_dataset/durance3/14Man1013Ch02A_S597_L001_R2_001.fastq.gz,move
data/durance3/171103_M03930_0072_000000000-BFWT5/Data/Intensities/BaseCalls/14Man1021Ch02A_S598_L001_R1_001.fastq.gz,consolidated_dataset/durance3/14Man1021Ch02A_S598_L001_R1_001.fastq.gz,move
data/durance3/171103_M03930_0072_000000000-BFWT5/Data/Intensities/BaseCalls/14Man1021Ch02A_S598_L001_R2_001.fastq.gz,consolidated_dataset/durance3/14Man1021Ch02A_S598_L001_R2_001.fastq.gz,move
data/durance3/171103_M03930_0072_000000000-BFWT5/Data/Intensities/BaseCalls/14Per2013Ch02A_S599_L001_R1_001.fastq.gz,consolidated_dataset/durance3/14Per2013Ch02A_S599_L001_R1_001.fastq.gz,move
data/durance3/171103_M03930_0072_000000000-BFWT5/Data/Intensities/BaseCalls/14Per2013Ch02A_S599_L001_R2_001.fastq.gz,consolidated_dataset/durance3/14Per2013Ch02A_S599_L001_R2_001.fastq.gz,move
data/durance3/171103_M03930_0072_000000000-BFWT5/Data/Intensities/BaseCalls/14Per2013Ch02A-bis_S600_L001_R1_001.fastq.gz,consolidated_dataset/durance3/14Per2013Ch02A-bis_S600_L001_R1_001.fastq.gz,move
data/durance3/171103_M03930_0072_000000000-BFWT5/Data/Intensities/BaseCalls/14Per2013Ch02A-bis_S600_L001_R2_001.fastq.gz,consolidated_dataset/durance3/14Per2013Ch02A-bis_S600_L001_R2_001.fastq.gz,move
data/durance3/171103_M03930_0072_000000000-BFWT5/Data/Intensities/BaseCalls/14Ain1011Pt02A_S601_L001_R1_001.fastq.gz,consolidated_dataset/durance3/14Ain1011Pt02A_S601_L001_R1_001.fastq.gz,move
data/durance3/171103_M03930_0072_000000000-BFWT5/Data/Intensities/BaseCalls/14Ain1011Pt02A_S601_L001_R2_001.fastq.gz,consolidated_dataset/durance3/14Ain1011Pt02A_S601_L001_R2_001.fastq.gz,move
data/durance3/171103_M03930_0072_000000000-BFWT5/Data/Intensities/BaseCalls/14Ain1041Pt02A_S602_L001_R1_001.fastq.gz,consolidated_dataset/durance3/14Ain1041Pt02A_S602_L001_R1_001.fastq.gz,move
data/durance3/171103_M03930_0072_000000000-BFWT5/Data/Intensities/BaseCalls/14Ain1041Pt02A_S602_L001_R2_001.fastq.gz,consolidated_dataset/durance3/14Ain1041Pt02A_S602_L001_R2_001.fastq.gz,move
data/durance3/171103_M03930_0072_000000000-BFWT5/Data/Intensities/BaseCalls/15Cab1006Ch02A_S603_L001_R1_001.fastq.gz,consolidated_dataset/durance3/15Cab1006Ch02A_S603_L001_R1_001.fastq.gz,move
data/durance3/171103_M03930_0072_000000000-BFWT5/Data/Intensities/BaseCalls/15Cab1006Ch02A_S603_L001_R2_001.fastq.gz,consolidated_dataset/durance3/15Cab1006Ch02A_S603_L001_R2_001.fastq.gz,move
data/durance3/171103_M03930_0072_000000000-BFWT5/Data/Intensities/BaseCalls/15Cab1014Ch02A_S604_L001_R1_001.fastq.gz,consolidated_dataset/durance3/15Cab1014Ch02A_S604_L001_R1_001.fastq.gz,move
data/durance3/171103_M03930_0072_000000000-BFWT5/Data/Intensities/BaseCalls/15Cab1014Ch02A_S604_L001_R2_001.fastq.gz,consolidated_dataset/durance3/15Cab1014Ch02A_S604_L001_R2_001.fastq.gz,move
data/durance3/171103_M03930_0072_000000000-BFWT5/Data/Intensities/BaseCalls/14Avi1003Cn02A_S605_L001_R1_001.fastq.gz,consolidated_dataset/durance3/14Avi1003Cn02A_S605_L001_R1_001.fastq.gz,move
data/durance3/171103_M03930_0072_000000000-BFWT5/Data/Intensities/BaseCalls/14Avi1003Cn02A_S605_L001_R2_001.fastq.gz,consolidated_dataset/durance3/14Avi1003Cn02A_S605_L001_R2_001.fastq.gz,move
data/durance3/171103_M03930_0072_000000000-BFWT5/Data/Intensities/BaseCalls/14Avi1038Cn02A_S606_L001_R1_001.fastq.gz,consolidated_dataset/durance3/14Avi1038Cn02A_S606_L001_R1_001.fastq.gz,move
data/durance3/171103_M03930_0072_000000000-BFWT5/Data/Intensities/BaseCalls/14Avi1038Cn02A_S606_L001_R2_001.fastq.gz,consolidated_dataset/durance3/14Avi1038Cn02A_S606_L001_R2_001.fastq.gz,move
data/durance3/171103_M03930_0072_000000000-BFWT5/Data/Intensities/BaseCalls/14Bue1008Cn02A_S607_L001_R1_001.fastq.gz,consolidated_dataset/durance3/14Bue1008Cn02A_S607_L001_R1_001.fastq.gz,move
data/durance3/171103_M03930_0072_000000000-BFWT5/Data/Intensities/BaseCalls/14Bue1008Cn02A_S607_L001_R2_001.fastq.gz,consolidated_dataset/durance3/14Bue1008Cn02A_S607_L001_R2_001.fastq.gz,move
data/durance3/171103_M03930_0072_000000000-BFWT5/Data/Intensities/BaseCalls/14Bue1018Ch02A_S608_L001_R1_001.fastq.gz,consolidated_dataset/durance3/14Bue1018Ch02A_S608_L001_R1_001.fastq.gz,move
data/durance3/171103_M03930_0072_000000000-BFWT5/Data/Intensities/BaseCalls/14Bue1018Ch02A_S608_L001_R2_001.fastq.gz,consolidated_dataset/durance3/14Bue1018Ch02A_S608_L001_R2_001.fastq.gz,move
data/durance3/171103_M03930_0072_000000000-BFWT5/Data/Intensities/BaseCalls/14Man1014Ch02A_S609_L001_R1_001.fastq.gz,consolidated_dataset/durance3/14Man1014Ch02A_S609_L001_R1_001.fastq.gz,move
data/durance3/171103_M03930_0072_000000000-BFWT5/Data/Intensities/BaseCalls/14Man1014Ch02A_S609_L001_R2_001.fastq.gz,consolidated_dataset/durance3/14Man1014Ch02A_S609_L001_R2_001.fastq.gz,move
data/durance3/171103_M03930_0072_000000000-BFWT5/Data/Intensities/BaseCalls/14Man1022Ch02A_S610_L001_R1_001.fastq.gz,consolidated_dataset/durance3/14Man1022Ch02A_S610_L001_R1_001.fastq.gz,move
data/durance3/171103_M03930_0072_000000000-BFWT5/Data/Intensities/BaseCalls/14Man1022Ch02A_S610_L001_R2_001.fastq.gz,consolidated_dataset/durance3/14Man1022Ch02A_S610_L001_R2_001.fastq.gz,move
data/durance3/171103_M03930_0072_000000000-BFWT5/Data/Intensities/BaseCalls/14Per2014Ch02A_S611_L001_R1_001.fastq.gz,consolidated_dataset/durance3/14Per2014Ch02A_S611_L001_R1_001.fastq.gz,move
data/durance3/171103_M03930_0072_000000000-BFWT5/Data/Intensities/BaseCalls/14Per2014Ch02A_S611_L001_R2_001.fastq.gz,consolidated_dataset/durance3/14Per2014Ch02A_S611_L001_R2_001.fastq.gz,move
data/durance3/171103_M03930_0072_000000000-BFWT5/Data/Intensities/BaseCalls/empty-20_S612_L001_R1_001.fastq.gz,consolidated_dataset/durance3/empty-20_S612_L001_R1_001.fastq.gz,move
data/durance3/171103_M03930_0072_000000000-BFWT5/Data/Intensities/BaseCalls/empty-20_S612_L001_R2_001.fastq.gz,consolidated_dataset/durance3/empty-20_S612_L001_R2_001.fastq.gz,move
data/durance3/171103_M03930_0072_000000000-BFWT5/Data/Intensities/BaseCalls/14Ain1012Pt02A_S613_L001_R1_001.fastq.gz,consolidated_dataset/durance3/14Ain1012Pt02A_S613_L001_R1_001.fastq.gz,move
data/durance3/171103_M03930_0072_000000000-BFWT5/Data/Intensities/BaseCalls/14Ain1012Pt02A_S613_L001_R2_001.fastq.gz,consolidated_dataset/durance3/14Ain1012Pt02A_S613_L001_R2_001.fastq.gz,move
data/durance3/171103_M03930_0072_000000000-BFWT5/Data/Intensities/BaseCalls/14Ain1042Pt02A_S614_L001_R1_001.fastq.gz,consolidated_dataset/durance3/14Ain1042Pt02A_S614_L001_R1_001.fastq.gz,move
data/durance3/171103_M03930_0072_000000000-BFWT5/Data/Intensities/BaseCalls/14Ain1042Pt02A_S614_L001_R2_001.fastq.gz,consolidated_dataset/durance3/14Ain1042Pt02A_S614_L001_R2_001.fastq.gz,move
data/durance3/171103_M03930_0072_000000000-BFWT5/Data/Intensities/BaseCalls/15Cab1007Ch02A_S615_L001_R1_001.fastq.gz,consolidated_dataset/durance3/15Cab1007Ch02A_S615_L001_R1_001.fastq.gz,move
data/durance3/171103_M03930_0072_000000000-BFWT5/Data/Intensities/BaseCalls/15Cab1007Ch02A_S615_L001_R2_001.fastq.gz,consolidated_dataset/durance3/15Cab1007Ch02A_S615_L001_R2_001.fastq.gz,move
data/durance3/171103_M03930_0072_000000000-BFWT5/Data/Intensities/BaseCalls/15Cab1015Ch02A_S616_L001_R1_001.fastq.gz,consolidated_dataset/durance3/15Cab1015Ch02A_S616_L001_R1_001.fastq.gz,move
data/durance3/171103_M03930_0072_000000000-BFWT5/Data/Intensities/BaseCalls/15Cab1015Ch02A_S616_L001_R2_001.fastq.gz,consolidated_dataset/durance3/15Cab1015Ch02A_S616_L001_R2_001.fastq.gz,move
data/durance3/171103_M03930_0072_000000000-BFWT5/Data/Intensities/BaseCalls/14Avi1004Cn02A_S617_L001_R1_001.fastq.gz,consolidated_dataset/durance3/14Avi1004Cn02A_S617_L001_R1_001.fastq.gz,move
data/durance3/171103_M03930_0072_000000000-BFWT5/Data/Intensities/BaseCalls/14Avi1004Cn02A_S617_L001_R2_001.fastq.gz,consolidated_dataset/durance3/14Avi1004Cn02A_S617_L001_R2_001.fastq.gz,move
data/durance3/171103_M03930_0072_000000000-BFWT5/Data/Intensities/BaseCalls/14Bue1001Cn02A_S618_L001_R1_001.fastq.gz,consolidated_dataset/durance3/14Bue1001Cn02A_S618_L001_R1_001.fastq.gz,move
data/durance3/171103_M03930_0072_000000000-BFWT5/Data/Intensities/BaseCalls/14Bue1001Cn02A_S618_L001_R2_001.fastq.gz,consolidated_dataset/durance3/14Bue1001Cn02A_S618_L001_R2_001.fastq.gz,move
data/durance3/171103_M03930_0072_000000000-BFWT5/Data/Intensities/BaseCalls/14Bue1011Ch02A_S619_L001_R1_001.fastq.gz,consolidated_dataset/durance3/14Bue1011Ch02A_S619_L001_R1_001.fastq.gz,move
data/durance3/171103_M03930_0072_000000000-BFWT5/Data/Intensities/BaseCalls/14Bue1011Ch02A_S619_L001_R2_001.fastq.gz,consolidated_dataset/durance3/14Bue1011Ch02A_S619_L001_R2_001.fastq.gz,move
data/durance3/171103_M03930_0072_000000000-BFWT5/Data/Intensities/BaseCalls/14Bue1019Ch02A_S620_L001_R1_001.fastq.gz,consolidated_dataset/durance3/14Bue1019Ch02A_S620_L001_R1_001.fastq.gz,move
data/durance3/171103_M03930_0072_000000000-BFWT5/Data/Intensities/BaseCalls/14Bue1019Ch02A_S620_L001_R2_001.fastq.gz,consolidated_dataset/durance3/14Bue1019Ch02A_S620_L001_R2_001.fastq.gz,move
data/durance3/171103_M03930_0072_000000000-BFWT5/Data/Intensities/BaseCalls/14Man1015Ch02A_S621_L001_R1_001.fastq.gz,consolidated_dataset/durance3/14Man1015Ch02A_S621_L001_R1_001.fastq.gz,move
data/durance3/171103_M03930_0072_000000000-BFWT5/Data/Intensities/BaseCalls/14Man1015Ch02A_S621_L001_R2_001.fastq.gz,consolidated_dataset/durance3/14Man1015Ch02A_S621_L001_R2_001.fastq.gz,move
data/durance3/171103_M03930_0072_000000000-BFWT5/Data/Intensities/BaseCalls/14per1011Ch02A_S622_L001_R1_001.fastq.gz,consolidated_dataset/durance3/14per1011Ch02A_S622_L001_R1_001.fastq.gz,move
data/durance3/171103_M03930_0072_000000000-BFWT5/Data/Intensities/BaseCalls/14per1011Ch02A_S622_L001_R2_001.fastq.gz,consolidated_dataset/durance3/14per1011Ch02A_S622_L001_R2_001.fastq.gz,move
data/durance3/171103_M03930_0072_000000000-BFWT5/Data/Intensities/BaseCalls/14Per2015Ch02A_S623_L001_R1_001.fastq.gz,consolidated_dataset/durance3/14Per2015Ch02A_S623_L001_R1_001.fastq.gz,move
data/durance3/171103_M03930_0072_000000000-BFWT5/Data/Intensities/BaseCalls/14Per2015Ch02A_S623_L001_R2_001.fastq.gz,consolidated_dataset/durance3/14Per2015Ch02A_S623_L001_R2_001.fastq.gz,move
data/durance3/171103_M03930_0072_000000000-BFWT5/Data/Intensities/BaseCalls/empty-21_S624_L001_R1_001.fastq.gz,consolidated_dataset/durance3/empty-21_S624_L001_R1_001.fastq.gz,move
data/durance3/171103_M03930_0072_000000000-BFWT5/Data/Intensities/BaseCalls/empty-21_S624_L001_R2_001.fastq.gz,consolidated_dataset/durance3/empty-21_S624_L001_R2_001.fastq.gz,move
data/durance3/171103_M03930_0072_000000000-BFWT5/Data/Intensities/BaseCalls/14Ain1013Pt02A_S625_L001_R1_001.fastq.gz,consolidated_dataset/durance3/14Ain1013Pt02A_S625_L001_R1_001.fastq.gz,move
data/durance3/171103_M03930_0072_000000000-BFWT5/Data/Intensities/BaseCalls/14Ain1013Pt02A_S625_L001_R2_001.fastq.gz,consolidated_dataset/durance3/14Ain1013Pt02A_S625_L001_R2_001.fastq.gz,move
data/durance3/171103_M03930_0072_000000000-BFWT5/Data/Intensities/BaseCalls/14Ain1043Pt02A_S626_L001_R1_001.fastq.gz,consolidated_dataset/durance3/14Ain1043Pt02A_S626_L001_R1_001.fastq.gz,move
data/durance3/171103_M03930_0072_000000000-BFWT5/Data/Intensities/BaseCalls/14Ain1043Pt02A_S626_L001_R2_001.fastq.gz,consolidated_dataset/durance3/14Ain1043Pt02A_S626_L001_R2_001.fastq.gz,move
data/durance3/171103_M03930_0072_000000000-BFWT5/Data/Intensities/BaseCalls/15Cab1008Ch02A_S627_L001_R1_001.fastq.gz,consolidated_dataset/durance3/15Cab1008Ch02A_S627_L001_R1_001.fastq.gz,move
data/durance3/171103_M03930_0072_000000000-BFWT5/Data/Intensities/BaseCalls/15Cab1008Ch02A_S627_L001_R2_001.fastq.gz,consolidated_dataset/durance3/15Cab1008Ch02A_S627_L001_R2_001.fastq.gz,move
data/durance3/171103_M03930_0072_000000000-BFWT5/Data/Intensities/BaseCalls/15Cab1016Ch02A_S628_L001_R1_001.fastq.gz,consolidated_dataset/durance3/15Cab1016Ch02A_S628_L001_R1_001.fastq.gz,move
data/durance3/171103_M03930_0072_000000000-BFWT5/Data/Intensities/BaseCalls/15Cab1016Ch02A_S628_L001_R2_001.fastq.gz,consolidated_dataset/durance3/15Cab1016Ch02A_S628_L001_R2_001.fastq.gz,move
data/durance3/171103_M03930_0072_000000000-BFWT5/Data/Intensities/BaseCalls/14Avi1005Cn02A_S629_L001_R1_001.fastq.gz,consolidated_dataset/durance3/14Avi1005Cn02A_S629_L001_R1_001.fastq.gz,move
data/durance3/171103_M03930_0072_000000000-BFWT5/Data/Intensities/BaseCalls/14Avi1005Cn02A_S629_L001_R2_001.fastq.gz,consolidated_dataset/durance3/14Avi1005Cn02A_S629_L001_R2_001.fastq.gz,move
data/durance3/171103_M03930_0072_000000000-BFWT5/Data/Intensities/BaseCalls/14Bue1002Cn02A_S630_L001_R1_001.fastq.gz,consolidated_dataset/durance3/14Bue1002Cn02A_S630_L001_R1_001.fastq.gz,move
data/durance3/171103_M03930_0072_000000000-BFWT5/Data/Intensities/BaseCalls/14Bue1002Cn02A_S630_L001_R2_001.fastq.gz,consolidated_dataset/durance3/14Bue1002Cn02A_S630_L001_R2_001.fastq.gz,move
data/durance3/171103_M03930_0072_000000000-BFWT5/Data/Intensities/BaseCalls/14Bue1012Ch02A_S631_L001_R1_001.fastq.gz,consolidated_dataset/durance3/14Bue1012Ch02A_S631_L001_R1_001.fastq.gz,move
data/durance3/171103_M03930_0072_000000000-BFWT5/Data/Intensities/BaseCalls/14Bue1012Ch02A_S631_L001_R2_001.fastq.gz,consolidated_dataset/durance3/14Bue1012Ch02A_S631_L001_R2_001.fastq.gz,move
data/durance3/171103_M03930_0072_000000000-BFWT5/Data/Intensities/BaseCalls/14Man1001Cn02A_S632_L001_R1_001.fastq.gz,consolidated_dataset/durance3/14Man1001Cn02A_S632_L001_R1_001.fastq.gz,move
data/durance3/171103_M03930_0072_000000000-BFWT5/Data/Intensities/BaseCalls/14Man1001Cn02A_S632_L001_R2_001.fastq.gz,consolidated_dataset/durance3/14Man1001Cn02A_S632_L001_R2_001.fastq.gz,move
data/durance3/171103_M03930_0072_000000000-BFWT5/Data/Intensities/BaseCalls/14Man1016Ch02A_S633_L001_R1_001.fastq.gz,consolidated_dataset/durance3/14Man1016Ch02A_S633_L001_R1_001.fastq.gz,move
data/durance3/171103_M03930_0072_000000000-BFWT5/Data/Intensities/BaseCalls/14Man1016Ch02A_S633_L001_R2_001.fastq.gz,consolidated_dataset/durance3/14Man1016Ch02A_S633_L001_R2_001.fastq.gz,move
data/durance3/171103_M03930_0072_000000000-BFWT5/Data/Intensities/BaseCalls/14Per1012Ch02A_S634_L001_R1_001.fastq.gz,consolidated_dataset/durance3/14Per1012Ch02A_S634_L001_R1_001.fastq.gz,move
data/durance3/171103_M03930_0072_000000000-BFWT5/Data/Intensities/BaseCalls/14Per1012Ch02A_S634_L001_R2_001.fastq.gz,consolidated_dataset/durance3/14Per1012Ch02A_S634_L001_R2_001.fastq.gz,move
data/durance3/171103_M03930_0072_000000000-BFWT5/Data/Intensities/BaseCalls/Blanc-Midgut_S635_L001_R1_001.fastq.gz,consolidated_dataset/durance3/Blanc-Midgut_S635_L001_R1_001.fastq.gz,move
data/durance3/171103_M03930_0072_000000000-BFWT5/Data/Intensities/BaseCalls/Blanc-Midgut_S635_L001_R2_001.fastq.gz,consolidated_dataset/durance3/Blanc-Midgut_S635_L001_R2_001.fastq.gz,move
data/durance3/171103_M03930_0072_000000000-BFWT5/Data/Intensities/BaseCalls/empty-22_S636_L001_R1_001.fastq.gz,consolidated_dataset/durance3/empty-22_S636_L001_R1_001.fastq.gz,move
data/durance3/171103_M03930_0072_000000000-BFWT5/Data/Intensities/BaseCalls/empty-22_S636_L001_R2_001.fastq.gz,consolidated_dataset/durance3/empty-22_S636_L001_R2_001.fastq.gz,move
data/durance3/171103_M03930_0072_000000000-BFWT5/Data/Intensities/BaseCalls/14Ain1014Pt02A_S637_L001_R1_001.fastq.gz,consolidated_dataset/durance3/14Ain1014Pt02A_S637_L001_R1_001.fastq.gz,move
data/durance3/171103_M03930_0072_000000000-BFWT5/Data/Intensities/BaseCalls/14Ain1014Pt02A_S637_L001_R2_001.fastq.gz,consolidated_dataset/durance3/14Ain1014Pt02A_S637_L001_R2_001.fastq.gz,move
data/durance3/171103_M03930_0072_000000000-BFWT5/Data/Intensities/BaseCalls/15Cab1001Ch02A_S638_L001_R1_001.fastq.gz,consolidated_dataset/durance3/15Cab1001Ch02A_S638_L001_R1_001.fastq.gz,move
data/durance3/171103_M03930_0072_000000000-BFWT5/Data/Intensities/BaseCalls/15Cab1001Ch02A_S638_L001_R2_001.fastq.gz,consolidated_dataset/durance3/15Cab1001Ch02A_S638_L001_R2_001.fastq.gz,move
data/durance3/171103_M03930_0072_000000000-BFWT5/Data/Intensities/BaseCalls/15Cab1009Ch02A_S639_L001_R1_001.fastq.gz,consolidated_dataset/durance3/15Cab1009Ch02A_S639_L001_R1_001.fastq.gz,move
data/durance3/171103_M03930_0072_000000000-BFWT5/Data/Intensities/BaseCalls/15Cab1009Ch02A_S639_L001_R2_001.fastq.gz,consolidated_dataset/durance3/15Cab1009Ch02A_S639_L001_R2_001.fastq.gz,move
data/durance3/171103_M03930_0072_000000000-BFWT5/Data/Intensities/BaseCalls/15Cab1017Ch02A_S640_L001_R1_001.fastq.gz,consolidated_dataset/durance3/15Cab1017Ch02A_S640_L001_R1_001.fastq.gz,move
data/durance3/171103_M03930_0072_000000000-BFWT5/Data/Intensities/BaseCalls/15Cab1017Ch02A_S640_L001_R2_001.fastq.gz,consolidated_dataset/durance3/15Cab1017Ch02A_S640_L001_R2_001.fastq.gz,move
data/durance3/171103_M03930_0072_000000000-BFWT5/Data/Intensities/BaseCalls/14Avi1006Cn02A_S641_L001_R1_001.fastq.gz,consolidated_dataset/durance3/14Avi1006Cn02A_S641_L001_R1_001.fastq.gz,move
data/durance3/171103_M03930_0072_000000000-BFWT5/Data/Intensities/BaseCalls/14Avi1006Cn02A_S641_L001_R2_001.fastq.gz,consolidated_dataset/durance3/14Avi1006Cn02A_S641_L001_R2_001.fastq.gz,move
data/durance3/171103_M03930_0072_000000000-BFWT5/Data/Intensities/BaseCalls/14Bue1003Cn02A_S642_L001_R1_001.fastq.gz,consolidated_dataset/durance3/14Bue1003Cn02A_S642_L001_R1_001.fastq.gz,move
data/durance3/171103_M03930_0072_000000000-BFWT5/Data/Intensities/BaseCalls/14Bue1003Cn02A_S642_L001_R2_001.fastq.gz,consolidated_dataset/durance3/14Bue1003Cn02A_S642_L001_R2_001.fastq.gz,move
data/durance3/171103_M03930_0072_000000000-BFWT5/Data/Intensities/BaseCalls/14Bue1013Ch02A_S643_L001_R1_001.fastq.gz,consolidated_dataset/durance3/14Bue1013Ch02A_S643_L001_R1_001.fastq.gz,move
data/durance3/171103_M03930_0072_000000000-BFWT5/Data/Intensities/BaseCalls/14Bue1013Ch02A_S643_L001_R2_001.fastq.gz,consolidated_dataset/durance3/14Bue1013Ch02A_S643_L001_R2_001.fastq.gz,move
data/durance3/171103_M03930_0072_000000000-BFWT5/Data/Intensities/BaseCalls/14Man1002Cn02A_S644_L001_R1_001.fastq.gz,consolidated_dataset/durance3/14Man1002Cn02A_S644_L001_R1_001.fastq.gz,move
data/durance3/171103_M03930_0072_000000000-BFWT5/Data/Intensities/BaseCalls/14Man1002Cn02A_S644_L001_R2_001.fastq.gz,consolidated_dataset/durance3/14Man1002Cn02A_S644_L001_R2_001.fastq.gz,move
data/durance3/171103_M03930_0072_000000000-BFWT5/Data/Intensities/BaseCalls/14Man1017Ch02A_S645_L001_R1_001.fastq.gz,consolidated_dataset/durance3/14Man1017Ch02A_S645_L001_R1_001.fastq.gz,move
data/durance3/171103_M03930_0072_000000000-BFWT5/Data/Intensities/BaseCalls/14Man1017Ch02A_S645_L001_R2_001.fastq.gz,consolidated_dataset/durance3/14Man1017Ch02A_S645_L001_R2_001.fastq.gz,move
data/durance3/171103_M03930_0072_000000000-BFWT5/Data/Intensities/BaseCalls/14Per1013Ch02A_S646_L001_R1_001.fastq.gz,consolidated_dataset/durance3/14Per1013Ch02A_S646_L001_R1_001.fastq.gz,move
data/durance3/171103_M03930_0072_000000000-BFWT5/Data/Intensities/BaseCalls/14Per1013Ch02A_S646_L001_R2_001.fastq.gz,consolidated_dataset/durance3/14Per1013Ch02A_S646_L001_R2_001.fastq.gz,move
data/durance3/171103_M03930_0072_000000000-BFWT5/Data/Intensities/BaseCalls/T-7_S647_L001_R1_001.fastq.gz,consolidated_dataset/durance3/T-7_S647_L001_R1_001.fastq.gz,move
data/durance3/171103_M03930_0072_000000000-BFWT5/Data/Intensities/BaseCalls/T-7_S647_L001_R2_001.fastq.gz,consolidated_dataset/durance3/T-7_S647_L001_R2_001.fastq.gz,move
data/durance3/171103_M03930_0072_000000000-BFWT5/Data/Intensities/BaseCalls/empty-23_S648_L001_R1_001.fastq.gz,consolidated_dataset/durance3/empty-23_S648_L001_R1_001.fastq.gz,move
data/durance3/171103_M03930_0072_000000000-BFWT5/Data/Intensities/BaseCalls/empty-23_S648_L001_R2_001.fastq.gz,consolidated_dataset/durance3/empty-23_S648_L001_R2_001.fastq.gz,move
data/durance3/171103_M03930_0072_000000000-BFWT5/Data/Intensities/BaseCalls/14Ain1036Cn02A_S649_L001_R1_001.fastq.gz,consolidated_dataset/durance3/14Ain1036Cn02A_S649_L001_R1_001.fastq.gz,move
data/durance3/171103_M03930_0072_000000000-BFWT5/Data/Intensities/BaseCalls/14Ain1036Cn02A_S649_L001_R2_001.fastq.gz,consolidated_dataset/durance3/14Ain1036Cn02A_S649_L001_R2_001.fastq.gz,move
data/durance3/171103_M03930_0072_000000000-BFWT5/Data/Intensities/BaseCalls/15Cab1002Ch02A_S650_L001_R1_001.fastq.gz,consolidated_dataset/durance3/15Cab1002Ch02A_S650_L001_R1_001.fastq.gz,move
data/durance3/171103_M03930_0072_000000000-BFWT5/Data/Intensities/BaseCalls/15Cab1002Ch02A_S650_L001_R2_001.fastq.gz,consolidated_dataset/durance3/15Cab1002Ch02A_S650_L001_R2_001.fastq.gz,move
data/durance3/171103_M03930_0072_000000000-BFWT5/Data/Intensities/BaseCalls/15Cab1010Ch02A_S651_L001_R1_001.fastq.gz,consolidated_dataset/durance3/15Cab1010Ch02A_S651_L001_R1_001.fastq.gz,move
data/durance3/171103_M03930_0072_000000000-BFWT5/Data/Intensities/BaseCalls/15Cab1010Ch02A_S651_L001_R2_001.fastq.gz,consolidated_dataset/durance3/15Cab1010Ch02A_S651_L001_R2_001.fastq.gz,move
data/durance3/171103_M03930_0072_000000000-BFWT5/Data/Intensities/BaseCalls/15Cab1018Ch02A_S652_L001_R1_001.fastq.gz,consolidated_dataset/durance3/15Cab1018Ch02A_S652_L001_R1_001.fastq.gz,move
data/durance3/171103_M03930_0072_000000000-BFWT5/Data/Intensities/BaseCalls/15Cab1018Ch02A_S652_L001_R2_001.fastq.gz,consolidated_dataset/durance3/15Cab1018Ch02A_S652_L001_R2_001.fastq.gz,move
data/durance3/171103_M03930_0072_000000000-BFWT5/Data/Intensities/BaseCalls/14Avi1007Cn02A_S653_L001_R1_001.fastq.gz,consolidated_dataset/durance3/14Avi1007Cn02A_S653_L001_R1_001.fastq.gz,move
data/durance3/171103_M03930_0072_000000000-BFWT5/Data/Intensities/BaseCalls/14Avi1007Cn02A_S653_L001_R2_001.fastq.gz,consolidated_dataset/durance3/14Avi1007Cn02A_S653_L001_R2_001.fastq.gz,move
data/durance3/171103_M03930_0072_000000000-BFWT5/Data/Intensities/BaseCalls/14Bue1004Cn02A_S654_L001_R1_001.fastq.gz,consolidated_dataset/durance3/14Bue1004Cn02A_S654_L001_R1_001.fastq.gz,move
data/durance3/171103_M03930_0072_000000000-BFWT5/Data/Intensities/BaseCalls/14Bue1004Cn02A_S654_L001_R2_001.fastq.gz,consolidated_dataset/durance3/14Bue1004Cn02A_S654_L001_R2_001.fastq.gz,move
data/durance3/171103_M03930_0072_000000000-BFWT5/Data/Intensities/BaseCalls/14Bue1014Ch02A_S655_L001_R1_001.fastq.gz,consolidated_dataset/durance3/14Bue1014Ch02A_S655_L001_R1_001.fastq.gz,move
data/durance3/171103_M03930_0072_000000000-BFWT5/Data/Intensities/BaseCalls/14Bue1014Ch02A_S655_L001_R2_001.fastq.gz,consolidated_dataset/durance3/14Bue1014Ch02A_S655_L001_R2_001.fastq.gz,move
data/durance3/171103_M03930_0072_000000000-BFWT5/Data/Intensities/BaseCalls/14Man1010Cn02A_S656_L001_R1_001.fastq.gz,consolidated_dataset/durance3/14Man1010Cn02A_S656_L001_R1_001.fastq.gz,move
data/durance3/171103_M03930_0072_000000000-BFWT5/Data/Intensities/BaseCalls/14Man1010Cn02A_S656_L001_R2_001.fastq.gz,consolidated_dataset/durance3/14Man1010Cn02A_S656_L001_R2_001.fastq.gz,move
data/durance3/171103_M03930_0072_000000000-BFWT5/Data/Intensities/BaseCalls/14Man1018Ch02A_S657_L001_R1_001.fastq.gz,consolidated_dataset/durance3/14Man1018Ch02A_S657_L001_R1_001.fastq.gz,move
data/durance3/171103_M03930_0072_000000000-BFWT5/Data/Intensities/BaseCalls/14Man1018Ch02A_S657_L001_R2_001.fastq.gz,consolidated_dataset/durance3/14Man1018Ch02A_S657_L001_R2_001.fastq.gz,move
data/durance3/171103_M03930_0072_000000000-BFWT5/Data/Intensities/BaseCalls/14Per1014Ch02A_S658_L001_R1_001.fastq.gz,consolidated_dataset/durance3/14Per1014Ch02A_S658_L001_R1_001.fastq.gz,move
data/durance3/171103_M03930_0072_000000000-BFWT5/Data/Intensities/BaseCalls/14Per1014Ch02A_S658_L001_R2_001.fastq.gz,consolidated_dataset/durance3/14Per1014Ch02A_S658_L001_R2_001.fastq.gz,move
data/durance3/171103_M03930_0072_000000000-BFWT5/Data/Intensities/BaseCalls/empty-18_S659_L001_R1_001.fastq.gz,consolidated_dataset/durance3/empty-18_S659_L001_R1_001.fastq.gz,move
data/durance3/171103_M03930_0072_000000000-BFWT5/Data/Intensities/BaseCalls/empty-18_S659_L001_R2_001.fastq.gz,consolidated_dataset/durance3/empty-18_S659_L001_R2_001.fastq.gz,move
data/durance3/171103_M03930_0072_000000000-BFWT5/Data/Intensities/BaseCalls/empty-24_S660_L001_R1_001.fastq.gz,consolidated_dataset/durance3/empty-24_S660_L001_R1_001.fastq.gz,move
data/durance3/171103_M03930_0072_000000000-BFWT5/Data/Intensities/BaseCalls/empty-24_S660_L001_R2_001.fastq.gz,consolidated_dataset/durance3/empty-24_S660_L001_R2_001.fastq.gz,move
data/durance3/171103_M03930_0072_000000000-BFWT5/Data/Intensities/BaseCalls/14Ain1037Cn02A_S661_L001_R1_001.fastq.gz,consolidated_dataset/durance3/14Ain1037Cn02A_S661_L001_R1_001.fastq.gz,move
data/durance3/171103_M03930_0072_000000000-BFWT5/Data/Intensities/BaseCalls/14Ain1037Cn02A_S661_L001_R2_001.fastq.gz,consolidated_dataset/durance3/14Ain1037Cn02A_S661_L001_R2_001.fastq.gz,move
data/durance3/171103_M03930_0072_000000000-BFWT5/Data/Intensities/BaseCalls/15Cab1003Ch02A_S662_L001_R1_001.fastq.gz,consolidated_dataset/durance3/15Cab1003Ch02A_S662_L001_R1_001.fastq.gz,move
data/durance3/171103_M03930_0072_000000000-BFWT5/Data/Intensities/BaseCalls/15Cab1003Ch02A_S662_L001_R2_001.fastq.gz,consolidated_dataset/durance3/15Cab1003Ch02A_S662_L001_R2_001.fastq.gz,move
data/durance3/171103_M03930_0072_000000000-BFWT5/Data/Intensities/BaseCalls/15Cab1011Ch02A_S663_L001_R1_001.fastq.gz,consolidated_dataset/durance3/15Cab1011Ch02A_S663_L001_R1_001.fastq.gz,move
data/durance3/171103_M03930_0072_000000000-BFWT5/Data/Intensities/BaseCalls/15Cab1011Ch02A_S663_L001_R2_001.fastq.gz,consolidated_dataset/durance3/15Cab1011Ch02A_S663_L001_R2_001.fastq.gz,move
data/durance3/171103_M03930_0072_000000000-BFWT5/Data/Intensities/BaseCalls/15Cab1019Ch02A_S664_L001_R1_001.fastq.gz,consolidated_dataset/durance3/15Cab1019Ch02A_S664_L001_R1_001.fastq.gz,move
data/durance3/171103_M03930_0072_000000000-BFWT5/Data/Intensities/BaseCalls/15Cab1019Ch02A_S664_L001_R2_001.fastq.gz,consolidated_dataset/durance3/15Cab1019Ch02A_S664_L001_R2_001.fastq.gz,move
data/durance3/171103_M03930_0072_000000000-BFWT5/Data/Intensities/BaseCalls/14Avi1008Cn02A_S665_L001_R1_001.fastq.gz,consolidated_dataset/durance3/14Avi1008Cn02A_S665_L001_R1_001.fastq.gz,move
data/durance3/171103_M03930_0072_000000000-BFWT5/Data/Intensities/BaseCalls/14Avi1008Cn02A_S665_L001_R2_001.fastq.gz,consolidated_dataset/durance3/14Avi1008Cn02A_S665_L001_R2_001.fastq.gz,move
data/durance3/171103_M03930_0072_000000000-BFWT5/Data/Intensities/BaseCalls/14Bue1005Cn02A_S666_L001_R1_001.fastq.gz,consolidated_dataset/durance3/14Bue1005Cn02A_S666_L001_R1_001.fastq.gz,move
data/durance3/171103_M03930_0072_000000000-BFWT5/Data/Intensities/BaseCalls/14Bue1005Cn02A_S666_L001_R2_001.fastq.gz,consolidated_dataset/durance3/14Bue1005Cn02A_S666_L001_R2_001.fastq.gz,move
data/durance3/171103_M03930_0072_000000000-BFWT5/Data/Intensities/BaseCalls/14Bue1015Ch02A_S667_L001_R1_001.fastq.gz,consolidated_dataset/durance3/14Bue1015Ch02A_S667_L001_R1_001.fastq.gz,move
data/durance3/171103_M03930_0072_000000000-BFWT5/Data/Intensities/BaseCalls/14Bue1015Ch02A_S667_L001_R2_001.fastq.gz,consolidated_dataset/durance3/14Bue1015Ch02A_S667_L001_R2_001.fastq.gz,move
data/durance3/171103_M03930_0072_000000000-BFWT5/Data/Intensities/BaseCalls/14Man1011Ch02A_S668_L001_R1_001.fastq.gz,consolidated_dataset/durance3/14Man1011Ch02A_S668_L001_R1_001.fastq.gz,move
data/durance3/171103_M03930_0072_000000000-BFWT5/Data/Intensities/BaseCalls/14Man1011Ch02A_S668_L001_R2_001.fastq.gz,consolidated_dataset/durance3/14Man1011Ch02A_S668_L001_R2_001.fastq.gz,move
data/durance3/171103_M03930_0072_000000000-BFWT5/Data/Intensities/BaseCalls/14Man1019Ch02A_S669_L001_R1_001.fastq.gz,consolidated_dataset/durance3/14Man1019Ch02A_S669_L001_R1_001.fastq.gz,move
data/durance3/171103_M03930_0072_000000000-BFWT5/Data/Intensities/BaseCalls/14Man1019Ch02A_S669_L001_R2_001.fastq.gz,consolidated_dataset/durance3/14Man1019Ch02A_S669_L001_R2_001.fastq.gz,move
data/durance3/171103_M03930_0072_000000000-BFWT5/Data/Intensities/BaseCalls/14Per2011Ch02A_S670_L001_R1_001.fastq.gz,consolidated_dataset/durance3/14Per2011Ch02A_S670_L001_R1_001.fastq.gz,move
data/durance3/171103_M03930_0072_000000000-BFWT5/Data/Intensities/BaseCalls/14Per2011Ch02A_S670_L001_R2_001.fastq.gz,consolidated_dataset/durance3/14Per2011Ch02A_S670_L001_R2_001.fastq.gz,move
data/durance3/171103_M03930_0072_000000000-BFWT5/Data/Intensities/BaseCalls/empty-19_S671_L001_R1_001.fastq.gz,consolidated_dataset/durance3/empty-19_S671_L001_R1_001.fastq.gz,move
data/durance3/171103_M03930_0072_000000000-BFWT5/Data/Intensities/BaseCalls/empty-19_S671_L001_R2_001.fastq.gz,consolidated_dataset/durance3/empty-19_S671_L001_R2_001.fastq.gz,move
data/durance3/171103_M03930_0072_000000000-BFWT5/Data/Intensities/BaseCalls/empty-25_S672_L001_R1_001.fastq.gz,consolidated_dataset/durance3/empty-25_S672_L001_R1_001.fastq.gz,move
data/durance3/171103_M03930_0072_000000000-BFWT5/Data/Intensities/BaseCalls/empty-25_S672_L001_R2_001.fastq.gz,consolidated_dataset/durance3/empty-25_S672_L001_R2_001.fastq.gz,move
data/durance3/171103_M03930_0072_000000000-BFWT5/Data/Intensities/BaseCalls/15Bau1001Ch02A_S673_L001_R1_001.fastq.gz,consolidated_dataset/durance3/15Bau1001Ch02A_S673_L001_R1_001.fastq.gz,move
data/durance3/171103_M03930_0072_000000000-BFWT5/Data/Intensities/BaseCalls/15Bau1001Ch02A_S673_L001_R2_001.fastq.gz,consolidated_dataset/durance3/15Bau1001Ch02A_S673_L001_R2_001.fastq.gz,move
data/durance3/171103_M03930_0072_000000000-BFWT5/Data/Intensities/BaseCalls/15Bau1009Ch02A_S674_L001_R1_001.fastq.gz,consolidated_dataset/durance3/15Bau1009Ch02A_S674_L001_R1_001.fastq.gz,move
data/durance3/171103_M03930_0072_000000000-BFWT5/Data/Intensities/BaseCalls/15Bau1009Ch02A_S674_L001_R2_001.fastq.gz,consolidated_dataset/durance3/15Bau1009Ch02A_S674_L001_R2_001.fastq.gz,move
data/durance3/171103_M03930_0072_000000000-BFWT5/Data/Intensities/BaseCalls/15Bau1017Ch02A_S675_L001_R1_001.fastq.gz,consolidated_dataset/durance3/15Bau1017Ch02A_S675_L001_R1_001.fastq.gz,move
data/durance3/171103_M03930_0072_000000000-BFWT5/Data/Intensities/BaseCalls/15Bau1017Ch02A_S675_L001_R2_001.fastq.gz,consolidated_dataset/durance3/15Bau1017Ch02A_S675_L001_R2_001.fastq.gz,move
data/durance3/171103_M03930_0072_000000000-BFWT5/Data/Intensities/BaseCalls/15Bau1025Ch02A_S676_L001_R1_001.fastq.gz,consolidated_dataset/durance3/15Bau1025Ch02A_S676_L001_R1_001.fastq.gz,move
data/durance3/171103_M03930_0072_000000000-BFWT5/Data/Intensities/BaseCalls/15Bau1025Ch02A_S676_L001_R2_001.fastq.gz,consolidated_dataset/durance3/15Bau1025Ch02A_S676_L001_R2_001.fastq.gz,move
data/durance3/171103_M03930_0072_000000000-BFWT5/Data/Intensities/BaseCalls/15Jus1008Ch0A_S677_L001_R1_001.fastq.gz,consolidated_dataset/durance3/15Jus1008Ch0A_S677_L001_R1_001.fastq.gz,move
data/durance3/171103_M03930_0072_000000000-BFWT5/Data/Intensities/BaseCalls/15Jus1008Ch0A_S677_L001_R2_001.fastq.gz,consolidated_dataset/durance3/15Jus1008Ch0A_S677_L001_R2_001.fastq.gz,move
data/durance3/171103_M03930_0072_000000000-BFWT5/Data/Intensities/BaseCalls/15Jus1016Ch0A_S678_L001_R1_001.fastq.gz,consolidated_dataset/durance3/15Jus1016Ch0A_S678_L001_R1_001.fastq.gz,move
data/durance3/171103_M03930_0072_000000000-BFWT5/Data/Intensities/BaseCalls/15Jus1016Ch0A_S678_L001_R2_001.fastq.gz,consolidated_dataset/durance3/15Jus1016Ch0A_S678_L001_R2_001.fastq.gz,move
data/durance3/171103_M03930_0072_000000000-BFWT5/Data/Intensities/BaseCalls/15Caa1005Ch0A_S679_L001_R1_001.fastq.gz,consolidated_dataset/durance3/15Caa1005Ch0A_S679_L001_R1_001.fastq.gz,move
data/durance3/171103_M03930_0072_000000000-BFWT5/Data/Intensities/BaseCalls/15Caa1005Ch0A_S679_L001_R2_001.fastq.gz,consolidated_dataset/durance3/15Caa1005Ch0A_S679_L001_R2_001.fastq.gz,move
data/durance3/171103_M03930_0072_000000000-BFWT5/Data/Intensities/BaseCalls/15Caa1013Ch0A_S680_L001_R1_001.fastq.gz,consolidated_dataset/durance3/15Caa1013Ch0A_S680_L001_R1_001.fastq.gz,move
data/durance3/171103_M03930_0072_000000000-BFWT5/Data/Intensities/BaseCalls/15Caa1013Ch0A_S680_L001_R2_001.fastq.gz,consolidated_dataset/durance3/15Caa1013Ch0A_S680_L001_R2_001.fastq.gz,move
data/durance3/171103_M03930_0072_000000000-BFWT5/Data/Intensities/BaseCalls/15Avi1001Cn02A_S681_L001_R1_001.fastq.gz,consolidated_dataset/durance3/15Avi1001Cn02A_S681_L001_R1_001.fastq.gz,move
data/durance3/171103_M03930_0072_000000000-BFWT5/Data/Intensities/BaseCalls/15Avi1001Cn02A_S681_L001_R2_001.fastq.gz,consolidated_dataset/durance3/15Avi1001Cn02A_S681_L001_R2_001.fastq.gz,move
data/durance3/171103_M03930_0072_000000000-BFWT5/Data/Intensities/BaseCalls/15Avi1009Cn02A_S682_L001_R1_001.fastq.gz,consolidated_dataset/durance3/15Avi1009Cn02A_S682_L001_R1_001.fastq.gz,move
data/durance3/171103_M03930_0072_000000000-BFWT5/Data/Intensities/BaseCalls/15Avi1009Cn02A_S682_L001_R2_001.fastq.gz,consolidated_dataset/durance3/15Avi1009Cn02A_S682_L001_R2_001.fastq.gz,move
data/durance3/171103_M03930_0072_000000000-BFWT5/Data/Intensities/BaseCalls/15Bue1004Ch02A_S683_L001_R1_001.fastq.gz,consolidated_dataset/durance3/15Bue1004Ch02A_S683_L001_R1_001.fastq.gz,move
data/durance3/171103_M03930_0072_000000000-BFWT5/Data/Intensities/BaseCalls/15Bue1004Ch02A_S683_L001_R2_001.fastq.gz,consolidated_dataset/durance3/15Bue1004Ch02A_S683_L001_R2_001.fastq.gz,move
data/durance3/171103_M03930_0072_000000000-BFWT5/Data/Intensities/BaseCalls/15Bue1012Ch02A_S684_L001_R1_001.fastq.gz,consolidated_dataset/durance3/15Bue1012Ch02A_S684_L001_R1_001.fastq.gz,move
data/durance3/171103_M03930_0072_000000000-BFWT5/Data/Intensities/BaseCalls/15Bue1012Ch02A_S684_L001_R2_001.fastq.gz,consolidated_dataset/durance3/15Bue1012Ch02A_S684_L001_R2_001.fastq.gz,move
data/durance3/171103_M03930_0072_000000000-BFWT5/Data/Intensities/BaseCalls/15Bau1002Ch02A_S685_L001_R1_001.fastq.gz,consolidated_dataset/durance3/15Bau1002Ch02A_S685_L001_R1_001.fastq.gz,move
data/durance3/171103_M03930_0072_000000000-BFWT5/Data/Intensities/BaseCalls/15Bau1002Ch02A_S685_L001_R2_001.fastq.gz,consolidated_dataset/durance3/15Bau1002Ch02A_S685_L001_R2_001.fastq.gz,move
data/durance3/171103_M03930_0072_000000000-BFWT5/Data/Intensities/BaseCalls/15Bau1010Ch02A_S686_L001_R1_001.fastq.gz,consolidated_dataset/durance3/15Bau1010Ch02A_S686_L001_R1_001.fastq.gz,move
data/durance3/171103_M03930_0072_000000000-BFWT5/Data/Intensities/BaseCalls/15Bau1010Ch02A_S686_L001_R2_001.fastq.gz,consolidated_dataset/durance3/15Bau1010Ch02A_S686_L001_R2_001.fastq.gz,move
data/durance3/171103_M03930_0072_000000000-BFWT5/Data/Intensities/BaseCalls/15Bau1018Ch02A_S687_L001_R1_001.fastq.gz,consolidated_dataset/durance3/15Bau1018Ch02A_S687_L001_R1_001.fastq.gz,move
data/durance3/171103_M03930_0072_000000000-BFWT5/Data/Intensities/BaseCalls/15Bau1018Ch02A_S687_L001_R2_001.fastq.gz,consolidated_dataset/durance3/15Bau1018Ch02A_S687_L001_R2_001.fastq.gz,move
data/durance3/171103_M03930_0072_000000000-BFWT5/Data/Intensities/BaseCalls/15Jus1001CH02A_S688_L001_R1_001.fastq.gz,consolidated_dataset/durance3/15Jus1001CH02A_S688_L001_R1_001.fastq.gz,move
data/durance3/171103_M03930_0072_000000000-BFWT5/Data/Intensities/BaseCalls/15Jus1001CH02A_S688_L001_R2_001.fastq.gz,consolidated_dataset/durance3/15Jus1001CH02A_S688_L001_R2_001.fastq.gz,move
data/durance3/171103_M03930_0072_000000000-BFWT5/Data/Intensities/BaseCalls/15Jus1009Ch0A_S689_L001_R1_001.fastq.gz,consolidated_dataset/durance3/15Jus1009Ch0A_S689_L001_R1_001.fastq.gz,move
data/durance3/171103_M03930_0072_000000000-BFWT5/Data/Intensities/BaseCalls/15Jus1009Ch0A_S689_L001_R2_001.fastq.gz,consolidated_dataset/durance3/15Jus1009Ch0A_S689_L001_R2_001.fastq.gz,move
data/durance3/171103_M03930_0072_000000000-BFWT5/Data/Intensities/BaseCalls/15Jus1017Ch0A_S690_L001_R1_001.fastq.gz,consolidated_dataset/durance3/15Jus1017Ch0A_S690_L001_R1_001.fastq.gz,move
data/durance3/171103_M03930_0072_000000000-BFWT5/Data/Intensities/BaseCalls/15Jus1017Ch0A_S690_L001_R2_001.fastq.gz,consolidated_dataset/durance3/15Jus1017Ch0A_S690_L001_R2_001.fastq.gz,move
data/durance3/171103_M03930_0072_000000000-BFWT5/Data/Intensities/BaseCalls/15Caa1006Ch0A_S691_L001_R1_001.fastq.gz,consolidated_dataset/durance3/15Caa1006Ch0A_S691_L001_R1_001.fastq.gz,move
data/durance3/171103_M03930_0072_000000000-BFWT5/Data/Intensities/BaseCalls/15Caa1006Ch0A_S691_L001_R2_001.fastq.gz,consolidated_dataset/durance3/15Caa1006Ch0A_S691_L001_R2_001.fastq.gz,move
data/durance3/171103_M03930_0072_000000000-BFWT5/Data/Intensities/BaseCalls/15Caa1014Ch0A_S692_L001_R1_001.fastq.gz,consolidated_dataset/durance3/15Caa1014Ch0A_S692_L001_R1_001.fastq.gz,move
data/durance3/171103_M03930_0072_000000000-BFWT5/Data/Intensities/BaseCalls/15Caa1014Ch0A_S692_L001_R2_001.fastq.gz,consolidated_dataset/durance3/15Caa1014Ch0A_S692_L001_R2_001.fastq.gz,move
data/durance3/171103_M03930_0072_000000000-BFWT5/Data/Intensities/BaseCalls/15Avi1002Cn02A_S693_L001_R1_001.fastq.gz,consolidated_dataset/durance3/15Avi1002Cn02A_S693_L001_R1_001.fastq.gz,move
data/durance3/171103_M03930_0072_000000000-BFWT5/Data/Intensities/BaseCalls/15Avi1002Cn02A_S693_L001_R2_001.fastq.gz,consolidated_dataset/durance3/15Avi1002Cn02A_S693_L001_R2_001.fastq.gz,move
data/durance3/171103_M03930_0072_000000000-BFWT5/Data/Intensities/BaseCalls/15Avi1010Cn02A_S694_L001_R1_001.fastq.gz,consolidated_dataset/durance3/15Avi1010Cn02A_S694_L001_R1_001.fastq.gz,move
data/durance3/171103_M03930_0072_000000000-BFWT5/Data/Intensities/BaseCalls/15Avi1010Cn02A_S694_L001_R2_001.fastq.gz,consolidated_dataset/durance3/15Avi1010Cn02A_S694_L001_R2_001.fastq.gz,move
data/durance3/171103_M03930_0072_000000000-BFWT5/Data/Intensities/BaseCalls/15Bue1005Ch02A_S695_L001_R1_001.fastq.gz,consolidated_dataset/durance3/15Bue1005Ch02A_S695_L001_R1_001.fastq.gz,move
data/durance3/171103_M03930_0072_000000000-BFWT5/Data/Intensities/BaseCalls/15Bue1005Ch02A_S695_L001_R2_001.fastq.gz,consolidated_dataset/durance3/15Bue1005Ch02A_S695_L001_R2_001.fastq.gz,move
data/durance3/171103_M03930_0072_000000000-BFWT5/Data/Intensities/BaseCalls/15Bue1013Ch02A_S696_L001_R1_001.fastq.gz,consolidated_dataset/durance3/15Bue1013Ch02A_S696_L001_R1_001.fastq.gz,move
data/durance3/171103_M03930_0072_000000000-BFWT5/Data/Intensities/BaseCalls/15Bue1013Ch02A_S696_L001_R2_001.fastq.gz,consolidated_dataset/durance3/15Bue1013Ch02A_S696_L001_R2_001.fastq.gz,move
data/durance3/171103_M03930_0072_000000000-BFWT5/Data/Intensities/BaseCalls/15Bau1003Ch02A_S697_L001_R1_001.fastq.gz,consolidated_dataset/durance3/15Bau1003Ch02A_S697_L001_R1_001.fastq.gz,move
data/durance3/171103_M03930_0072_000000000-BFWT5/Data/Intensities/BaseCalls/15Bau1003Ch02A_S697_L001_R2_001.fastq.gz,consolidated_dataset/durance3/15Bau1003Ch02A_S697_L001_R2_001.fastq.gz,move
data/durance3/171103_M03930_0072_000000000-BFWT5/Data/Intensities/BaseCalls/15Bau1011Ch02A_S698_L001_R1_001.fastq.gz,consolidated_dataset/durance3/15Bau1011Ch02A_S698_L001_R1_001.fastq.gz,move
data/durance3/171103_M03930_0072_000000000-BFWT5/Data/Intensities/BaseCalls/15Bau1011Ch02A_S698_L001_R2_001.fastq.gz,consolidated_dataset/durance3/15Bau1011Ch02A_S698_L001_R2_001.fastq.gz,move
data/durance3/171103_M03930_0072_000000000-BFWT5/Data/Intensities/BaseCalls/15Bau1019Ch02A_S699_L001_R1_001.fastq.gz,consolidated_dataset/durance3/15Bau1019Ch02A_S699_L001_R1_001.fastq.gz,move
data/durance3/171103_M03930_0072_000000000-BFWT5/Data/Intensities/BaseCalls/15Bau1019Ch02A_S699_L001_R2_001.fastq.gz,consolidated_dataset/durance3/15Bau1019Ch02A_S699_L001_R2_001.fastq.gz,move
data/durance3/171103_M03930_0072_000000000-BFWT5/Data/Intensities/BaseCalls/15Jus1002Ch0A_S700_L001_R1_001.fastq.gz,consolidated_dataset/durance3/15Jus1002Ch0A_S700_L001_R1_001.fastq.gz,move
data/durance3/171103_M03930_0072_000000000-BFWT5/Data/Intensities/BaseCalls/15Jus1002Ch0A_S700_L001_R2_001.fastq.gz,consolidated_dataset/durance3/15Jus1002Ch0A_S700_L001_R2_001.fastq.gz,move
data/durance3/171103_M03930_0072_000000000-BFWT5/Data/Intensities/BaseCalls/15Jus1010Ch0A_S701_L001_R1_001.fastq.gz,consolidated_dataset/durance3/15Jus1010Ch0A_S701_L001_R1_001.fastq.gz,move
data/durance3/171103_M03930_0072_000000000-BFWT5/Data/Intensities/BaseCalls/15Jus1010Ch0A_S701_L001_R2_001.fastq.gz,consolidated_dataset/durance3/15Jus1010Ch0A_S701_L001_R2_001.fastq.gz,move
data/durance3/171103_M03930_0072_000000000-BFWT5/Data/Intensities/BaseCalls/15Jus1018Ch0A_S702_L001_R1_001.fastq.gz,consolidated_dataset/durance3/15Jus1018Ch0A_S702_L001_R1_001.fastq.gz,move
data/durance3/171103_M03930_0072_000000000-BFWT5/Data/Intensities/BaseCalls/15Jus1018Ch0A_S702_L001_R2_001.fastq.gz,consolidated_dataset/durance3/15Jus1018Ch0A_S702_L001_R2_001.fastq.gz,move
data/durance3/171103_M03930_0072_000000000-BFWT5/Data/Intensities/BaseCalls/15Caa1007Ch0A_S703_L001_R1_001.fastq.gz,consolidated_dataset/durance3/15Caa1007Ch0A_S703_L001_R1_001.fastq.gz,move
data/durance3/171103_M03930_0072_000000000-BFWT5/Data/Intensities/BaseCalls/15Caa1007Ch0A_S703_L001_R2_001.fastq.gz,consolidated_dataset/durance3/15Caa1007Ch0A_S703_L001_R2_001.fastq.gz,move
data/durance3/171103_M03930_0072_000000000-BFWT5/Data/Intensities/BaseCalls/15Caa1015Ch0A_S704_L001_R1_001.fastq.gz,consolidated_dataset/durance3/15Caa1015Ch0A_S704_L001_R1_001.fastq.gz,move
data/durance3/171103_M03930_0072_000000000-BFWT5/Data/Intensities/BaseCalls/15Caa1015Ch0A_S704_L001_R2_001.fastq.gz,consolidated_dataset/durance3/15Caa1015Ch0A_S704_L001_R2_001.fastq.gz,move
data/durance3/171103_M03930_0072_000000000-BFWT5/Data/Intensities/BaseCalls/15Avi1003Cn02A_S705_L001_R1_001.fastq.gz,consolidated_dataset/durance3/15Avi1003Cn02A_S705_L001_R1_001.fastq.gz,move
data/durance3/171103_M03930_0072_000000000-BFWT5/Data/Intensities/BaseCalls/15Avi1003Cn02A_S705_L001_R2_001.fastq.gz,consolidated_dataset/durance3/15Avi1003Cn02A_S705_L001_R2_001.fastq.gz,move
data/durance3/171103_M03930_0072_000000000-BFWT5/Data/Intensities/BaseCalls/15Avi1011Cn02A_S706_L001_R1_001.fastq.gz,consolidated_dataset/durance3/15Avi1011Cn02A_S706_L001_R1_001.fastq.gz,move
data/durance3/171103_M03930_0072_000000000-BFWT5/Data/Intensities/BaseCalls/15Avi1011Cn02A_S706_L001_R2_001.fastq.gz,consolidated_dataset/durance3/15Avi1011Cn02A_S706_L001_R2_001.fastq.gz,move
data/durance3/171103_M03930_0072_000000000-BFWT5/Data/Intensities/BaseCalls/15Bue1006Ch02A_S707_L001_R1_001.fastq.gz,consolidated_dataset/durance3/15Bue1006Ch02A_S707_L001_R1_001.fastq.gz,move
data/durance3/171103_M03930_0072_000000000-BFWT5/Data/Intensities/BaseCalls/15Bue1006Ch02A_S707_L001_R2_001.fastq.gz,consolidated_dataset/durance3/15Bue1006Ch02A_S707_L001_R2_001.fastq.gz,move
data/durance3/171103_M03930_0072_000000000-BFWT5/Data/Intensities/BaseCalls/15Bue1014Ch02A_S708_L001_R1_001.fastq.gz,consolidated_dataset/durance3/15Bue1014Ch02A_S708_L001_R1_001.fastq.gz,move
data/durance3/171103_M03930_0072_000000000-BFWT5/Data/Intensities/BaseCalls/15Bue1014Ch02A_S708_L001_R2_001.fastq.gz,consolidated_dataset/durance3/15Bue1014Ch02A_S708_L001_R2_001.fastq.gz,move
data/durance3/171103_M03930_0072_000000000-BFWT5/Data/Intensities/BaseCalls/15Bau1004Ch02A_S709_L001_R1_001.fastq.gz,consolidated_dataset/durance3/15Bau1004Ch02A_S709_L001_R1_001.fastq.gz,move
data/durance3/171103_M03930_0072_000000000-BFWT5/Data/Intensities/BaseCalls/15Bau1004Ch02A_S709_L001_R2_001.fastq.gz,consolidated_dataset/durance3/15Bau1004Ch02A_S709_L001_R2_001.fastq.gz,move
data/durance3/171103_M03930_0072_000000000-BFWT5/Data/Intensities/BaseCalls/15Bau1012Ch02A_S710_L001_R1_001.fastq.gz,consolidated_dataset/durance3/15Bau1012Ch02A_S710_L001_R1_001.fastq.gz,move
data/durance3/171103_M03930_0072_000000000-BFWT5/Data/Intensities/BaseCalls/15Bau1012Ch02A_S710_L001_R2_001.fastq.gz,consolidated_dataset/durance3/15Bau1012Ch02A_S710_L001_R2_001.fastq.gz,move
data/durance3/171103_M03930_0072_000000000-BFWT5/Data/Intensities/BaseCalls/15Bau1020Ch02A_S711_L001_R1_001.fastq.gz,consolidated_dataset/durance3/15Bau1020Ch02A_S711_L001_R1_001.fastq.gz,move
data/durance3/171103_M03930_0072_000000000-BFWT5/Data/Intensities/BaseCalls/15Bau1020Ch02A_S711_L001_R2_001.fastq.gz,consolidated_dataset/durance3/15Bau1020Ch02A_S711_L001_R2_001.fastq.gz,move
data/durance3/171103_M03930_0072_000000000-BFWT5/Data/Intensities/BaseCalls/15Jus1003Ch0A_S712_L001_R1_001.fastq.gz,consolidated_dataset/durance3/15Jus1003Ch0A_S712_L001_R1_001.fastq.gz,move
data/durance3/171103_M03930_0072_000000000-BFWT5/Data/Intensities/BaseCalls/15Jus1003Ch0A_S712_L001_R2_001.fastq.gz,consolidated_dataset/durance3/15Jus1003Ch0A_S712_L001_R2_001.fastq.gz,move
data/durance3/171103_M03930_0072_000000000-BFWT5/Data/Intensities/BaseCalls/15Jus1011Ch0A_S713_L001_R1_001.fastq.gz,consolidated_dataset/durance3/15Jus1011Ch0A_S713_L001_R1_001.fastq.gz,move
data/durance3/171103_M03930_0072_000000000-BFWT5/Data/Intensities/BaseCalls/15Jus1011Ch0A_S713_L001_R2_001.fastq.gz,consolidated_dataset/durance3/15Jus1011Ch0A_S713_L001_R2_001.fastq.gz,move
data/durance3/171103_M03930_0072_000000000-BFWT5/Data/Intensities/BaseCalls/15Jus1019Ch0A_S714_L001_R1_001.fastq.gz,consolidated_dataset/durance3/15Jus1019Ch0A_S714_L001_R1_001.fastq.gz,move
data/durance3/171103_M03930_0072_000000000-BFWT5/Data/Intensities/BaseCalls/15Jus1019Ch0A_S714_L001_R2_001.fastq.gz,consolidated_dataset/durance3/15Jus1019Ch0A_S714_L001_R2_001.fastq.gz,move
data/durance3/171103_M03930_0072_000000000-BFWT5/Data/Intensities/BaseCalls/15Caa1008Ch0A_S715_L001_R1_001.fastq.gz,consolidated_dataset/durance3/15Caa1008Ch0A_S715_L001_R1_001.fastq.gz,move
data/durance3/171103_M03930_0072_000000000-BFWT5/Data/Intensities/BaseCalls/15Caa1008Ch0A_S715_L001_R2_001.fastq.gz,consolidated_dataset/durance3/15Caa1008Ch0A_S715_L001_R2_001.fastq.gz,move
data/durance3/171103_M03930_0072_000000000-BFWT5/Data/Intensities/BaseCalls/15Caa1016Ch0A_S716_L001_R1_001.fastq.gz,consolidated_dataset/durance3/15Caa1016Ch0A_S716_L001_R1_001.fastq.gz,move
data/durance3/171103_M03930_0072_000000000-BFWT5/Data/Intensities/BaseCalls/15Caa1016Ch0A_S716_L001_R2_001.fastq.gz,consolidated_dataset/durance3/15Caa1016Ch0A_S716_L001_R2_001.fastq.gz,move
data/durance3/171103_M03930_0072_000000000-BFWT5/Data/Intensities/BaseCalls/15Avi1004Cn02A_S717_L001_R1_001.fastq.gz,consolidated_dataset/durance3/15Avi1004Cn02A_S717_L001_R1_001.fastq.gz,move
data/durance3/171103_M03930_0072_000000000-BFWT5/Data/Intensities/BaseCalls/15Avi1004Cn02A_S717_L001_R2_001.fastq.gz,consolidated_dataset/durance3/15Avi1004Cn02A_S717_L001_R2_001.fastq.gz,move
data/durance3/171103_M03930_0072_000000000-BFWT5/Data/Intensities/BaseCalls/15Avi1012Pt02A_S718_L001_R1_001.fastq.gz,consolidated_dataset/durance3/15Avi1012Pt02A_S718_L001_R1_001.fastq.gz,move
data/durance3/171103_M03930_0072_000000000-BFWT5/Data/Intensities/BaseCalls/15Avi1012Pt02A_S718_L001_R2_001.fastq.gz,consolidated_dataset/durance3/15Avi1012Pt02A_S718_L001_R2_001.fastq.gz,move
data/durance3/171103_M03930_0072_000000000-BFWT5/Data/Intensities/BaseCalls/15Bue1007Ch02A_S719_L001_R1_001.fastq.gz,consolidated_dataset/durance3/15Bue1007Ch02A_S719_L001_R1_001.fastq.gz,move
data/durance3/171103_M03930_0072_000000000-BFWT5/Data/Intensities/BaseCalls/15Bue1007Ch02A_S719_L001_R2_001.fastq.gz,consolidated_dataset/durance3/15Bue1007Ch02A_S719_L001_R2_001.fastq.gz,move
data/durance3/171103_M03930_0072_000000000-BFWT5/Data/Intensities/BaseCalls/15Bue1015Ch02A_S720_L001_R1_001.fastq.gz,consolidated_dataset/durance3/15Bue1015Ch02A_S720_L001_R1_001.fastq.gz,move
data/durance3/171103_M03930_0072_000000000-BFWT5/Data/Intensities/BaseCalls/15Bue1015Ch02A_S720_L001_R2_001.fastq.gz,consolidated_dataset/durance3/15Bue1015Ch02A_S720_L001_R2_001.fastq.gz,move
data/durance3/171103_M03930_0072_000000000-BFWT5/Data/Intensities/BaseCalls/15Bau1005Ch02A_S721_L001_R1_001.fastq.gz,consolidated_dataset/durance3/15Bau1005Ch02A_S721_L001_R1_001.fastq.gz,move
data/durance3/171103_M03930_0072_000000000-BFWT5/Data/Intensities/BaseCalls/15Bau1005Ch02A_S721_L001_R2_001.fastq.gz,consolidated_dataset/durance3/15Bau1005Ch02A_S721_L001_R2_001.fastq.gz,move
data/durance3/171103_M03930_0072_000000000-BFWT5/Data/Intensities/BaseCalls/15Bau1013Ch02A_S722_L001_R1_001.fastq.gz,consolidated_dataset/durance3/15Bau1013Ch02A_S722_L001_R1_001.fastq.gz,move
data/durance3/171103_M03930_0072_000000000-BFWT5/Data/Intensities/BaseCalls/15Bau1013Ch02A_S722_L001_R2_001.fastq.gz,consolidated_dataset/durance3/15Bau1013Ch02A_S722_L001_R2_001.fastq.gz,move
data/durance3/171103_M03930_0072_000000000-BFWT5/Data/Intensities/BaseCalls/15Bau1021Ch02A_S723_L001_R1_001.fastq.gz,consolidated_dataset/durance3/15Bau1021Ch02A_S723_L001_R1_001.fastq.gz,move
data/durance3/171103_M03930_0072_000000000-BFWT5/Data/Intensities/BaseCalls/15Bau1021Ch02A_S723_L001_R2_001.fastq.gz,consolidated_dataset/durance3/15Bau1021Ch02A_S723_L001_R2_001.fastq.gz,move
data/durance3/171103_M03930_0072_000000000-BFWT5/Data/Intensities/BaseCalls/15Jus1004Ch0A_S724_L001_R1_001.fastq.gz,consolidated_dataset/durance3/15Jus1004Ch0A_S724_L001_R1_001.fastq.gz,move
data/durance3/171103_M03930_0072_000000000-BFWT5/Data/Intensities/BaseCalls/15Jus1004Ch0A_S724_L001_R2_001.fastq.gz,consolidated_dataset/durance3/15Jus1004Ch0A_S724_L001_R2_001.fastq.gz,move
data/durance3/171103_M03930_0072_000000000-BFWT5/Data/Intensities/BaseCalls/15Jus1012Ch0A_S725_L001_R1_001.fastq.gz,consolidated_dataset/durance3/15Jus1012Ch0A_S725_L001_R1_001.fastq.gz,move
data/durance3/171103_M03930_0072_000000000-BFWT5/Data/Intensities/BaseCalls/15Jus1012Ch0A_S725_L001_R2_001.fastq.gz,consolidated_dataset/durance3/15Jus1012Ch0A_S725_L001_R2_001.fastq.gz,move
data/durance3/171103_M03930_0072_000000000-BFWT5/Data/Intensities/BaseCalls/15Caa1001Ch0A_S726_L001_R1_001.fastq.gz,consolidated_dataset/durance3/15Caa1001Ch0A_S726_L001_R1_001.fastq.gz,move
data/durance3/171103_M03930_0072_000000000-BFWT5/Data/Intensities/BaseCalls/15Caa1001Ch0A_S726_L001_R2_001.fastq.gz,consolidated_dataset/durance3/15Caa1001Ch0A_S726_L001_R2_001.fastq.gz,move
data/durance3/171103_M03930_0072_000000000-BFWT5/Data/Intensities/BaseCalls/15Caa1009Ch0A_S727_L001_R1_001.fastq.gz,consolidated_dataset/durance3/15Caa1009Ch0A_S727_L001_R1_001.fastq.gz,move
data/durance3/171103_M03930_0072_000000000-BFWT5/Data/Intensities/BaseCalls/15Caa1009Ch0A_S727_L001_R2_001.fastq.gz,consolidated_dataset/durance3/15Caa1009Ch0A_S727_L001_R2_001.fastq.gz,move
data/durance3/171103_M03930_0072_000000000-BFWT5/Data/Intensities/BaseCalls/15Caa1017Ch0A_S728_L001_R1_001.fastq.gz,consolidated_dataset/durance3/15Caa1017Ch0A_S728_L001_R1_001.fastq.gz,move
data/durance3/171103_M03930_0072_000000000-BFWT5/Data/Intensities/BaseCalls/15Caa1017Ch0A_S728_L001_R2_001.fastq.gz,consolidated_dataset/durance3/15Caa1017Ch0A_S728_L001_R2_001.fastq.gz,move
data/durance3/171103_M03930_0072_000000000-BFWT5/Data/Intensities/BaseCalls/15Avi1005Cn02A_S729_L001_R1_001.fastq.gz,consolidated_dataset/durance3/15Avi1005Cn02A_S729_L001_R1_001.fastq.gz,move
data/durance3/171103_M03930_0072_000000000-BFWT5/Data/Intensities/BaseCalls/15Avi1005Cn02A_S729_L001_R2_001.fastq.gz,consolidated_dataset/durance3/15Avi1005Cn02A_S729_L001_R2_001.fastq.gz,move
data/durance3/171103_M03930_0072_000000000-BFWT5/Data/Intensities/BaseCalls/15Avi1013Pt02A_S730_L001_R1_001.fastq.gz,consolidated_dataset/durance3/15Avi1013Pt02A_S730_L001_R1_001.fastq.gz,move
data/durance3/171103_M03930_0072_000000000-BFWT5/Data/Intensities/BaseCalls/15Avi1013Pt02A_S730_L001_R2_001.fastq.gz,consolidated_dataset/durance3/15Avi1013Pt02A_S730_L001_R2_001.fastq.gz,move
data/durance3/171103_M03930_0072_000000000-BFWT5/Data/Intensities/BaseCalls/15Bue1008Ch02A_S731_L001_R1_001.fastq.gz,consolidated_dataset/durance3/15Bue1008Ch02A_S731_L001_R1_001.fastq.gz,move
data/durance3/171103_M03930_0072_000000000-BFWT5/Data/Intensities/BaseCalls/15Bue1008Ch02A_S731_L001_R2_001.fastq.gz,consolidated_dataset/durance3/15Bue1008Ch02A_S731_L001_R2_001.fastq.gz,move
data/durance3/171103_M03930_0072_000000000-BFWT5/Data/Intensities/BaseCalls/15Bue1016Ch02A_S732_L001_R1_001.fastq.gz,consolidated_dataset/durance3/15Bue1016Ch02A_S732_L001_R1_001.fastq.gz,move
data/durance3/171103_M03930_0072_000000000-BFWT5/Data/Intensities/BaseCalls/15Bue1016Ch02A_S732_L001_R2_001.fastq.gz,consolidated_dataset/durance3/15Bue1016Ch02A_S732_L001_R2_001.fastq.gz,move
data/durance3/171103_M03930_0072_000000000-BFWT5/Data/Intensities/BaseCalls/15Bau1006Ch02A_S733_L001_R1_001.fastq.gz,consolidated_dataset/durance3/15Bau1006Ch02A_S733_L001_R1_001.fastq.gz,move
data/durance3/171103_M03930_0072_000000000-BFWT5/Data/Intensities/BaseCalls/15Bau1006Ch02A_S733_L001_R2_001.fastq.gz,consolidated_dataset/durance3/15Bau1006Ch02A_S733_L001_R2_001.fastq.gz,move
data/durance3/171103_M03930_0072_000000000-BFWT5/Data/Intensities/BaseCalls/15Bau1014Ch02A_S734_L001_R1_001.fastq.gz,consolidated_dataset/durance3/15Bau1014Ch02A_S734_L001_R1_001.fastq.gz,move
data/durance3/171103_M03930_0072_000000000-BFWT5/Data/Intensities/BaseCalls/15Bau1014Ch02A_S734_L001_R2_001.fastq.gz,consolidated_dataset/durance3/15Bau1014Ch02A_S734_L001_R2_001.fastq.gz,move
data/durance3/171103_M03930_0072_000000000-BFWT5/Data/Intensities/BaseCalls/15Bau1022Ch02A_S735_L001_R1_001.fastq.gz,consolidated_dataset/durance3/15Bau1022Ch02A_S735_L001_R1_001.fastq.gz,move
data/durance3/171103_M03930_0072_000000000-BFWT5/Data/Intensities/BaseCalls/15Bau1022Ch02A_S735_L001_R2_001.fastq.gz,consolidated_dataset/durance3/15Bau1022Ch02A_S735_L001_R2_001.fastq.gz,move
data/durance3/171103_M03930_0072_000000000-BFWT5/Data/Intensities/BaseCalls/15Jus1005Ch0A_S736_L001_R1_001.fastq.gz,consolidated_dataset/durance3/15Jus1005Ch0A_S736_L001_R1_001.fastq.gz,move
data/durance3/171103_M03930_0072_000000000-BFWT5/Data/Intensities/BaseCalls/15Jus1005Ch0A_S736_L001_R2_001.fastq.gz,consolidated_dataset/durance3/15Jus1005Ch0A_S736_L001_R2_001.fastq.gz,move
data/durance3/171103_M03930_0072_000000000-BFWT5/Data/Intensities/BaseCalls/15Jus1013Ch0A_S737_L001_R1_001.fastq.gz,consolidated_dataset/durance3/15Jus1013Ch0A_S737_L001_R1_001.fastq.gz,move
data/durance3/171103_M03930_0072_000000000-BFWT5/Data/Intensities/BaseCalls/15Jus1013Ch0A_S737_L001_R2_001.fastq.gz,consolidated_dataset/durance3/15Jus1013Ch0A_S737_L001_R2_001.fastq.gz,move
data/durance3/171103_M03930_0072_000000000-BFWT5/Data/Intensities/BaseCalls/15Caa1002Ch0A_S738_L001_R1_001.fastq.gz,consolidated_dataset/durance3/15Caa1002Ch0A_S738_L001_R1_001.fastq.gz,move
data/durance3/171103_M03930_0072_000000000-BFWT5/Data/Intensities/BaseCalls/15Caa1002Ch0A_S738_L001_R2_001.fastq.gz,consolidated_dataset/durance3/15Caa1002Ch0A_S738_L001_R2_001.fastq.gz,move
data/durance3/171103_M03930_0072_000000000-BFWT5/Data/Intensities/BaseCalls/15Caa1010Ch0A_S739_L001_R1_001.fastq.gz,consolidated_dataset/durance3/15Caa1010Ch0A_S739_L001_R1_001.fastq.gz,move
data/durance3/171103_M03930_0072_000000000-BFWT5/Data/Intensities/BaseCalls/15Caa1010Ch0A_S739_L001_R2_001.fastq.gz,consolidated_dataset/durance3/15Caa1010Ch0A_S739_L001_R2_001.fastq.gz,move
data/durance3/171103_M03930_0072_000000000-BFWT5/Data/Intensities/BaseCalls/15Caa1018Ch0A_S740_L001_R1_001.fastq.gz,consolidated_dataset/durance3/15Caa1018Ch0A_S740_L001_R1_001.fastq.gz,move
data/durance3/171103_M03930_0072_000000000-BFWT5/Data/Intensities/BaseCalls/15Caa1018Ch0A_S740_L001_R2_001.fastq.gz,consolidated_dataset/durance3/15Caa1018Ch0A_S740_L001_R2_001.fastq.gz,move
data/durance3/171103_M03930_0072_000000000-BFWT5/Data/Intensities/BaseCalls/15Avi1006Cn02A_S741_L001_R1_001.fastq.gz,consolidated_dataset/durance3/15Avi1006Cn02A_S741_L001_R1_001.fastq.gz,move
data/durance3/171103_M03930_0072_000000000-BFWT5/Data/Intensities/BaseCalls/15Avi1006Cn02A_S741_L001_R2_001.fastq.gz,consolidated_dataset/durance3/15Avi1006Cn02A_S741_L001_R2_001.fastq.gz,move
data/durance3/171103_M03930_0072_000000000-BFWT5/Data/Intensities/BaseCalls/15Bue1001Ch02A_S742_L001_R1_001.fastq.gz,consolidated_dataset/durance3/15Bue1001Ch02A_S742_L001_R1_001.fastq.gz,move
data/durance3/171103_M03930_0072_000000000-BFWT5/Data/Intensities/BaseCalls/15Bue1001Ch02A_S742_L001_R2_001.fastq.gz,consolidated_dataset/durance3/15Bue1001Ch02A_S742_L001_R2_001.fastq.gz,move
data/durance3/171103_M03930_0072_000000000-BFWT5/Data/Intensities/BaseCalls/15Bue1009Ch02A_S743_L001_R1_001.fastq.gz,consolidated_dataset/durance3/15Bue1009Ch02A_S743_L001_R1_001.fastq.gz,move
data/durance3/171103_M03930_0072_000000000-BFWT5/Data/Intensities/BaseCalls/15Bue1009Ch02A_S743_L001_R2_001.fastq.gz,consolidated_dataset/durance3/15Bue1009Ch02A_S743_L001_R2_001.fastq.gz,move
data/durance3/171103_M03930_0072_000000000-BFWT5/Data/Intensities/BaseCalls/15Bue1017Ch02A_S744_L001_R1_001.fastq.gz,consolidated_dataset/durance3/15Bue1017Ch02A_S744_L001_R1_001.fastq.gz,move
data/durance3/171103_M03930_0072_000000000-BFWT5/Data/Intensities/BaseCalls/15Bue1017Ch02A_S744_L001_R2_001.fastq.gz,consolidated_dataset/durance3/15Bue1017Ch02A_S744_L001_R2_001.fastq.gz,move
data/durance3/171103_M03930_0072_000000000-BFWT5/Data/Intensities/BaseCalls/15Bau1007Ch02A_S745_L001_R1_001.fastq.gz,consolidated_dataset/durance3/15Bau1007Ch02A_S745_L001_R1_001.fastq.gz,move
data/durance3/171103_M03930_0072_000000000-BFWT5/Data/Intensities/BaseCalls/15Bau1007Ch02A_S745_L001_R2_001.fastq.gz,consolidated_dataset/durance3/15Bau1007Ch02A_S745_L001_R2_001.fastq.gz,move
data/durance3/171103_M03930_0072_000000000-BFWT5/Data/Intensities/BaseCalls/15Bau1015Ch02A_S746_L001_R1_001.fastq.gz,consolidated_dataset/durance3/15Bau1015Ch02A_S746_L001_R1_001.fastq.gz,move
data/durance3/171103_M03930_0072_000000000-BFWT5/Data/Intensities/BaseCalls/15Bau1015Ch02A_S746_L001_R2_001.fastq.gz,consolidated_dataset/durance3/15Bau1015Ch02A_S746_L001_R2_001.fastq.gz,move
data/durance3/171103_M03930_0072_000000000-BFWT5/Data/Intensities/BaseCalls/15Bau1023Ch02A_S747_L001_R1_001.fastq.gz,consolidated_dataset/durance3/15Bau1023Ch02A_S747_L001_R1_001.fastq.gz,move
data/durance3/171103_M03930_0072_000000000-BFWT5/Data/Intensities/BaseCalls/15Bau1023Ch02A_S747_L001_R2_001.fastq.gz,consolidated_dataset/durance3/15Bau1023Ch02A_S747_L001_R2_001.fastq.gz,move
data/durance3/171103_M03930_0072_000000000-BFWT5/Data/Intensities/BaseCalls/15Jus1006Ch0A_S748_L001_R1_001.fastq.gz,consolidated_dataset/durance3/15Jus1006Ch0A_S748_L001_R1_001.fastq.gz,move
data/durance3/171103_M03930_0072_000000000-BFWT5/Data/Intensities/BaseCalls/15Jus1006Ch0A_S748_L001_R2_001.fastq.gz,consolidated_dataset/durance3/15Jus1006Ch0A_S748_L001_R2_001.fastq.gz,move
data/durance3/171103_M03930_0072_000000000-BFWT5/Data/Intensities/BaseCalls/15Jus1014Ch0A_S749_L001_R1_001.fastq.gz,consolidated_dataset/durance3/15Jus1014Ch0A_S749_L001_R1_001.fastq.gz,move
data/durance3/171103_M03930_0072_000000000-BFWT5/Data/Intensities/BaseCalls/15Jus1014Ch0A_S749_L001_R2_001.fastq.gz,consolidated_dataset/durance3/15Jus1014Ch0A_S749_L001_R2_001.fastq.gz,move
data/durance3/171103_M03930_0072_000000000-BFWT5/Data/Intensities/BaseCalls/15Caa1003Ch0A_S750_L001_R1_001.fastq.gz,consolidated_dataset/durance3/15Caa1003Ch0A_S750_L001_R1_001.fastq.gz,move
data/durance3/171103_M03930_0072_000000000-BFWT5/Data/Intensities/BaseCalls/15Caa1003Ch0A_S750_L001_R2_001.fastq.gz,consolidated_dataset/durance3/15Caa1003Ch0A_S750_L001_R2_001.fastq.gz,move
data/durance3/171103_M03930_0072_000000000-BFWT5/Data/Intensities/BaseCalls/15Caa1011Ch0A_S751_L001_R1_001.fastq.gz,consolidated_dataset/durance3/15Caa1011Ch0A_S751_L001_R1_001.fastq.gz,move
data/durance3/171103_M03930_0072_000000000-BFWT5/Data/Intensities/BaseCalls/15Caa1011Ch0A_S751_L001_R2_001.fastq.gz,consolidated_dataset/durance3/15Caa1011Ch0A_S751_L001_R2_001.fastq.gz,move
data/durance3/171103_M03930_0072_000000000-BFWT5/Data/Intensities/BaseCalls/15Caa1019Ch0A_S752_L001_R1_001.fastq.gz,consolidated_dataset/durance3/15Caa1019Ch0A_S752_L001_R1_001.fastq.gz,move
data/durance3/171103_M03930_0072_000000000-BFWT5/Data/Intensities/BaseCalls/15Caa1019Ch0A_S752_L001_R2_001.fastq.gz,consolidated_dataset/durance3/15Caa1019Ch0A_S752_L001_R2_001.fastq.gz,move
data/durance3/171103_M03930_0072_000000000-BFWT5/Data/Intensities/BaseCalls/15Avi1007Cn02A_S753_L001_R1_001.fastq.gz,consolidated_dataset/durance3/15Avi1007Cn02A_S753_L001_R1_001.fastq.gz,move
data/durance3/171103_M03930_0072_000000000-BFWT5/Data/Intensities/BaseCalls/15Avi1007Cn02A_S753_L001_R2_001.fastq.gz,consolidated_dataset/durance3/15Avi1007Cn02A_S753_L001_R2_001.fastq.gz,move
data/durance3/171103_M03930_0072_000000000-BFWT5/Data/Intensities/BaseCalls/15Bue1002Ch02A_S754_L001_R1_001.fastq.gz,consolidated_dataset/durance3/15Bue1002Ch02A_S754_L001_R1_001.fastq.gz,move
data/durance3/171103_M03930_0072_000000000-BFWT5/Data/Intensities/BaseCalls/15Bue1002Ch02A_S754_L001_R2_001.fastq.gz,consolidated_dataset/durance3/15Bue1002Ch02A_S754_L001_R2_001.fastq.gz,move
data/durance3/171103_M03930_0072_000000000-BFWT5/Data/Intensities/BaseCalls/15Bue1010Ch02A_S755_L001_R1_001.fastq.gz,consolidated_dataset/durance3/15Bue1010Ch02A_S755_L001_R1_001.fastq.gz,move
data/durance3/171103_M03930_0072_000000000-BFWT5/Data/Intensities/BaseCalls/15Bue1010Ch02A_S755_L001_R2_001.fastq.gz,consolidated_dataset/durance3/15Bue1010Ch02A_S755_L001_R2_001.fastq.gz,move
data/durance3/171103_M03930_0072_000000000-BFWT5/Data/Intensities/BaseCalls/15Bue1018Ch02A_S756_L001_R1_001.fastq.gz,consolidated_dataset/durance3/15Bue1018Ch02A_S756_L001_R1_001.fastq.gz,move
data/durance3/171103_M03930_0072_000000000-BFWT5/Data/Intensities/BaseCalls/15Bue1018Ch02A_S756_L001_R2_001.fastq.gz,consolidated_dataset/durance3/15Bue1018Ch02A_S756_L001_R2_001.fastq.gz,move
data/durance3/171103_M03930_0072_000000000-BFWT5/Data/Intensities/BaseCalls/15Bau1008Ch02A_S757_L001_R1_001.fastq.gz,consolidated_dataset/durance3/15Bau1008Ch02A_S757_L001_R1_001.fastq.gz,move
data/durance3/171103_M03930_0072_000000000-BFWT5/Data/Intensities/BaseCalls/15Bau1008Ch02A_S757_L001_R2_001.fastq.gz,consolidated_dataset/durance3/15Bau1008Ch02A_S757_L001_R2_001.fastq.gz,move
data/durance3/171103_M03930_0072_000000000-BFWT5/Data/Intensities/BaseCalls/15Bau1016Ch02A_S758_L001_R1_001.fastq.gz,consolidated_dataset/durance3/15Bau1016Ch02A_S758_L001_R1_001.fastq.gz,move
data/durance3/171103_M03930_0072_000000000-BFWT5/Data/Intensities/BaseCalls/15Bau1016Ch02A_S758_L001_R2_001.fastq.gz,consolidated_dataset/durance3/15Bau1016Ch02A_S758_L001_R2_001.fastq.gz,move
data/durance3/171103_M03930_0072_000000000-BFWT5/Data/Intensities/BaseCalls/15Bau1024Ch02A_S759_L001_R1_001.fastq.gz,consolidated_dataset/durance3/15Bau1024Ch02A_S759_L001_R1_001.fastq.gz,move
data/durance3/171103_M03930_0072_000000000-BFWT5/Data/Intensities/BaseCalls/15Bau1024Ch02A_S759_L001_R2_001.fastq.gz,consolidated_dataset/durance3/15Bau1024Ch02A_S759_L001_R2_001.fastq.gz,move
data/durance3/171103_M03930_0072_000000000-BFWT5/Data/Intensities/BaseCalls/15Jus1007Ch0A_S760_L001_R1_001.fastq.gz,consolidated_dataset/durance3/15Jus1007Ch0A_S760_L001_R1_001.fastq.gz,move
data/durance3/171103_M03930_0072_000000000-BFWT5/Data/Intensities/BaseCalls/15Jus1007Ch0A_S760_L001_R2_001.fastq.gz,consolidated_dataset/durance3/15Jus1007Ch0A_S760_L001_R2_001.fastq.gz,move
data/durance3/171103_M03930_0072_000000000-BFWT5/Data/Intensities/BaseCalls/15Jus1015Ch0A_S761_L001_R1_001.fastq.gz,consolidated_dataset/durance3/15Jus1015Ch0A_S761_L001_R1_001.fastq.gz,move
data/durance3/171103_M03930_0072_000000000-BFWT5/Data/Intensities/BaseCalls/15Jus1015Ch0A_S761_L001_R2_001.fastq.gz,consolidated_dataset/durance3/15Jus1015Ch0A_S761_L001_R2_001.fastq.gz,move
data/durance3/171103_M03930_0072_000000000-BFWT5/Data/Intensities/BaseCalls/15Caa1004Ch0A_S762_L001_R1_001.fastq.gz,consolidated_dataset/durance3/15Caa1004Ch0A_S762_L001_R1_001.fastq.gz,move
data/durance3/171103_M03930_0072_000000000-BFWT5/Data/Intensities/BaseCalls/15Caa1004Ch0A_S762_L001_R2_001.fastq.gz,consolidated_dataset/durance3/15Caa1004Ch0A_S762_L001_R2_001.fastq.gz,move
data/durance3/171103_M03930_0072_000000000-BFWT5/Data/Intensities/BaseCalls/15Caa1012Ch0A_S763_L001_R1_001.fastq.gz,consolidated_dataset/durance3/15Caa1012Ch0A_S763_L001_R1_001.fastq.gz,move
data/durance3/171103_M03930_0072_000000000-BFWT5/Data/Intensities/BaseCalls/15Caa1012Ch0A_S763_L001_R2_001.fastq.gz,consolidated_dataset/durance3/15Caa1012Ch0A_S763_L001_R2_001.fastq.gz,move
data/durance3/171103_M03930_0072_000000000-BFWT5/Data/Intensities/BaseCalls/15Caa1020Ch0A_S764_L001_R1_001.fastq.gz,consolidated_dataset/durance3/15Caa1020Ch0A_S764_L001_R1_001.fastq.gz,move
data/durance3/171103_M03930_0072_000000000-BFWT5/Data/Intensities/BaseCalls/15Caa1020Ch0A_S764_L001_R2_001.fastq.gz,consolidated_dataset/durance3/15Caa1020Ch0A_S764_L001_R2_001.fastq.gz,move
data/durance3/171103_M03930_0072_000000000-BFWT5/Data/Intensities/BaseCalls/15Avi1008Cn02A_S765_L001_R1_001.fastq.gz,consolidated_dataset/durance3/15Avi1008Cn02A_S765_L001_R1_001.fastq.gz,move
data/durance3/171103_M03930_0072_000000000-BFWT5/Data/Intensities/BaseCalls/15Avi1008Cn02A_S765_L001_R2_001.fastq.gz,consolidated_dataset/durance3/15Avi1008Cn02A_S765_L001_R2_001.fastq.gz,move
data/durance3/171103_M03930_0072_000000000-BFWT5/Data/Intensities/BaseCalls/15Bue1003Ch02A_S766_L001_R1_001.fastq.gz,consolidated_dataset/durance3/15Bue1003Ch02A_S766_L001_R1_001.fastq.gz,move
data/durance3/171103_M03930_0072_000000000-BFWT5/Data/Intensities/BaseCalls/15Bue1003Ch02A_S766_L001_R2_001.fastq.gz,consolidated_dataset/durance3/15Bue1003Ch02A_S766_L001_R2_001.fastq.gz,move
data/durance3/171103_M03930_0072_000000000-BFWT5/Data/Intensities/BaseCalls/15Bue1011Ch02A_S767_L001_R1_001.fastq.gz,consolidated_dataset/durance3/15Bue1011Ch02A_S767_L001_R1_001.fastq.gz,move
data/durance3/171103_M03930_0072_000000000-BFWT5/Data/Intensities/BaseCalls/15Bue1011Ch02A_S767_L001_R2_001.fastq.gz,consolidated_dataset/durance3/15Bue1011Ch02A_S767_L001_R2_001.fastq.gz,move
data/durance3/171103_M03930_0072_000000000-BFWT5/Data/Intensities/BaseCalls/T-8_S768_L001_R1_001.fastq.gz,consolidated_dataset/durance3/T-8_S768_L001_R1_001.fastq.gz,move
data/durance3/171103_M03930_0072_000000000-BFWT5/Data/Intensities/BaseCalls/T-8_S768_L001_R2_001.fastq.gz,consolidated_dataset/durance3/T-8_S768_L001_R2_001.fastq.gz,move
