study_accession	run_alias	exp_alias	sample_alias	sequencing_run	library_prep	sequencing_replicate	library_name	run_accession	experiment_accession	file_r1	md5_r1	file_r2	md5_r2	sample_core	sample_type_ena	taxon_name	site_code	host_tissue_sampled	collection_date
PRJEB124417	DURANCE16S_RUN_14Ain1001Cn01A_durance1	DURANCE16S_EXP_14Ain1001Cn01A_durance1	DURANCE16S_14Ain1001Cn01A	durance1	prep1	1	14Ain1001Cn01A_durance1	ERR17751462	ERX17142005	14Ain1001Cn01A_S1_L001_R1_001.fastq.gz	f68e56712ab2e666c223e0d82182ac83	14Ain1001Cn01A_S1_L001_R2_001.fastq.gz	2f4aee14b2e9d5c2756bc2ecb58e216a	14Ain1001Cn01A	biological	fish metagenome	Ain	caudal fin [UBERON:4000164]	2014
PRJEB124417	DURANCE16S_RUN_14Ain1001Cn01A_durance2	DURANCE16S_EXP_14Ain1001Cn01A_durance2	DURANCE16S_14Ain1001Cn01A	durance2	prep2	1	14Ain1001Cn01A_durance2	ERR17751455	ERX17141998	14Ain1001Cn01A_S1_L001_R1_001.fastq.gz	c1d34dd7020b613896169527be00f4d5	14Ain1001Cn01A_S1_L001_R2_001.fastq.gz	bcc03fc9e4520ed0dd4e750d536cd95a	14Ain1001Cn01A	biological	fish metagenome	Ain	caudal fin [UBERON:4000164]	2014
PRJEB124417	DURANCE16S_RUN_14Ain1001Cn01A_durance3	DURANCE16S_EXP_14Ain1001Cn01A_durance3	DURANCE16S_14Ain1001Cn01A	durance3	prep2	2	14Ain1001Cn01A_durance3	ERR17751456	ERX17141999	14Ain1001Cn01A_S1_L001_R1_001.fastq.gz	9734217ed4ef59e337ea11816b3fdb69	14Ain1001Cn01A_S1_L001_R2_001.fastq.gz	902e00f2739b56244568f31b8891c66e	14Ain1001Cn01A	biological	fish metagenome	Ain	caudal fin [UBERON:4000164]	2014
PRJEB124417	DURANCE16S_RUN_14Ain1001Cn02A_durance1	DURANCE16S_EXP_14Ain1001Cn02A_durance1	DURANCE16S_14Ain1001Cn02A	durance1	prep1	1	14Ain1001Cn02A_durance1	ERR17751460	ERX17142003	14Ain1001Cn02A_S577_L001_R1_001.fastq.gz	d093a8eeefd08bd5c7c3a1747bf97c25	14Ain1001Cn02A_S577_L001_R2_001.fastq.gz	2ded6f994b44435fb1af670ce2c3e5ef	14Ain1001Cn02A	biological	fish gut metagenome	Ain	midgut [UBERON:0001045]	2014
PRJEB124417	DURANCE16S_RUN_14Ain1001Cn02A_durance2	DURANCE16S_EXP_14Ain1001Cn02A_durance2	DURANCE16S_14Ain1001Cn02A	durance2	prep2	1	14Ain1001Cn02A_durance2	ERR17751457	ERX17142000	14Ain1001Cn02A_S577_L001_R1_001.fastq.gz	d5e290b98b016de33c0a388e167ea587	14Ain1001Cn02A_S577_L001_R2_001.fastq.gz	3ef589f871f97ead37742c8cb096b83c	14Ain1001Cn02A	biological	fish gut metagenome	Ain	midgut [UBERON:0001045]	2014
PRJEB124417	DURANCE16S_RUN_14Ain1001Cn02A_durance3	DURANCE16S_EXP_14Ain1001Cn02A_durance3	DURANCE16S_14Ain1001Cn02A	durance3	prep2	2	14Ain1001Cn02A_durance3	ERR17751461	ERX17142004	14Ain1001Cn02A_S577_L001_R1_001.fastq.gz	e474889dcba9e3c245ae33b936c00949	14Ain1001Cn02A_S577_L001_R2_001.fastq.gz	22607552ec9c8a08acfdf1534b7af406	14Ain1001Cn02A	biological	fish gut metagenome	Ain	midgut [UBERON:0001045]	2014
PRJEB124417	DURANCE16S_RUN_14Ain1001Cn03A_durance1	DURANCE16S_EXP_14Ain1001Cn03A_durance1	DURANCE16S_14Ain1001Cn03A	durance1	prep1	1	14Ain1001Cn03A_durance1	ERR17751459	ERX17142002	14Ain1001Cn03A_S385_L001_R1_001.fastq.gz	0da76fc54d574bac128a8d5a49b2091e	14Ain1001Cn03A_S385_L001_R2_001.fastq.gz	6c42f2e735f7644e7015ad786cf9db00	14Ain1001Cn03A	biological	fish gut metagenome	Ain	hindgut [UBERON:0001046]	2014
PRJEB124417	DURANCE16S_RUN_14Ain1001Cn03A_durance2	DURANCE16S_EXP_14Ain1001Cn03A_durance2	DURANCE16S_14Ain1001Cn03A	durance2	prep2	1	14Ain1001Cn03A_durance2	ERR17751458	ERX17142001	14Ain1001Cn03A_S385_L001_R1_001.fastq.gz	54d426f3afea590889cda7ddedfbb8b1	14Ain1001Cn03A_S385_L001_R2_001.fastq.gz	3f82acae863402e552c33cb8d28f9cdd	14Ain1001Cn03A	biological	fish gut metagenome	Ain	hindgut [UBERON:0001046]	2014
PRJEB124417	DURANCE16S_RUN_14Ain1001Cn03A_durance3	DURANCE16S_EXP_14Ain1001Cn03A_durance3	DURANCE16S_14Ain1001Cn03A	durance3	prep2	2	14Ain1001Cn03A_durance3	ERR17751463	ERX17142006	14Ain1001Cn03A_S385_L001_R1_001.fastq.gz	61c6f4c565bc935447d050a1330ceab3	14Ain1001Cn03A_S385_L001_R2_001.fastq.gz	ee5553e41cca792d24b99d69765568a4	14Ain1001Cn03A	biological	fish gut metagenome	Ain	hindgut [UBERON:0001046]	2014
PRJEB124417	DURANCE16S_RUN_14Ain1001Cn05A_durance1	DURANCE16S_EXP_14Ain1001Cn05A_durance1	DURANCE16S_14Ain1001Cn05A	durance1	prep1	1	14Ain1001Cn05A_durance1	ERR17751464	ERX17142007	14Ain1001Cn05A_S193_L001_R1_001.fastq.gz	3190bf07035a9e2fec8e6ed040d7fba4	14Ain1001Cn05A_S193_L001_R2_001.fastq.gz	c144d460bc2a5accf2577864ecc6c5d4	14Ain1001Cn05A	biological	gill metagenome	Ain	gill [UBERON:0002535]	2014
PRJEB124417	DURANCE16S_RUN_14Ain1001Cn05A_durance2	DURANCE16S_EXP_14Ain1001Cn05A_durance2	DURANCE16S_14Ain1001Cn05A	durance2	prep2	1	14Ain1001Cn05A_durance2	ERR17751466	ERX17142009	14Ain1001Cn05A_S193_L001_R1_001.fastq.gz	be3e8053bec9d10376248b40fcea7351	14Ain1001Cn05A_S193_L001_R2_001.fastq.gz	4215075ad4fa48c36723cb93215d49ce	14Ain1001Cn05A	biological	gill metagenome	Ain	gill [UBERON:0002535]	2014
PRJEB124417	DURANCE16S_RUN_14Ain1001Cn05A_durance3	DURANCE16S_EXP_14Ain1001Cn05A_durance3	DURANCE16S_14Ain1001Cn05A	durance3	prep2	2	14Ain1001Cn05A_durance3	ERR17751467	ERX17142010	14Ain1001Cn05A_S193_L001_R1_001.fastq.gz	f9d909be504d2da0e9c4aaea4e5a0480	14Ain1001Cn05A_S193_L001_R2_001.fastq.gz	999930d7cd5444438c6a0de417160814	14Ain1001Cn05A	biological	gill metagenome	Ain	gill [UBERON:0002535]	2014
PRJEB124417	DURANCE16S_RUN_14Ain1002Cn01A_durance1	DURANCE16S_EXP_14Ain1002Cn01A_durance1	DURANCE16S_14Ain1002Cn01A	durance1	prep1	1	14Ain1002Cn01A_durance1	ERR17751470	ERX17142013	14Ain1002Cn01A_S13_L001_R1_001.fastq.gz	a5e4fc9fd88e7438e4dc5ca1c514055d	14Ain1002Cn01A_S13_L001_R2_001.fastq.gz	75bb1ffb65e80b4be6249bfbcf173a82	14Ain1002Cn01A	biological	fish metagenome	Ain	caudal fin [UBERON:4000164]	2014
PRJEB124417	DURANCE16S_RUN_14Ain1002Cn01A_durance2	DURANCE16S_EXP_14Ain1002Cn01A_durance2	DURANCE16S_14Ain1002Cn01A	durance2	prep2	1	14Ain1002Cn01A_durance2	ERR17751468	ERX17142011	14Ain1002Cn01A_S13_L001_R1_001.fastq.gz	d45b77bb223a913c77ed94a354b7d35f	14Ain1002Cn01A_S13_L001_R2_001.fastq.gz	c5b9de41f27b86690b0cc2fac61a74a2	14Ain1002Cn01A	biological	fish metagenome	Ain	caudal fin [UBERON:4000164]	2014
PRJEB124417	DURANCE16S_RUN_14Ain1002Cn01A_durance3	DURANCE16S_EXP_14Ain1002Cn01A_durance3	DURANCE16S_14Ain1002Cn01A	durance3	prep2	2	14Ain1002Cn01A_durance3	ERR17751469	ERX17142012	14Ain1002Cn01A_S13_L001_R1_001.fastq.gz	56543e3b2774be269c614d359700bf70	14Ain1002Cn01A_S13_L001_R2_001.fastq.gz	df0d3be3f0f4f627f30781dfd5670e1a	14Ain1002Cn01A	biological	fish metagenome	Ain	caudal fin [UBERON:4000164]	2014
PRJEB124417	DURANCE16S_RUN_14Ain1002Cn02A_durance1	DURANCE16S_EXP_14Ain1002Cn02A_durance1	DURANCE16S_14Ain1002Cn02A	durance1	prep1	1	14Ain1002Cn02A_durance1	ERR17751471	ERX17142014	14Ain1002Cn02A_S589_L001_R1_001.fastq.gz	4cd397d6288941ba946158f71179581f	14Ain1002Cn02A_S589_L001_R2_001.fastq.gz	c6695f19dfa9d12b9d8651c410401eee	14Ain1002Cn02A	biological	fish gut metagenome	Ain	midgut [UBERON:0001045]	2014
PRJEB124417	DURANCE16S_RUN_14Ain1002Cn02A_durance2	DURANCE16S_EXP_14Ain1002Cn02A_durance2	DURANCE16S_14Ain1002Cn02A	durance2	prep2	1	14Ain1002Cn02A_durance2	ERR17751473	ERX17142016	14Ain1002Cn02A_S589_L001_R1_001.fastq.gz	7bda5c9395086ad4b6ade8cb04d3c337	14Ain1002Cn02A_S589_L001_R2_001.fastq.gz	7d63913824479bed52a790917b2bfeb0	14Ain1002Cn02A	biological	fish gut metagenome	Ain	midgut [UBERON:0001045]	2014
PRJEB124417	DURANCE16S_RUN_14Ain1002Cn02A_durance3	DURANCE16S_EXP_14Ain1002Cn02A_durance3	DURANCE16S_14Ain1002Cn02A	durance3	prep2	2	14Ain1002Cn02A_durance3	ERR17751472	ERX17142015	14Ain1002Cn02A_S589_L001_R1_001.fastq.gz	4a3b46bb5e7e043a78ec37a6e16e975c	14Ain1002Cn02A_S589_L001_R2_001.fastq.gz	9f56385746bbac413b1b237e43209b55	14Ain1002Cn02A	biological	fish gut metagenome	Ain	midgut [UBERON:0001045]	2014
PRJEB124417	DURANCE16S_RUN_14Ain1002Cn03A_durance1	DURANCE16S_EXP_14Ain1002Cn03A_durance1	DURANCE16S_14Ain1002Cn03A	durance1	prep1	1	14Ain1002Cn03A_durance1	ERR17751474	ERX17142017	14Ain1002Cn03A_S397_L001_R1_001.fastq.gz	9507595dd5fa1e711bee40e7eb606cb0	14Ain1002Cn03A_S397_L001_R2_001.fastq.gz	5cead9df0de81729059506ffedce3f5d	14Ain1002Cn03A	biological	fish gut metagenome	Ain	hindgut [UBERON:0001046]	2014
PRJEB124417	DURANCE16S_RUN_14Ain1002Cn03A_durance2	DURANCE16S_EXP_14Ain1002Cn03A_durance2	DURANCE16S_14Ain1002Cn03A	durance2	prep2	1	14Ain1002Cn03A_durance2	ERR17751475	ERX17142018	14Ain1002Cn03A_S397_L001_R1_001.fastq.gz	d5d011d98e9dcc9e69247dcc7eec282c	14Ain1002Cn03A_S397_L001_R2_001.fastq.gz	eb091c90e63e0cabaa9bcb13d8c6d24a	14Ain1002Cn03A	biological	fish gut metagenome	Ain	hindgut [UBERON:0001046]	2014
PRJEB124417	DURANCE16S_RUN_14Ain1002Cn03A_durance3	DURANCE16S_EXP_14Ain1002Cn03A_durance3	DURANCE16S_14Ain1002Cn03A	durance3	prep2	2	14Ain1002Cn03A_durance3	ERR17751476	ERX17142019	14Ain1002Cn03A_S397_L001_R1_001.fastq.gz	5836aef284639ae2dcd59f44f3a0ad69	14Ain1002Cn03A_S397_L001_R2_001.fastq.gz	a11bb5502d09e56ee9a564e87296209c	14Ain1002Cn03A	biological	fish gut metagenome	Ain	hindgut [UBERON:0001046]	2014
PRJEB124417	DURANCE16S_RUN_14Ain1002Cn05A_durance1	DURANCE16S_EXP_14Ain1002Cn05A_durance1	DURANCE16S_14Ain1002Cn05A	durance1	prep1	1	14Ain1002Cn05A_durance1	ERR17751478	ERX17142021	14Ain1002Cn05A_S205_L001_R1_001.fastq.gz	2ee00b4ae4c0aad97c8f7739476f7ef3	14Ain1002Cn05A_S205_L001_R2_001.fastq.gz	411eff2b85acf1b59c3a657d00f57a13	14Ain1002Cn05A	biological	gill metagenome	Ain	gill [UBERON:0002535]	2014
PRJEB124417	DURANCE16S_RUN_14Ain1002Cn05A_durance2	DURANCE16S_EXP_14Ain1002Cn05A_durance2	DURANCE16S_14Ain1002Cn05A	durance2	prep2	1	14Ain1002Cn05A_durance2	ERR17751479	ERX17142022	14Ain1002Cn05A_S205_L001_R1_001.fastq.gz	982d872b53fdfd5cc1c1cb94e0274398	14Ain1002Cn05A_S205_L001_R2_001.fastq.gz	ec9c0c7900a4544a92f4e17682631c6c	14Ain1002Cn05A	biological	gill metagenome	Ain	gill [UBERON:0002535]	2014
PRJEB124417	DURANCE16S_RUN_14Ain1002Cn05A_durance3	DURANCE16S_EXP_14Ain1002Cn05A_durance3	DURANCE16S_14Ain1002Cn05A	durance3	prep2	2	14Ain1002Cn05A_durance3	ERR17751477	ERX17142020	14Ain1002Cn05A_S205_L001_R1_001.fastq.gz	f66314d38fa603c9f3b9799492732644	14Ain1002Cn05A_S205_L001_R2_001.fastq.gz	4b3826ac274c9c354487e9ade5aa80b5	14Ain1002Cn05A	biological	gill metagenome	Ain	gill [UBERON:0002535]	2014
PRJEB124417	DURANCE16S_RUN_14Ain1011Pt01A_durance1	DURANCE16S_EXP_14Ain1011Pt01A_durance1	DURANCE16S_14Ain1011Pt01A	durance1	prep1	1	14Ain1011Pt01A_durance1	ERR17751480	ERX17142023	14Ain1011Pt01A_S25_L001_R1_001.fastq.gz	1c9ff9cad39919ea8f3b90f8e770ada3	14Ain1011Pt01A_S25_L001_R2_001.fastq.gz	be87b8415230f23e9d81d6e6c012885b	14Ain1011Pt01A	biological	fish metagenome	Ain	caudal fin [UBERON:4000164]	2014
PRJEB124417	DURANCE16S_RUN_14Ain1011Pt01A_durance2	DURANCE16S_EXP_14Ain1011Pt01A_durance2	DURANCE16S_14Ain1011Pt01A	durance2	prep2	1	14Ain1011Pt01A_durance2	ERR17751481	ERX17142024	14Ain1011Pt01A_S25_L001_R1_001.fastq.gz	5728bc668cc70a84cf2960c4fc042840	14Ain1011Pt01A_S25_L001_R2_001.fastq.gz	f97c6a8afff46921cbad08aab6327d1b	14Ain1011Pt01A	biological	fish metagenome	Ain	caudal fin [UBERON:4000164]	2014
PRJEB124417	DURANCE16S_RUN_14Ain1011Pt01A_durance3	DURANCE16S_EXP_14Ain1011Pt01A_durance3	DURANCE16S_14Ain1011Pt01A	durance3	prep2	2	14Ain1011Pt01A_durance3	ERR17751482	ERX17142025	14Ain1011Pt01A_S25_L001_R1_001.fastq.gz	8408a615bcced0782d69bccda13a13fa	14Ain1011Pt01A_S25_L001_R2_001.fastq.gz	db0f9c1db912abac4f6b41d89c1b29c8	14Ain1011Pt01A	biological	fish metagenome	Ain	caudal fin [UBERON:4000164]	2014
PRJEB124417	DURANCE16S_RUN_14Ain1011Pt02A_durance1	DURANCE16S_EXP_14Ain1011Pt02A_durance1	DURANCE16S_14Ain1011Pt02A	durance1	prep1	1	14Ain1011Pt02A_durance1	ERR17751486	ERX17142029	14Ain1011Pt02A_S601_L001_R1_001.fastq.gz	e32aade19770f3d6e92f1ea6ca19005e	14Ain1011Pt02A_S601_L001_R2_001.fastq.gz	72f90976ef4f1066242b24ef34b06ad3	14Ain1011Pt02A	biological	fish gut metagenome	Ain	midgut [UBERON:0001045]	2014
PRJEB124417	DURANCE16S_RUN_14Ain1011Pt02A_durance2	DURANCE16S_EXP_14Ain1011Pt02A_durance2	DURANCE16S_14Ain1011Pt02A	durance2	prep2	1	14Ain1011Pt02A_durance2	ERR17751487	ERX17142030	14Ain1011Pt02A_S601_L001_R1_001.fastq.gz	3966f4b7d16d5b46c5045a7c3daca92f	14Ain1011Pt02A_S601_L001_R2_001.fastq.gz	80c39251387fb9eb3ff90eb6cdecbc73	14Ain1011Pt02A	biological	fish gut metagenome	Ain	midgut [UBERON:0001045]	2014
PRJEB124417	DURANCE16S_RUN_14Ain1011Pt02A_durance3	DURANCE16S_EXP_14Ain1011Pt02A_durance3	DURANCE16S_14Ain1011Pt02A	durance3	prep2	2	14Ain1011Pt02A_durance3	ERR17751483	ERX17142026	14Ain1011Pt02A_S601_L001_R1_001.fastq.gz	cea2465b67a4bf009b7f21ecd5c44bf2	14Ain1011Pt02A_S601_L001_R2_001.fastq.gz	d68acf025308a83b497b1d0f3ec024e8	14Ain1011Pt02A	biological	fish gut metagenome	Ain	midgut [UBERON:0001045]	2014
PRJEB124417	DURANCE16S_RUN_14Ain1011Pt03A_durance1	DURANCE16S_EXP_14Ain1011Pt03A_durance1	DURANCE16S_14Ain1011Pt03A	durance1	prep1	1	14Ain1011Pt03A_durance1	ERR17751484	ERX17142027	14Ain1011Pt03A_S409_L001_R1_001.fastq.gz	e8a03117a9513b382f4ae3ebf1552123	14Ain1011Pt03A_S409_L001_R2_001.fastq.gz	5f27b6633ec49de4dd21648890528a13	14Ain1011Pt03A	biological	fish gut metagenome	Ain	hindgut [UBERON:0001046]	2014
PRJEB124417	DURANCE16S_RUN_14Ain1011Pt03A_durance2	DURANCE16S_EXP_14Ain1011Pt03A_durance2	DURANCE16S_14Ain1011Pt03A	durance2	prep2	1	14Ain1011Pt03A_durance2	ERR17751485	ERX17142028	14Ain1011Pt03A_S409_L001_R1_001.fastq.gz	b27a642c5ba81571bcd46efc66cd5a55	14Ain1011Pt03A_S409_L001_R2_001.fastq.gz	b03697196186e458fad32b02e8321906	14Ain1011Pt03A	biological	fish gut metagenome	Ain	hindgut [UBERON:0001046]	2014
PRJEB124417	DURANCE16S_RUN_14Ain1011Pt03A_durance3	DURANCE16S_EXP_14Ain1011Pt03A_durance3	DURANCE16S_14Ain1011Pt03A	durance3	prep2	2	14Ain1011Pt03A_durance3	ERR17751489	ERX17142032	14Ain1011Pt03A_S409_L001_R1_001.fastq.gz	b657a5c6bd3f57844fe049f1c96e51b1	14Ain1011Pt03A_S409_L001_R2_001.fastq.gz	0990f0553ac8373aa984e8679cfca762	14Ain1011Pt03A	biological	fish gut metagenome	Ain	hindgut [UBERON:0001046]	2014
PRJEB124417	DURANCE16S_RUN_14Ain1011Pt05A_durance1	DURANCE16S_EXP_14Ain1011Pt05A_durance1	DURANCE16S_14Ain1011Pt05A	durance1	prep1	1	14Ain1011Pt05A_durance1	ERR17751488	ERX17142031	14Ain1011Pt05A_S217_L001_R1_001.fastq.gz	faa9a6bbec54db16ecbe0ac449267128	14Ain1011Pt05A_S217_L001_R2_001.fastq.gz	13340668dcb7fddcb3bec0d4f7c52958	14Ain1011Pt05A	biological	gill metagenome	Ain	gill [UBERON:0002535]	2014
PRJEB124417	DURANCE16S_RUN_14Ain1011Pt05A_durance2	DURANCE16S_EXP_14Ain1011Pt05A_durance2	DURANCE16S_14Ain1011Pt05A	durance2	prep2	1	14Ain1011Pt05A_durance2	ERR17751490	ERX17142033	14Ain1011Pt05A_S217_L001_R1_001.fastq.gz	4108017c0e02acd9ab6e3904a74b7726	14Ain1011Pt05A_S217_L001_R2_001.fastq.gz	b10ad39a195f47bbb54cfe605015eef6	14Ain1011Pt05A	biological	gill metagenome	Ain	gill [UBERON:0002535]	2014
PRJEB124417	DURANCE16S_RUN_14Ain1011Pt05A_durance3	DURANCE16S_EXP_14Ain1011Pt05A_durance3	DURANCE16S_14Ain1011Pt05A	durance3	prep2	2	14Ain1011Pt05A_durance3	ERR17751493	ERX17142036	14Ain1011Pt05A_S217_L001_R1_001.fastq.gz	5d0a641a72e53ed733ce21ff3987a7ff	14Ain1011Pt05A_S217_L001_R2_001.fastq.gz	3851ac3090a18219447a652318c66652	14Ain1011Pt05A	biological	gill metagenome	Ain	gill [UBERON:0002535]	2014
PRJEB124417	DURANCE16S_RUN_14Ain1012Pt01A_durance1	DURANCE16S_EXP_14Ain1012Pt01A_durance1	DURANCE16S_14Ain1012Pt01A	durance1	prep1	1	14Ain1012Pt01A_durance1	ERR17751492	ERX17142035	14Ain1012Pt01A_S37_L001_R1_001.fastq.gz	565fce9369a1aad1dee71785218d3a14	14Ain1012Pt01A_S37_L001_R2_001.fastq.gz	0531495e5cf3259f1739ef80192baafc	14Ain1012Pt01A	biological	fish metagenome	Ain	caudal fin [UBERON:4000164]	2014
PRJEB124417	DURANCE16S_RUN_14Ain1012Pt01A_durance2	DURANCE16S_EXP_14Ain1012Pt01A_durance2	DURANCE16S_14Ain1012Pt01A	durance2	prep2	1	14Ain1012Pt01A_durance2	ERR17751494	ERX17142037	14Ain1012Pt01A_S37_L001_R1_001.fastq.gz	6015db61bd65a8e37dc4ccf2365e9993	14Ain1012Pt01A_S37_L001_R2_001.fastq.gz	39da1559be95a7aee1025a131cfa199e	14Ain1012Pt01A	biological	fish metagenome	Ain	caudal fin [UBERON:4000164]	2014
PRJEB124417	DURANCE16S_RUN_14Ain1012Pt01A_durance3	DURANCE16S_EXP_14Ain1012Pt01A_durance3	DURANCE16S_14Ain1012Pt01A	durance3	prep2	2	14Ain1012Pt01A_durance3	ERR17751491	ERX17142034	14Ain1012Pt01A_S37_L001_R1_001.fastq.gz	1383a2b939fcaa4b3ef544f8c24bb823	14Ain1012Pt01A_S37_L001_R2_001.fastq.gz	1bb0fa4e8275346dbf25bcca40d42f8c	14Ain1012Pt01A	biological	fish metagenome	Ain	caudal fin [UBERON:4000164]	2014
PRJEB124417	DURANCE16S_RUN_14Ain1012Pt02A_durance1	DURANCE16S_EXP_14Ain1012Pt02A_durance1	DURANCE16S_14Ain1012Pt02A	durance1	prep1	1	14Ain1012Pt02A_durance1	ERR17751495	ERX17142038	14Ain1012Pt02A_S613_L001_R1_001.fastq.gz	7548fa5a61236df29a8d1ce0e9c9e46e	14Ain1012Pt02A_S613_L001_R2_001.fastq.gz	871ffbc734edfb616a3f785bb664766d	14Ain1012Pt02A	biological	fish gut metagenome	Ain	midgut [UBERON:0001045]	2014
PRJEB124417	DURANCE16S_RUN_14Ain1012Pt02A_durance2	DURANCE16S_EXP_14Ain1012Pt02A_durance2	DURANCE16S_14Ain1012Pt02A	durance2	prep2	1	14Ain1012Pt02A_durance2	ERR17751497	ERX17142040	14Ain1012Pt02A_S613_L001_R1_001.fastq.gz	7032a7df9555a0b005d8ab15789096fa	14Ain1012Pt02A_S613_L001_R2_001.fastq.gz	d341f45b94fc29a9dd6030756107af7d	14Ain1012Pt02A	biological	fish gut metagenome	Ain	midgut [UBERON:0001045]	2014
PRJEB124417	DURANCE16S_RUN_14Ain1012Pt02A_durance3	DURANCE16S_EXP_14Ain1012Pt02A_durance3	DURANCE16S_14Ain1012Pt02A	durance3	prep2	2	14Ain1012Pt02A_durance3	ERR17751498	ERX17142041	14Ain1012Pt02A_S613_L001_R1_001.fastq.gz	5bb8fd3f448475b96ea3e3d6f1ac9c44	14Ain1012Pt02A_S613_L001_R2_001.fastq.gz	d7d35d21f23370add69bba89b9acc21c	14Ain1012Pt02A	biological	fish gut metagenome	Ain	midgut [UBERON:0001045]	2014
PRJEB124417	DURANCE16S_RUN_14Ain1012Pt03A_durance1	DURANCE16S_EXP_14Ain1012Pt03A_durance1	DURANCE16S_14Ain1012Pt03A	durance1	prep1	1	14Ain1012Pt03A_durance1	ERR17751496	ERX17142039	14Ain1012Pt03A_S421_L001_R1_001.fastq.gz	1607f4d029128af6ca0658aa0362328b	14Ain1012Pt03A_S421_L001_R2_001.fastq.gz	df5fdbae7e111d32f03fa5158d14486f	14Ain1012Pt03A	biological	fish gut metagenome	Ain	hindgut [UBERON:0001046]	2014
PRJEB124417	DURANCE16S_RUN_14Ain1012Pt03A_durance2	DURANCE16S_EXP_14Ain1012Pt03A_durance2	DURANCE16S_14Ain1012Pt03A	durance2	prep2	1	14Ain1012Pt03A_durance2	ERR17751501	ERX17142044	14Ain1012Pt03A_S421_L001_R1_001.fastq.gz	8379a1e45ca72a4eb208ef2e688812ad	14Ain1012Pt03A_S421_L001_R2_001.fastq.gz	502f82208d4baa0d3eebb6eca2dd9c3e	14Ain1012Pt03A	biological	fish gut metagenome	Ain	hindgut [UBERON:0001046]	2014
PRJEB124417	DURANCE16S_RUN_14Ain1012Pt03A_durance3	DURANCE16S_EXP_14Ain1012Pt03A_durance3	DURANCE16S_14Ain1012Pt03A	durance3	prep2	2	14Ain1012Pt03A_durance3	ERR17751499	ERX17142042	14Ain1012Pt03A_S421_L001_R1_001.fastq.gz	3bf3428fd152e44d99713ff0205db273	14Ain1012Pt03A_S421_L001_R2_001.fastq.gz	4b4ba1eccbad884d5d67a6e63c178e16	14Ain1012Pt03A	biological	fish gut metagenome	Ain	hindgut [UBERON:0001046]	2014
PRJEB124417	DURANCE16S_RUN_14Ain1012Pt05A_durance1	DURANCE16S_EXP_14Ain1012Pt05A_durance1	DURANCE16S_14Ain1012Pt05A	durance1	prep1	1	14Ain1012Pt05A_durance1	ERR17751500	ERX17142043	14Ain1012Pt05A_S229_L001_R1_001.fastq.gz	856631a6f41525cf357373a63dbf8b47	14Ain1012Pt05A_S229_L001_R2_001.fastq.gz	aa094d5fc4e5e74bc1074d3999cb987c	14Ain1012Pt05A	biological	gill metagenome	Ain	gill [UBERON:0002535]	2014
PRJEB124417	DURANCE16S_RUN_14Ain1012Pt05A_durance2	DURANCE16S_EXP_14Ain1012Pt05A_durance2	DURANCE16S_14Ain1012Pt05A	durance2	prep2	1	14Ain1012Pt05A_durance2	ERR17751502	ERX17142045	14Ain1012Pt05A_S229_L001_R1_001.fastq.gz	ef5ee70080d8f6eb054ed41650359d97	14Ain1012Pt05A_S229_L001_R2_001.fastq.gz	e5b7640b4043a761bad498c2586ab35c	14Ain1012Pt05A	biological	gill metagenome	Ain	gill [UBERON:0002535]	2014
PRJEB124417	DURANCE16S_RUN_14Ain1012Pt05A_durance3	DURANCE16S_EXP_14Ain1012Pt05A_durance3	DURANCE16S_14Ain1012Pt05A	durance3	prep2	2	14Ain1012Pt05A_durance3	ERR17751503	ERX17142046	14Ain1012Pt05A_S229_L001_R1_001.fastq.gz	3137c0e408550bab7ad14eac92739c60	14Ain1012Pt05A_S229_L001_R2_001.fastq.gz	7a8ac757994cfebae59df57beece2cbd	14Ain1012Pt05A	biological	gill metagenome	Ain	gill [UBERON:0002535]	2014
PRJEB124417	DURANCE16S_RUN_14Ain1013Pt01A_durance1	DURANCE16S_EXP_14Ain1013Pt01A_durance1	DURANCE16S_14Ain1013Pt01A	durance1	prep1	1	14Ain1013Pt01A_durance1	ERR17751504	ERX17142047	14Ain1013Pt01A_S49_L001_R1_001.fastq.gz	ffa07da0e81d85fcceef0bfa10bbab81	14Ain1013Pt01A_S49_L001_R2_001.fastq.gz	13ddb14425d21c08b0641a5245ed39ba	14Ain1013Pt01A	biological	fish metagenome	Ain	caudal fin [UBERON:4000164]	2014
PRJEB124417	DURANCE16S_RUN_14Ain1013Pt01A_durance2	DURANCE16S_EXP_14Ain1013Pt01A_durance2	DURANCE16S_14Ain1013Pt01A	durance2	prep2	1	14Ain1013Pt01A_durance2	ERR17751505	ERX17142048	14Ain1013Pt01A_S49_L001_R1_001.fastq.gz	c065f71cf3c483d92758af245b37c7d9	14Ain1013Pt01A_S49_L001_R2_001.fastq.gz	80d5d14c6b4e6117ed38e286ad3d11ed	14Ain1013Pt01A	biological	fish metagenome	Ain	caudal fin [UBERON:4000164]	2014
PRJEB124417	DURANCE16S_RUN_14Ain1013Pt01A_durance3	DURANCE16S_EXP_14Ain1013Pt01A_durance3	DURANCE16S_14Ain1013Pt01A	durance3	prep2	2	14Ain1013Pt01A_durance3	ERR17751506	ERX17142049	14Ain1013Pt01A_S49_L001_R1_001.fastq.gz	b82f883f87312e232e9e96fe8b1edcf6	14Ain1013Pt01A_S49_L001_R2_001.fastq.gz	192a4597c7aac16ba905c380e46345d9	14Ain1013Pt01A	biological	fish metagenome	Ain	caudal fin [UBERON:4000164]	2014
PRJEB124417	DURANCE16S_RUN_14Ain1013Pt02A_durance1	DURANCE16S_EXP_14Ain1013Pt02A_durance1	DURANCE16S_14Ain1013Pt02A	durance1	prep1	1	14Ain1013Pt02A_durance1	ERR17751507	ERX17142050	14Ain1013Pt02A_S625_L001_R1_001.fastq.gz	b08fa84629c9d8c104fffa2d784bcfa2	14Ain1013Pt02A_S625_L001_R2_001.fastq.gz	14d926dca001f17d3249531571d1f97f	14Ain1013Pt02A	biological	fish gut metagenome	Ain	midgut [UBERON:0001045]	2014
PRJEB124417	DURANCE16S_RUN_14Ain1013Pt02A_durance2	DURANCE16S_EXP_14Ain1013Pt02A_durance2	DURANCE16S_14Ain1013Pt02A	durance2	prep2	1	14Ain1013Pt02A_durance2	ERR17751508	ERX17142051	14Ain1013Pt02A_S625_L001_R1_001.fastq.gz	7114d6561d5c3f81879c5885c35fc644	14Ain1013Pt02A_S625_L001_R2_001.fastq.gz	5e646107dcf94d0a99cc0b651fc9b790	14Ain1013Pt02A	biological	fish gut metagenome	Ain	midgut [UBERON:0001045]	2014
PRJEB124417	DURANCE16S_RUN_14Ain1013Pt02A_durance3	DURANCE16S_EXP_14Ain1013Pt02A_durance3	DURANCE16S_14Ain1013Pt02A	durance3	prep2	2	14Ain1013Pt02A_durance3	ERR17751509	ERX17142052	14Ain1013Pt02A_S625_L001_R1_001.fastq.gz	73b88b80a88143319be7c7ff1a5f1027	14Ain1013Pt02A_S625_L001_R2_001.fastq.gz	75b512498e0de785004a43126507d708	14Ain1013Pt02A	biological	fish gut metagenome	Ain	midgut [UBERON:0001045]	2014
PRJEB124417	DURANCE16S_RUN_14Ain1013Pt03A_durance1	DURANCE16S_EXP_14Ain1013Pt03A_durance1	DURANCE16S_14Ain1013Pt03A	durance1	prep1	1	14Ain1013Pt03A_durance1	ERR17751510	ERX17142053	14Ain1013Pt03A_S433_L001_R1_001.fastq.gz	1169ddfaa4afee4085e3279facd26ce3	14Ain1013Pt03A_S433_L001_R2_001.fastq.gz	e479c1a3fc9bf3059a125375b75ec3b9	14Ain1013Pt03A	biological	fish gut metagenome	Ain	hindgut [UBERON:0001046]	2014
PRJEB124417	DURANCE16S_RUN_14Ain1013Pt03A_durance2	DURANCE16S_EXP_14Ain1013Pt03A_durance2	DURANCE16S_14Ain1013Pt03A	durance2	prep2	1	14Ain1013Pt03A_durance2	ERR17751512	ERX17142055	14Ain1013Pt03A_S433_L001_R1_001.fastq.gz	c96dbda46d31f5d45e44ed754b465085	14Ain1013Pt03A_S433_L001_R2_001.fastq.gz	192147680e371b225d1c1470a847da98	14Ain1013Pt03A	biological	fish gut metagenome	Ain	hindgut [UBERON:0001046]	2014
PRJEB124417	DURANCE16S_RUN_14Ain1013Pt03A_durance3	DURANCE16S_EXP_14Ain1013Pt03A_durance3	DURANCE16S_14Ain1013Pt03A	durance3	prep2	2	14Ain1013Pt03A_durance3	ERR17751513	ERX17142056	14Ain1013Pt03A_S433_L001_R1_001.fastq.gz	cb973db3bb75f1456f4b018778c1d62e	14Ain1013Pt03A_S433_L001_R2_001.fastq.gz	1745c8f990c565ec1b43049d3826fe16	14Ain1013Pt03A	biological	fish gut metagenome	Ain	hindgut [UBERON:0001046]	2014
PRJEB124417	DURANCE16S_RUN_14Ain1013Pt05A_durance1	DURANCE16S_EXP_14Ain1013Pt05A_durance1	DURANCE16S_14Ain1013Pt05A	durance1	prep1	1	14Ain1013Pt05A_durance1	ERR17751511	ERX17142054	14Ain1013Pt05A_S241_L001_R1_001.fastq.gz	249f5ee416bd0e65805670152f700d4f	14Ain1013Pt05A_S241_L001_R2_001.fastq.gz	e8e00dbfcd5a6ef4598e8d03b47f8b99	14Ain1013Pt05A	biological	gill metagenome	Ain	gill [UBERON:0002535]	2014
PRJEB124417	DURANCE16S_RUN_14Ain1013Pt05A_durance2	DURANCE16S_EXP_14Ain1013Pt05A_durance2	DURANCE16S_14Ain1013Pt05A	durance2	prep2	1	14Ain1013Pt05A_durance2	ERR17751514	ERX17142057	14Ain1013Pt05A_S241_L001_R1_001.fastq.gz	a576bfd7e2c03478b3f3a10e60ebf6fc	14Ain1013Pt05A_S241_L001_R2_001.fastq.gz	1c4595f7f589b0b834ccc37bbeb2dee1	14Ain1013Pt05A	biological	gill metagenome	Ain	gill [UBERON:0002535]	2014
PRJEB124417	DURANCE16S_RUN_14Ain1013Pt05A_durance3	DURANCE16S_EXP_14Ain1013Pt05A_durance3	DURANCE16S_14Ain1013Pt05A	durance3	prep2	2	14Ain1013Pt05A_durance3	ERR17751517	ERX17142060	14Ain1013Pt05A_S241_L001_R1_001.fastq.gz	85350c393f80aa4f1a6f216e4bee8610	14Ain1013Pt05A_S241_L001_R2_001.fastq.gz	41b0355cb5476a2570e7ca695b70add9	14Ain1013Pt05A	biological	gill metagenome	Ain	gill [UBERON:0002535]	2014
PRJEB124417	DURANCE16S_RUN_14Ain1014Pt01A_durance1	DURANCE16S_EXP_14Ain1014Pt01A_durance1	DURANCE16S_14Ain1014Pt01A	durance1	prep1	1	14Ain1014Pt01A_durance1	ERR17751516	ERX17142059	14Ain1014Pt01A_S61_L001_R1_001.fastq.gz	c83d53438ae01aeffb9b476d695da8c3	14Ain1014Pt01A_S61_L001_R2_001.fastq.gz	60c297735c0ecd3b77c41baec659f99f	14Ain1014Pt01A	biological	fish metagenome	Ain	caudal fin [UBERON:4000164]	2014
PRJEB124417	DURANCE16S_RUN_14Ain1014Pt01A_durance2	DURANCE16S_EXP_14Ain1014Pt01A_durance2	DURANCE16S_14Ain1014Pt01A	durance2	prep2	1	14Ain1014Pt01A_durance2	ERR17751515	ERX17142058	14Ain1014Pt01A_S61_L001_R1_001.fastq.gz	ca1ba4d9005f9b659f9c244df3e37988	14Ain1014Pt01A_S61_L001_R2_001.fastq.gz	50ea24773bd05cef13f8c3ce8c84da65	14Ain1014Pt01A	biological	fish metagenome	Ain	caudal fin [UBERON:4000164]	2014
PRJEB124417	DURANCE16S_RUN_14Ain1014Pt01A_durance3	DURANCE16S_EXP_14Ain1014Pt01A_durance3	DURANCE16S_14Ain1014Pt01A	durance3	prep2	2	14Ain1014Pt01A_durance3	ERR17751518	ERX17142061	14Ain1014Pt01A_S61_L001_R1_001.fastq.gz	bd20283e97c8a47e188420610c2c0302	14Ain1014Pt01A_S61_L001_R2_001.fastq.gz	eebff15c01b0090eab33d7c7b1e47810	14Ain1014Pt01A	biological	fish metagenome	Ain	caudal fin [UBERON:4000164]	2014
PRJEB124417	DURANCE16S_RUN_14Ain1014Pt02A_durance1	DURANCE16S_EXP_14Ain1014Pt02A_durance1	DURANCE16S_14Ain1014Pt02A	durance1	prep1	1	14Ain1014Pt02A_durance1	ERR17751519	ERX17142062	14Ain1014Pt02A_S637_L001_R1_001.fastq.gz	861f0ba30f560eb308d96eeb1d7f04ef	14Ain1014Pt02A_S637_L001_R2_001.fastq.gz	1d89cd56cc32e1042b312d087ae56b78	14Ain1014Pt02A	biological	fish gut metagenome	Ain	midgut [UBERON:0001045]	2014
PRJEB124417	DURANCE16S_RUN_14Ain1014Pt02A_durance2	DURANCE16S_EXP_14Ain1014Pt02A_durance2	DURANCE16S_14Ain1014Pt02A	durance2	prep2	1	14Ain1014Pt02A_durance2	ERR17751521	ERX17142064	14Ain1014Pt02A_S637_L001_R1_001.fastq.gz	55d03b4ad169a93e12a5960db577351f	14Ain1014Pt02A_S637_L001_R2_001.fastq.gz	4b5b7e19660257be7734b70fb07afc09	14Ain1014Pt02A	biological	fish gut metagenome	Ain	midgut [UBERON:0001045]	2014
PRJEB124417	DURANCE16S_RUN_14Ain1014Pt02A_durance3	DURANCE16S_EXP_14Ain1014Pt02A_durance3	DURANCE16S_14Ain1014Pt02A	durance3	prep2	2	14Ain1014Pt02A_durance3	ERR17751522	ERX17142065	14Ain1014Pt02A_S637_L001_R1_001.fastq.gz	21111924c04f5d4fe32013d7cebaa312	14Ain1014Pt02A_S637_L001_R2_001.fastq.gz	12a2863eedb7f2b35254e404eee93963	14Ain1014Pt02A	biological	fish gut metagenome	Ain	midgut [UBERON:0001045]	2014
PRJEB124417	DURANCE16S_RUN_14Ain1014Pt03A_durance1	DURANCE16S_EXP_14Ain1014Pt03A_durance1	DURANCE16S_14Ain1014Pt03A	durance1	prep1	1	14Ain1014Pt03A_durance1	ERR17751520	ERX17142063	14Ain1014Pt03A_S445_L001_R1_001.fastq.gz	e9a8eb6dd0589625188a5bf7e8b4cd03	14Ain1014Pt03A_S445_L001_R2_001.fastq.gz	f64d1bc38239b585ced9079c856433bc	14Ain1014Pt03A	biological	fish gut metagenome	Ain	hindgut [UBERON:0001046]	2014
PRJEB124417	DURANCE16S_RUN_14Ain1014Pt03A_durance2	DURANCE16S_EXP_14Ain1014Pt03A_durance2	DURANCE16S_14Ain1014Pt03A	durance2	prep2	1	14Ain1014Pt03A_durance2	ERR17751523	ERX17142066	14Ain1014Pt03A_S445_L001_R1_001.fastq.gz	3ae03e9e69ac1fc9009aa0ebb3960ae3	14Ain1014Pt03A_S445_L001_R2_001.fastq.gz	ff652038e5def9760110d7b300b44691	14Ain1014Pt03A	biological	fish gut metagenome	Ain	hindgut [UBERON:0001046]	2014
PRJEB124417	DURANCE16S_RUN_14Ain1014Pt03A_durance3	DURANCE16S_EXP_14Ain1014Pt03A_durance3	DURANCE16S_14Ain1014Pt03A	durance3	prep2	2	14Ain1014Pt03A_durance3	ERR17751525	ERX17142068	14Ain1014Pt03A_S445_L001_R1_001.fastq.gz	599b6753286e833139a0627a3a77afc5	14Ain1014Pt03A_S445_L001_R2_001.fastq.gz	e69224f48e17e4ea8bf72b8cf756ee8c	14Ain1014Pt03A	biological	fish gut metagenome	Ain	hindgut [UBERON:0001046]	2014
PRJEB124417	DURANCE16S_RUN_14Ain1014Pt05A_durance1	DURANCE16S_EXP_14Ain1014Pt05A_durance1	DURANCE16S_14Ain1014Pt05A	durance1	prep1	1	14Ain1014Pt05A_durance1	ERR17751524	ERX17142067	14Ain1014Pt05A_S253_L001_R1_001.fastq.gz	ae345f81abb0008e2b39292b62f64e3b	14Ain1014Pt05A_S253_L001_R2_001.fastq.gz	d8e785359fd3188a23c4ef1a7145d40f	14Ain1014Pt05A	biological	gill metagenome	Ain	gill [UBERON:0002535]	2014
PRJEB124417	DURANCE16S_RUN_14Ain1014Pt05A_durance2	DURANCE16S_EXP_14Ain1014Pt05A_durance2	DURANCE16S_14Ain1014Pt05A	durance2	prep2	1	14Ain1014Pt05A_durance2	ERR17751526	ERX17142069	14Ain1014Pt05A_S253_L001_R1_001.fastq.gz	3ea72f4bcbabe6e37b8ee214579a08a6	14Ain1014Pt05A_S253_L001_R2_001.fastq.gz	0d79ca7623eca2ce6b72ae2e510a93ef	14Ain1014Pt05A	biological	gill metagenome	Ain	gill [UBERON:0002535]	2014
PRJEB124417	DURANCE16S_RUN_14Ain1014Pt05A_durance3	DURANCE16S_EXP_14Ain1014Pt05A_durance3	DURANCE16S_14Ain1014Pt05A	durance3	prep2	2	14Ain1014Pt05A_durance3	ERR17751527	ERX17142070	14Ain1014Pt05A_S253_L001_R1_001.fastq.gz	960572fa2faa2dc1d3716ae9a8bd03a5	14Ain1014Pt05A_S253_L001_R2_001.fastq.gz	f02a1e2f865524fa536ea7564d6df843	14Ain1014Pt05A	biological	gill metagenome	Ain	gill [UBERON:0002535]	2014
PRJEB124417	DURANCE16S_RUN_14Ain1036Cn01A_durance1	DURANCE16S_EXP_14Ain1036Cn01A_durance1	DURANCE16S_14Ain1036Cn01A	durance1	prep1	1	14Ain1036Cn01A_durance1	ERR17751530	ERX17142073	14Ain1036Cn01A_S73_L001_R1_001.fastq.gz	948a1153f1b621ca3b01859874cdace7	14Ain1036Cn01A_S73_L001_R2_001.fastq.gz	2537171bcc0c9017ce27d2749b9b8a10	14Ain1036Cn01A	biological	fish metagenome	Ain	caudal fin [UBERON:4000164]	2014
PRJEB124417	DURANCE16S_RUN_14Ain1036Cn01A_durance2	DURANCE16S_EXP_14Ain1036Cn01A_durance2	DURANCE16S_14Ain1036Cn01A	durance2	prep2	1	14Ain1036Cn01A_durance2	ERR17751529	ERX17142072	14Ain1036Cn01A_S73_L001_R1_001.fastq.gz	6441542af7ffc32d61c99a3c8143634d	14Ain1036Cn01A_S73_L001_R2_001.fastq.gz	27dc076a7deb903f7060fc6eae0dd28f	14Ain1036Cn01A	biological	fish metagenome	Ain	caudal fin [UBERON:4000164]	2014
PRJEB124417	DURANCE16S_RUN_14Ain1036Cn01A_durance3	DURANCE16S_EXP_14Ain1036Cn01A_durance3	DURANCE16S_14Ain1036Cn01A	durance3	prep2	2	14Ain1036Cn01A_durance3	ERR17751528	ERX17142071	14Ain1036Cn01A_S73_L001_R1_001.fastq.gz	1fd102e9f08dee19f3f67106deb71029	14Ain1036Cn01A_S73_L001_R2_001.fastq.gz	5707d66715421b810939bd03f2e62a77	14Ain1036Cn01A	biological	fish metagenome	Ain	caudal fin [UBERON:4000164]	2014
PRJEB124417	DURANCE16S_RUN_14Ain1036Cn02A_durance1	DURANCE16S_EXP_14Ain1036Cn02A_durance1	DURANCE16S_14Ain1036Cn02A	durance1	prep1	1	14Ain1036Cn02A_durance1	ERR17751531	ERX17142074	14Ain1036Cn02A_S649_L001_R1_001.fastq.gz	a3e079b23b42fc09b798cb202a91b4a2	14Ain1036Cn02A_S649_L001_R2_001.fastq.gz	ed84e7a4b71e5771a2577582d56c41a9	14Ain1036Cn02A	biological	fish gut metagenome	Ain	midgut [UBERON:0001045]	2014
PRJEB124417	DURANCE16S_RUN_14Ain1036Cn02A_durance2	DURANCE16S_EXP_14Ain1036Cn02A_durance2	DURANCE16S_14Ain1036Cn02A	durance2	prep2	1	14Ain1036Cn02A_durance2	ERR17751534	ERX17142077	14Ain1036Cn02A_S649_L001_R1_001.fastq.gz	d13a2186510ca82caebb71b2a13ea971	14Ain1036Cn02A_S649_L001_R2_001.fastq.gz	21dd544722f127507264fd3e67de8781	14Ain1036Cn02A	biological	fish gut metagenome	Ain	midgut [UBERON:0001045]	2014
PRJEB124417	DURANCE16S_RUN_14Ain1036Cn02A_durance3	DURANCE16S_EXP_14Ain1036Cn02A_durance3	DURANCE16S_14Ain1036Cn02A	durance3	prep2	2	14Ain1036Cn02A_durance3	ERR17751533	ERX17142076	14Ain1036Cn02A_S649_L001_R1_001.fastq.gz	aa43894629244bb1f1fd63670c09f5d9	14Ain1036Cn02A_S649_L001_R2_001.fastq.gz	b9df130b924a9ba2b829ec092e0c1d89	14Ain1036Cn02A	biological	fish gut metagenome	Ain	midgut [UBERON:0001045]	2014
PRJEB124417	DURANCE16S_RUN_14Ain1036Cn03A_durance1	DURANCE16S_EXP_14Ain1036Cn03A_durance1	DURANCE16S_14Ain1036Cn03A	durance1	prep1	1	14Ain1036Cn03A_durance1	ERR17751532	ERX17142075	14Ain1036Cn03A_S457_L001_R1_001.fastq.gz	a1e0ddda3a5148f57ab5bcfa6e3f3b91	14Ain1036Cn03A_S457_L001_R2_001.fastq.gz	644c893b81efdd1cf61bf7b7ccdd974c	14Ain1036Cn03A	biological	fish gut metagenome	Ain	hindgut [UBERON:0001046]	2014
PRJEB124417	DURANCE16S_RUN_14Ain1036Cn03A_durance2	DURANCE16S_EXP_14Ain1036Cn03A_durance2	DURANCE16S_14Ain1036Cn03A	durance2	prep2	1	14Ain1036Cn03A_durance2	ERR17751535	ERX17142078	14Ain1036Cn03A_S457_L001_R1_001.fastq.gz	0cb46aa3b1ec67ba0f44fb5050dc5997	14Ain1036Cn03A_S457_L001_R2_001.fastq.gz	a3c0ef0b484b6a52c49c3e26731cae00	14Ain1036Cn03A	biological	fish gut metagenome	Ain	hindgut [UBERON:0001046]	2014
PRJEB124417	DURANCE16S_RUN_14Ain1036Cn03A_durance3	DURANCE16S_EXP_14Ain1036Cn03A_durance3	DURANCE16S_14Ain1036Cn03A	durance3	prep2	2	14Ain1036Cn03A_durance3	ERR17751536	ERX17142079	14Ain1036Cn03A_S457_L001_R1_001.fastq.gz	4497c33ed433d692387dbcfc6e73aec6	14Ain1036Cn03A_S457_L001_R2_001.fastq.gz	bcc05cd8f2d0872c04630027ef6ca3ef	14Ain1036Cn03A	biological	fish gut metagenome	Ain	hindgut [UBERON:0001046]	2014
PRJEB124417	DURANCE16S_RUN_14Ain1036Cn05A_durance1	DURANCE16S_EXP_14Ain1036Cn05A_durance1	DURANCE16S_14Ain1036Cn05A	durance1	prep1	1	14Ain1036Cn05A_durance1	ERR17751537	ERX17142080	14Ain1036Cn05A_S265_L001_R1_001.fastq.gz	252dffca15b9a35c6f34c9cbb8173973	14Ain1036Cn05A_S265_L001_R2_001.fastq.gz	ce9a1dc9e8536772ebcd3223fe8ec233	14Ain1036Cn05A	biological	gill metagenome	Ain	gill [UBERON:0002535]	2014
PRJEB124417	DURANCE16S_RUN_14Ain1036Cn05A_durance2	DURANCE16S_EXP_14Ain1036Cn05A_durance2	DURANCE16S_14Ain1036Cn05A	durance2	prep2	1	14Ain1036Cn05A_durance2	ERR17751538	ERX17142081	14Ain1036Cn05A_S265_L001_R1_001.fastq.gz	6658e8728b73ae6360c6817671e70c66	14Ain1036Cn05A_S265_L001_R2_001.fastq.gz	39cdf1c59b365ee5ec737a9d536475c0	14Ain1036Cn05A	biological	gill metagenome	Ain	gill [UBERON:0002535]	2014
PRJEB124417	DURANCE16S_RUN_14Ain1036Cn05A_durance3	DURANCE16S_EXP_14Ain1036Cn05A_durance3	DURANCE16S_14Ain1036Cn05A	durance3	prep2	2	14Ain1036Cn05A_durance3	ERR17751539	ERX17142082	14Ain1036Cn05A_S265_L001_R1_001.fastq.gz	0f12f492b23ca87e7f862306202a4c23	14Ain1036Cn05A_S265_L001_R2_001.fastq.gz	510a5940a3eb10b098813693e9e05221	14Ain1036Cn05A	biological	gill metagenome	Ain	gill [UBERON:0002535]	2014
PRJEB124417	DURANCE16S_RUN_14Ain1037Cn01A_durance1	DURANCE16S_EXP_14Ain1037Cn01A_durance1	DURANCE16S_14Ain1037Cn01A	durance1	prep1	1	14Ain1037Cn01A_durance1	ERR17751541	ERX17142084	14Ain1037Cn01A_S85_L001_R1_001.fastq.gz	e051879503480e6432f61523fd2a7ffd	14Ain1037Cn01A_S85_L001_R2_001.fastq.gz	96e3324fd7e7a26b9a4b699505fd2535	14Ain1037Cn01A	biological	fish metagenome	Ain	caudal fin [UBERON:4000164]	2014
PRJEB124417	DURANCE16S_RUN_14Ain1037Cn01A_durance2	DURANCE16S_EXP_14Ain1037Cn01A_durance2	DURANCE16S_14Ain1037Cn01A	durance2	prep2	1	14Ain1037Cn01A_durance2	ERR17751542	ERX17142085	14Ain1037Cn01A_S85_L001_R1_001.fastq.gz	c3661d310b8e89a8c3bf6b633f1bbff5	14Ain1037Cn01A_S85_L001_R2_001.fastq.gz	1189021831d88f297780058dd07d9a9b	14Ain1037Cn01A	biological	fish metagenome	Ain	caudal fin [UBERON:4000164]	2014
PRJEB124417	DURANCE16S_RUN_14Ain1037Cn01A_durance3	DURANCE16S_EXP_14Ain1037Cn01A_durance3	DURANCE16S_14Ain1037Cn01A	durance3	prep2	2	14Ain1037Cn01A_durance3	ERR17751540	ERX17142083	14Ain1037Cn01A_S85_L001_R1_001.fastq.gz	6cad8b1f7f233c6615e0bc282f70b966	14Ain1037Cn01A_S85_L001_R2_001.fastq.gz	c148936ff675221ab9b354f9cca23bf2	14Ain1037Cn01A	biological	fish metagenome	Ain	caudal fin [UBERON:4000164]	2014
PRJEB124417	DURANCE16S_RUN_14Ain1037Cn02A_durance1	DURANCE16S_EXP_14Ain1037Cn02A_durance1	DURANCE16S_14Ain1037Cn02A	durance1	prep1	1	14Ain1037Cn02A_durance1	ERR17751544	ERX17142087	14Ain1037Cn02A_S661_L001_R1_001.fastq.gz	844ee49f7332bd8ef3c358b187bb9506	14Ain1037Cn02A_S661_L001_R2_001.fastq.gz	e1fdc5e8c6d2cf8cfb75a5d842937158	14Ain1037Cn02A	biological	fish gut metagenome	Ain	midgut [UBERON:0001045]	2014
PRJEB124417	DURANCE16S_RUN_14Ain1037Cn02A_durance2	DURANCE16S_EXP_14Ain1037Cn02A_durance2	DURANCE16S_14Ain1037Cn02A	durance2	prep2	1	14Ain1037Cn02A_durance2	ERR17751543	ERX17142086	14Ain1037Cn02A_S661_L001_R1_001.fastq.gz	f77d56787d559f93bdd7a2d95d2f083f	14Ain1037Cn02A_S661_L001_R2_001.fastq.gz	bcacb87bf043366dd4c79947c7b0c9f2	14Ain1037Cn02A	biological	fish gut metagenome	Ain	midgut [UBERON:0001045]	2014
PRJEB124417	DURANCE16S_RUN_14Ain1037Cn02A_durance3	DURANCE16S_EXP_14Ain1037Cn02A_durance3	DURANCE16S_14Ain1037Cn02A	durance3	prep2	2	14Ain1037Cn02A_durance3	ERR17751545	ERX17142088	14Ain1037Cn02A_S661_L001_R1_001.fastq.gz	b494d455e43f1bdeb44e6cb39207f182	14Ain1037Cn02A_S661_L001_R2_001.fastq.gz	130826bc1aefdb8823446b9c9dfe5e24	14Ain1037Cn02A	biological	fish gut metagenome	Ain	midgut [UBERON:0001045]	2014
PRJEB124417	DURANCE16S_RUN_14Ain1037Cn03A_durance1	DURANCE16S_EXP_14Ain1037Cn03A_durance1	DURANCE16S_14Ain1037Cn03A	durance1	prep1	1	14Ain1037Cn03A_durance1	ERR17751546	ERX17142089	14Ain1037Cn03A_S469_L001_R1_001.fastq.gz	1bae5f33259c749e07adcb8241a8dac1	14Ain1037Cn03A_S469_L001_R2_001.fastq.gz	e95ccbc8401d7be499ecbd8f83bad9f8	14Ain1037Cn03A	biological	fish gut metagenome	Ain	hindgut [UBERON:0001046]	2014
PRJEB124417	DURANCE16S_RUN_14Ain1037Cn03A_durance2	DURANCE16S_EXP_14Ain1037Cn03A_durance2	DURANCE16S_14Ain1037Cn03A	durance2	prep2	1	14Ain1037Cn03A_durance2	ERR17751547	ERX17142090	14Ain1037Cn03A_S469_L001_R1_001.fastq.gz	1e24645f303b5e81a8f472069a832eeb	14Ain1037Cn03A_S469_L001_R2_001.fastq.gz	6a18a7cfa328387793da9ac7dce5c95a	14Ain1037Cn03A	biological	fish gut metagenome	Ain	hindgut [UBERON:0001046]	2014
PRJEB124417	DURANCE16S_RUN_14Ain1037Cn03A_durance3	DURANCE16S_EXP_14Ain1037Cn03A_durance3	DURANCE16S_14Ain1037Cn03A	durance3	prep2	2	14Ain1037Cn03A_durance3	ERR17751550	ERX17142093	14Ain1037Cn03A_S469_L001_R1_001.fastq.gz	fd12ff561e4f249838eec066aef6045d	14Ain1037Cn03A_S469_L001_R2_001.fastq.gz	c4f9f4745046a9bf8162465115d55a77	14Ain1037Cn03A	biological	fish gut metagenome	Ain	hindgut [UBERON:0001046]	2014
PRJEB124417	DURANCE16S_RUN_14Ain1037Cn05A_durance1	DURANCE16S_EXP_14Ain1037Cn05A_durance1	DURANCE16S_14Ain1037Cn05A	durance1	prep1	1	14Ain1037Cn05A_durance1	ERR17751549	ERX17142092	14Ain1037Cn05A_S277_L001_R1_001.fastq.gz	48a6933f20f3a78fad8054496f28d1d0	14Ain1037Cn05A_S277_L001_R2_001.fastq.gz	3b797d4e9ae7cd8faeb2c3d0299c865f	14Ain1037Cn05A	biological	gill metagenome	Ain	gill [UBERON:0002535]	2014
PRJEB124417	DURANCE16S_RUN_14Ain1037Cn05A_durance2	DURANCE16S_EXP_14Ain1037Cn05A_durance2	DURANCE16S_14Ain1037Cn05A	durance2	prep2	1	14Ain1037Cn05A_durance2	ERR17751548	ERX17142091	14Ain1037Cn05A_S277_L001_R1_001.fastq.gz	dfee7e3acc72714e5a90865f46f1902c	14Ain1037Cn05A_S277_L001_R2_001.fastq.gz	25c804f54f653c555301f4b121a3d5b1	14Ain1037Cn05A	biological	gill metagenome	Ain	gill [UBERON:0002535]	2014
PRJEB124417	DURANCE16S_RUN_14Ain1037Cn05A_durance3	DURANCE16S_EXP_14Ain1037Cn05A_durance3	DURANCE16S_14Ain1037Cn05A	durance3	prep2	2	14Ain1037Cn05A_durance3	ERR17751552	ERX17142095	14Ain1037Cn05A_S277_L001_R1_001.fastq.gz	961087029519e15858f3a4c03eab96b8	14Ain1037Cn05A_S277_L001_R2_001.fastq.gz	6997a7669907e0822eba1d0d5282772a	14Ain1037Cn05A	biological	gill metagenome	Ain	gill [UBERON:0002535]	2014
PRJEB124417	DURANCE16S_RUN_14Ain1038Pt01A_durance1	DURANCE16S_EXP_14Ain1038Pt01A_durance1	DURANCE16S_14Ain1038Pt01A	durance1	prep1	1	14Ain1038Pt01A_durance1	ERR17751555	ERX17142098	14Ain1038Pt01A_S2_L001_R1_001.fastq.gz	91cec5998bc660c4e9c38a486c093a2a	14Ain1038Pt01A_S2_L001_R2_001.fastq.gz	09cce485c8e3b23e942c5492855884ac	14Ain1038Pt01A	biological	fish metagenome	Ain	caudal fin [UBERON:4000164]	2014
PRJEB124417	DURANCE16S_RUN_14Ain1038Pt01A_durance2	DURANCE16S_EXP_14Ain1038Pt01A_durance2	DURANCE16S_14Ain1038Pt01A	durance2	prep2	1	14Ain1038Pt01A_durance2	ERR17751553	ERX17142096	14Ain1038Pt01A_S2_L001_R1_001.fastq.gz	f19a76281660145156a5df425788b9b2	14Ain1038Pt01A_S2_L001_R2_001.fastq.gz	846030cec155f67fbcf3f64bc0789a17	14Ain1038Pt01A	biological	fish metagenome	Ain	caudal fin [UBERON:4000164]	2014
PRJEB124417	DURANCE16S_RUN_14Ain1038Pt01A_durance3	DURANCE16S_EXP_14Ain1038Pt01A_durance3	DURANCE16S_14Ain1038Pt01A	durance3	prep2	2	14Ain1038Pt01A_durance3	ERR17751551	ERX17142094	14Ain1038Pt01A_S2_L001_R1_001.fastq.gz	5945c30154f20ebc3a993d804a0cdafd	14Ain1038Pt01A_S2_L001_R2_001.fastq.gz	b3c6ce42eab299638dcf29f5b449dcc8	14Ain1038Pt01A	biological	fish metagenome	Ain	caudal fin [UBERON:4000164]	2014
PRJEB124417	DURANCE16S_RUN_14Ain1038Pt03A_durance1	DURANCE16S_EXP_14Ain1038Pt03A_durance1	DURANCE16S_14Ain1038Pt03A	durance1	prep1	1	14Ain1038Pt03A_durance1	ERR17751554	ERX17142097	14Ain1038Pt03A_S386_L001_R1_001.fastq.gz	0c1959f19e62a50ed34c615c4a822f16	14Ain1038Pt03A_S386_L001_R2_001.fastq.gz	1d01c0bb9bbfa62cbdb56198c3bb1b6c	14Ain1038Pt03A	biological	fish gut metagenome	Ain	hindgut [UBERON:0001046]	2014
PRJEB124417	DURANCE16S_RUN_14Ain1038Pt03A_durance2	DURANCE16S_EXP_14Ain1038Pt03A_durance2	DURANCE16S_14Ain1038Pt03A	durance2	prep2	1	14Ain1038Pt03A_durance2	ERR17751556	ERX17142099	14Ain1038Pt03A_S386_L001_R1_001.fastq.gz	2fbfe3b534d009a14c47c3713f4aced4	14Ain1038Pt03A_S386_L001_R2_001.fastq.gz	1921230fe46be5be8fd3dcbf8dbfe0cb	14Ain1038Pt03A	biological	fish gut metagenome	Ain	hindgut [UBERON:0001046]	2014
PRJEB124417	DURANCE16S_RUN_14Ain1038Pt03A_durance3	DURANCE16S_EXP_14Ain1038Pt03A_durance3	DURANCE16S_14Ain1038Pt03A	durance3	prep2	2	14Ain1038Pt03A_durance3	ERR17751557	ERX17142100	14Ain1038Pt03A_S386_L001_R1_001.fastq.gz	7c62b8b9f2572f6ff24e5fa1e06df50a	14Ain1038Pt03A_S386_L001_R2_001.fastq.gz	89d8ad6975313d30f12c5da0d4bbb0e8	14Ain1038Pt03A	biological	fish gut metagenome	Ain	hindgut [UBERON:0001046]	2014
PRJEB124417	DURANCE16S_RUN_14Ain1038Pt05A_durance1	DURANCE16S_EXP_14Ain1038Pt05A_durance1	DURANCE16S_14Ain1038Pt05A	durance1	prep1	1	14Ain1038Pt05A_durance1	ERR17751558	ERX17142101	14Ain1038Pt05A_S194_L001_R1_001.fastq.gz	b3623a8d2e86f6698d7094d85202756a	14Ain1038Pt05A_S194_L001_R2_001.fastq.gz	ec3cb8c3ae32a335cc24f3721927980c	14Ain1038Pt05A	biological	gill metagenome	Ain	gill [UBERON:0002535]	2014
PRJEB124417	DURANCE16S_RUN_14Ain1038Pt05A_durance2	DURANCE16S_EXP_14Ain1038Pt05A_durance2	DURANCE16S_14Ain1038Pt05A	durance2	prep2	1	14Ain1038Pt05A_durance2	ERR17751560	ERX17142103	14Ain1038Pt05A_S194_L001_R1_001.fastq.gz	f819def4d2df7bece0c66c3d268887c1	14Ain1038Pt05A_S194_L001_R2_001.fastq.gz	ba726dcdd0883e3681de61f983e61533	14Ain1038Pt05A	biological	gill metagenome	Ain	gill [UBERON:0002535]	2014
PRJEB124417	DURANCE16S_RUN_14Ain1038Pt05A_durance3	DURANCE16S_EXP_14Ain1038Pt05A_durance3	DURANCE16S_14Ain1038Pt05A	durance3	prep2	2	14Ain1038Pt05A_durance3	ERR17751559	ERX17142102	14Ain1038Pt05A_S194_L001_R1_001.fastq.gz	ac6e55aa3882fbdfadaec6e9cea0b2ce	14Ain1038Pt05A_S194_L001_R2_001.fastq.gz	7563b22e4ad413b0f4f3ae82da513491	14Ain1038Pt05A	biological	gill metagenome	Ain	gill [UBERON:0002535]	2014
PRJEB124417	DURANCE16S_RUN_14Ain1039Pt01A_durance1	DURANCE16S_EXP_14Ain1039Pt01A_durance1	DURANCE16S_14Ain1039Pt01A	durance1	prep1	1	14Ain1039Pt01A_durance1	ERR17751561	ERX17142104	14Ain1039Pt01A_S14_L001_R1_001.fastq.gz	5b8f6b81cb848b2c59b0f850c00380fe	14Ain1039Pt01A_S14_L001_R2_001.fastq.gz	c360c52b17859f642f2d1a7f99052701	14Ain1039Pt01A	biological	fish metagenome	Ain	caudal fin [UBERON:4000164]	2014
PRJEB124417	DURANCE16S_RUN_14Ain1039Pt01A_durance2	DURANCE16S_EXP_14Ain1039Pt01A_durance2	DURANCE16S_14Ain1039Pt01A	durance2	prep2	1	14Ain1039Pt01A_durance2	ERR17751563	ERX17142106	14Ain1039Pt01A_S14_L001_R1_001.fastq.gz	0bd5c5cfda478ca6738781d4b4976e30	14Ain1039Pt01A_S14_L001_R2_001.fastq.gz	629e8f6ead0b328519390c8ee60fd0d7	14Ain1039Pt01A	biological	fish metagenome	Ain	caudal fin [UBERON:4000164]	2014
PRJEB124417	DURANCE16S_RUN_14Ain1039Pt01A_durance3	DURANCE16S_EXP_14Ain1039Pt01A_durance3	DURANCE16S_14Ain1039Pt01A	durance3	prep2	2	14Ain1039Pt01A_durance3	ERR17751562	ERX17142105	14Ain1039Pt01A_S14_L001_R1_001.fastq.gz	1e2586b0e4dcdbbe22f199da8e5bc1ab	14Ain1039Pt01A_S14_L001_R2_001.fastq.gz	61ae927776418589592b5e515e200532	14Ain1039Pt01A	biological	fish metagenome	Ain	caudal fin [UBERON:4000164]	2014
PRJEB124417	DURANCE16S_RUN_14Ain1039Pt02A_durance1	DURANCE16S_EXP_14Ain1039Pt02A_durance1	DURANCE16S_14Ain1039Pt02A	durance1	prep1	1	14Ain1039Pt02A_durance1	ERR17751565	ERX17142108	14Ain1039Pt02A_S578_L001_R1_001.fastq.gz	2c9c8a50499269c29d08177f1e944a55	14Ain1039Pt02A_S578_L001_R2_001.fastq.gz	5120c464abe5f23dae32f7ba3f49bae7	14Ain1039Pt02A	biological	fish gut metagenome	Ain	midgut [UBERON:0001045]	2014
PRJEB124417	DURANCE16S_RUN_14Ain1039Pt02A_durance2	DURANCE16S_EXP_14Ain1039Pt02A_durance2	DURANCE16S_14Ain1039Pt02A	durance2	prep2	1	14Ain1039Pt02A_durance2	ERR17751564	ERX17142107	14Ain1039Pt02A_S578_L001_R1_001.fastq.gz	fcdca857ef9b66c7623b83655530035f	14Ain1039Pt02A_S578_L001_R2_001.fastq.gz	38f169f8b261c0adcc18fadca1d648f9	14Ain1039Pt02A	biological	fish gut metagenome	Ain	midgut [UBERON:0001045]	2014
PRJEB124417	DURANCE16S_RUN_14Ain1039Pt02A_durance3	DURANCE16S_EXP_14Ain1039Pt02A_durance3	DURANCE16S_14Ain1039Pt02A	durance3	prep2	2	14Ain1039Pt02A_durance3	ERR17751567	ERX17142110	14Ain1039Pt02A_S578_L001_R1_001.fastq.gz	c843ac2f6cf3615a45dbacc327d0e40a	14Ain1039Pt02A_S578_L001_R2_001.fastq.gz	656ba506bb325bb4a75146579189ee23	14Ain1039Pt02A	biological	fish gut metagenome	Ain	midgut [UBERON:0001045]	2014
PRJEB124417	DURANCE16S_RUN_14Ain1039Pt03A_durance1	DURANCE16S_EXP_14Ain1039Pt03A_durance1	DURANCE16S_14Ain1039Pt03A	durance1	prep1	1	14Ain1039Pt03A_durance1	ERR17751569	ERX17142112	14Ain1039Pt03A_S398_L001_R1_001.fastq.gz	baafe2b015c9e200ba2615ad993e6a34	14Ain1039Pt03A_S398_L001_R2_001.fastq.gz	8d2a5427d20e682805abcc1b1da72471	14Ain1039Pt03A	biological	fish gut metagenome	Ain	hindgut [UBERON:0001046]	2014
PRJEB124417	DURANCE16S_RUN_14Ain1039Pt03A_durance2	DURANCE16S_EXP_14Ain1039Pt03A_durance2	DURANCE16S_14Ain1039Pt03A	durance2	prep2	1	14Ain1039Pt03A_durance2	ERR17751566	ERX17142109	14Ain1039Pt03A_S398_L001_R1_001.fastq.gz	8454cebf07bbbda48f28c06b12fbd336	14Ain1039Pt03A_S398_L001_R2_001.fastq.gz	53fdfb5711477e372b9d7655ada796f4	14Ain1039Pt03A	biological	fish gut metagenome	Ain	hindgut [UBERON:0001046]	2014
PRJEB124417	DURANCE16S_RUN_14Ain1039Pt03A_durance3	DURANCE16S_EXP_14Ain1039Pt03A_durance3	DURANCE16S_14Ain1039Pt03A	durance3	prep2	2	14Ain1039Pt03A_durance3	ERR17751568	ERX17142111	14Ain1039Pt03A_S398_L001_R1_001.fastq.gz	144ec3a0bec11dfd10a373557d2e580f	14Ain1039Pt03A_S398_L001_R2_001.fastq.gz	a9b53c5311675c9ae10aa4cb62878036	14Ain1039Pt03A	biological	fish gut metagenome	Ain	hindgut [UBERON:0001046]	2014
PRJEB124417	DURANCE16S_RUN_14Ain1039Pt05A_durance1	DURANCE16S_EXP_14Ain1039Pt05A_durance1	DURANCE16S_14Ain1039Pt05A	durance1	prep1	1	14Ain1039Pt05A_durance1	ERR17751570	ERX17142113	14Ain1039Pt05A_S206_L001_R1_001.fastq.gz	d03da0ce6d8241021d6ad5b96dbd5bd8	14Ain1039Pt05A_S206_L001_R2_001.fastq.gz	37ed575b3c1e8b45d176082a2c82cd74	14Ain1039Pt05A	biological	gill metagenome	Ain	gill [UBERON:0002535]	2014
PRJEB124417	DURANCE16S_RUN_14Ain1039Pt05A_durance2	DURANCE16S_EXP_14Ain1039Pt05A_durance2	DURANCE16S_14Ain1039Pt05A	durance2	prep2	1	14Ain1039Pt05A_durance2	ERR17751571	ERX17142114	14Ain1039Pt05A_S206_L001_R1_001.fastq.gz	23352948cd6af676dc69e537220a1600	14Ain1039Pt05A_S206_L001_R2_001.fastq.gz	65c3e3d53337401c4ba8188bdaa84dbc	14Ain1039Pt05A	biological	gill metagenome	Ain	gill [UBERON:0002535]	2014
PRJEB124417	DURANCE16S_RUN_14Ain1039Pt05A_durance3	DURANCE16S_EXP_14Ain1039Pt05A_durance3	DURANCE16S_14Ain1039Pt05A	durance3	prep2	2	14Ain1039Pt05A_durance3	ERR17751572	ERX17142115	14Ain1039Pt05A_S206_L001_R1_001.fastq.gz	818025ff3826a911a4d50899138be5c3	14Ain1039Pt05A_S206_L001_R2_001.fastq.gz	15861dc69b24c4eda198537ea802e43b	14Ain1039Pt05A	biological	gill metagenome	Ain	gill [UBERON:0002535]	2014
PRJEB124417	DURANCE16S_RUN_14Ain1040Pt01A_durance1	DURANCE16S_EXP_14Ain1040Pt01A_durance1	DURANCE16S_14Ain1040Pt01A	durance1	prep1	1	14Ain1040Pt01A_durance1	ERR17751575	ERX17142118	14Ain1040Pt01A_S26_L001_R1_001.fastq.gz	608c6ef8c0f93acde5d320e230754e06	14Ain1040Pt01A_S26_L001_R2_001.fastq.gz	b69f42f2799b30e905492e9aebf9f863	14Ain1040Pt01A	biological	fish metagenome	Ain	caudal fin [UBERON:4000164]	2014
PRJEB124417	DURANCE16S_RUN_14Ain1040Pt01A_durance2	DURANCE16S_EXP_14Ain1040Pt01A_durance2	DURANCE16S_14Ain1040Pt01A	durance2	prep2	1	14Ain1040Pt01A_durance2	ERR17751573	ERX17142116	14Ain1040Pt01A_S26_L001_R1_001.fastq.gz	467ae5d1274488a81de768021c4a9b76	14Ain1040Pt01A_S26_L001_R2_001.fastq.gz	b69a8d3f96309d364a56aaa39cd98c4e	14Ain1040Pt01A	biological	fish metagenome	Ain	caudal fin [UBERON:4000164]	2014
PRJEB124417	DURANCE16S_RUN_14Ain1040Pt01A_durance3	DURANCE16S_EXP_14Ain1040Pt01A_durance3	DURANCE16S_14Ain1040Pt01A	durance3	prep2	2	14Ain1040Pt01A_durance3	ERR17751574	ERX17142117	14Ain1040Pt01A_S26_L001_R1_001.fastq.gz	873b812792b89af6ffb25489063b2836	14Ain1040Pt01A_S26_L001_R2_001.fastq.gz	7142c9f58ffd9d583a2dcf7e68679776	14Ain1040Pt01A	biological	fish metagenome	Ain	caudal fin [UBERON:4000164]	2014
PRJEB124417	DURANCE16S_RUN_14Ain1040Pt02A_durance1	DURANCE16S_EXP_14Ain1040Pt02A_durance1	DURANCE16S_14Ain1040Pt02A	durance1	prep1	1	14Ain1040Pt02A_durance1	ERR17751579	ERX17142122	14Ain1040Pt02A_S590_L001_R1_001.fastq.gz	9fba8243140f27c41da07a5398cbdf4d	14Ain1040Pt02A_S590_L001_R2_001.fastq.gz	544a62b6bb2700392f4af981ab89a745	14Ain1040Pt02A	biological	fish gut metagenome	Ain	midgut [UBERON:0001045]	2014
PRJEB124417	DURANCE16S_RUN_14Ain1040Pt02A_durance2	DURANCE16S_EXP_14Ain1040Pt02A_durance2	DURANCE16S_14Ain1040Pt02A	durance2	prep2	1	14Ain1040Pt02A_durance2	ERR17751576	ERX17142119	14Ain1040Pt02A_S590_L001_R1_001.fastq.gz	52bdaecdf79c2180cb447a9855c97544	14Ain1040Pt02A_S590_L001_R2_001.fastq.gz	ab93b29fe30de1d6054b0980a959728e	14Ain1040Pt02A	biological	fish gut metagenome	Ain	midgut [UBERON:0001045]	2014
PRJEB124417	DURANCE16S_RUN_14Ain1040Pt02A_durance3	DURANCE16S_EXP_14Ain1040Pt02A_durance3	DURANCE16S_14Ain1040Pt02A	durance3	prep2	2	14Ain1040Pt02A_durance3	ERR17751577	ERX17142120	14Ain1040Pt02A_S590_L001_R1_001.fastq.gz	1c3f2bb8ab24e162ab9205b49ee665b7	14Ain1040Pt02A_S590_L001_R2_001.fastq.gz	1e5bb34ef975b0186bf4cb1da702a7a4	14Ain1040Pt02A	biological	fish gut metagenome	Ain	midgut [UBERON:0001045]	2014
PRJEB124417	DURANCE16S_RUN_14Ain1040Pt03A_durance1	DURANCE16S_EXP_14Ain1040Pt03A_durance1	DURANCE16S_14Ain1040Pt03A	durance1	prep1	1	14Ain1040Pt03A_durance1	ERR17751578	ERX17142121	14Ain1040Pt03A_S410_L001_R1_001.fastq.gz	174e2b794602d5a1fbf8d7110e6e1c41	14Ain1040Pt03A_S410_L001_R2_001.fastq.gz	ad66e6e70bb976dec7ec4382fba252b1	14Ain1040Pt03A	biological	fish gut metagenome	Ain	hindgut [UBERON:0001046]	2014
PRJEB124417	DURANCE16S_RUN_14Ain1040Pt03A_durance2	DURANCE16S_EXP_14Ain1040Pt03A_durance2	DURANCE16S_14Ain1040Pt03A	durance2	prep2	1	14Ain1040Pt03A_durance2	ERR17751580	ERX17142123	14Ain1040Pt03A_S410_L001_R1_001.fastq.gz	e7766ee3c39da33873cf77b203d950e1	14Ain1040Pt03A_S410_L001_R2_001.fastq.gz	cfe6fe2fd8bfd810104ed9f710d3c37f	14Ain1040Pt03A	biological	fish gut metagenome	Ain	hindgut [UBERON:0001046]	2014
PRJEB124417	DURANCE16S_RUN_14Ain1040Pt03A_durance3	DURANCE16S_EXP_14Ain1040Pt03A_durance3	DURANCE16S_14Ain1040Pt03A	durance3	prep2	2	14Ain1040Pt03A_durance3	ERR17751582	ERX17142125	14Ain1040Pt03A_S410_L001_R1_001.fastq.gz	35596dd0315684046a50e837fd5dcfce	14Ain1040Pt03A_S410_L001_R2_001.fastq.gz	e0d5fff758d7f1a3be4281ec8352458e	14Ain1040Pt03A	biological	fish gut metagenome	Ain	hindgut [UBERON:0001046]	2014
PRJEB124417	DURANCE16S_RUN_14Ain1040Pt05A_durance1	DURANCE16S_EXP_14Ain1040Pt05A_durance1	DURANCE16S_14Ain1040Pt05A	durance1	prep1	1	14Ain1040Pt05A_durance1	ERR17751581	ERX17142124	14Ain1040Pt05A_S218_L001_R1_001.fastq.gz	c16795dbc0d012a9738c6e87e72f8b28	14Ain1040Pt05A_S218_L001_R2_001.fastq.gz	b5f3ed0040a8d460dabc56bd4daaf63b	14Ain1040Pt05A	biological	gill metagenome	Ain	gill [UBERON:0002535]	2014
PRJEB124417	DURANCE16S_RUN_14Ain1040Pt05A_durance2	DURANCE16S_EXP_14Ain1040Pt05A_durance2	DURANCE16S_14Ain1040Pt05A	durance2	prep2	1	14Ain1040Pt05A_durance2	ERR17751584	ERX17142127	14Ain1040Pt05A_S218_L001_R1_001.fastq.gz	0df1c44f3138ca8b3f1bfe38d3076f67	14Ain1040Pt05A_S218_L001_R2_001.fastq.gz	f42066d6a53a52a202f4eea7e972b5ed	14Ain1040Pt05A	biological	gill metagenome	Ain	gill [UBERON:0002535]	2014
PRJEB124417	DURANCE16S_RUN_14Ain1040Pt05A_durance3	DURANCE16S_EXP_14Ain1040Pt05A_durance3	DURANCE16S_14Ain1040Pt05A	durance3	prep2	2	14Ain1040Pt05A_durance3	ERR17751586	ERX17142129	14Ain1040Pt05A_S218_L001_R1_001.fastq.gz	90c876f85cc4fe8df1b1d6c8e90ee077	14Ain1040Pt05A_S218_L001_R2_001.fastq.gz	0d296571b634bfd6a98757b9c79290b7	14Ain1040Pt05A	biological	gill metagenome	Ain	gill [UBERON:0002535]	2014
PRJEB124417	DURANCE16S_RUN_14Ain1041Pt01A_durance1	DURANCE16S_EXP_14Ain1041Pt01A_durance1	DURANCE16S_14Ain1041Pt01A	durance1	prep1	1	14Ain1041Pt01A_durance1	ERR17751587	ERX17142130	14Ain1041Pt01A_S38_L001_R1_001.fastq.gz	5b408ccef735da2955996560d071dc65	14Ain1041Pt01A_S38_L001_R2_001.fastq.gz	32fe34d6bd857e3247fad56e4c98696c	14Ain1041Pt01A	biological	fish metagenome	Ain	caudal fin [UBERON:4000164]	2014
PRJEB124417	DURANCE16S_RUN_14Ain1041Pt01A_durance2	DURANCE16S_EXP_14Ain1041Pt01A_durance2	DURANCE16S_14Ain1041Pt01A	durance2	prep2	1	14Ain1041Pt01A_durance2	ERR17751585	ERX17142128	14Ain1041Pt01A_S38_L001_R1_001.fastq.gz	ed280b67558d56dabde463f98db3df6c	14Ain1041Pt01A_S38_L001_R2_001.fastq.gz	474aab18b7280988e543134c2c8bc0f2	14Ain1041Pt01A	biological	fish metagenome	Ain	caudal fin [UBERON:4000164]	2014
PRJEB124417	DURANCE16S_RUN_14Ain1041Pt01A_durance3	DURANCE16S_EXP_14Ain1041Pt01A_durance3	DURANCE16S_14Ain1041Pt01A	durance3	prep2	2	14Ain1041Pt01A_durance3	ERR17751583	ERX17142126	14Ain1041Pt01A_S38_L001_R1_001.fastq.gz	f1cc558b2cc714facfcb58484c393378	14Ain1041Pt01A_S38_L001_R2_001.fastq.gz	a218f55c780615d57f39422f48acffb8	14Ain1041Pt01A	biological	fish metagenome	Ain	caudal fin [UBERON:4000164]	2014
PRJEB124417	DURANCE16S_RUN_14Ain1041Pt02A_durance1	DURANCE16S_EXP_14Ain1041Pt02A_durance1	DURANCE16S_14Ain1041Pt02A	durance1	prep1	1	14Ain1041Pt02A_durance1	ERR17751589	ERX17142132	14Ain1041Pt02A_S602_L001_R1_001.fastq.gz	99ce6cc176fca0a691e5e231e186f5ee	14Ain1041Pt02A_S602_L001_R2_001.fastq.gz	da06169e6d4181b52eb6150f3735f14a	14Ain1041Pt02A	biological	fish gut metagenome	Ain	midgut [UBERON:0001045]	2014
PRJEB124417	DURANCE16S_RUN_14Ain1041Pt02A_durance2	DURANCE16S_EXP_14Ain1041Pt02A_durance2	DURANCE16S_14Ain1041Pt02A	durance2	prep2	1	14Ain1041Pt02A_durance2	ERR17751592	ERX17142135	14Ain1041Pt02A_S602_L001_R1_001.fastq.gz	a66903f1ebab5dee58e8ce5a9a622ac0	14Ain1041Pt02A_S602_L001_R2_001.fastq.gz	e17bf98e2c9602379cc1f620f0a1edd2	14Ain1041Pt02A	biological	fish gut metagenome	Ain	midgut [UBERON:0001045]	2014
PRJEB124417	DURANCE16S_RUN_14Ain1041Pt02A_durance3	DURANCE16S_EXP_14Ain1041Pt02A_durance3	DURANCE16S_14Ain1041Pt02A	durance3	prep2	2	14Ain1041Pt02A_durance3	ERR17751590	ERX17142133	14Ain1041Pt02A_S602_L001_R1_001.fastq.gz	09a06c4228cc427981a35b4b3bf59929	14Ain1041Pt02A_S602_L001_R2_001.fastq.gz	237d31a76c6cb7889d65e8494747dd10	14Ain1041Pt02A	biological	fish gut metagenome	Ain	midgut [UBERON:0001045]	2014
PRJEB124417	DURANCE16S_RUN_14Ain1041Pt03A_durance1	DURANCE16S_EXP_14Ain1041Pt03A_durance1	DURANCE16S_14Ain1041Pt03A	durance1	prep1	1	14Ain1041Pt03A_durance1	ERR17751591	ERX17142134	14Ain1041Pt03A_S422_L001_R1_001.fastq.gz	f1bf23a1f572daea4915bb93b08937f9	14Ain1041Pt03A_S422_L001_R2_001.fastq.gz	2c805e12db1545268145de08d50db3bc	14Ain1041Pt03A	biological	fish gut metagenome	Ain	hindgut [UBERON:0001046]	2014
PRJEB124417	DURANCE16S_RUN_14Ain1041Pt03A_durance2	DURANCE16S_EXP_14Ain1041Pt03A_durance2	DURANCE16S_14Ain1041Pt03A	durance2	prep2	1	14Ain1041Pt03A_durance2	ERR17751593	ERX17142136	14Ain1041Pt03A_S422_L001_R1_001.fastq.gz	2e5231f915fbbe9adba00defd49b9fcd	14Ain1041Pt03A_S422_L001_R2_001.fastq.gz	af4dcab5648262691a84bd6bce0f2d7c	14Ain1041Pt03A	biological	fish gut metagenome	Ain	hindgut [UBERON:0001046]	2014
PRJEB124417	DURANCE16S_RUN_14Ain1041Pt03A_durance3	DURANCE16S_EXP_14Ain1041Pt03A_durance3	DURANCE16S_14Ain1041Pt03A	durance3	prep2	2	14Ain1041Pt03A_durance3	ERR17751594	ERX17142137	14Ain1041Pt03A_S422_L001_R1_001.fastq.gz	82bad22d010dec0912d7ab7176d54159	14Ain1041Pt03A_S422_L001_R2_001.fastq.gz	2b99270d566380d0f0bf9af222140918	14Ain1041Pt03A	biological	fish gut metagenome	Ain	hindgut [UBERON:0001046]	2014
PRJEB124417	DURANCE16S_RUN_14Ain1041Pt05A_durance1	DURANCE16S_EXP_14Ain1041Pt05A_durance1	DURANCE16S_14Ain1041Pt05A	durance1	prep1	1	14Ain1041Pt05A_durance1	ERR17751595	ERX17142138	14Ain1041Pt05A_S230_L001_R1_001.fastq.gz	0c10163338ffda587865df2a18f16d79	14Ain1041Pt05A_S230_L001_R2_001.fastq.gz	3fd14d432fb9acbaf6934f92ed49264b	14Ain1041Pt05A	biological	gill metagenome	Ain	gill [UBERON:0002535]	2014
PRJEB124417	DURANCE16S_RUN_14Ain1041Pt05A_durance2	DURANCE16S_EXP_14Ain1041Pt05A_durance2	DURANCE16S_14Ain1041Pt05A	durance2	prep2	1	14Ain1041Pt05A_durance2	ERR17751596	ERX17142139	14Ain1041Pt05A_S230_L001_R1_001.fastq.gz	62a8e3178fb971883dcd51d6ecb81002	14Ain1041Pt05A_S230_L001_R2_001.fastq.gz	b72245e55f18c0860a020f8c7c082911	14Ain1041Pt05A	biological	gill metagenome	Ain	gill [UBERON:0002535]	2014
PRJEB124417	DURANCE16S_RUN_14Ain1041Pt05A_durance3	DURANCE16S_EXP_14Ain1041Pt05A_durance3	DURANCE16S_14Ain1041Pt05A	durance3	prep2	2	14Ain1041Pt05A_durance3	ERR17751597	ERX17142140	14Ain1041Pt05A_S230_L001_R1_001.fastq.gz	f6c06efc8f59a50f13d9de3ece666a43	14Ain1041Pt05A_S230_L001_R2_001.fastq.gz	e1a52fd58fb0418a3145ce9908377f4e	14Ain1041Pt05A	biological	gill metagenome	Ain	gill [UBERON:0002535]	2014
PRJEB124417	DURANCE16S_RUN_14Ain1042Pt01A_durance1	DURANCE16S_EXP_14Ain1042Pt01A_durance1	DURANCE16S_14Ain1042Pt01A	durance1	prep1	1	14Ain1042Pt01A_durance1	ERR17751599	ERX17142142	14Ain1042Pt01A_S50_L001_R1_001.fastq.gz	d083b3900f590a2db5cdba79ebcd01e2	14Ain1042Pt01A_S50_L001_R2_001.fastq.gz	ceb6dee6876d4fc61149693654a6034b	14Ain1042Pt01A	biological	fish metagenome	Ain	caudal fin [UBERON:4000164]	2014
PRJEB124417	DURANCE16S_RUN_14Ain1042Pt01A_durance2	DURANCE16S_EXP_14Ain1042Pt01A_durance2	DURANCE16S_14Ain1042Pt01A	durance2	prep2	1	14Ain1042Pt01A_durance2	ERR17751598	ERX17142141	14Ain1042Pt01A_S50_L001_R1_001.fastq.gz	82eff041762830e1c4ea3b444148e4c5	14Ain1042Pt01A_S50_L001_R2_001.fastq.gz	0411c0811e072897070761701ec89664	14Ain1042Pt01A	biological	fish metagenome	Ain	caudal fin [UBERON:4000164]	2014
PRJEB124417	DURANCE16S_RUN_14Ain1042Pt01A_durance3	DURANCE16S_EXP_14Ain1042Pt01A_durance3	DURANCE16S_14Ain1042Pt01A	durance3	prep2	2	14Ain1042Pt01A_durance3	ERR17751600	ERX17142143	14Ain1042Pt01A_S50_L001_R1_001.fastq.gz	12197b4676c9145cbc7b40d3c5c88a45	14Ain1042Pt01A_S50_L001_R2_001.fastq.gz	65809798ee645912b6496a5b132876dc	14Ain1042Pt01A	biological	fish metagenome	Ain	caudal fin [UBERON:4000164]	2014
PRJEB124417	DURANCE16S_RUN_14Ain1042Pt02A_durance1	DURANCE16S_EXP_14Ain1042Pt02A_durance1	DURANCE16S_14Ain1042Pt02A	durance1	prep1	1	14Ain1042Pt02A_durance1	ERR17751603	ERX17142146	14Ain1042Pt02A_S614_L001_R1_001.fastq.gz	f8181ebda56f10f7c5e7288461483ea1	14Ain1042Pt02A_S614_L001_R2_001.fastq.gz	db1f153a798c751f4449015df1d198e6	14Ain1042Pt02A	biological	fish gut metagenome	Ain	midgut [UBERON:0001045]	2014
PRJEB124417	DURANCE16S_RUN_14Ain1042Pt02A_durance2	DURANCE16S_EXP_14Ain1042Pt02A_durance2	DURANCE16S_14Ain1042Pt02A	durance2	prep2	1	14Ain1042Pt02A_durance2	ERR17751601	ERX17142144	14Ain1042Pt02A_S614_L001_R1_001.fastq.gz	4d347e74a66229440af268508a693a6b	14Ain1042Pt02A_S614_L001_R2_001.fastq.gz	98cc31d8bf267a152036a652a07432f4	14Ain1042Pt02A	biological	fish gut metagenome	Ain	midgut [UBERON:0001045]	2014
PRJEB124417	DURANCE16S_RUN_14Ain1042Pt02A_durance3	DURANCE16S_EXP_14Ain1042Pt02A_durance3	DURANCE16S_14Ain1042Pt02A	durance3	prep2	2	14Ain1042Pt02A_durance3	ERR17751602	ERX17142145	14Ain1042Pt02A_S614_L001_R1_001.fastq.gz	39d09d80d99a464faaaa11f45d13b060	14Ain1042Pt02A_S614_L001_R2_001.fastq.gz	46596e2da313df9dce1ebcaaa73686be	14Ain1042Pt02A	biological	fish gut metagenome	Ain	midgut [UBERON:0001045]	2014
PRJEB124417	DURANCE16S_RUN_14Ain1042Pt03A_durance1	DURANCE16S_EXP_14Ain1042Pt03A_durance1	DURANCE16S_14Ain1042Pt03A	durance1	prep1	1	14Ain1042Pt03A_durance1	ERR17751604	ERX17142147	14Ain1042Pt03A_S434_L001_R1_001.fastq.gz	5f577b41fcac0496379bfde251c1c9d7	14Ain1042Pt03A_S434_L001_R2_001.fastq.gz	7805c095b84a95ff3d322041228a9a3f	14Ain1042Pt03A	biological	fish gut metagenome	Ain	hindgut [UBERON:0001046]	2014
PRJEB124417	DURANCE16S_RUN_14Ain1042Pt03A_durance2	DURANCE16S_EXP_14Ain1042Pt03A_durance2	DURANCE16S_14Ain1042Pt03A	durance2	prep2	1	14Ain1042Pt03A_durance2	ERR17751605	ERX17142148	14Ain1042Pt03A_S434_L001_R1_001.fastq.gz	7c648728c4f166edbc2ea00706c88a49	14Ain1042Pt03A_S434_L001_R2_001.fastq.gz	6ee02434d3a8a37b10669ccdf5ea9d4b	14Ain1042Pt03A	biological	fish gut metagenome	Ain	hindgut [UBERON:0001046]	2014
PRJEB124417	DURANCE16S_RUN_14Ain1042Pt03A_durance3	DURANCE16S_EXP_14Ain1042Pt03A_durance3	DURANCE16S_14Ain1042Pt03A	durance3	prep2	2	14Ain1042Pt03A_durance3	ERR17751607	ERX17142150	14Ain1042Pt03A_S434_L001_R1_001.fastq.gz	cf757e1e6e6bec9351721c620c724b70	14Ain1042Pt03A_S434_L001_R2_001.fastq.gz	d23fb2417350086750f160a941ae5cb7	14Ain1042Pt03A	biological	fish gut metagenome	Ain	hindgut [UBERON:0001046]	2014
PRJEB124417	DURANCE16S_RUN_14Ain1042Pt05A_durance1	DURANCE16S_EXP_14Ain1042Pt05A_durance1	DURANCE16S_14Ain1042Pt05A	durance1	prep1	1	14Ain1042Pt05A_durance1	ERR17751606	ERX17142149	14Ain1042Pt05A_S242_L001_R1_001.fastq.gz	ce8c30e17fedb77d27d650f41e0d0ecf	14Ain1042Pt05A_S242_L001_R2_001.fastq.gz	0e4104ae468d48b6e30bc8c18de70dff	14Ain1042Pt05A	biological	gill metagenome	Ain	gill [UBERON:0002535]	2014
PRJEB124417	DURANCE16S_RUN_14Ain1042Pt05A_durance2	DURANCE16S_EXP_14Ain1042Pt05A_durance2	DURANCE16S_14Ain1042Pt05A	durance2	prep2	1	14Ain1042Pt05A_durance2	ERR17751608	ERX17142151	14Ain1042Pt05A_S242_L001_R1_001.fastq.gz	4ecae600b0a54a0d6821427f1b1e3abf	14Ain1042Pt05A_S242_L001_R2_001.fastq.gz	4e7673ae84798268a0b0ae97854b0bc1	14Ain1042Pt05A	biological	gill metagenome	Ain	gill [UBERON:0002535]	2014
PRJEB124417	DURANCE16S_RUN_14Ain1042Pt05A_durance3	DURANCE16S_EXP_14Ain1042Pt05A_durance3	DURANCE16S_14Ain1042Pt05A	durance3	prep2	2	14Ain1042Pt05A_durance3	ERR17751611	ERX17142154	14Ain1042Pt05A_S242_L001_R1_001.fastq.gz	f01d4304ce317628746386ee3dfed6f4	14Ain1042Pt05A_S242_L001_R2_001.fastq.gz	583d874e1961ad7d016af262452f25bd	14Ain1042Pt05A	biological	gill metagenome	Ain	gill [UBERON:0002535]	2014
PRJEB124417	DURANCE16S_RUN_14Ain1043Pt01A_durance1	DURANCE16S_EXP_14Ain1043Pt01A_durance1	DURANCE16S_14Ain1043Pt01A	durance1	prep1	1	14Ain1043Pt01A_durance1	ERR17751610	ERX17142153	14Ain1043Pt01A_S62_L001_R1_001.fastq.gz	3ed80871f888560c401d958635c26498	14Ain1043Pt01A_S62_L001_R2_001.fastq.gz	8be1565e95bf650579fd5613082b1751	14Ain1043Pt01A	biological	fish metagenome	Ain	caudal fin [UBERON:4000164]	2014
PRJEB124417	DURANCE16S_RUN_14Ain1043Pt01A_durance2	DURANCE16S_EXP_14Ain1043Pt01A_durance2	DURANCE16S_14Ain1043Pt01A	durance2	prep2	1	14Ain1043Pt01A_durance2	ERR17751609	ERX17142152	14Ain1043Pt01A_S62_L001_R1_001.fastq.gz	ca09a932de2b5acaca41ab778da22857	14Ain1043Pt01A_S62_L001_R2_001.fastq.gz	83312a0440bc294b92d5dee1c2750142	14Ain1043Pt01A	biological	fish metagenome	Ain	caudal fin [UBERON:4000164]	2014
PRJEB124417	DURANCE16S_RUN_14Ain1043Pt01A_durance3	DURANCE16S_EXP_14Ain1043Pt01A_durance3	DURANCE16S_14Ain1043Pt01A	durance3	prep2	2	14Ain1043Pt01A_durance3	ERR17751612	ERX17142155	14Ain1043Pt01A_S62_L001_R1_001.fastq.gz	88498777f8346ad19f5249ffda56f3a5	14Ain1043Pt01A_S62_L001_R2_001.fastq.gz	dba51fc0c2051f9a546a8fb20956876f	14Ain1043Pt01A	biological	fish metagenome	Ain	caudal fin [UBERON:4000164]	2014
PRJEB124417	DURANCE16S_RUN_14Ain1043Pt02A_durance1	DURANCE16S_EXP_14Ain1043Pt02A_durance1	DURANCE16S_14Ain1043Pt02A	durance1	prep1	1	14Ain1043Pt02A_durance1	ERR17751613	ERX17142156	14Ain1043Pt02A_S626_L001_R1_001.fastq.gz	0344f549d7c551df129c700e06699d2b	14Ain1043Pt02A_S626_L001_R2_001.fastq.gz	a37111cbd851b0a71bb966daf1570c9e	14Ain1043Pt02A	biological	fish gut metagenome	Ain	midgut [UBERON:0001045]	2014
PRJEB124417	DURANCE16S_RUN_14Ain1043Pt02A_durance2	DURANCE16S_EXP_14Ain1043Pt02A_durance2	DURANCE16S_14Ain1043Pt02A	durance2	prep2	1	14Ain1043Pt02A_durance2	ERR17751614	ERX17142157	14Ain1043Pt02A_S626_L001_R1_001.fastq.gz	8e3f7e533032020d20d19738a242baec	14Ain1043Pt02A_S626_L001_R2_001.fastq.gz	fcbf4a23ba590112bed3eb0b9f7b5e85	14Ain1043Pt02A	biological	fish gut metagenome	Ain	midgut [UBERON:0001045]	2014
PRJEB124417	DURANCE16S_RUN_14Ain1043Pt02A_durance3	DURANCE16S_EXP_14Ain1043Pt02A_durance3	DURANCE16S_14Ain1043Pt02A	durance3	prep2	2	14Ain1043Pt02A_durance3	ERR17751616	ERX17142159	14Ain1043Pt02A_S626_L001_R1_001.fastq.gz	814dc417758f41154ae87204e658bab5	14Ain1043Pt02A_S626_L001_R2_001.fastq.gz	06600701848e6180a0839ef34d213869	14Ain1043Pt02A	biological	fish gut metagenome	Ain	midgut [UBERON:0001045]	2014
PRJEB124417	DURANCE16S_RUN_14Ain1043Pt03A_durance1	DURANCE16S_EXP_14Ain1043Pt03A_durance1	DURANCE16S_14Ain1043Pt03A	durance1	prep1	1	14Ain1043Pt03A_durance1	ERR17751615	ERX17142158	14Ain1043Pt03A_S446_L001_R1_001.fastq.gz	7d817da83811fe2917a6fd2dd38c94a4	14Ain1043Pt03A_S446_L001_R2_001.fastq.gz	94b1a75a9430de58ab7b8fe2925ccc98	14Ain1043Pt03A	biological	fish gut metagenome	Ain	hindgut [UBERON:0001046]	2014
PRJEB124417	DURANCE16S_RUN_14Ain1043Pt03A_durance2	DURANCE16S_EXP_14Ain1043Pt03A_durance2	DURANCE16S_14Ain1043Pt03A	durance2	prep2	1	14Ain1043Pt03A_durance2	ERR17751618	ERX17142161	14Ain1043Pt03A_S446_L001_R1_001.fastq.gz	1d80294c3d84d97c01c77a11ab437023	14Ain1043Pt03A_S446_L001_R2_001.fastq.gz	b3aad7bf97389902ccb7ab196c6923af	14Ain1043Pt03A	biological	fish gut metagenome	Ain	hindgut [UBERON:0001046]	2014
PRJEB124417	DURANCE16S_RUN_14Ain1043Pt03A_durance3	DURANCE16S_EXP_14Ain1043Pt03A_durance3	DURANCE16S_14Ain1043Pt03A	durance3	prep2	2	14Ain1043Pt03A_durance3	ERR17751622	ERX17142165	14Ain1043Pt03A_S446_L001_R1_001.fastq.gz	c8107e3a825afc89ae3d8c2af753ac46	14Ain1043Pt03A_S446_L001_R2_001.fastq.gz	9173623d500a1369f6f5fd69a0c41dd0	14Ain1043Pt03A	biological	fish gut metagenome	Ain	hindgut [UBERON:0001046]	2014
PRJEB124417	DURANCE16S_RUN_14Ain1043Pt05A_durance1	DURANCE16S_EXP_14Ain1043Pt05A_durance1	DURANCE16S_14Ain1043Pt05A	durance1	prep1	1	14Ain1043Pt05A_durance1	ERR17751617	ERX17142160	14Ain1043Pt05A_S254_L001_R1_001.fastq.gz	12a17a38002510330cbe54351a2af60f	14Ain1043Pt05A_S254_L001_R2_001.fastq.gz	a550205a6d49f39b18aee62de47224e1	14Ain1043Pt05A	biological	gill metagenome	Ain	gill [UBERON:0002535]	2014
PRJEB124417	DURANCE16S_RUN_14Ain1043Pt05A_durance2	DURANCE16S_EXP_14Ain1043Pt05A_durance2	DURANCE16S_14Ain1043Pt05A	durance2	prep2	1	14Ain1043Pt05A_durance2	ERR17751619	ERX17142162	14Ain1043Pt05A_S254_L001_R1_001.fastq.gz	b68d5fab31c66bebdccc76dd502801e7	14Ain1043Pt05A_S254_L001_R2_001.fastq.gz	8c43894f6edc0d13a9587c05eec2f7a1	14Ain1043Pt05A	biological	gill metagenome	Ain	gill [UBERON:0002535]	2014
PRJEB124417	DURANCE16S_RUN_14Ain1043Pt05A_durance3	DURANCE16S_EXP_14Ain1043Pt05A_durance3	DURANCE16S_14Ain1043Pt05A	durance3	prep2	2	14Ain1043Pt05A_durance3	ERR17751621	ERX17142164	14Ain1043Pt05A_S254_L001_R1_001.fastq.gz	a77afccfcef80e2916d76ffd98f76e69	14Ain1043Pt05A_S254_L001_R2_001.fastq.gz	2a3adfe8ba8f02db833cd1772b2ca7ae	14Ain1043Pt05A	biological	gill metagenome	Ain	gill [UBERON:0002535]	2014
PRJEB124417	DURANCE16S_RUN_14Avi1001Cn01A_durance1	DURANCE16S_EXP_14Avi1001Cn01A_durance1	DURANCE16S_14Avi1001Cn01A	durance1	prep1	1	14Avi1001Cn01A_durance1	ERR17751624	ERX17142167	14Avi1001Cn01A_S17_L001_R1_001.fastq.gz	6b3b4cd1c4de59fa1d8cd523aecd50b4	14Avi1001Cn01A_S17_L001_R2_001.fastq.gz	337e84562ef08e2d0c0124e9df0348f3	14Avi1001Cn01A	biological	fish metagenome	Avi	caudal fin [UBERON:4000164]	2014
PRJEB124417	DURANCE16S_RUN_14Avi1001Cn01A_durance2	DURANCE16S_EXP_14Avi1001Cn01A_durance2	DURANCE16S_14Avi1001Cn01A	durance2	prep2	1	14Avi1001Cn01A_durance2	ERR17751623	ERX17142166	14Avi1001Cn01A_S17_L001_R1_001.fastq.gz	11699896700c720796f2d5afb2e9b33b	14Avi1001Cn01A_S17_L001_R2_001.fastq.gz	4fd4b3423a6283bc2788017aa2f25c7a	14Avi1001Cn01A	biological	fish metagenome	Avi	caudal fin [UBERON:4000164]	2014
PRJEB124417	DURANCE16S_RUN_14Avi1001Cn01A_durance3	DURANCE16S_EXP_14Avi1001Cn01A_durance3	DURANCE16S_14Avi1001Cn01A	durance3	prep2	2	14Avi1001Cn01A_durance3	ERR17751620	ERX17142163	14Avi1001Cn01A_S17_L001_R1_001.fastq.gz	a0149b4a9bad7113ef5ad266929cfc78	14Avi1001Cn01A_S17_L001_R2_001.fastq.gz	6d02770585a82755a65c311100edfeb5	14Avi1001Cn01A	biological	fish metagenome	Avi	caudal fin [UBERON:4000164]	2014
PRJEB124417	DURANCE16S_RUN_14Avi1001Cn02A_durance1	DURANCE16S_EXP_14Avi1001Cn02A_durance1	DURANCE16S_14Avi1001Cn02A	durance1	prep1	1	14Avi1001Cn02A_durance1	ERR17751625	ERX17142168	14Avi1001Cn02A_S581_L001_R1_001.fastq.gz	1739c20bbcb53defb4b5baf831f49d2c	14Avi1001Cn02A_S581_L001_R2_001.fastq.gz	25b4f7fd0cb39e8cb2dc37f5fee7b4dc	14Avi1001Cn02A	biological	fish gut metagenome	Avi	midgut [UBERON:0001045]	2014
PRJEB124417	DURANCE16S_RUN_14Avi1001Cn02A_durance2	DURANCE16S_EXP_14Avi1001Cn02A_durance2	DURANCE16S_14Avi1001Cn02A	durance2	prep2	1	14Avi1001Cn02A_durance2	ERR17751626	ERX17142169	14Avi1001Cn02A_S581_L001_R1_001.fastq.gz	b7ea103fa42e90b30f24c59ade6b092d	14Avi1001Cn02A_S581_L001_R2_001.fastq.gz	74a2b2c788beb07c132683cfff1c2f8a	14Avi1001Cn02A	biological	fish gut metagenome	Avi	midgut [UBERON:0001045]	2014
PRJEB124417	DURANCE16S_RUN_14Avi1001Cn02A_durance3	DURANCE16S_EXP_14Avi1001Cn02A_durance3	DURANCE16S_14Avi1001Cn02A	durance3	prep2	2	14Avi1001Cn02A_durance3	ERR17751627	ERX17142170	14Avi1001Cn02A_S581_L001_R1_001.fastq.gz	a627d03ac7568495c3d3a0f30937677a	14Avi1001Cn02A_S581_L001_R2_001.fastq.gz	0f211e2ff8f87b09cf7104e8fa7fdff9	14Avi1001Cn02A	biological	fish gut metagenome	Avi	midgut [UBERON:0001045]	2014
PRJEB124417	DURANCE16S_RUN_14Avi1001Cn03A_durance1	DURANCE16S_EXP_14Avi1001Cn03A_durance1	DURANCE16S_14Avi1001Cn03A	durance1	prep1	1	14Avi1001Cn03A_durance1	ERR17751629	ERX17142172	14Avi1001Cn03A_S401_L001_R1_001.fastq.gz	775c9aa94aa4757a0a0f44a4d664ea92	14Avi1001Cn03A_S401_L001_R2_001.fastq.gz	fef4d334e03a3a4861c1279db8dafd78	14Avi1001Cn03A	biological	fish gut metagenome	Avi	hindgut [UBERON:0001046]	2014
PRJEB124417	DURANCE16S_RUN_14Avi1001Cn03A_durance2	DURANCE16S_EXP_14Avi1001Cn03A_durance2	DURANCE16S_14Avi1001Cn03A	durance2	prep2	1	14Avi1001Cn03A_durance2	ERR17751628	ERX17142171	14Avi1001Cn03A_S401_L001_R1_001.fastq.gz	cb403d1b0eeaa8352fb45bdd7ff2242d	14Avi1001Cn03A_S401_L001_R2_001.fastq.gz	77cff6b3545a1078347061c1fdf7a2e1	14Avi1001Cn03A	biological	fish gut metagenome	Avi	hindgut [UBERON:0001046]	2014
PRJEB124417	DURANCE16S_RUN_14Avi1001Cn03A_durance3	DURANCE16S_EXP_14Avi1001Cn03A_durance3	DURANCE16S_14Avi1001Cn03A	durance3	prep2	2	14Avi1001Cn03A_durance3	ERR17751630	ERX17142173	14Avi1001Cn03A_S401_L001_R1_001.fastq.gz	6ecbe38c939d6e21f577eb4fa62c7b9f	14Avi1001Cn03A_S401_L001_R2_001.fastq.gz	370223eab41c95c30cc44ea25cf017f2	14Avi1001Cn03A	biological	fish gut metagenome	Avi	hindgut [UBERON:0001046]	2014
PRJEB124417	DURANCE16S_RUN_14Avi1001Cn05A_durance1	DURANCE16S_EXP_14Avi1001Cn05A_durance1	DURANCE16S_14Avi1001Cn05A	durance1	prep1	1	14Avi1001Cn05A_durance1	ERR17751631	ERX17142174	14Avi1001Cn05A_S209_L001_R1_001.fastq.gz	e1089e7507163e16ef4403a27c5052f9	14Avi1001Cn05A_S209_L001_R2_001.fastq.gz	346d54fcfe52e2e5a64d3a1abf52f9a9	14Avi1001Cn05A	biological	gill metagenome	Avi	gill [UBERON:0002535]	2014
PRJEB124417	DURANCE16S_RUN_14Avi1001Cn05A_durance2	DURANCE16S_EXP_14Avi1001Cn05A_durance2	DURANCE16S_14Avi1001Cn05A	durance2	prep2	1	14Avi1001Cn05A_durance2	ERR17751632	ERX17142175	14Avi1001Cn05A_S209_L001_R1_001.fastq.gz	d79c951be8eba1311f0df6942468343e	14Avi1001Cn05A_S209_L001_R2_001.fastq.gz	71f3ac833261ff2ea8e016d4084df1ec	14Avi1001Cn05A	biological	gill metagenome	Avi	gill [UBERON:0002535]	2014
PRJEB124417	DURANCE16S_RUN_14Avi1001Cn05A_durance3	DURANCE16S_EXP_14Avi1001Cn05A_durance3	DURANCE16S_14Avi1001Cn05A	durance3	prep2	2	14Avi1001Cn05A_durance3	ERR17751634	ERX17142177	14Avi1001Cn05A_S209_L001_R1_001.fastq.gz	c9d8ef99f0c88622128c87d5421cf033	14Avi1001Cn05A_S209_L001_R2_001.fastq.gz	3c38721cf96347961d08737aadbfeb5b	14Avi1001Cn05A	biological	gill metagenome	Avi	gill [UBERON:0002535]	2014
PRJEB124417	DURANCE16S_RUN_14Avi1002Cn01A_durance1	DURANCE16S_EXP_14Avi1002Cn01A_durance1	DURANCE16S_14Avi1002Cn01A	durance1	prep1	1	14Avi1002Cn01A_durance1	ERR17751633	ERX17142176	14Avi1002Cn01A_S29_L001_R1_001.fastq.gz	454e54236202bf2eaa5406604c557eeb	14Avi1002Cn01A_S29_L001_R2_001.fastq.gz	9aaae204bdd3a294d03e168e3a8f15d4	14Avi1002Cn01A	biological	fish metagenome	Avi	caudal fin [UBERON:4000164]	2014
PRJEB124417	DURANCE16S_RUN_14Avi1002Cn01A_durance2	DURANCE16S_EXP_14Avi1002Cn01A_durance2	DURANCE16S_14Avi1002Cn01A	durance2	prep2	1	14Avi1002Cn01A_durance2	ERR17751635	ERX17142178	14Avi1002Cn01A_S29_L001_R1_001.fastq.gz	ca2e55907bade7b49491e46ef7d289ae	14Avi1002Cn01A_S29_L001_R2_001.fastq.gz	c8e7506be9daaa72334ed4c1403072b3	14Avi1002Cn01A	biological	fish metagenome	Avi	caudal fin [UBERON:4000164]	2014
PRJEB124417	DURANCE16S_RUN_14Avi1002Cn01A_durance3	DURANCE16S_EXP_14Avi1002Cn01A_durance3	DURANCE16S_14Avi1002Cn01A	durance3	prep2	2	14Avi1002Cn01A_durance3	ERR17751636	ERX17142179	14Avi1002Cn01A_S29_L001_R1_001.fastq.gz	32dd56b3cec60a18a7296c1262b8e608	14Avi1002Cn01A_S29_L001_R2_001.fastq.gz	3b694c6d50a8e4c5212c46fe16d594e7	14Avi1002Cn01A	biological	fish metagenome	Avi	caudal fin [UBERON:4000164]	2014
PRJEB124417	DURANCE16S_RUN_14Avi1002Cn02A_durance1	DURANCE16S_EXP_14Avi1002Cn02A_durance1	DURANCE16S_14Avi1002Cn02A	durance1	prep1	1	14Avi1002Cn02A_durance1	ERR17751637	ERX17142180	14Avi1002Cn02A_S593_L001_R1_001.fastq.gz	d12c11769e1d8f87be03284a9bd915b3	14Avi1002Cn02A_S593_L001_R2_001.fastq.gz	33a382fc499bb8f179db0b71ccbb0611	14Avi1002Cn02A	biological	fish gut metagenome	Avi	midgut [UBERON:0001045]	2014
PRJEB124417	DURANCE16S_RUN_14Avi1002Cn02A_durance2	DURANCE16S_EXP_14Avi1002Cn02A_durance2	DURANCE16S_14Avi1002Cn02A	durance2	prep2	1	14Avi1002Cn02A_durance2	ERR17751638	ERX17142181	14Avi1002Cn02A_S593_L001_R1_001.fastq.gz	48dd8d7516574e12fe523df37ad45510	14Avi1002Cn02A_S593_L001_R2_001.fastq.gz	9b1ae9c9fc34ccb687bf732cd0359bff	14Avi1002Cn02A	biological	fish gut metagenome	Avi	midgut [UBERON:0001045]	2014
PRJEB124417	DURANCE16S_RUN_14Avi1002Cn02A_durance3	DURANCE16S_EXP_14Avi1002Cn02A_durance3	DURANCE16S_14Avi1002Cn02A	durance3	prep2	2	14Avi1002Cn02A_durance3	ERR17751640	ERX17142183	14Avi1002Cn02A_S593_L001_R1_001.fastq.gz	2f4058c5f1e461c43a7f8d8cc5df0888	14Avi1002Cn02A_S593_L001_R2_001.fastq.gz	26efb7c286261a991c7d7ce3212c52fb	14Avi1002Cn02A	biological	fish gut metagenome	Avi	midgut [UBERON:0001045]	2014
PRJEB124417	DURANCE16S_RUN_14Avi1002Cn03A_durance1	DURANCE16S_EXP_14Avi1002Cn03A_durance1	DURANCE16S_14Avi1002Cn03A	durance1	prep1	1	14Avi1002Cn03A_durance1	ERR17751639	ERX17142182	14Avi1002Cn03A_S413_L001_R1_001.fastq.gz	9407cd3da27582e976d0beadc3f697a2	14Avi1002Cn03A_S413_L001_R2_001.fastq.gz	86a051848bd6012ef2575e7916115d70	14Avi1002Cn03A	biological	fish gut metagenome	Avi	hindgut [UBERON:0001046]	2014
PRJEB124417	DURANCE16S_RUN_14Avi1002Cn03A_durance2	DURANCE16S_EXP_14Avi1002Cn03A_durance2	DURANCE16S_14Avi1002Cn03A	durance2	prep2	1	14Avi1002Cn03A_durance2	ERR17751642	ERX17142185	14Avi1002Cn03A_S413_L001_R1_001.fastq.gz	265de158b06a6208a5d8b950a41127c9	14Avi1002Cn03A_S413_L001_R2_001.fastq.gz	a994a95ce6e04ea75c2cabceae52f83f	14Avi1002Cn03A	biological	fish gut metagenome	Avi	hindgut [UBERON:0001046]	2014
PRJEB124417	DURANCE16S_RUN_14Avi1002Cn03A_durance3	DURANCE16S_EXP_14Avi1002Cn03A_durance3	DURANCE16S_14Avi1002Cn03A	durance3	prep2	2	14Avi1002Cn03A_durance3	ERR17751641	ERX17142184	14Avi1002Cn03A_S413_L001_R1_001.fastq.gz	02ef077e7066e8e9cbf7647fe9ee4d55	14Avi1002Cn03A_S413_L001_R2_001.fastq.gz	ae4a0547669c651561960609059d81fe	14Avi1002Cn03A	biological	fish gut metagenome	Avi	hindgut [UBERON:0001046]	2014
PRJEB124417	DURANCE16S_RUN_14Avi1002Cn05A_durance1	DURANCE16S_EXP_14Avi1002Cn05A_durance1	DURANCE16S_14Avi1002Cn05A	durance1	prep1	1	14Avi1002Cn05A_durance1	ERR17751644	ERX17142187	14Avi1002Cn05A_S221_L001_R1_001.fastq.gz	2c1d7302d6807ab4ace1e87e4f625f38	14Avi1002Cn05A_S221_L001_R2_001.fastq.gz	e94412645bdb2a75296155d8bc0ca1f4	14Avi1002Cn05A	biological	gill metagenome	Avi	gill [UBERON:0002535]	2014
PRJEB124417	DURANCE16S_RUN_14Avi1002Cn05A_durance2	DURANCE16S_EXP_14Avi1002Cn05A_durance2	DURANCE16S_14Avi1002Cn05A	durance2	prep2	1	14Avi1002Cn05A_durance2	ERR17751643	ERX17142186	14Avi1002Cn05A_S221_L001_R1_001.fastq.gz	adde491de7485c852ce94fc45d294791	14Avi1002Cn05A_S221_L001_R2_001.fastq.gz	da50352cebb5c9f55e2d4921b527028c	14Avi1002Cn05A	biological	gill metagenome	Avi	gill [UBERON:0002535]	2014
PRJEB124417	DURANCE16S_RUN_14Avi1002Cn05A_durance3	DURANCE16S_EXP_14Avi1002Cn05A_durance3	DURANCE16S_14Avi1002Cn05A	durance3	prep2	2	14Avi1002Cn05A_durance3	ERR17751645	ERX17142188	14Avi1002Cn05A_S221_L001_R1_001.fastq.gz	417f3aff5ee8f6860c1e9bbbe10b30b5	14Avi1002Cn05A_S221_L001_R2_001.fastq.gz	e911723466de050363df4f1d297bb293	14Avi1002Cn05A	biological	gill metagenome	Avi	gill [UBERON:0002535]	2014
PRJEB124417	DURANCE16S_RUN_14Avi1003Cn01A_durance1	DURANCE16S_EXP_14Avi1003Cn01A_durance1	DURANCE16S_14Avi1003Cn01A	durance1	prep1	1	14Avi1003Cn01A_durance1	ERR17751646	ERX17142189	14Avi1003Cn01A_S41_L001_R1_001.fastq.gz	f2fd2819e7cde2b746cc59fab265258d	14Avi1003Cn01A_S41_L001_R2_001.fastq.gz	aad2dce1ffce78188a8093b834066795	14Avi1003Cn01A	biological	fish metagenome	Avi	caudal fin [UBERON:4000164]	2014
PRJEB124417	DURANCE16S_RUN_14Avi1003Cn01A_durance2	DURANCE16S_EXP_14Avi1003Cn01A_durance2	DURANCE16S_14Avi1003Cn01A	durance2	prep2	1	14Avi1003Cn01A_durance2	ERR17751647	ERX17142190	14Avi1003Cn01A_S41_L001_R1_001.fastq.gz	e17abbfa912cb4417edbd894900afda9	14Avi1003Cn01A_S41_L001_R2_001.fastq.gz	37a938c82543772365acd1435b236a31	14Avi1003Cn01A	biological	fish metagenome	Avi	caudal fin [UBERON:4000164]	2014
PRJEB124417	DURANCE16S_RUN_14Avi1003Cn01A_durance3	DURANCE16S_EXP_14Avi1003Cn01A_durance3	DURANCE16S_14Avi1003Cn01A	durance3	prep2	2	14Avi1003Cn01A_durance3	ERR17751650	ERX17142193	14Avi1003Cn01A_S41_L001_R1_001.fastq.gz	b9f4b7b66b1ed33a52877965bf268992	14Avi1003Cn01A_S41_L001_R2_001.fastq.gz	c58ea802d8c9c7085f4acd1e27dc5a7b	14Avi1003Cn01A	biological	fish metagenome	Avi	caudal fin [UBERON:4000164]	2014
PRJEB124417	DURANCE16S_RUN_14Avi1003Cn02A_durance1	DURANCE16S_EXP_14Avi1003Cn02A_durance1	DURANCE16S_14Avi1003Cn02A	durance1	prep1	1	14Avi1003Cn02A_durance1	ERR17751649	ERX17142192	14Avi1003Cn02A_S605_L001_R1_001.fastq.gz	20d6866bc007f9214cc07c986ce1bb3e	14Avi1003Cn02A_S605_L001_R2_001.fastq.gz	db58727e41ed0bfac6763b44722938ed	14Avi1003Cn02A	biological	fish gut metagenome	Avi	midgut [UBERON:0001045]	2014
PRJEB124417	DURANCE16S_RUN_14Avi1003Cn02A_durance2	DURANCE16S_EXP_14Avi1003Cn02A_durance2	DURANCE16S_14Avi1003Cn02A	durance2	prep2	1	14Avi1003Cn02A_durance2	ERR17751648	ERX17142191	14Avi1003Cn02A_S605_L001_R1_001.fastq.gz	2fc995ff83efb6f6159e38982e6f8a66	14Avi1003Cn02A_S605_L001_R2_001.fastq.gz	e259b42fed084c133449c867178647d8	14Avi1003Cn02A	biological	fish gut metagenome	Avi	midgut [UBERON:0001045]	2014
PRJEB124417	DURANCE16S_RUN_14Avi1003Cn02A_durance3	DURANCE16S_EXP_14Avi1003Cn02A_durance3	DURANCE16S_14Avi1003Cn02A	durance3	prep2	2	14Avi1003Cn02A_durance3	ERR17751652	ERX17142195	14Avi1003Cn02A_S605_L001_R1_001.fastq.gz	5d3af12211b04b2cdde2179ed6f92f06	14Avi1003Cn02A_S605_L001_R2_001.fastq.gz	30db9178c457d4fed3f77af8c61775e0	14Avi1003Cn02A	biological	fish gut metagenome	Avi	midgut [UBERON:0001045]	2014
PRJEB124417	DURANCE16S_RUN_14Avi1003Cn03A_durance1	DURANCE16S_EXP_14Avi1003Cn03A_durance1	DURANCE16S_14Avi1003Cn03A	durance1	prep1	1	14Avi1003Cn03A_durance1	ERR17751651	ERX17142194	14Avi1003Cn03A_S425_L001_R1_001.fastq.gz	add685fd111e57b1ebb365d3b71ee77e	14Avi1003Cn03A_S425_L001_R2_001.fastq.gz	85b33bf45f2963696bbecf33e0dca4a0	14Avi1003Cn03A	biological	fish gut metagenome	Avi	hindgut [UBERON:0001046]	2014
PRJEB124417	DURANCE16S_RUN_14Avi1003Cn03A_durance2	DURANCE16S_EXP_14Avi1003Cn03A_durance2	DURANCE16S_14Avi1003Cn03A	durance2	prep2	1	14Avi1003Cn03A_durance2	ERR17751653	ERX17142196	14Avi1003Cn03A_S425_L001_R1_001.fastq.gz	31560474ecad9a5a55e0e281cd71594c	14Avi1003Cn03A_S425_L001_R2_001.fastq.gz	3e6a76d1014c2bc3f93e7015d5f75137	14Avi1003Cn03A	biological	fish gut metagenome	Avi	hindgut [UBERON:0001046]	2014
PRJEB124417	DURANCE16S_RUN_14Avi1003Cn03A_durance3	DURANCE16S_EXP_14Avi1003Cn03A_durance3	DURANCE16S_14Avi1003Cn03A	durance3	prep2	2	14Avi1003Cn03A_durance3	ERR17751655	ERX17142198	14Avi1003Cn03A_S425_L001_R1_001.fastq.gz	dc48f5a11bf6e57e929da0a1ec527683	14Avi1003Cn03A_S425_L001_R2_001.fastq.gz	35623ca80a7dc46a790124d04b90affd	14Avi1003Cn03A	biological	fish gut metagenome	Avi	hindgut [UBERON:0001046]	2014
PRJEB124417	DURANCE16S_RUN_14Avi1003Cn05A_durance1	DURANCE16S_EXP_14Avi1003Cn05A_durance1	DURANCE16S_14Avi1003Cn05A	durance1	prep1	1	14Avi1003Cn05A_durance1	ERR17751656	ERX17142199	14Avi1003Cn05A_S233_L001_R1_001.fastq.gz	0905029b0592657440cd8133b85a02f1	14Avi1003Cn05A_S233_L001_R2_001.fastq.gz	5e13af5483f70442905b46ec85248caa	14Avi1003Cn05A	biological	gill metagenome	Avi	gill [UBERON:0002535]	2014
PRJEB124417	DURANCE16S_RUN_14Avi1003Cn05A_durance2	DURANCE16S_EXP_14Avi1003Cn05A_durance2	DURANCE16S_14Avi1003Cn05A	durance2	prep2	1	14Avi1003Cn05A_durance2	ERR17751657	ERX17142200	14Avi1003Cn05A_S233_L001_R1_001.fastq.gz	91259dd0457c270b55a1d7cf9f9b1679	14Avi1003Cn05A_S233_L001_R2_001.fastq.gz	f60177bbb1298002b5dae49ebac43ef0	14Avi1003Cn05A	biological	gill metagenome	Avi	gill [UBERON:0002535]	2014
PRJEB124417	DURANCE16S_RUN_14Avi1003Cn05A_durance3	DURANCE16S_EXP_14Avi1003Cn05A_durance3	DURANCE16S_14Avi1003Cn05A	durance3	prep2	2	14Avi1003Cn05A_durance3	ERR17751654	ERX17142197	14Avi1003Cn05A_S233_L001_R1_001.fastq.gz	d7152837c504cc855ac40d625ac92da9	14Avi1003Cn05A_S233_L001_R2_001.fastq.gz	2aaa6733937c89ed4b4c6496d783bb0b	14Avi1003Cn05A	biological	gill metagenome	Avi	gill [UBERON:0002535]	2014
PRJEB124417	DURANCE16S_RUN_14Avi1004Cn01A_durance1	DURANCE16S_EXP_14Avi1004Cn01A_durance1	DURANCE16S_14Avi1004Cn01A	durance1	prep1	1	14Avi1004Cn01A_durance1	ERR17751658	ERX17142201	14Avi1004Cn01A_S53_L001_R1_001.fastq.gz	a21d19bbd04f05e0bdf8656b18301365	14Avi1004Cn01A_S53_L001_R2_001.fastq.gz	e6447d4f9053fa1459a4e440c145c0de	14Avi1004Cn01A	biological	fish metagenome	Avi	caudal fin [UBERON:4000164]	2014
PRJEB124417	DURANCE16S_RUN_14Avi1004Cn01A_durance2	DURANCE16S_EXP_14Avi1004Cn01A_durance2	DURANCE16S_14Avi1004Cn01A	durance2	prep2	1	14Avi1004Cn01A_durance2	ERR17751659	ERX17142202	14Avi1004Cn01A_S53_L001_R1_001.fastq.gz	b6276fa1d12f01897a35c3887e4e41a8	14Avi1004Cn01A_S53_L001_R2_001.fastq.gz	c2cae5538ad535df123c50fe4fa7240d	14Avi1004Cn01A	biological	fish metagenome	Avi	caudal fin [UBERON:4000164]	2014
PRJEB124417	DURANCE16S_RUN_14Avi1004Cn01A_durance3	DURANCE16S_EXP_14Avi1004Cn01A_durance3	DURANCE16S_14Avi1004Cn01A	durance3	prep2	2	14Avi1004Cn01A_durance3	ERR17751660	ERX17142203	14Avi1004Cn01A_S53_L001_R1_001.fastq.gz	35df429ab6da5e4ab354f1041dbecf21	14Avi1004Cn01A_S53_L001_R2_001.fastq.gz	f8dd751505fb22353528cec3e91ab116	14Avi1004Cn01A	biological	fish metagenome	Avi	caudal fin [UBERON:4000164]	2014
PRJEB124417	DURANCE16S_RUN_14Avi1004Cn02A_durance1	DURANCE16S_EXP_14Avi1004Cn02A_durance1	DURANCE16S_14Avi1004Cn02A	durance1	prep1	1	14Avi1004Cn02A_durance1	ERR17751661	ERX17142204	14Avi1004Cn02A_S617_L001_R1_001.fastq.gz	3cf2eecd77a56899fb269b469859c1b8	14Avi1004Cn02A_S617_L001_R2_001.fastq.gz	63e8af3f4d6f17aa3fce6c60f8d49546	14Avi1004Cn02A	biological	fish gut metagenome	Avi	midgut [UBERON:0001045]	2014
PRJEB124417	DURANCE16S_RUN_14Avi1004Cn02A_durance2	DURANCE16S_EXP_14Avi1004Cn02A_durance2	DURANCE16S_14Avi1004Cn02A	durance2	prep2	1	14Avi1004Cn02A_durance2	ERR17751662	ERX17142205	14Avi1004Cn02A_S617_L001_R1_001.fastq.gz	fdafd7f0b772ae317721069cd1d5bdc7	14Avi1004Cn02A_S617_L001_R2_001.fastq.gz	95d711cba80accf0e6787532733d452e	14Avi1004Cn02A	biological	fish gut metagenome	Avi	midgut [UBERON:0001045]	2014
PRJEB124417	DURANCE16S_RUN_14Avi1004Cn02A_durance3	DURANCE16S_EXP_14Avi1004Cn02A_durance3	DURANCE16S_14Avi1004Cn02A	durance3	prep2	2	14Avi1004Cn02A_durance3	ERR17751664	ERX17142207	14Avi1004Cn02A_S617_L001_R1_001.fastq.gz	ba3a2bdfa91104b2937516d8da4f6f60	14Avi1004Cn02A_S617_L001_R2_001.fastq.gz	0f18b0890c29b4d15277cfd30e20bca5	14Avi1004Cn02A	biological	fish gut metagenome	Avi	midgut [UBERON:0001045]	2014
PRJEB124417	DURANCE16S_RUN_14Avi1004Cn03A_durance1	DURANCE16S_EXP_14Avi1004Cn03A_durance1	DURANCE16S_14Avi1004Cn03A	durance1	prep1	1	14Avi1004Cn03A_durance1	ERR17751665	ERX17142208	14Avi1004Cn03A_S437_L001_R1_001.fastq.gz	0fa9d9388a99a66eac747f2a0637701a	14Avi1004Cn03A_S437_L001_R2_001.fastq.gz	502b60f63f6234d302273d813d6da82e	14Avi1004Cn03A	biological	fish gut metagenome	Avi	hindgut [UBERON:0001046]	2014
PRJEB124417	DURANCE16S_RUN_14Avi1004Cn03A_durance2	DURANCE16S_EXP_14Avi1004Cn03A_durance2	DURANCE16S_14Avi1004Cn03A	durance2	prep2	1	14Avi1004Cn03A_durance2	ERR17751663	ERX17142206	14Avi1004Cn03A_S437_L001_R1_001.fastq.gz	0318dae12391fed74e65f8f0311abfa2	14Avi1004Cn03A_S437_L001_R2_001.fastq.gz	a7117c9a5d59396feb709e642111382b	14Avi1004Cn03A	biological	fish gut metagenome	Avi	hindgut [UBERON:0001046]	2014
PRJEB124417	DURANCE16S_RUN_14Avi1004Cn03A_durance3	DURANCE16S_EXP_14Avi1004Cn03A_durance3	DURANCE16S_14Avi1004Cn03A	durance3	prep2	2	14Avi1004Cn03A_durance3	ERR17751666	ERX17142209	14Avi1004Cn03A_S437_L001_R1_001.fastq.gz	9d774b13a5e1ce05fc872c462b21c013	14Avi1004Cn03A_S437_L001_R2_001.fastq.gz	07db0f4fbaf8498ac3aa6f6cbf7f3650	14Avi1004Cn03A	biological	fish gut metagenome	Avi	hindgut [UBERON:0001046]	2014
PRJEB124417	DURANCE16S_RUN_14Avi1004Cn05A_durance1	DURANCE16S_EXP_14Avi1004Cn05A_durance1	DURANCE16S_14Avi1004Cn05A	durance1	prep1	1	14Avi1004Cn05A_durance1	ERR17751667	ERX17142210	14Avi1004Cn05A_S245_L001_R1_001.fastq.gz	5fb35f53484e06ebc6b1fb76efab62ee	14Avi1004Cn05A_S245_L001_R2_001.fastq.gz	db35c2f756dea97d7e2adf2d98bb8861	14Avi1004Cn05A	biological	gill metagenome	Avi	gill [UBERON:0002535]	2014
PRJEB124417	DURANCE16S_RUN_14Avi1004Cn05A_durance2	DURANCE16S_EXP_14Avi1004Cn05A_durance2	DURANCE16S_14Avi1004Cn05A	durance2	prep2	1	14Avi1004Cn05A_durance2	ERR17751668	ERX17142211	14Avi1004Cn05A_S245_L001_R1_001.fastq.gz	f5eb332db8f5c977c9adfdf01c7ef9b5	14Avi1004Cn05A_S245_L001_R2_001.fastq.gz	2f5b3a582785feb8c8c75214d4ec7f51	14Avi1004Cn05A	biological	gill metagenome	Avi	gill [UBERON:0002535]	2014
PRJEB124417	DURANCE16S_RUN_14Avi1004Cn05A_durance3	DURANCE16S_EXP_14Avi1004Cn05A_durance3	DURANCE16S_14Avi1004Cn05A	durance3	prep2	2	14Avi1004Cn05A_durance3	ERR17751669	ERX17142212	14Avi1004Cn05A_S245_L001_R1_001.fastq.gz	a759724bd5b7841742be9bf53b4724fa	14Avi1004Cn05A_S245_L001_R2_001.fastq.gz	1bfc0c6a3e2b3d17418b4cf1b877d3ef	14Avi1004Cn05A	biological	gill metagenome	Avi	gill [UBERON:0002535]	2014
PRJEB124417	DURANCE16S_RUN_14Avi1005Cn01A_durance1	DURANCE16S_EXP_14Avi1005Cn01A_durance1	DURANCE16S_14Avi1005Cn01A	durance1	prep1	1	14Avi1005Cn01A_durance1	ERR17751670	ERX17142213	14Avi1005Cn01A_S65_L001_R1_001.fastq.gz	99cb438d77526b615841b8256fda2257	14Avi1005Cn01A_S65_L001_R2_001.fastq.gz	f441c6c9c560012b8289383aec115602	14Avi1005Cn01A	biological	fish metagenome	Avi	caudal fin [UBERON:4000164]	2014
PRJEB124417	DURANCE16S_RUN_14Avi1005Cn01A_durance2	DURANCE16S_EXP_14Avi1005Cn01A_durance2	DURANCE16S_14Avi1005Cn01A	durance2	prep2	1	14Avi1005Cn01A_durance2	ERR17751673	ERX17142216	14Avi1005Cn01A_S65_L001_R1_001.fastq.gz	9da8f5713a9c9f2d4be6236a620d8d0b	14Avi1005Cn01A_S65_L001_R2_001.fastq.gz	cae02ae8d4567ad22218a96b9d9df3b0	14Avi1005Cn01A	biological	fish metagenome	Avi	caudal fin [UBERON:4000164]	2014
PRJEB124417	DURANCE16S_RUN_14Avi1005Cn01A_durance3	DURANCE16S_EXP_14Avi1005Cn01A_durance3	DURANCE16S_14Avi1005Cn01A	durance3	prep2	2	14Avi1005Cn01A_durance3	ERR17751674	ERX17142217	14Avi1005Cn01A_S65_L001_R1_001.fastq.gz	cad33c73f3f1c34b8789594d855442d3	14Avi1005Cn01A_S65_L001_R2_001.fastq.gz	7d41d2b0728febb9b08b731c47b06969	14Avi1005Cn01A	biological	fish metagenome	Avi	caudal fin [UBERON:4000164]	2014
PRJEB124417	DURANCE16S_RUN_14Avi1005Cn02A_durance1	DURANCE16S_EXP_14Avi1005Cn02A_durance1	DURANCE16S_14Avi1005Cn02A	durance1	prep1	1	14Avi1005Cn02A_durance1	ERR17751671	ERX17142214	14Avi1005Cn02A_S629_L001_R1_001.fastq.gz	71abc508172ab32cf4d3d26ab13d40f3	14Avi1005Cn02A_S629_L001_R2_001.fastq.gz	99fe1fd909a0a244c7a4e8b4c6130bf9	14Avi1005Cn02A	biological	fish gut metagenome	Avi	midgut [UBERON:0001045]	2014
PRJEB124417	DURANCE16S_RUN_14Avi1005Cn02A_durance2	DURANCE16S_EXP_14Avi1005Cn02A_durance2	DURANCE16S_14Avi1005Cn02A	durance2	prep2	1	14Avi1005Cn02A_durance2	ERR17751672	ERX17142215	14Avi1005Cn02A_S629_L001_R1_001.fastq.gz	1ccd7999ce3f9577c218634b2dbd274b	14Avi1005Cn02A_S629_L001_R2_001.fastq.gz	c3aa6959ade21de3c7abe7fbf7928c43	14Avi1005Cn02A	biological	fish gut metagenome	Avi	midgut [UBERON:0001045]	2014
PRJEB124417	DURANCE16S_RUN_14Avi1005Cn02A_durance3	DURANCE16S_EXP_14Avi1005Cn02A_durance3	DURANCE16S_14Avi1005Cn02A	durance3	prep2	2	14Avi1005Cn02A_durance3	ERR17751675	ERX17142218	14Avi1005Cn02A_S629_L001_R1_001.fastq.gz	02c9f703131f57c3afc19b183ba57bfe	14Avi1005Cn02A_S629_L001_R2_001.fastq.gz	4fc3449c88eee62a9d21e0ccbaaaaed3	14Avi1005Cn02A	biological	fish gut metagenome	Avi	midgut [UBERON:0001045]	2014
PRJEB124417	DURANCE16S_RUN_14Avi1005Cn03A_durance1	DURANCE16S_EXP_14Avi1005Cn03A_durance1	DURANCE16S_14Avi1005Cn03A	durance1	prep1	1	14Avi1005Cn03A_durance1	ERR17751676	ERX17142219	14Avi1005Cn03A_S449_L001_R1_001.fastq.gz	21fb3f7076a3db63b501ebeada5f30eb	14Avi1005Cn03A_S449_L001_R2_001.fastq.gz	627bb3d9ee0018a8b5f6087c85eaaaf7	14Avi1005Cn03A	biological	fish gut metagenome	Avi	hindgut [UBERON:0001046]	2014
PRJEB124417	DURANCE16S_RUN_14Avi1005Cn03A_durance2	DURANCE16S_EXP_14Avi1005Cn03A_durance2	DURANCE16S_14Avi1005Cn03A	durance2	prep2	1	14Avi1005Cn03A_durance2	ERR17751677	ERX17142220	14Avi1005Cn03A_S449_L001_R1_001.fastq.gz	d07456da7ac8d3452ed6b841f27d0218	14Avi1005Cn03A_S449_L001_R2_001.fastq.gz	a53b2a58b8a218f23542624615c7e22a	14Avi1005Cn03A	biological	fish gut metagenome	Avi	hindgut [UBERON:0001046]	2014
PRJEB124417	DURANCE16S_RUN_14Avi1005Cn03A_durance3	DURANCE16S_EXP_14Avi1005Cn03A_durance3	DURANCE16S_14Avi1005Cn03A	durance3	prep2	2	14Avi1005Cn03A_durance3	ERR17751678	ERX17142221	14Avi1005Cn03A_S449_L001_R1_001.fastq.gz	ddc8426ceadea6175ae8efdf8aba2aa2	14Avi1005Cn03A_S449_L001_R2_001.fastq.gz	a291f39e7cf3f2c5eca1eca88d339d13	14Avi1005Cn03A	biological	fish gut metagenome	Avi	hindgut [UBERON:0001046]	2014
PRJEB124417	DURANCE16S_RUN_14Avi1005Cn05A_durance1	DURANCE16S_EXP_14Avi1005Cn05A_durance1	DURANCE16S_14Avi1005Cn05A	durance1	prep1	1	14Avi1005Cn05A_durance1	ERR17751679	ERX17142222	14Avi1005Cn05A_S257_L001_R1_001.fastq.gz	b2eb201dde3d718f0d422bb6a018c0cf	14Avi1005Cn05A_S257_L001_R2_001.fastq.gz	579a80c03f663f362bbbe61858f0b94e	14Avi1005Cn05A	biological	gill metagenome	Avi	gill [UBERON:0002535]	2014
PRJEB124417	DURANCE16S_RUN_14Avi1005Cn05A_durance2	DURANCE16S_EXP_14Avi1005Cn05A_durance2	DURANCE16S_14Avi1005Cn05A	durance2	prep2	1	14Avi1005Cn05A_durance2	ERR17751680	ERX17142223	14Avi1005Cn05A_S257_L001_R1_001.fastq.gz	b98a7a75bbddf9e70063fb65765a162e	14Avi1005Cn05A_S257_L001_R2_001.fastq.gz	c41e18c7c833c7db52fd36644807aa86	14Avi1005Cn05A	biological	gill metagenome	Avi	gill [UBERON:0002535]	2014
PRJEB124417	DURANCE16S_RUN_14Avi1005Cn05A_durance3	DURANCE16S_EXP_14Avi1005Cn05A_durance3	DURANCE16S_14Avi1005Cn05A	durance3	prep2	2	14Avi1005Cn05A_durance3	ERR17751681	ERX17142224	14Avi1005Cn05A_S257_L001_R1_001.fastq.gz	69ece014fb2e810702214e2aedead34e	14Avi1005Cn05A_S257_L001_R2_001.fastq.gz	8ba374d7e61c2e07c318533eb4b4ab00	14Avi1005Cn05A	biological	gill metagenome	Avi	gill [UBERON:0002535]	2014
PRJEB124417	DURANCE16S_RUN_14Avi1006Cn01A_durance1	DURANCE16S_EXP_14Avi1006Cn01A_durance1	DURANCE16S_14Avi1006Cn01A	durance1	prep1	1	14Avi1006Cn01A_durance1	ERR17751682	ERX17142225	14Avi1006Cn01A_S77_L001_R1_001.fastq.gz	b031bd7365ac5de523537e83b4743690	14Avi1006Cn01A_S77_L001_R2_001.fastq.gz	f4542286678be968cdd08f5b4a9f20f3	14Avi1006Cn01A	biological	fish metagenome	Avi	caudal fin [UBERON:4000164]	2014
PRJEB124417	DURANCE16S_RUN_14Avi1006Cn01A_durance2	DURANCE16S_EXP_14Avi1006Cn01A_durance2	DURANCE16S_14Avi1006Cn01A	durance2	prep2	1	14Avi1006Cn01A_durance2	ERR17751684	ERX17142227	14Avi1006Cn01A_S77_L001_R1_001.fastq.gz	da5f2c7ee16daad53cf092f7b2b11328	14Avi1006Cn01A_S77_L001_R2_001.fastq.gz	609dab047582c51c3fd10397d12f6576	14Avi1006Cn01A	biological	fish metagenome	Avi	caudal fin [UBERON:4000164]	2014
PRJEB124417	DURANCE16S_RUN_14Avi1006Cn01A_durance3	DURANCE16S_EXP_14Avi1006Cn01A_durance3	DURANCE16S_14Avi1006Cn01A	durance3	prep2	2	14Avi1006Cn01A_durance3	ERR17751683	ERX17142226	14Avi1006Cn01A_S77_L001_R1_001.fastq.gz	51a319dac244b1bf7d8ac3af1c3a1943	14Avi1006Cn01A_S77_L001_R2_001.fastq.gz	3ecdc7a933a199ad85ae5b16e1baa3a5	14Avi1006Cn01A	biological	fish metagenome	Avi	caudal fin [UBERON:4000164]	2014
PRJEB124417	DURANCE16S_RUN_14Avi1006Cn02A_durance1	DURANCE16S_EXP_14Avi1006Cn02A_durance1	DURANCE16S_14Avi1006Cn02A	durance1	prep1	1	14Avi1006Cn02A_durance1	ERR17751685	ERX17142228	14Avi1006Cn02A_S641_L001_R1_001.fastq.gz	683eda5bdaed2720b764df49f997e5c9	14Avi1006Cn02A_S641_L001_R2_001.fastq.gz	aff35013d0726f3cf14e2b30a13f5c1b	14Avi1006Cn02A	biological	fish gut metagenome	Avi	midgut [UBERON:0001045]	2014
PRJEB124417	DURANCE16S_RUN_14Avi1006Cn02A_durance2	DURANCE16S_EXP_14Avi1006Cn02A_durance2	DURANCE16S_14Avi1006Cn02A	durance2	prep2	1	14Avi1006Cn02A_durance2	ERR17751686	ERX17142229	14Avi1006Cn02A_S641_L001_R1_001.fastq.gz	77397fabd8dedf05af01bc6d743e21d0	14Avi1006Cn02A_S641_L001_R2_001.fastq.gz	aa6ed423b4688f218db33fdd5376af16	14Avi1006Cn02A	biological	fish gut metagenome	Avi	midgut [UBERON:0001045]	2014
PRJEB124417	DURANCE16S_RUN_14Avi1006Cn02A_durance3	DURANCE16S_EXP_14Avi1006Cn02A_durance3	DURANCE16S_14Avi1006Cn02A	durance3	prep2	2	14Avi1006Cn02A_durance3	ERR17751689	ERX17142232	14Avi1006Cn02A_S641_L001_R1_001.fastq.gz	000d28c54ef46bac11c3fec588789aa5	14Avi1006Cn02A_S641_L001_R2_001.fastq.gz	4dbc142534d52614c6e539823c65a6d8	14Avi1006Cn02A	biological	fish gut metagenome	Avi	midgut [UBERON:0001045]	2014
PRJEB124417	DURANCE16S_RUN_14Avi1006Cn03A_durance1	DURANCE16S_EXP_14Avi1006Cn03A_durance1	DURANCE16S_14Avi1006Cn03A	durance1	prep1	1	14Avi1006Cn03A_durance1	ERR17751687	ERX17142230	14Avi1006Cn03A_S461_L001_R1_001.fastq.gz	b19c1f851eac1a8e3cccff6363e6c461	14Avi1006Cn03A_S461_L001_R2_001.fastq.gz	198e1af3294b3efb5fa379fd454db812	14Avi1006Cn03A	biological	fish gut metagenome	Avi	hindgut [UBERON:0001046]	2014
PRJEB124417	DURANCE16S_RUN_14Avi1006Cn03A_durance2	DURANCE16S_EXP_14Avi1006Cn03A_durance2	DURANCE16S_14Avi1006Cn03A	durance2	prep2	1	14Avi1006Cn03A_durance2	ERR17751688	ERX17142231	14Avi1006Cn03A_S461_L001_R1_001.fastq.gz	d387439a25285953bdf0b06290e8af18	14Avi1006Cn03A_S461_L001_R2_001.fastq.gz	37a10be3be80b78169bd5710be9b269e	14Avi1006Cn03A	biological	fish gut metagenome	Avi	hindgut [UBERON:0001046]	2014
PRJEB124417	DURANCE16S_RUN_14Avi1006Cn03A_durance3	DURANCE16S_EXP_14Avi1006Cn03A_durance3	DURANCE16S_14Avi1006Cn03A	durance3	prep2	2	14Avi1006Cn03A_durance3	ERR17751690	ERX17142233	14Avi1006Cn03A_S461_L001_R1_001.fastq.gz	b92a1d5c48e1b266305c655f2bffb095	14Avi1006Cn03A_S461_L001_R2_001.fastq.gz	636a1c8a155fd1279268c956590c324d	14Avi1006Cn03A	biological	fish gut metagenome	Avi	hindgut [UBERON:0001046]	2014
PRJEB124417	DURANCE16S_RUN_14Avi1006Cn05A_durance1	DURANCE16S_EXP_14Avi1006Cn05A_durance1	DURANCE16S_14Avi1006Cn05A	durance1	prep1	1	14Avi1006Cn05A_durance1	ERR17751691	ERX17142234	14Avi1006Cn05A_S269_L001_R1_001.fastq.gz	0ceff24e5fb1c104f0c94edd8065a36d	14Avi1006Cn05A_S269_L001_R2_001.fastq.gz	715bf4ed87b205f436bc05843d96788e	14Avi1006Cn05A	biological	gill metagenome	Avi	gill [UBERON:0002535]	2014
PRJEB124417	DURANCE16S_RUN_14Avi1006Cn05A_durance2	DURANCE16S_EXP_14Avi1006Cn05A_durance2	DURANCE16S_14Avi1006Cn05A	durance2	prep2	1	14Avi1006Cn05A_durance2	ERR17751693	ERX17142236	14Avi1006Cn05A_S269_L001_R1_001.fastq.gz	be27b3f114b3f877fed3f7da79326834	14Avi1006Cn05A_S269_L001_R2_001.fastq.gz	2191a3166b295ad6f96987be0e3dc6a0	14Avi1006Cn05A	biological	gill metagenome	Avi	gill [UBERON:0002535]	2014
PRJEB124417	DURANCE16S_RUN_14Avi1006Cn05A_durance3	DURANCE16S_EXP_14Avi1006Cn05A_durance3	DURANCE16S_14Avi1006Cn05A	durance3	prep2	2	14Avi1006Cn05A_durance3	ERR17751692	ERX17142235	14Avi1006Cn05A_S269_L001_R1_001.fastq.gz	e2bc56eb04648c12d0c27f41b79f7964	14Avi1006Cn05A_S269_L001_R2_001.fastq.gz	8ef362b9ab81d47e35229c35aa342672	14Avi1006Cn05A	biological	gill metagenome	Avi	gill [UBERON:0002535]	2014
PRJEB124417	DURANCE16S_RUN_14Avi1007Cn01A_durance1	DURANCE16S_EXP_14Avi1007Cn01A_durance1	DURANCE16S_14Avi1007Cn01A	durance1	prep1	1	14Avi1007Cn01A_durance1	ERR17751694	ERX17142237	14Avi1007Cn01A_S89_L001_R1_001.fastq.gz	65bb97fef06ef7a1797f2451c544d70a	14Avi1007Cn01A_S89_L001_R2_001.fastq.gz	798b3674a98ca3bcb93be10646f08a3b	14Avi1007Cn01A	biological	fish metagenome	Avi	caudal fin [UBERON:4000164]	2014
PRJEB124417	DURANCE16S_RUN_14Avi1007Cn01A_durance2	DURANCE16S_EXP_14Avi1007Cn01A_durance2	DURANCE16S_14Avi1007Cn01A	durance2	prep2	1	14Avi1007Cn01A_durance2	ERR17751695	ERX17142238	14Avi1007Cn01A_S89_L001_R1_001.fastq.gz	689924a840466794e547b132868aeaf5	14Avi1007Cn01A_S89_L001_R2_001.fastq.gz	ba1f8a177e8728f25ad91f418fd94a5d	14Avi1007Cn01A	biological	fish metagenome	Avi	caudal fin [UBERON:4000164]	2014
PRJEB124417	DURANCE16S_RUN_14Avi1007Cn01A_durance3	DURANCE16S_EXP_14Avi1007Cn01A_durance3	DURANCE16S_14Avi1007Cn01A	durance3	prep2	2	14Avi1007Cn01A_durance3	ERR17751697	ERX17142240	14Avi1007Cn01A_S89_L001_R1_001.fastq.gz	cda027115bd0450dc634d0020d093066	14Avi1007Cn01A_S89_L001_R2_001.fastq.gz	63c9aacb43db5ae38ab00a1cfa8b77bc	14Avi1007Cn01A	biological	fish metagenome	Avi	caudal fin [UBERON:4000164]	2014
PRJEB124417	DURANCE16S_RUN_14Avi1007Cn02A_durance1	DURANCE16S_EXP_14Avi1007Cn02A_durance1	DURANCE16S_14Avi1007Cn02A	durance1	prep1	1	14Avi1007Cn02A_durance1	ERR17751696	ERX17142239	14Avi1007Cn02A_S653_L001_R1_001.fastq.gz	e8b291fb46ebdd84c15f6138e0280bf3	14Avi1007Cn02A_S653_L001_R2_001.fastq.gz	b2cac3de153c8be1f0e0207812d31d2f	14Avi1007Cn02A	biological	fish gut metagenome	Avi	midgut [UBERON:0001045]	2014
PRJEB124417	DURANCE16S_RUN_14Avi1007Cn02A_durance2	DURANCE16S_EXP_14Avi1007Cn02A_durance2	DURANCE16S_14Avi1007Cn02A	durance2	prep2	1	14Avi1007Cn02A_durance2	ERR17751698	ERX17142241	14Avi1007Cn02A_S653_L001_R1_001.fastq.gz	9db4bc85cae61a2e5c37491a62960f23	14Avi1007Cn02A_S653_L001_R2_001.fastq.gz	6dede2561c99d52c17c824f87681c5fa	14Avi1007Cn02A	biological	fish gut metagenome	Avi	midgut [UBERON:0001045]	2014
PRJEB124417	DURANCE16S_RUN_14Avi1007Cn02A_durance3	DURANCE16S_EXP_14Avi1007Cn02A_durance3	DURANCE16S_14Avi1007Cn02A	durance3	prep2	2	14Avi1007Cn02A_durance3	ERR17751699	ERX17142242	14Avi1007Cn02A_S653_L001_R1_001.fastq.gz	40b094a63d5513345a55fa18353541c0	14Avi1007Cn02A_S653_L001_R2_001.fastq.gz	3a90c214ed0897e406047e37c6a945e0	14Avi1007Cn02A	biological	fish gut metagenome	Avi	midgut [UBERON:0001045]	2014
PRJEB124417	DURANCE16S_RUN_14Avi1007Cn03A_durance1	DURANCE16S_EXP_14Avi1007Cn03A_durance1	DURANCE16S_14Avi1007Cn03A	durance1	prep1	1	14Avi1007Cn03A_durance1	ERR17751700	ERX17142243	14Avi1007Cn03A_S473_L001_R1_001.fastq.gz	fd1f85ac2f14df4e1236c0bb08560704	14Avi1007Cn03A_S473_L001_R2_001.fastq.gz	651bb66a3a733da02dd3aef76f39df15	14Avi1007Cn03A	biological	fish gut metagenome	Avi	hindgut [UBERON:0001046]	2014
PRJEB124417	DURANCE16S_RUN_14Avi1007Cn03A_durance2	DURANCE16S_EXP_14Avi1007Cn03A_durance2	DURANCE16S_14Avi1007Cn03A	durance2	prep2	1	14Avi1007Cn03A_durance2	ERR17751701	ERX17142244	14Avi1007Cn03A_S473_L001_R1_001.fastq.gz	ed9555e817f554bcc97a2543478e7dec	14Avi1007Cn03A_S473_L001_R2_001.fastq.gz	2ea1a45bc4c14ec7cf35ddbcefc9f313	14Avi1007Cn03A	biological	fish gut metagenome	Avi	hindgut [UBERON:0001046]	2014
PRJEB124417	DURANCE16S_RUN_14Avi1007Cn03A_durance3	DURANCE16S_EXP_14Avi1007Cn03A_durance3	DURANCE16S_14Avi1007Cn03A	durance3	prep2	2	14Avi1007Cn03A_durance3	ERR17751702	ERX17142245	14Avi1007Cn03A_S473_L001_R1_001.fastq.gz	91a344ac106e10015de6631247bdd5fe	14Avi1007Cn03A_S473_L001_R2_001.fastq.gz	026ffce5f57a69df651e10c1efe1fedd	14Avi1007Cn03A	biological	fish gut metagenome	Avi	hindgut [UBERON:0001046]	2014
PRJEB124417	DURANCE16S_RUN_14Avi1007Cn05A_durance1	DURANCE16S_EXP_14Avi1007Cn05A_durance1	DURANCE16S_14Avi1007Cn05A	durance1	prep1	1	14Avi1007Cn05A_durance1	ERR17751703	ERX17142246	14Avi1007Cn05A_S281_L001_R1_001.fastq.gz	69b78391ad43ad446d821d6db7e0f67d	14Avi1007Cn05A_S281_L001_R2_001.fastq.gz	1ee243d1830178bf6e54ebfc79b36e32	14Avi1007Cn05A	biological	gill metagenome	Avi	gill [UBERON:0002535]	2014
PRJEB124417	DURANCE16S_RUN_14Avi1007Cn05A_durance2	DURANCE16S_EXP_14Avi1007Cn05A_durance2	DURANCE16S_14Avi1007Cn05A	durance2	prep2	1	14Avi1007Cn05A_durance2	ERR17751704	ERX17142247	14Avi1007Cn05A_S281_L001_R1_001.fastq.gz	bfdf8c47f02403614bc7f61cf07aea00	14Avi1007Cn05A_S281_L001_R2_001.fastq.gz	6872ffabb0d953d454d4262c068e2ae9	14Avi1007Cn05A	biological	gill metagenome	Avi	gill [UBERON:0002535]	2014
PRJEB124417	DURANCE16S_RUN_14Avi1007Cn05A_durance3	DURANCE16S_EXP_14Avi1007Cn05A_durance3	DURANCE16S_14Avi1007Cn05A	durance3	prep2	2	14Avi1007Cn05A_durance3	ERR17751706	ERX17142249	14Avi1007Cn05A_S281_L001_R1_001.fastq.gz	8601ffe7149dde364a2535b990e72dea	14Avi1007Cn05A_S281_L001_R2_001.fastq.gz	5c5ac9b480f48b5098cdd06eea847421	14Avi1007Cn05A	biological	gill metagenome	Avi	gill [UBERON:0002535]	2014
PRJEB124417	DURANCE16S_RUN_14Avi1008Cn01A_durance1	DURANCE16S_EXP_14Avi1008Cn01A_durance1	DURANCE16S_14Avi1008Cn01A	durance1	prep1	1	14Avi1008Cn01A_durance1	ERR17751705	ERX17142248	14Avi1008Cn01A_S6_L001_R1_001.fastq.gz	d6fffc00c464d7cdf3bec56f864337b5	14Avi1008Cn01A_S6_L001_R2_001.fastq.gz	8bff7a352d64901c0cee7446cbeb6788	14Avi1008Cn01A	biological	fish metagenome	Avi	caudal fin [UBERON:4000164]	2014
PRJEB124417	DURANCE16S_RUN_14Avi1008Cn01A_durance2	DURANCE16S_EXP_14Avi1008Cn01A_durance2	DURANCE16S_14Avi1008Cn01A	durance2	prep2	1	14Avi1008Cn01A_durance2	ERR17751709	ERX17142252	14Avi1008Cn01A_S6_L001_R1_001.fastq.gz	755a00857866ce7020b0271fb62edf7d	14Avi1008Cn01A_S6_L001_R2_001.fastq.gz	379b059986e33882dec78ea27d06e86f	14Avi1008Cn01A	biological	fish metagenome	Avi	caudal fin [UBERON:4000164]	2014
PRJEB124417	DURANCE16S_RUN_14Avi1008Cn01A_durance3	DURANCE16S_EXP_14Avi1008Cn01A_durance3	DURANCE16S_14Avi1008Cn01A	durance3	prep2	2	14Avi1008Cn01A_durance3	ERR17751707	ERX17142250	14Avi1008Cn01A_S6_L001_R1_001.fastq.gz	ef59c4e66b334f3f9bc5fb760a012e8e	14Avi1008Cn01A_S6_L001_R2_001.fastq.gz	dd09efe4814993d587eabd1b409c5130	14Avi1008Cn01A	biological	fish metagenome	Avi	caudal fin [UBERON:4000164]	2014
PRJEB124417	DURANCE16S_RUN_14Avi1008Cn02A_durance1	DURANCE16S_EXP_14Avi1008Cn02A_durance1	DURANCE16S_14Avi1008Cn02A	durance1	prep1	1	14Avi1008Cn02A_durance1	ERR17751708	ERX17142251	14Avi1008Cn02A_S665_L001_R1_001.fastq.gz	54d2a03f10d273898075b5655792e508	14Avi1008Cn02A_S665_L001_R2_001.fastq.gz	1b956ef60b498232c9fe43568f063589	14Avi1008Cn02A	biological	fish gut metagenome	Avi	midgut [UBERON:0001045]	2014
PRJEB124417	DURANCE16S_RUN_14Avi1008Cn02A_durance2	DURANCE16S_EXP_14Avi1008Cn02A_durance2	DURANCE16S_14Avi1008Cn02A	durance2	prep2	1	14Avi1008Cn02A_durance2	ERR17751710	ERX17142253	14Avi1008Cn02A_S665_L001_R1_001.fastq.gz	f714b9662e9de632370208bcef7bd33c	14Avi1008Cn02A_S665_L001_R2_001.fastq.gz	d52ecaa21bda709ab8b853e38383a27c	14Avi1008Cn02A	biological	fish gut metagenome	Avi	midgut [UBERON:0001045]	2014
PRJEB124417	DURANCE16S_RUN_14Avi1008Cn02A_durance3	DURANCE16S_EXP_14Avi1008Cn02A_durance3	DURANCE16S_14Avi1008Cn02A	durance3	prep2	2	14Avi1008Cn02A_durance3	ERR17751711	ERX17142254	14Avi1008Cn02A_S665_L001_R1_001.fastq.gz	58cf204cf3c8b129f2454a04453229c5	14Avi1008Cn02A_S665_L001_R2_001.fastq.gz	dcc2de9e67e0328b38d8c9e2ca13a4f3	14Avi1008Cn02A	biological	fish gut metagenome	Avi	midgut [UBERON:0001045]	2014
PRJEB124417	DURANCE16S_RUN_14Avi1008Cn03A_durance1	DURANCE16S_EXP_14Avi1008Cn03A_durance1	DURANCE16S_14Avi1008Cn03A	durance1	prep1	1	14Avi1008Cn03A_durance1	ERR17751712	ERX17142255	14Avi1008Cn03A_S390_L001_R1_001.fastq.gz	740136270e11901f1c5e682357093fc2	14Avi1008Cn03A_S390_L001_R2_001.fastq.gz	e1a9af75f775b46430efb06414f92acb	14Avi1008Cn03A	biological	fish gut metagenome	Avi	hindgut [UBERON:0001046]	2014
PRJEB124417	DURANCE16S_RUN_14Avi1008Cn03A_durance2	DURANCE16S_EXP_14Avi1008Cn03A_durance2	DURANCE16S_14Avi1008Cn03A	durance2	prep2	1	14Avi1008Cn03A_durance2	ERR17751714	ERX17142257	14Avi1008Cn03A_S390_L001_R1_001.fastq.gz	d9cffd8b5572045bc42f8258851bb6c8	14Avi1008Cn03A_S390_L001_R2_001.fastq.gz	eb606f4e69e5dd77048e098cf6177a80	14Avi1008Cn03A	biological	fish gut metagenome	Avi	hindgut [UBERON:0001046]	2014
PRJEB124417	DURANCE16S_RUN_14Avi1008Cn03A_durance3	DURANCE16S_EXP_14Avi1008Cn03A_durance3	DURANCE16S_14Avi1008Cn03A	durance3	prep2	2	14Avi1008Cn03A_durance3	ERR17751713	ERX17142256	14Avi1008Cn03A_S390_L001_R1_001.fastq.gz	6245ff3a6d0e13de99bceacd77680063	14Avi1008Cn03A_S390_L001_R2_001.fastq.gz	f27985e6f11d4ed5e643c899d987931d	14Avi1008Cn03A	biological	fish gut metagenome	Avi	hindgut [UBERON:0001046]	2014
PRJEB124417	DURANCE16S_RUN_14Avi1008Cn05A_durance1	DURANCE16S_EXP_14Avi1008Cn05A_durance1	DURANCE16S_14Avi1008Cn05A	durance1	prep1	1	14Avi1008Cn05A_durance1	ERR17751715	ERX17142258	14Avi1008Cn05A_S198_L001_R1_001.fastq.gz	4ce4739b58cd562e67f77828a66e0c49	14Avi1008Cn05A_S198_L001_R2_001.fastq.gz	fc0466d668375a53e03489a1c2cec6c5	14Avi1008Cn05A	biological	gill metagenome	Avi	gill [UBERON:0002535]	2014
PRJEB124417	DURANCE16S_RUN_14Avi1008Cn05A_durance2	DURANCE16S_EXP_14Avi1008Cn05A_durance2	DURANCE16S_14Avi1008Cn05A	durance2	prep2	1	14Avi1008Cn05A_durance2	ERR17751716	ERX17142259	14Avi1008Cn05A_S198_L001_R1_001.fastq.gz	704d32521c73e2abeb6a27d888548053	14Avi1008Cn05A_S198_L001_R2_001.fastq.gz	510774d1ddb1c28a1339f245ad0d476b	14Avi1008Cn05A	biological	gill metagenome	Avi	gill [UBERON:0002535]	2014
PRJEB124417	DURANCE16S_RUN_14Avi1008Cn05A_durance3	DURANCE16S_EXP_14Avi1008Cn05A_durance3	DURANCE16S_14Avi1008Cn05A	durance3	prep2	2	14Avi1008Cn05A_durance3	ERR17751717	ERX17142260	14Avi1008Cn05A_S198_L001_R1_001.fastq.gz	5000addfff447cb3dc2ff2f467e10e4a	14Avi1008Cn05A_S198_L001_R2_001.fastq.gz	8a6c239c86821e69c52df5de2a0d5c7b	14Avi1008Cn05A	biological	gill metagenome	Avi	gill [UBERON:0002535]	2014
PRJEB124417	DURANCE16S_RUN_14Avi1036-Cn03A_durance1	DURANCE16S_EXP_14Avi1036-Cn03A_durance1	DURANCE16S_14Avi1036-Cn03A	durance1	prep1	1	14Avi1036-Cn03A_durance1	ERR17751723	ERX17142266	14Avi1036-Cn03A_S402_L001_R1_001.fastq.gz	f236ba2f6b3bef685c9f83732ec63a68	14Avi1036-Cn03A_S402_L001_R2_001.fastq.gz	b169f5430df52b22f3cced0d2094810a	14Avi1036-Cn03A	biological	fish gut metagenome	Avi	hindgut [UBERON:0001046]	2014
PRJEB124417	DURANCE16S_RUN_14Avi1036-Cn03A_durance2	DURANCE16S_EXP_14Avi1036-Cn03A_durance2	DURANCE16S_14Avi1036-Cn03A	durance2	prep2	1	14Avi1036-Cn03A_durance2	ERR17751725	ERX17142268	14Avi1036-Cn03A_S402_L001_R1_001.fastq.gz	ad13bddfdaa5f0ac6b78f6ac28caaea4	14Avi1036-Cn03A_S402_L001_R2_001.fastq.gz	79bedc95e50111add7c2a9ff5b9c0324	14Avi1036-Cn03A	biological	fish gut metagenome	Avi	hindgut [UBERON:0001046]	2014
PRJEB124417	DURANCE16S_RUN_14Avi1036-Cn03A_durance3	DURANCE16S_EXP_14Avi1036-Cn03A_durance3	DURANCE16S_14Avi1036-Cn03A	durance3	prep2	2	14Avi1036-Cn03A_durance3	ERR17751726	ERX17142269	14Avi1036-Cn03A_S402_L001_R1_001.fastq.gz	94bcb6294a30c888f77c5bfe65e20e06	14Avi1036-Cn03A_S402_L001_R2_001.fastq.gz	4c9568b129051198fc35b19ef242922a	14Avi1036-Cn03A	biological	fish gut metagenome	Avi	hindgut [UBERON:0001046]	2014
PRJEB124417	DURANCE16S_RUN_14Avi1036Cn01A_durance1	DURANCE16S_EXP_14Avi1036Cn01A_durance1	DURANCE16S_14Avi1036Cn01A	durance1	prep1	1	14Avi1036Cn01A_durance1	ERR17751719	ERX17142262	14Avi1036Cn01A_S18_L001_R1_001.fastq.gz	5e94dc8503209370c72869cb89c3b6cc	14Avi1036Cn01A_S18_L001_R2_001.fastq.gz	94e46ece4f0f109bfa7078c2f0bacb88	14Avi1036Cn01A	biological	fish metagenome	Avi	caudal fin [UBERON:4000164]	2014
PRJEB124417	DURANCE16S_RUN_14Avi1036Cn01A_durance2	DURANCE16S_EXP_14Avi1036Cn01A_durance2	DURANCE16S_14Avi1036Cn01A	durance2	prep2	1	14Avi1036Cn01A_durance2	ERR17751718	ERX17142261	14Avi1036Cn01A_S18_L001_R1_001.fastq.gz	1bf3d2a5a640b3776355776553b8fcfe	14Avi1036Cn01A_S18_L001_R2_001.fastq.gz	e9d6dafdc8e399dd732e7630e4721d50	14Avi1036Cn01A	biological	fish metagenome	Avi	caudal fin [UBERON:4000164]	2014
PRJEB124417	DURANCE16S_RUN_14Avi1036Cn01A_durance3	DURANCE16S_EXP_14Avi1036Cn01A_durance3	DURANCE16S_14Avi1036Cn01A	durance3	prep2	2	14Avi1036Cn01A_durance3	ERR17751720	ERX17142263	14Avi1036Cn01A_S18_L001_R1_001.fastq.gz	9cbe0c90f3af0e3e6e75a66e649db6cf	14Avi1036Cn01A_S18_L001_R2_001.fastq.gz	78b72859c661803dc4e5ea25a2adfc8b	14Avi1036Cn01A	biological	fish metagenome	Avi	caudal fin [UBERON:4000164]	2014
PRJEB124417	DURANCE16S_RUN_14Avi1036Cn02A_durance1	DURANCE16S_EXP_14Avi1036Cn02A_durance1	DURANCE16S_14Avi1036Cn02A	durance1	prep1	1	14Avi1036Cn02A_durance1	ERR17751724	ERX17142267	14Avi1036Cn02A_S582_L001_R1_001.fastq.gz	428463ee1768aed683c5cf2022ef2a31	14Avi1036Cn02A_S582_L001_R2_001.fastq.gz	c59e341e024a2ba49736042614f39d64	14Avi1036Cn02A	biological	fish gut metagenome	Avi	midgut [UBERON:0001045]	2014
PRJEB124417	DURANCE16S_RUN_14Avi1036Cn02A_durance2	DURANCE16S_EXP_14Avi1036Cn02A_durance2	DURANCE16S_14Avi1036Cn02A	durance2	prep2	1	14Avi1036Cn02A_durance2	ERR17751722	ERX17142265	14Avi1036Cn02A_S582_L001_R1_001.fastq.gz	09cbfae3b998a1e39a15df733cf18a1c	14Avi1036Cn02A_S582_L001_R2_001.fastq.gz	859c4e24c111fe036536f8ae80a1114b	14Avi1036Cn02A	biological	fish gut metagenome	Avi	midgut [UBERON:0001045]	2014
PRJEB124417	DURANCE16S_RUN_14Avi1036Cn02A_durance3	DURANCE16S_EXP_14Avi1036Cn02A_durance3	DURANCE16S_14Avi1036Cn02A	durance3	prep2	2	14Avi1036Cn02A_durance3	ERR17751721	ERX17142264	14Avi1036Cn02A_S582_L001_R1_001.fastq.gz	0f1515d4d9052066dd6dbfac4697f1e4	14Avi1036Cn02A_S582_L001_R2_001.fastq.gz	d0f4259f08b74ac7b162a529f39e7605	14Avi1036Cn02A	biological	fish gut metagenome	Avi	midgut [UBERON:0001045]	2014
PRJEB124417	DURANCE16S_RUN_14Avi1036Cn05A_durance1	DURANCE16S_EXP_14Avi1036Cn05A_durance1	DURANCE16S_14Avi1036Cn05A	durance1	prep1	1	14Avi1036Cn05A_durance1	ERR17751727	ERX17142270	14Avi1036Cn05A_S210_L001_R1_001.fastq.gz	c1ba64bb276c0901b40b69b66ddc7340	14Avi1036Cn05A_S210_L001_R2_001.fastq.gz	20919b194c51224d1d2b94f92087000b	14Avi1036Cn05A	biological	gill metagenome	Avi	gill [UBERON:0002535]	2014
PRJEB124417	DURANCE16S_RUN_14Avi1036Cn05A_durance2	DURANCE16S_EXP_14Avi1036Cn05A_durance2	DURANCE16S_14Avi1036Cn05A	durance2	prep2	1	14Avi1036Cn05A_durance2	ERR17751728	ERX17142271	14Avi1036Cn05A_S210_L001_R1_001.fastq.gz	74839d23f3833bc505187b20c4e04b7d	14Avi1036Cn05A_S210_L001_R2_001.fastq.gz	83228413c2ee5413199ee6c063f9f3c6	14Avi1036Cn05A	biological	gill metagenome	Avi	gill [UBERON:0002535]	2014
PRJEB124417	DURANCE16S_RUN_14Avi1036Cn05A_durance3	DURANCE16S_EXP_14Avi1036Cn05A_durance3	DURANCE16S_14Avi1036Cn05A	durance3	prep2	2	14Avi1036Cn05A_durance3	ERR17751729	ERX17142272	14Avi1036Cn05A_S210_L001_R1_001.fastq.gz	56e904157e47f3c79dd948b91dd4c02f	14Avi1036Cn05A_S210_L001_R2_001.fastq.gz	d3158dd3fad1190eaeb175d8ef759d05	14Avi1036Cn05A	biological	gill metagenome	Avi	gill [UBERON:0002535]	2014
PRJEB124417	DURANCE16S_RUN_14Avi1037-01A_durance1	DURANCE16S_EXP_14Avi1037-01A_durance1	DURANCE16S_14Avi1037-01A	durance1	prep1	1	14Avi1037-01A_durance1	ERR17751732	ERX17142275	14Avi1037-01A_S30_L001_R1_001.fastq.gz	77f1d6ed5f0df29cadf72e4b0eaa4892	14Avi1037-01A_S30_L001_R2_001.fastq.gz	b0dbcb58518b7f3f4685da568bb53231	14Avi1037-01A	biological	fish metagenome	Avi	caudal fin [UBERON:4000164]	2014
PRJEB124417	DURANCE16S_RUN_14Avi1037-01A_durance2	DURANCE16S_EXP_14Avi1037-01A_durance2	DURANCE16S_14Avi1037-01A	durance2	prep2	1	14Avi1037-01A_durance2	ERR17751730	ERX17142273	14Avi1037-01A_S30_L001_R1_001.fastq.gz	9f7c3bdc2b40f05ced2e90b4e32caf05	14Avi1037-01A_S30_L001_R2_001.fastq.gz	a25a6b94b963e34b2d59d1ebec0e39fa	14Avi1037-01A	biological	fish metagenome	Avi	caudal fin [UBERON:4000164]	2014
PRJEB124417	DURANCE16S_RUN_14Avi1037-01A_durance3	DURANCE16S_EXP_14Avi1037-01A_durance3	DURANCE16S_14Avi1037-01A	durance3	prep2	2	14Avi1037-01A_durance3	ERR17751733	ERX17142276	14Avi1037-01A_S30_L001_R1_001.fastq.gz	86037284f2a7f22b8eee02dcddeaf937	14Avi1037-01A_S30_L001_R2_001.fastq.gz	be5e2bfe3ee1db983b465e6e694c593a	14Avi1037-01A	biological	fish metagenome	Avi	caudal fin [UBERON:4000164]	2014
PRJEB124417	DURANCE16S_RUN_14Avi1037Cn02A_durance1	DURANCE16S_EXP_14Avi1037Cn02A_durance1	DURANCE16S_14Avi1037Cn02A	durance1	prep1	1	14Avi1037Cn02A_durance1	ERR17751731	ERX17142274	14Avi1037Cn02A_S594_L001_R1_001.fastq.gz	81a866e383dde0aa251adc3419eff61b	14Avi1037Cn02A_S594_L001_R2_001.fastq.gz	0d3ab1d65f2616a161366203bf00a102	14Avi1037Cn02A	biological	fish gut metagenome	Avi	midgut [UBERON:0001045]	2014
PRJEB124417	DURANCE16S_RUN_14Avi1037Cn02A_durance2	DURANCE16S_EXP_14Avi1037Cn02A_durance2	DURANCE16S_14Avi1037Cn02A	durance2	prep2	1	14Avi1037Cn02A_durance2	ERR17751734	ERX17142277	14Avi1037Cn02A_S594_L001_R1_001.fastq.gz	bcefbd753aea4f3503755a3e0cb66d7e	14Avi1037Cn02A_S594_L001_R2_001.fastq.gz	46b2ac6752d500cba70b257f29484810	14Avi1037Cn02A	biological	fish gut metagenome	Avi	midgut [UBERON:0001045]	2014
PRJEB124417	DURANCE16S_RUN_14Avi1037Cn02A_durance3	DURANCE16S_EXP_14Avi1037Cn02A_durance3	DURANCE16S_14Avi1037Cn02A	durance3	prep2	2	14Avi1037Cn02A_durance3	ERR17751736	ERX17142279	14Avi1037Cn02A_S594_L001_R1_001.fastq.gz	efcecf54768dc34f8011c87fa5a0fd88	14Avi1037Cn02A_S594_L001_R2_001.fastq.gz	573a20917ce75e1fdab61b668d0542ad	14Avi1037Cn02A	biological	fish gut metagenome	Avi	midgut [UBERON:0001045]	2014
PRJEB124417	DURANCE16S_RUN_14Avi1037Cn03A_durance1	DURANCE16S_EXP_14Avi1037Cn03A_durance1	DURANCE16S_14Avi1037Cn03A	durance1	prep1	1	14Avi1037Cn03A_durance1	ERR17751738	ERX17142281	14Avi1037Cn03A_S414_L001_R1_001.fastq.gz	ff0b1f5d865501ab8d8a5677f3eac207	14Avi1037Cn03A_S414_L001_R2_001.fastq.gz	a4716d12f3967dd3191e450df010b0f2	14Avi1037Cn03A	biological	fish gut metagenome	Avi	hindgut [UBERON:0001046]	2014
PRJEB124417	DURANCE16S_RUN_14Avi1037Cn03A_durance2	DURANCE16S_EXP_14Avi1037Cn03A_durance2	DURANCE16S_14Avi1037Cn03A	durance2	prep2	1	14Avi1037Cn03A_durance2	ERR17751737	ERX17142280	14Avi1037Cn03A_S414_L001_R1_001.fastq.gz	50b6090e83be38cfd69aa83f042c4efa	14Avi1037Cn03A_S414_L001_R2_001.fastq.gz	49d616bc0abccaefa21413fd3685f1d8	14Avi1037Cn03A	biological	fish gut metagenome	Avi	hindgut [UBERON:0001046]	2014
PRJEB124417	DURANCE16S_RUN_14Avi1037Cn03A_durance3	DURANCE16S_EXP_14Avi1037Cn03A_durance3	DURANCE16S_14Avi1037Cn03A	durance3	prep2	2	14Avi1037Cn03A_durance3	ERR17751739	ERX17142282	14Avi1037Cn03A_S414_L001_R1_001.fastq.gz	0f2fa3d322908b584cc7745f352aedd5	14Avi1037Cn03A_S414_L001_R2_001.fastq.gz	98262e17507f2aabba575acf108914c6	14Avi1037Cn03A	biological	fish gut metagenome	Avi	hindgut [UBERON:0001046]	2014
PRJEB124417	DURANCE16S_RUN_14Avi1037Cn05A_durance1	DURANCE16S_EXP_14Avi1037Cn05A_durance1	DURANCE16S_14Avi1037Cn05A	durance1	prep1	1	14Avi1037Cn05A_durance1	ERR17751740	ERX17142283	14Avi1037Cn05A_S222_L001_R1_001.fastq.gz	d5e83a89e397a72d6b0c0e4ee1f918b6	14Avi1037Cn05A_S222_L001_R2_001.fastq.gz	24f1528afdfd00c7e7eb6ce912746d97	14Avi1037Cn05A	biological	gill metagenome	Avi	gill [UBERON:0002535]	2014
PRJEB124417	DURANCE16S_RUN_14Avi1037Cn05A_durance2	DURANCE16S_EXP_14Avi1037Cn05A_durance2	DURANCE16S_14Avi1037Cn05A	durance2	prep2	1	14Avi1037Cn05A_durance2	ERR17751741	ERX17142284	14Avi1037Cn05A_S222_L001_R1_001.fastq.gz	0bc0bd221bf9858da5d58216de63e72b	14Avi1037Cn05A_S222_L001_R2_001.fastq.gz	4486ab26614328e82eea7781ad1edbae	14Avi1037Cn05A	biological	gill metagenome	Avi	gill [UBERON:0002535]	2014
PRJEB124417	DURANCE16S_RUN_14Avi1037Cn05A_durance3	DURANCE16S_EXP_14Avi1037Cn05A_durance3	DURANCE16S_14Avi1037Cn05A	durance3	prep2	2	14Avi1037Cn05A_durance3	ERR17751742	ERX17142285	14Avi1037Cn05A_S222_L001_R1_001.fastq.gz	91db65a3087524840a67d5cb630b3db9	14Avi1037Cn05A_S222_L001_R2_001.fastq.gz	8935b9a7ce6dcbc2d76fc26ef8758c40	14Avi1037Cn05A	biological	gill metagenome	Avi	gill [UBERON:0002535]	2014
PRJEB124417	DURANCE16S_RUN_14Avi1038Cn01A_durance1	DURANCE16S_EXP_14Avi1038Cn01A_durance1	DURANCE16S_14Avi1038Cn01A	durance1	prep1	1	14Avi1038Cn01A_durance1	ERR17751743	ERX17142286	14Avi1038Cn01A_S42_L001_R1_001.fastq.gz	e4f0e76eec3c0b8495a69c8f6214889b	14Avi1038Cn01A_S42_L001_R2_001.fastq.gz	f7d5f326593fc5c3c8aee903af5c7ce6	14Avi1038Cn01A	biological	fish metagenome	Avi	caudal fin [UBERON:4000164]	2014
PRJEB124417	DURANCE16S_RUN_14Avi1038Cn01A_durance2	DURANCE16S_EXP_14Avi1038Cn01A_durance2	DURANCE16S_14Avi1038Cn01A	durance2	prep2	1	14Avi1038Cn01A_durance2	ERR17751744	ERX17142287	14Avi1038Cn01A_S42_L001_R1_001.fastq.gz	941aa93b0f16de6af6db71e5322374c9	14Avi1038Cn01A_S42_L001_R2_001.fastq.gz	0e19d0b5ae31cb7a16e3048bf9102bed	14Avi1038Cn01A	biological	fish metagenome	Avi	caudal fin [UBERON:4000164]	2014
PRJEB124417	DURANCE16S_RUN_14Avi1038Cn01A_durance3	DURANCE16S_EXP_14Avi1038Cn01A_durance3	DURANCE16S_14Avi1038Cn01A	durance3	prep2	2	14Avi1038Cn01A_durance3	ERR17751745	ERX17142288	14Avi1038Cn01A_S42_L001_R1_001.fastq.gz	6101b42f80ed57ca644034ac8b47a696	14Avi1038Cn01A_S42_L001_R2_001.fastq.gz	15b9aba8ffdd517d0d2f4f310f1fd2c3	14Avi1038Cn01A	biological	fish metagenome	Avi	caudal fin [UBERON:4000164]	2014
PRJEB124417	DURANCE16S_RUN_14Avi1038Cn02A_durance1	DURANCE16S_EXP_14Avi1038Cn02A_durance1	DURANCE16S_14Avi1038Cn02A	durance1	prep1	1	14Avi1038Cn02A_durance1	ERR17751746	ERX17142289	14Avi1038Cn02A_S606_L001_R1_001.fastq.gz	e00ececf2b4d3db2b9c02881ad7ca6ac	14Avi1038Cn02A_S606_L001_R2_001.fastq.gz	8d98f5a5c516b08372f6aac5ece38fbc	14Avi1038Cn02A	biological	fish gut metagenome	Avi	midgut [UBERON:0001045]	2014
PRJEB124417	DURANCE16S_RUN_14Avi1038Cn02A_durance2	DURANCE16S_EXP_14Avi1038Cn02A_durance2	DURANCE16S_14Avi1038Cn02A	durance2	prep2	1	14Avi1038Cn02A_durance2	ERR17751747	ERX17142290	14Avi1038Cn02A_S606_L001_R1_001.fastq.gz	3667a5e191a7b924b0196355fb751072	14Avi1038Cn02A_S606_L001_R2_001.fastq.gz	c2dae01bfb01c536fe8225588292e3df	14Avi1038Cn02A	biological	fish gut metagenome	Avi	midgut [UBERON:0001045]	2014
PRJEB124417	DURANCE16S_RUN_14Avi1038Cn02A_durance3	DURANCE16S_EXP_14Avi1038Cn02A_durance3	DURANCE16S_14Avi1038Cn02A	durance3	prep2	2	14Avi1038Cn02A_durance3	ERR17751750	ERX17142293	14Avi1038Cn02A_S606_L001_R1_001.fastq.gz	26a8596888879e1cbf11767922a22f5a	14Avi1038Cn02A_S606_L001_R2_001.fastq.gz	781c528ad60c65f5e4a7616c79e4a75f	14Avi1038Cn02A	biological	fish gut metagenome	Avi	midgut [UBERON:0001045]	2014
PRJEB124417	DURANCE16S_RUN_14Avi1038Cn03A_durance1	DURANCE16S_EXP_14Avi1038Cn03A_durance1	DURANCE16S_14Avi1038Cn03A	durance1	prep1	1	14Avi1038Cn03A_durance1	ERR17751748	ERX17142291	14Avi1038Cn03A_S426_L001_R1_001.fastq.gz	9e3474ff5b4a729d764cb12f68457c5c	14Avi1038Cn03A_S426_L001_R2_001.fastq.gz	4ede8e0052d179083a0551ea7e091a9e	14Avi1038Cn03A	biological	fish gut metagenome	Avi	hindgut [UBERON:0001046]	2014
PRJEB124417	DURANCE16S_RUN_14Avi1038Cn03A_durance2	DURANCE16S_EXP_14Avi1038Cn03A_durance2	DURANCE16S_14Avi1038Cn03A	durance2	prep2	1	14Avi1038Cn03A_durance2	ERR17751749	ERX17142292	14Avi1038Cn03A_S426_L001_R1_001.fastq.gz	fc74a2db0260b38096dcb416f5981896	14Avi1038Cn03A_S426_L001_R2_001.fastq.gz	1b20b15a2a9a753b97d90504bcf43533	14Avi1038Cn03A	biological	fish gut metagenome	Avi	hindgut [UBERON:0001046]	2014
PRJEB124417	DURANCE16S_RUN_14Avi1038Cn03A_durance3	DURANCE16S_EXP_14Avi1038Cn03A_durance3	DURANCE16S_14Avi1038Cn03A	durance3	prep2	2	14Avi1038Cn03A_durance3	ERR17751751	ERX17142294	14Avi1038Cn03A_S426_L001_R1_001.fastq.gz	84993c8f5794133f900073bc0cdf637b	14Avi1038Cn03A_S426_L001_R2_001.fastq.gz	1eb89b6104774bda06e354669d972883	14Avi1038Cn03A	biological	fish gut metagenome	Avi	hindgut [UBERON:0001046]	2014
PRJEB124417	DURANCE16S_RUN_14Avi1038Cn05A_durance1	DURANCE16S_EXP_14Avi1038Cn05A_durance1	DURANCE16S_14Avi1038Cn05A	durance1	prep1	1	14Avi1038Cn05A_durance1	ERR17751752	ERX17142295	14Avi1038Cn05A_S234_L001_R1_001.fastq.gz	7f4ce122a04b6f19f6140e74f824e33b	14Avi1038Cn05A_S234_L001_R2_001.fastq.gz	3dc9da8d8247efb9663ea3100da6489f	14Avi1038Cn05A	biological	gill metagenome	Avi	gill [UBERON:0002535]	2014
PRJEB124417	DURANCE16S_RUN_14Avi1038Cn05A_durance2	DURANCE16S_EXP_14Avi1038Cn05A_durance2	DURANCE16S_14Avi1038Cn05A	durance2	prep2	1	14Avi1038Cn05A_durance2	ERR17751753	ERX17142296	14Avi1038Cn05A_S234_L001_R1_001.fastq.gz	4b1eba96f8fc71e502f9efe7e43c1f33	14Avi1038Cn05A_S234_L001_R2_001.fastq.gz	6564b9ee77629f78ce16891486e1ed1f	14Avi1038Cn05A	biological	gill metagenome	Avi	gill [UBERON:0002535]	2014
PRJEB124417	DURANCE16S_RUN_14Avi1038Cn05A_durance3	DURANCE16S_EXP_14Avi1038Cn05A_durance3	DURANCE16S_14Avi1038Cn05A	durance3	prep2	2	14Avi1038Cn05A_durance3	ERR17751754	ERX17142297	14Avi1038Cn05A_S234_L001_R1_001.fastq.gz	f5b57e20c0230483b9076a4120ebbeb1	14Avi1038Cn05A_S234_L001_R2_001.fastq.gz	67e342bd15d6dafcd826e78677391b93	14Avi1038Cn05A	biological	gill metagenome	Avi	gill [UBERON:0002535]	2014
PRJEB124417	DURANCE16S_RUN_14Bue1001Cn01A_durance1	DURANCE16S_EXP_14Bue1001Cn01A_durance1	DURANCE16S_14Bue1001Cn01A	durance1	prep1	1	14Bue1001Cn01A_durance1	ERR17751756	ERX17142299	14Bue1001Cn01A_S54_L001_R1_001.fastq.gz	23eae05c0d15ee75646d17c1f28a946a	14Bue1001Cn01A_S54_L001_R2_001.fastq.gz	0eaacc72183c2ed1780b7bb3b45001ce	14Bue1001Cn01A	biological	fish metagenome	Bue	caudal fin [UBERON:4000164]	2014
PRJEB124417	DURANCE16S_RUN_14Bue1001Cn01A_durance2	DURANCE16S_EXP_14Bue1001Cn01A_durance2	DURANCE16S_14Bue1001Cn01A	durance2	prep2	1	14Bue1001Cn01A_durance2	ERR17751755	ERX17142298	14Bue1001Cn01A_S54_L001_R1_001.fastq.gz	8dd2ec74b96b0248f7ee8299aedd26a6	14Bue1001Cn01A_S54_L001_R2_001.fastq.gz	e7559ba09b4dc1e2c4ebdad5498a7e26	14Bue1001Cn01A	biological	fish metagenome	Bue	caudal fin [UBERON:4000164]	2014
PRJEB124417	DURANCE16S_RUN_14Bue1001Cn01A_durance3	DURANCE16S_EXP_14Bue1001Cn01A_durance3	DURANCE16S_14Bue1001Cn01A	durance3	prep2	2	14Bue1001Cn01A_durance3	ERR17751757	ERX17142300	14Bue1001Cn01A_S54_L001_R1_001.fastq.gz	6f094a84f9fb128ec1856ba441298513	14Bue1001Cn01A_S54_L001_R2_001.fastq.gz	d8de6a8c53a5d7f26545679df6cb4f72	14Bue1001Cn01A	biological	fish metagenome	Bue	caudal fin [UBERON:4000164]	2014
PRJEB124417	DURANCE16S_RUN_14Bue1001Cn02A_durance1	DURANCE16S_EXP_14Bue1001Cn02A_durance1	DURANCE16S_14Bue1001Cn02A	durance1	prep1	1	14Bue1001Cn02A_durance1	ERR17751758	ERX17142301	14Bue1001Cn02A_S618_L001_R1_001.fastq.gz	917b03f7b254d2fe33cc82149fcfcb1e	14Bue1001Cn02A_S618_L001_R2_001.fastq.gz	d1d7184e5ca2ed9920e6a8c6b86f57dd	14Bue1001Cn02A	biological	fish gut metagenome	Bue	midgut [UBERON:0001045]	2014
PRJEB124417	DURANCE16S_RUN_14Bue1001Cn02A_durance2	DURANCE16S_EXP_14Bue1001Cn02A_durance2	DURANCE16S_14Bue1001Cn02A	durance2	prep2	1	14Bue1001Cn02A_durance2	ERR17751759	ERX17142302	14Bue1001Cn02A_S618_L001_R1_001.fastq.gz	294923a61d19e74108000f39a06a0917	14Bue1001Cn02A_S618_L001_R2_001.fastq.gz	2cfd980011e28798872d1f2f4e70338f	14Bue1001Cn02A	biological	fish gut metagenome	Bue	midgut [UBERON:0001045]	2014
PRJEB124417	DURANCE16S_RUN_14Bue1001Cn02A_durance3	DURANCE16S_EXP_14Bue1001Cn02A_durance3	DURANCE16S_14Bue1001Cn02A	durance3	prep2	2	14Bue1001Cn02A_durance3	ERR17751761	ERX17142304	14Bue1001Cn02A_S618_L001_R1_001.fastq.gz	42016e3157da4a14916792d2d0ef4794	14Bue1001Cn02A_S618_L001_R2_001.fastq.gz	e0a79e713be71986fce93a026176bfdf	14Bue1001Cn02A	biological	fish gut metagenome	Bue	midgut [UBERON:0001045]	2014
PRJEB124417	DURANCE16S_RUN_14Bue1001Cn03A_durance1	DURANCE16S_EXP_14Bue1001Cn03A_durance1	DURANCE16S_14Bue1001Cn03A	durance1	prep1	1	14Bue1001Cn03A_durance1	ERR17751762	ERX17142305	14Bue1001Cn03A_S438_L001_R1_001.fastq.gz	551a08fef36eac592399d941ebba8087	14Bue1001Cn03A_S438_L001_R2_001.fastq.gz	4a7af93535d5186af80a12725651624b	14Bue1001Cn03A	biological	fish gut metagenome	Bue	hindgut [UBERON:0001046]	2014
PRJEB124417	DURANCE16S_RUN_14Bue1001Cn03A_durance2	DURANCE16S_EXP_14Bue1001Cn03A_durance2	DURANCE16S_14Bue1001Cn03A	durance2	prep2	1	14Bue1001Cn03A_durance2	ERR17751763	ERX17142306	14Bue1001Cn03A_S438_L001_R1_001.fastq.gz	491b31c880ece402e4de145442f17f88	14Bue1001Cn03A_S438_L001_R2_001.fastq.gz	d5939c97e3a42a39a3a09d3d8b496d95	14Bue1001Cn03A	biological	fish gut metagenome	Bue	hindgut [UBERON:0001046]	2014
PRJEB124417	DURANCE16S_RUN_14Bue1001Cn03A_durance3	DURANCE16S_EXP_14Bue1001Cn03A_durance3	DURANCE16S_14Bue1001Cn03A	durance3	prep2	2	14Bue1001Cn03A_durance3	ERR17751765	ERX17142308	14Bue1001Cn03A_S438_L001_R1_001.fastq.gz	e346ce1f0e252258cde7d9f7760df89d	14Bue1001Cn03A_S438_L001_R2_001.fastq.gz	278c8ac286c3c441464eb8d1db69a757	14Bue1001Cn03A	biological	fish gut metagenome	Bue	hindgut [UBERON:0001046]	2014
PRJEB124417	DURANCE16S_RUN_14Bue1001Cn05A_durance1	DURANCE16S_EXP_14Bue1001Cn05A_durance1	DURANCE16S_14Bue1001Cn05A	durance1	prep1	1	14Bue1001Cn05A_durance1	ERR17751760	ERX17142303	14Bue1001Cn05A_S246_L001_R1_001.fastq.gz	64b9abf4d10754ae709283cc0100c5ec	14Bue1001Cn05A_S246_L001_R2_001.fastq.gz	8eaf7a859752e6dce354fb5018135c93	14Bue1001Cn05A	biological	gill metagenome	Bue	gill [UBERON:0002535]	2014
PRJEB124417	DURANCE16S_RUN_14Bue1001Cn05A_durance2	DURANCE16S_EXP_14Bue1001Cn05A_durance2	DURANCE16S_14Bue1001Cn05A	durance2	prep2	1	14Bue1001Cn05A_durance2	ERR17751766	ERX17142309	14Bue1001Cn05A_S246_L001_R1_001.fastq.gz	9fd1a15971115964daf87e34d56749cc	14Bue1001Cn05A_S246_L001_R2_001.fastq.gz	6658618f46d297a4a43ef166a2ce8822	14Bue1001Cn05A	biological	gill metagenome	Bue	gill [UBERON:0002535]	2014
PRJEB124417	DURANCE16S_RUN_14Bue1001Cn05A_durance3	DURANCE16S_EXP_14Bue1001Cn05A_durance3	DURANCE16S_14Bue1001Cn05A	durance3	prep2	2	14Bue1001Cn05A_durance3	ERR17751764	ERX17142307	14Bue1001Cn05A_S246_L001_R1_001.fastq.gz	382c8323ee9bc7d723d198f7dca6fe22	14Bue1001Cn05A_S246_L001_R2_001.fastq.gz	4cbdf5fd6f47ef5c4867fc80ff95626d	14Bue1001Cn05A	biological	gill metagenome	Bue	gill [UBERON:0002535]	2014
PRJEB124417	DURANCE16S_RUN_14Bue1002Cn01A_durance1	DURANCE16S_EXP_14Bue1002Cn01A_durance1	DURANCE16S_14Bue1002Cn01A	durance1	prep1	1	14Bue1002Cn01A_durance1	ERR17751767	ERX17142310	14Bue1002Cn01A_S66_L001_R1_001.fastq.gz	054862fccc9cbf93b3ad55caff21b478	14Bue1002Cn01A_S66_L001_R2_001.fastq.gz	5159c59e52e1240d1648b29536abd513	14Bue1002Cn01A	biological	fish metagenome	Bue	caudal fin [UBERON:4000164]	2014
PRJEB124417	DURANCE16S_RUN_14Bue1002Cn01A_durance2	DURANCE16S_EXP_14Bue1002Cn01A_durance2	DURANCE16S_14Bue1002Cn01A	durance2	prep2	1	14Bue1002Cn01A_durance2	ERR17751769	ERX17142312	14Bue1002Cn01A_S66_L001_R1_001.fastq.gz	014eade8445bb1fb6866e8e8eafc375e	14Bue1002Cn01A_S66_L001_R2_001.fastq.gz	7a2b39af4524add80cc5b47946a2425a	14Bue1002Cn01A	biological	fish metagenome	Bue	caudal fin [UBERON:4000164]	2014
PRJEB124417	DURANCE16S_RUN_14Bue1002Cn01A_durance3	DURANCE16S_EXP_14Bue1002Cn01A_durance3	DURANCE16S_14Bue1002Cn01A	durance3	prep2	2	14Bue1002Cn01A_durance3	ERR17751771	ERX17142314	14Bue1002Cn01A_S66_L001_R1_001.fastq.gz	dbe9c588f6953bcf30af12466192e5ea	14Bue1002Cn01A_S66_L001_R2_001.fastq.gz	2e36b45293252bd6fc1aa678310a34ff	14Bue1002Cn01A	biological	fish metagenome	Bue	caudal fin [UBERON:4000164]	2014
PRJEB124417	DURANCE16S_RUN_14Bue1002Cn02A_durance1	DURANCE16S_EXP_14Bue1002Cn02A_durance1	DURANCE16S_14Bue1002Cn02A	durance1	prep1	1	14Bue1002Cn02A_durance1	ERR17751768	ERX17142311	14Bue1002Cn02A_S630_L001_R1_001.fastq.gz	f28ade5cf1bdafc98ca5229509aced7b	14Bue1002Cn02A_S630_L001_R2_001.fastq.gz	59bd18449c477140a7525ead4434a316	14Bue1002Cn02A	biological	fish gut metagenome	Bue	midgut [UBERON:0001045]	2014
PRJEB124417	DURANCE16S_RUN_14Bue1002Cn02A_durance2	DURANCE16S_EXP_14Bue1002Cn02A_durance2	DURANCE16S_14Bue1002Cn02A	durance2	prep2	1	14Bue1002Cn02A_durance2	ERR17751770	ERX17142313	14Bue1002Cn02A_S630_L001_R1_001.fastq.gz	d8e4c502fca0c97b39ce91d79903d92c	14Bue1002Cn02A_S630_L001_R2_001.fastq.gz	00ce72967031b385e1bc7bb93ac1b79a	14Bue1002Cn02A	biological	fish gut metagenome	Bue	midgut [UBERON:0001045]	2014
PRJEB124417	DURANCE16S_RUN_14Bue1002Cn02A_durance3	DURANCE16S_EXP_14Bue1002Cn02A_durance3	DURANCE16S_14Bue1002Cn02A	durance3	prep2	2	14Bue1002Cn02A_durance3	ERR17751774	ERX17142317	14Bue1002Cn02A_S630_L001_R1_001.fastq.gz	0c0b7130aec1e6eb6472f1964e55ca88	14Bue1002Cn02A_S630_L001_R2_001.fastq.gz	dff3d6541db199512da2a428666acf19	14Bue1002Cn02A	biological	fish gut metagenome	Bue	midgut [UBERON:0001045]	2014
PRJEB124417	DURANCE16S_RUN_14Bue1002Cn03A_durance1	DURANCE16S_EXP_14Bue1002Cn03A_durance1	DURANCE16S_14Bue1002Cn03A	durance1	prep1	1	14Bue1002Cn03A_durance1	ERR17751772	ERX17142315	14Bue1002Cn03A_S450_L001_R1_001.fastq.gz	5173a3db734c661d29bb6f10c7ea4b78	14Bue1002Cn03A_S450_L001_R2_001.fastq.gz	ae3775fb355a644166d1784c240e7903	14Bue1002Cn03A	biological	fish gut metagenome	Bue	hindgut [UBERON:0001046]	2014
PRJEB124417	DURANCE16S_RUN_14Bue1002Cn03A_durance2	DURANCE16S_EXP_14Bue1002Cn03A_durance2	DURANCE16S_14Bue1002Cn03A	durance2	prep2	1	14Bue1002Cn03A_durance2	ERR17751773	ERX17142316	14Bue1002Cn03A_S450_L001_R1_001.fastq.gz	6a6e8edac70da045c0692d48ad0f84b5	14Bue1002Cn03A_S450_L001_R2_001.fastq.gz	ad2a50b25272e97ee10ff2e51701895f	14Bue1002Cn03A	biological	fish gut metagenome	Bue	hindgut [UBERON:0001046]	2014
PRJEB124417	DURANCE16S_RUN_14Bue1002Cn03A_durance3	DURANCE16S_EXP_14Bue1002Cn03A_durance3	DURANCE16S_14Bue1002Cn03A	durance3	prep2	2	14Bue1002Cn03A_durance3	ERR17751778	ERX17142321	14Bue1002Cn03A_S450_L001_R1_001.fastq.gz	6a918c4059199c882e1a36298ceb2859	14Bue1002Cn03A_S450_L001_R2_001.fastq.gz	1dfc6599490a9f3063690c589ed2708c	14Bue1002Cn03A	biological	fish gut metagenome	Bue	hindgut [UBERON:0001046]	2014
PRJEB124417	DURANCE16S_RUN_14Bue1002Cn05A_durance1	DURANCE16S_EXP_14Bue1002Cn05A_durance1	DURANCE16S_14Bue1002Cn05A	durance1	prep1	1	14Bue1002Cn05A_durance1	ERR17751775	ERX17142318	14Bue1002Cn05A_S258_L001_R1_001.fastq.gz	7dcabbd0ae4bf0870f746a176422f761	14Bue1002Cn05A_S258_L001_R2_001.fastq.gz	be8a505ccff8c055f663d345c18bd97d	14Bue1002Cn05A	biological	gill metagenome	Bue	gill [UBERON:0002535]	2014
PRJEB124417	DURANCE16S_RUN_14Bue1002Cn05A_durance2	DURANCE16S_EXP_14Bue1002Cn05A_durance2	DURANCE16S_14Bue1002Cn05A	durance2	prep2	1	14Bue1002Cn05A_durance2	ERR17751776	ERX17142319	14Bue1002Cn05A_S258_L001_R1_001.fastq.gz	fc497a3986d3500a8497d942dd9fe2ef	14Bue1002Cn05A_S258_L001_R2_001.fastq.gz	2687ec7b06f669f2f9e2cbe9de7ad35c	14Bue1002Cn05A	biological	gill metagenome	Bue	gill [UBERON:0002535]	2014
PRJEB124417	DURANCE16S_RUN_14Bue1002Cn05A_durance3	DURANCE16S_EXP_14Bue1002Cn05A_durance3	DURANCE16S_14Bue1002Cn05A	durance3	prep2	2	14Bue1002Cn05A_durance3	ERR17751777	ERX17142320	14Bue1002Cn05A_S258_L001_R1_001.fastq.gz	ee04c38eace60c700f257f0fde6aa42e	14Bue1002Cn05A_S258_L001_R2_001.fastq.gz	eb205aa4c984ef2ce5b89ea2d14ec6bd	14Bue1002Cn05A	biological	gill metagenome	Bue	gill [UBERON:0002535]	2014
PRJEB124417	DURANCE16S_RUN_14Bue1003Cn01A_durance1	DURANCE16S_EXP_14Bue1003Cn01A_durance1	DURANCE16S_14Bue1003Cn01A	durance1	prep1	1	14Bue1003Cn01A_durance1	ERR17751779	ERX17142322	14Bue1003Cn01A_S78_L001_R1_001.fastq.gz	53edea7a9d8a86b25139e7c3e1efc0e8	14Bue1003Cn01A_S78_L001_R2_001.fastq.gz	3ecc6042a407d910ededde3e9206031a	14Bue1003Cn01A	biological	fish metagenome	Bue	caudal fin [UBERON:4000164]	2014
PRJEB124417	DURANCE16S_RUN_14Bue1003Cn01A_durance2	DURANCE16S_EXP_14Bue1003Cn01A_durance2	DURANCE16S_14Bue1003Cn01A	durance2	prep2	1	14Bue1003Cn01A_durance2	ERR17751780	ERX17142323	14Bue1003Cn01A_S78_L001_R1_001.fastq.gz	7b014b731bf88ee110562719fd4f68ab	14Bue1003Cn01A_S78_L001_R2_001.fastq.gz	97a6d3c2f47cde43076304d5910688ae	14Bue1003Cn01A	biological	fish metagenome	Bue	caudal fin [UBERON:4000164]	2014
PRJEB124417	DURANCE16S_RUN_14Bue1003Cn01A_durance3	DURANCE16S_EXP_14Bue1003Cn01A_durance3	DURANCE16S_14Bue1003Cn01A	durance3	prep2	2	14Bue1003Cn01A_durance3	ERR17751781	ERX17142324	14Bue1003Cn01A_S78_L001_R1_001.fastq.gz	5fa3f367ba7dc28c84487be6f85e10c7	14Bue1003Cn01A_S78_L001_R2_001.fastq.gz	467cfd464ed1685a68266cb193199dca	14Bue1003Cn01A	biological	fish metagenome	Bue	caudal fin [UBERON:4000164]	2014
PRJEB124417	DURANCE16S_RUN_14Bue1003Cn02A_durance1	DURANCE16S_EXP_14Bue1003Cn02A_durance1	DURANCE16S_14Bue1003Cn02A	durance1	prep1	1	14Bue1003Cn02A_durance1	ERR17751782	ERX17142325	14Bue1003Cn02A_S642_L001_R1_001.fastq.gz	1f350befa16026826f46eb6c6b74772d	14Bue1003Cn02A_S642_L001_R2_001.fastq.gz	391f4885b5a291e31c6daefa1816649e	14Bue1003Cn02A	biological	fish gut metagenome	Bue	midgut [UBERON:0001045]	2014
PRJEB124417	DURANCE16S_RUN_14Bue1003Cn02A_durance2	DURANCE16S_EXP_14Bue1003Cn02A_durance2	DURANCE16S_14Bue1003Cn02A	durance2	prep2	1	14Bue1003Cn02A_durance2	ERR17751785	ERX17142328	14Bue1003Cn02A_S642_L001_R1_001.fastq.gz	b36131599b6223afca58138d445dea8d	14Bue1003Cn02A_S642_L001_R2_001.fastq.gz	a03a29e060464f1bf01c90e096a497e8	14Bue1003Cn02A	biological	fish gut metagenome	Bue	midgut [UBERON:0001045]	2014
PRJEB124417	DURANCE16S_RUN_14Bue1003Cn02A_durance3	DURANCE16S_EXP_14Bue1003Cn02A_durance3	DURANCE16S_14Bue1003Cn02A	durance3	prep2	2	14Bue1003Cn02A_durance3	ERR17751786	ERX17142329	14Bue1003Cn02A_S642_L001_R1_001.fastq.gz	3645547958756974e12f8c5cbaf2ad0d	14Bue1003Cn02A_S642_L001_R2_001.fastq.gz	8b7506241d83c1c6425b133bb51d8c77	14Bue1003Cn02A	biological	fish gut metagenome	Bue	midgut [UBERON:0001045]	2014
PRJEB124417	DURANCE16S_RUN_14Bue1003Cn03A_durance1	DURANCE16S_EXP_14Bue1003Cn03A_durance1	DURANCE16S_14Bue1003Cn03A	durance1	prep1	1	14Bue1003Cn03A_durance1	ERR17751783	ERX17142326	14Bue1003Cn03A_S462_L001_R1_001.fastq.gz	b12610f001bbd866f5670ac34f2be7a9	14Bue1003Cn03A_S462_L001_R2_001.fastq.gz	c5fbbc3ea26318265db32798d468102a	14Bue1003Cn03A	biological	fish gut metagenome	Bue	hindgut [UBERON:0001046]	2014
PRJEB124417	DURANCE16S_RUN_14Bue1003Cn03A_durance2	DURANCE16S_EXP_14Bue1003Cn03A_durance2	DURANCE16S_14Bue1003Cn03A	durance2	prep2	1	14Bue1003Cn03A_durance2	ERR17751784	ERX17142327	14Bue1003Cn03A_S462_L001_R1_001.fastq.gz	060d317bf19f1efe14f043a8290760f7	14Bue1003Cn03A_S462_L001_R2_001.fastq.gz	2368f85388554613d2be7f36ac8085fe	14Bue1003Cn03A	biological	fish gut metagenome	Bue	hindgut [UBERON:0001046]	2014
PRJEB124417	DURANCE16S_RUN_14Bue1003Cn03A_durance3	DURANCE16S_EXP_14Bue1003Cn03A_durance3	DURANCE16S_14Bue1003Cn03A	durance3	prep2	2	14Bue1003Cn03A_durance3	ERR17751787	ERX17142330	14Bue1003Cn03A_S462_L001_R1_001.fastq.gz	cfbd344a4161fb4e1505cd4b00701c05	14Bue1003Cn03A_S462_L001_R2_001.fastq.gz	71d31611d32225bcaa5ed6eeeec60a47	14Bue1003Cn03A	biological	fish gut metagenome	Bue	hindgut [UBERON:0001046]	2014
PRJEB124417	DURANCE16S_RUN_14Bue1003Cn05A_durance1	DURANCE16S_EXP_14Bue1003Cn05A_durance1	DURANCE16S_14Bue1003Cn05A	durance1	prep1	1	14Bue1003Cn05A_durance1	ERR17751788	ERX17142331	14Bue1003Cn05A_S270_L001_R1_001.fastq.gz	b176cfa0ba1d36bc1936fc564c885d86	14Bue1003Cn05A_S270_L001_R2_001.fastq.gz	4a8d56db39113e40f478d775471dc85e	14Bue1003Cn05A	biological	gill metagenome	Bue	gill [UBERON:0002535]	2014
PRJEB124417	DURANCE16S_RUN_14Bue1003Cn05A_durance2	DURANCE16S_EXP_14Bue1003Cn05A_durance2	DURANCE16S_14Bue1003Cn05A	durance2	prep2	1	14Bue1003Cn05A_durance2	ERR17751789	ERX17142332	14Bue1003Cn05A_S270_L001_R1_001.fastq.gz	440daa7d465cab44fcd841b572d0e080	14Bue1003Cn05A_S270_L001_R2_001.fastq.gz	46a30a4a32502f997c752bb2580b68c2	14Bue1003Cn05A	biological	gill metagenome	Bue	gill [UBERON:0002535]	2014
PRJEB124417	DURANCE16S_RUN_14Bue1003Cn05A_durance3	DURANCE16S_EXP_14Bue1003Cn05A_durance3	DURANCE16S_14Bue1003Cn05A	durance3	prep2	2	14Bue1003Cn05A_durance3	ERR17751791	ERX17142334	14Bue1003Cn05A_S270_L001_R1_001.fastq.gz	1c77021df2e4e0139cd6760a8dac05f4	14Bue1003Cn05A_S270_L001_R2_001.fastq.gz	7fe99eb3d9a4477ba63d93f510f57d94	14Bue1003Cn05A	biological	gill metagenome	Bue	gill [UBERON:0002535]	2014
PRJEB124417	DURANCE16S_RUN_14Bue1004Cn01A_durance1	DURANCE16S_EXP_14Bue1004Cn01A_durance1	DURANCE16S_14Bue1004Cn01A	durance1	prep1	1	14Bue1004Cn01A_durance1	ERR17751790	ERX17142333	14Bue1004Cn01A_S90_L001_R1_001.fastq.gz	9d526ae55fb93512f2e96e143e5a6e84	14Bue1004Cn01A_S90_L001_R2_001.fastq.gz	ef74bfea91951683993590f00ce0d06e	14Bue1004Cn01A	biological	fish metagenome	Bue	caudal fin [UBERON:4000164]	2014
PRJEB124417	DURANCE16S_RUN_14Bue1004Cn01A_durance2	DURANCE16S_EXP_14Bue1004Cn01A_durance2	DURANCE16S_14Bue1004Cn01A	durance2	prep2	1	14Bue1004Cn01A_durance2	ERR17751792	ERX17142335	14Bue1004Cn01A_S90_L001_R1_001.fastq.gz	f5048d08dc7db549d5d37204c3d8ce83	14Bue1004Cn01A_S90_L001_R2_001.fastq.gz	c927d9225ba5e033f4e6bc269af545b6	14Bue1004Cn01A	biological	fish metagenome	Bue	caudal fin [UBERON:4000164]	2014
PRJEB124417	DURANCE16S_RUN_14Bue1004Cn01A_durance3	DURANCE16S_EXP_14Bue1004Cn01A_durance3	DURANCE16S_14Bue1004Cn01A	durance3	prep2	2	14Bue1004Cn01A_durance3	ERR17751793	ERX17142336	14Bue1004Cn01A_S90_L001_R1_001.fastq.gz	436aa309c057a13e7bb729b2a3efc3b3	14Bue1004Cn01A_S90_L001_R2_001.fastq.gz	2e83c1c8f00fdaf449ab3cc83b693ddd	14Bue1004Cn01A	biological	fish metagenome	Bue	caudal fin [UBERON:4000164]	2014
PRJEB124417	DURANCE16S_RUN_14Bue1004Cn02A_durance1	DURANCE16S_EXP_14Bue1004Cn02A_durance1	DURANCE16S_14Bue1004Cn02A	durance1	prep1	1	14Bue1004Cn02A_durance1	ERR17751794	ERX17142337	14Bue1004Cn02A_S654_L001_R1_001.fastq.gz	220cd92569ef0d489f338f24b94cfa9b	14Bue1004Cn02A_S654_L001_R2_001.fastq.gz	3eebad2b8139dded7536be5da9f771cd	14Bue1004Cn02A	biological	fish gut metagenome	Bue	midgut [UBERON:0001045]	2014
PRJEB124417	DURANCE16S_RUN_14Bue1004Cn02A_durance2	DURANCE16S_EXP_14Bue1004Cn02A_durance2	DURANCE16S_14Bue1004Cn02A	durance2	prep2	1	14Bue1004Cn02A_durance2	ERR17751795	ERX17142338	14Bue1004Cn02A_S654_L001_R1_001.fastq.gz	a29ea5f275ea6c708ae9ca06ab1090ba	14Bue1004Cn02A_S654_L001_R2_001.fastq.gz	2728dc43ac422edf265c202a0c5b6b66	14Bue1004Cn02A	biological	fish gut metagenome	Bue	midgut [UBERON:0001045]	2014
PRJEB124417	DURANCE16S_RUN_14Bue1004Cn02A_durance3	DURANCE16S_EXP_14Bue1004Cn02A_durance3	DURANCE16S_14Bue1004Cn02A	durance3	prep2	2	14Bue1004Cn02A_durance3	ERR17751796	ERX17142339	14Bue1004Cn02A_S654_L001_R1_001.fastq.gz	3f25d336865a46b9373627da285bda87	14Bue1004Cn02A_S654_L001_R2_001.fastq.gz	b92bc27caeaa80edd7e734bff153540f	14Bue1004Cn02A	biological	fish gut metagenome	Bue	midgut [UBERON:0001045]	2014
PRJEB124417	DURANCE16S_RUN_14Bue1004Cn03A_durance1	DURANCE16S_EXP_14Bue1004Cn03A_durance1	DURANCE16S_14Bue1004Cn03A	durance1	prep1	1	14Bue1004Cn03A_durance1	ERR17751797	ERX17142340	14Bue1004Cn03A_S474_L001_R1_001.fastq.gz	c5db17c30f41684a6717d3a5ac7bd237	14Bue1004Cn03A_S474_L001_R2_001.fastq.gz	bbc9510a62183e2a04953eb8b047e742	14Bue1004Cn03A	biological	fish gut metagenome	Bue	hindgut [UBERON:0001046]	2014
PRJEB124417	DURANCE16S_RUN_14Bue1004Cn03A_durance2	DURANCE16S_EXP_14Bue1004Cn03A_durance2	DURANCE16S_14Bue1004Cn03A	durance2	prep2	1	14Bue1004Cn03A_durance2	ERR17751799	ERX17142342	14Bue1004Cn03A_S474_L001_R1_001.fastq.gz	549b81e66855a626647184be37e23c2b	14Bue1004Cn03A_S474_L001_R2_001.fastq.gz	a283dc7732a7cbb9d2408683d32d7245	14Bue1004Cn03A	biological	fish gut metagenome	Bue	hindgut [UBERON:0001046]	2014
PRJEB124417	DURANCE16S_RUN_14Bue1004Cn03A_durance3	DURANCE16S_EXP_14Bue1004Cn03A_durance3	DURANCE16S_14Bue1004Cn03A	durance3	prep2	2	14Bue1004Cn03A_durance3	ERR17751801	ERX17142344	14Bue1004Cn03A_S474_L001_R1_001.fastq.gz	c9eb523121016d6fbd097e4327fd162e	14Bue1004Cn03A_S474_L001_R2_001.fastq.gz	b67c0ee4623132633a328f4a1badb4ee	14Bue1004Cn03A	biological	fish gut metagenome	Bue	hindgut [UBERON:0001046]	2014
PRJEB124417	DURANCE16S_RUN_14Bue1004Cn05A_durance1	DURANCE16S_EXP_14Bue1004Cn05A_durance1	DURANCE16S_14Bue1004Cn05A	durance1	prep1	1	14Bue1004Cn05A_durance1	ERR17751798	ERX17142341	14Bue1004Cn05A_S282_L001_R1_001.fastq.gz	385e0a4120d5e5143b60b3fa4f7c5d4d	14Bue1004Cn05A_S282_L001_R2_001.fastq.gz	6091b6fc8ce17986f3e8d05e07c26609	14Bue1004Cn05A	biological	gill metagenome	Bue	gill [UBERON:0002535]	2014
PRJEB124417	DURANCE16S_RUN_14Bue1004Cn05A_durance2	DURANCE16S_EXP_14Bue1004Cn05A_durance2	DURANCE16S_14Bue1004Cn05A	durance2	prep2	1	14Bue1004Cn05A_durance2	ERR17751802	ERX17142345	14Bue1004Cn05A_S282_L001_R1_001.fastq.gz	fd6f31b46f46daa73fe203b84bb19a4d	14Bue1004Cn05A_S282_L001_R2_001.fastq.gz	3c45b9a6f679ea60a370101af89bdd40	14Bue1004Cn05A	biological	gill metagenome	Bue	gill [UBERON:0002535]	2014
PRJEB124417	DURANCE16S_RUN_14Bue1004Cn05A_durance3	DURANCE16S_EXP_14Bue1004Cn05A_durance3	DURANCE16S_14Bue1004Cn05A	durance3	prep2	2	14Bue1004Cn05A_durance3	ERR17751800	ERX17142343	14Bue1004Cn05A_S282_L001_R1_001.fastq.gz	66c3d40b508dedc20da0c3fc76dcf0e1	14Bue1004Cn05A_S282_L001_R2_001.fastq.gz	55bae90a91c9e74c005a9d7b807e88ef	14Bue1004Cn05A	biological	gill metagenome	Bue	gill [UBERON:0002535]	2014
PRJEB124417	DURANCE16S_RUN_14Bue1005Cn01A_durance1	DURANCE16S_EXP_14Bue1005Cn01A_durance1	DURANCE16S_14Bue1005Cn01A	durance1	prep1	1	14Bue1005Cn01A_durance1	ERR17751804	ERX17142347	14Bue1005Cn01A_S7_L001_R1_001.fastq.gz	97a2307eb9ff034f370589ce40fee458	14Bue1005Cn01A_S7_L001_R2_001.fastq.gz	7032e28fe241594878930c6c9835db33	14Bue1005Cn01A	biological	fish metagenome	Bue	caudal fin [UBERON:4000164]	2014
PRJEB124417	DURANCE16S_RUN_14Bue1005Cn01A_durance2	DURANCE16S_EXP_14Bue1005Cn01A_durance2	DURANCE16S_14Bue1005Cn01A	durance2	prep2	1	14Bue1005Cn01A_durance2	ERR17751803	ERX17142346	14Bue1005Cn01A_S7_L001_R1_001.fastq.gz	bdb9b0e2da11c544152c77ff324af242	14Bue1005Cn01A_S7_L001_R2_001.fastq.gz	06266c0712e57d13ecc6ffd7658c9f79	14Bue1005Cn01A	biological	fish metagenome	Bue	caudal fin [UBERON:4000164]	2014
PRJEB124417	DURANCE16S_RUN_14Bue1005Cn01A_durance3	DURANCE16S_EXP_14Bue1005Cn01A_durance3	DURANCE16S_14Bue1005Cn01A	durance3	prep2	2	14Bue1005Cn01A_durance3	ERR17751807	ERX17142350	14Bue1005Cn01A_S7_L001_R1_001.fastq.gz	695d32e4a783f0602b10834f130e6fbe	14Bue1005Cn01A_S7_L001_R2_001.fastq.gz	82adb5cc6bea068fe7f887e047ce44cb	14Bue1005Cn01A	biological	fish metagenome	Bue	caudal fin [UBERON:4000164]	2014
PRJEB124417	DURANCE16S_RUN_14Bue1005Cn02A_durance1	DURANCE16S_EXP_14Bue1005Cn02A_durance1	DURANCE16S_14Bue1005Cn02A	durance1	prep1	1	14Bue1005Cn02A_durance1	ERR17751816	ERX17142359	14Bue1005Cn02A_S666_L001_R1_001.fastq.gz	dcd1837c588fcc4fdfe5b99f863374e9	14Bue1005Cn02A_S666_L001_R2_001.fastq.gz	a6a9aacf64c27fc65630dbc3215d436d	14Bue1005Cn02A	biological	fish gut metagenome	Bue	midgut [UBERON:0001045]	2014
PRJEB124417	DURANCE16S_RUN_14Bue1005Cn02A_durance2	DURANCE16S_EXP_14Bue1005Cn02A_durance2	DURANCE16S_14Bue1005Cn02A	durance2	prep2	1	14Bue1005Cn02A_durance2	ERR17751805	ERX17142348	14Bue1005Cn02A_S666_L001_R1_001.fastq.gz	1a743511e8933986e0192d3535a4e105	14Bue1005Cn02A_S666_L001_R2_001.fastq.gz	976aa054c4f730ca2a89868868ad1542	14Bue1005Cn02A	biological	fish gut metagenome	Bue	midgut [UBERON:0001045]	2014
PRJEB124417	DURANCE16S_RUN_14Bue1005Cn02A_durance3	DURANCE16S_EXP_14Bue1005Cn02A_durance3	DURANCE16S_14Bue1005Cn02A	durance3	prep2	2	14Bue1005Cn02A_durance3	ERR17751809	ERX17142352	14Bue1005Cn02A_S666_L001_R1_001.fastq.gz	828b3af49482177335c38e4bd9f1972a	14Bue1005Cn02A_S666_L001_R2_001.fastq.gz	aefc5582902a99d7831a1371baa217f4	14Bue1005Cn02A	biological	fish gut metagenome	Bue	midgut [UBERON:0001045]	2014
PRJEB124417	DURANCE16S_RUN_14Bue1005Cn03A_durance1	DURANCE16S_EXP_14Bue1005Cn03A_durance1	DURANCE16S_14Bue1005Cn03A	durance1	prep1	1	14Bue1005Cn03A_durance1	ERR17751806	ERX17142349	14Bue1005Cn03A_S391_L001_R1_001.fastq.gz	dfc87c702826023315bbe8ec6fce6305	14Bue1005Cn03A_S391_L001_R2_001.fastq.gz	448cd9439889ea13484d39005969f4a8	14Bue1005Cn03A	biological	fish gut metagenome	Bue	hindgut [UBERON:0001046]	2014
PRJEB124417	DURANCE16S_RUN_14Bue1005Cn03A_durance2	DURANCE16S_EXP_14Bue1005Cn03A_durance2	DURANCE16S_14Bue1005Cn03A	durance2	prep2	1	14Bue1005Cn03A_durance2	ERR17751808	ERX17142351	14Bue1005Cn03A_S391_L001_R1_001.fastq.gz	0fb9f9487676d5728aeb196364d26ef9	14Bue1005Cn03A_S391_L001_R2_001.fastq.gz	5333c8de9266d62359e79b3ed5a836f3	14Bue1005Cn03A	biological	fish gut metagenome	Bue	hindgut [UBERON:0001046]	2014
PRJEB124417	DURANCE16S_RUN_14Bue1005Cn03A_durance3	DURANCE16S_EXP_14Bue1005Cn03A_durance3	DURANCE16S_14Bue1005Cn03A	durance3	prep2	2	14Bue1005Cn03A_durance3	ERR17751810	ERX17142353	14Bue1005Cn03A_S391_L001_R1_001.fastq.gz	91e832e207c58f810901cf5926af8891	14Bue1005Cn03A_S391_L001_R2_001.fastq.gz	2f80eb57127bb39d06377bc6df036114	14Bue1005Cn03A	biological	fish gut metagenome	Bue	hindgut [UBERON:0001046]	2014
PRJEB124417	DURANCE16S_RUN_14Bue1005Cn05A_durance1	DURANCE16S_EXP_14Bue1005Cn05A_durance1	DURANCE16S_14Bue1005Cn05A	durance1	prep1	1	14Bue1005Cn05A_durance1	ERR17751811	ERX17142354	14Bue1005Cn05A_S199_L001_R1_001.fastq.gz	f14ed76bf3ce4704694a650df827473f	14Bue1005Cn05A_S199_L001_R2_001.fastq.gz	fc50fac53bdd825b9759bb23c4477691	14Bue1005Cn05A	biological	gill metagenome	Bue	gill [UBERON:0002535]	2014
PRJEB124417	DURANCE16S_RUN_14Bue1005Cn05A_durance2	DURANCE16S_EXP_14Bue1005Cn05A_durance2	DURANCE16S_14Bue1005Cn05A	durance2	prep2	1	14Bue1005Cn05A_durance2	ERR17751813	ERX17142356	14Bue1005Cn05A_S199_L001_R1_001.fastq.gz	49f4b10dbcb8d382a0d246bcccd11b53	14Bue1005Cn05A_S199_L001_R2_001.fastq.gz	a46b215fd165d7df4e16229b6a56fd9d	14Bue1005Cn05A	biological	gill metagenome	Bue	gill [UBERON:0002535]	2014
PRJEB124417	DURANCE16S_RUN_14Bue1005Cn05A_durance3	DURANCE16S_EXP_14Bue1005Cn05A_durance3	DURANCE16S_14Bue1005Cn05A	durance3	prep2	2	14Bue1005Cn05A_durance3	ERR17751814	ERX17142357	14Bue1005Cn05A_S199_L001_R1_001.fastq.gz	d31f159a5d8910d67c4d010c90a2afc3	14Bue1005Cn05A_S199_L001_R2_001.fastq.gz	e180adcf547f718f80f494bfab1798b7	14Bue1005Cn05A	biological	gill metagenome	Bue	gill [UBERON:0002535]	2014
PRJEB124417	DURANCE16S_RUN_14Bue1006Cn01A_durance1	DURANCE16S_EXP_14Bue1006Cn01A_durance1	DURANCE16S_14Bue1006Cn01A	durance1	prep1	1	14Bue1006Cn01A_durance1	ERR17751815	ERX17142358	14Bue1006Cn01A_S19_L001_R1_001.fastq.gz	710a6c01d6784a6fcc81cf00a7abc882	14Bue1006Cn01A_S19_L001_R2_001.fastq.gz	dee109bd56d3eb10d1319bb8bf2843eb	14Bue1006Cn01A	biological	fish metagenome	Bue	caudal fin [UBERON:4000164]	2014
PRJEB124417	DURANCE16S_RUN_14Bue1006Cn01A_durance2	DURANCE16S_EXP_14Bue1006Cn01A_durance2	DURANCE16S_14Bue1006Cn01A	durance2	prep2	1	14Bue1006Cn01A_durance2	ERR17751812	ERX17142355	14Bue1006Cn01A_S19_L001_R1_001.fastq.gz	a3845a2887de7882e96316596fc1e97c	14Bue1006Cn01A_S19_L001_R2_001.fastq.gz	ea1480ce9992620cfa484f99b94456c3	14Bue1006Cn01A	biological	fish metagenome	Bue	caudal fin [UBERON:4000164]	2014
PRJEB124417	DURANCE16S_RUN_14Bue1006Cn01A_durance3	DURANCE16S_EXP_14Bue1006Cn01A_durance3	DURANCE16S_14Bue1006Cn01A	durance3	prep2	2	14Bue1006Cn01A_durance3	ERR17751817	ERX17142360	14Bue1006Cn01A_S19_L001_R1_001.fastq.gz	8ca83e635861d80638d20ebf8e2af266	14Bue1006Cn01A_S19_L001_R2_001.fastq.gz	e096352fed4deacbcc4bd17b2429405f	14Bue1006Cn01A	biological	fish metagenome	Bue	caudal fin [UBERON:4000164]	2014
PRJEB124417	DURANCE16S_RUN_14Bue1006Cn02A_durance1	DURANCE16S_EXP_14Bue1006Cn02A_durance1	DURANCE16S_14Bue1006Cn02A	durance1	prep1	1	14Bue1006Cn02A_durance1	ERR17751819	ERX17142362	14Bue1006Cn02A_S583_L001_R1_001.fastq.gz	118ff206e77323526ecd4ac619f362e7	14Bue1006Cn02A_S583_L001_R2_001.fastq.gz	3fc46a0d6595e07e31726c675d750ccf	14Bue1006Cn02A	biological	fish gut metagenome	Bue	midgut [UBERON:0001045]	2014
PRJEB124417	DURANCE16S_RUN_14Bue1006Cn02A_durance2	DURANCE16S_EXP_14Bue1006Cn02A_durance2	DURANCE16S_14Bue1006Cn02A	durance2	prep2	1	14Bue1006Cn02A_durance2	ERR17751818	ERX17142361	14Bue1006Cn02A_S583_L001_R1_001.fastq.gz	2354bceefc07a942a9c7d0e2d3011dfc	14Bue1006Cn02A_S583_L001_R2_001.fastq.gz	187cbac097699e0f1252cd83a3b4db2d	14Bue1006Cn02A	biological	fish gut metagenome	Bue	midgut [UBERON:0001045]	2014
PRJEB124417	DURANCE16S_RUN_14Bue1006Cn02A_durance3	DURANCE16S_EXP_14Bue1006Cn02A_durance3	DURANCE16S_14Bue1006Cn02A	durance3	prep2	2	14Bue1006Cn02A_durance3	ERR17751820	ERX17142363	14Bue1006Cn02A_S583_L001_R1_001.fastq.gz	e27efa5ea0068ca9610dca858e833aff	14Bue1006Cn02A_S583_L001_R2_001.fastq.gz	48a1e3c073b35baf762fa2b5cb598dd0	14Bue1006Cn02A	biological	fish gut metagenome	Bue	midgut [UBERON:0001045]	2014
PRJEB124417	DURANCE16S_RUN_14Bue1006Cn03A_durance1	DURANCE16S_EXP_14Bue1006Cn03A_durance1	DURANCE16S_14Bue1006Cn03A	durance1	prep1	1	14Bue1006Cn03A_durance1	ERR17751821	ERX17142364	14Bue1006Cn03A_S403_L001_R1_001.fastq.gz	a8941fd2c5859a48e397eaa74c183d64	14Bue1006Cn03A_S403_L001_R2_001.fastq.gz	74788ba7e3b5b5ba982245c6bd1944f5	14Bue1006Cn03A	biological	fish gut metagenome	Bue	hindgut [UBERON:0001046]	2014
PRJEB124417	DURANCE16S_RUN_14Bue1006Cn03A_durance2	DURANCE16S_EXP_14Bue1006Cn03A_durance2	DURANCE16S_14Bue1006Cn03A	durance2	prep2	1	14Bue1006Cn03A_durance2	ERR17751822	ERX17142365	14Bue1006Cn03A_S403_L001_R1_001.fastq.gz	185c8689b699df4ec125f4df6a32bd5a	14Bue1006Cn03A_S403_L001_R2_001.fastq.gz	12a87a11c086635f7d6932eec19e46a6	14Bue1006Cn03A	biological	fish gut metagenome	Bue	hindgut [UBERON:0001046]	2014
PRJEB124417	DURANCE16S_RUN_14Bue1006Cn03A_durance3	DURANCE16S_EXP_14Bue1006Cn03A_durance3	DURANCE16S_14Bue1006Cn03A	durance3	prep2	2	14Bue1006Cn03A_durance3	ERR17751824	ERX17142367	14Bue1006Cn03A_S403_L001_R1_001.fastq.gz	d158517255b1d5b2d0ff9b797303c667	14Bue1006Cn03A_S403_L001_R2_001.fastq.gz	843516c93b4d3b445f2cb7dbf7a084f8	14Bue1006Cn03A	biological	fish gut metagenome	Bue	hindgut [UBERON:0001046]	2014
PRJEB124417	DURANCE16S_RUN_14Bue1006Cn05A_durance1	DURANCE16S_EXP_14Bue1006Cn05A_durance1	DURANCE16S_14Bue1006Cn05A	durance1	prep1	1	14Bue1006Cn05A_durance1	ERR17751825	ERX17142368	14Bue1006Cn05A_S211_L001_R1_001.fastq.gz	4da9579bae9d4a08382dbd541c80df04	14Bue1006Cn05A_S211_L001_R2_001.fastq.gz	8005ad4ca6ea979b281c840a4aead371	14Bue1006Cn05A	biological	gill metagenome	Bue	gill [UBERON:0002535]	2014
PRJEB124417	DURANCE16S_RUN_14Bue1006Cn05A_durance2	DURANCE16S_EXP_14Bue1006Cn05A_durance2	DURANCE16S_14Bue1006Cn05A	durance2	prep2	1	14Bue1006Cn05A_durance2	ERR17751828	ERX17142371	14Bue1006Cn05A_S211_L001_R1_001.fastq.gz	5c7f423001398bb1043afad84ac6bfae	14Bue1006Cn05A_S211_L001_R2_001.fastq.gz	30496830f147facc598cfd0f57400462	14Bue1006Cn05A	biological	gill metagenome	Bue	gill [UBERON:0002535]	2014
PRJEB124417	DURANCE16S_RUN_14Bue1006Cn05A_durance3	DURANCE16S_EXP_14Bue1006Cn05A_durance3	DURANCE16S_14Bue1006Cn05A	durance3	prep2	2	14Bue1006Cn05A_durance3	ERR17751830	ERX17142373	14Bue1006Cn05A_S211_L001_R1_001.fastq.gz	66559d643a11c0ec37deb258e7d5a9ac	14Bue1006Cn05A_S211_L001_R2_001.fastq.gz	1f88f7d1b2f7926d6dc1764d0ec24ab0	14Bue1006Cn05A	biological	gill metagenome	Bue	gill [UBERON:0002535]	2014
PRJEB124417	DURANCE16S_RUN_14Bue1006Cn05Abis_durance1	DURANCE16S_EXP_14Bue1006Cn05Abis_durance1	DURANCE16S_14Bue1006Cn05Abis	durance1	prep1	1	14Bue1006Cn05Abis_durance1	ERR17751823	ERX17142366	14Bue1006Cn05Abis_S223_L001_R1_001.fastq.gz	6c28d125298060b0a23eea39af8720ff	14Bue1006Cn05Abis_S223_L001_R2_001.fastq.gz	446044ea0fe281da50e5c5ec223f57a2	14Bue1006Cn05Abis	biological	gill metagenome	Bue	gill [UBERON:0002535]	2014
PRJEB124417	DURANCE16S_RUN_14Bue1006Cn05Abis_durance2	DURANCE16S_EXP_14Bue1006Cn05Abis_durance2	DURANCE16S_14Bue1006Cn05Abis	durance2	prep2	1	14Bue1006Cn05Abis_durance2	ERR17751826	ERX17142369	14Bue1006Cn05Abis_S223_L001_R1_001.fastq.gz	081c9ec9e0500cd0fca27383ee64081e	14Bue1006Cn05Abis_S223_L001_R2_001.fastq.gz	fb5e20796115110717cf577d91dfc944	14Bue1006Cn05Abis	biological	gill metagenome	Bue	gill [UBERON:0002535]	2014
PRJEB124417	DURANCE16S_RUN_14Bue1006Cn05Abis_durance3	DURANCE16S_EXP_14Bue1006Cn05Abis_durance3	DURANCE16S_14Bue1006Cn05Abis	durance3	prep2	2	14Bue1006Cn05Abis_durance3	ERR17751827	ERX17142370	14Bue1006Cn05Abis_S223_L001_R1_001.fastq.gz	20efa0fe3e2577ee7b1df45791005a9b	14Bue1006Cn05Abis_S223_L001_R2_001.fastq.gz	160b9c6ce6418815ae390ecd1b0f71f3	14Bue1006Cn05Abis	biological	gill metagenome	Bue	gill [UBERON:0002535]	2014
PRJEB124417	DURANCE16S_RUN_14Bue1007Cn01A_durance1	DURANCE16S_EXP_14Bue1007Cn01A_durance1	DURANCE16S_14Bue1007Cn01A	durance1	prep1	1	14Bue1007Cn01A_durance1	ERR17751829	ERX17142372	14Bue1007Cn01A_S31_L001_R1_001.fastq.gz	8c2f1ced718a7bca5ad2a0a346dcb851	14Bue1007Cn01A_S31_L001_R2_001.fastq.gz	a94c6d872f653e9adf8f64ddebb895ae	14Bue1007Cn01A	biological	fish metagenome	Bue	caudal fin [UBERON:4000164]	2014
PRJEB124417	DURANCE16S_RUN_14Bue1007Cn01A_durance2	DURANCE16S_EXP_14Bue1007Cn01A_durance2	DURANCE16S_14Bue1007Cn01A	durance2	prep2	1	14Bue1007Cn01A_durance2	ERR17751833	ERX17142376	14Bue1007Cn01A_S31_L001_R1_001.fastq.gz	c194249cf3dd0694c5d74639e2a34c03	14Bue1007Cn01A_S31_L001_R2_001.fastq.gz	31747ecb23ed47177f21df882bcf257b	14Bue1007Cn01A	biological	fish metagenome	Bue	caudal fin [UBERON:4000164]	2014
PRJEB124417	DURANCE16S_RUN_14Bue1007Cn01A_durance3	DURANCE16S_EXP_14Bue1007Cn01A_durance3	DURANCE16S_14Bue1007Cn01A	durance3	prep2	2	14Bue1007Cn01A_durance3	ERR17751832	ERX17142375	14Bue1007Cn01A_S31_L001_R1_001.fastq.gz	da48b353bea96807d149b8e0fef48cda	14Bue1007Cn01A_S31_L001_R2_001.fastq.gz	ef346fa75b9158331c89aaa8fdca73dd	14Bue1007Cn01A	biological	fish metagenome	Bue	caudal fin [UBERON:4000164]	2014
PRJEB124417	DURANCE16S_RUN_14Bue1007Cn02A_durance1	DURANCE16S_EXP_14Bue1007Cn02A_durance1	DURANCE16S_14Bue1007Cn02A	durance1	prep1	1	14Bue1007Cn02A_durance1	ERR17751831	ERX17142374	14Bue1007Cn02A_S595_L001_R1_001.fastq.gz	42f44fc8937517c96118d82273338a0b	14Bue1007Cn02A_S595_L001_R2_001.fastq.gz	9e768d490109c7dbcc90aad874fb75ee	14Bue1007Cn02A	biological	fish gut metagenome	Bue	midgut [UBERON:0001045]	2014
PRJEB124417	DURANCE16S_RUN_14Bue1007Cn02A_durance2	DURANCE16S_EXP_14Bue1007Cn02A_durance2	DURANCE16S_14Bue1007Cn02A	durance2	prep2	1	14Bue1007Cn02A_durance2	ERR17751834	ERX17142377	14Bue1007Cn02A_S595_L001_R1_001.fastq.gz	ee2aef50cc02f1ac7e39fc9d82315b05	14Bue1007Cn02A_S595_L001_R2_001.fastq.gz	c4d73946fda0737c4b25715fc214e922	14Bue1007Cn02A	biological	fish gut metagenome	Bue	midgut [UBERON:0001045]	2014
PRJEB124417	DURANCE16S_RUN_14Bue1007Cn02A_durance3	DURANCE16S_EXP_14Bue1007Cn02A_durance3	DURANCE16S_14Bue1007Cn02A	durance3	prep2	2	14Bue1007Cn02A_durance3	ERR17751835	ERX17142378	14Bue1007Cn02A_S595_L001_R1_001.fastq.gz	0b1b8308ebf163c99202873fd8eaef63	14Bue1007Cn02A_S595_L001_R2_001.fastq.gz	b135c9b06dd882262e521b8f7438664b	14Bue1007Cn02A	biological	fish gut metagenome	Bue	midgut [UBERON:0001045]	2014
PRJEB124417	DURANCE16S_RUN_14Bue1007Cn03A_durance1	DURANCE16S_EXP_14Bue1007Cn03A_durance1	DURANCE16S_14Bue1007Cn03A	durance1	prep1	1	14Bue1007Cn03A_durance1	ERR17751836	ERX17142379	14Bue1007Cn03A_S415_L001_R1_001.fastq.gz	d3688d91c29531fda54aa928619a4a96	14Bue1007Cn03A_S415_L001_R2_001.fastq.gz	e2b04c51435e2ca7214caafaac0f06e3	14Bue1007Cn03A	biological	fish gut metagenome	Bue	hindgut [UBERON:0001046]	2014
PRJEB124417	DURANCE16S_RUN_14Bue1007Cn03A_durance2	DURANCE16S_EXP_14Bue1007Cn03A_durance2	DURANCE16S_14Bue1007Cn03A	durance2	prep2	1	14Bue1007Cn03A_durance2	ERR17751838	ERX17142381	14Bue1007Cn03A_S415_L001_R1_001.fastq.gz	4fbf509af0dc5e9cda84a973f5ced159	14Bue1007Cn03A_S415_L001_R2_001.fastq.gz	2da3918f84990609fb4902a57af7c368	14Bue1007Cn03A	biological	fish gut metagenome	Bue	hindgut [UBERON:0001046]	2014
PRJEB124417	DURANCE16S_RUN_14Bue1007Cn03A_durance3	DURANCE16S_EXP_14Bue1007Cn03A_durance3	DURANCE16S_14Bue1007Cn03A	durance3	prep2	2	14Bue1007Cn03A_durance3	ERR17751839	ERX17142382	14Bue1007Cn03A_S415_L001_R1_001.fastq.gz	5a4a40841edf568f5c61d47427ca8101	14Bue1007Cn03A_S415_L001_R2_001.fastq.gz	32747baa737d6a38fa7dc60f2be496c3	14Bue1007Cn03A	biological	fish gut metagenome	Bue	hindgut [UBERON:0001046]	2014
PRJEB124417	DURANCE16S_RUN_14Bue1007Cn05A_durance1	DURANCE16S_EXP_14Bue1007Cn05A_durance1	DURANCE16S_14Bue1007Cn05A	durance1	prep1	1	14Bue1007Cn05A_durance1	ERR17751837	ERX17142380	14Bue1007Cn05A_S235_L001_R1_001.fastq.gz	0c1e3396cb3a9a299fd755483a132cbb	14Bue1007Cn05A_S235_L001_R2_001.fastq.gz	be3d073b6d232511c0a8f698deaff88a	14Bue1007Cn05A	biological	gill metagenome	Bue	gill [UBERON:0002535]	2014
PRJEB124417	DURANCE16S_RUN_14Bue1007Cn05A_durance2	DURANCE16S_EXP_14Bue1007Cn05A_durance2	DURANCE16S_14Bue1007Cn05A	durance2	prep2	1	14Bue1007Cn05A_durance2	ERR17751840	ERX17142383	14Bue1007Cn05A_S235_L001_R1_001.fastq.gz	7a2166f8da8c62f50d2488d467326243	14Bue1007Cn05A_S235_L001_R2_001.fastq.gz	9112312af8f9db4c48f76b80960b6113	14Bue1007Cn05A	biological	gill metagenome	Bue	gill [UBERON:0002535]	2014
PRJEB124417	DURANCE16S_RUN_14Bue1007Cn05A_durance3	DURANCE16S_EXP_14Bue1007Cn05A_durance3	DURANCE16S_14Bue1007Cn05A	durance3	prep2	2	14Bue1007Cn05A_durance3	ERR17751841	ERX17142384	14Bue1007Cn05A_S235_L001_R1_001.fastq.gz	fe936eb06f5e97229cbdf9cb1f6955d2	14Bue1007Cn05A_S235_L001_R2_001.fastq.gz	efdc27d71ec084e6cc47279b8484b383	14Bue1007Cn05A	biological	gill metagenome	Bue	gill [UBERON:0002535]	2014
PRJEB124417	DURANCE16S_RUN_14Bue1008Cn01A_durance1	DURANCE16S_EXP_14Bue1008Cn01A_durance1	DURANCE16S_14Bue1008Cn01A	durance1	prep1	1	14Bue1008Cn01A_durance1	ERR17751842	ERX17142385	14Bue1008Cn01A_S43_L001_R1_001.fastq.gz	27dd1186cbe587c5d46c5bf29205364d	14Bue1008Cn01A_S43_L001_R2_001.fastq.gz	71b14b03f8dc40d8f2cd72cfc2ca1e1d	14Bue1008Cn01A	biological	fish metagenome	Bue	caudal fin [UBERON:4000164]	2014
PRJEB124417	DURANCE16S_RUN_14Bue1008Cn01A_durance2	DURANCE16S_EXP_14Bue1008Cn01A_durance2	DURANCE16S_14Bue1008Cn01A	durance2	prep2	1	14Bue1008Cn01A_durance2	ERR17751844	ERX17142387	14Bue1008Cn01A_S43_L001_R1_001.fastq.gz	bdca558dcffe713e2b9ad6c096f23d8f	14Bue1008Cn01A_S43_L001_R2_001.fastq.gz	510c23f789f20827355f5d47913b38b3	14Bue1008Cn01A	biological	fish metagenome	Bue	caudal fin [UBERON:4000164]	2014
PRJEB124417	DURANCE16S_RUN_14Bue1008Cn01A_durance3	DURANCE16S_EXP_14Bue1008Cn01A_durance3	DURANCE16S_14Bue1008Cn01A	durance3	prep2	2	14Bue1008Cn01A_durance3	ERR17751843	ERX17142386	14Bue1008Cn01A_S43_L001_R1_001.fastq.gz	7b6abbcc7bf1d2d201252224d04087bd	14Bue1008Cn01A_S43_L001_R2_001.fastq.gz	e121ac15c43c9dcd3af2a8bf0c35b1c8	14Bue1008Cn01A	biological	fish metagenome	Bue	caudal fin [UBERON:4000164]	2014
PRJEB124417	DURANCE16S_RUN_14Bue1008Cn02A_durance1	DURANCE16S_EXP_14Bue1008Cn02A_durance1	DURANCE16S_14Bue1008Cn02A	durance1	prep1	1	14Bue1008Cn02A_durance1	ERR17751845	ERX17142388	14Bue1008Cn02A_S607_L001_R1_001.fastq.gz	cac6279b20a1dbaf5b8850f46495da8c	14Bue1008Cn02A_S607_L001_R2_001.fastq.gz	fb9db211a0d647bb595c7cbf3772036f	14Bue1008Cn02A	biological	fish gut metagenome	Bue	midgut [UBERON:0001045]	2014
PRJEB124417	DURANCE16S_RUN_14Bue1008Cn02A_durance2	DURANCE16S_EXP_14Bue1008Cn02A_durance2	DURANCE16S_14Bue1008Cn02A	durance2	prep2	1	14Bue1008Cn02A_durance2	ERR17751847	ERX17142390	14Bue1008Cn02A_S607_L001_R1_001.fastq.gz	272ea32db53bde63175a0a8fce60aa50	14Bue1008Cn02A_S607_L001_R2_001.fastq.gz	4aade30e011d115e04d1f1fc704f7720	14Bue1008Cn02A	biological	fish gut metagenome	Bue	midgut [UBERON:0001045]	2014
PRJEB124417	DURANCE16S_RUN_14Bue1008Cn02A_durance3	DURANCE16S_EXP_14Bue1008Cn02A_durance3	DURANCE16S_14Bue1008Cn02A	durance3	prep2	2	14Bue1008Cn02A_durance3	ERR17751846	ERX17142389	14Bue1008Cn02A_S607_L001_R1_001.fastq.gz	c078661ce7817b25914818e246c6cd38	14Bue1008Cn02A_S607_L001_R2_001.fastq.gz	48e126894b79a25f18a6ee074f67d53b	14Bue1008Cn02A	biological	fish gut metagenome	Bue	midgut [UBERON:0001045]	2014
PRJEB124417	DURANCE16S_RUN_14Bue1008Cn03A_durance1	DURANCE16S_EXP_14Bue1008Cn03A_durance1	DURANCE16S_14Bue1008Cn03A	durance1	prep1	1	14Bue1008Cn03A_durance1	ERR17751848	ERX17142391	14Bue1008Cn03A_S427_L001_R1_001.fastq.gz	96b318966cc5ff212adc2f7a16ef8e33	14Bue1008Cn03A_S427_L001_R2_001.fastq.gz	5532202c6cb453d1a5697d3cc648a96d	14Bue1008Cn03A	biological	fish gut metagenome	Bue	hindgut [UBERON:0001046]	2014
PRJEB124417	DURANCE16S_RUN_14Bue1008Cn03A_durance2	DURANCE16S_EXP_14Bue1008Cn03A_durance2	DURANCE16S_14Bue1008Cn03A	durance2	prep2	1	14Bue1008Cn03A_durance2	ERR17751850	ERX17142393	14Bue1008Cn03A_S427_L001_R1_001.fastq.gz	1b639a8dcaef90c94cce4d6c933f787c	14Bue1008Cn03A_S427_L001_R2_001.fastq.gz	09142bc863f29384ca857d3490f737fb	14Bue1008Cn03A	biological	fish gut metagenome	Bue	hindgut [UBERON:0001046]	2014
PRJEB124417	DURANCE16S_RUN_14Bue1008Cn03A_durance3	DURANCE16S_EXP_14Bue1008Cn03A_durance3	DURANCE16S_14Bue1008Cn03A	durance3	prep2	2	14Bue1008Cn03A_durance3	ERR17751849	ERX17142392	14Bue1008Cn03A_S427_L001_R1_001.fastq.gz	d074164b24e1aca41d6f98633bee5d89	14Bue1008Cn03A_S427_L001_R2_001.fastq.gz	a7becfb849590373c5dab1cfee00c371	14Bue1008Cn03A	biological	fish gut metagenome	Bue	hindgut [UBERON:0001046]	2014
PRJEB124417	DURANCE16S_RUN_14Bue1008Cn05A_durance1	DURANCE16S_EXP_14Bue1008Cn05A_durance1	DURANCE16S_14Bue1008Cn05A	durance1	prep1	1	14Bue1008Cn05A_durance1	ERR17751851	ERX17142394	14Bue1008Cn05A_S247_L001_R1_001.fastq.gz	125df2d876f1ddbc5d03ae647dd00c3c	14Bue1008Cn05A_S247_L001_R2_001.fastq.gz	bc57f877c96a525ed97cf2c0319e0291	14Bue1008Cn05A	biological	gill metagenome	Bue	gill [UBERON:0002535]	2014
PRJEB124417	DURANCE16S_RUN_14Bue1008Cn05A_durance2	DURANCE16S_EXP_14Bue1008Cn05A_durance2	DURANCE16S_14Bue1008Cn05A	durance2	prep2	1	14Bue1008Cn05A_durance2	ERR17751852	ERX17142395	14Bue1008Cn05A_S247_L001_R1_001.fastq.gz	6bf28454dcff1afbdc8fee23efef02c7	14Bue1008Cn05A_S247_L001_R2_001.fastq.gz	3a11a61491da5dc48d4ff187702f5e58	14Bue1008Cn05A	biological	gill metagenome	Bue	gill [UBERON:0002535]	2014
PRJEB124417	DURANCE16S_RUN_14Bue1008Cn05A_durance3	DURANCE16S_EXP_14Bue1008Cn05A_durance3	DURANCE16S_14Bue1008Cn05A	durance3	prep2	2	14Bue1008Cn05A_durance3	ERR17751853	ERX17142396	14Bue1008Cn05A_S247_L001_R1_001.fastq.gz	d68c337cbc7489fb082b8d9d36bd6e47	14Bue1008Cn05A_S247_L001_R2_001.fastq.gz	c9b4a8274b7a3c7ae7efed8474ae523d	14Bue1008Cn05A	biological	gill metagenome	Bue	gill [UBERON:0002535]	2014
PRJEB124417	DURANCE16S_RUN_14Bue1011Ch01A_durance1	DURANCE16S_EXP_14Bue1011Ch01A_durance1	DURANCE16S_14Bue1011Ch01A	durance1	prep1	1	14Bue1011Ch01A_durance1	ERR17751854	ERX17142397	14Bue1011Ch01A_S55_L001_R1_001.fastq.gz	3f04b76c7ff3704c3961aaea2926b0e5	14Bue1011Ch01A_S55_L001_R2_001.fastq.gz	be6036efcf2adebc5f15cbc00ca58e77	14Bue1011Ch01A	biological	fish metagenome	Bue	caudal fin [UBERON:4000164]	2014
PRJEB124417	DURANCE16S_RUN_14Bue1011Ch01A_durance2	DURANCE16S_EXP_14Bue1011Ch01A_durance2	DURANCE16S_14Bue1011Ch01A	durance2	prep2	1	14Bue1011Ch01A_durance2	ERR17751855	ERX17142398	14Bue1011Ch01A_S55_L001_R1_001.fastq.gz	3656a17b9cdb56b8a1135b5606b2daa3	14Bue1011Ch01A_S55_L001_R2_001.fastq.gz	c93a4cf4f8464d4d1d9f6afd294c8169	14Bue1011Ch01A	biological	fish metagenome	Bue	caudal fin [UBERON:4000164]	2014
PRJEB124417	DURANCE16S_RUN_14Bue1011Ch01A_durance3	DURANCE16S_EXP_14Bue1011Ch01A_durance3	DURANCE16S_14Bue1011Ch01A	durance3	prep2	2	14Bue1011Ch01A_durance3	ERR17751856	ERX17142399	14Bue1011Ch01A_S55_L001_R1_001.fastq.gz	4caf2658a4ccdacbf0b8fc6fbe5b436b	14Bue1011Ch01A_S55_L001_R2_001.fastq.gz	ae8be49d77a148515b6332ee33f9cab4	14Bue1011Ch01A	biological	fish metagenome	Bue	caudal fin [UBERON:4000164]	2014
PRJEB124417	DURANCE16S_RUN_14Bue1011Ch02A_durance1	DURANCE16S_EXP_14Bue1011Ch02A_durance1	DURANCE16S_14Bue1011Ch02A	durance1	prep1	1	14Bue1011Ch02A_durance1	ERR17751857	ERX17142400	14Bue1011Ch02A_S619_L001_R1_001.fastq.gz	a0a666ee4da02dfa2645c6f089f2cb04	14Bue1011Ch02A_S619_L001_R2_001.fastq.gz	b655bac7f26b4a0e16b9a75638be3deb	14Bue1011Ch02A	biological	fish gut metagenome	Bue	midgut [UBERON:0001045]	2014
PRJEB124417	DURANCE16S_RUN_14Bue1011Ch02A_durance2	DURANCE16S_EXP_14Bue1011Ch02A_durance2	DURANCE16S_14Bue1011Ch02A	durance2	prep2	1	14Bue1011Ch02A_durance2	ERR17751859	ERX17142402	14Bue1011Ch02A_S619_L001_R1_001.fastq.gz	653c51af2f28d13ab916539929112b51	14Bue1011Ch02A_S619_L001_R2_001.fastq.gz	4f4871f4bfff52dd1df32483027c145c	14Bue1011Ch02A	biological	fish gut metagenome	Bue	midgut [UBERON:0001045]	2014
PRJEB124417	DURANCE16S_RUN_14Bue1011Ch02A_durance3	DURANCE16S_EXP_14Bue1011Ch02A_durance3	DURANCE16S_14Bue1011Ch02A	durance3	prep2	2	14Bue1011Ch02A_durance3	ERR17751861	ERX17142404	14Bue1011Ch02A_S619_L001_R1_001.fastq.gz	0c5f3c2d657f9e04ce1ec77aa169e4fc	14Bue1011Ch02A_S619_L001_R2_001.fastq.gz	3854feb24633e673a56984611a541c75	14Bue1011Ch02A	biological	fish gut metagenome	Bue	midgut [UBERON:0001045]	2014
PRJEB124417	DURANCE16S_RUN_14Bue1011Ch03A_durance1	DURANCE16S_EXP_14Bue1011Ch03A_durance1	DURANCE16S_14Bue1011Ch03A	durance1	prep1	1	14Bue1011Ch03A_durance1	ERR17751858	ERX17142401	14Bue1011Ch03A_S439_L001_R1_001.fastq.gz	bd8d06861f7266915f354fa0be20c316	14Bue1011Ch03A_S439_L001_R2_001.fastq.gz	f8464704c6e4d0ce50ea93e76cdb8303	14Bue1011Ch03A	biological	fish gut metagenome	Bue	hindgut [UBERON:0001046]	2014
PRJEB124417	DURANCE16S_RUN_14Bue1011Ch03A_durance2	DURANCE16S_EXP_14Bue1011Ch03A_durance2	DURANCE16S_14Bue1011Ch03A	durance2	prep2	1	14Bue1011Ch03A_durance2	ERR17751862	ERX17142405	14Bue1011Ch03A_S439_L001_R1_001.fastq.gz	0aed447959f202c5451711fff69bbd4d	14Bue1011Ch03A_S439_L001_R2_001.fastq.gz	3f910b72f50333041479e716174f534e	14Bue1011Ch03A	biological	fish gut metagenome	Bue	hindgut [UBERON:0001046]	2014
PRJEB124417	DURANCE16S_RUN_14Bue1011Ch03A_durance3	DURANCE16S_EXP_14Bue1011Ch03A_durance3	DURANCE16S_14Bue1011Ch03A	durance3	prep2	2	14Bue1011Ch03A_durance3	ERR17751860	ERX17142403	14Bue1011Ch03A_S439_L001_R1_001.fastq.gz	bdac78e7386f1a1436afb9f9ab27e969	14Bue1011Ch03A_S439_L001_R2_001.fastq.gz	c50c6cd3760a08620e5de200ded63141	14Bue1011Ch03A	biological	fish gut metagenome	Bue	hindgut [UBERON:0001046]	2014
PRJEB124417	DURANCE16S_RUN_14Bue1011Ch05A_durance1	DURANCE16S_EXP_14Bue1011Ch05A_durance1	DURANCE16S_14Bue1011Ch05A	durance1	prep1	1	14Bue1011Ch05A_durance1	ERR17751864	ERX17142407	14Bue1011Ch05A_S259_L001_R1_001.fastq.gz	2494add596a816089360a9402c182557	14Bue1011Ch05A_S259_L001_R2_001.fastq.gz	be4f7d224d49b5b29ba63660ebeeee7b	14Bue1011Ch05A	biological	gill metagenome	Bue	gill [UBERON:0002535]	2014
PRJEB124417	DURANCE16S_RUN_14Bue1011Ch05A_durance2	DURANCE16S_EXP_14Bue1011Ch05A_durance2	DURANCE16S_14Bue1011Ch05A	durance2	prep2	1	14Bue1011Ch05A_durance2	ERR17751863	ERX17142406	14Bue1011Ch05A_S259_L001_R1_001.fastq.gz	c1b30575a3952bef24335621806b1d39	14Bue1011Ch05A_S259_L001_R2_001.fastq.gz	e1b2416c6c9edd1060fecac522000865	14Bue1011Ch05A	biological	gill metagenome	Bue	gill [UBERON:0002535]	2014
PRJEB124417	DURANCE16S_RUN_14Bue1011Ch05A_durance3	DURANCE16S_EXP_14Bue1011Ch05A_durance3	DURANCE16S_14Bue1011Ch05A	durance3	prep2	2	14Bue1011Ch05A_durance3	ERR17751865	ERX17142408	14Bue1011Ch05A_S259_L001_R1_001.fastq.gz	e4d4590456a2c48a052cb6c77c061276	14Bue1011Ch05A_S259_L001_R2_001.fastq.gz	08409c323ecb3df951f87fa27edf3d77	14Bue1011Ch05A	biological	gill metagenome	Bue	gill [UBERON:0002535]	2014
PRJEB124417	DURANCE16S_RUN_14Bue1012Ch01A_durance1	DURANCE16S_EXP_14Bue1012Ch01A_durance1	DURANCE16S_14Bue1012Ch01A	durance1	prep1	1	14Bue1012Ch01A_durance1	ERR17751867	ERX17142410	14Bue1012Ch01A_S67_L001_R1_001.fastq.gz	1f564a495dd2c1f85b2bab4c703fa161	14Bue1012Ch01A_S67_L001_R2_001.fastq.gz	be23482f4a9f4097513562cfb147b820	14Bue1012Ch01A	biological	fish metagenome	Bue	caudal fin [UBERON:4000164]	2014
PRJEB124417	DURANCE16S_RUN_14Bue1012Ch01A_durance2	DURANCE16S_EXP_14Bue1012Ch01A_durance2	DURANCE16S_14Bue1012Ch01A	durance2	prep2	1	14Bue1012Ch01A_durance2	ERR17751866	ERX17142409	14Bue1012Ch01A_S67_L001_R1_001.fastq.gz	090d699f0651c93e02b611bc8346fce1	14Bue1012Ch01A_S67_L001_R2_001.fastq.gz	942f9c69d0f21611a0f7380bc00afe1e	14Bue1012Ch01A	biological	fish metagenome	Bue	caudal fin [UBERON:4000164]	2014
PRJEB124417	DURANCE16S_RUN_14Bue1012Ch01A_durance3	DURANCE16S_EXP_14Bue1012Ch01A_durance3	DURANCE16S_14Bue1012Ch01A	durance3	prep2	2	14Bue1012Ch01A_durance3	ERR17751869	ERX17142412	14Bue1012Ch01A_S67_L001_R1_001.fastq.gz	89c463ffaeab7becef70e2f6d721e220	14Bue1012Ch01A_S67_L001_R2_001.fastq.gz	d7d597688de9d207863470f940d274c7	14Bue1012Ch01A	biological	fish metagenome	Bue	caudal fin [UBERON:4000164]	2014
PRJEB124417	DURANCE16S_RUN_14Bue1012Ch02A_durance1	DURANCE16S_EXP_14Bue1012Ch02A_durance1	DURANCE16S_14Bue1012Ch02A	durance1	prep1	1	14Bue1012Ch02A_durance1	ERR17751868	ERX17142411	14Bue1012Ch02A_S631_L001_R1_001.fastq.gz	3c14280c730df795d6c0617f1c9c1c7e	14Bue1012Ch02A_S631_L001_R2_001.fastq.gz	a7695fbab82da7010a8da94f4904039f	14Bue1012Ch02A	biological	fish gut metagenome	Bue	midgut [UBERON:0001045]	2014
PRJEB124417	DURANCE16S_RUN_14Bue1012Ch02A_durance2	DURANCE16S_EXP_14Bue1012Ch02A_durance2	DURANCE16S_14Bue1012Ch02A	durance2	prep2	1	14Bue1012Ch02A_durance2	ERR17751870	ERX17142413	14Bue1012Ch02A_S631_L001_R1_001.fastq.gz	40e7a6e40dd8bfdb36e0aa8a59cddd63	14Bue1012Ch02A_S631_L001_R2_001.fastq.gz	d88ea4d263eae4bccdf3b5649a2ed642	14Bue1012Ch02A	biological	fish gut metagenome	Bue	midgut [UBERON:0001045]	2014
PRJEB124417	DURANCE16S_RUN_14Bue1012Ch02A_durance3	DURANCE16S_EXP_14Bue1012Ch02A_durance3	DURANCE16S_14Bue1012Ch02A	durance3	prep2	2	14Bue1012Ch02A_durance3	ERR17751872	ERX17142415	14Bue1012Ch02A_S631_L001_R1_001.fastq.gz	c1c194181f5871b9bbc5a26288f59cdc	14Bue1012Ch02A_S631_L001_R2_001.fastq.gz	3ed1e33935d3a53d5199b7f04b6249c9	14Bue1012Ch02A	biological	fish gut metagenome	Bue	midgut [UBERON:0001045]	2014
PRJEB124417	DURANCE16S_RUN_14Bue1012Ch03A_durance1	DURANCE16S_EXP_14Bue1012Ch03A_durance1	DURANCE16S_14Bue1012Ch03A	durance1	prep1	1	14Bue1012Ch03A_durance1	ERR17751871	ERX17142414	14Bue1012Ch03A_S451_L001_R1_001.fastq.gz	7373b37938d553c112d40fbefe3dbd28	14Bue1012Ch03A_S451_L001_R2_001.fastq.gz	d5b575715ac0b465d99e8ab3ab0b116d	14Bue1012Ch03A	biological	fish gut metagenome	Bue	hindgut [UBERON:0001046]	2014
PRJEB124417	DURANCE16S_RUN_14Bue1012Ch03A_durance2	DURANCE16S_EXP_14Bue1012Ch03A_durance2	DURANCE16S_14Bue1012Ch03A	durance2	prep2	1	14Bue1012Ch03A_durance2	ERR17751873	ERX17142416	14Bue1012Ch03A_S451_L001_R1_001.fastq.gz	895535a3093e2e92015a72976773bd34	14Bue1012Ch03A_S451_L001_R2_001.fastq.gz	ac62df61ae5dc21660679e77c5862ccc	14Bue1012Ch03A	biological	fish gut metagenome	Bue	hindgut [UBERON:0001046]	2014
PRJEB124417	DURANCE16S_RUN_14Bue1012Ch03A_durance3	DURANCE16S_EXP_14Bue1012Ch03A_durance3	DURANCE16S_14Bue1012Ch03A	durance3	prep2	2	14Bue1012Ch03A_durance3	ERR17751874	ERX17142417	14Bue1012Ch03A_S451_L001_R1_001.fastq.gz	c0ac847100527040651a8906fee5cd7f	14Bue1012Ch03A_S451_L001_R2_001.fastq.gz	65360650e59e2f772ab365f9f584264e	14Bue1012Ch03A	biological	fish gut metagenome	Bue	hindgut [UBERON:0001046]	2014
PRJEB124417	DURANCE16S_RUN_14Bue1012Ch05A_durance1	DURANCE16S_EXP_14Bue1012Ch05A_durance1	DURANCE16S_14Bue1012Ch05A	durance1	prep1	1	14Bue1012Ch05A_durance1	ERR17751875	ERX17142418	14Bue1012Ch05A_S271_L001_R1_001.fastq.gz	7a2e7d372d69db963c9a80eb2001f32c	14Bue1012Ch05A_S271_L001_R2_001.fastq.gz	863531fde3afe6a5bf8ed03b55a113e9	14Bue1012Ch05A	biological	gill metagenome	Bue	gill [UBERON:0002535]	2014
PRJEB124417	DURANCE16S_RUN_14Bue1012Ch05A_durance2	DURANCE16S_EXP_14Bue1012Ch05A_durance2	DURANCE16S_14Bue1012Ch05A	durance2	prep2	1	14Bue1012Ch05A_durance2	ERR17751876	ERX17142419	14Bue1012Ch05A_S271_L001_R1_001.fastq.gz	b1a7ca50b6541fc277503281553ae5f1	14Bue1012Ch05A_S271_L001_R2_001.fastq.gz	9bd602dee3e765885cd19ef319b6e249	14Bue1012Ch05A	biological	gill metagenome	Bue	gill [UBERON:0002535]	2014
PRJEB124417	DURANCE16S_RUN_14Bue1012Ch05A_durance3	DURANCE16S_EXP_14Bue1012Ch05A_durance3	DURANCE16S_14Bue1012Ch05A	durance3	prep2	2	14Bue1012Ch05A_durance3	ERR17751877	ERX17142420	14Bue1012Ch05A_S271_L001_R1_001.fastq.gz	fe0753e12bf42fc309089b764c45b4be	14Bue1012Ch05A_S271_L001_R2_001.fastq.gz	50183aafca44ad9f588afff912dd7cff	14Bue1012Ch05A	biological	gill metagenome	Bue	gill [UBERON:0002535]	2014
PRJEB124417	DURANCE16S_RUN_14Bue1013Ch01A_durance1	DURANCE16S_EXP_14Bue1013Ch01A_durance1	DURANCE16S_14Bue1013Ch01A	durance1	prep1	1	14Bue1013Ch01A_durance1	ERR17751878	ERX17142421	14Bue1013Ch01A_S79_L001_R1_001.fastq.gz	da7c7ad07dda55f0fa790162cdb4926c	14Bue1013Ch01A_S79_L001_R2_001.fastq.gz	4a6a797ed8abb96c2d78a7e3c85751ea	14Bue1013Ch01A	biological	fish metagenome	Bue	caudal fin [UBERON:4000164]	2014
PRJEB124417	DURANCE16S_RUN_14Bue1013Ch01A_durance2	DURANCE16S_EXP_14Bue1013Ch01A_durance2	DURANCE16S_14Bue1013Ch01A	durance2	prep2	1	14Bue1013Ch01A_durance2	ERR17751879	ERX17142422	14Bue1013Ch01A_S79_L001_R1_001.fastq.gz	c43e0a1c8b83bee8af6774fb61aad2b4	14Bue1013Ch01A_S79_L001_R2_001.fastq.gz	08283852de2feb9682af4a7573a62dc5	14Bue1013Ch01A	biological	fish metagenome	Bue	caudal fin [UBERON:4000164]	2014
PRJEB124417	DURANCE16S_RUN_14Bue1013Ch01A_durance3	DURANCE16S_EXP_14Bue1013Ch01A_durance3	DURANCE16S_14Bue1013Ch01A	durance3	prep2	2	14Bue1013Ch01A_durance3	ERR17751880	ERX17142423	14Bue1013Ch01A_S79_L001_R1_001.fastq.gz	b8ea94bf1e9094a07bcf6015acd13450	14Bue1013Ch01A_S79_L001_R2_001.fastq.gz	5da70ae4d88bfbfce6300db92f5d50aa	14Bue1013Ch01A	biological	fish metagenome	Bue	caudal fin [UBERON:4000164]	2014
PRJEB124417	DURANCE16S_RUN_14Bue1013Ch02A_durance1	DURANCE16S_EXP_14Bue1013Ch02A_durance1	DURANCE16S_14Bue1013Ch02A	durance1	prep1	1	14Bue1013Ch02A_durance1	ERR17751881	ERX17142424	14Bue1013Ch02A_S643_L001_R1_001.fastq.gz	43e57e01906b190f0c2461af4d6ccd84	14Bue1013Ch02A_S643_L001_R2_001.fastq.gz	ca2afb029ab694d33ffdccd70c30a75e	14Bue1013Ch02A	biological	fish gut metagenome	Bue	midgut [UBERON:0001045]	2014
PRJEB124417	DURANCE16S_RUN_14Bue1013Ch02A_durance2	DURANCE16S_EXP_14Bue1013Ch02A_durance2	DURANCE16S_14Bue1013Ch02A	durance2	prep2	1	14Bue1013Ch02A_durance2	ERR17751882	ERX17142425	14Bue1013Ch02A_S643_L001_R1_001.fastq.gz	6186550ee5ba5de095acf76f227a676c	14Bue1013Ch02A_S643_L001_R2_001.fastq.gz	b5a427beb0b346b7e3b25a8d4250e8fe	14Bue1013Ch02A	biological	fish gut metagenome	Bue	midgut [UBERON:0001045]	2014
PRJEB124417	DURANCE16S_RUN_14Bue1013Ch02A_durance3	DURANCE16S_EXP_14Bue1013Ch02A_durance3	DURANCE16S_14Bue1013Ch02A	durance3	prep2	2	14Bue1013Ch02A_durance3	ERR17751883	ERX17142426	14Bue1013Ch02A_S643_L001_R1_001.fastq.gz	6ad6ee8d74240ee96ef23a04e21a85f1	14Bue1013Ch02A_S643_L001_R2_001.fastq.gz	982c7efb6874eaa2e1109bcbeefa41c8	14Bue1013Ch02A	biological	fish gut metagenome	Bue	midgut [UBERON:0001045]	2014
PRJEB124417	DURANCE16S_RUN_14Bue1013Ch03A_durance1	DURANCE16S_EXP_14Bue1013Ch03A_durance1	DURANCE16S_14Bue1013Ch03A	durance1	prep1	1	14Bue1013Ch03A_durance1	ERR17751885	ERX17142428	14Bue1013Ch03A_S463_L001_R1_001.fastq.gz	1752284cedae91ebba8d7a71bd45bccc	14Bue1013Ch03A_S463_L001_R2_001.fastq.gz	cb61fcbfd402a94b8128b46842693f00	14Bue1013Ch03A	biological	fish gut metagenome	Bue	hindgut [UBERON:0001046]	2014
PRJEB124417	DURANCE16S_RUN_14Bue1013Ch03A_durance2	DURANCE16S_EXP_14Bue1013Ch03A_durance2	DURANCE16S_14Bue1013Ch03A	durance2	prep2	1	14Bue1013Ch03A_durance2	ERR17751884	ERX17142427	14Bue1013Ch03A_S463_L001_R1_001.fastq.gz	2a29eaedb320c42eda70683a11ef46b8	14Bue1013Ch03A_S463_L001_R2_001.fastq.gz	df518c2b8ce0c09b919987665a48a4b9	14Bue1013Ch03A	biological	fish gut metagenome	Bue	hindgut [UBERON:0001046]	2014
PRJEB124417	DURANCE16S_RUN_14Bue1013Ch03A_durance3	DURANCE16S_EXP_14Bue1013Ch03A_durance3	DURANCE16S_14Bue1013Ch03A	durance3	prep2	2	14Bue1013Ch03A_durance3	ERR17751887	ERX17142430	14Bue1013Ch03A_S463_L001_R1_001.fastq.gz	968208af27d3a21e8c9654e060226e02	14Bue1013Ch03A_S463_L001_R2_001.fastq.gz	9bcb5ddb83b35812876f04f24bae23d3	14Bue1013Ch03A	biological	fish gut metagenome	Bue	hindgut [UBERON:0001046]	2014
PRJEB124417	DURANCE16S_RUN_14Bue1013Ch05A_durance1	DURANCE16S_EXP_14Bue1013Ch05A_durance1	DURANCE16S_14Bue1013Ch05A	durance1	prep1	1	14Bue1013Ch05A_durance1	ERR17751886	ERX17142429	14Bue1013Ch05A_S283_L001_R1_001.fastq.gz	00b5cc171338e09ade5e2fb3f3b03e7a	14Bue1013Ch05A_S283_L001_R2_001.fastq.gz	6039bdd3d1f7478fc6c0e4281742b2f7	14Bue1013Ch05A	biological	gill metagenome	Bue	gill [UBERON:0002535]	2014
PRJEB124417	DURANCE16S_RUN_14Bue1013Ch05A_durance2	DURANCE16S_EXP_14Bue1013Ch05A_durance2	DURANCE16S_14Bue1013Ch05A	durance2	prep2	1	14Bue1013Ch05A_durance2	ERR17751889	ERX17142432	14Bue1013Ch05A_S283_L001_R1_001.fastq.gz	8315ee2322aaac8382a6a9ae74bcd64e	14Bue1013Ch05A_S283_L001_R2_001.fastq.gz	acf00a0b0a968726a89b94a8fbb6230b	14Bue1013Ch05A	biological	gill metagenome	Bue	gill [UBERON:0002535]	2014
PRJEB124417	DURANCE16S_RUN_14Bue1013Ch05A_durance3	DURANCE16S_EXP_14Bue1013Ch05A_durance3	DURANCE16S_14Bue1013Ch05A	durance3	prep2	2	14Bue1013Ch05A_durance3	ERR17751890	ERX17142433	14Bue1013Ch05A_S283_L001_R1_001.fastq.gz	baa17ac51b3e845feaff70867ab20044	14Bue1013Ch05A_S283_L001_R2_001.fastq.gz	beaefc3018a2f358eb41fd0735dd21de	14Bue1013Ch05A	biological	gill metagenome	Bue	gill [UBERON:0002535]	2014
PRJEB124417	DURANCE16S_RUN_14Bue1014Ch01A_durance1	DURANCE16S_EXP_14Bue1014Ch01A_durance1	DURANCE16S_14Bue1014Ch01A	durance1	prep1	1	14Bue1014Ch01A_durance1	ERR17751892	ERX17142435	14Bue1014Ch01A_S91_L001_R1_001.fastq.gz	4793b6f555e46575273161bf2698c6e5	14Bue1014Ch01A_S91_L001_R2_001.fastq.gz	7ab81394f8122735edcc95020c14f3c2	14Bue1014Ch01A	biological	fish metagenome	Bue	caudal fin [UBERON:4000164]	2014
PRJEB124417	DURANCE16S_RUN_14Bue1014Ch01A_durance2	DURANCE16S_EXP_14Bue1014Ch01A_durance2	DURANCE16S_14Bue1014Ch01A	durance2	prep2	1	14Bue1014Ch01A_durance2	ERR17751891	ERX17142434	14Bue1014Ch01A_S91_L001_R1_001.fastq.gz	53435edc9e131a6b43b084c542542176	14Bue1014Ch01A_S91_L001_R2_001.fastq.gz	1a96ef73f7bd8919b25c1b921e1365f8	14Bue1014Ch01A	biological	fish metagenome	Bue	caudal fin [UBERON:4000164]	2014
PRJEB124417	DURANCE16S_RUN_14Bue1014Ch01A_durance3	DURANCE16S_EXP_14Bue1014Ch01A_durance3	DURANCE16S_14Bue1014Ch01A	durance3	prep2	2	14Bue1014Ch01A_durance3	ERR17751893	ERX17142436	14Bue1014Ch01A_S91_L001_R1_001.fastq.gz	c703bbd1ba504855158aaaafbf2e9a4a	14Bue1014Ch01A_S91_L001_R2_001.fastq.gz	6d747face9566eacc01ad69e2a640807	14Bue1014Ch01A	biological	fish metagenome	Bue	caudal fin [UBERON:4000164]	2014
PRJEB124417	DURANCE16S_RUN_14Bue1014Ch02A_durance1	DURANCE16S_EXP_14Bue1014Ch02A_durance1	DURANCE16S_14Bue1014Ch02A	durance1	prep1	1	14Bue1014Ch02A_durance1	ERR17751895	ERX17142438	14Bue1014Ch02A_S655_L001_R1_001.fastq.gz	392a4e5d57f2a375d45d384a2fc77268	14Bue1014Ch02A_S655_L001_R2_001.fastq.gz	087df38bccfce431b58b236bf35f4d90	14Bue1014Ch02A	biological	fish gut metagenome	Bue	midgut [UBERON:0001045]	2014
PRJEB124417	DURANCE16S_RUN_14Bue1014Ch02A_durance2	DURANCE16S_EXP_14Bue1014Ch02A_durance2	DURANCE16S_14Bue1014Ch02A	durance2	prep2	1	14Bue1014Ch02A_durance2	ERR17751894	ERX17142437	14Bue1014Ch02A_S655_L001_R1_001.fastq.gz	da9ad8f776d879854e67cf033aa83387	14Bue1014Ch02A_S655_L001_R2_001.fastq.gz	9e354d47baf4eb0d5b4450c44496318b	14Bue1014Ch02A	biological	fish gut metagenome	Bue	midgut [UBERON:0001045]	2014
PRJEB124417	DURANCE16S_RUN_14Bue1014Ch02A_durance3	DURANCE16S_EXP_14Bue1014Ch02A_durance3	DURANCE16S_14Bue1014Ch02A	durance3	prep2	2	14Bue1014Ch02A_durance3	ERR17751896	ERX17142439	14Bue1014Ch02A_S655_L001_R1_001.fastq.gz	7113df66080bd8197df0355412868eec	14Bue1014Ch02A_S655_L001_R2_001.fastq.gz	01253086c5f0093748ae128d8c429012	14Bue1014Ch02A	biological	fish gut metagenome	Bue	midgut [UBERON:0001045]	2014
PRJEB124417	DURANCE16S_RUN_14Bue1014Ch03A_durance1	DURANCE16S_EXP_14Bue1014Ch03A_durance1	DURANCE16S_14Bue1014Ch03A	durance1	prep1	1	14Bue1014Ch03A_durance1	ERR17751897	ERX17142440	14Bue1014Ch03A_S475_L001_R1_001.fastq.gz	2dae1d39f48f1b1433dbe58fd244c3e5	14Bue1014Ch03A_S475_L001_R2_001.fastq.gz	585f9086c01659207577812a2d4ea76c	14Bue1014Ch03A	biological	fish gut metagenome	Bue	hindgut [UBERON:0001046]	2014
PRJEB124417	DURANCE16S_RUN_14Bue1014Ch03A_durance2	DURANCE16S_EXP_14Bue1014Ch03A_durance2	DURANCE16S_14Bue1014Ch03A	durance2	prep2	1	14Bue1014Ch03A_durance2	ERR17751898	ERX17142441	14Bue1014Ch03A_S475_L001_R1_001.fastq.gz	021243122fc5fb8f8fdf161225326873	14Bue1014Ch03A_S475_L001_R2_001.fastq.gz	bdce5be1587371c50fc12ca3a0f37428	14Bue1014Ch03A	biological	fish gut metagenome	Bue	hindgut [UBERON:0001046]	2014
PRJEB124417	DURANCE16S_RUN_14Bue1014Ch03A_durance3	DURANCE16S_EXP_14Bue1014Ch03A_durance3	DURANCE16S_14Bue1014Ch03A	durance3	prep2	2	14Bue1014Ch03A_durance3	ERR17751900	ERX17142443	14Bue1014Ch03A_S475_L001_R1_001.fastq.gz	2aebddb451ef6e30b914e9bfc6f25e20	14Bue1014Ch03A_S475_L001_R2_001.fastq.gz	d82bd1ec57af7b8dbdd9920cda6937a4	14Bue1014Ch03A	biological	fish gut metagenome	Bue	hindgut [UBERON:0001046]	2014
PRJEB124417	DURANCE16S_RUN_14Bue1014Ch05A_durance1	DURANCE16S_EXP_14Bue1014Ch05A_durance1	DURANCE16S_14Bue1014Ch05A	durance1	prep1	1	14Bue1014Ch05A_durance1	ERR17751899	ERX17142442	14Bue1014Ch05A_S200_L001_R1_001.fastq.gz	6d124aa0a32f0636788ebc0e22f97205	14Bue1014Ch05A_S200_L001_R2_001.fastq.gz	ae697015bda74f7e05dc1348c278d450	14Bue1014Ch05A	biological	gill metagenome	Bue	gill [UBERON:0002535]	2014
PRJEB124417	DURANCE16S_RUN_14Bue1014Ch05A_durance2	DURANCE16S_EXP_14Bue1014Ch05A_durance2	DURANCE16S_14Bue1014Ch05A	durance2	prep2	1	14Bue1014Ch05A_durance2	ERR17751901	ERX17142444	14Bue1014Ch05A_S200_L001_R1_001.fastq.gz	91e9bf469a1429349917e9fcd842cf62	14Bue1014Ch05A_S200_L001_R2_001.fastq.gz	0482ccc1a4b8bda04595222027ac3af9	14Bue1014Ch05A	biological	gill metagenome	Bue	gill [UBERON:0002535]	2014
PRJEB124417	DURANCE16S_RUN_14Bue1014Ch05A_durance3	DURANCE16S_EXP_14Bue1014Ch05A_durance3	DURANCE16S_14Bue1014Ch05A	durance3	prep2	2	14Bue1014Ch05A_durance3	ERR17751902	ERX17142445	14Bue1014Ch05A_S200_L001_R1_001.fastq.gz	6381614f63ae62ac360131deccfab9de	14Bue1014Ch05A_S200_L001_R2_001.fastq.gz	02ac44b19cf5262d74d1c095748be321	14Bue1014Ch05A	biological	gill metagenome	Bue	gill [UBERON:0002535]	2014
PRJEB124417	DURANCE16S_RUN_14Bue1015Ch01A_durance1	DURANCE16S_EXP_14Bue1015Ch01A_durance1	DURANCE16S_14Bue1015Ch01A	durance1	prep1	1	14Bue1015Ch01A_durance1	ERR17751903	ERX17142446	14Bue1015Ch01A_S8_L001_R1_001.fastq.gz	4d9bc2cd9c9dcb128d38198a0419aedc	14Bue1015Ch01A_S8_L001_R2_001.fastq.gz	b99acdb2996010ba88196a071a01bd4b	14Bue1015Ch01A	biological	fish metagenome	Bue	caudal fin [UBERON:4000164]	2014
PRJEB124417	DURANCE16S_RUN_14Bue1015Ch01A_durance2	DURANCE16S_EXP_14Bue1015Ch01A_durance2	DURANCE16S_14Bue1015Ch01A	durance2	prep2	1	14Bue1015Ch01A_durance2	ERR17751904	ERX17142447	14Bue1015Ch01A_S8_L001_R1_001.fastq.gz	d4d711020298f4724a4960d6945ba876	14Bue1015Ch01A_S8_L001_R2_001.fastq.gz	7eb8db70debff1b83068763fc833d1ec	14Bue1015Ch01A	biological	fish metagenome	Bue	caudal fin [UBERON:4000164]	2014
PRJEB124417	DURANCE16S_RUN_14Bue1015Ch01A_durance3	DURANCE16S_EXP_14Bue1015Ch01A_durance3	DURANCE16S_14Bue1015Ch01A	durance3	prep2	2	14Bue1015Ch01A_durance3	ERR17751907	ERX17142450	14Bue1015Ch01A_S8_L001_R1_001.fastq.gz	1bda303ae6203e59f3479ebf8433bade	14Bue1015Ch01A_S8_L001_R2_001.fastq.gz	0bd23ca8f15623b5515c44b2f378bfeb	14Bue1015Ch01A	biological	fish metagenome	Bue	caudal fin [UBERON:4000164]	2014
PRJEB124417	DURANCE16S_RUN_14Bue1015Ch02A_durance1	DURANCE16S_EXP_14Bue1015Ch02A_durance1	DURANCE16S_14Bue1015Ch02A	durance1	prep1	1	14Bue1015Ch02A_durance1	ERR17751905	ERX17142448	14Bue1015Ch02A_S667_L001_R1_001.fastq.gz	24a10ed43adbdd3d25bcd8481d9cdcd8	14Bue1015Ch02A_S667_L001_R2_001.fastq.gz	0af3a7c978ac9dc99869e41b13b9b69e	14Bue1015Ch02A	biological	fish gut metagenome	Bue	midgut [UBERON:0001045]	2014
PRJEB124417	DURANCE16S_RUN_14Bue1015Ch02A_durance2	DURANCE16S_EXP_14Bue1015Ch02A_durance2	DURANCE16S_14Bue1015Ch02A	durance2	prep2	1	14Bue1015Ch02A_durance2	ERR17751908	ERX17142451	14Bue1015Ch02A_S667_L001_R1_001.fastq.gz	da6224adc7138430073474230584c510	14Bue1015Ch02A_S667_L001_R2_001.fastq.gz	07745c164ade5026d9b64d10315594fe	14Bue1015Ch02A	biological	fish gut metagenome	Bue	midgut [UBERON:0001045]	2014
PRJEB124417	DURANCE16S_RUN_14Bue1015Ch02A_durance3	DURANCE16S_EXP_14Bue1015Ch02A_durance3	DURANCE16S_14Bue1015Ch02A	durance3	prep2	2	14Bue1015Ch02A_durance3	ERR17751906	ERX17142449	14Bue1015Ch02A_S667_L001_R1_001.fastq.gz	325f87d98587e80aa0566d66833f1659	14Bue1015Ch02A_S667_L001_R2_001.fastq.gz	aaa734ba97766f755b4a01559a94e465	14Bue1015Ch02A	biological	fish gut metagenome	Bue	midgut [UBERON:0001045]	2014
PRJEB124417	DURANCE16S_RUN_14Bue1015Ch03A_durance1	DURANCE16S_EXP_14Bue1015Ch03A_durance1	DURANCE16S_14Bue1015Ch03A	durance1	prep1	1	14Bue1015Ch03A_durance1	ERR17751909	ERX17142452	14Bue1015Ch03A_S392_L001_R1_001.fastq.gz	de3f32db8155926c4bfaca3d1b22045b	14Bue1015Ch03A_S392_L001_R2_001.fastq.gz	90088f86a0a22233556a553784ff872c	14Bue1015Ch03A	biological	fish gut metagenome	Bue	hindgut [UBERON:0001046]	2014
PRJEB124417	DURANCE16S_RUN_14Bue1015Ch03A_durance2	DURANCE16S_EXP_14Bue1015Ch03A_durance2	DURANCE16S_14Bue1015Ch03A	durance2	prep2	1	14Bue1015Ch03A_durance2	ERR17751910	ERX17142453	14Bue1015Ch03A_S392_L001_R1_001.fastq.gz	ea65abda01de8dce55f5fe5a8d2d613f	14Bue1015Ch03A_S392_L001_R2_001.fastq.gz	cd9cfb239da916e89ce9d4480ed52010	14Bue1015Ch03A	biological	fish gut metagenome	Bue	hindgut [UBERON:0001046]	2014
PRJEB124417	DURANCE16S_RUN_14Bue1015Ch03A_durance3	DURANCE16S_EXP_14Bue1015Ch03A_durance3	DURANCE16S_14Bue1015Ch03A	durance3	prep2	2	14Bue1015Ch03A_durance3	ERR17751911	ERX17142454	14Bue1015Ch03A_S392_L001_R1_001.fastq.gz	41287f4d58b762ebe51cd7b6b6c7dab7	14Bue1015Ch03A_S392_L001_R2_001.fastq.gz	8fb0d99975524ef0bc1bcfe55168c96d	14Bue1015Ch03A	biological	fish gut metagenome	Bue	hindgut [UBERON:0001046]	2014
PRJEB124417	DURANCE16S_RUN_14Bue1015Ch05A_durance1	DURANCE16S_EXP_14Bue1015Ch05A_durance1	DURANCE16S_14Bue1015Ch05A	durance1	prep1	1	14Bue1015Ch05A_durance1	ERR17751912	ERX17142455	14Bue1015Ch05A_S212_L001_R1_001.fastq.gz	0d1f5ad6154fd33e1f8c4dd1108dc526	14Bue1015Ch05A_S212_L001_R2_001.fastq.gz	168187d8759adbafe559b3e537a5d6c5	14Bue1015Ch05A	biological	gill metagenome	Bue	gill [UBERON:0002535]	2014
PRJEB124417	DURANCE16S_RUN_14Bue1015Ch05A_durance2	DURANCE16S_EXP_14Bue1015Ch05A_durance2	DURANCE16S_14Bue1015Ch05A	durance2	prep2	1	14Bue1015Ch05A_durance2	ERR17751913	ERX17142456	14Bue1015Ch05A_S212_L001_R1_001.fastq.gz	d8ae873430dfd6a408b2d14d1eb2be9c	14Bue1015Ch05A_S212_L001_R2_001.fastq.gz	b8af04e163f69e6b0081114b99fbd103	14Bue1015Ch05A	biological	gill metagenome	Bue	gill [UBERON:0002535]	2014
PRJEB124417	DURANCE16S_RUN_14Bue1015Ch05A_durance3	DURANCE16S_EXP_14Bue1015Ch05A_durance3	DURANCE16S_14Bue1015Ch05A	durance3	prep2	2	14Bue1015Ch05A_durance3	ERR17751914	ERX17142457	14Bue1015Ch05A_S212_L001_R1_001.fastq.gz	53b3e3bafe4ca8808c17714da4d8e063	14Bue1015Ch05A_S212_L001_R2_001.fastq.gz	2886fd66e9c38b86a6007c0e8c7d48c1	14Bue1015Ch05A	biological	gill metagenome	Bue	gill [UBERON:0002535]	2014
PRJEB124417	DURANCE16S_RUN_14Bue1016Ch01A_durance1	DURANCE16S_EXP_14Bue1016Ch01A_durance1	DURANCE16S_14Bue1016Ch01A	durance1	prep1	1	14Bue1016Ch01A_durance1	ERR17751916	ERX17142459	14Bue1016Ch01A_S20_L001_R1_001.fastq.gz	51ff21f68782cd602d3c9c52ac358720	14Bue1016Ch01A_S20_L001_R2_001.fastq.gz	9500c042c2924e57584fcc72120bb693	14Bue1016Ch01A	biological	fish metagenome	Bue	caudal fin [UBERON:4000164]	2014
PRJEB124417	DURANCE16S_RUN_14Bue1016Ch01A_durance2	DURANCE16S_EXP_14Bue1016Ch01A_durance2	DURANCE16S_14Bue1016Ch01A	durance2	prep2	1	14Bue1016Ch01A_durance2	ERR17751915	ERX17142458	14Bue1016Ch01A_S20_L001_R1_001.fastq.gz	44de857bc0d865f07df8ca97614490c4	14Bue1016Ch01A_S20_L001_R2_001.fastq.gz	288ba7dbc56fb04cee012f84b42114db	14Bue1016Ch01A	biological	fish metagenome	Bue	caudal fin [UBERON:4000164]	2014
PRJEB124417	DURANCE16S_RUN_14Bue1016Ch01A_durance3	DURANCE16S_EXP_14Bue1016Ch01A_durance3	DURANCE16S_14Bue1016Ch01A	durance3	prep2	2	14Bue1016Ch01A_durance3	ERR17751918	ERX17142461	14Bue1016Ch01A_S20_L001_R1_001.fastq.gz	885486fa8bc90dd319b60cd5e189e2bf	14Bue1016Ch01A_S20_L001_R2_001.fastq.gz	0d56599bd147c9c4d774f2371a9ab6ca	14Bue1016Ch01A	biological	fish metagenome	Bue	caudal fin [UBERON:4000164]	2014
PRJEB124417	DURANCE16S_RUN_14Bue1016Ch02A_durance1	DURANCE16S_EXP_14Bue1016Ch02A_durance1	DURANCE16S_14Bue1016Ch02A	durance1	prep1	1	14Bue1016Ch02A_durance1	ERR17751919	ERX17142462	14Bue1016Ch02A_S584_L001_R1_001.fastq.gz	f973fbbcf00f36eff7327177c0e84670	14Bue1016Ch02A_S584_L001_R2_001.fastq.gz	9fcf4fb20df8b60045869dc4dd8db3d6	14Bue1016Ch02A	biological	fish gut metagenome	Bue	midgut [UBERON:0001045]	2014
PRJEB124417	DURANCE16S_RUN_14Bue1016Ch02A_durance2	DURANCE16S_EXP_14Bue1016Ch02A_durance2	DURANCE16S_14Bue1016Ch02A	durance2	prep2	1	14Bue1016Ch02A_durance2	ERR17751917	ERX17142460	14Bue1016Ch02A_S584_L001_R1_001.fastq.gz	943615bc84f6d3802f5b8393fb3041c8	14Bue1016Ch02A_S584_L001_R2_001.fastq.gz	002ce89b0dba03ed89af516794818a01	14Bue1016Ch02A	biological	fish gut metagenome	Bue	midgut [UBERON:0001045]	2014
PRJEB124417	DURANCE16S_RUN_14Bue1016Ch02A_durance3	DURANCE16S_EXP_14Bue1016Ch02A_durance3	DURANCE16S_14Bue1016Ch02A	durance3	prep2	2	14Bue1016Ch02A_durance3	ERR17751922	ERX17142465	14Bue1016Ch02A_S584_L001_R1_001.fastq.gz	6c58aaedd7b4582d590bfc00a3531043	14Bue1016Ch02A_S584_L001_R2_001.fastq.gz	72aedd3f4c3605faad8e95b254dcbc50	14Bue1016Ch02A	biological	fish gut metagenome	Bue	midgut [UBERON:0001045]	2014
PRJEB124417	DURANCE16S_RUN_14Bue1016Ch03A_durance1	DURANCE16S_EXP_14Bue1016Ch03A_durance1	DURANCE16S_14Bue1016Ch03A	durance1	prep1	1	14Bue1016Ch03A_durance1	ERR17751920	ERX17142463	14Bue1016Ch03A_S404_L001_R1_001.fastq.gz	75865c3b285cceb54c3c7ebb2c46eae8	14Bue1016Ch03A_S404_L001_R2_001.fastq.gz	872e7cf8650f32bb9e0c089cae67cd24	14Bue1016Ch03A	biological	fish gut metagenome	Bue	hindgut [UBERON:0001046]	2014
PRJEB124417	DURANCE16S_RUN_14Bue1016Ch03A_durance2	DURANCE16S_EXP_14Bue1016Ch03A_durance2	DURANCE16S_14Bue1016Ch03A	durance2	prep2	1	14Bue1016Ch03A_durance2	ERR17751921	ERX17142464	14Bue1016Ch03A_S404_L001_R1_001.fastq.gz	fc39cc385d9ca2610821c79065154c8e	14Bue1016Ch03A_S404_L001_R2_001.fastq.gz	f940cd5a6873ef09d300f2b654460caf	14Bue1016Ch03A	biological	fish gut metagenome	Bue	hindgut [UBERON:0001046]	2014
PRJEB124417	DURANCE16S_RUN_14Bue1016Ch03A_durance3	DURANCE16S_EXP_14Bue1016Ch03A_durance3	DURANCE16S_14Bue1016Ch03A	durance3	prep2	2	14Bue1016Ch03A_durance3	ERR17751923	ERX17142466	14Bue1016Ch03A_S404_L001_R1_001.fastq.gz	3c2e3e36af0dacdd6678981a2f23a27c	14Bue1016Ch03A_S404_L001_R2_001.fastq.gz	409e3e460a84d3654195f24d42c469eb	14Bue1016Ch03A	biological	fish gut metagenome	Bue	hindgut [UBERON:0001046]	2014
PRJEB124417	DURANCE16S_RUN_14Bue1017Ch01A_durance1	DURANCE16S_EXP_14Bue1017Ch01A_durance1	DURANCE16S_14Bue1017Ch01A	durance1	prep1	1	14Bue1017Ch01A_durance1	ERR17751925	ERX17142468	14Bue1017Ch01A_S32_L001_R1_001.fastq.gz	a6634910234c1265eeca96a5e9a0842e	14Bue1017Ch01A_S32_L001_R2_001.fastq.gz	4d2f91a9561190381cb6939e7338caf9	14Bue1017Ch01A	biological	fish metagenome	Bue	caudal fin [UBERON:4000164]	2014
PRJEB124417	DURANCE16S_RUN_14Bue1017Ch01A_durance2	DURANCE16S_EXP_14Bue1017Ch01A_durance2	DURANCE16S_14Bue1017Ch01A	durance2	prep2	1	14Bue1017Ch01A_durance2	ERR17751924	ERX17142467	14Bue1017Ch01A_S32_L001_R1_001.fastq.gz	6ce94139329b47fc38a0e43c55c00d29	14Bue1017Ch01A_S32_L001_R2_001.fastq.gz	1fd81f90f450fcd2104c3cbf7acf747c	14Bue1017Ch01A	biological	fish metagenome	Bue	caudal fin [UBERON:4000164]	2014
PRJEB124417	DURANCE16S_RUN_14Bue1017Ch01A_durance3	DURANCE16S_EXP_14Bue1017Ch01A_durance3	DURANCE16S_14Bue1017Ch01A	durance3	prep2	2	14Bue1017Ch01A_durance3	ERR17751926	ERX17142469	14Bue1017Ch01A_S32_L001_R1_001.fastq.gz	4683e5c11f924cf018475dfefafa9663	14Bue1017Ch01A_S32_L001_R2_001.fastq.gz	21c99a2bbf0f2a18287f8869c952aca7	14Bue1017Ch01A	biological	fish metagenome	Bue	caudal fin [UBERON:4000164]	2014
PRJEB124417	DURANCE16S_RUN_14Bue1017Ch02A_durance1	DURANCE16S_EXP_14Bue1017Ch02A_durance1	DURANCE16S_14Bue1017Ch02A	durance1	prep1	1	14Bue1017Ch02A_durance1	ERR17751927	ERX17142470	14Bue1017Ch02A_S596_L001_R1_001.fastq.gz	d7b74fb8e7b3e6a8a75a9ca93cfd9859	14Bue1017Ch02A_S596_L001_R2_001.fastq.gz	4d90df7ab9f5bc98eb02abab9201e5a4	14Bue1017Ch02A	biological	fish gut metagenome	Bue	midgut [UBERON:0001045]	2014
PRJEB124417	DURANCE16S_RUN_14Bue1017Ch02A_durance2	DURANCE16S_EXP_14Bue1017Ch02A_durance2	DURANCE16S_14Bue1017Ch02A	durance2	prep2	1	14Bue1017Ch02A_durance2	ERR17751928	ERX17142471	14Bue1017Ch02A_S596_L001_R1_001.fastq.gz	38bc4cbc2c6847a4fc76e1d218420cdd	14Bue1017Ch02A_S596_L001_R2_001.fastq.gz	763bddf95ba91132e4e90e448909afde	14Bue1017Ch02A	biological	fish gut metagenome	Bue	midgut [UBERON:0001045]	2014
PRJEB124417	DURANCE16S_RUN_14Bue1017Ch02A_durance3	DURANCE16S_EXP_14Bue1017Ch02A_durance3	DURANCE16S_14Bue1017Ch02A	durance3	prep2	2	14Bue1017Ch02A_durance3	ERR17751930	ERX17142473	14Bue1017Ch02A_S596_L001_R1_001.fastq.gz	ceb22e4038b2a6b9814e945a46f79df0	14Bue1017Ch02A_S596_L001_R2_001.fastq.gz	c8af73325dc954917be4999cb48800b2	14Bue1017Ch02A	biological	fish gut metagenome	Bue	midgut [UBERON:0001045]	2014
PRJEB124417	DURANCE16S_RUN_14Bue1017Ch03A_durance1	DURANCE16S_EXP_14Bue1017Ch03A_durance1	DURANCE16S_14Bue1017Ch03A	durance1	prep1	1	14Bue1017Ch03A_durance1	ERR17751929	ERX17142472	14Bue1017Ch03A_S416_L001_R1_001.fastq.gz	53c1a2f8d1a62211a4532d81a2040771	14Bue1017Ch03A_S416_L001_R2_001.fastq.gz	7300e19211b5a138e7aa9328a5e6e6c3	14Bue1017Ch03A	biological	fish gut metagenome	Bue	hindgut [UBERON:0001046]	2014
PRJEB124417	DURANCE16S_RUN_14Bue1017Ch03A_durance2	DURANCE16S_EXP_14Bue1017Ch03A_durance2	DURANCE16S_14Bue1017Ch03A	durance2	prep2	1	14Bue1017Ch03A_durance2	ERR17751931	ERX17142474	14Bue1017Ch03A_S416_L001_R1_001.fastq.gz	cab954819a78289ca1c49883ade2c379	14Bue1017Ch03A_S416_L001_R2_001.fastq.gz	9a95370f2bd306facff536d0d82f5bc8	14Bue1017Ch03A	biological	fish gut metagenome	Bue	hindgut [UBERON:0001046]	2014
PRJEB124417	DURANCE16S_RUN_14Bue1017Ch03A_durance3	DURANCE16S_EXP_14Bue1017Ch03A_durance3	DURANCE16S_14Bue1017Ch03A	durance3	prep2	2	14Bue1017Ch03A_durance3	ERR17751934	ERX17142477	14Bue1017Ch03A_S416_L001_R1_001.fastq.gz	8460525cd4b55a7bc13df7b142e1f347	14Bue1017Ch03A_S416_L001_R2_001.fastq.gz	90d456a9ccac708d80d1fa0dd25d6501	14Bue1017Ch03A	biological	fish gut metagenome	Bue	hindgut [UBERON:0001046]	2014
PRJEB124417	DURANCE16S_RUN_14Bue1017Ch05A_durance1	DURANCE16S_EXP_14Bue1017Ch05A_durance1	DURANCE16S_14Bue1017Ch05A	durance1	prep1	1	14Bue1017Ch05A_durance1	ERR17751933	ERX17142476	14Bue1017Ch05A_S224_L001_R1_001.fastq.gz	c10dd37fcfcfdfd19fb1716a93742811	14Bue1017Ch05A_S224_L001_R2_001.fastq.gz	8a76d23b35912b624a2c94813e583a60	14Bue1017Ch05A	biological	gill metagenome	Bue	gill [UBERON:0002535]	2014
PRJEB124417	DURANCE16S_RUN_14Bue1017Ch05A_durance2	DURANCE16S_EXP_14Bue1017Ch05A_durance2	DURANCE16S_14Bue1017Ch05A	durance2	prep2	1	14Bue1017Ch05A_durance2	ERR17751932	ERX17142475	14Bue1017Ch05A_S224_L001_R1_001.fastq.gz	041f8403b14a992b4bc84da740215b5d	14Bue1017Ch05A_S224_L001_R2_001.fastq.gz	1cd695c66b5020dd268843899c3496f3	14Bue1017Ch05A	biological	gill metagenome	Bue	gill [UBERON:0002535]	2014
PRJEB124417	DURANCE16S_RUN_14Bue1017Ch05A_durance3	DURANCE16S_EXP_14Bue1017Ch05A_durance3	DURANCE16S_14Bue1017Ch05A	durance3	prep2	2	14Bue1017Ch05A_durance3	ERR17751935	ERX17142478	14Bue1017Ch05A_S224_L001_R1_001.fastq.gz	51da33b65b36ec3bdd573ea0e4ac014d	14Bue1017Ch05A_S224_L001_R2_001.fastq.gz	10cc4111f0c7ffca476546e8ba62de33	14Bue1017Ch05A	biological	gill metagenome	Bue	gill [UBERON:0002535]	2014
PRJEB124417	DURANCE16S_RUN_14Bue1018Ch01A_durance1	DURANCE16S_EXP_14Bue1018Ch01A_durance1	DURANCE16S_14Bue1018Ch01A	durance1	prep1	1	14Bue1018Ch01A_durance1	ERR17751937	ERX17142480	14Bue1018Ch01A_S44_L001_R1_001.fastq.gz	a58e81650b93d0d3252423e94c257aa1	14Bue1018Ch01A_S44_L001_R2_001.fastq.gz	54876561f2724175a7caa132e8824d0f	14Bue1018Ch01A	biological	fish metagenome	Bue	caudal fin [UBERON:4000164]	2014
PRJEB124417	DURANCE16S_RUN_14Bue1018Ch01A_durance2	DURANCE16S_EXP_14Bue1018Ch01A_durance2	DURANCE16S_14Bue1018Ch01A	durance2	prep2	1	14Bue1018Ch01A_durance2	ERR17751936	ERX17142479	14Bue1018Ch01A_S44_L001_R1_001.fastq.gz	46a46dadb568477cee5aaa7eec76bb82	14Bue1018Ch01A_S44_L001_R2_001.fastq.gz	8388a3591765f001635bfa2f32b7a02d	14Bue1018Ch01A	biological	fish metagenome	Bue	caudal fin [UBERON:4000164]	2014
PRJEB124417	DURANCE16S_RUN_14Bue1018Ch01A_durance3	DURANCE16S_EXP_14Bue1018Ch01A_durance3	DURANCE16S_14Bue1018Ch01A	durance3	prep2	2	14Bue1018Ch01A_durance3	ERR17751939	ERX17142482	14Bue1018Ch01A_S44_L001_R1_001.fastq.gz	7ae819e66483cefb63ebe555b6446433	14Bue1018Ch01A_S44_L001_R2_001.fastq.gz	beaa4c79019c083b624c6a5aea599824	14Bue1018Ch01A	biological	fish metagenome	Bue	caudal fin [UBERON:4000164]	2014
PRJEB124417	DURANCE16S_RUN_14Bue1018Ch02A_durance1	DURANCE16S_EXP_14Bue1018Ch02A_durance1	DURANCE16S_14Bue1018Ch02A	durance1	prep1	1	14Bue1018Ch02A_durance1	ERR17751938	ERX17142481	14Bue1018Ch02A_S608_L001_R1_001.fastq.gz	cb9136c559759c470fa44205b4d311ca	14Bue1018Ch02A_S608_L001_R2_001.fastq.gz	8dc92238d7ef7319b5570064c423ef61	14Bue1018Ch02A	biological	fish gut metagenome	Bue	midgut [UBERON:0001045]	2014
PRJEB124417	DURANCE16S_RUN_14Bue1018Ch02A_durance2	DURANCE16S_EXP_14Bue1018Ch02A_durance2	DURANCE16S_14Bue1018Ch02A	durance2	prep2	1	14Bue1018Ch02A_durance2	ERR17751941	ERX17142484	14Bue1018Ch02A_S608_L001_R1_001.fastq.gz	8039911299f2ae713090a40635db68f5	14Bue1018Ch02A_S608_L001_R2_001.fastq.gz	c0f3c09aca6e2a4b96f4472a9eff66a2	14Bue1018Ch02A	biological	fish gut metagenome	Bue	midgut [UBERON:0001045]	2014
PRJEB124417	DURANCE16S_RUN_14Bue1018Ch02A_durance3	DURANCE16S_EXP_14Bue1018Ch02A_durance3	DURANCE16S_14Bue1018Ch02A	durance3	prep2	2	14Bue1018Ch02A_durance3	ERR17751940	ERX17142483	14Bue1018Ch02A_S608_L001_R1_001.fastq.gz	45fa9cff5f2b222d15c82a853495e5cb	14Bue1018Ch02A_S608_L001_R2_001.fastq.gz	d5499ac882aa0c04491d0af932b855bb	14Bue1018Ch02A	biological	fish gut metagenome	Bue	midgut [UBERON:0001045]	2014
PRJEB124417	DURANCE16S_RUN_14Bue1018Ch03A_durance1	DURANCE16S_EXP_14Bue1018Ch03A_durance1	DURANCE16S_14Bue1018Ch03A	durance1	prep1	1	14Bue1018Ch03A_durance1	ERR17751942	ERX17142485	14Bue1018Ch03A_S428_L001_R1_001.fastq.gz	32924893b361b834dbcc59dc9046289f	14Bue1018Ch03A_S428_L001_R2_001.fastq.gz	a4e705b2573919511f39baef30728bf2	14Bue1018Ch03A	biological	fish gut metagenome	Bue	hindgut [UBERON:0001046]	2014
PRJEB124417	DURANCE16S_RUN_14Bue1018Ch03A_durance2	DURANCE16S_EXP_14Bue1018Ch03A_durance2	DURANCE16S_14Bue1018Ch03A	durance2	prep2	1	14Bue1018Ch03A_durance2	ERR17751944	ERX17142487	14Bue1018Ch03A_S428_L001_R1_001.fastq.gz	b1aa590c6015598dbadff06408d6fdd0	14Bue1018Ch03A_S428_L001_R2_001.fastq.gz	ebcc667c018f29d928c45c6aeef4deb0	14Bue1018Ch03A	biological	fish gut metagenome	Bue	hindgut [UBERON:0001046]	2014
PRJEB124417	DURANCE16S_RUN_14Bue1018Ch03A_durance3	DURANCE16S_EXP_14Bue1018Ch03A_durance3	DURANCE16S_14Bue1018Ch03A	durance3	prep2	2	14Bue1018Ch03A_durance3	ERR17751946	ERX17142489	14Bue1018Ch03A_S428_L001_R1_001.fastq.gz	ba32ab58aab4ec7e84c38cb20f52bb9c	14Bue1018Ch03A_S428_L001_R2_001.fastq.gz	50313851128db8f14bcb6f3e73062105	14Bue1018Ch03A	biological	fish gut metagenome	Bue	hindgut [UBERON:0001046]	2014
PRJEB124417	DURANCE16S_RUN_14Bue1018Ch05A_durance1	DURANCE16S_EXP_14Bue1018Ch05A_durance1	DURANCE16S_14Bue1018Ch05A	durance1	prep1	1	14Bue1018Ch05A_durance1	ERR17751945	ERX17142488	14Bue1018Ch05A_S236_L001_R1_001.fastq.gz	205cf6475de2328e823764f7f6a298cf	14Bue1018Ch05A_S236_L001_R2_001.fastq.gz	8579a5c535ae5acf54be8fe41b6bb9f5	14Bue1018Ch05A	biological	gill metagenome	Bue	gill [UBERON:0002535]	2014
PRJEB124417	DURANCE16S_RUN_14Bue1018Ch05A_durance2	DURANCE16S_EXP_14Bue1018Ch05A_durance2	DURANCE16S_14Bue1018Ch05A	durance2	prep2	1	14Bue1018Ch05A_durance2	ERR17751943	ERX17142486	14Bue1018Ch05A_S236_L001_R1_001.fastq.gz	54c3155fb8c3a14a5aa35d7cf2a0b318	14Bue1018Ch05A_S236_L001_R2_001.fastq.gz	c775b1b3724769ccf9f268511d16bef5	14Bue1018Ch05A	biological	gill metagenome	Bue	gill [UBERON:0002535]	2014
PRJEB124417	DURANCE16S_RUN_14Bue1018Ch05A_durance3	DURANCE16S_EXP_14Bue1018Ch05A_durance3	DURANCE16S_14Bue1018Ch05A	durance3	prep2	2	14Bue1018Ch05A_durance3	ERR17751947	ERX17142490	14Bue1018Ch05A_S236_L001_R1_001.fastq.gz	aa4c5512b00832905c477832641d914f	14Bue1018Ch05A_S236_L001_R2_001.fastq.gz	7eb4e1430774e6cd3ee1e7d00c7e3894	14Bue1018Ch05A	biological	gill metagenome	Bue	gill [UBERON:0002535]	2014
PRJEB124417	DURANCE16S_RUN_14Bue1019Ch01A_durance1	DURANCE16S_EXP_14Bue1019Ch01A_durance1	DURANCE16S_14Bue1019Ch01A	durance1	prep1	1	14Bue1019Ch01A_durance1	ERR17751948	ERX17142491	14Bue1019Ch01A_S56_L001_R1_001.fastq.gz	d8743479e82e86c1332c5839239a9b66	14Bue1019Ch01A_S56_L001_R2_001.fastq.gz	f2238a36aeff2408f1e6b2ffacf2286e	14Bue1019Ch01A	biological	fish metagenome	Bue	caudal fin [UBERON:4000164]	2014
PRJEB124417	DURANCE16S_RUN_14Bue1019Ch01A_durance2	DURANCE16S_EXP_14Bue1019Ch01A_durance2	DURANCE16S_14Bue1019Ch01A	durance2	prep2	1	14Bue1019Ch01A_durance2	ERR17751949	ERX17142492	14Bue1019Ch01A_S56_L001_R1_001.fastq.gz	b68f9cb90e3375a93f18db67c1814c60	14Bue1019Ch01A_S56_L001_R2_001.fastq.gz	0a794229b35ec0ede573806e24830269	14Bue1019Ch01A	biological	fish metagenome	Bue	caudal fin [UBERON:4000164]	2014
PRJEB124417	DURANCE16S_RUN_14Bue1019Ch01A_durance3	DURANCE16S_EXP_14Bue1019Ch01A_durance3	DURANCE16S_14Bue1019Ch01A	durance3	prep2	2	14Bue1019Ch01A_durance3	ERR17751950	ERX17142493	14Bue1019Ch01A_S56_L001_R1_001.fastq.gz	263f552b9139ecd18145167bcbb81394	14Bue1019Ch01A_S56_L001_R2_001.fastq.gz	3742044807a3a6f29c40dabc0bfffabf	14Bue1019Ch01A	biological	fish metagenome	Bue	caudal fin [UBERON:4000164]	2014
PRJEB124417	DURANCE16S_RUN_14Bue1019Ch02A_durance1	DURANCE16S_EXP_14Bue1019Ch02A_durance1	DURANCE16S_14Bue1019Ch02A	durance1	prep1	1	14Bue1019Ch02A_durance1	ERR17751951	ERX17142494	14Bue1019Ch02A_S620_L001_R1_001.fastq.gz	3ec96d022fd83176a44f1ae84befec6d	14Bue1019Ch02A_S620_L001_R2_001.fastq.gz	afc32d9ba499200682bab6fff9d8250d	14Bue1019Ch02A	biological	fish gut metagenome	Bue	midgut [UBERON:0001045]	2014
PRJEB124417	DURANCE16S_RUN_14Bue1019Ch02A_durance2	DURANCE16S_EXP_14Bue1019Ch02A_durance2	DURANCE16S_14Bue1019Ch02A	durance2	prep2	1	14Bue1019Ch02A_durance2	ERR17751953	ERX17142496	14Bue1019Ch02A_S620_L001_R1_001.fastq.gz	eb448b80bc675be0a016d3cbd0467d5d	14Bue1019Ch02A_S620_L001_R2_001.fastq.gz	5308d58e070ff5673b86f0950825534f	14Bue1019Ch02A	biological	fish gut metagenome	Bue	midgut [UBERON:0001045]	2014
PRJEB124417	DURANCE16S_RUN_14Bue1019Ch02A_durance3	DURANCE16S_EXP_14Bue1019Ch02A_durance3	DURANCE16S_14Bue1019Ch02A	durance3	prep2	2	14Bue1019Ch02A_durance3	ERR17751955	ERX17142498	14Bue1019Ch02A_S620_L001_R1_001.fastq.gz	c7ade97b164bebdf1486c4be075a89d5	14Bue1019Ch02A_S620_L001_R2_001.fastq.gz	a66325de70ba94b10ff5517af86951eb	14Bue1019Ch02A	biological	fish gut metagenome	Bue	midgut [UBERON:0001045]	2014
PRJEB124417	DURANCE16S_RUN_14Bue1019Ch03A_durance1	DURANCE16S_EXP_14Bue1019Ch03A_durance1	DURANCE16S_14Bue1019Ch03A	durance1	prep1	1	14Bue1019Ch03A_durance1	ERR17751952	ERX17142495	14Bue1019Ch03A_S440_L001_R1_001.fastq.gz	4ab176311e4946982135d47fe34cab9f	14Bue1019Ch03A_S440_L001_R2_001.fastq.gz	6cb8796670c7b4a9b37f513de3bf3ede	14Bue1019Ch03A	biological	fish gut metagenome	Bue	hindgut [UBERON:0001046]	2014
PRJEB124417	DURANCE16S_RUN_14Bue1019Ch03A_durance2	DURANCE16S_EXP_14Bue1019Ch03A_durance2	DURANCE16S_14Bue1019Ch03A	durance2	prep2	1	14Bue1019Ch03A_durance2	ERR17751954	ERX17142497	14Bue1019Ch03A_S440_L001_R1_001.fastq.gz	c5ccfa0928024234fd7fdb40e94fabec	14Bue1019Ch03A_S440_L001_R2_001.fastq.gz	88f3805d97a675a518bfb1561b9f28be	14Bue1019Ch03A	biological	fish gut metagenome	Bue	hindgut [UBERON:0001046]	2014
PRJEB124417	DURANCE16S_RUN_14Bue1019Ch03A_durance3	DURANCE16S_EXP_14Bue1019Ch03A_durance3	DURANCE16S_14Bue1019Ch03A	durance3	prep2	2	14Bue1019Ch03A_durance3	ERR17751956	ERX17142499	14Bue1019Ch03A_S440_L001_R1_001.fastq.gz	17be90ecf5538ba71733c96e0a951ed6	14Bue1019Ch03A_S440_L001_R2_001.fastq.gz	db88ae21074589973cb6b9c1ad4c8fc7	14Bue1019Ch03A	biological	fish gut metagenome	Bue	hindgut [UBERON:0001046]	2014
PRJEB124417	DURANCE16S_RUN_14Bue1019Ch05A_durance1	DURANCE16S_EXP_14Bue1019Ch05A_durance1	DURANCE16S_14Bue1019Ch05A	durance1	prep1	1	14Bue1019Ch05A_durance1	ERR17751957	ERX17142500	14Bue1019Ch05A_S248_L001_R1_001.fastq.gz	ac113dffc038c78ec9abb707b577228b	14Bue1019Ch05A_S248_L001_R2_001.fastq.gz	9dbed5c10bbfafbed9d522e45c4fe97b	14Bue1019Ch05A	biological	gill metagenome	Bue	gill [UBERON:0002535]	2014
PRJEB124417	DURANCE16S_RUN_14Bue1019Ch05A_durance2	DURANCE16S_EXP_14Bue1019Ch05A_durance2	DURANCE16S_14Bue1019Ch05A	durance2	prep2	1	14Bue1019Ch05A_durance2	ERR17751958	ERX17142501	14Bue1019Ch05A_S248_L001_R1_001.fastq.gz	97c50460be08a4eedb41b1cb06dd2a6e	14Bue1019Ch05A_S248_L001_R2_001.fastq.gz	6480fc314589d7ecab29d207e759f924	14Bue1019Ch05A	biological	gill metagenome	Bue	gill [UBERON:0002535]	2014
PRJEB124417	DURANCE16S_RUN_14Bue1019Ch05A_durance3	DURANCE16S_EXP_14Bue1019Ch05A_durance3	DURANCE16S_14Bue1019Ch05A	durance3	prep2	2	14Bue1019Ch05A_durance3	ERR17751959	ERX17142502	14Bue1019Ch05A_S248_L001_R1_001.fastq.gz	46a7bdc995bb695d50ef5d749f7b4201	14Bue1019Ch05A_S248_L001_R2_001.fastq.gz	7bfbabc6aa5b566afb16d0d1770deec3	14Bue1019Ch05A	biological	gill metagenome	Bue	gill [UBERON:0002535]	2014
PRJEB124417	DURANCE16S_RUN_14Man1001Cn01A_durance1	DURANCE16S_EXP_14Man1001Cn01A_durance1	DURANCE16S_14Man1001Cn01A	durance1	prep1	1	14Man1001Cn01A_durance1	ERR17751960	ERX17142503	14Man1001Cn01A_S68_L001_R1_001.fastq.gz	f4ba2a9e89d08d411f74dc7cb6f88b47	14Man1001Cn01A_S68_L001_R2_001.fastq.gz	8564c80fcbbe22b16b83c0ce64414fc3	14Man1001Cn01A	biological	fish metagenome	Man	caudal fin [UBERON:4000164]	2014
PRJEB124417	DURANCE16S_RUN_14Man1001Cn01A_durance2	DURANCE16S_EXP_14Man1001Cn01A_durance2	DURANCE16S_14Man1001Cn01A	durance2	prep2	1	14Man1001Cn01A_durance2	ERR17751961	ERX17142504	14Man1001Cn01A_S68_L001_R1_001.fastq.gz	d7d5e3dd338d623ce9edec59d52e1255	14Man1001Cn01A_S68_L001_R2_001.fastq.gz	a7984b738a797bac0173fdee9ddea7b9	14Man1001Cn01A	biological	fish metagenome	Man	caudal fin [UBERON:4000164]	2014
PRJEB124417	DURANCE16S_RUN_14Man1001Cn01A_durance3	DURANCE16S_EXP_14Man1001Cn01A_durance3	DURANCE16S_14Man1001Cn01A	durance3	prep2	2	14Man1001Cn01A_durance3	ERR17751962	ERX17142505	14Man1001Cn01A_S68_L001_R1_001.fastq.gz	19c015432069692b8ca212f92fbbbde1	14Man1001Cn01A_S68_L001_R2_001.fastq.gz	7799eb0d26b1124a5539989623ba21e0	14Man1001Cn01A	biological	fish metagenome	Man	caudal fin [UBERON:4000164]	2014
PRJEB124417	DURANCE16S_RUN_14Man1001Cn02A_durance1	DURANCE16S_EXP_14Man1001Cn02A_durance1	DURANCE16S_14Man1001Cn02A	durance1	prep1	1	14Man1001Cn02A_durance1	ERR17751963	ERX17142506	14Man1001Cn02A_S632_L001_R1_001.fastq.gz	35d2cea5a3ec8a89dfacd95ebf1ab7a0	14Man1001Cn02A_S632_L001_R2_001.fastq.gz	279006c9eef95fea0ad3ad47d142b8b2	14Man1001Cn02A	biological	fish gut metagenome	Man	midgut [UBERON:0001045]	2014
PRJEB124417	DURANCE16S_RUN_14Man1001Cn02A_durance2	DURANCE16S_EXP_14Man1001Cn02A_durance2	DURANCE16S_14Man1001Cn02A	durance2	prep2	1	14Man1001Cn02A_durance2	ERR17751964	ERX17142507	14Man1001Cn02A_S632_L001_R1_001.fastq.gz	6edfd96b3790d03061fa9906f8b0b409	14Man1001Cn02A_S632_L001_R2_001.fastq.gz	32bcd33c4e50ef53369c2a61049f3827	14Man1001Cn02A	biological	fish gut metagenome	Man	midgut [UBERON:0001045]	2014
PRJEB124417	DURANCE16S_RUN_14Man1001Cn02A_durance3	DURANCE16S_EXP_14Man1001Cn02A_durance3	DURANCE16S_14Man1001Cn02A	durance3	prep2	2	14Man1001Cn02A_durance3	ERR17751967	ERX17142510	14Man1001Cn02A_S632_L001_R1_001.fastq.gz	01bec3c9b55c2d4f24999212dcef3b13	14Man1001Cn02A_S632_L001_R2_001.fastq.gz	9d3df0d5bcef94ab1a3d29fee604554d	14Man1001Cn02A	biological	fish gut metagenome	Man	midgut [UBERON:0001045]	2014
PRJEB124417	DURANCE16S_RUN_14Man1001Cn03A_durance1	DURANCE16S_EXP_14Man1001Cn03A_durance1	DURANCE16S_14Man1001Cn03A	durance1	prep1	1	14Man1001Cn03A_durance1	ERR17751965	ERX17142508	14Man1001Cn03A_S452_L001_R1_001.fastq.gz	3434461d2d7aceb56d52309a3125f0cd	14Man1001Cn03A_S452_L001_R2_001.fastq.gz	09d92febc6466ecc0468cc45837fa029	14Man1001Cn03A	biological	fish gut metagenome	Man	hindgut [UBERON:0001046]	2014
PRJEB124417	DURANCE16S_RUN_14Man1001Cn03A_durance2	DURANCE16S_EXP_14Man1001Cn03A_durance2	DURANCE16S_14Man1001Cn03A	durance2	prep2	1	14Man1001Cn03A_durance2	ERR17751966	ERX17142509	14Man1001Cn03A_S452_L001_R1_001.fastq.gz	32704801fc2882ab4a38c03ed6810a94	14Man1001Cn03A_S452_L001_R2_001.fastq.gz	c45c340300ec3e299b725dfe71beedad	14Man1001Cn03A	biological	fish gut metagenome	Man	hindgut [UBERON:0001046]	2014
PRJEB124417	DURANCE16S_RUN_14Man1001Cn03A_durance3	DURANCE16S_EXP_14Man1001Cn03A_durance3	DURANCE16S_14Man1001Cn03A	durance3	prep2	2	14Man1001Cn03A_durance3	ERR17751968	ERX17142511	14Man1001Cn03A_S452_L001_R1_001.fastq.gz	c9314048e2f1c1829b247905aa629be5	14Man1001Cn03A_S452_L001_R2_001.fastq.gz	d0602891f1587b042a760ad085145fda	14Man1001Cn03A	biological	fish gut metagenome	Man	hindgut [UBERON:0001046]	2014
PRJEB124417	DURANCE16S_RUN_14Man1001Cn05A_durance1	DURANCE16S_EXP_14Man1001Cn05A_durance1	DURANCE16S_14Man1001Cn05A	durance1	prep1	1	14Man1001Cn05A_durance1	ERR17751970	ERX17142513	14Man1001Cn05A_S260_L001_R1_001.fastq.gz	25fedf257b72cb6e4e9baf183400ba76	14Man1001Cn05A_S260_L001_R2_001.fastq.gz	861640da8d005e1ae64b9f3c86f3b9e5	14Man1001Cn05A	biological	gill metagenome	Man	gill [UBERON:0002535]	2014
PRJEB124417	DURANCE16S_RUN_14Man1001Cn05A_durance2	DURANCE16S_EXP_14Man1001Cn05A_durance2	DURANCE16S_14Man1001Cn05A	durance2	prep2	1	14Man1001Cn05A_durance2	ERR17751969	ERX17142512	14Man1001Cn05A_S260_L001_R1_001.fastq.gz	cea428f2c8e3576ac63570199d455ce7	14Man1001Cn05A_S260_L001_R2_001.fastq.gz	3a1b5068326d726bcf99f8333076daa0	14Man1001Cn05A	biological	gill metagenome	Man	gill [UBERON:0002535]	2014
PRJEB124417	DURANCE16S_RUN_14Man1001Cn05A_durance3	DURANCE16S_EXP_14Man1001Cn05A_durance3	DURANCE16S_14Man1001Cn05A	durance3	prep2	2	14Man1001Cn05A_durance3	ERR17751972	ERX17142515	14Man1001Cn05A_S260_L001_R1_001.fastq.gz	717c7dbecda2a6d80d802227705c9e10	14Man1001Cn05A_S260_L001_R2_001.fastq.gz	a283fd7892c5867ae5adfde1e2905f05	14Man1001Cn05A	biological	gill metagenome	Man	gill [UBERON:0002535]	2014
PRJEB124417	DURANCE16S_RUN_14Man1002Cn01A_durance1	DURANCE16S_EXP_14Man1002Cn01A_durance1	DURANCE16S_14Man1002Cn01A	durance1	prep1	1	14Man1002Cn01A_durance1	ERR17751971	ERX17142514	14Man1002Cn01A_S80_L001_R1_001.fastq.gz	58d37dadbeb1b8e2bac12d03728dacee	14Man1002Cn01A_S80_L001_R2_001.fastq.gz	435e7c53f93fcd2580c69d5e3037b941	14Man1002Cn01A	biological	fish metagenome	Man	caudal fin [UBERON:4000164]	2014
PRJEB124417	DURANCE16S_RUN_14Man1002Cn01A_durance2	DURANCE16S_EXP_14Man1002Cn01A_durance2	DURANCE16S_14Man1002Cn01A	durance2	prep2	1	14Man1002Cn01A_durance2	ERR17751973	ERX17142516	14Man1002Cn01A_S80_L001_R1_001.fastq.gz	a69e1ce5d949ba546e36d36f54d34aab	14Man1002Cn01A_S80_L001_R2_001.fastq.gz	2bb4d77b2c83298c99bf8668fcaf2731	14Man1002Cn01A	biological	fish metagenome	Man	caudal fin [UBERON:4000164]	2014
PRJEB124417	DURANCE16S_RUN_14Man1002Cn01A_durance3	DURANCE16S_EXP_14Man1002Cn01A_durance3	DURANCE16S_14Man1002Cn01A	durance3	prep2	2	14Man1002Cn01A_durance3	ERR17751974	ERX17142517	14Man1002Cn01A_S80_L001_R1_001.fastq.gz	a414dcac8484639995dc7c35f1814258	14Man1002Cn01A_S80_L001_R2_001.fastq.gz	a912b2640e324dadb7883c9befc8d884	14Man1002Cn01A	biological	fish metagenome	Man	caudal fin [UBERON:4000164]	2014
PRJEB124417	DURANCE16S_RUN_14Man1002Cn02A_durance1	DURANCE16S_EXP_14Man1002Cn02A_durance1	DURANCE16S_14Man1002Cn02A	durance1	prep1	1	14Man1002Cn02A_durance1	ERR17751975	ERX17142518	14Man1002Cn02A_S644_L001_R1_001.fastq.gz	46e6a77b576295b19b361977638d245a	14Man1002Cn02A_S644_L001_R2_001.fastq.gz	101ddb029dcefc51e55a7cab8da4d5a2	14Man1002Cn02A	biological	fish gut metagenome	Man	midgut [UBERON:0001045]	2014
PRJEB124417	DURANCE16S_RUN_14Man1002Cn02A_durance2	DURANCE16S_EXP_14Man1002Cn02A_durance2	DURANCE16S_14Man1002Cn02A	durance2	prep2	1	14Man1002Cn02A_durance2	ERR17751977	ERX17142520	14Man1002Cn02A_S644_L001_R1_001.fastq.gz	f88c6ea7b0c48a4c9595f2d492a29226	14Man1002Cn02A_S644_L001_R2_001.fastq.gz	7b1eab10e1d36b39c7a6823f69bf8ac8	14Man1002Cn02A	biological	fish gut metagenome	Man	midgut [UBERON:0001045]	2014
PRJEB124417	DURANCE16S_RUN_14Man1002Cn02A_durance3	DURANCE16S_EXP_14Man1002Cn02A_durance3	DURANCE16S_14Man1002Cn02A	durance3	prep2	2	14Man1002Cn02A_durance3	ERR17751980	ERX17142523	14Man1002Cn02A_S644_L001_R1_001.fastq.gz	53e3406d43f8bc6b1ea4d56254e4bb46	14Man1002Cn02A_S644_L001_R2_001.fastq.gz	4ad6217165d30c4f771ad7fe2f8b903e	14Man1002Cn02A	biological	fish gut metagenome	Man	midgut [UBERON:0001045]	2014
PRJEB124417	DURANCE16S_RUN_14Man1002Cn03A_durance1	DURANCE16S_EXP_14Man1002Cn03A_durance1	DURANCE16S_14Man1002Cn03A	durance1	prep1	1	14Man1002Cn03A_durance1	ERR17751976	ERX17142519	14Man1002Cn03A_S464_L001_R1_001.fastq.gz	814753c5c65d7553ffa1a6a3dfb3799d	14Man1002Cn03A_S464_L001_R2_001.fastq.gz	9ee7c7bc9c58cef60b44db87f1c77d3a	14Man1002Cn03A	biological	fish gut metagenome	Man	hindgut [UBERON:0001046]	2014
PRJEB124417	DURANCE16S_RUN_14Man1002Cn03A_durance2	DURANCE16S_EXP_14Man1002Cn03A_durance2	DURANCE16S_14Man1002Cn03A	durance2	prep2	1	14Man1002Cn03A_durance2	ERR17751978	ERX17142521	14Man1002Cn03A_S464_L001_R1_001.fastq.gz	0c7eab8cf75a615b6c325e0ccbfc7a12	14Man1002Cn03A_S464_L001_R2_001.fastq.gz	bfde53a64c3da2c98cebb2024c074b00	14Man1002Cn03A	biological	fish gut metagenome	Man	hindgut [UBERON:0001046]	2014
PRJEB124417	DURANCE16S_RUN_14Man1002Cn03A_durance3	DURANCE16S_EXP_14Man1002Cn03A_durance3	DURANCE16S_14Man1002Cn03A	durance3	prep2	2	14Man1002Cn03A_durance3	ERR17751979	ERX17142522	14Man1002Cn03A_S464_L001_R1_001.fastq.gz	530249f17d8caa4affc94f980449b785	14Man1002Cn03A_S464_L001_R2_001.fastq.gz	9ed3b15eca949b0275a331f87de177a0	14Man1002Cn03A	biological	fish gut metagenome	Man	hindgut [UBERON:0001046]	2014
PRJEB124417	DURANCE16S_RUN_14Man1002Cn05A_durance1	DURANCE16S_EXP_14Man1002Cn05A_durance1	DURANCE16S_14Man1002Cn05A	durance1	prep1	1	14Man1002Cn05A_durance1	ERR17751981	ERX17142524	14Man1002Cn05A_S272_L001_R1_001.fastq.gz	ffb1e7f15f27a9a0be11a2bb1ab6d6a9	14Man1002Cn05A_S272_L001_R2_001.fastq.gz	ee067291f769e5769ad883655f743623	14Man1002Cn05A	biological	gill metagenome	Man	gill [UBERON:0002535]	2014
PRJEB124417	DURANCE16S_RUN_14Man1002Cn05A_durance2	DURANCE16S_EXP_14Man1002Cn05A_durance2	DURANCE16S_14Man1002Cn05A	durance2	prep2	1	14Man1002Cn05A_durance2	ERR17751982	ERX17142525	14Man1002Cn05A_S272_L001_R1_001.fastq.gz	f0c56b1e71af0a12bec905349fe8d923	14Man1002Cn05A_S272_L001_R2_001.fastq.gz	2f118e62ac704ed7f0722a2a56f83683	14Man1002Cn05A	biological	gill metagenome	Man	gill [UBERON:0002535]	2014
PRJEB124417	DURANCE16S_RUN_14Man1002Cn05A_durance3	DURANCE16S_EXP_14Man1002Cn05A_durance3	DURANCE16S_14Man1002Cn05A	durance3	prep2	2	14Man1002Cn05A_durance3	ERR17751983	ERX17142526	14Man1002Cn05A_S272_L001_R1_001.fastq.gz	82ce853fcdd0dfca83c10de19581077b	14Man1002Cn05A_S272_L001_R2_001.fastq.gz	8def7077fd598782ed0ad220af82ac36	14Man1002Cn05A	biological	gill metagenome	Man	gill [UBERON:0002535]	2014
PRJEB124417	DURANCE16S_RUN_14Man1010Cn01A_durance1	DURANCE16S_EXP_14Man1010Cn01A_durance1	DURANCE16S_14Man1010Cn01A	durance1	prep1	1	14Man1010Cn01A_durance1	ERR17751985	ERX17142528	14Man1010Cn01A_S92_L001_R1_001.fastq.gz	4848421b215c951381342e99b66029d2	14Man1010Cn01A_S92_L001_R2_001.fastq.gz	7d2589cf3f428e513dd458d41ef51a43	14Man1010Cn01A	biological	fish metagenome	Man	caudal fin [UBERON:4000164]	2014
PRJEB124417	DURANCE16S_RUN_14Man1010Cn01A_durance2	DURANCE16S_EXP_14Man1010Cn01A_durance2	DURANCE16S_14Man1010Cn01A	durance2	prep2	1	14Man1010Cn01A_durance2	ERR17751986	ERX17142529	14Man1010Cn01A_S92_L001_R1_001.fastq.gz	1cf10b128b238eed25635f28beabf69c	14Man1010Cn01A_S92_L001_R2_001.fastq.gz	115198189ad7ee8915cec815392c51f6	14Man1010Cn01A	biological	fish metagenome	Man	caudal fin [UBERON:4000164]	2014
PRJEB124417	DURANCE16S_RUN_14Man1010Cn01A_durance3	DURANCE16S_EXP_14Man1010Cn01A_durance3	DURANCE16S_14Man1010Cn01A	durance3	prep2	2	14Man1010Cn01A_durance3	ERR17751984	ERX17142527	14Man1010Cn01A_S92_L001_R1_001.fastq.gz	57fe5e116b23c4c85828062e0541b24a	14Man1010Cn01A_S92_L001_R2_001.fastq.gz	7bea24c7eceab9d08a803942bdfcafba	14Man1010Cn01A	biological	fish metagenome	Man	caudal fin [UBERON:4000164]	2014
PRJEB124417	DURANCE16S_RUN_14Man1010Cn02A_durance1	DURANCE16S_EXP_14Man1010Cn02A_durance1	DURANCE16S_14Man1010Cn02A	durance1	prep1	1	14Man1010Cn02A_durance1	ERR17751987	ERX17142530	14Man1010Cn02A_S656_L001_R1_001.fastq.gz	fd5872850dc19149b36da0896eccc39f	14Man1010Cn02A_S656_L001_R2_001.fastq.gz	9f7a9d1e4e06bea42c0bd1040a3ab503	14Man1010Cn02A	biological	fish gut metagenome	Man	midgut [UBERON:0001045]	2014
PRJEB124417	DURANCE16S_RUN_14Man1010Cn02A_durance2	DURANCE16S_EXP_14Man1010Cn02A_durance2	DURANCE16S_14Man1010Cn02A	durance2	prep2	1	14Man1010Cn02A_durance2	ERR17751988	ERX17142531	14Man1010Cn02A_S656_L001_R1_001.fastq.gz	b858f4e896bd3868fd7c89e9733889e4	14Man1010Cn02A_S656_L001_R2_001.fastq.gz	83affd6034cae391cea960458e26b0c8	14Man1010Cn02A	biological	fish gut metagenome	Man	midgut [UBERON:0001045]	2014
PRJEB124417	DURANCE16S_RUN_14Man1010Cn02A_durance3	DURANCE16S_EXP_14Man1010Cn02A_durance3	DURANCE16S_14Man1010Cn02A	durance3	prep2	2	14Man1010Cn02A_durance3	ERR17751990	ERX17142533	14Man1010Cn02A_S656_L001_R1_001.fastq.gz	65d6e198cd4878d9ae1222c1699cb35f	14Man1010Cn02A_S656_L001_R2_001.fastq.gz	923fc61140b61e44e9a84f398e99b7f0	14Man1010Cn02A	biological	fish gut metagenome	Man	midgut [UBERON:0001045]	2014
PRJEB124417	DURANCE16S_RUN_14Man1010Cn03A_durance1	DURANCE16S_EXP_14Man1010Cn03A_durance1	DURANCE16S_14Man1010Cn03A	durance1	prep1	1	14Man1010Cn03A_durance1	ERR17751989	ERX17142532	14Man1010Cn03A_S476_L001_R1_001.fastq.gz	b2cf8f9c72055e4d25b9be19b823c15b	14Man1010Cn03A_S476_L001_R2_001.fastq.gz	5b711c4df67ec52a23066b5b64bc49d2	14Man1010Cn03A	biological	fish gut metagenome	Man	hindgut [UBERON:0001046]	2014
PRJEB124417	DURANCE16S_RUN_14Man1010Cn03A_durance2	DURANCE16S_EXP_14Man1010Cn03A_durance2	DURANCE16S_14Man1010Cn03A	durance2	prep2	1	14Man1010Cn03A_durance2	ERR17751991	ERX17142534	14Man1010Cn03A_S476_L001_R1_001.fastq.gz	d56925e4c03a1fec733328bf58dbd3ea	14Man1010Cn03A_S476_L001_R2_001.fastq.gz	38f3abd710efb6e94ee376030024ee4e	14Man1010Cn03A	biological	fish gut metagenome	Man	hindgut [UBERON:0001046]	2014
PRJEB124417	DURANCE16S_RUN_14Man1010Cn03A_durance3	DURANCE16S_EXP_14Man1010Cn03A_durance3	DURANCE16S_14Man1010Cn03A	durance3	prep2	2	14Man1010Cn03A_durance3	ERR17751992	ERX17142535	14Man1010Cn03A_S476_L001_R1_001.fastq.gz	ef9bf8c61cf6f65d5b51b0e30162214f	14Man1010Cn03A_S476_L001_R2_001.fastq.gz	0ce295b0efcc5f629ff9fe5286a6bbbe	14Man1010Cn03A	biological	fish gut metagenome	Man	hindgut [UBERON:0001046]	2014
PRJEB124417	DURANCE16S_RUN_14Man1010Cn05A_durance1	DURANCE16S_EXP_14Man1010Cn05A_durance1	DURANCE16S_14Man1010Cn05A	durance1	prep1	1	14Man1010Cn05A_durance1	ERR17751993	ERX17142536	14Man1010Cn05A_S284_L001_R1_001.fastq.gz	e7ed5aa43aadde5543fae553a5d48154	14Man1010Cn05A_S284_L001_R2_001.fastq.gz	40fbf0cfc6ce8a00d12ea8efb3c368f7	14Man1010Cn05A	biological	gill metagenome	Man	gill [UBERON:0002535]	2014
PRJEB124417	DURANCE16S_RUN_14Man1010Cn05A_durance2	DURANCE16S_EXP_14Man1010Cn05A_durance2	DURANCE16S_14Man1010Cn05A	durance2	prep2	1	14Man1010Cn05A_durance2	ERR17751995	ERX17142538	14Man1010Cn05A_S284_L001_R1_001.fastq.gz	3932c2b3b96b5dcdd44663f4666b5d26	14Man1010Cn05A_S284_L001_R2_001.fastq.gz	d7ed1c422cc23223bb88fdc559502ca9	14Man1010Cn05A	biological	gill metagenome	Man	gill [UBERON:0002535]	2014
PRJEB124417	DURANCE16S_RUN_14Man1010Cn05A_durance3	DURANCE16S_EXP_14Man1010Cn05A_durance3	DURANCE16S_14Man1010Cn05A	durance3	prep2	2	14Man1010Cn05A_durance3	ERR17751994	ERX17142537	14Man1010Cn05A_S284_L001_R1_001.fastq.gz	98d81672a4a15ecd1af5770df02cd6f7	14Man1010Cn05A_S284_L001_R2_001.fastq.gz	dfdb2a85316e0561b415c01eba547cc5	14Man1010Cn05A	biological	gill metagenome	Man	gill [UBERON:0002535]	2014
PRJEB124417	DURANCE16S_RUN_14Man1011Ch01A_durance1	DURANCE16S_EXP_14Man1011Ch01A_durance1	DURANCE16S_14Man1011Ch01A	durance1	prep1	1	14Man1011Ch01A_durance1	ERR17751997	ERX17142540	14Man1011Ch01A_S9_L001_R1_001.fastq.gz	0935500f85a216757bfe5ee93307eac5	14Man1011Ch01A_S9_L001_R2_001.fastq.gz	988808cd67d20fad1ccdf0085a3b5fbe	14Man1011Ch01A	biological	fish metagenome	Man	caudal fin [UBERON:4000164]	2014
PRJEB124417	DURANCE16S_RUN_14Man1011Ch01A_durance2	DURANCE16S_EXP_14Man1011Ch01A_durance2	DURANCE16S_14Man1011Ch01A	durance2	prep2	1	14Man1011Ch01A_durance2	ERR17751996	ERX17142539	14Man1011Ch01A_S9_L001_R1_001.fastq.gz	0f24dacdc833f65fb9f35b3645228150	14Man1011Ch01A_S9_L001_R2_001.fastq.gz	f35887acfe2c52ef344c0cb64cbac9b9	14Man1011Ch01A	biological	fish metagenome	Man	caudal fin [UBERON:4000164]	2014
PRJEB124417	DURANCE16S_RUN_14Man1011Ch01A_durance3	DURANCE16S_EXP_14Man1011Ch01A_durance3	DURANCE16S_14Man1011Ch01A	durance3	prep2	2	14Man1011Ch01A_durance3	ERR17751998	ERX17142541	14Man1011Ch01A_S9_L001_R1_001.fastq.gz	cf9b557c2b9ccda1ab7b26015dbca7b5	14Man1011Ch01A_S9_L001_R2_001.fastq.gz	3dd0dacc1725c93b1de922adf8470b48	14Man1011Ch01A	biological	fish metagenome	Man	caudal fin [UBERON:4000164]	2014
PRJEB124417	DURANCE16S_RUN_14Man1011Ch02A_durance1	DURANCE16S_EXP_14Man1011Ch02A_durance1	DURANCE16S_14Man1011Ch02A	durance1	prep1	1	14Man1011Ch02A_durance1	ERR17751999	ERX17142542	14Man1011Ch02A_S668_L001_R1_001.fastq.gz	97b4dc1b27bbc19245b0b06a6be47f65	14Man1011Ch02A_S668_L001_R2_001.fastq.gz	70c6af050c17a02d84cf8b84958b5619	14Man1011Ch02A	biological	fish gut metagenome	Man	midgut [UBERON:0001045]	2014
PRJEB124417	DURANCE16S_RUN_14Man1011Ch02A_durance2	DURANCE16S_EXP_14Man1011Ch02A_durance2	DURANCE16S_14Man1011Ch02A	durance2	prep2	1	14Man1011Ch02A_durance2	ERR17752000	ERX17142543	14Man1011Ch02A_S668_L001_R1_001.fastq.gz	45d7704d3b4415687428a09192c2704d	14Man1011Ch02A_S668_L001_R2_001.fastq.gz	cc9b102c12b06aeb8fd59535dcebdfb2	14Man1011Ch02A	biological	fish gut metagenome	Man	midgut [UBERON:0001045]	2014
PRJEB124417	DURANCE16S_RUN_14Man1011Ch02A_durance3	DURANCE16S_EXP_14Man1011Ch02A_durance3	DURANCE16S_14Man1011Ch02A	durance3	prep2	2	14Man1011Ch02A_durance3	ERR17752006	ERX17142549	14Man1011Ch02A_S668_L001_R1_001.fastq.gz	0e7e8c227a10b01a10af01c8bd6191fd	14Man1011Ch02A_S668_L001_R2_001.fastq.gz	308f86b35fc27df02f673e90a0c63445	14Man1011Ch02A	biological	fish gut metagenome	Man	midgut [UBERON:0001045]	2014
PRJEB124417	DURANCE16S_RUN_14Man1011Ch03A_durance1	DURANCE16S_EXP_14Man1011Ch03A_durance1	DURANCE16S_14Man1011Ch03A	durance1	prep1	1	14Man1011Ch03A_durance1	ERR17752001	ERX17142544	14Man1011Ch03A_S393_L001_R1_001.fastq.gz	a33f34ae4173f290325c9921864a05b5	14Man1011Ch03A_S393_L001_R2_001.fastq.gz	69e8510dc19717c8be069ba0399e2e18	14Man1011Ch03A	biological	fish gut metagenome	Man	hindgut [UBERON:0001046]	2014
PRJEB124417	DURANCE16S_RUN_14Man1011Ch03A_durance2	DURANCE16S_EXP_14Man1011Ch03A_durance2	DURANCE16S_14Man1011Ch03A	durance2	prep2	1	14Man1011Ch03A_durance2	ERR17752002	ERX17142545	14Man1011Ch03A_S393_L001_R1_001.fastq.gz	0b44aabdf90802609542d58b209bb520	14Man1011Ch03A_S393_L001_R2_001.fastq.gz	c8adf2514f03341dea0a5143d564a686	14Man1011Ch03A	biological	fish gut metagenome	Man	hindgut [UBERON:0001046]	2014
PRJEB124417	DURANCE16S_RUN_14Man1011Ch03A_durance3	DURANCE16S_EXP_14Man1011Ch03A_durance3	DURANCE16S_14Man1011Ch03A	durance3	prep2	2	14Man1011Ch03A_durance3	ERR17752004	ERX17142547	14Man1011Ch03A_S393_L001_R1_001.fastq.gz	f1eaf96a9c40fb76fe6cba722b70c72d	14Man1011Ch03A_S393_L001_R2_001.fastq.gz	4d53c1dbe55eb0740e4d85d4ce1469f0	14Man1011Ch03A	biological	fish gut metagenome	Man	hindgut [UBERON:0001046]	2014
PRJEB124417	DURANCE16S_RUN_14Man1011Ch05A_durance1	DURANCE16S_EXP_14Man1011Ch05A_durance1	DURANCE16S_14Man1011Ch05A	durance1	prep1	1	14Man1011Ch05A_durance1	ERR17752003	ERX17142546	14Man1011Ch05A_S201_L001_R1_001.fastq.gz	7562b413a5293a4e71dc78e13be89c99	14Man1011Ch05A_S201_L001_R2_001.fastq.gz	8f2afbf412469c6c6c3f13b276bbe2d6	14Man1011Ch05A	biological	gill metagenome	Man	gill [UBERON:0002535]	2014
PRJEB124417	DURANCE16S_RUN_14Man1011Ch05A_durance2	DURANCE16S_EXP_14Man1011Ch05A_durance2	DURANCE16S_14Man1011Ch05A	durance2	prep2	1	14Man1011Ch05A_durance2	ERR17752007	ERX17142550	14Man1011Ch05A_S201_L001_R1_001.fastq.gz	5097b57f4c88cad5f3d0d540999922ee	14Man1011Ch05A_S201_L001_R2_001.fastq.gz	be52a8ece6ba3ab5ac40927c6be2775b	14Man1011Ch05A	biological	gill metagenome	Man	gill [UBERON:0002535]	2014
PRJEB124417	DURANCE16S_RUN_14Man1011Ch05A_durance3	DURANCE16S_EXP_14Man1011Ch05A_durance3	DURANCE16S_14Man1011Ch05A	durance3	prep2	2	14Man1011Ch05A_durance3	ERR17752005	ERX17142548	14Man1011Ch05A_S201_L001_R1_001.fastq.gz	306104ae41803a920147ac24c00c34cc	14Man1011Ch05A_S201_L001_R2_001.fastq.gz	8e73e457b6eb0c99dc914cbaa1d2a476	14Man1011Ch05A	biological	gill metagenome	Man	gill [UBERON:0002535]	2014
PRJEB124417	DURANCE16S_RUN_14Man1012Ch01A_durance1	DURANCE16S_EXP_14Man1012Ch01A_durance1	DURANCE16S_14Man1012Ch01A	durance1	prep1	1	14Man1012Ch01A_durance1	ERR17752008	ERX17142551	14Man1012Ch01A_S21_L001_R1_001.fastq.gz	819a683558799e2f413b627841401cf3	14Man1012Ch01A_S21_L001_R2_001.fastq.gz	00e3ebbee1e5c502793d5c92c84c672a	14Man1012Ch01A	biological	fish metagenome	Man	caudal fin [UBERON:4000164]	2014
PRJEB124417	DURANCE16S_RUN_14Man1012Ch01A_durance2	DURANCE16S_EXP_14Man1012Ch01A_durance2	DURANCE16S_14Man1012Ch01A	durance2	prep2	1	14Man1012Ch01A_durance2	ERR17752009	ERX17142552	14Man1012Ch01A_S21_L001_R1_001.fastq.gz	002033c973aabbbd2e6ed4c567250a04	14Man1012Ch01A_S21_L001_R2_001.fastq.gz	c7c5698a21df28b29b86ceaa6a151bba	14Man1012Ch01A	biological	fish metagenome	Man	caudal fin [UBERON:4000164]	2014
PRJEB124417	DURANCE16S_RUN_14Man1012Ch01A_durance3	DURANCE16S_EXP_14Man1012Ch01A_durance3	DURANCE16S_14Man1012Ch01A	durance3	prep2	2	14Man1012Ch01A_durance3	ERR17752010	ERX17142553	14Man1012Ch01A_S21_L001_R1_001.fastq.gz	21f8852f3ec28b0ffae8089783926e1a	14Man1012Ch01A_S21_L001_R2_001.fastq.gz	b010fbb7d29d6447842e9c016c7fa396	14Man1012Ch01A	biological	fish metagenome	Man	caudal fin [UBERON:4000164]	2014
PRJEB124417	DURANCE16S_RUN_14Man1012Ch02A_durance1	DURANCE16S_EXP_14Man1012Ch02A_durance1	DURANCE16S_14Man1012Ch02A	durance1	prep1	1	14Man1012Ch02A_durance1	ERR17752012	ERX17142555	14Man1012Ch02A_S585_L001_R1_001.fastq.gz	a4587cc42fd8d89d560f84f0119e2cb9	14Man1012Ch02A_S585_L001_R2_001.fastq.gz	aba706eba6c09d6910b1f696aecb21b9	14Man1012Ch02A	biological	fish gut metagenome	Man	midgut [UBERON:0001045]	2014
PRJEB124417	DURANCE16S_RUN_14Man1012Ch02A_durance2	DURANCE16S_EXP_14Man1012Ch02A_durance2	DURANCE16S_14Man1012Ch02A	durance2	prep2	1	14Man1012Ch02A_durance2	ERR17752014	ERX17142557	14Man1012Ch02A_S585_L001_R1_001.fastq.gz	e126ba50897a20a8bcfe1f5674ef1615	14Man1012Ch02A_S585_L001_R2_001.fastq.gz	5f1d42547be93a5de077e3846c8576c5	14Man1012Ch02A	biological	fish gut metagenome	Man	midgut [UBERON:0001045]	2014
PRJEB124417	DURANCE16S_RUN_14Man1012Ch02A_durance3	DURANCE16S_EXP_14Man1012Ch02A_durance3	DURANCE16S_14Man1012Ch02A	durance3	prep2	2	14Man1012Ch02A_durance3	ERR17752013	ERX17142556	14Man1012Ch02A_S585_L001_R1_001.fastq.gz	b99c6fc43d36237e642cbcf47eee16df	14Man1012Ch02A_S585_L001_R2_001.fastq.gz	622a7ba1d193efcb610e5b55bac2e3a5	14Man1012Ch02A	biological	fish gut metagenome	Man	midgut [UBERON:0001045]	2014
PRJEB124417	DURANCE16S_RUN_14Man1012Ch03A_durance1	DURANCE16S_EXP_14Man1012Ch03A_durance1	DURANCE16S_14Man1012Ch03A	durance1	prep1	1	14Man1012Ch03A_durance1	ERR17752011	ERX17142554	14Man1012Ch03A_S405_L001_R1_001.fastq.gz	e2305cb8d0e575bad60296fae3b3d0b0	14Man1012Ch03A_S405_L001_R2_001.fastq.gz	9904893fda3aa9a004fb496182aa2d19	14Man1012Ch03A	biological	fish gut metagenome	Man	hindgut [UBERON:0001046]	2014
PRJEB124417	DURANCE16S_RUN_14Man1012Ch03A_durance2	DURANCE16S_EXP_14Man1012Ch03A_durance2	DURANCE16S_14Man1012Ch03A	durance2	prep2	1	14Man1012Ch03A_durance2	ERR17752015	ERX17142558	14Man1012Ch03A_S405_L001_R1_001.fastq.gz	f589f875bdb6a4e272c3ea7cfeda4bfa	14Man1012Ch03A_S405_L001_R2_001.fastq.gz	d42f0efb2fd8fe7fc03cd841fc9c2dbd	14Man1012Ch03A	biological	fish gut metagenome	Man	hindgut [UBERON:0001046]	2014
PRJEB124417	DURANCE16S_RUN_14Man1012Ch03A_durance3	DURANCE16S_EXP_14Man1012Ch03A_durance3	DURANCE16S_14Man1012Ch03A	durance3	prep2	2	14Man1012Ch03A_durance3	ERR17752016	ERX17142559	14Man1012Ch03A_S405_L001_R1_001.fastq.gz	5eb5585daefda62957f7dee9f62b7d75	14Man1012Ch03A_S405_L001_R2_001.fastq.gz	49aefe81b8474d0a22bfa4118f66b574	14Man1012Ch03A	biological	fish gut metagenome	Man	hindgut [UBERON:0001046]	2014
PRJEB124417	DURANCE16S_RUN_14Man1012Ch05A_durance1	DURANCE16S_EXP_14Man1012Ch05A_durance1	DURANCE16S_14Man1012Ch05A	durance1	prep1	1	14Man1012Ch05A_durance1	ERR17752017	ERX17142560	14Man1012Ch05A_S213_L001_R1_001.fastq.gz	20b41a4a0d2450bb0d1137202c9a6233	14Man1012Ch05A_S213_L001_R2_001.fastq.gz	a2a099aa0f2e4d1d18d4aeca80575d2a	14Man1012Ch05A	biological	gill metagenome	Man	gill [UBERON:0002535]	2014
PRJEB124417	DURANCE16S_RUN_14Man1012Ch05A_durance2	DURANCE16S_EXP_14Man1012Ch05A_durance2	DURANCE16S_14Man1012Ch05A	durance2	prep2	1	14Man1012Ch05A_durance2	ERR17752019	ERX17142562	14Man1012Ch05A_S213_L001_R1_001.fastq.gz	8748cbe1f64419b1927683359bf87347	14Man1012Ch05A_S213_L001_R2_001.fastq.gz	8733fc1e07e4e2d6ba6a403399e873c2	14Man1012Ch05A	biological	gill metagenome	Man	gill [UBERON:0002535]	2014
PRJEB124417	DURANCE16S_RUN_14Man1012Ch05A_durance3	DURANCE16S_EXP_14Man1012Ch05A_durance3	DURANCE16S_14Man1012Ch05A	durance3	prep2	2	14Man1012Ch05A_durance3	ERR17752023	ERX17142566	14Man1012Ch05A_S213_L001_R1_001.fastq.gz	028378850c418106bc39ba9bd78b14ac	14Man1012Ch05A_S213_L001_R2_001.fastq.gz	34c557022de6c1107f1d56cdd7bceb54	14Man1012Ch05A	biological	gill metagenome	Man	gill [UBERON:0002535]	2014
PRJEB124417	DURANCE16S_RUN_14Man1013Ch01A_durance1	DURANCE16S_EXP_14Man1013Ch01A_durance1	DURANCE16S_14Man1013Ch01A	durance1	prep1	1	14Man1013Ch01A_durance1	ERR17752024	ERX17142567	14Man1013Ch01A_S33_L001_R1_001.fastq.gz	bdbe920ff4d956e310bf2fec896be22b	14Man1013Ch01A_S33_L001_R2_001.fastq.gz	4318d164d8fe011784bfd9447900010e	14Man1013Ch01A	biological	fish metagenome	Man	caudal fin [UBERON:4000164]	2014
PRJEB124417	DURANCE16S_RUN_14Man1013Ch01A_durance2	DURANCE16S_EXP_14Man1013Ch01A_durance2	DURANCE16S_14Man1013Ch01A	durance2	prep2	1	14Man1013Ch01A_durance2	ERR17752020	ERX17142563	14Man1013Ch01A_S33_L001_R1_001.fastq.gz	58f845d556834e798d835223dac6e652	14Man1013Ch01A_S33_L001_R2_001.fastq.gz	52f9503fb2ce2f66fb69fa1c8a198bec	14Man1013Ch01A	biological	fish metagenome	Man	caudal fin [UBERON:4000164]	2014
PRJEB124417	DURANCE16S_RUN_14Man1013Ch01A_durance3	DURANCE16S_EXP_14Man1013Ch01A_durance3	DURANCE16S_14Man1013Ch01A	durance3	prep2	2	14Man1013Ch01A_durance3	ERR17752021	ERX17142564	14Man1013Ch01A_S33_L001_R1_001.fastq.gz	4258d9c2f586a0c9fc8073f46f840176	14Man1013Ch01A_S33_L001_R2_001.fastq.gz	e63811ba4c2eb00c3455a76a8e275faf	14Man1013Ch01A	biological	fish metagenome	Man	caudal fin [UBERON:4000164]	2014
PRJEB124417	DURANCE16S_RUN_14Man1013Ch02A_durance1	DURANCE16S_EXP_14Man1013Ch02A_durance1	DURANCE16S_14Man1013Ch02A	durance1	prep1	1	14Man1013Ch02A_durance1	ERR17752022	ERX17142565	14Man1013Ch02A_S597_L001_R1_001.fastq.gz	201ba07faa1c392d186e6bc8609bf3dd	14Man1013Ch02A_S597_L001_R2_001.fastq.gz	460a2c7abecd743e25515f5ada298c0a	14Man1013Ch02A	biological	fish gut metagenome	Man	midgut [UBERON:0001045]	2014
PRJEB124417	DURANCE16S_RUN_14Man1013Ch02A_durance2	DURANCE16S_EXP_14Man1013Ch02A_durance2	DURANCE16S_14Man1013Ch02A	durance2	prep2	1	14Man1013Ch02A_durance2	ERR17752025	ERX17142568	14Man1013Ch02A_S597_L001_R1_001.fastq.gz	64141c64fda6868e38947351f58f2a61	14Man1013Ch02A_S597_L001_R2_001.fastq.gz	0a5ff273b77b0b7518e8e78e21c54b9b	14Man1013Ch02A	biological	fish gut metagenome	Man	midgut [UBERON:0001045]	2014
PRJEB124417	DURANCE16S_RUN_14Man1013Ch02A_durance3	DURANCE16S_EXP_14Man1013Ch02A_durance3	DURANCE16S_14Man1013Ch02A	durance3	prep2	2	14Man1013Ch02A_durance3	ERR17752026	ERX17142569	14Man1013Ch02A_S597_L001_R1_001.fastq.gz	df45728921a7676bd64c84f30b13c3f9	14Man1013Ch02A_S597_L001_R2_001.fastq.gz	22a18a196e973ee9b8f129d1b38d0119	14Man1013Ch02A	biological	fish gut metagenome	Man	midgut [UBERON:0001045]	2014
PRJEB124417	DURANCE16S_RUN_14Man1013Ch03A_durance1	DURANCE16S_EXP_14Man1013Ch03A_durance1	DURANCE16S_14Man1013Ch03A	durance1	prep1	1	14Man1013Ch03A_durance1	ERR17752027	ERX17142570	14Man1013Ch03A_S417_L001_R1_001.fastq.gz	8780cd188c222f0b7f7561c4ad1e52db	14Man1013Ch03A_S417_L001_R2_001.fastq.gz	36fe8a1bd20dd854e6528d8b6e54f63f	14Man1013Ch03A	biological	fish gut metagenome	Man	hindgut [UBERON:0001046]	2014
PRJEB124417	DURANCE16S_RUN_14Man1013Ch03A_durance2	DURANCE16S_EXP_14Man1013Ch03A_durance2	DURANCE16S_14Man1013Ch03A	durance2	prep2	1	14Man1013Ch03A_durance2	ERR17752032	ERX17142575	14Man1013Ch03A_S417_L001_R1_001.fastq.gz	a2529b0194e8cc661ef8b2adaf8abddb	14Man1013Ch03A_S417_L001_R2_001.fastq.gz	ad485ed15539fb023862df501b77153a	14Man1013Ch03A	biological	fish gut metagenome	Man	hindgut [UBERON:0001046]	2014
PRJEB124417	DURANCE16S_RUN_14Man1013Ch03A_durance3	DURANCE16S_EXP_14Man1013Ch03A_durance3	DURANCE16S_14Man1013Ch03A	durance3	prep2	2	14Man1013Ch03A_durance3	ERR17752035	ERX17142578	14Man1013Ch03A_S417_L001_R1_001.fastq.gz	73ec684f70a2c6c8cda953ad5ec771f9	14Man1013Ch03A_S417_L001_R2_001.fastq.gz	7a5d53bf7caf8311fff3dc2a44728786	14Man1013Ch03A	biological	fish gut metagenome	Man	hindgut [UBERON:0001046]	2014
PRJEB124417	DURANCE16S_RUN_14Man1013Ch05A_durance1	DURANCE16S_EXP_14Man1013Ch05A_durance1	DURANCE16S_14Man1013Ch05A	durance1	prep1	1	14Man1013Ch05A_durance1	ERR17752031	ERX17142574	14Man1013Ch05A_S225_L001_R1_001.fastq.gz	7c4a184f709a649ab94709c37bbff2ea	14Man1013Ch05A_S225_L001_R2_001.fastq.gz	c8de1af8865fc4fe73f936975f6d4164	14Man1013Ch05A	biological	gill metagenome	Man	gill [UBERON:0002535]	2014
PRJEB124417	DURANCE16S_RUN_14Man1013Ch05A_durance2	DURANCE16S_EXP_14Man1013Ch05A_durance2	DURANCE16S_14Man1013Ch05A	durance2	prep2	1	14Man1013Ch05A_durance2	ERR17752033	ERX17142576	14Man1013Ch05A_S225_L001_R1_001.fastq.gz	1628e1eda49cd23a50c793f552dfa526	14Man1013Ch05A_S225_L001_R2_001.fastq.gz	1dfb91e4c8725daec27bb27aa833c3a3	14Man1013Ch05A	biological	gill metagenome	Man	gill [UBERON:0002535]	2014
PRJEB124417	DURANCE16S_RUN_14Man1013Ch05A_durance3	DURANCE16S_EXP_14Man1013Ch05A_durance3	DURANCE16S_14Man1013Ch05A	durance3	prep2	2	14Man1013Ch05A_durance3	ERR17752029	ERX17142572	14Man1013Ch05A_S225_L001_R1_001.fastq.gz	da77d8e68ca6ae6e98fdef8c0020d858	14Man1013Ch05A_S225_L001_R2_001.fastq.gz	998a887c99c7a49b8b1759d4e85eea23	14Man1013Ch05A	biological	gill metagenome	Man	gill [UBERON:0002535]	2014
PRJEB124417	DURANCE16S_RUN_14Man1014Ch01A_durance1	DURANCE16S_EXP_14Man1014Ch01A_durance1	DURANCE16S_14Man1014Ch01A	durance1	prep1	1	14Man1014Ch01A_durance1	ERR17752028	ERX17142571	14Man1014Ch01A_S45_L001_R1_001.fastq.gz	1b371b7cb31425eb8553bdea7d193bff	14Man1014Ch01A_S45_L001_R2_001.fastq.gz	95790586432251250c9ac3a793d67d66	14Man1014Ch01A	biological	fish metagenome	Man	caudal fin [UBERON:4000164]	2014
PRJEB124417	DURANCE16S_RUN_14Man1014Ch01A_durance2	DURANCE16S_EXP_14Man1014Ch01A_durance2	DURANCE16S_14Man1014Ch01A	durance2	prep2	1	14Man1014Ch01A_durance2	ERR17752030	ERX17142573	14Man1014Ch01A_S45_L001_R1_001.fastq.gz	28a5fedee5921ddbad83764a229ac45c	14Man1014Ch01A_S45_L001_R2_001.fastq.gz	2cf9f3a3165a268f01464e1840506453	14Man1014Ch01A	biological	fish metagenome	Man	caudal fin [UBERON:4000164]	2014
PRJEB124417	DURANCE16S_RUN_14Man1014Ch01A_durance3	DURANCE16S_EXP_14Man1014Ch01A_durance3	DURANCE16S_14Man1014Ch01A	durance3	prep2	2	14Man1014Ch01A_durance3	ERR17752034	ERX17142577	14Man1014Ch01A_S45_L001_R1_001.fastq.gz	24677918409690766e2f817f7dafb171	14Man1014Ch01A_S45_L001_R2_001.fastq.gz	06352a505fb82b0bd86a4aa758788e16	14Man1014Ch01A	biological	fish metagenome	Man	caudal fin [UBERON:4000164]	2014
PRJEB124417	DURANCE16S_RUN_14Man1014Ch02A_durance1	DURANCE16S_EXP_14Man1014Ch02A_durance1	DURANCE16S_14Man1014Ch02A	durance1	prep1	1	14Man1014Ch02A_durance1	ERR17752039	ERX17142582	14Man1014Ch02A_S609_L001_R1_001.fastq.gz	0e8f2f98a6452500528908b4f423c850	14Man1014Ch02A_S609_L001_R2_001.fastq.gz	21bc739218d6910c93a23cb4ec8c2b86	14Man1014Ch02A	biological	fish gut metagenome	Man	midgut [UBERON:0001045]	2014
PRJEB124417	DURANCE16S_RUN_14Man1014Ch02A_durance2	DURANCE16S_EXP_14Man1014Ch02A_durance2	DURANCE16S_14Man1014Ch02A	durance2	prep2	1	14Man1014Ch02A_durance2	ERR17752037	ERX17142580	14Man1014Ch02A_S609_L001_R1_001.fastq.gz	32c6ffb28ea5b82a73353680efad45b5	14Man1014Ch02A_S609_L001_R2_001.fastq.gz	4703cde13171e523852e2bbe7a39dac3	14Man1014Ch02A	biological	fish gut metagenome	Man	midgut [UBERON:0001045]	2014
PRJEB124417	DURANCE16S_RUN_14Man1014Ch02A_durance3	DURANCE16S_EXP_14Man1014Ch02A_durance3	DURANCE16S_14Man1014Ch02A	durance3	prep2	2	14Man1014Ch02A_durance3	ERR17752038	ERX17142581	14Man1014Ch02A_S609_L001_R1_001.fastq.gz	03a6f83fcea83d88eb17e17379e5937e	14Man1014Ch02A_S609_L001_R2_001.fastq.gz	496a6191ca2d50161ce1b22887f78c67	14Man1014Ch02A	biological	fish gut metagenome	Man	midgut [UBERON:0001045]	2014
PRJEB124417	DURANCE16S_RUN_14Man1014Ch03A_durance1	DURANCE16S_EXP_14Man1014Ch03A_durance1	DURANCE16S_14Man1014Ch03A	durance1	prep1	1	14Man1014Ch03A_durance1	ERR17752040	ERX17142583	14Man1014Ch03A_S429_L001_R1_001.fastq.gz	7b533cfd8c5ff602b131abb4965a1432	14Man1014Ch03A_S429_L001_R2_001.fastq.gz	8772036f975ccfed4af91606ec841491	14Man1014Ch03A	biological	fish gut metagenome	Man	hindgut [UBERON:0001046]	2014
PRJEB124417	DURANCE16S_RUN_14Man1014Ch03A_durance2	DURANCE16S_EXP_14Man1014Ch03A_durance2	DURANCE16S_14Man1014Ch03A	durance2	prep2	1	14Man1014Ch03A_durance2	ERR17752036	ERX17142579	14Man1014Ch03A_S429_L001_R1_001.fastq.gz	8f7bf0cd492bbdbb9bdaa7673ad16a58	14Man1014Ch03A_S429_L001_R2_001.fastq.gz	42fbe9f6e55fdab0f46f0c537ae37009	14Man1014Ch03A	biological	fish gut metagenome	Man	hindgut [UBERON:0001046]	2014
PRJEB124417	DURANCE16S_RUN_14Man1014Ch03A_durance3	DURANCE16S_EXP_14Man1014Ch03A_durance3	DURANCE16S_14Man1014Ch03A	durance3	prep2	2	14Man1014Ch03A_durance3	ERR17752043	ERX17142586	14Man1014Ch03A_S429_L001_R1_001.fastq.gz	48210f5501f73585c33c6cfa53b9765d	14Man1014Ch03A_S429_L001_R2_001.fastq.gz	255c2dfc5bfad769837948eb7427d29b	14Man1014Ch03A	biological	fish gut metagenome	Man	hindgut [UBERON:0001046]	2014
PRJEB124417	DURANCE16S_RUN_14Man1014Ch05A_durance1	DURANCE16S_EXP_14Man1014Ch05A_durance1	DURANCE16S_14Man1014Ch05A	durance1	prep1	1	14Man1014Ch05A_durance1	ERR17752042	ERX17142585	14Man1014Ch05A_S237_L001_R1_001.fastq.gz	beadb9d975bbd139a22192218e2a58ae	14Man1014Ch05A_S237_L001_R2_001.fastq.gz	24be0a837d9fe5102ebd17a1e0ec3faa	14Man1014Ch05A	biological	gill metagenome	Man	gill [UBERON:0002535]	2014
PRJEB124417	DURANCE16S_RUN_14Man1014Ch05A_durance2	DURANCE16S_EXP_14Man1014Ch05A_durance2	DURANCE16S_14Man1014Ch05A	durance2	prep2	1	14Man1014Ch05A_durance2	ERR17752041	ERX17142584	14Man1014Ch05A_S237_L001_R1_001.fastq.gz	1843e6b8161f766047360566d1162140	14Man1014Ch05A_S237_L001_R2_001.fastq.gz	5dd3be8269fc7d555899cf426215f223	14Man1014Ch05A	biological	gill metagenome	Man	gill [UBERON:0002535]	2014
PRJEB124417	DURANCE16S_RUN_14Man1014Ch05A_durance3	DURANCE16S_EXP_14Man1014Ch05A_durance3	DURANCE16S_14Man1014Ch05A	durance3	prep2	2	14Man1014Ch05A_durance3	ERR17752045	ERX17142588	14Man1014Ch05A_S237_L001_R1_001.fastq.gz	93f0366a226440873d745bb7ba249238	14Man1014Ch05A_S237_L001_R2_001.fastq.gz	63551fefdf634ef72b48df2269fa2961	14Man1014Ch05A	biological	gill metagenome	Man	gill [UBERON:0002535]	2014
PRJEB124417	DURANCE16S_RUN_14Man1015Ch01A_durance1	DURANCE16S_EXP_14Man1015Ch01A_durance1	DURANCE16S_14Man1015Ch01A	durance1	prep1	1	14Man1015Ch01A_durance1	ERR17752046	ERX17142589	14Man1015Ch01A_S57_L001_R1_001.fastq.gz	4c1bcce75e5038cf3cbaa3c5d05e31a6	14Man1015Ch01A_S57_L001_R2_001.fastq.gz	64d6b9492f393d98a405cb60768080e4	14Man1015Ch01A	biological	fish metagenome	Man	caudal fin [UBERON:4000164]	2014
PRJEB124417	DURANCE16S_RUN_14Man1015Ch01A_durance2	DURANCE16S_EXP_14Man1015Ch01A_durance2	DURANCE16S_14Man1015Ch01A	durance2	prep2	1	14Man1015Ch01A_durance2	ERR17752044	ERX17142587	14Man1015Ch01A_S57_L001_R1_001.fastq.gz	9080c5e00a4321d1b9aa6b88205620b3	14Man1015Ch01A_S57_L001_R2_001.fastq.gz	e234ecff73d3010658413b07eb0d2918	14Man1015Ch01A	biological	fish metagenome	Man	caudal fin [UBERON:4000164]	2014
PRJEB124417	DURANCE16S_RUN_14Man1015Ch01A_durance3	DURANCE16S_EXP_14Man1015Ch01A_durance3	DURANCE16S_14Man1015Ch01A	durance3	prep2	2	14Man1015Ch01A_durance3	ERR17752047	ERX17142590	14Man1015Ch01A_S57_L001_R1_001.fastq.gz	af1f8746af7284bccd84f6d4a10dc8f5	14Man1015Ch01A_S57_L001_R2_001.fastq.gz	dced06f53164f901f6976f0693171d78	14Man1015Ch01A	biological	fish metagenome	Man	caudal fin [UBERON:4000164]	2014
PRJEB124417	DURANCE16S_RUN_14Man1015Ch02A_durance1	DURANCE16S_EXP_14Man1015Ch02A_durance1	DURANCE16S_14Man1015Ch02A	durance1	prep1	1	14Man1015Ch02A_durance1	ERR17752051	ERX17142594	14Man1015Ch02A_S621_L001_R1_001.fastq.gz	5d333e58d94891a58a40427e7976685c	14Man1015Ch02A_S621_L001_R2_001.fastq.gz	47c61922b1a60857b0c17ffc2c9b64b7	14Man1015Ch02A	biological	fish gut metagenome	Man	midgut [UBERON:0001045]	2014
PRJEB124417	DURANCE16S_RUN_14Man1015Ch02A_durance2	DURANCE16S_EXP_14Man1015Ch02A_durance2	DURANCE16S_14Man1015Ch02A	durance2	prep2	1	14Man1015Ch02A_durance2	ERR17752048	ERX17142591	14Man1015Ch02A_S621_L001_R1_001.fastq.gz	4b8c8c28f6f5f93f7c40ac084446e124	14Man1015Ch02A_S621_L001_R2_001.fastq.gz	052d8585993cd423fbd825eff7e8e1c8	14Man1015Ch02A	biological	fish gut metagenome	Man	midgut [UBERON:0001045]	2014
PRJEB124417	DURANCE16S_RUN_14Man1015Ch02A_durance3	DURANCE16S_EXP_14Man1015Ch02A_durance3	DURANCE16S_14Man1015Ch02A	durance3	prep2	2	14Man1015Ch02A_durance3	ERR17752050	ERX17142593	14Man1015Ch02A_S621_L001_R1_001.fastq.gz	ce43ae6c868195a4b11cbe45c09cef11	14Man1015Ch02A_S621_L001_R2_001.fastq.gz	89c3d9a1b10e9186637b135807ae9ca3	14Man1015Ch02A	biological	fish gut metagenome	Man	midgut [UBERON:0001045]	2014
PRJEB124417	DURANCE16S_RUN_14Man1015Ch03A_durance1	DURANCE16S_EXP_14Man1015Ch03A_durance1	DURANCE16S_14Man1015Ch03A	durance1	prep1	1	14Man1015Ch03A_durance1	ERR17752049	ERX17142592	14Man1015Ch03A_S441_L001_R1_001.fastq.gz	c1808ade6f5bf4c399148b5c6eb40820	14Man1015Ch03A_S441_L001_R2_001.fastq.gz	f0d425c54b2bcf4e03f913d3c9da4744	14Man1015Ch03A	biological	fish gut metagenome	Man	hindgut [UBERON:0001046]	2014
PRJEB124417	DURANCE16S_RUN_14Man1015Ch03A_durance2	DURANCE16S_EXP_14Man1015Ch03A_durance2	DURANCE16S_14Man1015Ch03A	durance2	prep2	1	14Man1015Ch03A_durance2	ERR17752052	ERX17142595	14Man1015Ch03A_S441_L001_R1_001.fastq.gz	bce37d4cd4124587bef9542a88acace9	14Man1015Ch03A_S441_L001_R2_001.fastq.gz	6185343f1cb586676a4124100f3a40f4	14Man1015Ch03A	biological	fish gut metagenome	Man	hindgut [UBERON:0001046]	2014
PRJEB124417	DURANCE16S_RUN_14Man1015Ch03A_durance3	DURANCE16S_EXP_14Man1015Ch03A_durance3	DURANCE16S_14Man1015Ch03A	durance3	prep2	2	14Man1015Ch03A_durance3	ERR17752053	ERX17142596	14Man1015Ch03A_S441_L001_R1_001.fastq.gz	7d0ff7db98feea3a4bdbb0103172d036	14Man1015Ch03A_S441_L001_R2_001.fastq.gz	6f585410f6bfd5bc7e26bf007eb83b90	14Man1015Ch03A	biological	fish gut metagenome	Man	hindgut [UBERON:0001046]	2014
PRJEB124417	DURANCE16S_RUN_14Man1015Ch05A_durance1	DURANCE16S_EXP_14Man1015Ch05A_durance1	DURANCE16S_14Man1015Ch05A	durance1	prep1	1	14Man1015Ch05A_durance1	ERR17752057	ERX17142600	14Man1015Ch05A_S249_L001_R1_001.fastq.gz	24c5f73745aa571fc9ee66efdff9af7e	14Man1015Ch05A_S249_L001_R2_001.fastq.gz	a44c3f682fef8007727100dd7a300a81	14Man1015Ch05A	biological	gill metagenome	Man	gill [UBERON:0002535]	2014
PRJEB124417	DURANCE16S_RUN_14Man1015Ch05A_durance2	DURANCE16S_EXP_14Man1015Ch05A_durance2	DURANCE16S_14Man1015Ch05A	durance2	prep2	1	14Man1015Ch05A_durance2	ERR17752054	ERX17142597	14Man1015Ch05A_S249_L001_R1_001.fastq.gz	815f39a12290f43e51dead774797b68b	14Man1015Ch05A_S249_L001_R2_001.fastq.gz	eb8a825cde68b9055925c50b1844e0f6	14Man1015Ch05A	biological	gill metagenome	Man	gill [UBERON:0002535]	2014
PRJEB124417	DURANCE16S_RUN_14Man1015Ch05A_durance3	DURANCE16S_EXP_14Man1015Ch05A_durance3	DURANCE16S_14Man1015Ch05A	durance3	prep2	2	14Man1015Ch05A_durance3	ERR17752055	ERX17142598	14Man1015Ch05A_S249_L001_R1_001.fastq.gz	bf0a0dd3e2d237a5bcfcfbd56689061c	14Man1015Ch05A_S249_L001_R2_001.fastq.gz	2c0ef85aaadf72dcbd7a7521ff50bdc4	14Man1015Ch05A	biological	gill metagenome	Man	gill [UBERON:0002535]	2014
PRJEB124417	DURANCE16S_RUN_14Man1016Ch01A_durance1	DURANCE16S_EXP_14Man1016Ch01A_durance1	DURANCE16S_14Man1016Ch01A	durance1	prep1	1	14Man1016Ch01A_durance1	ERR17752056	ERX17142599	14Man1016Ch01A_S69_L001_R1_001.fastq.gz	59ae3a848395009260ebd35511105100	14Man1016Ch01A_S69_L001_R2_001.fastq.gz	f20d4c3372ef2b98c2effa7a694e7aff	14Man1016Ch01A	biological	fish metagenome	Man	caudal fin [UBERON:4000164]	2014
PRJEB124417	DURANCE16S_RUN_14Man1016Ch01A_durance2	DURANCE16S_EXP_14Man1016Ch01A_durance2	DURANCE16S_14Man1016Ch01A	durance2	prep2	1	14Man1016Ch01A_durance2	ERR17752058	ERX17142601	14Man1016Ch01A_S69_L001_R1_001.fastq.gz	43e02fc537c5c0775b069e584815562e	14Man1016Ch01A_S69_L001_R2_001.fastq.gz	58616faebf58d8ab40db66151fc2b719	14Man1016Ch01A	biological	fish metagenome	Man	caudal fin [UBERON:4000164]	2014
PRJEB124417	DURANCE16S_RUN_14Man1016Ch01A_durance3	DURANCE16S_EXP_14Man1016Ch01A_durance3	DURANCE16S_14Man1016Ch01A	durance3	prep2	2	14Man1016Ch01A_durance3	ERR17752059	ERX17142602	14Man1016Ch01A_S69_L001_R1_001.fastq.gz	46285eb9ca544614afa5e52e1a8390e1	14Man1016Ch01A_S69_L001_R2_001.fastq.gz	20e2b95c48e1a18baf5c61505c71d91d	14Man1016Ch01A	biological	fish metagenome	Man	caudal fin [UBERON:4000164]	2014
PRJEB124417	DURANCE16S_RUN_14Man1016Ch02A_durance1	DURANCE16S_EXP_14Man1016Ch02A_durance1	DURANCE16S_14Man1016Ch02A	durance1	prep1	1	14Man1016Ch02A_durance1	ERR17752060	ERX17142603	14Man1016Ch02A_S633_L001_R1_001.fastq.gz	2392ff48879ea775333e2abc29f10777	14Man1016Ch02A_S633_L001_R2_001.fastq.gz	9f49764cd9fded539e947baefc808025	14Man1016Ch02A	biological	fish gut metagenome	Man	midgut [UBERON:0001045]	2014
PRJEB124417	DURANCE16S_RUN_14Man1016Ch02A_durance2	DURANCE16S_EXP_14Man1016Ch02A_durance2	DURANCE16S_14Man1016Ch02A	durance2	prep2	1	14Man1016Ch02A_durance2	ERR17752062	ERX17142605	14Man1016Ch02A_S633_L001_R1_001.fastq.gz	2c9646da2cd5aa570028a9f57b50c319	14Man1016Ch02A_S633_L001_R2_001.fastq.gz	fffa0275bf973d8503b9133070823474	14Man1016Ch02A	biological	fish gut metagenome	Man	midgut [UBERON:0001045]	2014
PRJEB124417	DURANCE16S_RUN_14Man1016Ch02A_durance3	DURANCE16S_EXP_14Man1016Ch02A_durance3	DURANCE16S_14Man1016Ch02A	durance3	prep2	2	14Man1016Ch02A_durance3	ERR17752061	ERX17142604	14Man1016Ch02A_S633_L001_R1_001.fastq.gz	2f443e9c43440765e523d640343fcc1a	14Man1016Ch02A_S633_L001_R2_001.fastq.gz	aae4e9618cee139c75e4f354d752a29f	14Man1016Ch02A	biological	fish gut metagenome	Man	midgut [UBERON:0001045]	2014
PRJEB124417	DURANCE16S_RUN_14Man1016Ch03A_durance1	DURANCE16S_EXP_14Man1016Ch03A_durance1	DURANCE16S_14Man1016Ch03A	durance1	prep1	1	14Man1016Ch03A_durance1	ERR17752063	ERX17142606	14Man1016Ch03A_S453_L001_R1_001.fastq.gz	b508c5f8abcf8188b83b2645fb905c72	14Man1016Ch03A_S453_L001_R2_001.fastq.gz	eb52a76b5b0ea9bbe2794b41e2b945d7	14Man1016Ch03A	biological	fish gut metagenome	Man	hindgut [UBERON:0001046]	2014
PRJEB124417	DURANCE16S_RUN_14Man1016Ch03A_durance2	DURANCE16S_EXP_14Man1016Ch03A_durance2	DURANCE16S_14Man1016Ch03A	durance2	prep2	1	14Man1016Ch03A_durance2	ERR17752064	ERX17142607	14Man1016Ch03A_S453_L001_R1_001.fastq.gz	c6cc7c61ab73539a711ce50b23bd2cac	14Man1016Ch03A_S453_L001_R2_001.fastq.gz	3986d8c088bb75222f5c572224972580	14Man1016Ch03A	biological	fish gut metagenome	Man	hindgut [UBERON:0001046]	2014
PRJEB124417	DURANCE16S_RUN_14Man1016Ch03A_durance3	DURANCE16S_EXP_14Man1016Ch03A_durance3	DURANCE16S_14Man1016Ch03A	durance3	prep2	2	14Man1016Ch03A_durance3	ERR17752067	ERX17142610	14Man1016Ch03A_S453_L001_R1_001.fastq.gz	90548acccbc06de080811f5fb474ff59	14Man1016Ch03A_S453_L001_R2_001.fastq.gz	1bceb8fac9e39c5adbe32980d47fc85f	14Man1016Ch03A	biological	fish gut metagenome	Man	hindgut [UBERON:0001046]	2014
PRJEB124417	DURANCE16S_RUN_14Man1016Ch05A_durance1	DURANCE16S_EXP_14Man1016Ch05A_durance1	DURANCE16S_14Man1016Ch05A	durance1	prep1	1	14Man1016Ch05A_durance1	ERR17752065	ERX17142608	14Man1016Ch05A_S261_L001_R1_001.fastq.gz	21185366af6399d3a9a9958ac9d82fb8	14Man1016Ch05A_S261_L001_R2_001.fastq.gz	0a0862378b6ac9cf19f4dbe7dd6eafea	14Man1016Ch05A	biological	gill metagenome	Man	gill [UBERON:0002535]	2014
PRJEB124417	DURANCE16S_RUN_14Man1016Ch05A_durance2	DURANCE16S_EXP_14Man1016Ch05A_durance2	DURANCE16S_14Man1016Ch05A	durance2	prep2	1	14Man1016Ch05A_durance2	ERR17752066	ERX17142609	14Man1016Ch05A_S261_L001_R1_001.fastq.gz	bd3b17c9db0c481d4eadd37bc5c786bd	14Man1016Ch05A_S261_L001_R2_001.fastq.gz	020922c3c36d1c53899454ee0828953c	14Man1016Ch05A	biological	gill metagenome	Man	gill [UBERON:0002535]	2014
PRJEB124417	DURANCE16S_RUN_14Man1016Ch05A_durance3	DURANCE16S_EXP_14Man1016Ch05A_durance3	DURANCE16S_14Man1016Ch05A	durance3	prep2	2	14Man1016Ch05A_durance3	ERR17752068	ERX17142611	14Man1016Ch05A_S261_L001_R1_001.fastq.gz	aefe0b4a6ff4c986f45ceed3d5a74708	14Man1016Ch05A_S261_L001_R2_001.fastq.gz	b1a0590400e741a96b644266b0376d64	14Man1016Ch05A	biological	gill metagenome	Man	gill [UBERON:0002535]	2014
PRJEB124417	DURANCE16S_RUN_14Man1017Ch01A_durance1	DURANCE16S_EXP_14Man1017Ch01A_durance1	DURANCE16S_14Man1017Ch01A	durance1	prep1	1	14Man1017Ch01A_durance1	ERR17752070	ERX17142613	14Man1017Ch01A_S81_L001_R1_001.fastq.gz	ecf9610cbb04ccbad4e2a3b165c8e3ca	14Man1017Ch01A_S81_L001_R2_001.fastq.gz	86b35f120408fe90b5fd5e4b96aeffa6	14Man1017Ch01A	biological	fish metagenome	Man	caudal fin [UBERON:4000164]	2014
PRJEB124417	DURANCE16S_RUN_14Man1017Ch01A_durance2	DURANCE16S_EXP_14Man1017Ch01A_durance2	DURANCE16S_14Man1017Ch01A	durance2	prep2	1	14Man1017Ch01A_durance2	ERR17752069	ERX17142612	14Man1017Ch01A_S81_L001_R1_001.fastq.gz	46c1fe7db9122eb645fee26e7f4c2e4b	14Man1017Ch01A_S81_L001_R2_001.fastq.gz	29192c5993cc6ca9f90ecdff172d38eb	14Man1017Ch01A	biological	fish metagenome	Man	caudal fin [UBERON:4000164]	2014
PRJEB124417	DURANCE16S_RUN_14Man1017Ch01A_durance3	DURANCE16S_EXP_14Man1017Ch01A_durance3	DURANCE16S_14Man1017Ch01A	durance3	prep2	2	14Man1017Ch01A_durance3	ERR17752072	ERX17142615	14Man1017Ch01A_S81_L001_R1_001.fastq.gz	2cfdf8d4aece2f9c9c1de7fc32d03c7f	14Man1017Ch01A_S81_L001_R2_001.fastq.gz	b861fc0613f4d5185dcb6410359a4e46	14Man1017Ch01A	biological	fish metagenome	Man	caudal fin [UBERON:4000164]	2014
PRJEB124417	DURANCE16S_RUN_14Man1017Ch02A_durance1	DURANCE16S_EXP_14Man1017Ch02A_durance1	DURANCE16S_14Man1017Ch02A	durance1	prep1	1	14Man1017Ch02A_durance1	ERR17752074	ERX17142617	14Man1017Ch02A_S645_L001_R1_001.fastq.gz	1a6287b02f1137569a68df1af60f81d1	14Man1017Ch02A_S645_L001_R2_001.fastq.gz	70a891fcb49e26f185bc04741c5c2e96	14Man1017Ch02A	biological	fish gut metagenome	Man	midgut [UBERON:0001045]	2014
PRJEB124417	DURANCE16S_RUN_14Man1017Ch02A_durance2	DURANCE16S_EXP_14Man1017Ch02A_durance2	DURANCE16S_14Man1017Ch02A	durance2	prep2	1	14Man1017Ch02A_durance2	ERR17752073	ERX17142616	14Man1017Ch02A_S645_L001_R1_001.fastq.gz	fa626385d25fee9fb5115cc314374895	14Man1017Ch02A_S645_L001_R2_001.fastq.gz	af374034599942942030ebc666e5a220	14Man1017Ch02A	biological	fish gut metagenome	Man	midgut [UBERON:0001045]	2014
PRJEB124417	DURANCE16S_RUN_14Man1017Ch02A_durance3	DURANCE16S_EXP_14Man1017Ch02A_durance3	DURANCE16S_14Man1017Ch02A	durance3	prep2	2	14Man1017Ch02A_durance3	ERR17752075	ERX17142618	14Man1017Ch02A_S645_L001_R1_001.fastq.gz	63eb6bb2daef7a7a709bc6359506ddf8	14Man1017Ch02A_S645_L001_R2_001.fastq.gz	70ab417141e45e16802e1f9b7e968105	14Man1017Ch02A	biological	fish gut metagenome	Man	midgut [UBERON:0001045]	2014
PRJEB124417	DURANCE16S_RUN_14Man1017Ch03A_durance1	DURANCE16S_EXP_14Man1017Ch03A_durance1	DURANCE16S_14Man1017Ch03A	durance1	prep1	1	14Man1017Ch03A_durance1	ERR17752071	ERX17142614	14Man1017Ch03A_S465_L001_R1_001.fastq.gz	7f72ad4ba18613b2e014ea9ccb51561e	14Man1017Ch03A_S465_L001_R2_001.fastq.gz	c103c47d40aeb75e5f853b14c3d3ccb3	14Man1017Ch03A	biological	fish gut metagenome	Man	hindgut [UBERON:0001046]	2014
PRJEB124417	DURANCE16S_RUN_14Man1017Ch03A_durance2	DURANCE16S_EXP_14Man1017Ch03A_durance2	DURANCE16S_14Man1017Ch03A	durance2	prep2	1	14Man1017Ch03A_durance2	ERR17752076	ERX17142619	14Man1017Ch03A_S465_L001_R1_001.fastq.gz	5b59cb10308326be09d4b4011ee9a338	14Man1017Ch03A_S465_L001_R2_001.fastq.gz	62c63d8cb119e331957f4b441da78435	14Man1017Ch03A	biological	fish gut metagenome	Man	hindgut [UBERON:0001046]	2014
PRJEB124417	DURANCE16S_RUN_14Man1017Ch03A_durance3	DURANCE16S_EXP_14Man1017Ch03A_durance3	DURANCE16S_14Man1017Ch03A	durance3	prep2	2	14Man1017Ch03A_durance3	ERR17752077	ERX17142620	14Man1017Ch03A_S465_L001_R1_001.fastq.gz	5f32a8a9fd527d77f60600a70dcb79ea	14Man1017Ch03A_S465_L001_R2_001.fastq.gz	b2f259b59d29f5c6c4d3e1e115a06f4b	14Man1017Ch03A	biological	fish gut metagenome	Man	hindgut [UBERON:0001046]	2014
PRJEB124417	DURANCE16S_RUN_14Man1017Ch05A_durance1	DURANCE16S_EXP_14Man1017Ch05A_durance1	DURANCE16S_14Man1017Ch05A	durance1	prep1	1	14Man1017Ch05A_durance1	ERR17752078	ERX17142621	14Man1017Ch05A_S273_L001_R1_001.fastq.gz	1f3b1e6974f3647d973642ddebb6d081	14Man1017Ch05A_S273_L001_R2_001.fastq.gz	1877386c5f540c967d01d9c17fb25522	14Man1017Ch05A	biological	gill metagenome	Man	gill [UBERON:0002535]	2014
PRJEB124417	DURANCE16S_RUN_14Man1017Ch05A_durance2	DURANCE16S_EXP_14Man1017Ch05A_durance2	DURANCE16S_14Man1017Ch05A	durance2	prep2	1	14Man1017Ch05A_durance2	ERR17752081	ERX17142624	14Man1017Ch05A_S273_L001_R1_001.fastq.gz	703f21620a8f2db5b34fc501c9e1e80e	14Man1017Ch05A_S273_L001_R2_001.fastq.gz	9684988ab7559971a5d2af08f6b80522	14Man1017Ch05A	biological	gill metagenome	Man	gill [UBERON:0002535]	2014
PRJEB124417	DURANCE16S_RUN_14Man1017Ch05A_durance3	DURANCE16S_EXP_14Man1017Ch05A_durance3	DURANCE16S_14Man1017Ch05A	durance3	prep2	2	14Man1017Ch05A_durance3	ERR17752083	ERX17142626	14Man1017Ch05A_S273_L001_R1_001.fastq.gz	6696c0c507c2db845ae50286f34584a7	14Man1017Ch05A_S273_L001_R2_001.fastq.gz	04b58dbfa7ccc855edc402b0bcbb7870	14Man1017Ch05A	biological	gill metagenome	Man	gill [UBERON:0002535]	2014
PRJEB124417	DURANCE16S_RUN_14Man1018Ch01A_durance1	DURANCE16S_EXP_14Man1018Ch01A_durance1	DURANCE16S_14Man1018Ch01A	durance1	prep1	1	14Man1018Ch01A_durance1	ERR17752082	ERX17142625	14Man1018Ch01A_S93_L001_R1_001.fastq.gz	6d69cab2a9cccfb8ee5ec5cbc4a49325	14Man1018Ch01A_S93_L001_R2_001.fastq.gz	70d422866f58dab9d15a5f461ff28d4c	14Man1018Ch01A	biological	fish metagenome	Man	caudal fin [UBERON:4000164]	2014
PRJEB124417	DURANCE16S_RUN_14Man1018Ch01A_durance2	DURANCE16S_EXP_14Man1018Ch01A_durance2	DURANCE16S_14Man1018Ch01A	durance2	prep2	1	14Man1018Ch01A_durance2	ERR17752079	ERX17142622	14Man1018Ch01A_S93_L001_R1_001.fastq.gz	c3c7059517ee04248f353513c94efc98	14Man1018Ch01A_S93_L001_R2_001.fastq.gz	72231245c54c17acd8fe957f3134bb46	14Man1018Ch01A	biological	fish metagenome	Man	caudal fin [UBERON:4000164]	2014
PRJEB124417	DURANCE16S_RUN_14Man1018Ch01A_durance3	DURANCE16S_EXP_14Man1018Ch01A_durance3	DURANCE16S_14Man1018Ch01A	durance3	prep2	2	14Man1018Ch01A_durance3	ERR17752080	ERX17142623	14Man1018Ch01A_S93_L001_R1_001.fastq.gz	076efe70ae715688569c04ce009c7a11	14Man1018Ch01A_S93_L001_R2_001.fastq.gz	b91abe1fac516b93b7151677961a5264	14Man1018Ch01A	biological	fish metagenome	Man	caudal fin [UBERON:4000164]	2014
PRJEB124417	DURANCE16S_RUN_14Man1018Ch02A_durance1	DURANCE16S_EXP_14Man1018Ch02A_durance1	DURANCE16S_14Man1018Ch02A	durance1	prep1	1	14Man1018Ch02A_durance1	ERR17752084	ERX17142627	14Man1018Ch02A_S657_L001_R1_001.fastq.gz	7d8b2ee2b1921bc2676ed67c5705611d	14Man1018Ch02A_S657_L001_R2_001.fastq.gz	576a67ed728b51a401f5caea13857559	14Man1018Ch02A	biological	fish gut metagenome	Man	midgut [UBERON:0001045]	2014
PRJEB124417	DURANCE16S_RUN_14Man1018Ch02A_durance2	DURANCE16S_EXP_14Man1018Ch02A_durance2	DURANCE16S_14Man1018Ch02A	durance2	prep2	1	14Man1018Ch02A_durance2	ERR17752086	ERX17142629	14Man1018Ch02A_S657_L001_R1_001.fastq.gz	7fe22aa5fb546fd077cd24b8288b1d19	14Man1018Ch02A_S657_L001_R2_001.fastq.gz	18974d34ce5374e456386e101bfdaff6	14Man1018Ch02A	biological	fish gut metagenome	Man	midgut [UBERON:0001045]	2014
PRJEB124417	DURANCE16S_RUN_14Man1018Ch02A_durance3	DURANCE16S_EXP_14Man1018Ch02A_durance3	DURANCE16S_14Man1018Ch02A	durance3	prep2	2	14Man1018Ch02A_durance3	ERR17752090	ERX17142633	14Man1018Ch02A_S657_L001_R1_001.fastq.gz	d6afbd94888f625731caef8b17814c47	14Man1018Ch02A_S657_L001_R2_001.fastq.gz	adfb57693af2d985df8f23dcc5b23481	14Man1018Ch02A	biological	fish gut metagenome	Man	midgut [UBERON:0001045]	2014
PRJEB124417	DURANCE16S_RUN_14Man1018Ch03A_durance1	DURANCE16S_EXP_14Man1018Ch03A_durance1	DURANCE16S_14Man1018Ch03A	durance1	prep1	1	14Man1018Ch03A_durance1	ERR17752089	ERX17142632	14Man1018Ch03A_S477_L001_R1_001.fastq.gz	f9d3b7c8306acff554a10a5f584b9ad4	14Man1018Ch03A_S477_L001_R2_001.fastq.gz	148f95e04bcfcf5b33c82deafb54018d	14Man1018Ch03A	biological	fish gut metagenome	Man	hindgut [UBERON:0001046]	2014
PRJEB124417	DURANCE16S_RUN_14Man1018Ch03A_durance2	DURANCE16S_EXP_14Man1018Ch03A_durance2	DURANCE16S_14Man1018Ch03A	durance2	prep2	1	14Man1018Ch03A_durance2	ERR17752087	ERX17142630	14Man1018Ch03A_S477_L001_R1_001.fastq.gz	b6421a1fdf8e061efb62512d8c5c0820	14Man1018Ch03A_S477_L001_R2_001.fastq.gz	24c5845a728c27d2a2d24ffda231be1f	14Man1018Ch03A	biological	fish gut metagenome	Man	hindgut [UBERON:0001046]	2014
PRJEB124417	DURANCE16S_RUN_14Man1018Ch03A_durance3	DURANCE16S_EXP_14Man1018Ch03A_durance3	DURANCE16S_14Man1018Ch03A	durance3	prep2	2	14Man1018Ch03A_durance3	ERR17752092	ERX17142635	14Man1018Ch03A_S477_L001_R1_001.fastq.gz	d39f17a3526aa5e4c1563220a24cf631	14Man1018Ch03A_S477_L001_R2_001.fastq.gz	d55ab46562d3e31a03c84676cb0e40ff	14Man1018Ch03A	biological	fish gut metagenome	Man	hindgut [UBERON:0001046]	2014
PRJEB124417	DURANCE16S_RUN_14Man1018Ch05A_durance1	DURANCE16S_EXP_14Man1018Ch05A_durance1	DURANCE16S_14Man1018Ch05A	durance1	prep1	1	14Man1018Ch05A_durance1	ERR17752091	ERX17142634	14Man1018Ch05A_S285_L001_R1_001.fastq.gz	e316106f843c99b0af5fea9877ab8b39	14Man1018Ch05A_S285_L001_R2_001.fastq.gz	4f0ea9f1a23df883123abfbd62a74b3b	14Man1018Ch05A	biological	gill metagenome	Man	gill [UBERON:0002535]	2014
PRJEB124417	DURANCE16S_RUN_14Man1018Ch05A_durance2	DURANCE16S_EXP_14Man1018Ch05A_durance2	DURANCE16S_14Man1018Ch05A	durance2	prep2	1	14Man1018Ch05A_durance2	ERR17752088	ERX17142631	14Man1018Ch05A_S285_L001_R1_001.fastq.gz	debee8f6dcb97cfb35abbb36ba589f19	14Man1018Ch05A_S285_L001_R2_001.fastq.gz	107d26808f1fb270d9f45e009adb141a	14Man1018Ch05A	biological	gill metagenome	Man	gill [UBERON:0002535]	2014
PRJEB124417	DURANCE16S_RUN_14Man1018Ch05A_durance3	DURANCE16S_EXP_14Man1018Ch05A_durance3	DURANCE16S_14Man1018Ch05A	durance3	prep2	2	14Man1018Ch05A_durance3	ERR17752093	ERX17142636	14Man1018Ch05A_S285_L001_R1_001.fastq.gz	1d0f0cb0edc8bda97fc7e7711836208d	14Man1018Ch05A_S285_L001_R2_001.fastq.gz	e2e4eaa5a75b78892a790da78bd556ef	14Man1018Ch05A	biological	gill metagenome	Man	gill [UBERON:0002535]	2014
PRJEB124417	DURANCE16S_RUN_14Man1019Ch01A_durance1	DURANCE16S_EXP_14Man1019Ch01A_durance1	DURANCE16S_14Man1019Ch01A	durance1	prep1	1	14Man1019Ch01A_durance1	ERR17752094	ERX17142637	14Man1019Ch01A_S10_L001_R1_001.fastq.gz	bb29619aa92d50a8a5a9d122eb21f3ec	14Man1019Ch01A_S10_L001_R2_001.fastq.gz	cdff10399ece253742c0384e36d829af	14Man1019Ch01A	biological	fish metagenome	Man	caudal fin [UBERON:4000164]	2014
PRJEB124417	DURANCE16S_RUN_14Man1019Ch01A_durance2	DURANCE16S_EXP_14Man1019Ch01A_durance2	DURANCE16S_14Man1019Ch01A	durance2	prep2	1	14Man1019Ch01A_durance2	ERR17752096	ERX17142639	14Man1019Ch01A_S10_L001_R1_001.fastq.gz	f5404a410a772f86a34725e5f5fd2453	14Man1019Ch01A_S10_L001_R2_001.fastq.gz	c1bc3dce9fe9ee08cb187c47e0c95db8	14Man1019Ch01A	biological	fish metagenome	Man	caudal fin [UBERON:4000164]	2014
PRJEB124417	DURANCE16S_RUN_14Man1019Ch01A_durance3	DURANCE16S_EXP_14Man1019Ch01A_durance3	DURANCE16S_14Man1019Ch01A	durance3	prep2	2	14Man1019Ch01A_durance3	ERR17752099	ERX17142642	14Man1019Ch01A_S10_L001_R1_001.fastq.gz	b53e8dfc34299070484b688d39e76582	14Man1019Ch01A_S10_L001_R2_001.fastq.gz	33f17519645d81c49b35e4196bb47a1e	14Man1019Ch01A	biological	fish metagenome	Man	caudal fin [UBERON:4000164]	2014
PRJEB124417	DURANCE16S_RUN_14Man1019Ch02A_durance1	DURANCE16S_EXP_14Man1019Ch02A_durance1	DURANCE16S_14Man1019Ch02A	durance1	prep1	1	14Man1019Ch02A_durance1	ERR17752095	ERX17142638	14Man1019Ch02A_S669_L001_R1_001.fastq.gz	24239d4d79e96e0333364e5b083dc569	14Man1019Ch02A_S669_L001_R2_001.fastq.gz	88d1110a5aa06040cc05424cbb4947b8	14Man1019Ch02A	biological	fish gut metagenome	Man	midgut [UBERON:0001045]	2014
PRJEB124417	DURANCE16S_RUN_14Man1019Ch02A_durance2	DURANCE16S_EXP_14Man1019Ch02A_durance2	DURANCE16S_14Man1019Ch02A	durance2	prep2	1	14Man1019Ch02A_durance2	ERR17752098	ERX17142641	14Man1019Ch02A_S669_L001_R1_001.fastq.gz	7bf18f22676cde46dc1cdb2054047b44	14Man1019Ch02A_S669_L001_R2_001.fastq.gz	dcd305a9946301556baf30370b99642e	14Man1019Ch02A	biological	fish gut metagenome	Man	midgut [UBERON:0001045]	2014
PRJEB124417	DURANCE16S_RUN_14Man1019Ch02A_durance3	DURANCE16S_EXP_14Man1019Ch02A_durance3	DURANCE16S_14Man1019Ch02A	durance3	prep2	2	14Man1019Ch02A_durance3	ERR17752097	ERX17142640	14Man1019Ch02A_S669_L001_R1_001.fastq.gz	2d5cd091d11ea0e51cdd4477febfb18a	14Man1019Ch02A_S669_L001_R2_001.fastq.gz	a404dffc3b3977d2386558da5de54434	14Man1019Ch02A	biological	fish gut metagenome	Man	midgut [UBERON:0001045]	2014
PRJEB124417	DURANCE16S_RUN_14Man1019Ch03A_durance1	DURANCE16S_EXP_14Man1019Ch03A_durance1	DURANCE16S_14Man1019Ch03A	durance1	prep1	1	14Man1019Ch03A_durance1	ERR17752100	ERX17142643	14Man1019Ch03A_S394_L001_R1_001.fastq.gz	b3c1072f466f5330108993e08bcce679	14Man1019Ch03A_S394_L001_R2_001.fastq.gz	9406a4cdeb40e5052626fd171e9b6a67	14Man1019Ch03A	biological	fish gut metagenome	Man	hindgut [UBERON:0001046]	2014
PRJEB124417	DURANCE16S_RUN_14Man1019Ch03A_durance2	DURANCE16S_EXP_14Man1019Ch03A_durance2	DURANCE16S_14Man1019Ch03A	durance2	prep2	1	14Man1019Ch03A_durance2	ERR17752101	ERX17142644	14Man1019Ch03A_S394_L001_R1_001.fastq.gz	e4d83c725c8f9314d303a998821749ea	14Man1019Ch03A_S394_L001_R2_001.fastq.gz	4bfd2fae2ee195c7cb61b38b81c6dec7	14Man1019Ch03A	biological	fish gut metagenome	Man	hindgut [UBERON:0001046]	2014
PRJEB124417	DURANCE16S_RUN_14Man1019Ch03A_durance3	DURANCE16S_EXP_14Man1019Ch03A_durance3	DURANCE16S_14Man1019Ch03A	durance3	prep2	2	14Man1019Ch03A_durance3	ERR17752102	ERX17142645	14Man1019Ch03A_S394_L001_R1_001.fastq.gz	c37c0d4597dc043c3b74c86b8fba6ad9	14Man1019Ch03A_S394_L001_R2_001.fastq.gz	25c1ea295be26ae9b443b5fe7abf0cf0	14Man1019Ch03A	biological	fish gut metagenome	Man	hindgut [UBERON:0001046]	2014
PRJEB124417	DURANCE16S_RUN_14Man1019Ch05A_durance1	DURANCE16S_EXP_14Man1019Ch05A_durance1	DURANCE16S_14Man1019Ch05A	durance1	prep1	1	14Man1019Ch05A_durance1	ERR17752103	ERX17142646	14Man1019Ch05A_S202_L001_R1_001.fastq.gz	ebe5ba74f9c3cadb7a6180db0cb29db5	14Man1019Ch05A_S202_L001_R2_001.fastq.gz	d14207c4a77627a4ae611515fa27740f	14Man1019Ch05A	biological	gill metagenome	Man	gill [UBERON:0002535]	2014
PRJEB124417	DURANCE16S_RUN_14Man1019Ch05A_durance2	DURANCE16S_EXP_14Man1019Ch05A_durance2	DURANCE16S_14Man1019Ch05A	durance2	prep2	1	14Man1019Ch05A_durance2	ERR17752105	ERX17142648	14Man1019Ch05A_S202_L001_R1_001.fastq.gz	a5582a97ff65ed271bf851245f1f4b16	14Man1019Ch05A_S202_L001_R2_001.fastq.gz	d072bccebe6169ad059954ad6759d2b4	14Man1019Ch05A	biological	gill metagenome	Man	gill [UBERON:0002535]	2014
PRJEB124417	DURANCE16S_RUN_14Man1019Ch05A_durance3	DURANCE16S_EXP_14Man1019Ch05A_durance3	DURANCE16S_14Man1019Ch05A	durance3	prep2	2	14Man1019Ch05A_durance3	ERR17752104	ERX17142647	14Man1019Ch05A_S202_L001_R1_001.fastq.gz	2c06c80c9d994198b199463d42cd1226	14Man1019Ch05A_S202_L001_R2_001.fastq.gz	e0a4fb97f01a24686a0242734e577e78	14Man1019Ch05A	biological	gill metagenome	Man	gill [UBERON:0002535]	2014
PRJEB124417	DURANCE16S_RUN_14Man1020Ch01A_durance1	DURANCE16S_EXP_14Man1020Ch01A_durance1	DURANCE16S_14Man1020Ch01A	durance1	prep1	1	14Man1020Ch01A_durance1	ERR17752107	ERX17142650	14Man1020Ch01A_S22_L001_R1_001.fastq.gz	9ff11e08374f1d510f27734ed692668e	14Man1020Ch01A_S22_L001_R2_001.fastq.gz	15d80df457ce00b2915ae264cfb59cd8	14Man1020Ch01A	biological	fish metagenome	Man	caudal fin [UBERON:4000164]	2014
PRJEB124417	DURANCE16S_RUN_14Man1020Ch01A_durance2	DURANCE16S_EXP_14Man1020Ch01A_durance2	DURANCE16S_14Man1020Ch01A	durance2	prep2	1	14Man1020Ch01A_durance2	ERR17752106	ERX17142649	14Man1020Ch01A_S22_L001_R1_001.fastq.gz	c909c83740dd05057068a955d67dbae5	14Man1020Ch01A_S22_L001_R2_001.fastq.gz	02dec914f539881f20cf7627283e8a34	14Man1020Ch01A	biological	fish metagenome	Man	caudal fin [UBERON:4000164]	2014
PRJEB124417	DURANCE16S_RUN_14Man1020Ch01A_durance3	DURANCE16S_EXP_14Man1020Ch01A_durance3	DURANCE16S_14Man1020Ch01A	durance3	prep2	2	14Man1020Ch01A_durance3	ERR17752108	ERX17142651	14Man1020Ch01A_S22_L001_R1_001.fastq.gz	15ba3ce85e5ad2430f6b04796cdf88a5	14Man1020Ch01A_S22_L001_R2_001.fastq.gz	ded2503506de7fa2dfae510c26dfcaa3	14Man1020Ch01A	biological	fish metagenome	Man	caudal fin [UBERON:4000164]	2014
PRJEB124417	DURANCE16S_RUN_14Man1020Ch02A_durance1	DURANCE16S_EXP_14Man1020Ch02A_durance1	DURANCE16S_14Man1020Ch02A	durance1	prep1	1	14Man1020Ch02A_durance1	ERR17752110	ERX17142653	14Man1020Ch02A_S586_L001_R1_001.fastq.gz	ed7ff9a985b3822a4b5decc2c0b0fa18	14Man1020Ch02A_S586_L001_R2_001.fastq.gz	f2119c6a65c46052014f24cd5eb20ccb	14Man1020Ch02A	biological	fish gut metagenome	Man	midgut [UBERON:0001045]	2014
PRJEB124417	DURANCE16S_RUN_14Man1020Ch02A_durance2	DURANCE16S_EXP_14Man1020Ch02A_durance2	DURANCE16S_14Man1020Ch02A	durance2	prep2	1	14Man1020Ch02A_durance2	ERR17752109	ERX17142652	14Man1020Ch02A_S586_L001_R1_001.fastq.gz	19dc1b44ab64a1e7ff56704df83a8a32	14Man1020Ch02A_S586_L001_R2_001.fastq.gz	8666e94a829ac05c3dbac8156f9e0b9d	14Man1020Ch02A	biological	fish gut metagenome	Man	midgut [UBERON:0001045]	2014
PRJEB124417	DURANCE16S_RUN_14Man1020Ch02A_durance3	DURANCE16S_EXP_14Man1020Ch02A_durance3	DURANCE16S_14Man1020Ch02A	durance3	prep2	2	14Man1020Ch02A_durance3	ERR17752111	ERX17142654	14Man1020Ch02A_S586_L001_R1_001.fastq.gz	a31172a6bbb2d8b5366af7574c9a2847	14Man1020Ch02A_S586_L001_R2_001.fastq.gz	37c15fcce5b787781682913a05bfdfbe	14Man1020Ch02A	biological	fish gut metagenome	Man	midgut [UBERON:0001045]	2014
PRJEB124417	DURANCE16S_RUN_14Man1020Ch03A_durance1	DURANCE16S_EXP_14Man1020Ch03A_durance1	DURANCE16S_14Man1020Ch03A	durance1	prep1	1	14Man1020Ch03A_durance1	ERR17752112	ERX17142655	14Man1020Ch03A_S406_L001_R1_001.fastq.gz	bf44687bff1cc840b6146fdb9d018a1e	14Man1020Ch03A_S406_L001_R2_001.fastq.gz	fa333a7b24c39d562cccaeb6f8e15e3c	14Man1020Ch03A	biological	fish gut metagenome	Man	hindgut [UBERON:0001046]	2014
PRJEB124417	DURANCE16S_RUN_14Man1020Ch03A_durance2	DURANCE16S_EXP_14Man1020Ch03A_durance2	DURANCE16S_14Man1020Ch03A	durance2	prep2	1	14Man1020Ch03A_durance2	ERR17752113	ERX17142656	14Man1020Ch03A_S406_L001_R1_001.fastq.gz	9a2ed3a06a9641c4c56fead6b58a61ff	14Man1020Ch03A_S406_L001_R2_001.fastq.gz	e75c91f55b0fa1d26c0164ece111ee39	14Man1020Ch03A	biological	fish gut metagenome	Man	hindgut [UBERON:0001046]	2014
PRJEB124417	DURANCE16S_RUN_14Man1020Ch03A_durance3	DURANCE16S_EXP_14Man1020Ch03A_durance3	DURANCE16S_14Man1020Ch03A	durance3	prep2	2	14Man1020Ch03A_durance3	ERR17752115	ERX17142658	14Man1020Ch03A_S406_L001_R1_001.fastq.gz	a1a7f1b8c6b59879b724f4438553ac02	14Man1020Ch03A_S406_L001_R2_001.fastq.gz	ff6289970b0add353e211d986e0b1b0f	14Man1020Ch03A	biological	fish gut metagenome	Man	hindgut [UBERON:0001046]	2014
PRJEB124417	DURANCE16S_RUN_14Man1020Ch05A_durance1	DURANCE16S_EXP_14Man1020Ch05A_durance1	DURANCE16S_14Man1020Ch05A	durance1	prep1	1	14Man1020Ch05A_durance1	ERR17752114	ERX17142657	14Man1020Ch05A_S214_L001_R1_001.fastq.gz	a99c3b8ff3644a4c5db934efef71b6ef	14Man1020Ch05A_S214_L001_R2_001.fastq.gz	eb10a600b27ee74359a91ce56a62bf35	14Man1020Ch05A	biological	gill metagenome	Man	gill [UBERON:0002535]	2014
PRJEB124417	DURANCE16S_RUN_14Man1020Ch05A_durance2	DURANCE16S_EXP_14Man1020Ch05A_durance2	DURANCE16S_14Man1020Ch05A	durance2	prep2	1	14Man1020Ch05A_durance2	ERR17752116	ERX17142659	14Man1020Ch05A_S214_L001_R1_001.fastq.gz	8caf000e20350a4ea08d46f566b17edf	14Man1020Ch05A_S214_L001_R2_001.fastq.gz	eb82ef6d683ab52820bff3c7911b61e0	14Man1020Ch05A	biological	gill metagenome	Man	gill [UBERON:0002535]	2014
PRJEB124417	DURANCE16S_RUN_14Man1020Ch05A_durance3	DURANCE16S_EXP_14Man1020Ch05A_durance3	DURANCE16S_14Man1020Ch05A	durance3	prep2	2	14Man1020Ch05A_durance3	ERR17752120	ERX17142663	14Man1020Ch05A_S214_L001_R1_001.fastq.gz	00916fe6bbdf1cae0a2ec596e5ea6d1a	14Man1020Ch05A_S214_L001_R2_001.fastq.gz	36d47d2a00a650980e49368ca1c2c1be	14Man1020Ch05A	biological	gill metagenome	Man	gill [UBERON:0002535]	2014
PRJEB124417	DURANCE16S_RUN_14Man1021Ch01A_durance1	DURANCE16S_EXP_14Man1021Ch01A_durance1	DURANCE16S_14Man1021Ch01A	durance1	prep1	1	14Man1021Ch01A_durance1	ERR17752117	ERX17142660	14Man1021Ch01A_S34_L001_R1_001.fastq.gz	c6a59f6bd3959247c55eb64f7a5d048c	14Man1021Ch01A_S34_L001_R2_001.fastq.gz	0aad30826a04e3715dc096c12af76434	14Man1021Ch01A	biological	fish metagenome	Man	caudal fin [UBERON:4000164]	2014
PRJEB124417	DURANCE16S_RUN_14Man1021Ch01A_durance2	DURANCE16S_EXP_14Man1021Ch01A_durance2	DURANCE16S_14Man1021Ch01A	durance2	prep2	1	14Man1021Ch01A_durance2	ERR17752118	ERX17142661	14Man1021Ch01A_S34_L001_R1_001.fastq.gz	32e78c0d5ed55248a585a99c00fc5354	14Man1021Ch01A_S34_L001_R2_001.fastq.gz	60c5f4597eb9e9823ae8cd49e8ca20b1	14Man1021Ch01A	biological	fish metagenome	Man	caudal fin [UBERON:4000164]	2014
PRJEB124417	DURANCE16S_RUN_14Man1021Ch01A_durance3	DURANCE16S_EXP_14Man1021Ch01A_durance3	DURANCE16S_14Man1021Ch01A	durance3	prep2	2	14Man1021Ch01A_durance3	ERR17752119	ERX17142662	14Man1021Ch01A_S34_L001_R1_001.fastq.gz	5e757afde6a251543e62c576e23b9c79	14Man1021Ch01A_S34_L001_R2_001.fastq.gz	624ea09ec2cbadeaae86a2e58d3add01	14Man1021Ch01A	biological	fish metagenome	Man	caudal fin [UBERON:4000164]	2014
PRJEB124417	DURANCE16S_RUN_14Man1021Ch02A_durance1	DURANCE16S_EXP_14Man1021Ch02A_durance1	DURANCE16S_14Man1021Ch02A	durance1	prep1	1	14Man1021Ch02A_durance1	ERR17752121	ERX17142664	14Man1021Ch02A_S598_L001_R1_001.fastq.gz	ded0642896ba2fdd52ade0aaefc46267	14Man1021Ch02A_S598_L001_R2_001.fastq.gz	b7f8a9c8f3bc6d5da6cfd6acdc03817d	14Man1021Ch02A	biological	fish gut metagenome	Man	midgut [UBERON:0001045]	2014
PRJEB124417	DURANCE16S_RUN_14Man1021Ch02A_durance2	DURANCE16S_EXP_14Man1021Ch02A_durance2	DURANCE16S_14Man1021Ch02A	durance2	prep2	1	14Man1021Ch02A_durance2	ERR17752122	ERX17142665	14Man1021Ch02A_S598_L001_R1_001.fastq.gz	28f3ea025aa2325760ebd50bbef3a95a	14Man1021Ch02A_S598_L001_R2_001.fastq.gz	ce840a9a29bf8225e3110ae0d99c8c97	14Man1021Ch02A	biological	fish gut metagenome	Man	midgut [UBERON:0001045]	2014
PRJEB124417	DURANCE16S_RUN_14Man1021Ch02A_durance3	DURANCE16S_EXP_14Man1021Ch02A_durance3	DURANCE16S_14Man1021Ch02A	durance3	prep2	2	14Man1021Ch02A_durance3	ERR17752123	ERX17142666	14Man1021Ch02A_S598_L001_R1_001.fastq.gz	07930e1fead22f54f93d081581f55a16	14Man1021Ch02A_S598_L001_R2_001.fastq.gz	0f7e4d09fdb29b5a91d3c1b6c4946795	14Man1021Ch02A	biological	fish gut metagenome	Man	midgut [UBERON:0001045]	2014
PRJEB124417	DURANCE16S_RUN_14Man1021Ch03A_durance1	DURANCE16S_EXP_14Man1021Ch03A_durance1	DURANCE16S_14Man1021Ch03A	durance1	prep1	1	14Man1021Ch03A_durance1	ERR17752125	ERX17142668	14Man1021Ch03A_S418_L001_R1_001.fastq.gz	6ee42ec424cc362456ff9de33d629813	14Man1021Ch03A_S418_L001_R2_001.fastq.gz	69969bf243c4d7a456b59ade4c45131d	14Man1021Ch03A	biological	fish gut metagenome	Man	hindgut [UBERON:0001046]	2014
PRJEB124417	DURANCE16S_RUN_14Man1021Ch03A_durance2	DURANCE16S_EXP_14Man1021Ch03A_durance2	DURANCE16S_14Man1021Ch03A	durance2	prep2	1	14Man1021Ch03A_durance2	ERR17752124	ERX17142667	14Man1021Ch03A_S418_L001_R1_001.fastq.gz	b6733b647075050836dbc39bff9ba744	14Man1021Ch03A_S418_L001_R2_001.fastq.gz	b7fa2683d5d299bf9b2a6e9128c39dc1	14Man1021Ch03A	biological	fish gut metagenome	Man	hindgut [UBERON:0001046]	2014
PRJEB124417	DURANCE16S_RUN_14Man1021Ch03A_durance3	DURANCE16S_EXP_14Man1021Ch03A_durance3	DURANCE16S_14Man1021Ch03A	durance3	prep2	2	14Man1021Ch03A_durance3	ERR17752128	ERX17142671	14Man1021Ch03A_S418_L001_R1_001.fastq.gz	8ea409743fe159b0ca7b5bf8230ffb46	14Man1021Ch03A_S418_L001_R2_001.fastq.gz	59fbae12e080c7ce9fe971dbf29d87e9	14Man1021Ch03A	biological	fish gut metagenome	Man	hindgut [UBERON:0001046]	2014
PRJEB124417	DURANCE16S_RUN_14Man1021Ch05A_durance1	DURANCE16S_EXP_14Man1021Ch05A_durance1	DURANCE16S_14Man1021Ch05A	durance1	prep1	1	14Man1021Ch05A_durance1	ERR17752126	ERX17142669	14Man1021Ch05A_S226_L001_R1_001.fastq.gz	394b8cd894a968bc979cc001ce50d922	14Man1021Ch05A_S226_L001_R2_001.fastq.gz	ff2af65e6c1a573a974e42925317e1c5	14Man1021Ch05A	biological	gill metagenome	Man	gill [UBERON:0002535]	2014
PRJEB124417	DURANCE16S_RUN_14Man1021Ch05A_durance2	DURANCE16S_EXP_14Man1021Ch05A_durance2	DURANCE16S_14Man1021Ch05A	durance2	prep2	1	14Man1021Ch05A_durance2	ERR17752127	ERX17142670	14Man1021Ch05A_S226_L001_R1_001.fastq.gz	9e9d8496fe5d8cbbcc4bf624a1dfa2c3	14Man1021Ch05A_S226_L001_R2_001.fastq.gz	a638fac3eff4b1ffc3bbf4aec732fa6c	14Man1021Ch05A	biological	gill metagenome	Man	gill [UBERON:0002535]	2014
PRJEB124417	DURANCE16S_RUN_14Man1021Ch05A_durance3	DURANCE16S_EXP_14Man1021Ch05A_durance3	DURANCE16S_14Man1021Ch05A	durance3	prep2	2	14Man1021Ch05A_durance3	ERR17752129	ERX17142672	14Man1021Ch05A_S226_L001_R1_001.fastq.gz	147aed9d84b65900510492089b954ddf	14Man1021Ch05A_S226_L001_R2_001.fastq.gz	48ca47c54d01049ad5f4b66d47ce9db8	14Man1021Ch05A	biological	gill metagenome	Man	gill [UBERON:0002535]	2014
PRJEB124417	DURANCE16S_RUN_14Man1022Ch01A_durance1	DURANCE16S_EXP_14Man1022Ch01A_durance1	DURANCE16S_14Man1022Ch01A	durance1	prep1	1	14Man1022Ch01A_durance1	ERR17752131	ERX17142674	14Man1022Ch01A_S46_L001_R1_001.fastq.gz	12d72240d0b0b5d5ff749f314301b150	14Man1022Ch01A_S46_L001_R2_001.fastq.gz	0f202ef5a944bc758fb90187d521b917	14Man1022Ch01A	biological	fish metagenome	Man	caudal fin [UBERON:4000164]	2014
PRJEB124417	DURANCE16S_RUN_14Man1022Ch01A_durance2	DURANCE16S_EXP_14Man1022Ch01A_durance2	DURANCE16S_14Man1022Ch01A	durance2	prep2	1	14Man1022Ch01A_durance2	ERR17752132	ERX17142675	14Man1022Ch01A_S46_L001_R1_001.fastq.gz	ad825492737fd48861d1d3ccf9e66315	14Man1022Ch01A_S46_L001_R2_001.fastq.gz	ec75e2beea6bc203ce4e1f31af720380	14Man1022Ch01A	biological	fish metagenome	Man	caudal fin [UBERON:4000164]	2014
PRJEB124417	DURANCE16S_RUN_14Man1022Ch01A_durance3	DURANCE16S_EXP_14Man1022Ch01A_durance3	DURANCE16S_14Man1022Ch01A	durance3	prep2	2	14Man1022Ch01A_durance3	ERR17752133	ERX17142676	14Man1022Ch01A_S46_L001_R1_001.fastq.gz	ddeb8ff75183f01825e920618d20958c	14Man1022Ch01A_S46_L001_R2_001.fastq.gz	ad7a3be6e4daf08a79ffc7dc4b9fe0e2	14Man1022Ch01A	biological	fish metagenome	Man	caudal fin [UBERON:4000164]	2014
PRJEB124417	DURANCE16S_RUN_14Man1022Ch02A_durance1	DURANCE16S_EXP_14Man1022Ch02A_durance1	DURANCE16S_14Man1022Ch02A	durance1	prep1	1	14Man1022Ch02A_durance1	ERR17752134	ERX17142677	14Man1022Ch02A_S610_L001_R1_001.fastq.gz	a622cf38bff67630229207f11e2c3fc7	14Man1022Ch02A_S610_L001_R2_001.fastq.gz	37d91d3774620abafcdbefecd97d28ba	14Man1022Ch02A	biological	fish gut metagenome	Man	midgut [UBERON:0001045]	2014
PRJEB124417	DURANCE16S_RUN_14Man1022Ch02A_durance2	DURANCE16S_EXP_14Man1022Ch02A_durance2	DURANCE16S_14Man1022Ch02A	durance2	prep2	1	14Man1022Ch02A_durance2	ERR17752135	ERX17142678	14Man1022Ch02A_S610_L001_R1_001.fastq.gz	4f345bf6639ace55c3d28d5c34837a4b	14Man1022Ch02A_S610_L001_R2_001.fastq.gz	383ebc97c04ddec8bda313a99bc90a87	14Man1022Ch02A	biological	fish gut metagenome	Man	midgut [UBERON:0001045]	2014
PRJEB124417	DURANCE16S_RUN_14Man1022Ch02A_durance3	DURANCE16S_EXP_14Man1022Ch02A_durance3	DURANCE16S_14Man1022Ch02A	durance3	prep2	2	14Man1022Ch02A_durance3	ERR17752137	ERX17142680	14Man1022Ch02A_S610_L001_R1_001.fastq.gz	e0573c3920077c7fb39ee1417b89111f	14Man1022Ch02A_S610_L001_R2_001.fastq.gz	7fe5469124f56185e25d2bff2ad54fd4	14Man1022Ch02A	biological	fish gut metagenome	Man	midgut [UBERON:0001045]	2014
PRJEB124417	DURANCE16S_RUN_14Man1022Ch03A_durance1	DURANCE16S_EXP_14Man1022Ch03A_durance1	DURANCE16S_14Man1022Ch03A	durance1	prep1	1	14Man1022Ch03A_durance1	ERR17752136	ERX17142679	14Man1022Ch03A_S430_L001_R1_001.fastq.gz	c4be88d8a967e0827e7fd651d1fe1aec	14Man1022Ch03A_S430_L001_R2_001.fastq.gz	b43050dd55827e13841ed3f551ae9c37	14Man1022Ch03A	biological	fish gut metagenome	Man	hindgut [UBERON:0001046]	2014
PRJEB124417	DURANCE16S_RUN_14Man1022Ch03A_durance2	DURANCE16S_EXP_14Man1022Ch03A_durance2	DURANCE16S_14Man1022Ch03A	durance2	prep2	1	14Man1022Ch03A_durance2	ERR17752138	ERX17142681	14Man1022Ch03A_S430_L001_R1_001.fastq.gz	9a3e98889b2d635cfcec8ae6762a690e	14Man1022Ch03A_S430_L001_R2_001.fastq.gz	0b3fb5486c691b13f07bf56d17677dff	14Man1022Ch03A	biological	fish gut metagenome	Man	hindgut [UBERON:0001046]	2014
PRJEB124417	DURANCE16S_RUN_14Man1022Ch03A_durance3	DURANCE16S_EXP_14Man1022Ch03A_durance3	DURANCE16S_14Man1022Ch03A	durance3	prep2	2	14Man1022Ch03A_durance3	ERR17752141	ERX17142684	14Man1022Ch03A_S430_L001_R1_001.fastq.gz	bc7631f32b591d4a8300bf07eecbb0e9	14Man1022Ch03A_S430_L001_R2_001.fastq.gz	301f1efdc2fe490e5d4ceceaa4554214	14Man1022Ch03A	biological	fish gut metagenome	Man	hindgut [UBERON:0001046]	2014
PRJEB124417	DURANCE16S_RUN_14Man1022Ch05A_durance1	DURANCE16S_EXP_14Man1022Ch05A_durance1	DURANCE16S_14Man1022Ch05A	durance1	prep1	1	14Man1022Ch05A_durance1	ERR17752139	ERX17142682	14Man1022Ch05A_S238_L001_R1_001.fastq.gz	38af81a6a2790acbcf790ff1b631f73d	14Man1022Ch05A_S238_L001_R2_001.fastq.gz	81523746e1bec8df814915393696e71e	14Man1022Ch05A	biological	gill metagenome	Man	gill [UBERON:0002535]	2014
PRJEB124417	DURANCE16S_RUN_14Man1022Ch05A_durance2	DURANCE16S_EXP_14Man1022Ch05A_durance2	DURANCE16S_14Man1022Ch05A	durance2	prep2	1	14Man1022Ch05A_durance2	ERR17752140	ERX17142683	14Man1022Ch05A_S238_L001_R1_001.fastq.gz	ffcd4d11ec6b355ab0a9427482ac24e7	14Man1022Ch05A_S238_L001_R2_001.fastq.gz	ff3eea29d8e34b52dc6ac36f4252fce4	14Man1022Ch05A	biological	gill metagenome	Man	gill [UBERON:0002535]	2014
PRJEB124417	DURANCE16S_RUN_14Man1022Ch05A_durance3	DURANCE16S_EXP_14Man1022Ch05A_durance3	DURANCE16S_14Man1022Ch05A	durance3	prep2	2	14Man1022Ch05A_durance3	ERR17752142	ERX17142685	14Man1022Ch05A_S238_L001_R1_001.fastq.gz	0fab1dc05dc3914f7d3e8f3453e7d352	14Man1022Ch05A_S238_L001_R2_001.fastq.gz	786a651ecfd999d0e6ac1d4bcc1a651d	14Man1022Ch05A	biological	gill metagenome	Man	gill [UBERON:0002535]	2014
PRJEB124417	DURANCE16S_RUN_14Per1011Ch01A_durance1	DURANCE16S_EXP_14Per1011Ch01A_durance1	DURANCE16S_14Per1011Ch01A	durance1	prep1	1	14Per1011Ch01A_durance1	ERR17752144	ERX17142687	14Per1011Ch01A_S58_L001_R1_001.fastq.gz	c15600469edd8367c32f63942ecf9b5f	14Per1011Ch01A_S58_L001_R2_001.fastq.gz	91a6dd2963deee3b2958e9a0cff0feb9	14Per1011Ch01A	biological	fish metagenome	Per	caudal fin [UBERON:4000164]	2014
PRJEB124417	DURANCE16S_RUN_14Per1011Ch01A_durance2	DURANCE16S_EXP_14Per1011Ch01A_durance2	DURANCE16S_14Per1011Ch01A	durance2	prep2	1	14Per1011Ch01A_durance2	ERR17752143	ERX17142686	14Per1011Ch01A_S58_L001_R1_001.fastq.gz	fcab04c7bb30208e5477704938275451	14Per1011Ch01A_S58_L001_R2_001.fastq.gz	b7434200d9833e9a2157a05888db1ec2	14Per1011Ch01A	biological	fish metagenome	Per	caudal fin [UBERON:4000164]	2014
PRJEB124417	DURANCE16S_RUN_14Per1011Ch01A_durance3	DURANCE16S_EXP_14Per1011Ch01A_durance3	DURANCE16S_14Per1011Ch01A	durance3	prep2	2	14Per1011Ch01A_durance3	ERR17752145	ERX17142688	14Per1011Ch01A_S58_L001_R1_001.fastq.gz	3547795ceff66afaca31413e7c7b714d	14Per1011Ch01A_S58_L001_R2_001.fastq.gz	7edb21e3743793d3604862c4d497f3d0	14Per1011Ch01A	biological	fish metagenome	Per	caudal fin [UBERON:4000164]	2014
PRJEB124417	DURANCE16S_RUN_14Per1011Ch03A_durance1	DURANCE16S_EXP_14Per1011Ch03A_durance1	DURANCE16S_14Per1011Ch03A	durance1	prep1	1	14Per1011Ch03A_durance1	ERR17752148	ERX17142691	14Per1011Ch03A_S442_L001_R1_001.fastq.gz	21abb29aa3569b90b7e34e1a56134b3c	14Per1011Ch03A_S442_L001_R2_001.fastq.gz	894b9e080233ca08af238648aca131bc	14Per1011Ch03A	biological	fish gut metagenome	Per	hindgut [UBERON:0001046]	2014
PRJEB124417	DURANCE16S_RUN_14Per1011Ch03A_durance2	DURANCE16S_EXP_14Per1011Ch03A_durance2	DURANCE16S_14Per1011Ch03A	durance2	prep2	1	14Per1011Ch03A_durance2	ERR17752151	ERX17142694	14Per1011Ch03A_S442_L001_R1_001.fastq.gz	8fb31dfa2af4ba9551a4639bc1a7e92a	14Per1011Ch03A_S442_L001_R2_001.fastq.gz	ecb20127ee724620f820e685f5c0f16e	14Per1011Ch03A	biological	fish gut metagenome	Per	hindgut [UBERON:0001046]	2014
PRJEB124417	DURANCE16S_RUN_14Per1011Ch03A_durance3	DURANCE16S_EXP_14Per1011Ch03A_durance3	DURANCE16S_14Per1011Ch03A	durance3	prep2	2	14Per1011Ch03A_durance3	ERR17752152	ERX17142695	14Per1011Ch03A_S442_L001_R1_001.fastq.gz	701b94743e809d2cf221d5ebb41e38fe	14Per1011Ch03A_S442_L001_R2_001.fastq.gz	c3580477769f635fabcf8212eea2fb04	14Per1011Ch03A	biological	fish gut metagenome	Per	hindgut [UBERON:0001046]	2014
PRJEB124417	DURANCE16S_RUN_14Per1011Ch05A_durance1	DURANCE16S_EXP_14Per1011Ch05A_durance1	DURANCE16S_14Per1011Ch05A	durance1	prep1	1	14Per1011Ch05A_durance1	ERR17752153	ERX17142696	14Per1011Ch05A_S250_L001_R1_001.fastq.gz	ad0208478b02118e3ad49d582636b9a2	14Per1011Ch05A_S250_L001_R2_001.fastq.gz	b36809d94a5fcc836860233732ef143e	14Per1011Ch05A	biological	gill metagenome	Per	gill [UBERON:0002535]	2014
PRJEB124417	DURANCE16S_RUN_14Per1011Ch05A_durance2	DURANCE16S_EXP_14Per1011Ch05A_durance2	DURANCE16S_14Per1011Ch05A	durance2	prep2	1	14Per1011Ch05A_durance2	ERR17752154	ERX17142697	14Per1011Ch05A_S250_L001_R1_001.fastq.gz	2f817a3fb697899984dc1cd39f0c41ad	14Per1011Ch05A_S250_L001_R2_001.fastq.gz	50563b68eb92f6d342b958fb7dacb0a8	14Per1011Ch05A	biological	gill metagenome	Per	gill [UBERON:0002535]	2014
PRJEB124417	DURANCE16S_RUN_14Per1011Ch05A_durance3	DURANCE16S_EXP_14Per1011Ch05A_durance3	DURANCE16S_14Per1011Ch05A	durance3	prep2	2	14Per1011Ch05A_durance3	ERR17752157	ERX17142700	14Per1011Ch05A_S250_L001_R1_001.fastq.gz	61329fdfa3d6789e8c7bf6163a82c686	14Per1011Ch05A_S250_L001_R2_001.fastq.gz	7f71634069ca10d98a670f1a76620c3d	14Per1011Ch05A	biological	gill metagenome	Per	gill [UBERON:0002535]	2014
PRJEB124417	DURANCE16S_RUN_14Per1012Ch02A_durance1	DURANCE16S_EXP_14Per1012Ch02A_durance1	DURANCE16S_14Per1012Ch02A	durance1	prep1	1	14Per1012Ch02A_durance1	ERR17752159	ERX17142702	14Per1012Ch02A_S634_L001_R1_001.fastq.gz	7717723e74a647a597e6c61c7a67eecb	14Per1012Ch02A_S634_L001_R2_001.fastq.gz	7b7cfbf8e4b5443b60e7fb33ecbd2d06	14Per1012Ch02A	biological	fish gut metagenome	Per	midgut [UBERON:0001045]	2014
PRJEB124417	DURANCE16S_RUN_14Per1012Ch02A_durance2	DURANCE16S_EXP_14Per1012Ch02A_durance2	DURANCE16S_14Per1012Ch02A	durance2	prep2	1	14Per1012Ch02A_durance2	ERR17752160	ERX17142703	14Per1012Ch02A_S634_L001_R1_001.fastq.gz	afedf2fc28e0cb1548f7b6550ab51cd4	14Per1012Ch02A_S634_L001_R2_001.fastq.gz	b15e07b5fa955a4ba57a17e031adf68a	14Per1012Ch02A	biological	fish gut metagenome	Per	midgut [UBERON:0001045]	2014
PRJEB124417	DURANCE16S_RUN_14Per1012Ch02A_durance3	DURANCE16S_EXP_14Per1012Ch02A_durance3	DURANCE16S_14Per1012Ch02A	durance3	prep2	2	14Per1012Ch02A_durance3	ERR17752163	ERX17142706	14Per1012Ch02A_S634_L001_R1_001.fastq.gz	8fbf12dc60265696f5e2db898f528bbe	14Per1012Ch02A_S634_L001_R2_001.fastq.gz	01d1db5261b68297a8c64e4edd514fa9	14Per1012Ch02A	biological	fish gut metagenome	Per	midgut [UBERON:0001045]	2014
PRJEB124417	DURANCE16S_RUN_14Per1012Ch03A_durance1	DURANCE16S_EXP_14Per1012Ch03A_durance1	DURANCE16S_14Per1012Ch03A	durance1	prep1	1	14Per1012Ch03A_durance1	ERR17752162	ERX17142705	14Per1012Ch03A_S454_L001_R1_001.fastq.gz	d1b4b2b1b6b4e34768fe394c15233239	14Per1012Ch03A_S454_L001_R2_001.fastq.gz	87f25375191058d9e8a320b2be72698e	14Per1012Ch03A	biological	fish gut metagenome	Per	hindgut [UBERON:0001046]	2014
PRJEB124417	DURANCE16S_RUN_14Per1012Ch03A_durance2	DURANCE16S_EXP_14Per1012Ch03A_durance2	DURANCE16S_14Per1012Ch03A	durance2	prep2	1	14Per1012Ch03A_durance2	ERR17752161	ERX17142704	14Per1012Ch03A_S454_L001_R1_001.fastq.gz	b15054d4306fd8ecdc877613c7aa7618	14Per1012Ch03A_S454_L001_R2_001.fastq.gz	c1dca76549db6a8a53a07288c3a70d9e	14Per1012Ch03A	biological	fish gut metagenome	Per	hindgut [UBERON:0001046]	2014
PRJEB124417	DURANCE16S_RUN_14Per1012Ch03A_durance3	DURANCE16S_EXP_14Per1012Ch03A_durance3	DURANCE16S_14Per1012Ch03A	durance3	prep2	2	14Per1012Ch03A_durance3	ERR17752164	ERX17142707	14Per1012Ch03A_S454_L001_R1_001.fastq.gz	e86194258539d41f24611debd8a909ce	14Per1012Ch03A_S454_L001_R2_001.fastq.gz	72d63c02e43202842400403f76042803	14Per1012Ch03A	biological	fish gut metagenome	Per	hindgut [UBERON:0001046]	2014
PRJEB124417	DURANCE16S_RUN_14Per1012Ch05A_durance1	DURANCE16S_EXP_14Per1012Ch05A_durance1	DURANCE16S_14Per1012Ch05A	durance1	prep1	1	14Per1012Ch05A_durance1	ERR17752165	ERX17142708	14Per1012Ch05A_S262_L001_R1_001.fastq.gz	64386ac8659699ad567fb8126c88a920	14Per1012Ch05A_S262_L001_R2_001.fastq.gz	69e3a4cfc076b097feb4efe3766f728b	14Per1012Ch05A	biological	gill metagenome	Per	gill [UBERON:0002535]	2014
PRJEB124417	DURANCE16S_RUN_14Per1012Ch05A_durance2	DURANCE16S_EXP_14Per1012Ch05A_durance2	DURANCE16S_14Per1012Ch05A	durance2	prep2	1	14Per1012Ch05A_durance2	ERR17752166	ERX17142709	14Per1012Ch05A_S262_L001_R1_001.fastq.gz	057785db00f22a248a9d9dc1b7cac01d	14Per1012Ch05A_S262_L001_R2_001.fastq.gz	790c5d66b778673ea57e07fa70251330	14Per1012Ch05A	biological	gill metagenome	Per	gill [UBERON:0002535]	2014
PRJEB124417	DURANCE16S_RUN_14Per1012Ch05A_durance3	DURANCE16S_EXP_14Per1012Ch05A_durance3	DURANCE16S_14Per1012Ch05A	durance3	prep2	2	14Per1012Ch05A_durance3	ERR17752169	ERX17142712	14Per1012Ch05A_S262_L001_R1_001.fastq.gz	507521f72fc6cb8ca2714573772825e0	14Per1012Ch05A_S262_L001_R2_001.fastq.gz	aa9a4186c80d68d6633cea99df7b39f7	14Per1012Ch05A	biological	gill metagenome	Per	gill [UBERON:0002535]	2014
PRJEB124417	DURANCE16S_RUN_14Per1013Ch02A_durance1	DURANCE16S_EXP_14Per1013Ch02A_durance1	DURANCE16S_14Per1013Ch02A	durance1	prep1	1	14Per1013Ch02A_durance1	ERR17752167	ERX17142710	14Per1013Ch02A_S646_L001_R1_001.fastq.gz	184d3785ca432a2747f27ca294abc140	14Per1013Ch02A_S646_L001_R2_001.fastq.gz	a6af8ce37761a664a28b7252f6c083c2	14Per1013Ch02A	biological	fish gut metagenome	Per	midgut [UBERON:0001045]	2014
PRJEB124417	DURANCE16S_RUN_14Per1013Ch02A_durance2	DURANCE16S_EXP_14Per1013Ch02A_durance2	DURANCE16S_14Per1013Ch02A	durance2	prep2	1	14Per1013Ch02A_durance2	ERR17752172	ERX17142715	14Per1013Ch02A_S646_L001_R1_001.fastq.gz	853d2870a34384fcebf87b6d4981e967	14Per1013Ch02A_S646_L001_R2_001.fastq.gz	933b1592b6092cb7a17d9cfbb9849aad	14Per1013Ch02A	biological	fish gut metagenome	Per	midgut [UBERON:0001045]	2014
PRJEB124417	DURANCE16S_RUN_14Per1013Ch02A_durance3	DURANCE16S_EXP_14Per1013Ch02A_durance3	DURANCE16S_14Per1013Ch02A	durance3	prep2	2	14Per1013Ch02A_durance3	ERR17752173	ERX17142716	14Per1013Ch02A_S646_L001_R1_001.fastq.gz	ac25010e5b7e151229814b40d4e162d0	14Per1013Ch02A_S646_L001_R2_001.fastq.gz	7e495eb31dd755984b1350717472bee3	14Per1013Ch02A	biological	fish gut metagenome	Per	midgut [UBERON:0001045]	2014
PRJEB124417	DURANCE16S_RUN_14Per1013Ch03A_durance1	DURANCE16S_EXP_14Per1013Ch03A_durance1	DURANCE16S_14Per1013Ch03A	durance1	prep1	1	14Per1013Ch03A_durance1	ERR17752175	ERX17142718	14Per1013Ch03A_S466_L001_R1_001.fastq.gz	b1ef64ff5f4fcb2e1bf6d7c6966ebd9a	14Per1013Ch03A_S466_L001_R2_001.fastq.gz	3417ed9bf9a7d84ec953ac3bee75ba65	14Per1013Ch03A	biological	fish gut metagenome	Per	hindgut [UBERON:0001046]	2014
PRJEB124417	DURANCE16S_RUN_14Per1013Ch03A_durance2	DURANCE16S_EXP_14Per1013Ch03A_durance2	DURANCE16S_14Per1013Ch03A	durance2	prep2	1	14Per1013Ch03A_durance2	ERR17752177	ERX17142720	14Per1013Ch03A_S466_L001_R1_001.fastq.gz	d913885f81a42e308a7be73b294ab851	14Per1013Ch03A_S466_L001_R2_001.fastq.gz	f380b9e94a812ad07f31e16df2212c49	14Per1013Ch03A	biological	fish gut metagenome	Per	hindgut [UBERON:0001046]	2014
PRJEB124417	DURANCE16S_RUN_14Per1013Ch03A_durance3	DURANCE16S_EXP_14Per1013Ch03A_durance3	DURANCE16S_14Per1013Ch03A	durance3	prep2	2	14Per1013Ch03A_durance3	ERR17752176	ERX17142719	14Per1013Ch03A_S466_L001_R1_001.fastq.gz	9597b4423c2b48a246869494901895ec	14Per1013Ch03A_S466_L001_R2_001.fastq.gz	c757aafd09e8995ac8860b2fb52bd96e	14Per1013Ch03A	biological	fish gut metagenome	Per	hindgut [UBERON:0001046]	2014
PRJEB124417	DURANCE16S_RUN_14Per1013Ch05A_durance1	DURANCE16S_EXP_14Per1013Ch05A_durance1	DURANCE16S_14Per1013Ch05A	durance1	prep1	1	14Per1013Ch05A_durance1	ERR17752178	ERX17142721	14Per1013Ch05A_S274_L001_R1_001.fastq.gz	fcf263a3d7342eef02d939f477e3fc60	14Per1013Ch05A_S274_L001_R2_001.fastq.gz	befc6fd1f5eb9ef9081154d4814b7516	14Per1013Ch05A	biological	gill metagenome	Per	gill [UBERON:0002535]	2014
PRJEB124417	DURANCE16S_RUN_14Per1013Ch05A_durance2	DURANCE16S_EXP_14Per1013Ch05A_durance2	DURANCE16S_14Per1013Ch05A	durance2	prep2	1	14Per1013Ch05A_durance2	ERR17752179	ERX17142722	14Per1013Ch05A_S274_L001_R1_001.fastq.gz	80521cd67e5cb601091044baa90de18a	14Per1013Ch05A_S274_L001_R2_001.fastq.gz	e34cd50956c246da9823bf055bb90000	14Per1013Ch05A	biological	gill metagenome	Per	gill [UBERON:0002535]	2014
PRJEB124417	DURANCE16S_RUN_14Per1013Ch05A_durance3	DURANCE16S_EXP_14Per1013Ch05A_durance3	DURANCE16S_14Per1013Ch05A	durance3	prep2	2	14Per1013Ch05A_durance3	ERR17752181	ERX17142724	14Per1013Ch05A_S274_L001_R1_001.fastq.gz	3b0725f6a65f92a6595611068936e569	14Per1013Ch05A_S274_L001_R2_001.fastq.gz	7135ce0c0ad593b7749ec2b4a9cce89e	14Per1013Ch05A	biological	gill metagenome	Per	gill [UBERON:0002535]	2014
PRJEB124417	DURANCE16S_RUN_14Per1014Ch02A_durance1	DURANCE16S_EXP_14Per1014Ch02A_durance1	DURANCE16S_14Per1014Ch02A	durance1	prep1	1	14Per1014Ch02A_durance1	ERR17752186	ERX17142729	14Per1014Ch02A_S658_L001_R1_001.fastq.gz	062f35559240f8ccf10fb14f2b683aa8	14Per1014Ch02A_S658_L001_R2_001.fastq.gz	cc7e0f262bb678017b03d627749ef100	14Per1014Ch02A	biological	fish gut metagenome	Per	midgut [UBERON:0001045]	2014
PRJEB124417	DURANCE16S_RUN_14Per1014Ch02A_durance2	DURANCE16S_EXP_14Per1014Ch02A_durance2	DURANCE16S_14Per1014Ch02A	durance2	prep2	1	14Per1014Ch02A_durance2	ERR17752185	ERX17142728	14Per1014Ch02A_S658_L001_R1_001.fastq.gz	28e2945e74539071672a7b57c754f735	14Per1014Ch02A_S658_L001_R2_001.fastq.gz	eee0df5f5598bcdc32ce696e9baff677	14Per1014Ch02A	biological	fish gut metagenome	Per	midgut [UBERON:0001045]	2014
PRJEB124417	DURANCE16S_RUN_14Per1014Ch02A_durance3	DURANCE16S_EXP_14Per1014Ch02A_durance3	DURANCE16S_14Per1014Ch02A	durance3	prep2	2	14Per1014Ch02A_durance3	ERR17752184	ERX17142727	14Per1014Ch02A_S658_L001_R1_001.fastq.gz	a12d258bac3e834a42d2de51424551f6	14Per1014Ch02A_S658_L001_R2_001.fastq.gz	b0b291b158538ae576b6e2bfc40a1793	14Per1014Ch02A	biological	fish gut metagenome	Per	midgut [UBERON:0001045]	2014
PRJEB124417	DURANCE16S_RUN_14Per1014Ch03A_durance1	DURANCE16S_EXP_14Per1014Ch03A_durance1	DURANCE16S_14Per1014Ch03A	durance1	prep1	1	14Per1014Ch03A_durance1	ERR17752187	ERX17142730	14Per1014Ch03A_S478_L001_R1_001.fastq.gz	e1f30d2e8b2660f2fba2971b685f822c	14Per1014Ch03A_S478_L001_R2_001.fastq.gz	1d25fbd2b158c1c39b50c496b5c119eb	14Per1014Ch03A	biological	fish gut metagenome	Per	hindgut [UBERON:0001046]	2014
PRJEB124417	DURANCE16S_RUN_14Per1014Ch03A_durance2	DURANCE16S_EXP_14Per1014Ch03A_durance2	DURANCE16S_14Per1014Ch03A	durance2	prep2	1	14Per1014Ch03A_durance2	ERR17752189	ERX17142732	14Per1014Ch03A_S478_L001_R1_001.fastq.gz	3ba97432b8146e98a2d10109833d51f9	14Per1014Ch03A_S478_L001_R2_001.fastq.gz	2199d72a8a00cb3a8dd6ea4bc9c0da27	14Per1014Ch03A	biological	fish gut metagenome	Per	hindgut [UBERON:0001046]	2014
PRJEB124417	DURANCE16S_RUN_14Per1014Ch03A_durance3	DURANCE16S_EXP_14Per1014Ch03A_durance3	DURANCE16S_14Per1014Ch03A	durance3	prep2	2	14Per1014Ch03A_durance3	ERR17752190	ERX17142733	14Per1014Ch03A_S478_L001_R1_001.fastq.gz	a588238be81df689585149fe2b85c632	14Per1014Ch03A_S478_L001_R2_001.fastq.gz	6b6076606288ecc77ee539b6436eaa61	14Per1014Ch03A	biological	fish gut metagenome	Per	hindgut [UBERON:0001046]	2014
PRJEB124417	DURANCE16S_RUN_14Per1014Ch05A_durance1	DURANCE16S_EXP_14Per1014Ch05A_durance1	DURANCE16S_14Per1014Ch05A	durance1	prep1	1	14Per1014Ch05A_durance1	ERR17752188	ERX17142731	14Per1014Ch05A_S286_L001_R1_001.fastq.gz	3330b0c9a5dae53921117210a6357dfe	14Per1014Ch05A_S286_L001_R2_001.fastq.gz	82c391efe1365762b4db9b2220a5f997	14Per1014Ch05A	biological	gill metagenome	Per	gill [UBERON:0002535]	2014
PRJEB124417	DURANCE16S_RUN_14Per1014Ch05A_durance2	DURANCE16S_EXP_14Per1014Ch05A_durance2	DURANCE16S_14Per1014Ch05A	durance2	prep2	1	14Per1014Ch05A_durance2	ERR17752191	ERX17142734	14Per1014Ch05A_S286_L001_R1_001.fastq.gz	8e1ba715fbb1fe7d1a58bb89f3c2a6b8	14Per1014Ch05A_S286_L001_R2_001.fastq.gz	29c2d8421a6fdcbf9d0ac2bdb497f7a4	14Per1014Ch05A	biological	gill metagenome	Per	gill [UBERON:0002535]	2014
PRJEB124417	DURANCE16S_RUN_14Per1014Ch05A_durance3	DURANCE16S_EXP_14Per1014Ch05A_durance3	DURANCE16S_14Per1014Ch05A	durance3	prep2	2	14Per1014Ch05A_durance3	ERR17752193	ERX17142736	14Per1014Ch05A_S286_L001_R1_001.fastq.gz	ce3271053c1a1f73a7d08753f6d88150	14Per1014Ch05A_S286_L001_R2_001.fastq.gz	0959ccc803c95d8dbdbbf656eb5414de	14Per1014Ch05A	biological	gill metagenome	Per	gill [UBERON:0002535]	2014
PRJEB124417	DURANCE16S_RUN_14Per2011Ch01A_durance1	DURANCE16S_EXP_14Per2011Ch01A_durance1	DURANCE16S_14Per2011Ch01A	durance1	prep1	1	14Per2011Ch01A_durance1	ERR17752197	ERX17142740	14Per2011Ch01A_S11_L001_R1_001.fastq.gz	9c288def72fdf71e537fd97d6b55db5d	14Per2011Ch01A_S11_L001_R2_001.fastq.gz	1dc1afcb7f927a4983209f8482f04c0a	14Per2011Ch01A	biological	fish metagenome	Per	caudal fin [UBERON:4000164]	2014
PRJEB124417	DURANCE16S_RUN_14Per2011Ch01A_durance2	DURANCE16S_EXP_14Per2011Ch01A_durance2	DURANCE16S_14Per2011Ch01A	durance2	prep2	1	14Per2011Ch01A_durance2	ERR17752196	ERX17142739	14Per2011Ch01A_S11_L001_R1_001.fastq.gz	c6049ab1876ee186f43b7804323313b2	14Per2011Ch01A_S11_L001_R2_001.fastq.gz	dd054ebae98a4e778b94401fcfad8877	14Per2011Ch01A	biological	fish metagenome	Per	caudal fin [UBERON:4000164]	2014
PRJEB124417	DURANCE16S_RUN_14Per2011Ch01A_durance3	DURANCE16S_EXP_14Per2011Ch01A_durance3	DURANCE16S_14Per2011Ch01A	durance3	prep2	2	14Per2011Ch01A_durance3	ERR17752199	ERX17142742	14Per2011Ch01A_S11_L001_R1_001.fastq.gz	1fd9e801f69b2744af56e3fc4cb17850	14Per2011Ch01A_S11_L001_R2_001.fastq.gz	b27311431203f043e27d7ac6333eb897	14Per2011Ch01A	biological	fish metagenome	Per	caudal fin [UBERON:4000164]	2014
PRJEB124417	DURANCE16S_RUN_14Per2011Ch01A-bis_durance1	DURANCE16S_EXP_14Per2011Ch01A-bis_durance1	DURANCE16S_14Per2011Ch01A-bis	durance1	prep1	1	14Per2011Ch01A-bis_durance1	ERR17752195	ERX17142738	14Per2011Ch01A-bis_S12_L001_R1_001.fastq.gz	9a82c39c88ee567e86427bc445fcab13	14Per2011Ch01A-bis_S12_L001_R2_001.fastq.gz	2665ecf4c35b78b2e4754af7b936da11	14Per2011Ch01A-bis	biological	fish metagenome	Per	caudal fin [UBERON:4000164]	2014
PRJEB124417	DURANCE16S_RUN_14Per2011Ch01A-bis_durance2	DURANCE16S_EXP_14Per2011Ch01A-bis_durance2	DURANCE16S_14Per2011Ch01A-bis	durance2	prep2	1	14Per2011Ch01A-bis_durance2	ERR17752192	ERX17142735	14Per2011Ch01A-bis_S12_L001_R1_001.fastq.gz	dd2a1dcd2af398519faed4fe9853e339	14Per2011Ch01A-bis_S12_L001_R2_001.fastq.gz	c8c6f5253f86b14734fd38f270ca7952	14Per2011Ch01A-bis	biological	fish metagenome	Per	caudal fin [UBERON:4000164]	2014
PRJEB124417	DURANCE16S_RUN_14Per2011Ch01A-bis_durance3	DURANCE16S_EXP_14Per2011Ch01A-bis_durance3	DURANCE16S_14Per2011Ch01A-bis	durance3	prep2	2	14Per2011Ch01A-bis_durance3	ERR17752194	ERX17142737	14Per2011Ch01A-bis_S12_L001_R1_001.fastq.gz	ee1a51ef097f04273e7ba8e9fa943389	14Per2011Ch01A-bis_S12_L001_R2_001.fastq.gz	4e682b35c97761259feff25ac7da48c0	14Per2011Ch01A-bis	biological	fish metagenome	Per	caudal fin [UBERON:4000164]	2014
PRJEB124417	DURANCE16S_RUN_14Per2011Ch02A_durance1	DURANCE16S_EXP_14Per2011Ch02A_durance1	DURANCE16S_14Per2011Ch02A	durance1	prep1	1	14Per2011Ch02A_durance1	ERR17752198	ERX17142741	14Per2011Ch02A_S670_L001_R1_001.fastq.gz	d964e66b8f67bd3a1dc121874afa04c9	14Per2011Ch02A_S670_L001_R2_001.fastq.gz	8e5ae04d1a25b51f91acb95fb69b9fec	14Per2011Ch02A	biological	fish gut metagenome	Per	midgut [UBERON:0001045]	2014
PRJEB124417	DURANCE16S_RUN_14Per2011Ch02A_durance2	DURANCE16S_EXP_14Per2011Ch02A_durance2	DURANCE16S_14Per2011Ch02A	durance2	prep2	1	14Per2011Ch02A_durance2	ERR17752200	ERX17142743	14Per2011Ch02A_S670_L001_R1_001.fastq.gz	00b1b91275575188a1b8c573638f8441	14Per2011Ch02A_S670_L001_R2_001.fastq.gz	eb7586ec627eb6f0834c1afc69eace64	14Per2011Ch02A	biological	fish gut metagenome	Per	midgut [UBERON:0001045]	2014
PRJEB124417	DURANCE16S_RUN_14Per2011Ch02A_durance3	DURANCE16S_EXP_14Per2011Ch02A_durance3	DURANCE16S_14Per2011Ch02A	durance3	prep2	2	14Per2011Ch02A_durance3	ERR17752202	ERX17142745	14Per2011Ch02A_S670_L001_R1_001.fastq.gz	e2bbd369a235b4a661912215be756b88	14Per2011Ch02A_S670_L001_R2_001.fastq.gz	c8d4f00cd73b135b770992a862a1a56a	14Per2011Ch02A	biological	fish gut metagenome	Per	midgut [UBERON:0001045]	2014
PRJEB124417	DURANCE16S_RUN_14Per2011Ch03A_durance1	DURANCE16S_EXP_14Per2011Ch03A_durance1	DURANCE16S_14Per2011Ch03A	durance1	prep1	1	14Per2011Ch03A_durance1	ERR17752205	ERX17142748	14Per2011Ch03A_S395_L001_R1_001.fastq.gz	9aa410105605b265dd924f69c44be31b	14Per2011Ch03A_S395_L001_R2_001.fastq.gz	17ea88404c196d3d0ee7b9a6a2ca10d0	14Per2011Ch03A	biological	fish gut metagenome	Per	hindgut [UBERON:0001046]	2014
PRJEB124417	DURANCE16S_RUN_14Per2011Ch03A_durance2	DURANCE16S_EXP_14Per2011Ch03A_durance2	DURANCE16S_14Per2011Ch03A	durance2	prep2	1	14Per2011Ch03A_durance2	ERR17752206	ERX17142749	14Per2011Ch03A_S395_L001_R1_001.fastq.gz	d380fee3e2f085b60aac0f5ea8b15bf5	14Per2011Ch03A_S395_L001_R2_001.fastq.gz	25730055e5cef97dbee3aa864d21263d	14Per2011Ch03A	biological	fish gut metagenome	Per	hindgut [UBERON:0001046]	2014
PRJEB124417	DURANCE16S_RUN_14Per2011Ch03A_durance3	DURANCE16S_EXP_14Per2011Ch03A_durance3	DURANCE16S_14Per2011Ch03A	durance3	prep2	2	14Per2011Ch03A_durance3	ERR17752207	ERX17142750	14Per2011Ch03A_S395_L001_R1_001.fastq.gz	8bf880fc6546222439f8ac2c21761ee6	14Per2011Ch03A_S395_L001_R2_001.fastq.gz	a9094a1a543ac10f1ddccf36081ea3e0	14Per2011Ch03A	biological	fish gut metagenome	Per	hindgut [UBERON:0001046]	2014
PRJEB124417	DURANCE16S_RUN_14Per2011Ch03A-bis_durance1	DURANCE16S_EXP_14Per2011Ch03A-bis_durance1	DURANCE16S_14Per2011Ch03A-bis	durance1	prep1	1	14Per2011Ch03A-bis_durance1	ERR17752203	ERX17142746	14Per2011Ch03A-bis_S396_L001_R1_001.fastq.gz	17616dbc326c9ae7fa7b80890bda27dc	14Per2011Ch03A-bis_S396_L001_R2_001.fastq.gz	e6c32812a16d77ea1acf5b954291a948	14Per2011Ch03A-bis	biological	fish gut metagenome	Per	hindgut [UBERON:0001046]	2014
PRJEB124417	DURANCE16S_RUN_14Per2011Ch03A-bis_durance2	DURANCE16S_EXP_14Per2011Ch03A-bis_durance2	DURANCE16S_14Per2011Ch03A-bis	durance2	prep2	1	14Per2011Ch03A-bis_durance2	ERR17752201	ERX17142744	14Per2011Ch03A-bis_S396_L001_R1_001.fastq.gz	01bafe61550f671c68e14496b67b9324	14Per2011Ch03A-bis_S396_L001_R2_001.fastq.gz	28a96dd4d975a8c43d325c0d379939b2	14Per2011Ch03A-bis	biological	fish gut metagenome	Per	hindgut [UBERON:0001046]	2014
PRJEB124417	DURANCE16S_RUN_14Per2011Ch03A-bis_durance3	DURANCE16S_EXP_14Per2011Ch03A-bis_durance3	DURANCE16S_14Per2011Ch03A-bis	durance3	prep2	2	14Per2011Ch03A-bis_durance3	ERR17752204	ERX17142747	14Per2011Ch03A-bis_S396_L001_R1_001.fastq.gz	b1d3e53a78c746ee16af404b0f5eb52c	14Per2011Ch03A-bis_S396_L001_R2_001.fastq.gz	23fc8249791594914b77d0c7538df02a	14Per2011Ch03A-bis	biological	fish gut metagenome	Per	hindgut [UBERON:0001046]	2014
PRJEB124417	DURANCE16S_RUN_14Per2011Ch05A_durance1	DURANCE16S_EXP_14Per2011Ch05A_durance1	DURANCE16S_14Per2011Ch05A	durance1	prep1	1	14Per2011Ch05A_durance1	ERR17752209	ERX17142752	14Per2011Ch05A_S203_L001_R1_001.fastq.gz	db116c7b49a40037917b5879f696203d	14Per2011Ch05A_S203_L001_R2_001.fastq.gz	96da4fbc5dd3b542bdb05595b24bc252	14Per2011Ch05A	biological	gill metagenome	Per	gill [UBERON:0002535]	2014
PRJEB124417	DURANCE16S_RUN_14Per2011Ch05A_durance2	DURANCE16S_EXP_14Per2011Ch05A_durance2	DURANCE16S_14Per2011Ch05A	durance2	prep2	1	14Per2011Ch05A_durance2	ERR17752212	ERX17142755	14Per2011Ch05A_S203_L001_R1_001.fastq.gz	8ed1504de3fc670150190ccd886fa686	14Per2011Ch05A_S203_L001_R2_001.fastq.gz	104e3734805bb64927c0619d772a97f9	14Per2011Ch05A	biological	gill metagenome	Per	gill [UBERON:0002535]	2014
PRJEB124417	DURANCE16S_RUN_14Per2011Ch05A_durance3	DURANCE16S_EXP_14Per2011Ch05A_durance3	DURANCE16S_14Per2011Ch05A	durance3	prep2	2	14Per2011Ch05A_durance3	ERR17752213	ERX17142756	14Per2011Ch05A_S203_L001_R1_001.fastq.gz	76fc982f135b353ed3dc44c51298a558	14Per2011Ch05A_S203_L001_R2_001.fastq.gz	f968033c534aea50a1b9a49604fa1997	14Per2011Ch05A	biological	gill metagenome	Per	gill [UBERON:0002535]	2014
PRJEB124417	DURANCE16S_RUN_14Per2011Ch05A-bis_durance1	DURANCE16S_EXP_14Per2011Ch05A-bis_durance1	DURANCE16S_14Per2011Ch05A-bis	durance1	prep1	1	14Per2011Ch05A-bis_durance1	ERR17752210	ERX17142753	14Per2011Ch05A-bis_S204_L001_R1_001.fastq.gz	86fa75e74c0937ed1366037571ef5cd4	14Per2011Ch05A-bis_S204_L001_R2_001.fastq.gz	1a04eaaff850f8f4b07500e72f850310	14Per2011Ch05A-bis	biological	gill metagenome	Per	gill [UBERON:0002535]	2014
PRJEB124417	DURANCE16S_RUN_14Per2011Ch05A-bis_durance2	DURANCE16S_EXP_14Per2011Ch05A-bis_durance2	DURANCE16S_14Per2011Ch05A-bis	durance2	prep2	1	14Per2011Ch05A-bis_durance2	ERR17752208	ERX17142751	14Per2011Ch05A-bis_S204_L001_R1_001.fastq.gz	c3d82166b4d92e1a4738ca72233197e6	14Per2011Ch05A-bis_S204_L001_R2_001.fastq.gz	8cd23831ebd2500616c63900f0a94f82	14Per2011Ch05A-bis	biological	gill metagenome	Per	gill [UBERON:0002535]	2014
PRJEB124417	DURANCE16S_RUN_14Per2011Ch05A-bis_durance3	DURANCE16S_EXP_14Per2011Ch05A-bis_durance3	DURANCE16S_14Per2011Ch05A-bis	durance3	prep2	2	14Per2011Ch05A-bis_durance3	ERR17752211	ERX17142754	14Per2011Ch05A-bis_S204_L001_R1_001.fastq.gz	9822764c1fe6413bb0901065207fc632	14Per2011Ch05A-bis_S204_L001_R2_001.fastq.gz	d45fd52b368cc064f15a655e32feb80f	14Per2011Ch05A-bis	biological	gill metagenome	Per	gill [UBERON:0002535]	2014
PRJEB124417	DURANCE16S_RUN_14Per2012Ch01A_durance1	DURANCE16S_EXP_14Per2012Ch01A_durance1	DURANCE16S_14Per2012Ch01A	durance1	prep1	1	14Per2012Ch01A_durance1	ERR17752219	ERX17142762	14Per2012Ch01A_S23_L001_R1_001.fastq.gz	cbf6056c2b0e7c3543364f9633505a42	14Per2012Ch01A_S23_L001_R2_001.fastq.gz	4ae1c24881a1bd95bff5d76afe961c79	14Per2012Ch01A	biological	fish metagenome	Per	caudal fin [UBERON:4000164]	2014
PRJEB124417	DURANCE16S_RUN_14Per2012Ch01A_durance2	DURANCE16S_EXP_14Per2012Ch01A_durance2	DURANCE16S_14Per2012Ch01A	durance2	prep2	1	14Per2012Ch01A_durance2	ERR17752216	ERX17142759	14Per2012Ch01A_S23_L001_R1_001.fastq.gz	cb91b2aa4a5f86d753c279042ec77886	14Per2012Ch01A_S23_L001_R2_001.fastq.gz	a18b31c657315dc872cf01dc10fa001e	14Per2012Ch01A	biological	fish metagenome	Per	caudal fin [UBERON:4000164]	2014
PRJEB124417	DURANCE16S_RUN_14Per2012Ch01A_durance3	DURANCE16S_EXP_14Per2012Ch01A_durance3	DURANCE16S_14Per2012Ch01A	durance3	prep2	2	14Per2012Ch01A_durance3	ERR17752215	ERX17142758	14Per2012Ch01A_S23_L001_R1_001.fastq.gz	7c99291e658751354d97c479dc240858	14Per2012Ch01A_S23_L001_R2_001.fastq.gz	20f6d69217ce994e6ee7de08c76973b7	14Per2012Ch01A	biological	fish metagenome	Per	caudal fin [UBERON:4000164]	2014
PRJEB124417	DURANCE16S_RUN_14Per2012Ch01A-bis_durance1	DURANCE16S_EXP_14Per2012Ch01A-bis_durance1	DURANCE16S_14Per2012Ch01A-bis	durance1	prep1	1	14Per2012Ch01A-bis_durance1	ERR17752214	ERX17142757	14Per2012Ch01A-bis_S24_L001_R1_001.fastq.gz	c8d09d67c3ff9ccb751b8d65bd6d8aab	14Per2012Ch01A-bis_S24_L001_R2_001.fastq.gz	66878cddc4debbdcea2c4808eae351b5	14Per2012Ch01A-bis	biological	fish metagenome	Per	caudal fin [UBERON:4000164]	2014
PRJEB124417	DURANCE16S_RUN_14Per2012Ch01A-bis_durance2	DURANCE16S_EXP_14Per2012Ch01A-bis_durance2	DURANCE16S_14Per2012Ch01A-bis	durance2	prep2	1	14Per2012Ch01A-bis_durance2	ERR17752218	ERX17142761	14Per2012Ch01A-bis_S24_L001_R1_001.fastq.gz	9a2e3e7beae2146ee8bd3306b9132536	14Per2012Ch01A-bis_S24_L001_R2_001.fastq.gz	0eac8a5bb08cc4721f25622955d20697	14Per2012Ch01A-bis	biological	fish metagenome	Per	caudal fin [UBERON:4000164]	2014
PRJEB124417	DURANCE16S_RUN_14Per2012Ch01A-bis_durance3	DURANCE16S_EXP_14Per2012Ch01A-bis_durance3	DURANCE16S_14Per2012Ch01A-bis	durance3	prep2	2	14Per2012Ch01A-bis_durance3	ERR17752217	ERX17142760	14Per2012Ch01A-bis_S24_L001_R1_001.fastq.gz	111aa9bd8049c480ab185d1a78d9c75d	14Per2012Ch01A-bis_S24_L001_R2_001.fastq.gz	89e1d943425a38049d51ffffdabb3691	14Per2012Ch01A-bis	biological	fish metagenome	Per	caudal fin [UBERON:4000164]	2014
PRJEB124417	DURANCE16S_RUN_14Per2012Ch02A_durance1	DURANCE16S_EXP_14Per2012Ch02A_durance1	DURANCE16S_14Per2012Ch02A	durance1	prep1	1	14Per2012Ch02A_durance1	ERR17752224	ERX17142767	14Per2012Ch02A_S587_L001_R1_001.fastq.gz	215eccb8b3c08ae64323b77711feaa04	14Per2012Ch02A_S587_L001_R2_001.fastq.gz	35c17f00038ed77c1d12fd3f0d46723c	14Per2012Ch02A	biological	fish gut metagenome	Per	midgut [UBERON:0001045]	2014
PRJEB124417	DURANCE16S_RUN_14Per2012Ch02A_durance2	DURANCE16S_EXP_14Per2012Ch02A_durance2	DURANCE16S_14Per2012Ch02A	durance2	prep2	1	14Per2012Ch02A_durance2	ERR17752223	ERX17142766	14Per2012Ch02A_S587_L001_R1_001.fastq.gz	28cfd89301d9e5c4b6e95d5b4236c56a	14Per2012Ch02A_S587_L001_R2_001.fastq.gz	9144ef006c9bef54c0da015048552881	14Per2012Ch02A	biological	fish gut metagenome	Per	midgut [UBERON:0001045]	2014
PRJEB124417	DURANCE16S_RUN_14Per2012Ch02A_durance3	DURANCE16S_EXP_14Per2012Ch02A_durance3	DURANCE16S_14Per2012Ch02A	durance3	prep2	2	14Per2012Ch02A_durance3	ERR17752227	ERX17142770	14Per2012Ch02A_S587_L001_R1_001.fastq.gz	5d87be202cd71ea7a25f41e17207d7ec	14Per2012Ch02A_S587_L001_R2_001.fastq.gz	6d4003a5a5c699c450983646cdeebfb0	14Per2012Ch02A	biological	fish gut metagenome	Per	midgut [UBERON:0001045]	2014
PRJEB124417	DURANCE16S_RUN_14Per2012Ch02A-bis_durance1	DURANCE16S_EXP_14Per2012Ch02A-bis_durance1	DURANCE16S_14Per2012Ch02A-bis	durance1	prep1	1	14Per2012Ch02A-bis_durance1	ERR17752220	ERX17142763	14Per2012Ch02A-bis_S588_L001_R1_001.fastq.gz	f5d74ea283396016d052f9a935ad39a2	14Per2012Ch02A-bis_S588_L001_R2_001.fastq.gz	e3859e20ae67e7b8e6763a98804e1850	14Per2012Ch02A-bis	biological	fish gut metagenome	Per	midgut [UBERON:0001045]	2014
PRJEB124417	DURANCE16S_RUN_14Per2012Ch02A-bis_durance2	DURANCE16S_EXP_14Per2012Ch02A-bis_durance2	DURANCE16S_14Per2012Ch02A-bis	durance2	prep2	1	14Per2012Ch02A-bis_durance2	ERR17752222	ERX17142765	14Per2012Ch02A-bis_S588_L001_R1_001.fastq.gz	e31873bde115d5a14eff319ba454238a	14Per2012Ch02A-bis_S588_L001_R2_001.fastq.gz	b9342629279f3c47967d48a2c82b00ac	14Per2012Ch02A-bis	biological	fish gut metagenome	Per	midgut [UBERON:0001045]	2014
PRJEB124417	DURANCE16S_RUN_14Per2012Ch02A-bis_durance3	DURANCE16S_EXP_14Per2012Ch02A-bis_durance3	DURANCE16S_14Per2012Ch02A-bis	durance3	prep2	2	14Per2012Ch02A-bis_durance3	ERR17752221	ERX17142764	14Per2012Ch02A-bis_S588_L001_R1_001.fastq.gz	d9742f580035c12c3b5b047f7e716787	14Per2012Ch02A-bis_S588_L001_R2_001.fastq.gz	ec716f22d117b446adbbf21f3eded6f7	14Per2012Ch02A-bis	biological	fish gut metagenome	Per	midgut [UBERON:0001045]	2014
PRJEB124417	DURANCE16S_RUN_14Per2012Ch03A_durance1	DURANCE16S_EXP_14Per2012Ch03A_durance1	DURANCE16S_14Per2012Ch03A	durance1	prep1	1	14Per2012Ch03A_durance1	ERR17752225	ERX17142768	14Per2012Ch03A_S407_L001_R1_001.fastq.gz	4071478f68fe1d3941622f8f8cafb02f	14Per2012Ch03A_S407_L001_R2_001.fastq.gz	ab86dcf523353d4fb43fd774c85bce05	14Per2012Ch03A	biological	fish gut metagenome	Per	hindgut [UBERON:0001046]	2014
PRJEB124417	DURANCE16S_RUN_14Per2012Ch03A_durance2	DURANCE16S_EXP_14Per2012Ch03A_durance2	DURANCE16S_14Per2012Ch03A	durance2	prep2	1	14Per2012Ch03A_durance2	ERR17752230	ERX17142773	14Per2012Ch03A_S407_L001_R1_001.fastq.gz	2c47fa01d035677a454af56af9ec8aa8	14Per2012Ch03A_S407_L001_R2_001.fastq.gz	0af77923cdeee770bb3096b3a972fd23	14Per2012Ch03A	biological	fish gut metagenome	Per	hindgut [UBERON:0001046]	2014
PRJEB124417	DURANCE16S_RUN_14Per2012Ch03A_durance3	DURANCE16S_EXP_14Per2012Ch03A_durance3	DURANCE16S_14Per2012Ch03A	durance3	prep2	2	14Per2012Ch03A_durance3	ERR17752232	ERX17142775	14Per2012Ch03A_S407_L001_R1_001.fastq.gz	bfb1a357c35f93b83e6f6961b1b336b6	14Per2012Ch03A_S407_L001_R2_001.fastq.gz	9249285e97a8ca2261adf1d7d15d1c5a	14Per2012Ch03A	biological	fish gut metagenome	Per	hindgut [UBERON:0001046]	2014
PRJEB124417	DURANCE16S_RUN_14Per2012Ch03A-bis_durance1	DURANCE16S_EXP_14Per2012Ch03A-bis_durance1	DURANCE16S_14Per2012Ch03A-bis	durance1	prep1	1	14Per2012Ch03A-bis_durance1	ERR17752226	ERX17142769	14Per2012Ch03A-bis_S408_L001_R1_001.fastq.gz	06f755b55e7bc91f7ded13aad73ab514	14Per2012Ch03A-bis_S408_L001_R2_001.fastq.gz	8ade26fdc3fa4212e4bc66251e3b0bad	14Per2012Ch03A-bis	biological	fish gut metagenome	Per	hindgut [UBERON:0001046]	2014
PRJEB124417	DURANCE16S_RUN_14Per2012Ch03A-bis_durance2	DURANCE16S_EXP_14Per2012Ch03A-bis_durance2	DURANCE16S_14Per2012Ch03A-bis	durance2	prep2	1	14Per2012Ch03A-bis_durance2	ERR17752228	ERX17142771	14Per2012Ch03A-bis_S408_L001_R1_001.fastq.gz	fbafab14b8eecfacf7f39648806626ee	14Per2012Ch03A-bis_S408_L001_R2_001.fastq.gz	751ac765b51d72eb7a0444f0fa79c4aa	14Per2012Ch03A-bis	biological	fish gut metagenome	Per	hindgut [UBERON:0001046]	2014
PRJEB124417	DURANCE16S_RUN_14Per2012Ch03A-bis_durance3	DURANCE16S_EXP_14Per2012Ch03A-bis_durance3	DURANCE16S_14Per2012Ch03A-bis	durance3	prep2	2	14Per2012Ch03A-bis_durance3	ERR17752229	ERX17142772	14Per2012Ch03A-bis_S408_L001_R1_001.fastq.gz	71ace2c16e94c8680aad3e67f5506d66	14Per2012Ch03A-bis_S408_L001_R2_001.fastq.gz	1b167b0ad91efc757a3b57900b4d7636	14Per2012Ch03A-bis	biological	fish gut metagenome	Per	hindgut [UBERON:0001046]	2014
PRJEB124417	DURANCE16S_RUN_14Per2012Ch05A_durance1	DURANCE16S_EXP_14Per2012Ch05A_durance1	DURANCE16S_14Per2012Ch05A	durance1	prep1	1	14Per2012Ch05A_durance1	ERR17752236	ERX17142779	14Per2012Ch05A_S215_L001_R1_001.fastq.gz	9510713101f38cd84841591888b9ebe3	14Per2012Ch05A_S215_L001_R2_001.fastq.gz	3f0529de80e5696529c40180a811100e	14Per2012Ch05A	biological	gill metagenome	Per	gill [UBERON:0002535]	2014
PRJEB124417	DURANCE16S_RUN_14Per2012Ch05A_durance2	DURANCE16S_EXP_14Per2012Ch05A_durance2	DURANCE16S_14Per2012Ch05A	durance2	prep2	1	14Per2012Ch05A_durance2	ERR17752237	ERX17142780	14Per2012Ch05A_S215_L001_R1_001.fastq.gz	3cd12710b8a322cb45f2eb11296d4bc7	14Per2012Ch05A_S215_L001_R2_001.fastq.gz	2b72127aecb85d4025afc1dcb8dd3905	14Per2012Ch05A	biological	gill metagenome	Per	gill [UBERON:0002535]	2014
PRJEB124417	DURANCE16S_RUN_14Per2012Ch05A_durance3	DURANCE16S_EXP_14Per2012Ch05A_durance3	DURANCE16S_14Per2012Ch05A	durance3	prep2	2	14Per2012Ch05A_durance3	ERR17752239	ERX17142782	14Per2012Ch05A_S215_L001_R1_001.fastq.gz	d72ad60a1e2aae4edcc987f258ae61f6	14Per2012Ch05A_S215_L001_R2_001.fastq.gz	71af58d69cb2cc1f07a127d9a86d5ef6	14Per2012Ch05A	biological	gill metagenome	Per	gill [UBERON:0002535]	2014
PRJEB124417	DURANCE16S_RUN_14Per2012Ch05A-bis_durance1	DURANCE16S_EXP_14Per2012Ch05A-bis_durance1	DURANCE16S_14Per2012Ch05A-bis	durance1	prep1	1	14Per2012Ch05A-bis_durance1	ERR17752231	ERX17142774	14Per2012Ch05A-bis_S216_L001_R1_001.fastq.gz	4f3a9b0a033692353b974266c979fa7f	14Per2012Ch05A-bis_S216_L001_R2_001.fastq.gz	da4c42f27f8303975e5d3b561fdb9a23	14Per2012Ch05A-bis	biological	gill metagenome	Per	gill [UBERON:0002535]	2014
PRJEB124417	DURANCE16S_RUN_14Per2012Ch05A-bis_durance2	DURANCE16S_EXP_14Per2012Ch05A-bis_durance2	DURANCE16S_14Per2012Ch05A-bis	durance2	prep2	1	14Per2012Ch05A-bis_durance2	ERR17752234	ERX17142777	14Per2012Ch05A-bis_S216_L001_R1_001.fastq.gz	677cf0c46a868cf56cbd13e54be1e51d	14Per2012Ch05A-bis_S216_L001_R2_001.fastq.gz	5d1e0945cd5049ed5579222aea6b12da	14Per2012Ch05A-bis	biological	gill metagenome	Per	gill [UBERON:0002535]	2014
PRJEB124417	DURANCE16S_RUN_14Per2012Ch05A-bis_durance3	DURANCE16S_EXP_14Per2012Ch05A-bis_durance3	DURANCE16S_14Per2012Ch05A-bis	durance3	prep2	2	14Per2012Ch05A-bis_durance3	ERR17752233	ERX17142776	14Per2012Ch05A-bis_S216_L001_R1_001.fastq.gz	08ddc2b6a2604da6cf3329cf96407bf5	14Per2012Ch05A-bis_S216_L001_R2_001.fastq.gz	1ca15ecc1f51e17189dbd394cffcfd45	14Per2012Ch05A-bis	biological	gill metagenome	Per	gill [UBERON:0002535]	2014
PRJEB124417	DURANCE16S_RUN_14Per2013Ch01A_durance1	DURANCE16S_EXP_14Per2013Ch01A_durance1	DURANCE16S_14Per2013Ch01A	durance1	prep1	1	14Per2013Ch01A_durance1	ERR17752240	ERX17142783	14Per2013Ch01A_S35_L001_R1_001.fastq.gz	1823d6dfb1a38759f8926f5033dfc17b	14Per2013Ch01A_S35_L001_R2_001.fastq.gz	d4b994c6e838f7305e97bbe16978ed2d	14Per2013Ch01A	biological	fish metagenome	Per	caudal fin [UBERON:4000164]	2014
PRJEB124417	DURANCE16S_RUN_14Per2013Ch01A_durance2	DURANCE16S_EXP_14Per2013Ch01A_durance2	DURANCE16S_14Per2013Ch01A	durance2	prep2	1	14Per2013Ch01A_durance2	ERR17752235	ERX17142778	14Per2013Ch01A_S35_L001_R1_001.fastq.gz	6c896615981845ce654982b09995949e	14Per2013Ch01A_S35_L001_R2_001.fastq.gz	dc46824531852c82f0e8b7fc6d8a460b	14Per2013Ch01A	biological	fish metagenome	Per	caudal fin [UBERON:4000164]	2014
PRJEB124417	DURANCE16S_RUN_14Per2013Ch01A_durance3	DURANCE16S_EXP_14Per2013Ch01A_durance3	DURANCE16S_14Per2013Ch01A	durance3	prep2	2	14Per2013Ch01A_durance3	ERR17752238	ERX17142781	14Per2013Ch01A_S35_L001_R1_001.fastq.gz	e496a7fb5c1901316585426d2ad23cde	14Per2013Ch01A_S35_L001_R2_001.fastq.gz	8aea86d740ebe543863e39b9e84f0213	14Per2013Ch01A	biological	fish metagenome	Per	caudal fin [UBERON:4000164]	2014
PRJEB124417	DURANCE16S_RUN_14Per2013Ch02A_durance1	DURANCE16S_EXP_14Per2013Ch02A_durance1	DURANCE16S_14Per2013Ch02A	durance1	prep1	1	14Per2013Ch02A_durance1	ERR17752248	ERX17142791	14Per2013Ch02A_S599_L001_R1_001.fastq.gz	8bb6758168c368099047506c8fab19bd	14Per2013Ch02A_S599_L001_R2_001.fastq.gz	7095c81bc537fd44b64a0fb3a2284ee1	14Per2013Ch02A	biological	fish gut metagenome	Per	midgut [UBERON:0001045]	2014
PRJEB124417	DURANCE16S_RUN_14Per2013Ch02A_durance2	DURANCE16S_EXP_14Per2013Ch02A_durance2	DURANCE16S_14Per2013Ch02A	durance2	prep2	1	14Per2013Ch02A_durance2	ERR17752243	ERX17142786	14Per2013Ch02A_S599_L001_R1_001.fastq.gz	cf02f8aa8d02e28b0013b3ee5d94a147	14Per2013Ch02A_S599_L001_R2_001.fastq.gz	1ffbe44fe37bf26b6589ea896e1b3ac8	14Per2013Ch02A	biological	fish gut metagenome	Per	midgut [UBERON:0001045]	2014
PRJEB124417	DURANCE16S_RUN_14Per2013Ch02A_durance3	DURANCE16S_EXP_14Per2013Ch02A_durance3	DURANCE16S_14Per2013Ch02A	durance3	prep2	2	14Per2013Ch02A_durance3	ERR17752244	ERX17142787	14Per2013Ch02A_S599_L001_R1_001.fastq.gz	6934966bb53ebb0e2e37bec6a09f9d64	14Per2013Ch02A_S599_L001_R2_001.fastq.gz	d6e0eb58c3c6af41fbe54b72a3415866	14Per2013Ch02A	biological	fish gut metagenome	Per	midgut [UBERON:0001045]	2014
PRJEB124417	DURANCE16S_RUN_14Per2013Ch02A-bis_durance1	DURANCE16S_EXP_14Per2013Ch02A-bis_durance1	DURANCE16S_14Per2013Ch02A-bis	durance1	prep1	1	14Per2013Ch02A-bis_durance1	ERR17752242	ERX17142785	14Per2013Ch02A-bis_S600_L001_R1_001.fastq.gz	a6bf468af3ba23df45807d3dca9a8ca6	14Per2013Ch02A-bis_S600_L001_R2_001.fastq.gz	cf6df75ac6096816454203525a6b165d	14Per2013Ch02A-bis	biological	fish gut metagenome	Per	midgut [UBERON:0001045]	2014
PRJEB124417	DURANCE16S_RUN_14Per2013Ch02A-bis_durance2	DURANCE16S_EXP_14Per2013Ch02A-bis_durance2	DURANCE16S_14Per2013Ch02A-bis	durance2	prep2	1	14Per2013Ch02A-bis_durance2	ERR17752241	ERX17142784	14Per2013Ch02A-bis_S600_L001_R1_001.fastq.gz	20ceed8b490603490d638460cc1b0cca	14Per2013Ch02A-bis_S600_L001_R2_001.fastq.gz	76b3424f51c3c56f45ee60b2425368a9	14Per2013Ch02A-bis	biological	fish gut metagenome	Per	midgut [UBERON:0001045]	2014
PRJEB124417	DURANCE16S_RUN_14Per2013Ch02A-bis_durance3	DURANCE16S_EXP_14Per2013Ch02A-bis_durance3	DURANCE16S_14Per2013Ch02A-bis	durance3	prep2	2	14Per2013Ch02A-bis_durance3	ERR17752247	ERX17142790	14Per2013Ch02A-bis_S600_L001_R1_001.fastq.gz	7f4f661104cbd8d9c1a1fbaaefd80256	14Per2013Ch02A-bis_S600_L001_R2_001.fastq.gz	e793dacb53fdee215d38df22314669b9	14Per2013Ch02A-bis	biological	fish gut metagenome	Per	midgut [UBERON:0001045]	2014
PRJEB124417	DURANCE16S_RUN_14Per2013Ch03A_durance1	DURANCE16S_EXP_14Per2013Ch03A_durance1	DURANCE16S_14Per2013Ch03A	durance1	prep1	1	14Per2013Ch03A_durance1	ERR17752246	ERX17142789	14Per2013Ch03A_S419_L001_R1_001.fastq.gz	2d2599e23d2e91a77a33aa08e025640c	14Per2013Ch03A_S419_L001_R2_001.fastq.gz	6b28b76aa1384ec5a3f8d13ffe65395e	14Per2013Ch03A	biological	fish gut metagenome	Per	hindgut [UBERON:0001046]	2014
PRJEB124417	DURANCE16S_RUN_14Per2013Ch03A_durance2	DURANCE16S_EXP_14Per2013Ch03A_durance2	DURANCE16S_14Per2013Ch03A	durance2	prep2	1	14Per2013Ch03A_durance2	ERR17752245	ERX17142788	14Per2013Ch03A_S419_L001_R1_001.fastq.gz	27ec90f958424ea274f028a6c73f8885	14Per2013Ch03A_S419_L001_R2_001.fastq.gz	dee7323dd87fd84917ec5721c5fe4e03	14Per2013Ch03A	biological	fish gut metagenome	Per	hindgut [UBERON:0001046]	2014
PRJEB124417	DURANCE16S_RUN_14Per2013Ch03A_durance3	DURANCE16S_EXP_14Per2013Ch03A_durance3	DURANCE16S_14Per2013Ch03A	durance3	prep2	2	14Per2013Ch03A_durance3	ERR17752250	ERX17142793	14Per2013Ch03A_S419_L001_R1_001.fastq.gz	e8f9b9a39f7b901cc2d42f54c2068451	14Per2013Ch03A_S419_L001_R2_001.fastq.gz	57717a1c3ad2918ccecdf86419fa9568	14Per2013Ch03A	biological	fish gut metagenome	Per	hindgut [UBERON:0001046]	2014
PRJEB124417	DURANCE16S_RUN_14Per2013Ch05A_durance1	DURANCE16S_EXP_14Per2013Ch05A_durance1	DURANCE16S_14Per2013Ch05A	durance1	prep1	1	14Per2013Ch05A_durance1	ERR17752249	ERX17142792	14Per2013Ch05A_S227_L001_R1_001.fastq.gz	7f68fb0fd3d16b396f67a3d93be73bdc	14Per2013Ch05A_S227_L001_R2_001.fastq.gz	5e149e51ecde1a2c0db9c48a0f0cf450	14Per2013Ch05A	biological	gill metagenome	Per	gill [UBERON:0002535]	2014
PRJEB124417	DURANCE16S_RUN_14Per2013Ch05A_durance2	DURANCE16S_EXP_14Per2013Ch05A_durance2	DURANCE16S_14Per2013Ch05A	durance2	prep2	1	14Per2013Ch05A_durance2	ERR17752252	ERX17142795	14Per2013Ch05A_S227_L001_R1_001.fastq.gz	cb73542f223186f86e8319aef26a8aa4	14Per2013Ch05A_S227_L001_R2_001.fastq.gz	4765d26bb4fa13e11e4bbce659bc107d	14Per2013Ch05A	biological	gill metagenome	Per	gill [UBERON:0002535]	2014
PRJEB124417	DURANCE16S_RUN_14Per2013Ch05A_durance3	DURANCE16S_EXP_14Per2013Ch05A_durance3	DURANCE16S_14Per2013Ch05A	durance3	prep2	2	14Per2013Ch05A_durance3	ERR17752254	ERX17142797	14Per2013Ch05A_S227_L001_R1_001.fastq.gz	66eb8ebfa23e2290451f145ad3028037	14Per2013Ch05A_S227_L001_R2_001.fastq.gz	0bf429be1186928ba38ca69113056403	14Per2013Ch05A	biological	gill metagenome	Per	gill [UBERON:0002535]	2014
PRJEB124417	DURANCE16S_RUN_14Per2014Ch01A_durance1	DURANCE16S_EXP_14Per2014Ch01A_durance1	DURANCE16S_14Per2014Ch01A	durance1	prep1	1	14Per2014Ch01A_durance1	ERR17752253	ERX17142796	14Per2014Ch01A_S47_L001_R1_001.fastq.gz	89098c76a80bef62f1b35be24c08ac72	14Per2014Ch01A_S47_L001_R2_001.fastq.gz	098dc025461a8cf25eeddbe638f1e1e4	14Per2014Ch01A	biological	fish metagenome	Per	caudal fin [UBERON:4000164]	2014
PRJEB124417	DURANCE16S_RUN_14Per2014Ch01A_durance2	DURANCE16S_EXP_14Per2014Ch01A_durance2	DURANCE16S_14Per2014Ch01A	durance2	prep2	1	14Per2014Ch01A_durance2	ERR17752255	ERX17142798	14Per2014Ch01A_S47_L001_R1_001.fastq.gz	aa7f056c9b8ce3652ffa79d7183a76f0	14Per2014Ch01A_S47_L001_R2_001.fastq.gz	506862900453e71c33adbd76da1ae833	14Per2014Ch01A	biological	fish metagenome	Per	caudal fin [UBERON:4000164]	2014
PRJEB124417	DURANCE16S_RUN_14Per2014Ch01A_durance3	DURANCE16S_EXP_14Per2014Ch01A_durance3	DURANCE16S_14Per2014Ch01A	durance3	prep2	2	14Per2014Ch01A_durance3	ERR17752251	ERX17142794	14Per2014Ch01A_S47_L001_R1_001.fastq.gz	a6f82d0a007533eeee8132d6879a93bd	14Per2014Ch01A_S47_L001_R2_001.fastq.gz	4dd7470363d926f060954a21d2943d9d	14Per2014Ch01A	biological	fish metagenome	Per	caudal fin [UBERON:4000164]	2014
PRJEB124417	DURANCE16S_RUN_14Per2014Ch02A_durance1	DURANCE16S_EXP_14Per2014Ch02A_durance1	DURANCE16S_14Per2014Ch02A	durance1	prep1	1	14Per2014Ch02A_durance1	ERR17752256	ERX17142799	14Per2014Ch02A_S611_L001_R1_001.fastq.gz	a56e88857ea52d2ec8bed7d00a106d6e	14Per2014Ch02A_S611_L001_R2_001.fastq.gz	ab10d97f4388862f4143a6870b73978c	14Per2014Ch02A	biological	fish gut metagenome	Per	midgut [UBERON:0001045]	2014
PRJEB124417	DURANCE16S_RUN_14Per2014Ch02A_durance2	DURANCE16S_EXP_14Per2014Ch02A_durance2	DURANCE16S_14Per2014Ch02A	durance2	prep2	1	14Per2014Ch02A_durance2	ERR17752257	ERX17142800	14Per2014Ch02A_S611_L001_R1_001.fastq.gz	5476e1efaf0d84e713cc4462f5d08f47	14Per2014Ch02A_S611_L001_R2_001.fastq.gz	61e7000cf5b1d5ed52c0246484d837b1	14Per2014Ch02A	biological	fish gut metagenome	Per	midgut [UBERON:0001045]	2014
PRJEB124417	DURANCE16S_RUN_14Per2014Ch02A_durance3	DURANCE16S_EXP_14Per2014Ch02A_durance3	DURANCE16S_14Per2014Ch02A	durance3	prep2	2	14Per2014Ch02A_durance3	ERR17752259	ERX17142802	14Per2014Ch02A_S611_L001_R1_001.fastq.gz	bc918dca1fb02fadd58b8ea10adff788	14Per2014Ch02A_S611_L001_R2_001.fastq.gz	6d851a0220658e0d744e1e221fd04e50	14Per2014Ch02A	biological	fish gut metagenome	Per	midgut [UBERON:0001045]	2014
PRJEB124417	DURANCE16S_RUN_14Per2014Ch03A_durance1	DURANCE16S_EXP_14Per2014Ch03A_durance1	DURANCE16S_14Per2014Ch03A	durance1	prep1	1	14Per2014Ch03A_durance1	ERR17752258	ERX17142801	14Per2014Ch03A_S431_L001_R1_001.fastq.gz	1fe4d08404e667d2108ad914c0f746e6	14Per2014Ch03A_S431_L001_R2_001.fastq.gz	998eabeb84c26747015d505cbc97c1b4	14Per2014Ch03A	biological	fish gut metagenome	Per	hindgut [UBERON:0001046]	2014
PRJEB124417	DURANCE16S_RUN_14Per2014Ch03A_durance2	DURANCE16S_EXP_14Per2014Ch03A_durance2	DURANCE16S_14Per2014Ch03A	durance2	prep2	1	14Per2014Ch03A_durance2	ERR17752260	ERX17142803	14Per2014Ch03A_S431_L001_R1_001.fastq.gz	a1998d116f9aa7854ce78d1003e6e616	14Per2014Ch03A_S431_L001_R2_001.fastq.gz	39202975cefcd147be9f610fc60ada6b	14Per2014Ch03A	biological	fish gut metagenome	Per	hindgut [UBERON:0001046]	2014
PRJEB124417	DURANCE16S_RUN_14Per2014Ch03A_durance3	DURANCE16S_EXP_14Per2014Ch03A_durance3	DURANCE16S_14Per2014Ch03A	durance3	prep2	2	14Per2014Ch03A_durance3	ERR17752263	ERX17142806	14Per2014Ch03A_S431_L001_R1_001.fastq.gz	a74fd13a2b818177507fae8346c95eff	14Per2014Ch03A_S431_L001_R2_001.fastq.gz	766de4b54bca068c8cbeee5d1e2568d3	14Per2014Ch03A	biological	fish gut metagenome	Per	hindgut [UBERON:0001046]	2014
PRJEB124417	DURANCE16S_RUN_14Per2014Ch05A_durance1	DURANCE16S_EXP_14Per2014Ch05A_durance1	DURANCE16S_14Per2014Ch05A	durance1	prep1	1	14Per2014Ch05A_durance1	ERR17752264	ERX17142807	14Per2014Ch05A_S239_L001_R1_001.fastq.gz	16a369ae5e3990c8095ffc4965a07190	14Per2014Ch05A_S239_L001_R2_001.fastq.gz	d4c4842407bf5a08f6fbc893de62ec9e	14Per2014Ch05A	biological	gill metagenome	Per	gill [UBERON:0002535]	2014
PRJEB124417	DURANCE16S_RUN_14Per2014Ch05A_durance2	DURANCE16S_EXP_14Per2014Ch05A_durance2	DURANCE16S_14Per2014Ch05A	durance2	prep2	1	14Per2014Ch05A_durance2	ERR17752265	ERX17142808	14Per2014Ch05A_S239_L001_R1_001.fastq.gz	2d6c28eae8d6c32c4af212257f0837aa	14Per2014Ch05A_S239_L001_R2_001.fastq.gz	4495afaac3efbe393a1c40a9b609d764	14Per2014Ch05A	biological	gill metagenome	Per	gill [UBERON:0002535]	2014
PRJEB124417	DURANCE16S_RUN_14Per2014Ch05A_durance3	DURANCE16S_EXP_14Per2014Ch05A_durance3	DURANCE16S_14Per2014Ch05A	durance3	prep2	2	14Per2014Ch05A_durance3	ERR17752261	ERX17142804	14Per2014Ch05A_S239_L001_R1_001.fastq.gz	7d86972cdba0644c051d5b5d2503ffbe	14Per2014Ch05A_S239_L001_R2_001.fastq.gz	88f821308586dbdaa0e9c91663144ed5	14Per2014Ch05A	biological	gill metagenome	Per	gill [UBERON:0002535]	2014
PRJEB124417	DURANCE16S_RUN_14Per2015Ch01A_durance1	DURANCE16S_EXP_14Per2015Ch01A_durance1	DURANCE16S_14Per2015Ch01A	durance1	prep1	1	14Per2015Ch01A_durance1	ERR17752266	ERX17142809	14Per2015Ch01A_S59_L001_R1_001.fastq.gz	b21a1ef99518796e8dfeb00bc4e8f925	14Per2015Ch01A_S59_L001_R2_001.fastq.gz	7cdf2b73193d5afffa796a7b5d5070ff	14Per2015Ch01A	biological	fish metagenome	Per	caudal fin [UBERON:4000164]	2014
PRJEB124417	DURANCE16S_RUN_14Per2015Ch01A_durance2	DURANCE16S_EXP_14Per2015Ch01A_durance2	DURANCE16S_14Per2015Ch01A	durance2	prep2	1	14Per2015Ch01A_durance2	ERR17752267	ERX17142810	14Per2015Ch01A_S59_L001_R1_001.fastq.gz	0fe20b83bb8ed9dbe11fd5368d79a3c4	14Per2015Ch01A_S59_L001_R2_001.fastq.gz	cd9f02c555288a915c7537abd743f638	14Per2015Ch01A	biological	fish metagenome	Per	caudal fin [UBERON:4000164]	2014
PRJEB124417	DURANCE16S_RUN_14Per2015Ch01A_durance3	DURANCE16S_EXP_14Per2015Ch01A_durance3	DURANCE16S_14Per2015Ch01A	durance3	prep2	2	14Per2015Ch01A_durance3	ERR17752270	ERX17142813	14Per2015Ch01A_S59_L001_R1_001.fastq.gz	a4a97b24f50c137549303889ca4b7495	14Per2015Ch01A_S59_L001_R2_001.fastq.gz	c08f04d0b9f386a1130d5b559e78bc65	14Per2015Ch01A	biological	fish metagenome	Per	caudal fin [UBERON:4000164]	2014
PRJEB124417	DURANCE16S_RUN_14Per2015Ch02A_durance1	DURANCE16S_EXP_14Per2015Ch02A_durance1	DURANCE16S_14Per2015Ch02A	durance1	prep1	1	14Per2015Ch02A_durance1	ERR17752269	ERX17142812	14Per2015Ch02A_S623_L001_R1_001.fastq.gz	0f4053637300b4d7945b8b3303ceb120	14Per2015Ch02A_S623_L001_R2_001.fastq.gz	ff903ae9c4d04eb0fe2a9b9059566151	14Per2015Ch02A	biological	fish gut metagenome	Per	midgut [UBERON:0001045]	2014
PRJEB124417	DURANCE16S_RUN_14Per2015Ch02A_durance2	DURANCE16S_EXP_14Per2015Ch02A_durance2	DURANCE16S_14Per2015Ch02A	durance2	prep2	1	14Per2015Ch02A_durance2	ERR17752271	ERX17142814	14Per2015Ch02A_S623_L001_R1_001.fastq.gz	f8d3c7dde8981b0312b8ffb480ec61ff	14Per2015Ch02A_S623_L001_R2_001.fastq.gz	48b53afccb706228367f7850b6a420f6	14Per2015Ch02A	biological	fish gut metagenome	Per	midgut [UBERON:0001045]	2014
PRJEB124417	DURANCE16S_RUN_14Per2015Ch02A_durance3	DURANCE16S_EXP_14Per2015Ch02A_durance3	DURANCE16S_14Per2015Ch02A	durance3	prep2	2	14Per2015Ch02A_durance3	ERR17752273	ERX17142816	14Per2015Ch02A_S623_L001_R1_001.fastq.gz	89d61d2f5e5b8338384211fd475f27ce	14Per2015Ch02A_S623_L001_R2_001.fastq.gz	85c003398ed57babb768d60a0803cf2a	14Per2015Ch02A	biological	fish gut metagenome	Per	midgut [UBERON:0001045]	2014
PRJEB124417	DURANCE16S_RUN_14Per2015Ch05A_durance1	DURANCE16S_EXP_14Per2015Ch05A_durance1	DURANCE16S_14Per2015Ch05A	durance1	prep1	1	14Per2015Ch05A_durance1	ERR17752268	ERX17142811	14Per2015Ch05A_S251_L001_R1_001.fastq.gz	8c508dd943ef8344fac2109201ab4f28	14Per2015Ch05A_S251_L001_R2_001.fastq.gz	fe6f71cf63804e631342ff11725f24ce	14Per2015Ch05A	biological	gill metagenome	Per	gill [UBERON:0002535]	2014
PRJEB124417	DURANCE16S_RUN_14Per2015Ch05A_durance2	DURANCE16S_EXP_14Per2015Ch05A_durance2	DURANCE16S_14Per2015Ch05A	durance2	prep2	1	14Per2015Ch05A_durance2	ERR17752272	ERX17142815	14Per2015Ch05A_S251_L001_R1_001.fastq.gz	5f894bd10d8145fbea9a4b7cce6556dd	14Per2015Ch05A_S251_L001_R2_001.fastq.gz	cfb5bac6fa2e9c52f52182c01e999aa2	14Per2015Ch05A	biological	gill metagenome	Per	gill [UBERON:0002535]	2014
PRJEB124417	DURANCE16S_RUN_14Per2015Ch05A_durance3	DURANCE16S_EXP_14Per2015Ch05A_durance3	DURANCE16S_14Per2015Ch05A	durance3	prep2	2	14Per2015Ch05A_durance3	ERR17752274	ERX17142817	14Per2015Ch05A_S251_L001_R1_001.fastq.gz	417c0881974d41dc1ba9de052ad6c0db	14Per2015Ch05A_S251_L001_R2_001.fastq.gz	d96c96dbe86fdea0219ebed4631a754d	14Per2015Ch05A	biological	gill metagenome	Per	gill [UBERON:0002535]	2014
PRJEB124417	DURANCE16S_RUN_14per1011Ch02A_durance1	DURANCE16S_EXP_14per1011Ch02A_durance1	DURANCE16S_14per1011Ch02A	durance1	prep1	1	14per1011Ch02A_durance1	ERR17752147	ERX17142690	14per1011Ch02A_S622_L001_R1_001.fastq.gz	5d4acc2ade5529a5ca2a56b40f6b08d6	14per1011Ch02A_S622_L001_R2_001.fastq.gz	728c78979842493a85362b5ccd5801c0	14per1011Ch02A	biological	fish gut metagenome	Per	midgut [UBERON:0001045]	2014
PRJEB124417	DURANCE16S_RUN_14per1011Ch02A_durance2	DURANCE16S_EXP_14per1011Ch02A_durance2	DURANCE16S_14per1011Ch02A	durance2	prep2	1	14per1011Ch02A_durance2	ERR17752146	ERX17142689	14per1011Ch02A_S622_L001_R1_001.fastq.gz	f0e62f4bd29d4c17994b1071eef347b4	14per1011Ch02A_S622_L001_R2_001.fastq.gz	fb11c00a9a1ac38ad6117888733724fb	14per1011Ch02A	biological	fish gut metagenome	Per	midgut [UBERON:0001045]	2014
PRJEB124417	DURANCE16S_RUN_14per1011Ch02A_durance3	DURANCE16S_EXP_14per1011Ch02A_durance3	DURANCE16S_14per1011Ch02A	durance3	prep2	2	14per1011Ch02A_durance3	ERR17752149	ERX17142692	14per1011Ch02A_S622_L001_R1_001.fastq.gz	ce6dae5f4db77a29fd31ea795bb2d286	14per1011Ch02A_S622_L001_R2_001.fastq.gz	15d7058f7d9d0e418f11ef60729583f3	14per1011Ch02A	biological	fish gut metagenome	Per	midgut [UBERON:0001045]	2014
PRJEB124417	DURANCE16S_RUN_14per1012Ch01A_durance1	DURANCE16S_EXP_14per1012Ch01A_durance1	DURANCE16S_14per1012Ch01A	durance1	prep1	1	14per1012Ch01A_durance1	ERR17752155	ERX17142698	14per1012Ch01A_S70_L001_R1_001.fastq.gz	c1447be6500f19e178da3b9bfbc75206	14per1012Ch01A_S70_L001_R2_001.fastq.gz	88a65cb332803421d80f4937f3d9ad32	14per1012Ch01A	biological	fish metagenome	Per	caudal fin [UBERON:4000164]	2014
PRJEB124417	DURANCE16S_RUN_14per1012Ch01A_durance2	DURANCE16S_EXP_14per1012Ch01A_durance2	DURANCE16S_14per1012Ch01A	durance2	prep2	1	14per1012Ch01A_durance2	ERR17752156	ERX17142699	14per1012Ch01A_S70_L001_R1_001.fastq.gz	43793f75ddc4b43ab12032872ae935c6	14per1012Ch01A_S70_L001_R2_001.fastq.gz	2750c3898b18cc9cc3ccc480c0895e2b	14per1012Ch01A	biological	fish metagenome	Per	caudal fin [UBERON:4000164]	2014
PRJEB124417	DURANCE16S_RUN_14per1012Ch01A_durance3	DURANCE16S_EXP_14per1012Ch01A_durance3	DURANCE16S_14per1012Ch01A	durance3	prep2	2	14per1012Ch01A_durance3	ERR17752158	ERX17142701	14per1012Ch01A_S70_L001_R1_001.fastq.gz	85e67df562e541a11d20fd32fe460f76	14per1012Ch01A_S70_L001_R2_001.fastq.gz	0b3a65d9cb6de3662b7527259144f17c	14per1012Ch01A	biological	fish metagenome	Per	caudal fin [UBERON:4000164]	2014
PRJEB124417	DURANCE16S_RUN_14per1013Ch01A_durance1	DURANCE16S_EXP_14per1013Ch01A_durance1	DURANCE16S_14per1013Ch01A	durance1	prep1	1	14per1013Ch01A_durance1	ERR17752170	ERX17142713	14per1013Ch01A_S82_L001_R1_001.fastq.gz	cac9cd79b046e7142a56662288e127c4	14per1013Ch01A_S82_L001_R2_001.fastq.gz	52cdd9745b74c6ce3530c7f536d07db9	14per1013Ch01A	biological	fish metagenome	Per	caudal fin [UBERON:4000164]	2014
PRJEB124417	DURANCE16S_RUN_14per1013Ch01A_durance2	DURANCE16S_EXP_14per1013Ch01A_durance2	DURANCE16S_14per1013Ch01A	durance2	prep2	1	14per1013Ch01A_durance2	ERR17752168	ERX17142711	14per1013Ch01A_S82_L001_R1_001.fastq.gz	503dc031e9e1c084f8b8d5f20d5934ad	14per1013Ch01A_S82_L001_R2_001.fastq.gz	af56df9a15c48cb8465a6142e00c1128	14per1013Ch01A	biological	fish metagenome	Per	caudal fin [UBERON:4000164]	2014
PRJEB124417	DURANCE16S_RUN_14per1013Ch01A_durance3	DURANCE16S_EXP_14per1013Ch01A_durance3	DURANCE16S_14per1013Ch01A	durance3	prep2	2	14per1013Ch01A_durance3	ERR17752171	ERX17142714	14per1013Ch01A_S82_L001_R1_001.fastq.gz	c0904d96753a01d158efbe3ef74d2d50	14per1013Ch01A_S82_L001_R2_001.fastq.gz	c41e4cd621c6f9080b8552cbce5dc439	14per1013Ch01A	biological	fish metagenome	Per	caudal fin [UBERON:4000164]	2014
PRJEB124417	DURANCE16S_RUN_14per1014Ch01A_durance1	DURANCE16S_EXP_14per1014Ch01A_durance1	DURANCE16S_14per1014Ch01A	durance1	prep1	1	14per1014Ch01A_durance1	ERR17752180	ERX17142723	14per1014Ch01A_S94_L001_R1_001.fastq.gz	96974ef0dbce3944c8e2f4387b38497b	14per1014Ch01A_S94_L001_R2_001.fastq.gz	7e82ec3bb6da60e8c94db1adde430c74	14per1014Ch01A	biological	fish metagenome	Per	caudal fin [UBERON:4000164]	2014
PRJEB124417	DURANCE16S_RUN_14per1014Ch01A_durance2	DURANCE16S_EXP_14per1014Ch01A_durance2	DURANCE16S_14per1014Ch01A	durance2	prep2	1	14per1014Ch01A_durance2	ERR17752182	ERX17142725	14per1014Ch01A_S94_L001_R1_001.fastq.gz	fc4dcadce9968f1847d76b25a2bc74b9	14per1014Ch01A_S94_L001_R2_001.fastq.gz	c50d0ae993076356eebd7e72c915a779	14per1014Ch01A	biological	fish metagenome	Per	caudal fin [UBERON:4000164]	2014
PRJEB124417	DURANCE16S_RUN_14per1014Ch01A_durance3	DURANCE16S_EXP_14per1014Ch01A_durance3	DURANCE16S_14per1014Ch01A	durance3	prep2	2	14per1014Ch01A_durance3	ERR17752183	ERX17142726	14per1014Ch01A_S94_L001_R1_001.fastq.gz	efbc1646a5d73d04bb7bc8033bca3503	14per1014Ch01A_S94_L001_R2_001.fastq.gz	261a88635d959c8c368484ac384c36d7	14per1014Ch01A	biological	fish metagenome	Per	caudal fin [UBERON:4000164]	2014
PRJEB124417	DURANCE16S_RUN_15Avi1001Cn01A_durance1	DURANCE16S_EXP_15Avi1001Cn01A_durance1	DURANCE16S_15Avi1001Cn01A	durance1	prep1	1	15Avi1001Cn01A_durance1	ERR17752276	ERX17142819	15Avi1001Cn01A_S105_L001_R1_001.fastq.gz	20840e3aa648f50d99d8653100f3476f	15Avi1001Cn01A_S105_L001_R2_001.fastq.gz	016c5a7341f99b2f271045a912a64485	15Avi1001Cn01A	biological	fish metagenome	Avi	caudal fin [UBERON:4000164]	2015
PRJEB124417	DURANCE16S_RUN_15Avi1001Cn01A_durance2	DURANCE16S_EXP_15Avi1001Cn01A_durance2	DURANCE16S_15Avi1001Cn01A	durance2	prep2	1	15Avi1001Cn01A_durance2	ERR17752277	ERX17142820	15Avi1001Cn01A_S105_L001_R1_001.fastq.gz	67978e56bc6020d9d6f4eb709ab93890	15Avi1001Cn01A_S105_L001_R2_001.fastq.gz	36c23feb38b378eb8e15376947726147	15Avi1001Cn01A	biological	fish metagenome	Avi	caudal fin [UBERON:4000164]	2015
PRJEB124417	DURANCE16S_RUN_15Avi1001Cn01A_durance3	DURANCE16S_EXP_15Avi1001Cn01A_durance3	DURANCE16S_15Avi1001Cn01A	durance3	prep2	2	15Avi1001Cn01A_durance3	ERR17752278	ERX17142821	15Avi1001Cn01A_S105_L001_R1_001.fastq.gz	33c2b3b4c19afd552b55868f0046779b	15Avi1001Cn01A_S105_L001_R2_001.fastq.gz	9b34f02e1859c7992c71cce766767723	15Avi1001Cn01A	biological	fish metagenome	Avi	caudal fin [UBERON:4000164]	2015
PRJEB124417	DURANCE16S_RUN_15Avi1001Cn02A_durance1	DURANCE16S_EXP_15Avi1001Cn02A_durance1	DURANCE16S_15Avi1001Cn02A	durance1	prep1	1	15Avi1001Cn02A_durance1	ERR17752275	ERX17142818	15Avi1001Cn02A_S681_L001_R1_001.fastq.gz	1469fba25eb8b31915ae3c22a3c99801	15Avi1001Cn02A_S681_L001_R2_001.fastq.gz	ee296b8011a4819062348a848c03f3aa	15Avi1001Cn02A	biological	fish gut metagenome	Avi	midgut [UBERON:0001045]	2015
PRJEB124417	DURANCE16S_RUN_15Avi1001Cn02A_durance2	DURANCE16S_EXP_15Avi1001Cn02A_durance2	DURANCE16S_15Avi1001Cn02A	durance2	prep2	1	15Avi1001Cn02A_durance2	ERR17752279	ERX17142822	15Avi1001Cn02A_S681_L001_R1_001.fastq.gz	12b84976fb5a5249773a368311d3d4d1	15Avi1001Cn02A_S681_L001_R2_001.fastq.gz	0e99f9b354b6d3e2f372a088659ad2cc	15Avi1001Cn02A	biological	fish gut metagenome	Avi	midgut [UBERON:0001045]	2015
PRJEB124417	DURANCE16S_RUN_15Avi1001Cn02A_durance3	DURANCE16S_EXP_15Avi1001Cn02A_durance3	DURANCE16S_15Avi1001Cn02A	durance3	prep2	2	15Avi1001Cn02A_durance3	ERR17752280	ERX17142823	15Avi1001Cn02A_S681_L001_R1_001.fastq.gz	21bd4b34b03433885c5cd49701c9dfa5	15Avi1001Cn02A_S681_L001_R2_001.fastq.gz	58ad34ed8b555537a03e33b5b115fc4d	15Avi1001Cn02A	biological	fish gut metagenome	Avi	midgut [UBERON:0001045]	2015
PRJEB124417	DURANCE16S_RUN_15Avi1001Cn03A_durance1	DURANCE16S_EXP_15Avi1001Cn03A_durance1	DURANCE16S_15Avi1001Cn03A	durance1	prep1	1	15Avi1001Cn03A_durance1	ERR17752282	ERX17142825	15Avi1001Cn03A_S489_L001_R1_001.fastq.gz	72c80e6bc28417696ee096694a1c42b6	15Avi1001Cn03A_S489_L001_R2_001.fastq.gz	b374079f3fd0ea30484e5030454ec0a5	15Avi1001Cn03A	biological	fish gut metagenome	Avi	hindgut [UBERON:0001046]	2015
PRJEB124417	DURANCE16S_RUN_15Avi1001Cn03A_durance2	DURANCE16S_EXP_15Avi1001Cn03A_durance2	DURANCE16S_15Avi1001Cn03A	durance2	prep2	1	15Avi1001Cn03A_durance2	ERR17752281	ERX17142824	15Avi1001Cn03A_S489_L001_R1_001.fastq.gz	94514f9c10563994c887d281230e4f99	15Avi1001Cn03A_S489_L001_R2_001.fastq.gz	e1e826338e6281744daa501fe7e295a7	15Avi1001Cn03A	biological	fish gut metagenome	Avi	hindgut [UBERON:0001046]	2015
PRJEB124417	DURANCE16S_RUN_15Avi1001Cn03A_durance3	DURANCE16S_EXP_15Avi1001Cn03A_durance3	DURANCE16S_15Avi1001Cn03A	durance3	prep2	2	15Avi1001Cn03A_durance3	ERR17752283	ERX17142826	15Avi1001Cn03A_S489_L001_R1_001.fastq.gz	55f41e21074b1b119f27a3fbbebf6dea	15Avi1001Cn03A_S489_L001_R2_001.fastq.gz	d8ca20a5cbda4dff267dec4638e84754	15Avi1001Cn03A	biological	fish gut metagenome	Avi	hindgut [UBERON:0001046]	2015
PRJEB124417	DURANCE16S_RUN_15Avi1001Cn05A_durance1	DURANCE16S_EXP_15Avi1001Cn05A_durance1	DURANCE16S_15Avi1001Cn05A	durance1	prep1	1	15Avi1001Cn05A_durance1	ERR17752284	ERX17142827	15Avi1001Cn05A_S297_L001_R1_001.fastq.gz	ca2618f27e13fe9e36c60ca172faf9c9	15Avi1001Cn05A_S297_L001_R2_001.fastq.gz	3ea3b436b60d07cc0c54ae5a11143bcf	15Avi1001Cn05A	biological	gill metagenome	Avi	gill [UBERON:0002535]	2015
PRJEB124417	DURANCE16S_RUN_15Avi1001Cn05A_durance2	DURANCE16S_EXP_15Avi1001Cn05A_durance2	DURANCE16S_15Avi1001Cn05A	durance2	prep2	1	15Avi1001Cn05A_durance2	ERR17752285	ERX17142828	15Avi1001Cn05A_S297_L001_R1_001.fastq.gz	7e530282bf669cecc25105b5a6741ad2	15Avi1001Cn05A_S297_L001_R2_001.fastq.gz	1a3cbd3d1dcf016a57c104551426c1cd	15Avi1001Cn05A	biological	gill metagenome	Avi	gill [UBERON:0002535]	2015
PRJEB124417	DURANCE16S_RUN_15Avi1001Cn05A_durance3	DURANCE16S_EXP_15Avi1001Cn05A_durance3	DURANCE16S_15Avi1001Cn05A	durance3	prep2	2	15Avi1001Cn05A_durance3	ERR17752286	ERX17142829	15Avi1001Cn05A_S297_L001_R1_001.fastq.gz	a56f409a9f8d40b835960e066020ea43	15Avi1001Cn05A_S297_L001_R2_001.fastq.gz	a74d695706a770996afe2c666b52b048	15Avi1001Cn05A	biological	gill metagenome	Avi	gill [UBERON:0002535]	2015
PRJEB124417	DURANCE16S_RUN_15Avi1002Cn01A_durance1	DURANCE16S_EXP_15Avi1002Cn01A_durance1	DURANCE16S_15Avi1002Cn01A	durance1	prep1	1	15Avi1002Cn01A_durance1	ERR17752288	ERX17142831	15Avi1002Cn01A_S117_L001_R1_001.fastq.gz	2906e30a45128ac35489df9f4f742fad	15Avi1002Cn01A_S117_L001_R2_001.fastq.gz	b8c95ffdfab271b477b92e83adb7956d	15Avi1002Cn01A	biological	fish metagenome	Avi	caudal fin [UBERON:4000164]	2015
PRJEB124417	DURANCE16S_RUN_15Avi1002Cn01A_durance2	DURANCE16S_EXP_15Avi1002Cn01A_durance2	DURANCE16S_15Avi1002Cn01A	durance2	prep2	1	15Avi1002Cn01A_durance2	ERR17752287	ERX17142830	15Avi1002Cn01A_S117_L001_R1_001.fastq.gz	bfcde76d04b4d36bcc1f17e0b933aba3	15Avi1002Cn01A_S117_L001_R2_001.fastq.gz	3ba9486bd07dc369d3236e8087b62248	15Avi1002Cn01A	biological	fish metagenome	Avi	caudal fin [UBERON:4000164]	2015
PRJEB124417	DURANCE16S_RUN_15Avi1002Cn01A_durance3	DURANCE16S_EXP_15Avi1002Cn01A_durance3	DURANCE16S_15Avi1002Cn01A	durance3	prep2	2	15Avi1002Cn01A_durance3	ERR17752289	ERX17142832	15Avi1002Cn01A_S117_L001_R1_001.fastq.gz	e1f316c2ea4e1da19c44160db29f1247	15Avi1002Cn01A_S117_L001_R2_001.fastq.gz	829ab9744b6b6ef5502b6bde5a1d0548	15Avi1002Cn01A	biological	fish metagenome	Avi	caudal fin [UBERON:4000164]	2015
PRJEB124417	DURANCE16S_RUN_15Avi1002Cn02A_durance1	DURANCE16S_EXP_15Avi1002Cn02A_durance1	DURANCE16S_15Avi1002Cn02A	durance1	prep1	1	15Avi1002Cn02A_durance1	ERR17752291	ERX17142834	15Avi1002Cn02A_S693_L001_R1_001.fastq.gz	3116983d2da25df6ec66f5d75d91e802	15Avi1002Cn02A_S693_L001_R2_001.fastq.gz	5d4d822354476a7463eda872b0f263ed	15Avi1002Cn02A	biological	fish gut metagenome	Avi	midgut [UBERON:0001045]	2015
PRJEB124417	DURANCE16S_RUN_15Avi1002Cn02A_durance2	DURANCE16S_EXP_15Avi1002Cn02A_durance2	DURANCE16S_15Avi1002Cn02A	durance2	prep2	1	15Avi1002Cn02A_durance2	ERR17752290	ERX17142833	15Avi1002Cn02A_S693_L001_R1_001.fastq.gz	6ee2fd0f50dbf01d20a177383358cf8f	15Avi1002Cn02A_S693_L001_R2_001.fastq.gz	5b0d840c1f2117d7376e0f77c27feb66	15Avi1002Cn02A	biological	fish gut metagenome	Avi	midgut [UBERON:0001045]	2015
PRJEB124417	DURANCE16S_RUN_15Avi1002Cn02A_durance3	DURANCE16S_EXP_15Avi1002Cn02A_durance3	DURANCE16S_15Avi1002Cn02A	durance3	prep2	2	15Avi1002Cn02A_durance3	ERR17752292	ERX17142835	15Avi1002Cn02A_S693_L001_R1_001.fastq.gz	c2e5096c751ed1463edf3d444b3f899f	15Avi1002Cn02A_S693_L001_R2_001.fastq.gz	0faf6bb3212db356a02a706931e05636	15Avi1002Cn02A	biological	fish gut metagenome	Avi	midgut [UBERON:0001045]	2015
PRJEB124417	DURANCE16S_RUN_15Avi1002Cn03A_durance1	DURANCE16S_EXP_15Avi1002Cn03A_durance1	DURANCE16S_15Avi1002Cn03A	durance1	prep1	1	15Avi1002Cn03A_durance1	ERR17752294	ERX17142837	15Avi1002Cn03A_S501_L001_R1_001.fastq.gz	5c381e2ac00a953838a553d6590380c4	15Avi1002Cn03A_S501_L001_R2_001.fastq.gz	2959c5a3798a8a4b5bd12ca9540a6f8a	15Avi1002Cn03A	biological	fish gut metagenome	Avi	hindgut [UBERON:0001046]	2015
PRJEB124417	DURANCE16S_RUN_15Avi1002Cn03A_durance2	DURANCE16S_EXP_15Avi1002Cn03A_durance2	DURANCE16S_15Avi1002Cn03A	durance2	prep2	1	15Avi1002Cn03A_durance2	ERR17752293	ERX17142836	15Avi1002Cn03A_S501_L001_R1_001.fastq.gz	63348e566c3088abf813e468296c4360	15Avi1002Cn03A_S501_L001_R2_001.fastq.gz	149501c36c3f06bb52c83db42707a155	15Avi1002Cn03A	biological	fish gut metagenome	Avi	hindgut [UBERON:0001046]	2015
PRJEB124417	DURANCE16S_RUN_15Avi1002Cn03A_durance3	DURANCE16S_EXP_15Avi1002Cn03A_durance3	DURANCE16S_15Avi1002Cn03A	durance3	prep2	2	15Avi1002Cn03A_durance3	ERR17752297	ERX17142840	15Avi1002Cn03A_S501_L001_R1_001.fastq.gz	0be3765d62f7552158d07f16538c9bcf	15Avi1002Cn03A_S501_L001_R2_001.fastq.gz	7db02948a8651e0239967c614c933180	15Avi1002Cn03A	biological	fish gut metagenome	Avi	hindgut [UBERON:0001046]	2015
PRJEB124417	DURANCE16S_RUN_15Avi1002Cn05A_durance1	DURANCE16S_EXP_15Avi1002Cn05A_durance1	DURANCE16S_15Avi1002Cn05A	durance1	prep1	1	15Avi1002Cn05A_durance1	ERR17752295	ERX17142838	15Avi1002Cn05A_S309_L001_R1_001.fastq.gz	e22a3b34d39aadfbea962204827140ed	15Avi1002Cn05A_S309_L001_R2_001.fastq.gz	80f51a1fef54bf836d7f43f50f43bf2a	15Avi1002Cn05A	biological	gill metagenome	Avi	gill [UBERON:0002535]	2015
PRJEB124417	DURANCE16S_RUN_15Avi1002Cn05A_durance2	DURANCE16S_EXP_15Avi1002Cn05A_durance2	DURANCE16S_15Avi1002Cn05A	durance2	prep2	1	15Avi1002Cn05A_durance2	ERR17752296	ERX17142839	15Avi1002Cn05A_S309_L001_R1_001.fastq.gz	207dd336b36a5c50d323a1b9a00faf0b	15Avi1002Cn05A_S309_L001_R2_001.fastq.gz	ba79864157a96fc551a37b56b43f6509	15Avi1002Cn05A	biological	gill metagenome	Avi	gill [UBERON:0002535]	2015
PRJEB124417	DURANCE16S_RUN_15Avi1002Cn05A_durance3	DURANCE16S_EXP_15Avi1002Cn05A_durance3	DURANCE16S_15Avi1002Cn05A	durance3	prep2	2	15Avi1002Cn05A_durance3	ERR17752298	ERX17142841	15Avi1002Cn05A_S309_L001_R1_001.fastq.gz	4fe9d60097fdfcda9c21ed4bcbdd7fec	15Avi1002Cn05A_S309_L001_R2_001.fastq.gz	c930ff69f5aa7bc6347a584dd44e8c7f	15Avi1002Cn05A	biological	gill metagenome	Avi	gill [UBERON:0002535]	2015
PRJEB124417	DURANCE16S_RUN_15Avi1003Cn01A_durance1	DURANCE16S_EXP_15Avi1003Cn01A_durance1	DURANCE16S_15Avi1003Cn01A	durance1	prep1	1	15Avi1003Cn01A_durance1	ERR17752299	ERX17142842	15Avi1003Cn01A_S129_L001_R1_001.fastq.gz	bcd6f2db2f7791a33ba566becccc46b6	15Avi1003Cn01A_S129_L001_R2_001.fastq.gz	b207b81f04cda940cffb3f57f46e55ab	15Avi1003Cn01A	biological	fish metagenome	Avi	caudal fin [UBERON:4000164]	2015
PRJEB124417	DURANCE16S_RUN_15Avi1003Cn01A_durance2	DURANCE16S_EXP_15Avi1003Cn01A_durance2	DURANCE16S_15Avi1003Cn01A	durance2	prep2	1	15Avi1003Cn01A_durance2	ERR17752300	ERX17142843	15Avi1003Cn01A_S129_L001_R1_001.fastq.gz	5046be5c9f5a457716ff1cd8f84fcb12	15Avi1003Cn01A_S129_L001_R2_001.fastq.gz	6860d6283eb36a610852fa334863b231	15Avi1003Cn01A	biological	fish metagenome	Avi	caudal fin [UBERON:4000164]	2015
PRJEB124417	DURANCE16S_RUN_15Avi1003Cn01A_durance3	DURANCE16S_EXP_15Avi1003Cn01A_durance3	DURANCE16S_15Avi1003Cn01A	durance3	prep2	2	15Avi1003Cn01A_durance3	ERR17752302	ERX17142845	15Avi1003Cn01A_S129_L001_R1_001.fastq.gz	2ff7d4f785007c5e92a5de6c09573a4a	15Avi1003Cn01A_S129_L001_R2_001.fastq.gz	5cf3b80ff67f43191ad28559b0672060	15Avi1003Cn01A	biological	fish metagenome	Avi	caudal fin [UBERON:4000164]	2015
PRJEB124417	DURANCE16S_RUN_15Avi1003Cn02A_durance1	DURANCE16S_EXP_15Avi1003Cn02A_durance1	DURANCE16S_15Avi1003Cn02A	durance1	prep1	1	15Avi1003Cn02A_durance1	ERR17752301	ERX17142844	15Avi1003Cn02A_S705_L001_R1_001.fastq.gz	cf40da690c8bcc4c0dccf2accef79d73	15Avi1003Cn02A_S705_L001_R2_001.fastq.gz	779be12687218826cb8e4768e511b9bb	15Avi1003Cn02A	biological	fish gut metagenome	Avi	midgut [UBERON:0001045]	2015
PRJEB124417	DURANCE16S_RUN_15Avi1003Cn02A_durance2	DURANCE16S_EXP_15Avi1003Cn02A_durance2	DURANCE16S_15Avi1003Cn02A	durance2	prep2	1	15Avi1003Cn02A_durance2	ERR17752305	ERX17142848	15Avi1003Cn02A_S705_L001_R1_001.fastq.gz	f484fde0b6cdf4831fa5ed214241bc2e	15Avi1003Cn02A_S705_L001_R2_001.fastq.gz	6ac415ee90ee772d55c2c0f19b9e696f	15Avi1003Cn02A	biological	fish gut metagenome	Avi	midgut [UBERON:0001045]	2015
PRJEB124417	DURANCE16S_RUN_15Avi1003Cn02A_durance3	DURANCE16S_EXP_15Avi1003Cn02A_durance3	DURANCE16S_15Avi1003Cn02A	durance3	prep2	2	15Avi1003Cn02A_durance3	ERR17752306	ERX17142849	15Avi1003Cn02A_S705_L001_R1_001.fastq.gz	7f40c5f2c5b059583765a31d49b31017	15Avi1003Cn02A_S705_L001_R2_001.fastq.gz	0d40f68eb4c1a0ae346b04378abde28d	15Avi1003Cn02A	biological	fish gut metagenome	Avi	midgut [UBERON:0001045]	2015
PRJEB124417	DURANCE16S_RUN_15Avi1003Cn03A_durance1	DURANCE16S_EXP_15Avi1003Cn03A_durance1	DURANCE16S_15Avi1003Cn03A	durance1	prep1	1	15Avi1003Cn03A_durance1	ERR17752304	ERX17142847	15Avi1003Cn03A_S513_L001_R1_001.fastq.gz	6584cb141fb49b0c6cc43607fc0f66f3	15Avi1003Cn03A_S513_L001_R2_001.fastq.gz	9b3070e8ce25b6f374a1586f6b8e5d9d	15Avi1003Cn03A	biological	fish gut metagenome	Avi	hindgut [UBERON:0001046]	2015
PRJEB124417	DURANCE16S_RUN_15Avi1003Cn03A_durance2	DURANCE16S_EXP_15Avi1003Cn03A_durance2	DURANCE16S_15Avi1003Cn03A	durance2	prep2	1	15Avi1003Cn03A_durance2	ERR17752308	ERX17142851	15Avi1003Cn03A_S513_L001_R1_001.fastq.gz	b4751b3db8e85e2057b9c915c34a52a2	15Avi1003Cn03A_S513_L001_R2_001.fastq.gz	da96704f3b30f5137019d74f46ce63a7	15Avi1003Cn03A	biological	fish gut metagenome	Avi	hindgut [UBERON:0001046]	2015
PRJEB124417	DURANCE16S_RUN_15Avi1003Cn03A_durance3	DURANCE16S_EXP_15Avi1003Cn03A_durance3	DURANCE16S_15Avi1003Cn03A	durance3	prep2	2	15Avi1003Cn03A_durance3	ERR17752309	ERX17142852	15Avi1003Cn03A_S513_L001_R1_001.fastq.gz	cce5204bb5941c7bf9bfcb2b6134f401	15Avi1003Cn03A_S513_L001_R2_001.fastq.gz	d2e1c2d83343b15f674cdb1aee8f72b0	15Avi1003Cn03A	biological	fish gut metagenome	Avi	hindgut [UBERON:0001046]	2015
PRJEB124417	DURANCE16S_RUN_15Avi1003Cn05A_durance1	DURANCE16S_EXP_15Avi1003Cn05A_durance1	DURANCE16S_15Avi1003Cn05A	durance1	prep1	1	15Avi1003Cn05A_durance1	ERR17752310	ERX17142853	15Avi1003Cn05A_S321_L001_R1_001.fastq.gz	13f9690973a9185dfd6a78216cdfef95	15Avi1003Cn05A_S321_L001_R2_001.fastq.gz	5ecabdbb65d2e94e11828167c0b9cd4e	15Avi1003Cn05A	biological	gill metagenome	Avi	gill [UBERON:0002535]	2015
PRJEB124417	DURANCE16S_RUN_15Avi1003Cn05A_durance2	DURANCE16S_EXP_15Avi1003Cn05A_durance2	DURANCE16S_15Avi1003Cn05A	durance2	prep2	1	15Avi1003Cn05A_durance2	ERR17752311	ERX17142854	15Avi1003Cn05A_S321_L001_R1_001.fastq.gz	cac54624940b95a662d56f9c9e2bf3fe	15Avi1003Cn05A_S321_L001_R2_001.fastq.gz	9c169aaef11224f0cd5b26a4ff8d80e0	15Avi1003Cn05A	biological	gill metagenome	Avi	gill [UBERON:0002535]	2015
PRJEB124417	DURANCE16S_RUN_15Avi1003Cn05A_durance3	DURANCE16S_EXP_15Avi1003Cn05A_durance3	DURANCE16S_15Avi1003Cn05A	durance3	prep2	2	15Avi1003Cn05A_durance3	ERR17752312	ERX17142855	15Avi1003Cn05A_S321_L001_R1_001.fastq.gz	80457706fc667af1a81440093ed8fd5a	15Avi1003Cn05A_S321_L001_R2_001.fastq.gz	a7d1eb8a70b15c11538274f6b0f55d55	15Avi1003Cn05A	biological	gill metagenome	Avi	gill [UBERON:0002535]	2015
PRJEB124417	DURANCE16S_RUN_15Avi1004Cn01A_durance1	DURANCE16S_EXP_15Avi1004Cn01A_durance1	DURANCE16S_15Avi1004Cn01A	durance1	prep1	1	15Avi1004Cn01A_durance1	ERR17752314	ERX17142857	15Avi1004Cn01A_S141_L001_R1_001.fastq.gz	cf5e74d22b5d119b9342da0adcf33821	15Avi1004Cn01A_S141_L001_R2_001.fastq.gz	60e530a596cfd256357542d0cc90a7d9	15Avi1004Cn01A	biological	fish metagenome	Avi	caudal fin [UBERON:4000164]	2015
PRJEB124417	DURANCE16S_RUN_15Avi1004Cn01A_durance2	DURANCE16S_EXP_15Avi1004Cn01A_durance2	DURANCE16S_15Avi1004Cn01A	durance2	prep2	1	15Avi1004Cn01A_durance2	ERR17752315	ERX17142858	15Avi1004Cn01A_S141_L001_R1_001.fastq.gz	7a36a39479bcf4f25162d27b01dbd66d	15Avi1004Cn01A_S141_L001_R2_001.fastq.gz	5a4c54144713cb24b9437111761fb263	15Avi1004Cn01A	biological	fish metagenome	Avi	caudal fin [UBERON:4000164]	2015
PRJEB124417	DURANCE16S_RUN_15Avi1004Cn01A_durance3	DURANCE16S_EXP_15Avi1004Cn01A_durance3	DURANCE16S_15Avi1004Cn01A	durance3	prep2	2	15Avi1004Cn01A_durance3	ERR17752316	ERX17142859	15Avi1004Cn01A_S141_L001_R1_001.fastq.gz	0f30d0ac09b3be551b19e7bcf1652810	15Avi1004Cn01A_S141_L001_R2_001.fastq.gz	ca973060d95016cc46f0382f20369fa0	15Avi1004Cn01A	biological	fish metagenome	Avi	caudal fin [UBERON:4000164]	2015
PRJEB124417	DURANCE16S_RUN_15Avi1004Cn02A_durance1	DURANCE16S_EXP_15Avi1004Cn02A_durance1	DURANCE16S_15Avi1004Cn02A	durance1	prep1	1	15Avi1004Cn02A_durance1	ERR17752313	ERX17142856	15Avi1004Cn02A_S717_L001_R1_001.fastq.gz	1aa72c3532a60b95d1894bfe8477cdda	15Avi1004Cn02A_S717_L001_R2_001.fastq.gz	498794b3a791cec1af28186009ccd574	15Avi1004Cn02A	biological	fish gut metagenome	Avi	midgut [UBERON:0001045]	2015
PRJEB124417	DURANCE16S_RUN_15Avi1004Cn02A_durance2	DURANCE16S_EXP_15Avi1004Cn02A_durance2	DURANCE16S_15Avi1004Cn02A	durance2	prep2	1	15Avi1004Cn02A_durance2	ERR17752318	ERX17142861	15Avi1004Cn02A_S717_L001_R1_001.fastq.gz	201dc0ba6dfff7d0fb5fd77e5cd46742	15Avi1004Cn02A_S717_L001_R2_001.fastq.gz	b8aa9370dad00e89871d99ed4cdb7639	15Avi1004Cn02A	biological	fish gut metagenome	Avi	midgut [UBERON:0001045]	2015
PRJEB124417	DURANCE16S_RUN_15Avi1004Cn02A_durance3	DURANCE16S_EXP_15Avi1004Cn02A_durance3	DURANCE16S_15Avi1004Cn02A	durance3	prep2	2	15Avi1004Cn02A_durance3	ERR17752317	ERX17142860	15Avi1004Cn02A_S717_L001_R1_001.fastq.gz	45e7b91751ee72a95db90b38af013040	15Avi1004Cn02A_S717_L001_R2_001.fastq.gz	c07b8946edb240d3ed105eca739bbafd	15Avi1004Cn02A	biological	fish gut metagenome	Avi	midgut [UBERON:0001045]	2015
PRJEB124417	DURANCE16S_RUN_15Avi1004Cn03A_durance1	DURANCE16S_EXP_15Avi1004Cn03A_durance1	DURANCE16S_15Avi1004Cn03A	durance1	prep1	1	15Avi1004Cn03A_durance1	ERR17752319	ERX17142862	15Avi1004Cn03A_S525_L001_R1_001.fastq.gz	326384e5583f775d73a9533035b210fc	15Avi1004Cn03A_S525_L001_R2_001.fastq.gz	0f4c4e0a5a6e96073be38b60dd5c3a1b	15Avi1004Cn03A	biological	fish gut metagenome	Avi	hindgut [UBERON:0001046]	2015
PRJEB124417	DURANCE16S_RUN_15Avi1004Cn03A_durance2	DURANCE16S_EXP_15Avi1004Cn03A_durance2	DURANCE16S_15Avi1004Cn03A	durance2	prep2	1	15Avi1004Cn03A_durance2	ERR17752320	ERX17142863	15Avi1004Cn03A_S525_L001_R1_001.fastq.gz	24115983dcbbf2350c1c45e4a1929397	15Avi1004Cn03A_S525_L001_R2_001.fastq.gz	ab9d91fd58105afa5afc788e264ee251	15Avi1004Cn03A	biological	fish gut metagenome	Avi	hindgut [UBERON:0001046]	2015
PRJEB124417	DURANCE16S_RUN_15Avi1004Cn03A_durance3	DURANCE16S_EXP_15Avi1004Cn03A_durance3	DURANCE16S_15Avi1004Cn03A	durance3	prep2	2	15Avi1004Cn03A_durance3	ERR17752322	ERX17142865	15Avi1004Cn03A_S525_L001_R1_001.fastq.gz	6467143e29a1c53107a1b391d29a5b18	15Avi1004Cn03A_S525_L001_R2_001.fastq.gz	8160e317b943b9479092bdb236588272	15Avi1004Cn03A	biological	fish gut metagenome	Avi	hindgut [UBERON:0001046]	2015
PRJEB124417	DURANCE16S_RUN_15Avi1004Cn05A_durance1	DURANCE16S_EXP_15Avi1004Cn05A_durance1	DURANCE16S_15Avi1004Cn05A	durance1	prep1	1	15Avi1004Cn05A_durance1	ERR17752321	ERX17142864	15Avi1004Cn05A_S333_L001_R1_001.fastq.gz	05f9a598eeac78b4014eb9d43d7d932e	15Avi1004Cn05A_S333_L001_R2_001.fastq.gz	de144f337f4e988cd2a222b37e7cd543	15Avi1004Cn05A	biological	gill metagenome	Avi	gill [UBERON:0002535]	2015
PRJEB124417	DURANCE16S_RUN_15Avi1004Cn05A_durance2	DURANCE16S_EXP_15Avi1004Cn05A_durance2	DURANCE16S_15Avi1004Cn05A	durance2	prep2	1	15Avi1004Cn05A_durance2	ERR17752323	ERX17142866	15Avi1004Cn05A_S333_L001_R1_001.fastq.gz	a258960484b6dd43f7c171114df592d2	15Avi1004Cn05A_S333_L001_R2_001.fastq.gz	f3deac8d780b8c1af2f022cf76f34d03	15Avi1004Cn05A	biological	gill metagenome	Avi	gill [UBERON:0002535]	2015
PRJEB124417	DURANCE16S_RUN_15Avi1004Cn05A_durance3	DURANCE16S_EXP_15Avi1004Cn05A_durance3	DURANCE16S_15Avi1004Cn05A	durance3	prep2	2	15Avi1004Cn05A_durance3	ERR17752324	ERX17142867	15Avi1004Cn05A_S333_L001_R1_001.fastq.gz	a84c413b9668df4adef6caebc677b7e8	15Avi1004Cn05A_S333_L001_R2_001.fastq.gz	22a4c2ed4b8750d53824e1f1b98f075c	15Avi1004Cn05A	biological	gill metagenome	Avi	gill [UBERON:0002535]	2015
PRJEB124417	DURANCE16S_RUN_15Avi1005Cn01A_durance1	DURANCE16S_EXP_15Avi1005Cn01A_durance1	DURANCE16S_15Avi1005Cn01A	durance1	prep1	1	15Avi1005Cn01A_durance1	ERR17752325	ERX17142868	15Avi1005Cn01A_S153_L001_R1_001.fastq.gz	7ec0730c9ea2b1bb84c8ddbe3e5d3e50	15Avi1005Cn01A_S153_L001_R2_001.fastq.gz	a64dd29a71952a0469f2ef1e3269bcd3	15Avi1005Cn01A	biological	fish metagenome	Avi	caudal fin [UBERON:4000164]	2015
PRJEB124417	DURANCE16S_RUN_15Avi1005Cn01A_durance2	DURANCE16S_EXP_15Avi1005Cn01A_durance2	DURANCE16S_15Avi1005Cn01A	durance2	prep2	1	15Avi1005Cn01A_durance2	ERR17752326	ERX17142869	15Avi1005Cn01A_S153_L001_R1_001.fastq.gz	3b509d20435ff4f76b8256cf02de3884	15Avi1005Cn01A_S153_L001_R2_001.fastq.gz	ded192face83ec3cd8ba04850c0bf413	15Avi1005Cn01A	biological	fish metagenome	Avi	caudal fin [UBERON:4000164]	2015
PRJEB124417	DURANCE16S_RUN_15Avi1005Cn01A_durance3	DURANCE16S_EXP_15Avi1005Cn01A_durance3	DURANCE16S_15Avi1005Cn01A	durance3	prep2	2	15Avi1005Cn01A_durance3	ERR17752328	ERX17142871	15Avi1005Cn01A_S153_L001_R1_001.fastq.gz	737c5f8ff3005174f3b90a7c2c421a38	15Avi1005Cn01A_S153_L001_R2_001.fastq.gz	25d885f28ede031075a1717fb8638629	15Avi1005Cn01A	biological	fish metagenome	Avi	caudal fin [UBERON:4000164]	2015
PRJEB124417	DURANCE16S_RUN_15Avi1005Cn02A_durance1	DURANCE16S_EXP_15Avi1005Cn02A_durance1	DURANCE16S_15Avi1005Cn02A	durance1	prep1	1	15Avi1005Cn02A_durance1	ERR17752327	ERX17142870	15Avi1005Cn02A_S729_L001_R1_001.fastq.gz	94c4b5706e3cb02629da69f07d59afc0	15Avi1005Cn02A_S729_L001_R2_001.fastq.gz	596f445c48afee9dfe3a8c9fc7481f34	15Avi1005Cn02A	biological	fish gut metagenome	Avi	midgut [UBERON:0001045]	2015
PRJEB124417	DURANCE16S_RUN_15Avi1005Cn02A_durance2	DURANCE16S_EXP_15Avi1005Cn02A_durance2	DURANCE16S_15Avi1005Cn02A	durance2	prep2	1	15Avi1005Cn02A_durance2	ERR17752330	ERX17142873	15Avi1005Cn02A_S729_L001_R1_001.fastq.gz	7c02d5afe74b5ba92b1d6a8fad77f5b3	15Avi1005Cn02A_S729_L001_R2_001.fastq.gz	cf560fdc40dc68b8ec8afc4e65bd6602	15Avi1005Cn02A	biological	fish gut metagenome	Avi	midgut [UBERON:0001045]	2015
PRJEB124417	DURANCE16S_RUN_15Avi1005Cn02A_durance3	DURANCE16S_EXP_15Avi1005Cn02A_durance3	DURANCE16S_15Avi1005Cn02A	durance3	prep2	2	15Avi1005Cn02A_durance3	ERR17752329	ERX17142872	15Avi1005Cn02A_S729_L001_R1_001.fastq.gz	859e5ae1b220770a435c01263b1b44d5	15Avi1005Cn02A_S729_L001_R2_001.fastq.gz	becca29ad1405c9e9e6794f67e3c170e	15Avi1005Cn02A	biological	fish gut metagenome	Avi	midgut [UBERON:0001045]	2015
PRJEB124417	DURANCE16S_RUN_15Avi1005Cn03A_durance1	DURANCE16S_EXP_15Avi1005Cn03A_durance1	DURANCE16S_15Avi1005Cn03A	durance1	prep1	1	15Avi1005Cn03A_durance1	ERR17752334	ERX17142877	15Avi1005Cn03A_S537_L001_R1_001.fastq.gz	e78e427aeb90e9c85e8602a5fbebb363	15Avi1005Cn03A_S537_L001_R2_001.fastq.gz	3f738ed29bc4ef8095ec46506fdc9753	15Avi1005Cn03A	biological	fish gut metagenome	Avi	hindgut [UBERON:0001046]	2015
PRJEB124417	DURANCE16S_RUN_15Avi1005Cn03A_durance2	DURANCE16S_EXP_15Avi1005Cn03A_durance2	DURANCE16S_15Avi1005Cn03A	durance2	prep2	1	15Avi1005Cn03A_durance2	ERR17752331	ERX17142874	15Avi1005Cn03A_S537_L001_R1_001.fastq.gz	bfe2e076f1f0c543205e6f36d6f6035f	15Avi1005Cn03A_S537_L001_R2_001.fastq.gz	91f22b7c78934e2280d2040befc4ae62	15Avi1005Cn03A	biological	fish gut metagenome	Avi	hindgut [UBERON:0001046]	2015
PRJEB124417	DURANCE16S_RUN_15Avi1005Cn03A_durance3	DURANCE16S_EXP_15Avi1005Cn03A_durance3	DURANCE16S_15Avi1005Cn03A	durance3	prep2	2	15Avi1005Cn03A_durance3	ERR17752333	ERX17142876	15Avi1005Cn03A_S537_L001_R1_001.fastq.gz	a734431bd4bd719952cb88e9209718f2	15Avi1005Cn03A_S537_L001_R2_001.fastq.gz	f633027820e82b58540bcf957d7b817f	15Avi1005Cn03A	biological	fish gut metagenome	Avi	hindgut [UBERON:0001046]	2015
PRJEB124417	DURANCE16S_RUN_15Avi1005Cn05A_durance1	DURANCE16S_EXP_15Avi1005Cn05A_durance1	DURANCE16S_15Avi1005Cn05A	durance1	prep1	1	15Avi1005Cn05A_durance1	ERR17752332	ERX17142875	15Avi1005Cn05A_S345_L001_R1_001.fastq.gz	56051a77df72f30dc5b756bb1ab49e8e	15Avi1005Cn05A_S345_L001_R2_001.fastq.gz	914c5d8e8ce4517c15e5e89dfa8e5a77	15Avi1005Cn05A	biological	gill metagenome	Avi	gill [UBERON:0002535]	2015
PRJEB124417	DURANCE16S_RUN_15Avi1005Cn05A_durance2	DURANCE16S_EXP_15Avi1005Cn05A_durance2	DURANCE16S_15Avi1005Cn05A	durance2	prep2	1	15Avi1005Cn05A_durance2	ERR17752335	ERX17142878	15Avi1005Cn05A_S345_L001_R1_001.fastq.gz	e74ba86c74885e8f2342510d26d16b8b	15Avi1005Cn05A_S345_L001_R2_001.fastq.gz	8bbf67c2462bbd2310ffce065baf1b04	15Avi1005Cn05A	biological	gill metagenome	Avi	gill [UBERON:0002535]	2015
PRJEB124417	DURANCE16S_RUN_15Avi1005Cn05A_durance3	DURANCE16S_EXP_15Avi1005Cn05A_durance3	DURANCE16S_15Avi1005Cn05A	durance3	prep2	2	15Avi1005Cn05A_durance3	ERR17752337	ERX17142880	15Avi1005Cn05A_S345_L001_R1_001.fastq.gz	15ac9391bc834d61c1c7ccc564751213	15Avi1005Cn05A_S345_L001_R2_001.fastq.gz	b4e7f91bb45b69f37a36f650e58df6d9	15Avi1005Cn05A	biological	gill metagenome	Avi	gill [UBERON:0002535]	2015
PRJEB124417	DURANCE16S_RUN_15Avi1006Cn01A_durance1	DURANCE16S_EXP_15Avi1006Cn01A_durance1	DURANCE16S_15Avi1006Cn01A	durance1	prep1	1	15Avi1006Cn01A_durance1	ERR17752336	ERX17142879	15Avi1006Cn01A_S165_L001_R1_001.fastq.gz	df5ec4838b1f5bb016fbbf844698e2ba	15Avi1006Cn01A_S165_L001_R2_001.fastq.gz	8b6ac25b4d8fc4726e9e7d6bdc0007a4	15Avi1006Cn01A	biological	fish metagenome	Avi	caudal fin [UBERON:4000164]	2015
PRJEB124417	DURANCE16S_RUN_15Avi1006Cn01A_durance2	DURANCE16S_EXP_15Avi1006Cn01A_durance2	DURANCE16S_15Avi1006Cn01A	durance2	prep2	1	15Avi1006Cn01A_durance2	ERR17752338	ERX17142881	15Avi1006Cn01A_S165_L001_R1_001.fastq.gz	dd3f8dae2281eb84228bf7ee8b0ddd8b	15Avi1006Cn01A_S165_L001_R2_001.fastq.gz	3e4861acedf5395b18a1811a587c3612	15Avi1006Cn01A	biological	fish metagenome	Avi	caudal fin [UBERON:4000164]	2015
PRJEB124417	DURANCE16S_RUN_15Avi1006Cn01A_durance3	DURANCE16S_EXP_15Avi1006Cn01A_durance3	DURANCE16S_15Avi1006Cn01A	durance3	prep2	2	15Avi1006Cn01A_durance3	ERR17752341	ERX17142884	15Avi1006Cn01A_S165_L001_R1_001.fastq.gz	cbbb045c22b8a1c8eab5b965bee78567	15Avi1006Cn01A_S165_L001_R2_001.fastq.gz	4cdb117426ddced7d7fae2d3f33401bb	15Avi1006Cn01A	biological	fish metagenome	Avi	caudal fin [UBERON:4000164]	2015
PRJEB124417	DURANCE16S_RUN_15Avi1006Cn02A_durance1	DURANCE16S_EXP_15Avi1006Cn02A_durance1	DURANCE16S_15Avi1006Cn02A	durance1	prep1	1	15Avi1006Cn02A_durance1	ERR17752340	ERX17142883	15Avi1006Cn02A_S741_L001_R1_001.fastq.gz	d4e5c5dfca686fb42a4421f379a8b62d	15Avi1006Cn02A_S741_L001_R2_001.fastq.gz	3c2ecb30bc67e4be9244f9a7c3324a12	15Avi1006Cn02A	biological	fish gut metagenome	Avi	midgut [UBERON:0001045]	2015
PRJEB124417	DURANCE16S_RUN_15Avi1006Cn02A_durance2	DURANCE16S_EXP_15Avi1006Cn02A_durance2	DURANCE16S_15Avi1006Cn02A	durance2	prep2	1	15Avi1006Cn02A_durance2	ERR17752339	ERX17142882	15Avi1006Cn02A_S741_L001_R1_001.fastq.gz	f77974524642165ee9a28d89483c0710	15Avi1006Cn02A_S741_L001_R2_001.fastq.gz	2658dc1acc35e9aca7c6816aa0991e6b	15Avi1006Cn02A	biological	fish gut metagenome	Avi	midgut [UBERON:0001045]	2015
PRJEB124417	DURANCE16S_RUN_15Avi1006Cn02A_durance3	DURANCE16S_EXP_15Avi1006Cn02A_durance3	DURANCE16S_15Avi1006Cn02A	durance3	prep2	2	15Avi1006Cn02A_durance3	ERR17752342	ERX17142885	15Avi1006Cn02A_S741_L001_R1_001.fastq.gz	8e83001db941641f61220952ab176ef6	15Avi1006Cn02A_S741_L001_R2_001.fastq.gz	8ff5f7fe6217b5853ea8cc6f703d857a	15Avi1006Cn02A	biological	fish gut metagenome	Avi	midgut [UBERON:0001045]	2015
PRJEB124417	DURANCE16S_RUN_15Avi1006Cn03A_durance1	DURANCE16S_EXP_15Avi1006Cn03A_durance1	DURANCE16S_15Avi1006Cn03A	durance1	prep1	1	15Avi1006Cn03A_durance1	ERR17752343	ERX17142886	15Avi1006Cn03A_S549_L001_R1_001.fastq.gz	4b16898f164036e99071d109a24ebb56	15Avi1006Cn03A_S549_L001_R2_001.fastq.gz	c4de8f05f2963b75aafc89f1701a206e	15Avi1006Cn03A	biological	fish gut metagenome	Avi	hindgut [UBERON:0001046]	2015
PRJEB124417	DURANCE16S_RUN_15Avi1006Cn03A_durance2	DURANCE16S_EXP_15Avi1006Cn03A_durance2	DURANCE16S_15Avi1006Cn03A	durance2	prep2	1	15Avi1006Cn03A_durance2	ERR17752344	ERX17142887	15Avi1006Cn03A_S549_L001_R1_001.fastq.gz	1ce44c142c5bdf4114a284f055297a18	15Avi1006Cn03A_S549_L001_R2_001.fastq.gz	678441d405344e3b84d34b7bbe235794	15Avi1006Cn03A	biological	fish gut metagenome	Avi	hindgut [UBERON:0001046]	2015
PRJEB124417	DURANCE16S_RUN_15Avi1006Cn03A_durance3	DURANCE16S_EXP_15Avi1006Cn03A_durance3	DURANCE16S_15Avi1006Cn03A	durance3	prep2	2	15Avi1006Cn03A_durance3	ERR17752345	ERX17142888	15Avi1006Cn03A_S549_L001_R1_001.fastq.gz	d8d0fffbe9abbefb059baa572ea5cd91	15Avi1006Cn03A_S549_L001_R2_001.fastq.gz	f8c2536d590c79bd4f8d06a19214d2d9	15Avi1006Cn03A	biological	fish gut metagenome	Avi	hindgut [UBERON:0001046]	2015
PRJEB124417	DURANCE16S_RUN_15Avi1006Cn05A_durance1	DURANCE16S_EXP_15Avi1006Cn05A_durance1	DURANCE16S_15Avi1006Cn05A	durance1	prep1	1	15Avi1006Cn05A_durance1	ERR17752346	ERX17142889	15Avi1006Cn05A_S357_L001_R1_001.fastq.gz	cd8ee355160078eb07f25cb97725605f	15Avi1006Cn05A_S357_L001_R2_001.fastq.gz	a76655623d5d4c77f143e9a7e97f6bd8	15Avi1006Cn05A	biological	gill metagenome	Avi	gill [UBERON:0002535]	2015
PRJEB124417	DURANCE16S_RUN_15Avi1006Cn05A_durance2	DURANCE16S_EXP_15Avi1006Cn05A_durance2	DURANCE16S_15Avi1006Cn05A	durance2	prep2	1	15Avi1006Cn05A_durance2	ERR17752349	ERX17142892	15Avi1006Cn05A_S357_L001_R1_001.fastq.gz	9fa0b1234fecbae3b50bee8435ba2a50	15Avi1006Cn05A_S357_L001_R2_001.fastq.gz	a0af519382b1975cbdda5ddc280c6d98	15Avi1006Cn05A	biological	gill metagenome	Avi	gill [UBERON:0002535]	2015
PRJEB124417	DURANCE16S_RUN_15Avi1006Cn05A_durance3	DURANCE16S_EXP_15Avi1006Cn05A_durance3	DURANCE16S_15Avi1006Cn05A	durance3	prep2	2	15Avi1006Cn05A_durance3	ERR17752347	ERX17142890	15Avi1006Cn05A_S357_L001_R1_001.fastq.gz	7f9e330d5b303d6c9a515d3a5697292b	15Avi1006Cn05A_S357_L001_R2_001.fastq.gz	2402775239e6cd74d4a06bc1e2232be6	15Avi1006Cn05A	biological	gill metagenome	Avi	gill [UBERON:0002535]	2015
PRJEB124417	DURANCE16S_RUN_15Avi1007Cn01A_durance1	DURANCE16S_EXP_15Avi1007Cn01A_durance1	DURANCE16S_15Avi1007Cn01A	durance1	prep1	1	15Avi1007Cn01A_durance1	ERR17752348	ERX17142891	15Avi1007Cn01A_S177_L001_R1_001.fastq.gz	f9b347768d14a60a2f43505b725b81d0	15Avi1007Cn01A_S177_L001_R2_001.fastq.gz	4dbd06940dde80e0b7cb7ea02fab2a9f	15Avi1007Cn01A	biological	fish metagenome	Avi	caudal fin [UBERON:4000164]	2015
PRJEB124417	DURANCE16S_RUN_15Avi1007Cn01A_durance2	DURANCE16S_EXP_15Avi1007Cn01A_durance2	DURANCE16S_15Avi1007Cn01A	durance2	prep2	1	15Avi1007Cn01A_durance2	ERR17752350	ERX17142893	15Avi1007Cn01A_S177_L001_R1_001.fastq.gz	64f76e5dc0e97c0e0cba4ca226b89c1b	15Avi1007Cn01A_S177_L001_R2_001.fastq.gz	a05540590cf5b73398bbda7828724633	15Avi1007Cn01A	biological	fish metagenome	Avi	caudal fin [UBERON:4000164]	2015
PRJEB124417	DURANCE16S_RUN_15Avi1007Cn01A_durance3	DURANCE16S_EXP_15Avi1007Cn01A_durance3	DURANCE16S_15Avi1007Cn01A	durance3	prep2	2	15Avi1007Cn01A_durance3	ERR17752353	ERX17142896	15Avi1007Cn01A_S177_L001_R1_001.fastq.gz	7b477e7a2719904bf4a049dd8129bcd7	15Avi1007Cn01A_S177_L001_R2_001.fastq.gz	6c54e09d22a3e8b4d1699871579e759b	15Avi1007Cn01A	biological	fish metagenome	Avi	caudal fin [UBERON:4000164]	2015
PRJEB124417	DURANCE16S_RUN_15Avi1007Cn02A_durance1	DURANCE16S_EXP_15Avi1007Cn02A_durance1	DURANCE16S_15Avi1007Cn02A	durance1	prep1	1	15Avi1007Cn02A_durance1	ERR17752352	ERX17142895	15Avi1007Cn02A_S753_L001_R1_001.fastq.gz	c474b8d2f85e363adea11966f8bc27a3	15Avi1007Cn02A_S753_L001_R2_001.fastq.gz	59984848f9b8a4273700ecb02691b02b	15Avi1007Cn02A	biological	fish gut metagenome	Avi	midgut [UBERON:0001045]	2015
PRJEB124417	DURANCE16S_RUN_15Avi1007Cn02A_durance2	DURANCE16S_EXP_15Avi1007Cn02A_durance2	DURANCE16S_15Avi1007Cn02A	durance2	prep2	1	15Avi1007Cn02A_durance2	ERR17752354	ERX17142897	15Avi1007Cn02A_S753_L001_R1_001.fastq.gz	a7f6f51ff565cde5e2023716545c82cd	15Avi1007Cn02A_S753_L001_R2_001.fastq.gz	0251e1bb43376027e866acf709e9fe0d	15Avi1007Cn02A	biological	fish gut metagenome	Avi	midgut [UBERON:0001045]	2015
PRJEB124417	DURANCE16S_RUN_15Avi1007Cn02A_durance3	DURANCE16S_EXP_15Avi1007Cn02A_durance3	DURANCE16S_15Avi1007Cn02A	durance3	prep2	2	15Avi1007Cn02A_durance3	ERR17752355	ERX17142898	15Avi1007Cn02A_S753_L001_R1_001.fastq.gz	cb76cb1f2835690a7a1b5e8a12a8e9a0	15Avi1007Cn02A_S753_L001_R2_001.fastq.gz	e85cf1bdfaad95d0be1b1e0b3660bf98	15Avi1007Cn02A	biological	fish gut metagenome	Avi	midgut [UBERON:0001045]	2015
PRJEB124417	DURANCE16S_RUN_15Avi1007Cn03A_durance1	DURANCE16S_EXP_15Avi1007Cn03A_durance1	DURANCE16S_15Avi1007Cn03A	durance1	prep1	1	15Avi1007Cn03A_durance1	ERR17752356	ERX17142899	15Avi1007Cn03A_S561_L001_R1_001.fastq.gz	6553f7aa53958947ce8488382f9ab19f	15Avi1007Cn03A_S561_L001_R2_001.fastq.gz	ba9f5c4156b5083142ebbcd4206ab824	15Avi1007Cn03A	biological	fish gut metagenome	Avi	hindgut [UBERON:0001046]	2015
PRJEB124417	DURANCE16S_RUN_15Avi1007Cn03A_durance2	DURANCE16S_EXP_15Avi1007Cn03A_durance2	DURANCE16S_15Avi1007Cn03A	durance2	prep2	1	15Avi1007Cn03A_durance2	ERR17752357	ERX17142900	15Avi1007Cn03A_S561_L001_R1_001.fastq.gz	28d4eb8af47eaa56367eb9bb7b1845fa	15Avi1007Cn03A_S561_L001_R2_001.fastq.gz	b33f30685c6400ab46f6f06a21522f89	15Avi1007Cn03A	biological	fish gut metagenome	Avi	hindgut [UBERON:0001046]	2015
PRJEB124417	DURANCE16S_RUN_15Avi1007Cn03A_durance3	DURANCE16S_EXP_15Avi1007Cn03A_durance3	DURANCE16S_15Avi1007Cn03A	durance3	prep2	2	15Avi1007Cn03A_durance3	ERR17752358	ERX17142901	15Avi1007Cn03A_S561_L001_R1_001.fastq.gz	7000895bdc0444dd0b4e8d5d0e1ae1ef	15Avi1007Cn03A_S561_L001_R2_001.fastq.gz	f495fdf4e71aedcf178f9988584be8cc	15Avi1007Cn03A	biological	fish gut metagenome	Avi	hindgut [UBERON:0001046]	2015
PRJEB124417	DURANCE16S_RUN_15Avi1007Cn05A_durance1	DURANCE16S_EXP_15Avi1007Cn05A_durance1	DURANCE16S_15Avi1007Cn05A	durance1	prep1	1	15Avi1007Cn05A_durance1	ERR17752359	ERX17142902	15Avi1007Cn05A_S369_L001_R1_001.fastq.gz	c88da98da314e6d068724dc3d57774e1	15Avi1007Cn05A_S369_L001_R2_001.fastq.gz	ae94e2f24f80d0e37798816075c1311e	15Avi1007Cn05A	biological	gill metagenome	Avi	gill [UBERON:0002535]	2015
PRJEB124417	DURANCE16S_RUN_15Avi1007Cn05A_durance2	DURANCE16S_EXP_15Avi1007Cn05A_durance2	DURANCE16S_15Avi1007Cn05A	durance2	prep2	1	15Avi1007Cn05A_durance2	ERR17752361	ERX17142904	15Avi1007Cn05A_S369_L001_R1_001.fastq.gz	45c434be9a31178fedb547d98c9308e4	15Avi1007Cn05A_S369_L001_R2_001.fastq.gz	1708f8f2a0f2fe74123dfc4648de28bd	15Avi1007Cn05A	biological	gill metagenome	Avi	gill [UBERON:0002535]	2015
PRJEB124417	DURANCE16S_RUN_15Avi1007Cn05A_durance3	DURANCE16S_EXP_15Avi1007Cn05A_durance3	DURANCE16S_15Avi1007Cn05A	durance3	prep2	2	15Avi1007Cn05A_durance3	ERR17752362	ERX17142905	15Avi1007Cn05A_S369_L001_R1_001.fastq.gz	3dc9f17bb89df7bfa36d3ffe49361849	15Avi1007Cn05A_S369_L001_R2_001.fastq.gz	a46f523f6a5b5766b37e773f637bdcae	15Avi1007Cn05A	biological	gill metagenome	Avi	gill [UBERON:0002535]	2015
PRJEB124417	DURANCE16S_RUN_15Avi1008Cn01A_durance1	DURANCE16S_EXP_15Avi1008Cn01A_durance1	DURANCE16S_15Avi1008Cn01A	durance1	prep1	1	15Avi1008Cn01A_durance1	ERR17752360	ERX17142903	15Avi1008Cn01A_S189_L001_R1_001.fastq.gz	ac4fc61e7c86db3fcd8b88dd72983ed0	15Avi1008Cn01A_S189_L001_R2_001.fastq.gz	2fe796111859bb54901bc031243de85d	15Avi1008Cn01A	biological	fish metagenome	Avi	caudal fin [UBERON:4000164]	2015
PRJEB124417	DURANCE16S_RUN_15Avi1008Cn01A_durance2	DURANCE16S_EXP_15Avi1008Cn01A_durance2	DURANCE16S_15Avi1008Cn01A	durance2	prep2	1	15Avi1008Cn01A_durance2	ERR17752363	ERX17142906	15Avi1008Cn01A_S189_L001_R1_001.fastq.gz	1efc96dcb37ca719753d151b23eb35e6	15Avi1008Cn01A_S189_L001_R2_001.fastq.gz	685f004e7590a8a56076b07570e1b7cf	15Avi1008Cn01A	biological	fish metagenome	Avi	caudal fin [UBERON:4000164]	2015
PRJEB124417	DURANCE16S_RUN_15Avi1008Cn01A_durance3	DURANCE16S_EXP_15Avi1008Cn01A_durance3	DURANCE16S_15Avi1008Cn01A	durance3	prep2	2	15Avi1008Cn01A_durance3	ERR17752364	ERX17142907	15Avi1008Cn01A_S189_L001_R1_001.fastq.gz	8e75eaf14d329e400b77beec9de7a250	15Avi1008Cn01A_S189_L001_R2_001.fastq.gz	cd4ab9f6ae60b4b94653223d1f4fe610	15Avi1008Cn01A	biological	fish metagenome	Avi	caudal fin [UBERON:4000164]	2015
PRJEB124417	DURANCE16S_RUN_15Avi1008Cn02A_durance1	DURANCE16S_EXP_15Avi1008Cn02A_durance1	DURANCE16S_15Avi1008Cn02A	durance1	prep1	1	15Avi1008Cn02A_durance1	ERR17752368	ERX17142911	15Avi1008Cn02A_S765_L001_R1_001.fastq.gz	eb92d14d690f15170a507515d93e1fef	15Avi1008Cn02A_S765_L001_R2_001.fastq.gz	f5d8db212c3b793ce5068c59b05ff8d5	15Avi1008Cn02A	biological	fish gut metagenome	Avi	midgut [UBERON:0001045]	2015
PRJEB124417	DURANCE16S_RUN_15Avi1008Cn02A_durance2	DURANCE16S_EXP_15Avi1008Cn02A_durance2	DURANCE16S_15Avi1008Cn02A	durance2	prep2	1	15Avi1008Cn02A_durance2	ERR17752367	ERX17142910	15Avi1008Cn02A_S765_L001_R1_001.fastq.gz	9dae89801fafd8cbf2381bb87da2daca	15Avi1008Cn02A_S765_L001_R2_001.fastq.gz	f4ac0e406c3521a7fe37e9cf400c8ae1	15Avi1008Cn02A	biological	fish gut metagenome	Avi	midgut [UBERON:0001045]	2015
PRJEB124417	DURANCE16S_RUN_15Avi1008Cn02A_durance3	DURANCE16S_EXP_15Avi1008Cn02A_durance3	DURANCE16S_15Avi1008Cn02A	durance3	prep2	2	15Avi1008Cn02A_durance3	ERR17752371	ERX17142914	15Avi1008Cn02A_S765_L001_R1_001.fastq.gz	ebbb94b267e9536f51205d315c16f093	15Avi1008Cn02A_S765_L001_R2_001.fastq.gz	9d6a73522de7976e4431fcc2c55d1a94	15Avi1008Cn02A	biological	fish gut metagenome	Avi	midgut [UBERON:0001045]	2015
PRJEB124417	DURANCE16S_RUN_15Avi1008Cn03A_durance1	DURANCE16S_EXP_15Avi1008Cn03A_durance1	DURANCE16S_15Avi1008Cn03A	durance1	prep1	1	15Avi1008Cn03A_durance1	ERR17752370	ERX17142913	15Avi1008Cn03A_S573_L001_R1_001.fastq.gz	bfb5bba332b4157667e9c3b2dd1278c7	15Avi1008Cn03A_S573_L001_R2_001.fastq.gz	7197fb5d121627fa5ed38e9cca16973b	15Avi1008Cn03A	biological	fish gut metagenome	Avi	hindgut [UBERON:0001046]	2015
PRJEB124417	DURANCE16S_RUN_15Avi1008Cn03A_durance2	DURANCE16S_EXP_15Avi1008Cn03A_durance2	DURANCE16S_15Avi1008Cn03A	durance2	prep2	1	15Avi1008Cn03A_durance2	ERR17752366	ERX17142909	15Avi1008Cn03A_S573_L001_R1_001.fastq.gz	0796bf8791e421266d367ea8f0faf0d0	15Avi1008Cn03A_S573_L001_R2_001.fastq.gz	852eed106f29d04b73533c2cb7ce00ab	15Avi1008Cn03A	biological	fish gut metagenome	Avi	hindgut [UBERON:0001046]	2015
PRJEB124417	DURANCE16S_RUN_15Avi1008Cn03A_durance3	DURANCE16S_EXP_15Avi1008Cn03A_durance3	DURANCE16S_15Avi1008Cn03A	durance3	prep2	2	15Avi1008Cn03A_durance3	ERR17752365	ERX17142908	15Avi1008Cn03A_S573_L001_R1_001.fastq.gz	86d465631604710f1cbf149dab7560f3	15Avi1008Cn03A_S573_L001_R2_001.fastq.gz	da1223633c682690abaefe4b48e680c5	15Avi1008Cn03A	biological	fish gut metagenome	Avi	hindgut [UBERON:0001046]	2015
PRJEB124417	DURANCE16S_RUN_15Avi1008Cn05A_durance1	DURANCE16S_EXP_15Avi1008Cn05A_durance1	DURANCE16S_15Avi1008Cn05A	durance1	prep1	1	15Avi1008Cn05A_durance1	ERR17752369	ERX17142912	15Avi1008Cn05A_S381_L001_R1_001.fastq.gz	249d4d4d3ca1f8307fc3ab63ef66bf72	15Avi1008Cn05A_S381_L001_R2_001.fastq.gz	d761c28eec274287719b96cb2dd367b0	15Avi1008Cn05A	biological	gill metagenome	Avi	gill [UBERON:0002535]	2015
PRJEB124417	DURANCE16S_RUN_15Avi1008Cn05A_durance2	DURANCE16S_EXP_15Avi1008Cn05A_durance2	DURANCE16S_15Avi1008Cn05A	durance2	prep2	1	15Avi1008Cn05A_durance2	ERR17752372	ERX17142915	15Avi1008Cn05A_S381_L001_R1_001.fastq.gz	1b68966fed95f78189e5e33ab8dbecb3	15Avi1008Cn05A_S381_L001_R2_001.fastq.gz	a0c90832815244b492956f521200c82b	15Avi1008Cn05A	biological	gill metagenome	Avi	gill [UBERON:0002535]	2015
PRJEB124417	DURANCE16S_RUN_15Avi1008Cn05A_durance3	DURANCE16S_EXP_15Avi1008Cn05A_durance3	DURANCE16S_15Avi1008Cn05A	durance3	prep2	2	15Avi1008Cn05A_durance3	ERR17752373	ERX17142916	15Avi1008Cn05A_S381_L001_R1_001.fastq.gz	bbd9cbdaf4455bd86b70de07267d1256	15Avi1008Cn05A_S381_L001_R2_001.fastq.gz	6effbc0601b026f965109e1bd34aa1cf	15Avi1008Cn05A	biological	gill metagenome	Avi	gill [UBERON:0002535]	2015
PRJEB124417	DURANCE16S_RUN_15Avi1009Cn01A_durance1	DURANCE16S_EXP_15Avi1009Cn01A_durance1	DURANCE16S_15Avi1009Cn01A	durance1	prep1	1	15Avi1009Cn01A_durance1	ERR17752374	ERX17142917	15Avi1009Cn01A_S106_L001_R1_001.fastq.gz	ed650001a14a3063e3252ae4f659ca89	15Avi1009Cn01A_S106_L001_R2_001.fastq.gz	0d314fbc199946f748a5e4020b12baa6	15Avi1009Cn01A	biological	fish metagenome	Avi	caudal fin [UBERON:4000164]	2015
PRJEB124417	DURANCE16S_RUN_15Avi1009Cn01A_durance2	DURANCE16S_EXP_15Avi1009Cn01A_durance2	DURANCE16S_15Avi1009Cn01A	durance2	prep2	1	15Avi1009Cn01A_durance2	ERR17752375	ERX17142918	15Avi1009Cn01A_S106_L001_R1_001.fastq.gz	8733d7cab6107e153546f0665a9789cb	15Avi1009Cn01A_S106_L001_R2_001.fastq.gz	db3caf92a536beca05c50a0cf96961c7	15Avi1009Cn01A	biological	fish metagenome	Avi	caudal fin [UBERON:4000164]	2015
PRJEB124417	DURANCE16S_RUN_15Avi1009Cn01A_durance3	DURANCE16S_EXP_15Avi1009Cn01A_durance3	DURANCE16S_15Avi1009Cn01A	durance3	prep2	2	15Avi1009Cn01A_durance3	ERR17752376	ERX17142919	15Avi1009Cn01A_S106_L001_R1_001.fastq.gz	f7293e28697b8033e87cf85d44c2c281	15Avi1009Cn01A_S106_L001_R2_001.fastq.gz	343f7ffd723fad9532f8f4bceac59a0a	15Avi1009Cn01A	biological	fish metagenome	Avi	caudal fin [UBERON:4000164]	2015
PRJEB124417	DURANCE16S_RUN_15Avi1009Cn02A_durance1	DURANCE16S_EXP_15Avi1009Cn02A_durance1	DURANCE16S_15Avi1009Cn02A	durance1	prep1	1	15Avi1009Cn02A_durance1	ERR17752377	ERX17142920	15Avi1009Cn02A_S682_L001_R1_001.fastq.gz	717d4c59ec3e81c5c9e21e7fa9ddcb37	15Avi1009Cn02A_S682_L001_R2_001.fastq.gz	0d9a8bf76d33e6e3ec5d2709fd0a3c8e	15Avi1009Cn02A	biological	fish gut metagenome	Avi	midgut [UBERON:0001045]	2015
PRJEB124417	DURANCE16S_RUN_15Avi1009Cn02A_durance2	DURANCE16S_EXP_15Avi1009Cn02A_durance2	DURANCE16S_15Avi1009Cn02A	durance2	prep2	1	15Avi1009Cn02A_durance2	ERR17752378	ERX17142921	15Avi1009Cn02A_S682_L001_R1_001.fastq.gz	204a182ad0da556adbf9e26aad6cbf5a	15Avi1009Cn02A_S682_L001_R2_001.fastq.gz	651f7fa6bb06422689ada5a76fde7485	15Avi1009Cn02A	biological	fish gut metagenome	Avi	midgut [UBERON:0001045]	2015
PRJEB124417	DURANCE16S_RUN_15Avi1009Cn02A_durance3	DURANCE16S_EXP_15Avi1009Cn02A_durance3	DURANCE16S_15Avi1009Cn02A	durance3	prep2	2	15Avi1009Cn02A_durance3	ERR17752379	ERX17142922	15Avi1009Cn02A_S682_L001_R1_001.fastq.gz	ab2ddb7730abad633e382eaf822f3e6b	15Avi1009Cn02A_S682_L001_R2_001.fastq.gz	a79183e7bd4e4dace1b129f0323bb688	15Avi1009Cn02A	biological	fish gut metagenome	Avi	midgut [UBERON:0001045]	2015
PRJEB124417	DURANCE16S_RUN_15Avi1009Cn03A_durance1	DURANCE16S_EXP_15Avi1009Cn03A_durance1	DURANCE16S_15Avi1009Cn03A	durance1	prep1	1	15Avi1009Cn03A_durance1	ERR17752380	ERX17142923	15Avi1009Cn03A_S490_L001_R1_001.fastq.gz	a43e11811083ba4992540d20075087c0	15Avi1009Cn03A_S490_L001_R2_001.fastq.gz	e3ec607e9926304e3d1d62c8bf0ca941	15Avi1009Cn03A	biological	fish gut metagenome	Avi	hindgut [UBERON:0001046]	2015
PRJEB124417	DURANCE16S_RUN_15Avi1009Cn03A_durance2	DURANCE16S_EXP_15Avi1009Cn03A_durance2	DURANCE16S_15Avi1009Cn03A	durance2	prep2	1	15Avi1009Cn03A_durance2	ERR17752381	ERX17142924	15Avi1009Cn03A_S490_L001_R1_001.fastq.gz	6a05696cbc1e287435b94dcf14031e17	15Avi1009Cn03A_S490_L001_R2_001.fastq.gz	26bd437b302433d62779827814d6dfbf	15Avi1009Cn03A	biological	fish gut metagenome	Avi	hindgut [UBERON:0001046]	2015
PRJEB124417	DURANCE16S_RUN_15Avi1009Cn03A_durance3	DURANCE16S_EXP_15Avi1009Cn03A_durance3	DURANCE16S_15Avi1009Cn03A	durance3	prep2	2	15Avi1009Cn03A_durance3	ERR17752383	ERX17142926	15Avi1009Cn03A_S490_L001_R1_001.fastq.gz	31b1a5d8b89b09c5aa6b52174eb1c8c3	15Avi1009Cn03A_S490_L001_R2_001.fastq.gz	e9293024679288b1f7b78d8a41dbc00c	15Avi1009Cn03A	biological	fish gut metagenome	Avi	hindgut [UBERON:0001046]	2015
PRJEB124417	DURANCE16S_RUN_15Avi1009Cn05A_durance1	DURANCE16S_EXP_15Avi1009Cn05A_durance1	DURANCE16S_15Avi1009Cn05A	durance1	prep1	1	15Avi1009Cn05A_durance1	ERR17752382	ERX17142925	15Avi1009Cn05A_S298_L001_R1_001.fastq.gz	bc298b6635a2e4eae92ee839141ceeab	15Avi1009Cn05A_S298_L001_R2_001.fastq.gz	0285f831944e69244e6fd475908fc4a9	15Avi1009Cn05A	biological	gill metagenome	Avi	gill [UBERON:0002535]	2015
PRJEB124417	DURANCE16S_RUN_15Avi1009Cn05A_durance2	DURANCE16S_EXP_15Avi1009Cn05A_durance2	DURANCE16S_15Avi1009Cn05A	durance2	prep2	1	15Avi1009Cn05A_durance2	ERR17752384	ERX17142927	15Avi1009Cn05A_S298_L001_R1_001.fastq.gz	c40e666572205cb4d38dd30b1a3c104d	15Avi1009Cn05A_S298_L001_R2_001.fastq.gz	fd9f0fce3dd787390a6f9f4986f35867	15Avi1009Cn05A	biological	gill metagenome	Avi	gill [UBERON:0002535]	2015
PRJEB124417	DURANCE16S_RUN_15Avi1009Cn05A_durance3	DURANCE16S_EXP_15Avi1009Cn05A_durance3	DURANCE16S_15Avi1009Cn05A	durance3	prep2	2	15Avi1009Cn05A_durance3	ERR17752385	ERX17142928	15Avi1009Cn05A_S298_L001_R1_001.fastq.gz	9645a4f575c37d2eff40746dad73d185	15Avi1009Cn05A_S298_L001_R2_001.fastq.gz	db10d446c6dbc5da6875662058dfa4a1	15Avi1009Cn05A	biological	gill metagenome	Avi	gill [UBERON:0002535]	2015
PRJEB124417	DURANCE16S_RUN_15Avi1010Cn01A_durance1	DURANCE16S_EXP_15Avi1010Cn01A_durance1	DURANCE16S_15Avi1010Cn01A	durance1	prep1	1	15Avi1010Cn01A_durance1	ERR17752386	ERX17142929	15Avi1010Cn01A_S118_L001_R1_001.fastq.gz	2271209323fe1d43cb6bb2f992f8988e	15Avi1010Cn01A_S118_L001_R2_001.fastq.gz	5cebaa463d8ff1409152c4698bb6f31d	15Avi1010Cn01A	biological	fish metagenome	Avi	caudal fin [UBERON:4000164]	2015
PRJEB124417	DURANCE16S_RUN_15Avi1010Cn01A_durance2	DURANCE16S_EXP_15Avi1010Cn01A_durance2	DURANCE16S_15Avi1010Cn01A	durance2	prep2	1	15Avi1010Cn01A_durance2	ERR17752387	ERX17142930	15Avi1010Cn01A_S118_L001_R1_001.fastq.gz	c2ed8dedcf80fee557a4788b1d414466	15Avi1010Cn01A_S118_L001_R2_001.fastq.gz	c94dc24e8fc58892f8f5d428f5d3d541	15Avi1010Cn01A	biological	fish metagenome	Avi	caudal fin [UBERON:4000164]	2015
PRJEB124417	DURANCE16S_RUN_15Avi1010Cn01A_durance3	DURANCE16S_EXP_15Avi1010Cn01A_durance3	DURANCE16S_15Avi1010Cn01A	durance3	prep2	2	15Avi1010Cn01A_durance3	ERR17752388	ERX17142931	15Avi1010Cn01A_S118_L001_R1_001.fastq.gz	337ec78f429f9a3618d72313c06dafb7	15Avi1010Cn01A_S118_L001_R2_001.fastq.gz	dd57ccb84dd95a8a8d5e21e2cb8442b9	15Avi1010Cn01A	biological	fish metagenome	Avi	caudal fin [UBERON:4000164]	2015
PRJEB124417	DURANCE16S_RUN_15Avi1010Cn02A_durance1	DURANCE16S_EXP_15Avi1010Cn02A_durance1	DURANCE16S_15Avi1010Cn02A	durance1	prep1	1	15Avi1010Cn02A_durance1	ERR17752390	ERX17142933	15Avi1010Cn02A_S694_L001_R1_001.fastq.gz	56d575f12f03e462b40cda7d60df54f1	15Avi1010Cn02A_S694_L001_R2_001.fastq.gz	12dd73ca67d2e0ee8d906c6bd39d37aa	15Avi1010Cn02A	biological	fish gut metagenome	Avi	midgut [UBERON:0001045]	2015
PRJEB124417	DURANCE16S_RUN_15Avi1010Cn02A_durance2	DURANCE16S_EXP_15Avi1010Cn02A_durance2	DURANCE16S_15Avi1010Cn02A	durance2	prep2	1	15Avi1010Cn02A_durance2	ERR17752389	ERX17142932	15Avi1010Cn02A_S694_L001_R1_001.fastq.gz	a48f6475a2ad888561d55fab21671f69	15Avi1010Cn02A_S694_L001_R2_001.fastq.gz	4469de33a202d7fe79bf48ac2df0a0c5	15Avi1010Cn02A	biological	fish gut metagenome	Avi	midgut [UBERON:0001045]	2015
PRJEB124417	DURANCE16S_RUN_15Avi1010Cn02A_durance3	DURANCE16S_EXP_15Avi1010Cn02A_durance3	DURANCE16S_15Avi1010Cn02A	durance3	prep2	2	15Avi1010Cn02A_durance3	ERR17752392	ERX17142935	15Avi1010Cn02A_S694_L001_R1_001.fastq.gz	252666af636b3d75989085ad0b1bedb1	15Avi1010Cn02A_S694_L001_R2_001.fastq.gz	8c4fe6d49e3799f6a85524a2417cbb8b	15Avi1010Cn02A	biological	fish gut metagenome	Avi	midgut [UBERON:0001045]	2015
PRJEB124417	DURANCE16S_RUN_15Avi1010Cn03A_durance1	DURANCE16S_EXP_15Avi1010Cn03A_durance1	DURANCE16S_15Avi1010Cn03A	durance1	prep1	1	15Avi1010Cn03A_durance1	ERR17752391	ERX17142934	15Avi1010Cn03A_S502_L001_R1_001.fastq.gz	3ca441565fd54b90e4ccc193265ab808	15Avi1010Cn03A_S502_L001_R2_001.fastq.gz	1984e149b18fa9afdd467c6105fed421	15Avi1010Cn03A	biological	fish gut metagenome	Avi	hindgut [UBERON:0001046]	2015
PRJEB124417	DURANCE16S_RUN_15Avi1010Cn03A_durance2	DURANCE16S_EXP_15Avi1010Cn03A_durance2	DURANCE16S_15Avi1010Cn03A	durance2	prep2	1	15Avi1010Cn03A_durance2	ERR17752393	ERX17142936	15Avi1010Cn03A_S502_L001_R1_001.fastq.gz	79da6b1b72f55ac470b336946fcc6de9	15Avi1010Cn03A_S502_L001_R2_001.fastq.gz	4caca2a44c5015a5cd5d8e6c65d89f22	15Avi1010Cn03A	biological	fish gut metagenome	Avi	hindgut [UBERON:0001046]	2015
PRJEB124417	DURANCE16S_RUN_15Avi1010Cn03A_durance3	DURANCE16S_EXP_15Avi1010Cn03A_durance3	DURANCE16S_15Avi1010Cn03A	durance3	prep2	2	15Avi1010Cn03A_durance3	ERR17752395	ERX17142938	15Avi1010Cn03A_S502_L001_R1_001.fastq.gz	e168ecffc77395be8f0322a8e04376b5	15Avi1010Cn03A_S502_L001_R2_001.fastq.gz	d101d42a1c4a2ae04f9871bf053c80b0	15Avi1010Cn03A	biological	fish gut metagenome	Avi	hindgut [UBERON:0001046]	2015
PRJEB124417	DURANCE16S_RUN_15Avi1010Cn05A_durance1	DURANCE16S_EXP_15Avi1010Cn05A_durance1	DURANCE16S_15Avi1010Cn05A	durance1	prep1	1	15Avi1010Cn05A_durance1	ERR17752394	ERX17142937	15Avi1010Cn05A_S310_L001_R1_001.fastq.gz	eeecadf56297512705fd40cd26ef0c50	15Avi1010Cn05A_S310_L001_R2_001.fastq.gz	623bb9e0832961fa620cb620a2452f14	15Avi1010Cn05A	biological	gill metagenome	Avi	gill [UBERON:0002535]	2015
PRJEB124417	DURANCE16S_RUN_15Avi1010Cn05A_durance2	DURANCE16S_EXP_15Avi1010Cn05A_durance2	DURANCE16S_15Avi1010Cn05A	durance2	prep2	1	15Avi1010Cn05A_durance2	ERR17752397	ERX17142940	15Avi1010Cn05A_S310_L001_R1_001.fastq.gz	fac42037fbe89c59281afa950062e41d	15Avi1010Cn05A_S310_L001_R2_001.fastq.gz	1b63698f22f3748519205b13fef2ffc0	15Avi1010Cn05A	biological	gill metagenome	Avi	gill [UBERON:0002535]	2015
PRJEB124417	DURANCE16S_RUN_15Avi1010Cn05A_durance3	DURANCE16S_EXP_15Avi1010Cn05A_durance3	DURANCE16S_15Avi1010Cn05A	durance3	prep2	2	15Avi1010Cn05A_durance3	ERR17752398	ERX17142941	15Avi1010Cn05A_S310_L001_R1_001.fastq.gz	797678c9848bfc33b87176f21e565c64	15Avi1010Cn05A_S310_L001_R2_001.fastq.gz	2176db50b8fa2d38b3396c9777ce7f29	15Avi1010Cn05A	biological	gill metagenome	Avi	gill [UBERON:0002535]	2015
PRJEB124417	DURANCE16S_RUN_15Avi1011Cn01A_durance1	DURANCE16S_EXP_15Avi1011Cn01A_durance1	DURANCE16S_15Avi1011Cn01A	durance1	prep1	1	15Avi1011Cn01A_durance1	ERR17752399	ERX17142942	15Avi1011Cn01A_S130_L001_R1_001.fastq.gz	1d321e864e88faa643d3624cd6791d90	15Avi1011Cn01A_S130_L001_R2_001.fastq.gz	d7905388983dcd81bbf6570c77cad2a7	15Avi1011Cn01A	biological	fish metagenome	Avi	caudal fin [UBERON:4000164]	2015
PRJEB124417	DURANCE16S_RUN_15Avi1011Cn01A_durance2	DURANCE16S_EXP_15Avi1011Cn01A_durance2	DURANCE16S_15Avi1011Cn01A	durance2	prep2	1	15Avi1011Cn01A_durance2	ERR17752401	ERX17142944	15Avi1011Cn01A_S130_L001_R1_001.fastq.gz	bcec0d1df9c7af5bfbbd444d4b1db402	15Avi1011Cn01A_S130_L001_R2_001.fastq.gz	80a6bfa9f78a6002b77ee6a36fb2eeaa	15Avi1011Cn01A	biological	fish metagenome	Avi	caudal fin [UBERON:4000164]	2015
PRJEB124417	DURANCE16S_RUN_15Avi1011Cn01A_durance3	DURANCE16S_EXP_15Avi1011Cn01A_durance3	DURANCE16S_15Avi1011Cn01A	durance3	prep2	2	15Avi1011Cn01A_durance3	ERR17752402	ERX17142945	15Avi1011Cn01A_S130_L001_R1_001.fastq.gz	5d6269e7df9fe2c6bf0e7b022b8cf145	15Avi1011Cn01A_S130_L001_R2_001.fastq.gz	e5cc2868eb599862b643f7ab870d4b43	15Avi1011Cn01A	biological	fish metagenome	Avi	caudal fin [UBERON:4000164]	2015
PRJEB124417	DURANCE16S_RUN_15Avi1011Cn02A_durance1	DURANCE16S_EXP_15Avi1011Cn02A_durance1	DURANCE16S_15Avi1011Cn02A	durance1	prep1	1	15Avi1011Cn02A_durance1	ERR17752400	ERX17142943	15Avi1011Cn02A_S706_L001_R1_001.fastq.gz	1fb27e7b47007585681cc94a15b8aed5	15Avi1011Cn02A_S706_L001_R2_001.fastq.gz	abb969446f2b0a08e0b16068ce2e972c	15Avi1011Cn02A	biological	fish gut metagenome	Avi	midgut [UBERON:0001045]	2015
PRJEB124417	DURANCE16S_RUN_15Avi1011Cn02A_durance2	DURANCE16S_EXP_15Avi1011Cn02A_durance2	DURANCE16S_15Avi1011Cn02A	durance2	prep2	1	15Avi1011Cn02A_durance2	ERR17752403	ERX17142946	15Avi1011Cn02A_S706_L001_R1_001.fastq.gz	a2d0ed740bd4a15b33fc1410f8591419	15Avi1011Cn02A_S706_L001_R2_001.fastq.gz	23879628d53f1826373b8a7f3aeca176	15Avi1011Cn02A	biological	fish gut metagenome	Avi	midgut [UBERON:0001045]	2015
PRJEB124417	DURANCE16S_RUN_15Avi1011Cn02A_durance3	DURANCE16S_EXP_15Avi1011Cn02A_durance3	DURANCE16S_15Avi1011Cn02A	durance3	prep2	2	15Avi1011Cn02A_durance3	ERR17752405	ERX17142948	15Avi1011Cn02A_S706_L001_R1_001.fastq.gz	ae0491f6aaa3bc295ba3e61bb50959d7	15Avi1011Cn02A_S706_L001_R2_001.fastq.gz	3e6bba1a494c0b60f012723d0a162599	15Avi1011Cn02A	biological	fish gut metagenome	Avi	midgut [UBERON:0001045]	2015
PRJEB124417	DURANCE16S_RUN_15Avi1011Cn03A_durance1	DURANCE16S_EXP_15Avi1011Cn03A_durance1	DURANCE16S_15Avi1011Cn03A	durance1	prep1	1	15Avi1011Cn03A_durance1	ERR17752404	ERX17142947	15Avi1011Cn03A_S514_L001_R1_001.fastq.gz	92405f0d316072de5084d4231ae12130	15Avi1011Cn03A_S514_L001_R2_001.fastq.gz	f730e7acdf5fc5b24bcfa99629da8b9a	15Avi1011Cn03A	biological	fish gut metagenome	Avi	hindgut [UBERON:0001046]	2015
PRJEB124417	DURANCE16S_RUN_15Avi1011Cn03A_durance2	DURANCE16S_EXP_15Avi1011Cn03A_durance2	DURANCE16S_15Avi1011Cn03A	durance2	prep2	1	15Avi1011Cn03A_durance2	ERR17752406	ERX17142949	15Avi1011Cn03A_S514_L001_R1_001.fastq.gz	e754bafb0aedb6c31c438f57a913428d	15Avi1011Cn03A_S514_L001_R2_001.fastq.gz	1bb09fa35bb6764b2ffac3a87ba46f57	15Avi1011Cn03A	biological	fish gut metagenome	Avi	hindgut [UBERON:0001046]	2015
PRJEB124417	DURANCE16S_RUN_15Avi1011Cn03A_durance3	DURANCE16S_EXP_15Avi1011Cn03A_durance3	DURANCE16S_15Avi1011Cn03A	durance3	prep2	2	15Avi1011Cn03A_durance3	ERR17752407	ERX17142950	15Avi1011Cn03A_S514_L001_R1_001.fastq.gz	58603044cce6b3dd75a9c24c103c773a	15Avi1011Cn03A_S514_L001_R2_001.fastq.gz	bfdd96b896cad217076bc72e97f593f1	15Avi1011Cn03A	biological	fish gut metagenome	Avi	hindgut [UBERON:0001046]	2015
PRJEB124417	DURANCE16S_RUN_15Avi1011Cn05A_durance1	DURANCE16S_EXP_15Avi1011Cn05A_durance1	DURANCE16S_15Avi1011Cn05A	durance1	prep1	1	15Avi1011Cn05A_durance1	ERR17752408	ERX17142951	15Avi1011Cn05A_S322_L001_R1_001.fastq.gz	dc17793d7eeaecf06d8048d9ed146c92	15Avi1011Cn05A_S322_L001_R2_001.fastq.gz	682808422f716f6ef765f8870e41909d	15Avi1011Cn05A	biological	gill metagenome	Avi	gill [UBERON:0002535]	2015
PRJEB124417	DURANCE16S_RUN_15Avi1011Cn05A_durance2	DURANCE16S_EXP_15Avi1011Cn05A_durance2	DURANCE16S_15Avi1011Cn05A	durance2	prep2	1	15Avi1011Cn05A_durance2	ERR17752409	ERX17142952	15Avi1011Cn05A_S322_L001_R1_001.fastq.gz	daf1249ada77bc2ec28e9952a4c2fdca	15Avi1011Cn05A_S322_L001_R2_001.fastq.gz	079d030149e5328c0c37eae89994338f	15Avi1011Cn05A	biological	gill metagenome	Avi	gill [UBERON:0002535]	2015
PRJEB124417	DURANCE16S_RUN_15Avi1011Cn05A_durance3	DURANCE16S_EXP_15Avi1011Cn05A_durance3	DURANCE16S_15Avi1011Cn05A	durance3	prep2	2	15Avi1011Cn05A_durance3	ERR17752410	ERX17142953	15Avi1011Cn05A_S322_L001_R1_001.fastq.gz	12d0f7c3957228698a878df64582f51d	15Avi1011Cn05A_S322_L001_R2_001.fastq.gz	6ad29b936f66c66d585df6e3f25d80ae	15Avi1011Cn05A	biological	gill metagenome	Avi	gill [UBERON:0002535]	2015
PRJEB124417	DURANCE16S_RUN_15Avi1012Pt01A_durance1	DURANCE16S_EXP_15Avi1012Pt01A_durance1	DURANCE16S_15Avi1012Pt01A	durance1	prep1	1	15Avi1012Pt01A_durance1	ERR17752411	ERX17142954	15Avi1012Pt01A_S142_L001_R1_001.fastq.gz	c3674113a9240dec42e7d84aa347cf2d	15Avi1012Pt01A_S142_L001_R2_001.fastq.gz	2f4fb192f9b5ceaae4fd8554e1dbcbd0	15Avi1012Pt01A	biological	fish metagenome	Avi	caudal fin [UBERON:4000164]	2015
PRJEB124417	DURANCE16S_RUN_15Avi1012Pt01A_durance2	DURANCE16S_EXP_15Avi1012Pt01A_durance2	DURANCE16S_15Avi1012Pt01A	durance2	prep2	1	15Avi1012Pt01A_durance2	ERR17752412	ERX17142955	15Avi1012Pt01A_S142_L001_R1_001.fastq.gz	72f2c949aa94403ae3544497cc2d8ae9	15Avi1012Pt01A_S142_L001_R2_001.fastq.gz	6f77b997acfe491597671640afa83359	15Avi1012Pt01A	biological	fish metagenome	Avi	caudal fin [UBERON:4000164]	2015
PRJEB124417	DURANCE16S_RUN_15Avi1012Pt01A_durance3	DURANCE16S_EXP_15Avi1012Pt01A_durance3	DURANCE16S_15Avi1012Pt01A	durance3	prep2	2	15Avi1012Pt01A_durance3	ERR17752414	ERX17142957	15Avi1012Pt01A_S142_L001_R1_001.fastq.gz	5ff11b9ba0e9da7d76efeead4000f089	15Avi1012Pt01A_S142_L001_R2_001.fastq.gz	4e88178273485a5360521e5a927a6c3c	15Avi1012Pt01A	biological	fish metagenome	Avi	caudal fin [UBERON:4000164]	2015
PRJEB124417	DURANCE16S_RUN_15Avi1012Pt02A_durance1	DURANCE16S_EXP_15Avi1012Pt02A_durance1	DURANCE16S_15Avi1012Pt02A	durance1	prep1	1	15Avi1012Pt02A_durance1	ERR17752413	ERX17142956	15Avi1012Pt02A_S718_L001_R1_001.fastq.gz	73c30920f5b9d4800beb9868c0ffbc24	15Avi1012Pt02A_S718_L001_R2_001.fastq.gz	70ce5ee72aa90c34b75af579556921ba	15Avi1012Pt02A	biological	fish gut metagenome	Avi	midgut [UBERON:0001045]	2015
PRJEB124417	DURANCE16S_RUN_15Avi1012Pt02A_durance2	DURANCE16S_EXP_15Avi1012Pt02A_durance2	DURANCE16S_15Avi1012Pt02A	durance2	prep2	1	15Avi1012Pt02A_durance2	ERR17752415	ERX17142958	15Avi1012Pt02A_S718_L001_R1_001.fastq.gz	3118a2a92e9b0b92f7b8a700e455b3f1	15Avi1012Pt02A_S718_L001_R2_001.fastq.gz	27e61e6ad2063fd1c195eb663211a884	15Avi1012Pt02A	biological	fish gut metagenome	Avi	midgut [UBERON:0001045]	2015
PRJEB124417	DURANCE16S_RUN_15Avi1012Pt02A_durance3	DURANCE16S_EXP_15Avi1012Pt02A_durance3	DURANCE16S_15Avi1012Pt02A	durance3	prep2	2	15Avi1012Pt02A_durance3	ERR17752416	ERX17142959	15Avi1012Pt02A_S718_L001_R1_001.fastq.gz	4fdd2c47bbd184577a10fe67f541199b	15Avi1012Pt02A_S718_L001_R2_001.fastq.gz	63ada1b33e69c717d58ad3773640b482	15Avi1012Pt02A	biological	fish gut metagenome	Avi	midgut [UBERON:0001045]	2015
PRJEB124417	DURANCE16S_RUN_15Avi1012Pt03A_durance1	DURANCE16S_EXP_15Avi1012Pt03A_durance1	DURANCE16S_15Avi1012Pt03A	durance1	prep1	1	15Avi1012Pt03A_durance1	ERR17752417	ERX17142960	15Avi1012Pt03A_S526_L001_R1_001.fastq.gz	f98578051a586a97370ea79f0f42d2fb	15Avi1012Pt03A_S526_L001_R2_001.fastq.gz	102189d6127e2a9be0fd51b7072cd45d	15Avi1012Pt03A	biological	fish gut metagenome	Avi	hindgut [UBERON:0001046]	2015
PRJEB124417	DURANCE16S_RUN_15Avi1012Pt03A_durance2	DURANCE16S_EXP_15Avi1012Pt03A_durance2	DURANCE16S_15Avi1012Pt03A	durance2	prep2	1	15Avi1012Pt03A_durance2	ERR17752423	ERX17142966	15Avi1012Pt03A_S526_L001_R1_001.fastq.gz	dc3fc386bba3427b75c03b4293775f2c	15Avi1012Pt03A_S526_L001_R2_001.fastq.gz	072afcb6ed7a25b98feddb7630f6ddcc	15Avi1012Pt03A	biological	fish gut metagenome	Avi	hindgut [UBERON:0001046]	2015
PRJEB124417	DURANCE16S_RUN_15Avi1012Pt03A_durance3	DURANCE16S_EXP_15Avi1012Pt03A_durance3	DURANCE16S_15Avi1012Pt03A	durance3	prep2	2	15Avi1012Pt03A_durance3	ERR17752421	ERX17142964	15Avi1012Pt03A_S526_L001_R1_001.fastq.gz	7cc3d46f12788fb15b836a5d84d27a80	15Avi1012Pt03A_S526_L001_R2_001.fastq.gz	ed5ac7b1852d80929c36587927b15234	15Avi1012Pt03A	biological	fish gut metagenome	Avi	hindgut [UBERON:0001046]	2015
PRJEB124417	DURANCE16S_RUN_15Avi1012Pt05A_durance1	DURANCE16S_EXP_15Avi1012Pt05A_durance1	DURANCE16S_15Avi1012Pt05A	durance1	prep1	1	15Avi1012Pt05A_durance1	ERR17752418	ERX17142961	15Avi1012Pt05A_S334_L001_R1_001.fastq.gz	cc7240dc0b1af1fff069315ace943153	15Avi1012Pt05A_S334_L001_R2_001.fastq.gz	f5dd9bbf17bff6118d92ad476f669923	15Avi1012Pt05A	biological	gill metagenome	Avi	gill [UBERON:0002535]	2015
PRJEB124417	DURANCE16S_RUN_15Avi1012Pt05A_durance2	DURANCE16S_EXP_15Avi1012Pt05A_durance2	DURANCE16S_15Avi1012Pt05A	durance2	prep2	1	15Avi1012Pt05A_durance2	ERR17752419	ERX17142962	15Avi1012Pt05A_S334_L001_R1_001.fastq.gz	b03bed191dda9a8bb0741bae101c5a11	15Avi1012Pt05A_S334_L001_R2_001.fastq.gz	f7728075ee63ee4198d5e20646b41c58	15Avi1012Pt05A	biological	gill metagenome	Avi	gill [UBERON:0002535]	2015
PRJEB124417	DURANCE16S_RUN_15Avi1012Pt05A_durance3	DURANCE16S_EXP_15Avi1012Pt05A_durance3	DURANCE16S_15Avi1012Pt05A	durance3	prep2	2	15Avi1012Pt05A_durance3	ERR17752420	ERX17142963	15Avi1012Pt05A_S334_L001_R1_001.fastq.gz	55ec0dbdf75e2f9d815c086391da986d	15Avi1012Pt05A_S334_L001_R2_001.fastq.gz	8713cb515e2d0ed3eff49acbdacde0d8	15Avi1012Pt05A	biological	gill metagenome	Avi	gill [UBERON:0002535]	2015
PRJEB124417	DURANCE16S_RUN_15Avi1013Pt01A_durance1	DURANCE16S_EXP_15Avi1013Pt01A_durance1	DURANCE16S_15Avi1013Pt01A	durance1	prep1	1	15Avi1013Pt01A_durance1	ERR17752422	ERX17142965	15Avi1013Pt01A_S154_L001_R1_001.fastq.gz	3df40cd7bed34a2fff737f4522e78dbb	15Avi1013Pt01A_S154_L001_R2_001.fastq.gz	3fd008a82ba2beaa86610b8b9c2d3305	15Avi1013Pt01A	biological	fish metagenome	Avi	caudal fin [UBERON:4000164]	2015
PRJEB124417	DURANCE16S_RUN_15Avi1013Pt01A_durance2	DURANCE16S_EXP_15Avi1013Pt01A_durance2	DURANCE16S_15Avi1013Pt01A	durance2	prep2	1	15Avi1013Pt01A_durance2	ERR17752424	ERX17142967	15Avi1013Pt01A_S154_L001_R1_001.fastq.gz	2e530bbdd19ae6da1bade9b996f428d1	15Avi1013Pt01A_S154_L001_R2_001.fastq.gz	33b61bd5c7865a338ab32d75c4eff20a	15Avi1013Pt01A	biological	fish metagenome	Avi	caudal fin [UBERON:4000164]	2015
PRJEB124417	DURANCE16S_RUN_15Avi1013Pt01A_durance3	DURANCE16S_EXP_15Avi1013Pt01A_durance3	DURANCE16S_15Avi1013Pt01A	durance3	prep2	2	15Avi1013Pt01A_durance3	ERR17752425	ERX17142968	15Avi1013Pt01A_S154_L001_R1_001.fastq.gz	944c4e23f920223c3af63c978e7632ca	15Avi1013Pt01A_S154_L001_R2_001.fastq.gz	3a72eb2c0e52d06c806de3cf9241f507	15Avi1013Pt01A	biological	fish metagenome	Avi	caudal fin [UBERON:4000164]	2015
PRJEB124417	DURANCE16S_RUN_15Avi1013Pt02A_durance1	DURANCE16S_EXP_15Avi1013Pt02A_durance1	DURANCE16S_15Avi1013Pt02A	durance1	prep1	1	15Avi1013Pt02A_durance1	ERR17752426	ERX17142969	15Avi1013Pt02A_S730_L001_R1_001.fastq.gz	63d5e41eb6640a527bbf185dad289afd	15Avi1013Pt02A_S730_L001_R2_001.fastq.gz	5a4a33fe40da4c65c43a5c073f433765	15Avi1013Pt02A	biological	fish gut metagenome	Avi	midgut [UBERON:0001045]	2015
PRJEB124417	DURANCE16S_RUN_15Avi1013Pt02A_durance2	DURANCE16S_EXP_15Avi1013Pt02A_durance2	DURANCE16S_15Avi1013Pt02A	durance2	prep2	1	15Avi1013Pt02A_durance2	ERR17752428	ERX17142971	15Avi1013Pt02A_S730_L001_R1_001.fastq.gz	fce86489e0bc1668b6409553759945d9	15Avi1013Pt02A_S730_L001_R2_001.fastq.gz	a72186076af0ea213c47a550a8f22632	15Avi1013Pt02A	biological	fish gut metagenome	Avi	midgut [UBERON:0001045]	2015
PRJEB124417	DURANCE16S_RUN_15Avi1013Pt02A_durance3	DURANCE16S_EXP_15Avi1013Pt02A_durance3	DURANCE16S_15Avi1013Pt02A	durance3	prep2	2	15Avi1013Pt02A_durance3	ERR17752429	ERX17142972	15Avi1013Pt02A_S730_L001_R1_001.fastq.gz	524f06a2b45cff3a8c594f551e03b89d	15Avi1013Pt02A_S730_L001_R2_001.fastq.gz	e7cd319fa9447fbcc4a8f72d7c3049f7	15Avi1013Pt02A	biological	fish gut metagenome	Avi	midgut [UBERON:0001045]	2015
PRJEB124417	DURANCE16S_RUN_15Avi1013Pt03A_durance1	DURANCE16S_EXP_15Avi1013Pt03A_durance1	DURANCE16S_15Avi1013Pt03A	durance1	prep1	1	15Avi1013Pt03A_durance1	ERR17752430	ERX17142973	15Avi1013Pt03A_S538_L001_R1_001.fastq.gz	99b922bba0737494d5eb9d27c1e133f9	15Avi1013Pt03A_S538_L001_R2_001.fastq.gz	d14f15eb78a4f970c30d48b173c27165	15Avi1013Pt03A	biological	fish gut metagenome	Avi	hindgut [UBERON:0001046]	2015
PRJEB124417	DURANCE16S_RUN_15Avi1013Pt03A_durance2	DURANCE16S_EXP_15Avi1013Pt03A_durance2	DURANCE16S_15Avi1013Pt03A	durance2	prep2	1	15Avi1013Pt03A_durance2	ERR17752427	ERX17142970	15Avi1013Pt03A_S538_L001_R1_001.fastq.gz	f953f8b17f3450f294975f158a581155	15Avi1013Pt03A_S538_L001_R2_001.fastq.gz	e1e1830bf144f6e0136b7ed3b3355278	15Avi1013Pt03A	biological	fish gut metagenome	Avi	hindgut [UBERON:0001046]	2015
PRJEB124417	DURANCE16S_RUN_15Avi1013Pt03A_durance3	DURANCE16S_EXP_15Avi1013Pt03A_durance3	DURANCE16S_15Avi1013Pt03A	durance3	prep2	2	15Avi1013Pt03A_durance3	ERR17752431	ERX17142974	15Avi1013Pt03A_S538_L001_R1_001.fastq.gz	5fd2ab9bed80a75f110a384466b8dc86	15Avi1013Pt03A_S538_L001_R2_001.fastq.gz	ef71aeafdcf09fdf22d1408cd7a85f62	15Avi1013Pt03A	biological	fish gut metagenome	Avi	hindgut [UBERON:0001046]	2015
PRJEB124417	DURANCE16S_RUN_15Avi1013Pt05A_durance1	DURANCE16S_EXP_15Avi1013Pt05A_durance1	DURANCE16S_15Avi1013Pt05A	durance1	prep1	1	15Avi1013Pt05A_durance1	ERR17752432	ERX17142975	15Avi1013Pt05A_S346_L001_R1_001.fastq.gz	46bb13577ac915d835fe0abe6ae3a753	15Avi1013Pt05A_S346_L001_R2_001.fastq.gz	9b5bcf9e5aec57659eff01e4703d2169	15Avi1013Pt05A	biological	gill metagenome	Avi	gill [UBERON:0002535]	2015
PRJEB124417	DURANCE16S_RUN_15Avi1013Pt05A_durance2	DURANCE16S_EXP_15Avi1013Pt05A_durance2	DURANCE16S_15Avi1013Pt05A	durance2	prep2	1	15Avi1013Pt05A_durance2	ERR17752433	ERX17142976	15Avi1013Pt05A_S346_L001_R1_001.fastq.gz	ca926896b172b64b850d06201ed4580e	15Avi1013Pt05A_S346_L001_R2_001.fastq.gz	c894042244d347d3ef81c6cbaa80d12d	15Avi1013Pt05A	biological	gill metagenome	Avi	gill [UBERON:0002535]	2015
PRJEB124417	DURANCE16S_RUN_15Avi1013Pt05A_durance3	DURANCE16S_EXP_15Avi1013Pt05A_durance3	DURANCE16S_15Avi1013Pt05A	durance3	prep2	2	15Avi1013Pt05A_durance3	ERR17752434	ERX17142977	15Avi1013Pt05A_S346_L001_R1_001.fastq.gz	2e7a3369b881b31bd90260c8b285df64	15Avi1013Pt05A_S346_L001_R2_001.fastq.gz	e6f870a483f87c9f17679a82f0f9ae9d	15Avi1013Pt05A	biological	gill metagenome	Avi	gill [UBERON:0002535]	2015
PRJEB124417	DURANCE16S_RUN_15BUe1002Ch05A_durance1	DURANCE16S_EXP_15BUe1002Ch05A_durance1	DURANCE16S_15BUe1002Ch05A	durance1	prep1	1	15BUe1002Ch05A_durance1	ERR17752766	ERX17143309	15BUe1002Ch05A_S370_L001_R1_001.fastq.gz	f2e8920ad54f73b71bfa28baff58bceb	15BUe1002Ch05A_S370_L001_R2_001.fastq.gz	8bc7d6e5d0bbff94cc17eccd79daf39e	15BUe1002Ch05A	biological	gill metagenome	Bue	gill [UBERON:0002535]	2015
PRJEB124417	DURANCE16S_RUN_15BUe1002Ch05A_durance2	DURANCE16S_EXP_15BUe1002Ch05A_durance2	DURANCE16S_15BUe1002Ch05A	durance2	prep2	1	15BUe1002Ch05A_durance2	ERR17752769	ERX17143312	15BUe1002Ch05A_S370_L001_R1_001.fastq.gz	f1eea58de98c2ae93e539474fd9e8f44	15BUe1002Ch05A_S370_L001_R2_001.fastq.gz	b1c30f8c721fdff19e684f5287be3170	15BUe1002Ch05A	biological	gill metagenome	Bue	gill [UBERON:0002535]	2015
PRJEB124417	DURANCE16S_RUN_15BUe1002Ch05A_durance3	DURANCE16S_EXP_15BUe1002Ch05A_durance3	DURANCE16S_15BUe1002Ch05A	durance3	prep2	2	15BUe1002Ch05A_durance3	ERR17752771	ERX17143314	15BUe1002Ch05A_S370_L001_R1_001.fastq.gz	0a5ea5f66541331d4df989667f09a37b	15BUe1002Ch05A_S370_L001_R2_001.fastq.gz	7b6b60b6eb87f5ad6485b3458b63311d	15BUe1002Ch05A	biological	gill metagenome	Bue	gill [UBERON:0002535]	2015
PRJEB124417	DURANCE16S_RUN_15BUe1003Ch05A_durance1	DURANCE16S_EXP_15BUe1003Ch05A_durance1	DURANCE16S_15BUe1003Ch05A	durance1	prep1	1	15BUe1003Ch05A_durance1	ERR17752781	ERX17143324	15BUe1003Ch05A_S382_L001_R1_001.fastq.gz	d85e539a7549f0958795b9938d8040c5	15BUe1003Ch05A_S382_L001_R2_001.fastq.gz	668415623c6471ec0085d818a44d4c2d	15BUe1003Ch05A	biological	gill metagenome	Bue	gill [UBERON:0002535]	2015
PRJEB124417	DURANCE16S_RUN_15BUe1003Ch05A_durance2	DURANCE16S_EXP_15BUe1003Ch05A_durance2	DURANCE16S_15BUe1003Ch05A	durance2	prep2	1	15BUe1003Ch05A_durance2	ERR17752783	ERX17143326	15BUe1003Ch05A_S382_L001_R1_001.fastq.gz	7ffba38d98dbb9d6938aa12b27bad9a5	15BUe1003Ch05A_S382_L001_R2_001.fastq.gz	db77c5fbb35ec363ed2700b0a90b1893	15BUe1003Ch05A	biological	gill metagenome	Bue	gill [UBERON:0002535]	2015
PRJEB124417	DURANCE16S_RUN_15BUe1003Ch05A_durance3	DURANCE16S_EXP_15BUe1003Ch05A_durance3	DURANCE16S_15BUe1003Ch05A	durance3	prep2	2	15BUe1003Ch05A_durance3	ERR17752784	ERX17143327	15BUe1003Ch05A_S382_L001_R1_001.fastq.gz	a38a650f977970c36ce875212be5776d	15BUe1003Ch05A_S382_L001_R2_001.fastq.gz	53162dccef5bd7168fd011ad3a78acae	15BUe1003Ch05A	biological	gill metagenome	Bue	gill [UBERON:0002535]	2015
PRJEB124417	DURANCE16S_RUN_15BUe1004Ch05A_durance1	DURANCE16S_EXP_15BUe1004Ch05A_durance1	DURANCE16S_15BUe1004Ch05A	durance1	prep1	1	15BUe1004Ch05A_durance1	ERR17752793	ERX17143336	15BUe1004Ch05A_S299_L001_R1_001.fastq.gz	91cf6e1778a68b99c51e31bfccb978e3	15BUe1004Ch05A_S299_L001_R2_001.fastq.gz	00b7dc3593d6a28a8cdf1f279d0780ae	15BUe1004Ch05A	biological	gill metagenome	Bue	gill [UBERON:0002535]	2015
PRJEB124417	DURANCE16S_RUN_15BUe1004Ch05A_durance2	DURANCE16S_EXP_15BUe1004Ch05A_durance2	DURANCE16S_15BUe1004Ch05A	durance2	prep2	1	15BUe1004Ch05A_durance2	ERR17752794	ERX17143337	15BUe1004Ch05A_S299_L001_R1_001.fastq.gz	6061ed52d25971ce91adf379ceb007a6	15BUe1004Ch05A_S299_L001_R2_001.fastq.gz	8ffcf78dab20a5190d0362cb79b5a45d	15BUe1004Ch05A	biological	gill metagenome	Bue	gill [UBERON:0002535]	2015
PRJEB124417	DURANCE16S_RUN_15BUe1004Ch05A_durance3	DURANCE16S_EXP_15BUe1004Ch05A_durance3	DURANCE16S_15BUe1004Ch05A	durance3	prep2	2	15BUe1004Ch05A_durance3	ERR17752795	ERX17143338	15BUe1004Ch05A_S299_L001_R1_001.fastq.gz	1d4da201303b99998fbeacd8764e06bd	15BUe1004Ch05A_S299_L001_R2_001.fastq.gz	7105642f71586ecf6b4d4045334fbb53	15BUe1004Ch05A	biological	gill metagenome	Bue	gill [UBERON:0002535]	2015
PRJEB124417	DURANCE16S_RUN_15BUe1005Ch05A_durance1	DURANCE16S_EXP_15BUe1005Ch05A_durance1	DURANCE16S_15BUe1005Ch05A	durance1	prep1	1	15BUe1005Ch05A_durance1	ERR17752805	ERX17143348	15BUe1005Ch05A_S311_L001_R1_001.fastq.gz	42cfca257d91f2492ee9a44973864810	15BUe1005Ch05A_S311_L001_R2_001.fastq.gz	8de6a2130b4c0a86b7ecd1cbd9326e9e	15BUe1005Ch05A	biological	gill metagenome	Bue	gill [UBERON:0002535]	2015
PRJEB124417	DURANCE16S_RUN_15BUe1005Ch05A_durance2	DURANCE16S_EXP_15BUe1005Ch05A_durance2	DURANCE16S_15BUe1005Ch05A	durance2	prep2	1	15BUe1005Ch05A_durance2	ERR17752806	ERX17143349	15BUe1005Ch05A_S311_L001_R1_001.fastq.gz	b88b25326d05c7af113cb9f23d32a996	15BUe1005Ch05A_S311_L001_R2_001.fastq.gz	8eaad4c44eb2aae943a9bd59cf2275b1	15BUe1005Ch05A	biological	gill metagenome	Bue	gill [UBERON:0002535]	2015
PRJEB124417	DURANCE16S_RUN_15BUe1005Ch05A_durance3	DURANCE16S_EXP_15BUe1005Ch05A_durance3	DURANCE16S_15BUe1005Ch05A	durance3	prep2	2	15BUe1005Ch05A_durance3	ERR17752808	ERX17143351	15BUe1005Ch05A_S311_L001_R1_001.fastq.gz	8ddb20fc8625aa28992d1201ec841951	15BUe1005Ch05A_S311_L001_R2_001.fastq.gz	9228b2f1419ccdeb779525b5114ecd07	15BUe1005Ch05A	biological	gill metagenome	Bue	gill [UBERON:0002535]	2015
PRJEB124417	DURANCE16S_RUN_15BUe1006Ch05A_durance1	DURANCE16S_EXP_15BUe1006Ch05A_durance1	DURANCE16S_15BUe1006Ch05A	durance1	prep1	1	15BUe1006Ch05A_durance1	ERR17752820	ERX17143363	15BUe1006Ch05A_S323_L001_R1_001.fastq.gz	abb98f18507e33cb8128de833d44c6cc	15BUe1006Ch05A_S323_L001_R2_001.fastq.gz	aed008ed7ed73521e5197df4e01d1847	15BUe1006Ch05A	biological	gill metagenome	Bue	gill [UBERON:0002535]	2015
PRJEB124417	DURANCE16S_RUN_15BUe1006Ch05A_durance2	DURANCE16S_EXP_15BUe1006Ch05A_durance2	DURANCE16S_15BUe1006Ch05A	durance2	prep2	1	15BUe1006Ch05A_durance2	ERR17752818	ERX17143361	15BUe1006Ch05A_S323_L001_R1_001.fastq.gz	bde68fb30f8e05f8c70592542cf02971	15BUe1006Ch05A_S323_L001_R2_001.fastq.gz	08a02cfd8b89ad5950ab95ae48fa1ce8	15BUe1006Ch05A	biological	gill metagenome	Bue	gill [UBERON:0002535]	2015
PRJEB124417	DURANCE16S_RUN_15BUe1006Ch05A_durance3	DURANCE16S_EXP_15BUe1006Ch05A_durance3	DURANCE16S_15BUe1006Ch05A	durance3	prep2	2	15BUe1006Ch05A_durance3	ERR17752819	ERX17143362	15BUe1006Ch05A_S323_L001_R1_001.fastq.gz	eddc83dd068c75a166c02ea8dc165c3d	15BUe1006Ch05A_S323_L001_R2_001.fastq.gz	6a68fbf6cf34f2da0fde584570a4f960	15BUe1006Ch05A	biological	gill metagenome	Bue	gill [UBERON:0002535]	2015
PRJEB124417	DURANCE16S_RUN_15BUe1007Ch05A_durance1	DURANCE16S_EXP_15BUe1007Ch05A_durance1	DURANCE16S_15BUe1007Ch05A	durance1	prep1	1	15BUe1007Ch05A_durance1	ERR17752828	ERX17143371	15BUe1007Ch05A_S335_L001_R1_001.fastq.gz	fc0f4f81944d8100b8c3e93ba6368b7c	15BUe1007Ch05A_S335_L001_R2_001.fastq.gz	0f027141a8df63dbbf36ac907fccde68	15BUe1007Ch05A	biological	gill metagenome	Bue	gill [UBERON:0002535]	2015
PRJEB124417	DURANCE16S_RUN_15BUe1007Ch05A_durance2	DURANCE16S_EXP_15BUe1007Ch05A_durance2	DURANCE16S_15BUe1007Ch05A	durance2	prep2	1	15BUe1007Ch05A_durance2	ERR17752830	ERX17143373	15BUe1007Ch05A_S335_L001_R1_001.fastq.gz	3c4e924a2e111fb2de15f6cab4b25c4e	15BUe1007Ch05A_S335_L001_R2_001.fastq.gz	33efe0c796b5051ec52d4baec3fb2561	15BUe1007Ch05A	biological	gill metagenome	Bue	gill [UBERON:0002535]	2015
PRJEB124417	DURANCE16S_RUN_15BUe1007Ch05A_durance3	DURANCE16S_EXP_15BUe1007Ch05A_durance3	DURANCE16S_15BUe1007Ch05A	durance3	prep2	2	15BUe1007Ch05A_durance3	ERR17752832	ERX17143375	15BUe1007Ch05A_S335_L001_R1_001.fastq.gz	cb737e40dc56c8042cb68d2db147bb2d	15BUe1007Ch05A_S335_L001_R2_001.fastq.gz	f1da61a9935b181ab2a18bf2bfbbd168	15BUe1007Ch05A	biological	gill metagenome	Bue	gill [UBERON:0002535]	2015
PRJEB124417	DURANCE16S_RUN_15BUe1008Ch05A_durance1	DURANCE16S_EXP_15BUe1008Ch05A_durance1	DURANCE16S_15BUe1008Ch05A	durance1	prep1	1	15BUe1008Ch05A_durance1	ERR17752841	ERX17143384	15BUe1008Ch05A_S347_L001_R1_001.fastq.gz	51f8b7d7c073915301cb9b13a838dd7a	15BUe1008Ch05A_S347_L001_R2_001.fastq.gz	826c74808fcfea9d00884417998edf61	15BUe1008Ch05A	biological	gill metagenome	Bue	gill [UBERON:0002535]	2015
PRJEB124417	DURANCE16S_RUN_15BUe1008Ch05A_durance2	DURANCE16S_EXP_15BUe1008Ch05A_durance2	DURANCE16S_15BUe1008Ch05A	durance2	prep2	1	15BUe1008Ch05A_durance2	ERR17752843	ERX17143386	15BUe1008Ch05A_S347_L001_R1_001.fastq.gz	f2b70839f634b5a30b1e44b8a54cc314	15BUe1008Ch05A_S347_L001_R2_001.fastq.gz	dcaa8bdd17ae04f5b3a4c953d2ce1ba8	15BUe1008Ch05A	biological	gill metagenome	Bue	gill [UBERON:0002535]	2015
PRJEB124417	DURANCE16S_RUN_15BUe1008Ch05A_durance3	DURANCE16S_EXP_15BUe1008Ch05A_durance3	DURANCE16S_15BUe1008Ch05A	durance3	prep2	2	15BUe1008Ch05A_durance3	ERR17752845	ERX17143388	15BUe1008Ch05A_S347_L001_R1_001.fastq.gz	9decc2255702bc32d03de2bcf7d8175d	15BUe1008Ch05A_S347_L001_R2_001.fastq.gz	a9566660b498b8f0497de2e7e4ffe960	15BUe1008Ch05A	biological	gill metagenome	Bue	gill [UBERON:0002535]	2015
PRJEB124417	DURANCE16S_RUN_15BUe1009Ch05A_durance1	DURANCE16S_EXP_15BUe1009Ch05A_durance1	DURANCE16S_15BUe1009Ch05A	durance1	prep1	1	15BUe1009Ch05A_durance1	ERR17752854	ERX17143397	15BUe1009Ch05A_S359_L001_R1_001.fastq.gz	594f90443518680a319f96d8f9e163b9	15BUe1009Ch05A_S359_L001_R2_001.fastq.gz	a9e6ccfa40e908f658a8a1b3198c1384	15BUe1009Ch05A	biological	gill metagenome	Bue	gill [UBERON:0002535]	2015
PRJEB124417	DURANCE16S_RUN_15BUe1009Ch05A_durance2	DURANCE16S_EXP_15BUe1009Ch05A_durance2	DURANCE16S_15BUe1009Ch05A	durance2	prep2	1	15BUe1009Ch05A_durance2	ERR17752853	ERX17143396	15BUe1009Ch05A_S359_L001_R1_001.fastq.gz	edc51013097d5cc5e8fe20db3e06c091	15BUe1009Ch05A_S359_L001_R2_001.fastq.gz	e5882ea64290a7d77bea878d1bc428d1	15BUe1009Ch05A	biological	gill metagenome	Bue	gill [UBERON:0002535]	2015
PRJEB124417	DURANCE16S_RUN_15BUe1009Ch05A_durance3	DURANCE16S_EXP_15BUe1009Ch05A_durance3	DURANCE16S_15BUe1009Ch05A	durance3	prep2	2	15BUe1009Ch05A_durance3	ERR17752856	ERX17143399	15BUe1009Ch05A_S359_L001_R1_001.fastq.gz	730120223c7002ecd5a88a25fd02aa3e	15BUe1009Ch05A_S359_L001_R2_001.fastq.gz	12f679d38a8377c751ae927218185785	15BUe1009Ch05A	biological	gill metagenome	Bue	gill [UBERON:0002535]	2015
PRJEB124417	DURANCE16S_RUN_15BUe1010Ch05A_durance1	DURANCE16S_EXP_15BUe1010Ch05A_durance1	DURANCE16S_15BUe1010Ch05A	durance1	prep1	1	15BUe1010Ch05A_durance1	ERR17752865	ERX17143408	15BUe1010Ch05A_S371_L001_R1_001.fastq.gz	e0cac67eb82aee4a3b8663e8364f7c3c	15BUe1010Ch05A_S371_L001_R2_001.fastq.gz	85d0380eb6c01dd175b56c4cbea1c4b6	15BUe1010Ch05A	biological	gill metagenome	Bue	gill [UBERON:0002535]	2015
PRJEB124417	DURANCE16S_RUN_15BUe1010Ch05A_durance2	DURANCE16S_EXP_15BUe1010Ch05A_durance2	DURANCE16S_15BUe1010Ch05A	durance2	prep2	1	15BUe1010Ch05A_durance2	ERR17752866	ERX17143409	15BUe1010Ch05A_S371_L001_R1_001.fastq.gz	5bbeb41d89e9e66ad502f0a29f86291e	15BUe1010Ch05A_S371_L001_R2_001.fastq.gz	5324c1ab6dea3f2a514f3a430c0b17cc	15BUe1010Ch05A	biological	gill metagenome	Bue	gill [UBERON:0002535]	2015
PRJEB124417	DURANCE16S_RUN_15BUe1010Ch05A_durance3	DURANCE16S_EXP_15BUe1010Ch05A_durance3	DURANCE16S_15BUe1010Ch05A	durance3	prep2	2	15BUe1010Ch05A_durance3	ERR17752867	ERX17143410	15BUe1010Ch05A_S371_L001_R1_001.fastq.gz	d762ef3560f69ba965c3791c065be830	15BUe1010Ch05A_S371_L001_R2_001.fastq.gz	bb61be6c23eece5dd43a9dfc5f24d09a	15BUe1010Ch05A	biological	gill metagenome	Bue	gill [UBERON:0002535]	2015
PRJEB124417	DURANCE16S_RUN_15BUe1011Ch05A_durance1	DURANCE16S_EXP_15BUe1011Ch05A_durance1	DURANCE16S_15BUe1011Ch05A	durance1	prep1	1	15BUe1011Ch05A_durance1	ERR17752877	ERX17143420	15BUe1011Ch05A_S383_L001_R1_001.fastq.gz	2ade70a162c9863b3f46c933fc8fc44d	15BUe1011Ch05A_S383_L001_R2_001.fastq.gz	3b70dfa9203f6096be82e3717ca31199	15BUe1011Ch05A	biological	gill metagenome	Bue	gill [UBERON:0002535]	2015
PRJEB124417	DURANCE16S_RUN_15BUe1011Ch05A_durance2	DURANCE16S_EXP_15BUe1011Ch05A_durance2	DURANCE16S_15BUe1011Ch05A	durance2	prep2	1	15BUe1011Ch05A_durance2	ERR17752878	ERX17143421	15BUe1011Ch05A_S383_L001_R1_001.fastq.gz	10d685bd50333c4f0aa321de13b19a34	15BUe1011Ch05A_S383_L001_R2_001.fastq.gz	fd6813d33a1115006fe7ee856065b121	15BUe1011Ch05A	biological	gill metagenome	Bue	gill [UBERON:0002535]	2015
PRJEB124417	DURANCE16S_RUN_15BUe1011Ch05A_durance3	DURANCE16S_EXP_15BUe1011Ch05A_durance3	DURANCE16S_15BUe1011Ch05A	durance3	prep2	2	15BUe1011Ch05A_durance3	ERR17752879	ERX17143422	15BUe1011Ch05A_S383_L001_R1_001.fastq.gz	30ab5f695518196cb6d64ba4451948a7	15BUe1011Ch05A_S383_L001_R2_001.fastq.gz	ef017bad3705e720e7e1c27ec3771124	15BUe1011Ch05A	biological	gill metagenome	Bue	gill [UBERON:0002535]	2015
PRJEB124417	DURANCE16S_RUN_15BUe1012Ch05A_durance1	DURANCE16S_EXP_15BUe1012Ch05A_durance1	DURANCE16S_15BUe1012Ch05A	durance1	prep1	1	15BUe1012Ch05A_durance1	ERR17752889	ERX17143432	15BUe1012Ch05A_S300_L001_R1_001.fastq.gz	1bb69356cb4a2c5cb2462bc0da7cdb2b	15BUe1012Ch05A_S300_L001_R2_001.fastq.gz	2929804adb7a6e684560451f2b91377a	15BUe1012Ch05A	biological	gill metagenome	Bue	gill [UBERON:0002535]	2015
PRJEB124417	DURANCE16S_RUN_15BUe1012Ch05A_durance2	DURANCE16S_EXP_15BUe1012Ch05A_durance2	DURANCE16S_15BUe1012Ch05A	durance2	prep2	1	15BUe1012Ch05A_durance2	ERR17752890	ERX17143433	15BUe1012Ch05A_S300_L001_R1_001.fastq.gz	40e80cf1b333db4f6e6be5aaa7714393	15BUe1012Ch05A_S300_L001_R2_001.fastq.gz	5b7aa4b0229f6970777e61803b75ff12	15BUe1012Ch05A	biological	gill metagenome	Bue	gill [UBERON:0002535]	2015
PRJEB124417	DURANCE16S_RUN_15BUe1012Ch05A_durance3	DURANCE16S_EXP_15BUe1012Ch05A_durance3	DURANCE16S_15BUe1012Ch05A	durance3	prep2	2	15BUe1012Ch05A_durance3	ERR17752893	ERX17143436	15BUe1012Ch05A_S300_L001_R1_001.fastq.gz	576a78add37805fce2a4072c86bb133b	15BUe1012Ch05A_S300_L001_R2_001.fastq.gz	342177f88dcff05c64202d24eb9b7f6a	15BUe1012Ch05A	biological	gill metagenome	Bue	gill [UBERON:0002535]	2015
PRJEB124417	DURANCE16S_RUN_15BUe1013Ch05A_durance1	DURANCE16S_EXP_15BUe1013Ch05A_durance1	DURANCE16S_15BUe1013Ch05A	durance1	prep1	1	15BUe1013Ch05A_durance1	ERR17752901	ERX17143444	15BUe1013Ch05A_S312_L001_R1_001.fastq.gz	e9ea3c4a870d58e5a7073e3a84fd1de8	15BUe1013Ch05A_S312_L001_R2_001.fastq.gz	fb9ffa9ac4135ec122ec29af74297a2b	15BUe1013Ch05A	biological	gill metagenome	Bue	gill [UBERON:0002535]	2015
PRJEB124417	DURANCE16S_RUN_15BUe1013Ch05A_durance2	DURANCE16S_EXP_15BUe1013Ch05A_durance2	DURANCE16S_15BUe1013Ch05A	durance2	prep2	1	15BUe1013Ch05A_durance2	ERR17752902	ERX17143445	15BUe1013Ch05A_S312_L001_R1_001.fastq.gz	f11ab473a8dc81687de5305fa07e5a7a	15BUe1013Ch05A_S312_L001_R2_001.fastq.gz	ec5f627f041663b03cba677f2317824b	15BUe1013Ch05A	biological	gill metagenome	Bue	gill [UBERON:0002535]	2015
PRJEB124417	DURANCE16S_RUN_15BUe1013Ch05A_durance3	DURANCE16S_EXP_15BUe1013Ch05A_durance3	DURANCE16S_15BUe1013Ch05A	durance3	prep2	2	15BUe1013Ch05A_durance3	ERR17752905	ERX17143448	15BUe1013Ch05A_S312_L001_R1_001.fastq.gz	a43e7bd2c3cf39a129f28a8e5d4d8796	15BUe1013Ch05A_S312_L001_R2_001.fastq.gz	36b8250ba68a1cfa447c291a6c584c17	15BUe1013Ch05A	biological	gill metagenome	Bue	gill [UBERON:0002535]	2015
PRJEB124417	DURANCE16S_RUN_15BUe1014Ch05A_durance1	DURANCE16S_EXP_15BUe1014Ch05A_durance1	DURANCE16S_15BUe1014Ch05A	durance1	prep1	1	15BUe1014Ch05A_durance1	ERR17752916	ERX17143459	15BUe1014Ch05A_S324_L001_R1_001.fastq.gz	4ff58210aa7cc8e1c53158f3e494093f	15BUe1014Ch05A_S324_L001_R2_001.fastq.gz	2c97f4368b488bb65193643eb5b29d97	15BUe1014Ch05A	biological	gill metagenome	Bue	gill [UBERON:0002535]	2015
PRJEB124417	DURANCE16S_RUN_15BUe1014Ch05A_durance2	DURANCE16S_EXP_15BUe1014Ch05A_durance2	DURANCE16S_15BUe1014Ch05A	durance2	prep2	1	15BUe1014Ch05A_durance2	ERR17752917	ERX17143460	15BUe1014Ch05A_S324_L001_R1_001.fastq.gz	bb7229eafd821e4748e9dc1864838ad1	15BUe1014Ch05A_S324_L001_R2_001.fastq.gz	324d9e2586a47be4bb9116b5c0b1e2e2	15BUe1014Ch05A	biological	gill metagenome	Bue	gill [UBERON:0002535]	2015
PRJEB124417	DURANCE16S_RUN_15BUe1014Ch05A_durance3	DURANCE16S_EXP_15BUe1014Ch05A_durance3	DURANCE16S_15BUe1014Ch05A	durance3	prep2	2	15BUe1014Ch05A_durance3	ERR17752915	ERX17143458	15BUe1014Ch05A_S324_L001_R1_001.fastq.gz	4dd73d49e1c8446e228f8d0a1bdbecf4	15BUe1014Ch05A_S324_L001_R2_001.fastq.gz	204afeb2f32949273cd0fb886f92a696	15BUe1014Ch05A	biological	gill metagenome	Bue	gill [UBERON:0002535]	2015
PRJEB124417	DURANCE16S_RUN_15BUe1015Ch05A_durance1	DURANCE16S_EXP_15BUe1015Ch05A_durance1	DURANCE16S_15BUe1015Ch05A	durance1	prep1	1	15BUe1015Ch05A_durance1	ERR17752927	ERX17143470	15BUe1015Ch05A_S336_L001_R1_001.fastq.gz	d0001fa0d2c2a49914e1a55699639049	15BUe1015Ch05A_S336_L001_R2_001.fastq.gz	9332ed5cbe9e3139ed08f61c48998a21	15BUe1015Ch05A	biological	gill metagenome	Bue	gill [UBERON:0002535]	2015
PRJEB124417	DURANCE16S_RUN_15BUe1015Ch05A_durance2	DURANCE16S_EXP_15BUe1015Ch05A_durance2	DURANCE16S_15BUe1015Ch05A	durance2	prep2	1	15BUe1015Ch05A_durance2	ERR17752928	ERX17143471	15BUe1015Ch05A_S336_L001_R1_001.fastq.gz	a8bbcdd4fffb7d323d07b75d2b783be2	15BUe1015Ch05A_S336_L001_R2_001.fastq.gz	21e7533ddf4bab32de81ba0dd68fbc71	15BUe1015Ch05A	biological	gill metagenome	Bue	gill [UBERON:0002535]	2015
PRJEB124417	DURANCE16S_RUN_15BUe1015Ch05A_durance3	DURANCE16S_EXP_15BUe1015Ch05A_durance3	DURANCE16S_15BUe1015Ch05A	durance3	prep2	2	15BUe1015Ch05A_durance3	ERR17752930	ERX17143473	15BUe1015Ch05A_S336_L001_R1_001.fastq.gz	88a9ca813cc241b65893d8614333fc7a	15BUe1015Ch05A_S336_L001_R2_001.fastq.gz	af1833fe812829c7823297fa789a99d6	15BUe1015Ch05A	biological	gill metagenome	Bue	gill [UBERON:0002535]	2015
PRJEB124417	DURANCE16S_RUN_15BUe1016Ch05A_durance1	DURANCE16S_EXP_15BUe1016Ch05A_durance1	DURANCE16S_15BUe1016Ch05A	durance1	prep1	1	15BUe1016Ch05A_durance1	ERR17752940	ERX17143483	15BUe1016Ch05A_S348_L001_R1_001.fastq.gz	35cc39dcc11605abce1bd95045803a51	15BUe1016Ch05A_S348_L001_R2_001.fastq.gz	da520393f98bf4f4f534e36f8a49b2c5	15BUe1016Ch05A	biological	gill metagenome	Bue	gill [UBERON:0002535]	2015
PRJEB124417	DURANCE16S_RUN_15BUe1016Ch05A_durance2	DURANCE16S_EXP_15BUe1016Ch05A_durance2	DURANCE16S_15BUe1016Ch05A	durance2	prep2	1	15BUe1016Ch05A_durance2	ERR17752941	ERX17143484	15BUe1016Ch05A_S348_L001_R1_001.fastq.gz	18cf9338c9d616ed3e672b956215af35	15BUe1016Ch05A_S348_L001_R2_001.fastq.gz	25787885ec92e89f97ec00b865f6e7b2	15BUe1016Ch05A	biological	gill metagenome	Bue	gill [UBERON:0002535]	2015
PRJEB124417	DURANCE16S_RUN_15BUe1016Ch05A_durance3	DURANCE16S_EXP_15BUe1016Ch05A_durance3	DURANCE16S_15BUe1016Ch05A	durance3	prep2	2	15BUe1016Ch05A_durance3	ERR17752942	ERX17143485	15BUe1016Ch05A_S348_L001_R1_001.fastq.gz	328f6df456c96c6ddb257cc852fd077a	15BUe1016Ch05A_S348_L001_R2_001.fastq.gz	8c0de42f0dcc8065e9de8481566dbdab	15BUe1016Ch05A	biological	gill metagenome	Bue	gill [UBERON:0002535]	2015
PRJEB124417	DURANCE16S_RUN_15BUe1017Ch05A_durance1	DURANCE16S_EXP_15BUe1017Ch05A_durance1	DURANCE16S_15BUe1017Ch05A	durance1	prep1	1	15BUe1017Ch05A_durance1	ERR17752949	ERX17143492	15BUe1017Ch05A_S360_L001_R1_001.fastq.gz	b34b3aafb0c34b00a26295d7ae3dc31a	15BUe1017Ch05A_S360_L001_R2_001.fastq.gz	432e89377f374abe736fc5a2afd044dc	15BUe1017Ch05A	biological	gill metagenome	Bue	gill [UBERON:0002535]	2015
PRJEB124417	DURANCE16S_RUN_15BUe1017Ch05A_durance2	DURANCE16S_EXP_15BUe1017Ch05A_durance2	DURANCE16S_15BUe1017Ch05A	durance2	prep2	1	15BUe1017Ch05A_durance2	ERR17752952	ERX17143495	15BUe1017Ch05A_S360_L001_R1_001.fastq.gz	6dae2a807894a417a63bba9e51e49f0f	15BUe1017Ch05A_S360_L001_R2_001.fastq.gz	d9d4be998c48cee789c3d2111a321d94	15BUe1017Ch05A	biological	gill metagenome	Bue	gill [UBERON:0002535]	2015
PRJEB124417	DURANCE16S_RUN_15BUe1017Ch05A_durance3	DURANCE16S_EXP_15BUe1017Ch05A_durance3	DURANCE16S_15BUe1017Ch05A	durance3	prep2	2	15BUe1017Ch05A_durance3	ERR17752953	ERX17143496	15BUe1017Ch05A_S360_L001_R1_001.fastq.gz	13275e102592b61cf930d4ad0c41cc69	15BUe1017Ch05A_S360_L001_R2_001.fastq.gz	0af676a77c66384f3b5faf73dbba2521	15BUe1017Ch05A	biological	gill metagenome	Bue	gill [UBERON:0002535]	2015
PRJEB124417	DURANCE16S_RUN_15BUe1018Ch05A_durance1	DURANCE16S_EXP_15BUe1018Ch05A_durance1	DURANCE16S_15BUe1018Ch05A	durance1	prep1	1	15BUe1018Ch05A_durance1	ERR17752964	ERX17143507	15BUe1018Ch05A_S372_L001_R1_001.fastq.gz	3fc8ceee1c1c6030ead2d30d962874af	15BUe1018Ch05A_S372_L001_R2_001.fastq.gz	3dc15a0a3897730a584b551e0d1cb110	15BUe1018Ch05A	biological	gill metagenome	Bue	gill [UBERON:0002535]	2015
PRJEB124417	DURANCE16S_RUN_15BUe1018Ch05A_durance2	DURANCE16S_EXP_15BUe1018Ch05A_durance2	DURANCE16S_15BUe1018Ch05A	durance2	prep2	1	15BUe1018Ch05A_durance2	ERR17752963	ERX17143506	15BUe1018Ch05A_S372_L001_R1_001.fastq.gz	96bfabcc481535b8c82b95dda9059757	15BUe1018Ch05A_S372_L001_R2_001.fastq.gz	74555d1f980f2cea187ad4d7f45e9073	15BUe1018Ch05A	biological	gill metagenome	Bue	gill [UBERON:0002535]	2015
PRJEB124417	DURANCE16S_RUN_15BUe1018Ch05A_durance3	DURANCE16S_EXP_15BUe1018Ch05A_durance3	DURANCE16S_15BUe1018Ch05A	durance3	prep2	2	15BUe1018Ch05A_durance3	ERR17752967	ERX17143510	15BUe1018Ch05A_S372_L001_R1_001.fastq.gz	32fd70292250fe0be48ad3a8fd8037ec	15BUe1018Ch05A_S372_L001_R2_001.fastq.gz	185863c3b82d1517cf34469a2374a5ab	15BUe1018Ch05A	biological	gill metagenome	Bue	gill [UBERON:0002535]	2015
PRJEB124417	DURANCE16S_RUN_15Bau1001Ch01A_durance1	DURANCE16S_EXP_15Bau1001Ch01A_durance1	DURANCE16S_15Bau1001Ch01A	durance1	prep1	1	15Bau1001Ch01A_durance1	ERR17752435	ERX17142978	15Bau1001Ch01A_S97_L001_R1_001.fastq.gz	420c7cf54f6ac63e0212738b1b4cb72b	15Bau1001Ch01A_S97_L001_R2_001.fastq.gz	dfb695e1f223a2003925bdea9d98520d	15Bau1001Ch01A	biological	fish metagenome	Bau	caudal fin [UBERON:4000164]	2015
PRJEB124417	DURANCE16S_RUN_15Bau1001Ch01A_durance2	DURANCE16S_EXP_15Bau1001Ch01A_durance2	DURANCE16S_15Bau1001Ch01A	durance2	prep2	1	15Bau1001Ch01A_durance2	ERR17752437	ERX17142980	15Bau1001Ch01A_S97_L001_R1_001.fastq.gz	5a3dacfa77f0e260dc1d8ab0ec07eca4	15Bau1001Ch01A_S97_L001_R2_001.fastq.gz	26b10911081ae98b72fabc56a9cf513c	15Bau1001Ch01A	biological	fish metagenome	Bau	caudal fin [UBERON:4000164]	2015
PRJEB124417	DURANCE16S_RUN_15Bau1001Ch01A_durance3	DURANCE16S_EXP_15Bau1001Ch01A_durance3	DURANCE16S_15Bau1001Ch01A	durance3	prep2	2	15Bau1001Ch01A_durance3	ERR17752441	ERX17142984	15Bau1001Ch01A_S97_L001_R1_001.fastq.gz	7f8b9998c5f8878f272203654674d3ba	15Bau1001Ch01A_S97_L001_R2_001.fastq.gz	56e46b286bdbb843f51333b1d8e6f1d7	15Bau1001Ch01A	biological	fish metagenome	Bau	caudal fin [UBERON:4000164]	2015
PRJEB124417	DURANCE16S_RUN_15Bau1001Ch02A_durance1	DURANCE16S_EXP_15Bau1001Ch02A_durance1	DURANCE16S_15Bau1001Ch02A	durance1	prep1	1	15Bau1001Ch02A_durance1	ERR17752436	ERX17142979	15Bau1001Ch02A_S673_L001_R1_001.fastq.gz	7ce819b801b1bace01e3717b0bd498d9	15Bau1001Ch02A_S673_L001_R2_001.fastq.gz	a95407e746132bfa95897555cc274752	15Bau1001Ch02A	biological	fish gut metagenome	Bau	midgut [UBERON:0001045]	2015
PRJEB124417	DURANCE16S_RUN_15Bau1001Ch02A_durance2	DURANCE16S_EXP_15Bau1001Ch02A_durance2	DURANCE16S_15Bau1001Ch02A	durance2	prep2	1	15Bau1001Ch02A_durance2	ERR17752438	ERX17142981	15Bau1001Ch02A_S673_L001_R1_001.fastq.gz	6b122dff5012037fe462f7b66f194ff2	15Bau1001Ch02A_S673_L001_R2_001.fastq.gz	b9f41e10d7e87fb6b9c6c30e9667eb8c	15Bau1001Ch02A	biological	fish gut metagenome	Bau	midgut [UBERON:0001045]	2015
PRJEB124417	DURANCE16S_RUN_15Bau1001Ch02A_durance3	DURANCE16S_EXP_15Bau1001Ch02A_durance3	DURANCE16S_15Bau1001Ch02A	durance3	prep2	2	15Bau1001Ch02A_durance3	ERR17752440	ERX17142983	15Bau1001Ch02A_S673_L001_R1_001.fastq.gz	228257fb4ad03a3e1861adf1f723878e	15Bau1001Ch02A_S673_L001_R2_001.fastq.gz	18cb3b82ad82e15ad5c1ba27c014318c	15Bau1001Ch02A	biological	fish gut metagenome	Bau	midgut [UBERON:0001045]	2015
PRJEB124417	DURANCE16S_RUN_15Bau1001Ch03A_durance1	DURANCE16S_EXP_15Bau1001Ch03A_durance1	DURANCE16S_15Bau1001Ch03A	durance1	prep1	1	15Bau1001Ch03A_durance1	ERR17752442	ERX17142985	15Bau1001Ch03A_S481_L001_R1_001.fastq.gz	b9abca8e8d45cfcd811fef25794803a5	15Bau1001Ch03A_S481_L001_R2_001.fastq.gz	2e90548bfd3a9b2836676c7c31257493	15Bau1001Ch03A	biological	fish gut metagenome	Bau	hindgut [UBERON:0001046]	2015
PRJEB124417	DURANCE16S_RUN_15Bau1001Ch03A_durance2	DURANCE16S_EXP_15Bau1001Ch03A_durance2	DURANCE16S_15Bau1001Ch03A	durance2	prep2	1	15Bau1001Ch03A_durance2	ERR17752443	ERX17142986	15Bau1001Ch03A_S481_L001_R1_001.fastq.gz	3641dd33a3208e167534b1325aa657ff	15Bau1001Ch03A_S481_L001_R2_001.fastq.gz	2ceef5b23eae8da2c7845d1165b2bc3f	15Bau1001Ch03A	biological	fish gut metagenome	Bau	hindgut [UBERON:0001046]	2015
PRJEB124417	DURANCE16S_RUN_15Bau1001Ch03A_durance3	DURANCE16S_EXP_15Bau1001Ch03A_durance3	DURANCE16S_15Bau1001Ch03A	durance3	prep2	2	15Bau1001Ch03A_durance3	ERR17752445	ERX17142988	15Bau1001Ch03A_S481_L001_R1_001.fastq.gz	13b1749286bbe3cf2e371ea2dae408d0	15Bau1001Ch03A_S481_L001_R2_001.fastq.gz	1c6e62e5e33b5f3c6d38a0d4f4d2508d	15Bau1001Ch03A	biological	fish gut metagenome	Bau	hindgut [UBERON:0001046]	2015
PRJEB124417	DURANCE16S_RUN_15Bau1001Ch05A_durance1	DURANCE16S_EXP_15Bau1001Ch05A_durance1	DURANCE16S_15Bau1001Ch05A	durance1	prep1	1	15Bau1001Ch05A_durance1	ERR17752446	ERX17142989	15Bau1001Ch05A_S289_L001_R1_001.fastq.gz	8a191b32dad0ef4487d7c64e299bb6e6	15Bau1001Ch05A_S289_L001_R2_001.fastq.gz	ceab5f70f0d50a2328c8b5be863c9fd4	15Bau1001Ch05A	biological	gill metagenome	Bau	gill [UBERON:0002535]	2015
PRJEB124417	DURANCE16S_RUN_15Bau1001Ch05A_durance2	DURANCE16S_EXP_15Bau1001Ch05A_durance2	DURANCE16S_15Bau1001Ch05A	durance2	prep2	1	15Bau1001Ch05A_durance2	ERR17752444	ERX17142987	15Bau1001Ch05A_S289_L001_R1_001.fastq.gz	d0780d03d63afe0be1e2eaa3792c4f01	15Bau1001Ch05A_S289_L001_R2_001.fastq.gz	84f903cc851ed1e708f706896a5c32df	15Bau1001Ch05A	biological	gill metagenome	Bau	gill [UBERON:0002535]	2015
PRJEB124417	DURANCE16S_RUN_15Bau1001Ch05A_durance3	DURANCE16S_EXP_15Bau1001Ch05A_durance3	DURANCE16S_15Bau1001Ch05A	durance3	prep2	2	15Bau1001Ch05A_durance3	ERR17752447	ERX17142990	15Bau1001Ch05A_S289_L001_R1_001.fastq.gz	494c3097b917074105533ebfa8322b77	15Bau1001Ch05A_S289_L001_R2_001.fastq.gz	d0e0ef42d8490ee498de5b263924b744	15Bau1001Ch05A	biological	gill metagenome	Bau	gill [UBERON:0002535]	2015
PRJEB124417	DURANCE16S_RUN_15Bau1002Ch01A_durance1	DURANCE16S_EXP_15Bau1002Ch01A_durance1	DURANCE16S_15Bau1002Ch01A	durance1	prep1	1	15Bau1002Ch01A_durance1	ERR17752450	ERX17142993	15Bau1002Ch01A_S109_L001_R1_001.fastq.gz	dd30b948c7c2298c94d104e1d808dec6	15Bau1002Ch01A_S109_L001_R2_001.fastq.gz	5b9d18595559dd6fc51f9fde0c1598e5	15Bau1002Ch01A	biological	fish metagenome	Bau	caudal fin [UBERON:4000164]	2015
PRJEB124417	DURANCE16S_RUN_15Bau1002Ch01A_durance2	DURANCE16S_EXP_15Bau1002Ch01A_durance2	DURANCE16S_15Bau1002Ch01A	durance2	prep2	1	15Bau1002Ch01A_durance2	ERR17752451	ERX17142994	15Bau1002Ch01A_S109_L001_R1_001.fastq.gz	0f673e1f251fe1cfe3b5f61fd3c442b8	15Bau1002Ch01A_S109_L001_R2_001.fastq.gz	b20f8a4e20a8152daea6635420107078	15Bau1002Ch01A	biological	fish metagenome	Bau	caudal fin [UBERON:4000164]	2015
PRJEB124417	DURANCE16S_RUN_15Bau1002Ch01A_durance3	DURANCE16S_EXP_15Bau1002Ch01A_durance3	DURANCE16S_15Bau1002Ch01A	durance3	prep2	2	15Bau1002Ch01A_durance3	ERR17752449	ERX17142992	15Bau1002Ch01A_S109_L001_R1_001.fastq.gz	40fd85f1ec6f96c5a5f27f2d4ae2757d	15Bau1002Ch01A_S109_L001_R2_001.fastq.gz	003b8c5204ec059570832eacfc51ee0a	15Bau1002Ch01A	biological	fish metagenome	Bau	caudal fin [UBERON:4000164]	2015
PRJEB124417	DURANCE16S_RUN_15Bau1002Ch02A_durance1	DURANCE16S_EXP_15Bau1002Ch02A_durance1	DURANCE16S_15Bau1002Ch02A	durance1	prep1	1	15Bau1002Ch02A_durance1	ERR17752452	ERX17142995	15Bau1002Ch02A_S685_L001_R1_001.fastq.gz	3b004ef4d0e8eaf1d022dc0e1a333bcb	15Bau1002Ch02A_S685_L001_R2_001.fastq.gz	48442977983147bd646d2b1bede1bd1a	15Bau1002Ch02A	biological	fish gut metagenome	Bau	midgut [UBERON:0001045]	2015
PRJEB124417	DURANCE16S_RUN_15Bau1002Ch02A_durance2	DURANCE16S_EXP_15Bau1002Ch02A_durance2	DURANCE16S_15Bau1002Ch02A	durance2	prep2	1	15Bau1002Ch02A_durance2	ERR17752453	ERX17142996	15Bau1002Ch02A_S685_L001_R1_001.fastq.gz	6ef146acadee8083fad91903b72aa5af	15Bau1002Ch02A_S685_L001_R2_001.fastq.gz	c4be97b9937a3f7b749e4582a9d8034e	15Bau1002Ch02A	biological	fish gut metagenome	Bau	midgut [UBERON:0001045]	2015
PRJEB124417	DURANCE16S_RUN_15Bau1002Ch02A_durance3	DURANCE16S_EXP_15Bau1002Ch02A_durance3	DURANCE16S_15Bau1002Ch02A	durance3	prep2	2	15Bau1002Ch02A_durance3	ERR17752454	ERX17142997	15Bau1002Ch02A_S685_L001_R1_001.fastq.gz	583d3bb753745fd815633aaae4c543f7	15Bau1002Ch02A_S685_L001_R2_001.fastq.gz	d06c616a0c3a16545e3633b9d73a63fc	15Bau1002Ch02A	biological	fish gut metagenome	Bau	midgut [UBERON:0001045]	2015
PRJEB124417	DURANCE16S_RUN_15Bau1002Ch03A_durance1	DURANCE16S_EXP_15Bau1002Ch03A_durance1	DURANCE16S_15Bau1002Ch03A	durance1	prep1	1	15Bau1002Ch03A_durance1	ERR17752455	ERX17142998	15Bau1002Ch03A_S493_L001_R1_001.fastq.gz	7393391399b01177e27cf5d7236d9dd0	15Bau1002Ch03A_S493_L001_R2_001.fastq.gz	b941c5f04a7b86f389beffe6fe894cb6	15Bau1002Ch03A	biological	fish gut metagenome	Bau	hindgut [UBERON:0001046]	2015
PRJEB124417	DURANCE16S_RUN_15Bau1002Ch03A_durance2	DURANCE16S_EXP_15Bau1002Ch03A_durance2	DURANCE16S_15Bau1002Ch03A	durance2	prep2	1	15Bau1002Ch03A_durance2	ERR17752456	ERX17142999	15Bau1002Ch03A_S493_L001_R1_001.fastq.gz	b333f0b2eefe6983b9b5835d6861d720	15Bau1002Ch03A_S493_L001_R2_001.fastq.gz	a7f6fb2075fa9e3f59bbbc3753737495	15Bau1002Ch03A	biological	fish gut metagenome	Bau	hindgut [UBERON:0001046]	2015
PRJEB124417	DURANCE16S_RUN_15Bau1002Ch03A_durance3	DURANCE16S_EXP_15Bau1002Ch03A_durance3	DURANCE16S_15Bau1002Ch03A	durance3	prep2	2	15Bau1002Ch03A_durance3	ERR17752457	ERX17143000	15Bau1002Ch03A_S493_L001_R1_001.fastq.gz	6a2f29246b1580804ea235a7e09cbcab	15Bau1002Ch03A_S493_L001_R2_001.fastq.gz	2fbb1309a938c5cd339043fe1958ba5f	15Bau1002Ch03A	biological	fish gut metagenome	Bau	hindgut [UBERON:0001046]	2015
PRJEB124417	DURANCE16S_RUN_15Bau1002Ch05A_durance1	DURANCE16S_EXP_15Bau1002Ch05A_durance1	DURANCE16S_15Bau1002Ch05A	durance1	prep1	1	15Bau1002Ch05A_durance1	ERR17752458	ERX17143001	15Bau1002Ch05A_S301_L001_R1_001.fastq.gz	898f9fa73bc276209035756ee40e3409	15Bau1002Ch05A_S301_L001_R2_001.fastq.gz	f654ea442a51cdda2eaff5537324ad54	15Bau1002Ch05A	biological	gill metagenome	Bau	gill [UBERON:0002535]	2015
PRJEB124417	DURANCE16S_RUN_15Bau1002Ch05A_durance2	DURANCE16S_EXP_15Bau1002Ch05A_durance2	DURANCE16S_15Bau1002Ch05A	durance2	prep2	1	15Bau1002Ch05A_durance2	ERR17752460	ERX17143003	15Bau1002Ch05A_S301_L001_R1_001.fastq.gz	0efb20580526b211c487a8ebb38b5750	15Bau1002Ch05A_S301_L001_R2_001.fastq.gz	e64185b2b4ed5f1cbe8cf07bf8aa6ff7	15Bau1002Ch05A	biological	gill metagenome	Bau	gill [UBERON:0002535]	2015
PRJEB124417	DURANCE16S_RUN_15Bau1002Ch05A_durance3	DURANCE16S_EXP_15Bau1002Ch05A_durance3	DURANCE16S_15Bau1002Ch05A	durance3	prep2	2	15Bau1002Ch05A_durance3	ERR17752459	ERX17143002	15Bau1002Ch05A_S301_L001_R1_001.fastq.gz	1c401c6e826270115c54dc3c2cd01b32	15Bau1002Ch05A_S301_L001_R2_001.fastq.gz	fc5482bfd964c8d1867bc6400b9e6d4c	15Bau1002Ch05A	biological	gill metagenome	Bau	gill [UBERON:0002535]	2015
PRJEB124417	DURANCE16S_RUN_15Bau1003Ch01A_durance1	DURANCE16S_EXP_15Bau1003Ch01A_durance1	DURANCE16S_15Bau1003Ch01A	durance1	prep1	1	15Bau1003Ch01A_durance1	ERR17752461	ERX17143004	15Bau1003Ch01A_S121_L001_R1_001.fastq.gz	8b2a0aa3041bf156fc842f78ece346bf	15Bau1003Ch01A_S121_L001_R2_001.fastq.gz	90f77bc465fbc1107c468f380e1f9fba	15Bau1003Ch01A	biological	fish metagenome	Bau	caudal fin [UBERON:4000164]	2015
PRJEB124417	DURANCE16S_RUN_15Bau1003Ch01A_durance2	DURANCE16S_EXP_15Bau1003Ch01A_durance2	DURANCE16S_15Bau1003Ch01A	durance2	prep2	1	15Bau1003Ch01A_durance2	ERR17752463	ERX17143006	15Bau1003Ch01A_S121_L001_R1_001.fastq.gz	c4372e342fde6932d4696969412bdcf7	15Bau1003Ch01A_S121_L001_R2_001.fastq.gz	fb68b2f3a97f7ab26ae49806ed3edd3f	15Bau1003Ch01A	biological	fish metagenome	Bau	caudal fin [UBERON:4000164]	2015
PRJEB124417	DURANCE16S_RUN_15Bau1003Ch01A_durance3	DURANCE16S_EXP_15Bau1003Ch01A_durance3	DURANCE16S_15Bau1003Ch01A	durance3	prep2	2	15Bau1003Ch01A_durance3	ERR17752462	ERX17143005	15Bau1003Ch01A_S121_L001_R1_001.fastq.gz	665785dae4877b8fe42c0370eef060bd	15Bau1003Ch01A_S121_L001_R2_001.fastq.gz	d7300c1b5dd31e3ef73283c3a2a7c028	15Bau1003Ch01A	biological	fish metagenome	Bau	caudal fin [UBERON:4000164]	2015
PRJEB124417	DURANCE16S_RUN_15Bau1003Ch02A_durance1	DURANCE16S_EXP_15Bau1003Ch02A_durance1	DURANCE16S_15Bau1003Ch02A	durance1	prep1	1	15Bau1003Ch02A_durance1	ERR17752464	ERX17143007	15Bau1003Ch02A_S697_L001_R1_001.fastq.gz	8c199d53ba56b5d994afbe37c9d842da	15Bau1003Ch02A_S697_L001_R2_001.fastq.gz	d3b404182d34396af75309a3f3c7ce22	15Bau1003Ch02A	biological	fish gut metagenome	Bau	midgut [UBERON:0001045]	2015
PRJEB124417	DURANCE16S_RUN_15Bau1003Ch02A_durance2	DURANCE16S_EXP_15Bau1003Ch02A_durance2	DURANCE16S_15Bau1003Ch02A	durance2	prep2	1	15Bau1003Ch02A_durance2	ERR17752465	ERX17143008	15Bau1003Ch02A_S697_L001_R1_001.fastq.gz	8d6d1f2d33d487e2bca99fdacb2bf895	15Bau1003Ch02A_S697_L001_R2_001.fastq.gz	0a40ae117df2aaa5b37d8eb48af9217b	15Bau1003Ch02A	biological	fish gut metagenome	Bau	midgut [UBERON:0001045]	2015
PRJEB124417	DURANCE16S_RUN_15Bau1003Ch02A_durance3	DURANCE16S_EXP_15Bau1003Ch02A_durance3	DURANCE16S_15Bau1003Ch02A	durance3	prep2	2	15Bau1003Ch02A_durance3	ERR17752466	ERX17143009	15Bau1003Ch02A_S697_L001_R1_001.fastq.gz	cc94bde975fbb7da7b8000657cec4723	15Bau1003Ch02A_S697_L001_R2_001.fastq.gz	64cceaf36a73629b561b6c8b3d96cd17	15Bau1003Ch02A	biological	fish gut metagenome	Bau	midgut [UBERON:0001045]	2015
PRJEB124417	DURANCE16S_RUN_15Bau1003Ch03A_durance1	DURANCE16S_EXP_15Bau1003Ch03A_durance1	DURANCE16S_15Bau1003Ch03A	durance1	prep1	1	15Bau1003Ch03A_durance1	ERR17752467	ERX17143010	15Bau1003Ch03A_S505_L001_R1_001.fastq.gz	2a2e002e444b96832ea1951f8d7d0ce9	15Bau1003Ch03A_S505_L001_R2_001.fastq.gz	e1e885add079dae6d4c89ba8ec3e8e68	15Bau1003Ch03A	biological	fish gut metagenome	Bau	hindgut [UBERON:0001046]	2015
PRJEB124417	DURANCE16S_RUN_15Bau1003Ch03A_durance2	DURANCE16S_EXP_15Bau1003Ch03A_durance2	DURANCE16S_15Bau1003Ch03A	durance2	prep2	1	15Bau1003Ch03A_durance2	ERR17752469	ERX17143012	15Bau1003Ch03A_S505_L001_R1_001.fastq.gz	4ae85922203e04331d53b71b061995b1	15Bau1003Ch03A_S505_L001_R2_001.fastq.gz	3e53f6d194f6ce742aad50b86456a153	15Bau1003Ch03A	biological	fish gut metagenome	Bau	hindgut [UBERON:0001046]	2015
PRJEB124417	DURANCE16S_RUN_15Bau1003Ch03A_durance3	DURANCE16S_EXP_15Bau1003Ch03A_durance3	DURANCE16S_15Bau1003Ch03A	durance3	prep2	2	15Bau1003Ch03A_durance3	ERR17752470	ERX17143013	15Bau1003Ch03A_S505_L001_R1_001.fastq.gz	cd88a416c0f0c418a61d74370d54441a	15Bau1003Ch03A_S505_L001_R2_001.fastq.gz	5f178493297b2f07f0f839269bd0a337	15Bau1003Ch03A	biological	fish gut metagenome	Bau	hindgut [UBERON:0001046]	2015
PRJEB124417	DURANCE16S_RUN_15Bau1003Ch05A_durance1	DURANCE16S_EXP_15Bau1003Ch05A_durance1	DURANCE16S_15Bau1003Ch05A	durance1	prep1	1	15Bau1003Ch05A_durance1	ERR17752468	ERX17143011	15Bau1003Ch05A_S313_L001_R1_001.fastq.gz	5225c4658f3ddae766fd39f3fe53b762	15Bau1003Ch05A_S313_L001_R2_001.fastq.gz	c1412d77c61009c50180dd9c463f3af5	15Bau1003Ch05A	biological	gill metagenome	Bau	gill [UBERON:0002535]	2015
PRJEB124417	DURANCE16S_RUN_15Bau1003Ch05A_durance2	DURANCE16S_EXP_15Bau1003Ch05A_durance2	DURANCE16S_15Bau1003Ch05A	durance2	prep2	1	15Bau1003Ch05A_durance2	ERR17752471	ERX17143014	15Bau1003Ch05A_S313_L001_R1_001.fastq.gz	6442cca2e0f4cf2de6f2a95820ccc82e	15Bau1003Ch05A_S313_L001_R2_001.fastq.gz	bde27ceaf044b2c9bf629349276f5f69	15Bau1003Ch05A	biological	gill metagenome	Bau	gill [UBERON:0002535]	2015
PRJEB124417	DURANCE16S_RUN_15Bau1003Ch05A_durance3	DURANCE16S_EXP_15Bau1003Ch05A_durance3	DURANCE16S_15Bau1003Ch05A	durance3	prep2	2	15Bau1003Ch05A_durance3	ERR17752474	ERX17143017	15Bau1003Ch05A_S313_L001_R1_001.fastq.gz	7681ae805d4891fe77696e898ec73da9	15Bau1003Ch05A_S313_L001_R2_001.fastq.gz	af565942b36930d87b3ba63f625d136b	15Bau1003Ch05A	biological	gill metagenome	Bau	gill [UBERON:0002535]	2015
PRJEB124417	DURANCE16S_RUN_15Bau1004Ch01A_durance1	DURANCE16S_EXP_15Bau1004Ch01A_durance1	DURANCE16S_15Bau1004Ch01A	durance1	prep1	1	15Bau1004Ch01A_durance1	ERR17752472	ERX17143015	15Bau1004Ch01A_S133_L001_R1_001.fastq.gz	08ff5a9d7de4ac7ae054a2c1d4574fe9	15Bau1004Ch01A_S133_L001_R2_001.fastq.gz	30e935ecb5fa4c7d8ce3ad629dd28c48	15Bau1004Ch01A	biological	fish metagenome	Bau	caudal fin [UBERON:4000164]	2015
PRJEB124417	DURANCE16S_RUN_15Bau1004Ch01A_durance2	DURANCE16S_EXP_15Bau1004Ch01A_durance2	DURANCE16S_15Bau1004Ch01A	durance2	prep2	1	15Bau1004Ch01A_durance2	ERR17752473	ERX17143016	15Bau1004Ch01A_S133_L001_R1_001.fastq.gz	1a7548486e00c794fda3232784c4e89b	15Bau1004Ch01A_S133_L001_R2_001.fastq.gz	8a82693291b5e4f74fc34a5c91ed5d41	15Bau1004Ch01A	biological	fish metagenome	Bau	caudal fin [UBERON:4000164]	2015
PRJEB124417	DURANCE16S_RUN_15Bau1004Ch01A_durance3	DURANCE16S_EXP_15Bau1004Ch01A_durance3	DURANCE16S_15Bau1004Ch01A	durance3	prep2	2	15Bau1004Ch01A_durance3	ERR17752477	ERX17143020	15Bau1004Ch01A_S133_L001_R1_001.fastq.gz	c9e555c4594b83cfc29f4887e80d62d0	15Bau1004Ch01A_S133_L001_R2_001.fastq.gz	45f40ad5b0d979af004b06db50d62880	15Bau1004Ch01A	biological	fish metagenome	Bau	caudal fin [UBERON:4000164]	2015
PRJEB124417	DURANCE16S_RUN_15Bau1004Ch02A_durance1	DURANCE16S_EXP_15Bau1004Ch02A_durance1	DURANCE16S_15Bau1004Ch02A	durance1	prep1	1	15Bau1004Ch02A_durance1	ERR17752476	ERX17143019	15Bau1004Ch02A_S709_L001_R1_001.fastq.gz	79cd115981e219f65481380de3325864	15Bau1004Ch02A_S709_L001_R2_001.fastq.gz	37e57ba4c638db03c826c53d8287f3ea	15Bau1004Ch02A	biological	fish gut metagenome	Bau	midgut [UBERON:0001045]	2015
PRJEB124417	DURANCE16S_RUN_15Bau1004Ch02A_durance2	DURANCE16S_EXP_15Bau1004Ch02A_durance2	DURANCE16S_15Bau1004Ch02A	durance2	prep2	1	15Bau1004Ch02A_durance2	ERR17752478	ERX17143021	15Bau1004Ch02A_S709_L001_R1_001.fastq.gz	2ab3c4c73832b958b61b07ae84ea8012	15Bau1004Ch02A_S709_L001_R2_001.fastq.gz	b59cc855da0566999f0967a3d5c09e7a	15Bau1004Ch02A	biological	fish gut metagenome	Bau	midgut [UBERON:0001045]	2015
PRJEB124417	DURANCE16S_RUN_15Bau1004Ch02A_durance3	DURANCE16S_EXP_15Bau1004Ch02A_durance3	DURANCE16S_15Bau1004Ch02A	durance3	prep2	2	15Bau1004Ch02A_durance3	ERR17752475	ERX17143018	15Bau1004Ch02A_S709_L001_R1_001.fastq.gz	d6cddc60c078c724d70aa583bb8a9e1f	15Bau1004Ch02A_S709_L001_R2_001.fastq.gz	531ade2391a24ad4b06f32c22e25ffe0	15Bau1004Ch02A	biological	fish gut metagenome	Bau	midgut [UBERON:0001045]	2015
PRJEB124417	DURANCE16S_RUN_15Bau1004Ch03A_durance1	DURANCE16S_EXP_15Bau1004Ch03A_durance1	DURANCE16S_15Bau1004Ch03A	durance1	prep1	1	15Bau1004Ch03A_durance1	ERR17752479	ERX17143022	15Bau1004Ch03A_S517_L001_R1_001.fastq.gz	9f4781b3cc0f59c273622ae991453679	15Bau1004Ch03A_S517_L001_R2_001.fastq.gz	47edb905b96368037aa861f5adf6eaff	15Bau1004Ch03A	biological	fish gut metagenome	Bau	hindgut [UBERON:0001046]	2015
PRJEB124417	DURANCE16S_RUN_15Bau1004Ch03A_durance2	DURANCE16S_EXP_15Bau1004Ch03A_durance2	DURANCE16S_15Bau1004Ch03A	durance2	prep2	1	15Bau1004Ch03A_durance2	ERR17752482	ERX17143025	15Bau1004Ch03A_S517_L001_R1_001.fastq.gz	06f8ce87e26f715118e719476f55a3e3	15Bau1004Ch03A_S517_L001_R2_001.fastq.gz	cd04aa5fffa2043029b98c20267ce864	15Bau1004Ch03A	biological	fish gut metagenome	Bau	hindgut [UBERON:0001046]	2015
PRJEB124417	DURANCE16S_RUN_15Bau1004Ch03A_durance3	DURANCE16S_EXP_15Bau1004Ch03A_durance3	DURANCE16S_15Bau1004Ch03A	durance3	prep2	2	15Bau1004Ch03A_durance3	ERR17752480	ERX17143023	15Bau1004Ch03A_S517_L001_R1_001.fastq.gz	9e80b89870d761dd5087afb610660090	15Bau1004Ch03A_S517_L001_R2_001.fastq.gz	718d2a81f256e2541d6a21c3afeadeaa	15Bau1004Ch03A	biological	fish gut metagenome	Bau	hindgut [UBERON:0001046]	2015
PRJEB124417	DURANCE16S_RUN_15Bau1004Ch05A_durance1	DURANCE16S_EXP_15Bau1004Ch05A_durance1	DURANCE16S_15Bau1004Ch05A	durance1	prep1	1	15Bau1004Ch05A_durance1	ERR17752481	ERX17143024	15Bau1004Ch05A_S325_L001_R1_001.fastq.gz	7f458aff0d4705da042cb274b8ba5495	15Bau1004Ch05A_S325_L001_R2_001.fastq.gz	79c53d96092f46c611bdf6424d1ccab1	15Bau1004Ch05A	biological	gill metagenome	Bau	gill [UBERON:0002535]	2015
PRJEB124417	DURANCE16S_RUN_15Bau1004Ch05A_durance2	DURANCE16S_EXP_15Bau1004Ch05A_durance2	DURANCE16S_15Bau1004Ch05A	durance2	prep2	1	15Bau1004Ch05A_durance2	ERR17752483	ERX17143026	15Bau1004Ch05A_S325_L001_R1_001.fastq.gz	d43a1074897ed9430fd60962d64eb3c1	15Bau1004Ch05A_S325_L001_R2_001.fastq.gz	cb9be4efe403a94df1a671378fbc4568	15Bau1004Ch05A	biological	gill metagenome	Bau	gill [UBERON:0002535]	2015
PRJEB124417	DURANCE16S_RUN_15Bau1004Ch05A_durance3	DURANCE16S_EXP_15Bau1004Ch05A_durance3	DURANCE16S_15Bau1004Ch05A	durance3	prep2	2	15Bau1004Ch05A_durance3	ERR17752484	ERX17143027	15Bau1004Ch05A_S325_L001_R1_001.fastq.gz	c0ebdb1371129ae071ae91b79137d969	15Bau1004Ch05A_S325_L001_R2_001.fastq.gz	af225bab97b63813bdcdd7092fa0b5f4	15Bau1004Ch05A	biological	gill metagenome	Bau	gill [UBERON:0002535]	2015
PRJEB124417	DURANCE16S_RUN_15Bau1005Ch01A_durance1	DURANCE16S_EXP_15Bau1005Ch01A_durance1	DURANCE16S_15Bau1005Ch01A	durance1	prep1	1	15Bau1005Ch01A_durance1	ERR17752485	ERX17143028	15Bau1005Ch01A_S145_L001_R1_001.fastq.gz	4db03f462895173fec0cdb8062ff447d	15Bau1005Ch01A_S145_L001_R2_001.fastq.gz	6c2016b774a25edcc9112fe9ec796fe6	15Bau1005Ch01A	biological	fish metagenome	Bau	caudal fin [UBERON:4000164]	2015
PRJEB124417	DURANCE16S_RUN_15Bau1005Ch01A_durance2	DURANCE16S_EXP_15Bau1005Ch01A_durance2	DURANCE16S_15Bau1005Ch01A	durance2	prep2	1	15Bau1005Ch01A_durance2	ERR17752486	ERX17143029	15Bau1005Ch01A_S145_L001_R1_001.fastq.gz	d9190af3aadc31485e95b1c28624ae63	15Bau1005Ch01A_S145_L001_R2_001.fastq.gz	f0cd9d18fba03be3338dd385cfc1c36c	15Bau1005Ch01A	biological	fish metagenome	Bau	caudal fin [UBERON:4000164]	2015
PRJEB124417	DURANCE16S_RUN_15Bau1005Ch01A_durance3	DURANCE16S_EXP_15Bau1005Ch01A_durance3	DURANCE16S_15Bau1005Ch01A	durance3	prep2	2	15Bau1005Ch01A_durance3	ERR17752487	ERX17143030	15Bau1005Ch01A_S145_L001_R1_001.fastq.gz	9a4e546dfdeeafeba49b6e271a3dc41f	15Bau1005Ch01A_S145_L001_R2_001.fastq.gz	2e0dd88e0e9328cb0c5a21e2d998ffa5	15Bau1005Ch01A	biological	fish metagenome	Bau	caudal fin [UBERON:4000164]	2015
PRJEB124417	DURANCE16S_RUN_15Bau1005Ch02A_durance1	DURANCE16S_EXP_15Bau1005Ch02A_durance1	DURANCE16S_15Bau1005Ch02A	durance1	prep1	1	15Bau1005Ch02A_durance1	ERR17752488	ERX17143031	15Bau1005Ch02A_S721_L001_R1_001.fastq.gz	642db9a6bdcda69f4050f34d5cff3ed0	15Bau1005Ch02A_S721_L001_R2_001.fastq.gz	da9bfcb3c4bd816835437cce438b507c	15Bau1005Ch02A	biological	fish gut metagenome	Bau	midgut [UBERON:0001045]	2015
PRJEB124417	DURANCE16S_RUN_15Bau1005Ch02A_durance2	DURANCE16S_EXP_15Bau1005Ch02A_durance2	DURANCE16S_15Bau1005Ch02A	durance2	prep2	1	15Bau1005Ch02A_durance2	ERR17752490	ERX17143033	15Bau1005Ch02A_S721_L001_R1_001.fastq.gz	c001fc5445f72ec81ebc318bc208c2a5	15Bau1005Ch02A_S721_L001_R2_001.fastq.gz	ca83644619a787866a2b299f092d1d33	15Bau1005Ch02A	biological	fish gut metagenome	Bau	midgut [UBERON:0001045]	2015
PRJEB124417	DURANCE16S_RUN_15Bau1005Ch02A_durance3	DURANCE16S_EXP_15Bau1005Ch02A_durance3	DURANCE16S_15Bau1005Ch02A	durance3	prep2	2	15Bau1005Ch02A_durance3	ERR17752489	ERX17143032	15Bau1005Ch02A_S721_L001_R1_001.fastq.gz	0ed76d6e929f617f0d872e7f18801efe	15Bau1005Ch02A_S721_L001_R2_001.fastq.gz	96b70a73e8310f497d2fd4e58edf8efc	15Bau1005Ch02A	biological	fish gut metagenome	Bau	midgut [UBERON:0001045]	2015
PRJEB124417	DURANCE16S_RUN_15Bau1005Ch03A_durance1	DURANCE16S_EXP_15Bau1005Ch03A_durance1	DURANCE16S_15Bau1005Ch03A	durance1	prep1	1	15Bau1005Ch03A_durance1	ERR17752492	ERX17143035	15Bau1005Ch03A_S529_L001_R1_001.fastq.gz	247b64227d9cdaa3321d715e2b2dc64e	15Bau1005Ch03A_S529_L001_R2_001.fastq.gz	9b6a9c55ebefc924501bfbcf8601006e	15Bau1005Ch03A	biological	fish gut metagenome	Bau	hindgut [UBERON:0001046]	2015
PRJEB124417	DURANCE16S_RUN_15Bau1005Ch03A_durance2	DURANCE16S_EXP_15Bau1005Ch03A_durance2	DURANCE16S_15Bau1005Ch03A	durance2	prep2	1	15Bau1005Ch03A_durance2	ERR17752491	ERX17143034	15Bau1005Ch03A_S529_L001_R1_001.fastq.gz	467c21c626d1e66adea79675fd5c4377	15Bau1005Ch03A_S529_L001_R2_001.fastq.gz	af12312f619206e1508fa1039b51a951	15Bau1005Ch03A	biological	fish gut metagenome	Bau	hindgut [UBERON:0001046]	2015
PRJEB124417	DURANCE16S_RUN_15Bau1005Ch03A_durance3	DURANCE16S_EXP_15Bau1005Ch03A_durance3	DURANCE16S_15Bau1005Ch03A	durance3	prep2	2	15Bau1005Ch03A_durance3	ERR17752493	ERX17143036	15Bau1005Ch03A_S529_L001_R1_001.fastq.gz	ead898e01e2d583bd38bc348b541a9ec	15Bau1005Ch03A_S529_L001_R2_001.fastq.gz	5c37e393865f50205311449a5515c04b	15Bau1005Ch03A	biological	fish gut metagenome	Bau	hindgut [UBERON:0001046]	2015
PRJEB124417	DURANCE16S_RUN_15Bau1005Ch05A_durance1	DURANCE16S_EXP_15Bau1005Ch05A_durance1	DURANCE16S_15Bau1005Ch05A	durance1	prep1	1	15Bau1005Ch05A_durance1	ERR17752494	ERX17143037	15Bau1005Ch05A_S337_L001_R1_001.fastq.gz	2e347c26fb908f0a7414da9ac3073866	15Bau1005Ch05A_S337_L001_R2_001.fastq.gz	8600ad261cd1081e57e694a4ffe86064	15Bau1005Ch05A	biological	gill metagenome	Bau	gill [UBERON:0002535]	2015
PRJEB124417	DURANCE16S_RUN_15Bau1005Ch05A_durance2	DURANCE16S_EXP_15Bau1005Ch05A_durance2	DURANCE16S_15Bau1005Ch05A	durance2	prep2	1	15Bau1005Ch05A_durance2	ERR17752495	ERX17143038	15Bau1005Ch05A_S337_L001_R1_001.fastq.gz	07e3a3573a4adb7f55e2f74d5aef8d29	15Bau1005Ch05A_S337_L001_R2_001.fastq.gz	c4caca57b9599dcc6f0c7b01ffb307df	15Bau1005Ch05A	biological	gill metagenome	Bau	gill [UBERON:0002535]	2015
PRJEB124417	DURANCE16S_RUN_15Bau1005Ch05A_durance3	DURANCE16S_EXP_15Bau1005Ch05A_durance3	DURANCE16S_15Bau1005Ch05A	durance3	prep2	2	15Bau1005Ch05A_durance3	ERR17752497	ERX17143040	15Bau1005Ch05A_S337_L001_R1_001.fastq.gz	85dcd82626ba072e5bf99fc130fdf610	15Bau1005Ch05A_S337_L001_R2_001.fastq.gz	f909070b726af8d4a43874da346f4bc1	15Bau1005Ch05A	biological	gill metagenome	Bau	gill [UBERON:0002535]	2015
PRJEB124417	DURANCE16S_RUN_15Bau1006Ch01A_durance1	DURANCE16S_EXP_15Bau1006Ch01A_durance1	DURANCE16S_15Bau1006Ch01A	durance1	prep1	1	15Bau1006Ch01A_durance1	ERR17752496	ERX17143039	15Bau1006Ch01A_S157_L001_R1_001.fastq.gz	78ca945bde19d7077487f6bd8abac607	15Bau1006Ch01A_S157_L001_R2_001.fastq.gz	85670d9af7bfd6a8a9c6d05df8f4db80	15Bau1006Ch01A	biological	fish metagenome	Bau	caudal fin [UBERON:4000164]	2015
PRJEB124417	DURANCE16S_RUN_15Bau1006Ch01A_durance2	DURANCE16S_EXP_15Bau1006Ch01A_durance2	DURANCE16S_15Bau1006Ch01A	durance2	prep2	1	15Bau1006Ch01A_durance2	ERR17752498	ERX17143041	15Bau1006Ch01A_S157_L001_R1_001.fastq.gz	f84b446ae54f2261df212fe7663cac62	15Bau1006Ch01A_S157_L001_R2_001.fastq.gz	0b6847e6456062f92f3e1b3575372611	15Bau1006Ch01A	biological	fish metagenome	Bau	caudal fin [UBERON:4000164]	2015
PRJEB124417	DURANCE16S_RUN_15Bau1006Ch01A_durance3	DURANCE16S_EXP_15Bau1006Ch01A_durance3	DURANCE16S_15Bau1006Ch01A	durance3	prep2	2	15Bau1006Ch01A_durance3	ERR17752501	ERX17143044	15Bau1006Ch01A_S157_L001_R1_001.fastq.gz	0b826094e46dba130bcf1e69aa533b52	15Bau1006Ch01A_S157_L001_R2_001.fastq.gz	b1da9b916d87d24fa061be53f548da6b	15Bau1006Ch01A	biological	fish metagenome	Bau	caudal fin [UBERON:4000164]	2015
PRJEB124417	DURANCE16S_RUN_15Bau1006Ch02A_durance1	DURANCE16S_EXP_15Bau1006Ch02A_durance1	DURANCE16S_15Bau1006Ch02A	durance1	prep1	1	15Bau1006Ch02A_durance1	ERR17752500	ERX17143043	15Bau1006Ch02A_S733_L001_R1_001.fastq.gz	1aed9d5ab47bf17033824e02bec9ba5e	15Bau1006Ch02A_S733_L001_R2_001.fastq.gz	53000e048e0e2172f1ab3e83722caa3b	15Bau1006Ch02A	biological	fish gut metagenome	Bau	midgut [UBERON:0001045]	2015
PRJEB124417	DURANCE16S_RUN_15Bau1006Ch02A_durance2	DURANCE16S_EXP_15Bau1006Ch02A_durance2	DURANCE16S_15Bau1006Ch02A	durance2	prep2	1	15Bau1006Ch02A_durance2	ERR17752503	ERX17143046	15Bau1006Ch02A_S733_L001_R1_001.fastq.gz	312ea9a0f5280c5be55e6ab01d350948	15Bau1006Ch02A_S733_L001_R2_001.fastq.gz	40a3168dda1ae49ef1ff795ea146454b	15Bau1006Ch02A	biological	fish gut metagenome	Bau	midgut [UBERON:0001045]	2015
PRJEB124417	DURANCE16S_RUN_15Bau1006Ch02A_durance3	DURANCE16S_EXP_15Bau1006Ch02A_durance3	DURANCE16S_15Bau1006Ch02A	durance3	prep2	2	15Bau1006Ch02A_durance3	ERR17752502	ERX17143045	15Bau1006Ch02A_S733_L001_R1_001.fastq.gz	f221f930bd68f68d3adfa1dfe09ee377	15Bau1006Ch02A_S733_L001_R2_001.fastq.gz	9a063968b855e34c0d2c39e595697e6f	15Bau1006Ch02A	biological	fish gut metagenome	Bau	midgut [UBERON:0001045]	2015
PRJEB124417	DURANCE16S_RUN_15Bau1006Ch03A_durance1	DURANCE16S_EXP_15Bau1006Ch03A_durance1	DURANCE16S_15Bau1006Ch03A	durance1	prep1	1	15Bau1006Ch03A_durance1	ERR17752505	ERX17143048	15Bau1006Ch03A_S541_L001_R1_001.fastq.gz	1173e7c9b505caa911d4c6efc0719911	15Bau1006Ch03A_S541_L001_R2_001.fastq.gz	752057dace0a935acfb77a0fd1732d43	15Bau1006Ch03A	biological	fish gut metagenome	Bau	hindgut [UBERON:0001046]	2015
PRJEB124417	DURANCE16S_RUN_15Bau1006Ch03A_durance2	DURANCE16S_EXP_15Bau1006Ch03A_durance2	DURANCE16S_15Bau1006Ch03A	durance2	prep2	1	15Bau1006Ch03A_durance2	ERR17752504	ERX17143047	15Bau1006Ch03A_S541_L001_R1_001.fastq.gz	e2b8abbc74abb5ff25727f6d405ac1c1	15Bau1006Ch03A_S541_L001_R2_001.fastq.gz	5ff2426d6107db3aee42e2bfa7d722e6	15Bau1006Ch03A	biological	fish gut metagenome	Bau	hindgut [UBERON:0001046]	2015
PRJEB124417	DURANCE16S_RUN_15Bau1006Ch03A_durance3	DURANCE16S_EXP_15Bau1006Ch03A_durance3	DURANCE16S_15Bau1006Ch03A	durance3	prep2	2	15Bau1006Ch03A_durance3	ERR17752506	ERX17143049	15Bau1006Ch03A_S541_L001_R1_001.fastq.gz	5171407682401a1dcd2613729006dedc	15Bau1006Ch03A_S541_L001_R2_001.fastq.gz	c75764922490a269a4aaae40e16cc2cc	15Bau1006Ch03A	biological	fish gut metagenome	Bau	hindgut [UBERON:0001046]	2015
PRJEB124417	DURANCE16S_RUN_15Bau1006Ch05A_durance1	DURANCE16S_EXP_15Bau1006Ch05A_durance1	DURANCE16S_15Bau1006Ch05A	durance1	prep1	1	15Bau1006Ch05A_durance1	ERR17752507	ERX17143050	15Bau1006Ch05A_S349_L001_R1_001.fastq.gz	13187bb2e0a827aab97e6138fac36403	15Bau1006Ch05A_S349_L001_R2_001.fastq.gz	67d4c3afea3dfda4e7d6e46954f63b5e	15Bau1006Ch05A	biological	gill metagenome	Bau	gill [UBERON:0002535]	2015
PRJEB124417	DURANCE16S_RUN_15Bau1006Ch05A_durance2	DURANCE16S_EXP_15Bau1006Ch05A_durance2	DURANCE16S_15Bau1006Ch05A	durance2	prep2	1	15Bau1006Ch05A_durance2	ERR17752508	ERX17143051	15Bau1006Ch05A_S349_L001_R1_001.fastq.gz	50b23c71871a4be626a82241b7fa7e14	15Bau1006Ch05A_S349_L001_R2_001.fastq.gz	f85b26662c31f8be442cec60796aa248	15Bau1006Ch05A	biological	gill metagenome	Bau	gill [UBERON:0002535]	2015
PRJEB124417	DURANCE16S_RUN_15Bau1006Ch05A_durance3	DURANCE16S_EXP_15Bau1006Ch05A_durance3	DURANCE16S_15Bau1006Ch05A	durance3	prep2	2	15Bau1006Ch05A_durance3	ERR17752511	ERX17143054	15Bau1006Ch05A_S349_L001_R1_001.fastq.gz	84e2d6d1e868a6017dfe6f306c3f0cf1	15Bau1006Ch05A_S349_L001_R2_001.fastq.gz	8d95ccf137fb941a8705a1baf46f2c78	15Bau1006Ch05A	biological	gill metagenome	Bau	gill [UBERON:0002535]	2015
PRJEB124417	DURANCE16S_RUN_15Bau1007Ch01A_durance1	DURANCE16S_EXP_15Bau1007Ch01A_durance1	DURANCE16S_15Bau1007Ch01A	durance1	prep1	1	15Bau1007Ch01A_durance1	ERR17752509	ERX17143052	15Bau1007Ch01A_S169_L001_R1_001.fastq.gz	cf79107726f8b49778997766808e813a	15Bau1007Ch01A_S169_L001_R2_001.fastq.gz	30577e5bfb1365ace7df648cebdb5cbc	15Bau1007Ch01A	biological	fish metagenome	Bau	caudal fin [UBERON:4000164]	2015
PRJEB124417	DURANCE16S_RUN_15Bau1007Ch01A_durance2	DURANCE16S_EXP_15Bau1007Ch01A_durance2	DURANCE16S_15Bau1007Ch01A	durance2	prep2	1	15Bau1007Ch01A_durance2	ERR17752510	ERX17143053	15Bau1007Ch01A_S169_L001_R1_001.fastq.gz	301ac8d1d9ee0666495d00cdc9ebe787	15Bau1007Ch01A_S169_L001_R2_001.fastq.gz	124e9fc5a261f71eca57c7433cbf034b	15Bau1007Ch01A	biological	fish metagenome	Bau	caudal fin [UBERON:4000164]	2015
PRJEB124417	DURANCE16S_RUN_15Bau1007Ch01A_durance3	DURANCE16S_EXP_15Bau1007Ch01A_durance3	DURANCE16S_15Bau1007Ch01A	durance3	prep2	2	15Bau1007Ch01A_durance3	ERR17752515	ERX17143058	15Bau1007Ch01A_S169_L001_R1_001.fastq.gz	2dfe9720a23237cbc04d0369840bbea6	15Bau1007Ch01A_S169_L001_R2_001.fastq.gz	9f73b90a055326223c2fcfbac1021bc2	15Bau1007Ch01A	biological	fish metagenome	Bau	caudal fin [UBERON:4000164]	2015
PRJEB124417	DURANCE16S_RUN_15Bau1007Ch02A_durance1	DURANCE16S_EXP_15Bau1007Ch02A_durance1	DURANCE16S_15Bau1007Ch02A	durance1	prep1	1	15Bau1007Ch02A_durance1	ERR17752513	ERX17143056	15Bau1007Ch02A_S745_L001_R1_001.fastq.gz	9b23220cf4e60723291fea52fa63cb20	15Bau1007Ch02A_S745_L001_R2_001.fastq.gz	56bf1075d3ff11868c6838a055f79887	15Bau1007Ch02A	biological	fish gut metagenome	Bau	midgut [UBERON:0001045]	2015
PRJEB124417	DURANCE16S_RUN_15Bau1007Ch02A_durance2	DURANCE16S_EXP_15Bau1007Ch02A_durance2	DURANCE16S_15Bau1007Ch02A	durance2	prep2	1	15Bau1007Ch02A_durance2	ERR17752512	ERX17143055	15Bau1007Ch02A_S745_L001_R1_001.fastq.gz	12d547fb9e3bb82067a2f90476be4b06	15Bau1007Ch02A_S745_L001_R2_001.fastq.gz	a9aab2a59ddb9798796de272b5b6d94f	15Bau1007Ch02A	biological	fish gut metagenome	Bau	midgut [UBERON:0001045]	2015
PRJEB124417	DURANCE16S_RUN_15Bau1007Ch02A_durance3	DURANCE16S_EXP_15Bau1007Ch02A_durance3	DURANCE16S_15Bau1007Ch02A	durance3	prep2	2	15Bau1007Ch02A_durance3	ERR17752514	ERX17143057	15Bau1007Ch02A_S745_L001_R1_001.fastq.gz	f5232f80113377fd604078530545c589	15Bau1007Ch02A_S745_L001_R2_001.fastq.gz	3bf727dba1cf43a1f980689f53dd8715	15Bau1007Ch02A	biological	fish gut metagenome	Bau	midgut [UBERON:0001045]	2015
PRJEB124417	DURANCE16S_RUN_15Bau1007Ch03A_durance1	DURANCE16S_EXP_15Bau1007Ch03A_durance1	DURANCE16S_15Bau1007Ch03A	durance1	prep1	1	15Bau1007Ch03A_durance1	ERR17752516	ERX17143059	15Bau1007Ch03A_S553_L001_R1_001.fastq.gz	287a9b8c65df6ea1f101cc86d3f1d4cc	15Bau1007Ch03A_S553_L001_R2_001.fastq.gz	ceae9f24af28fa9f2b929fc582265ec2	15Bau1007Ch03A	biological	fish gut metagenome	Bau	hindgut [UBERON:0001046]	2015
PRJEB124417	DURANCE16S_RUN_15Bau1007Ch03A_durance2	DURANCE16S_EXP_15Bau1007Ch03A_durance2	DURANCE16S_15Bau1007Ch03A	durance2	prep2	1	15Bau1007Ch03A_durance2	ERR17752519	ERX17143062	15Bau1007Ch03A_S553_L001_R1_001.fastq.gz	e1ad0bd59fe97598a1d6c0971d196540	15Bau1007Ch03A_S553_L001_R2_001.fastq.gz	0f0f7be1f95e363dfc56de309efc9fe8	15Bau1007Ch03A	biological	fish gut metagenome	Bau	hindgut [UBERON:0001046]	2015
PRJEB124417	DURANCE16S_RUN_15Bau1007Ch03A_durance3	DURANCE16S_EXP_15Bau1007Ch03A_durance3	DURANCE16S_15Bau1007Ch03A	durance3	prep2	2	15Bau1007Ch03A_durance3	ERR17752520	ERX17143063	15Bau1007Ch03A_S553_L001_R1_001.fastq.gz	c0c0e8280d4a464aed69412f03ea161b	15Bau1007Ch03A_S553_L001_R2_001.fastq.gz	985bf83c5536d2d4964db798230a3a52	15Bau1007Ch03A	biological	fish gut metagenome	Bau	hindgut [UBERON:0001046]	2015
PRJEB124417	DURANCE16S_RUN_15Bau1007Ch05A_durance1	DURANCE16S_EXP_15Bau1007Ch05A_durance1	DURANCE16S_15Bau1007Ch05A	durance1	prep1	1	15Bau1007Ch05A_durance1	ERR17752517	ERX17143060	15Bau1007Ch05A_S361_L001_R1_001.fastq.gz	d7aa45d545cec71ad74984ae9d0e459d	15Bau1007Ch05A_S361_L001_R2_001.fastq.gz	0b77af41fdef22d50b5df9e373f440af	15Bau1007Ch05A	biological	gill metagenome	Bau	gill [UBERON:0002535]	2015
PRJEB124417	DURANCE16S_RUN_15Bau1007Ch05A_durance2	DURANCE16S_EXP_15Bau1007Ch05A_durance2	DURANCE16S_15Bau1007Ch05A	durance2	prep2	1	15Bau1007Ch05A_durance2	ERR17752518	ERX17143061	15Bau1007Ch05A_S361_L001_R1_001.fastq.gz	092fa6a8354a5eacb23b8877ea1a786e	15Bau1007Ch05A_S361_L001_R2_001.fastq.gz	d60431fac6ede7636de4541228df19b9	15Bau1007Ch05A	biological	gill metagenome	Bau	gill [UBERON:0002535]	2015
PRJEB124417	DURANCE16S_RUN_15Bau1007Ch05A_durance3	DURANCE16S_EXP_15Bau1007Ch05A_durance3	DURANCE16S_15Bau1007Ch05A	durance3	prep2	2	15Bau1007Ch05A_durance3	ERR17752523	ERX17143066	15Bau1007Ch05A_S361_L001_R1_001.fastq.gz	96953f7c080f88d21710db6dbcece8ef	15Bau1007Ch05A_S361_L001_R2_001.fastq.gz	852ed0e580c927142fff1325ef35e9ea	15Bau1007Ch05A	biological	gill metagenome	Bau	gill [UBERON:0002535]	2015
PRJEB124417	DURANCE16S_RUN_15Bau1008Ch01A_durance1	DURANCE16S_EXP_15Bau1008Ch01A_durance1	DURANCE16S_15Bau1008Ch01A	durance1	prep1	1	15Bau1008Ch01A_durance1	ERR17752521	ERX17143064	15Bau1008Ch01A_S181_L001_R1_001.fastq.gz	137d9c49f190c716a0a7c1e34488635d	15Bau1008Ch01A_S181_L001_R2_001.fastq.gz	24bd338db533d5981ab483a0359be5fd	15Bau1008Ch01A	biological	fish metagenome	Bau	caudal fin [UBERON:4000164]	2015
PRJEB124417	DURANCE16S_RUN_15Bau1008Ch01A_durance2	DURANCE16S_EXP_15Bau1008Ch01A_durance2	DURANCE16S_15Bau1008Ch01A	durance2	prep2	1	15Bau1008Ch01A_durance2	ERR17752524	ERX17143067	15Bau1008Ch01A_S181_L001_R1_001.fastq.gz	2dc167cc7b7dcf4166d8f6ce6f3f8ed0	15Bau1008Ch01A_S181_L001_R2_001.fastq.gz	2db9436416d766b10e448c084a4b4f7e	15Bau1008Ch01A	biological	fish metagenome	Bau	caudal fin [UBERON:4000164]	2015
PRJEB124417	DURANCE16S_RUN_15Bau1008Ch01A_durance3	DURANCE16S_EXP_15Bau1008Ch01A_durance3	DURANCE16S_15Bau1008Ch01A	durance3	prep2	2	15Bau1008Ch01A_durance3	ERR17752522	ERX17143065	15Bau1008Ch01A_S181_L001_R1_001.fastq.gz	a61f1e2a6d622cb0d4104503cbe3909b	15Bau1008Ch01A_S181_L001_R2_001.fastq.gz	b23ff5856b322a99cf68b653562f064e	15Bau1008Ch01A	biological	fish metagenome	Bau	caudal fin [UBERON:4000164]	2015
PRJEB124417	DURANCE16S_RUN_15Bau1008Ch02A_durance1	DURANCE16S_EXP_15Bau1008Ch02A_durance1	DURANCE16S_15Bau1008Ch02A	durance1	prep1	1	15Bau1008Ch02A_durance1	ERR17752525	ERX17143068	15Bau1008Ch02A_S757_L001_R1_001.fastq.gz	d38089760d50eb4d08e128df357a9d7d	15Bau1008Ch02A_S757_L001_R2_001.fastq.gz	daadfef0dfcb0e900a752f2eb50bcb94	15Bau1008Ch02A	biological	fish gut metagenome	Bau	midgut [UBERON:0001045]	2015
PRJEB124417	DURANCE16S_RUN_15Bau1008Ch02A_durance2	DURANCE16S_EXP_15Bau1008Ch02A_durance2	DURANCE16S_15Bau1008Ch02A	durance2	prep2	1	15Bau1008Ch02A_durance2	ERR17752526	ERX17143069	15Bau1008Ch02A_S757_L001_R1_001.fastq.gz	29482b1c25064a1fe1d39ccc8a24c9cb	15Bau1008Ch02A_S757_L001_R2_001.fastq.gz	65d1dd2d2424adebafc082cce2ecd14c	15Bau1008Ch02A	biological	fish gut metagenome	Bau	midgut [UBERON:0001045]	2015
PRJEB124417	DURANCE16S_RUN_15Bau1008Ch02A_durance3	DURANCE16S_EXP_15Bau1008Ch02A_durance3	DURANCE16S_15Bau1008Ch02A	durance3	prep2	2	15Bau1008Ch02A_durance3	ERR17752530	ERX17143073	15Bau1008Ch02A_S757_L001_R1_001.fastq.gz	34a475c3edb0f4a63a27982dec7a4264	15Bau1008Ch02A_S757_L001_R2_001.fastq.gz	e7a753e90f2efac0b9999a3fedc0f3c2	15Bau1008Ch02A	biological	fish gut metagenome	Bau	midgut [UBERON:0001045]	2015
PRJEB124417	DURANCE16S_RUN_15Bau1008Ch03A_durance1	DURANCE16S_EXP_15Bau1008Ch03A_durance1	DURANCE16S_15Bau1008Ch03A	durance1	prep1	1	15Bau1008Ch03A_durance1	ERR17752529	ERX17143072	15Bau1008Ch03A_S565_L001_R1_001.fastq.gz	580d28ded80054ea0409637f013cfe00	15Bau1008Ch03A_S565_L001_R2_001.fastq.gz	ef9c8d66556ff33d1767a3534ff815cd	15Bau1008Ch03A	biological	fish gut metagenome	Bau	hindgut [UBERON:0001046]	2015
PRJEB124417	DURANCE16S_RUN_15Bau1008Ch03A_durance2	DURANCE16S_EXP_15Bau1008Ch03A_durance2	DURANCE16S_15Bau1008Ch03A	durance2	prep2	1	15Bau1008Ch03A_durance2	ERR17752527	ERX17143070	15Bau1008Ch03A_S565_L001_R1_001.fastq.gz	435f6cddeec5262aec631d2c9962b750	15Bau1008Ch03A_S565_L001_R2_001.fastq.gz	45d20e631c17254191a3cd2ccdbd4065	15Bau1008Ch03A	biological	fish gut metagenome	Bau	hindgut [UBERON:0001046]	2015
PRJEB124417	DURANCE16S_RUN_15Bau1008Ch03A_durance3	DURANCE16S_EXP_15Bau1008Ch03A_durance3	DURANCE16S_15Bau1008Ch03A	durance3	prep2	2	15Bau1008Ch03A_durance3	ERR17752531	ERX17143074	15Bau1008Ch03A_S565_L001_R1_001.fastq.gz	65c7f64363c6999ff5abc14d8a6c0d1c	15Bau1008Ch03A_S565_L001_R2_001.fastq.gz	487ecc6960f4a5c24be9b5366a880c8e	15Bau1008Ch03A	biological	fish gut metagenome	Bau	hindgut [UBERON:0001046]	2015
PRJEB124417	DURANCE16S_RUN_15Bau1008Ch05A_durance1	DURANCE16S_EXP_15Bau1008Ch05A_durance1	DURANCE16S_15Bau1008Ch05A	durance1	prep1	1	15Bau1008Ch05A_durance1	ERR17752532	ERX17143075	15Bau1008Ch05A_S373_L001_R1_001.fastq.gz	fb62db8093f9aebd26ce116d6afcd7ed	15Bau1008Ch05A_S373_L001_R2_001.fastq.gz	8da440d008015a5e828b52242bc4d488	15Bau1008Ch05A	biological	gill metagenome	Bau	gill [UBERON:0002535]	2015
PRJEB124417	DURANCE16S_RUN_15Bau1008Ch05A_durance2	DURANCE16S_EXP_15Bau1008Ch05A_durance2	DURANCE16S_15Bau1008Ch05A	durance2	prep2	1	15Bau1008Ch05A_durance2	ERR17752528	ERX17143071	15Bau1008Ch05A_S373_L001_R1_001.fastq.gz	49723a7e678172fa8b818689d1b1baf5	15Bau1008Ch05A_S373_L001_R2_001.fastq.gz	af8c36e69b23937afe73bc3652b04cb8	15Bau1008Ch05A	biological	gill metagenome	Bau	gill [UBERON:0002535]	2015
PRJEB124417	DURANCE16S_RUN_15Bau1008Ch05A_durance3	DURANCE16S_EXP_15Bau1008Ch05A_durance3	DURANCE16S_15Bau1008Ch05A	durance3	prep2	2	15Bau1008Ch05A_durance3	ERR17752533	ERX17143076	15Bau1008Ch05A_S373_L001_R1_001.fastq.gz	f1b2c24ddafa2d6d4b034ccd6f7dc4a0	15Bau1008Ch05A_S373_L001_R2_001.fastq.gz	5239e0ece363b4ebaadb25723b570247	15Bau1008Ch05A	biological	gill metagenome	Bau	gill [UBERON:0002535]	2015
PRJEB124417	DURANCE16S_RUN_15Bau1009Ch01A_durance1	DURANCE16S_EXP_15Bau1009Ch01A_durance1	DURANCE16S_15Bau1009Ch01A	durance1	prep1	1	15Bau1009Ch01A_durance1	ERR17752536	ERX17143079	15Bau1009Ch01A_S98_L001_R1_001.fastq.gz	d322e978f0635788664f9e367e2dc7ce	15Bau1009Ch01A_S98_L001_R2_001.fastq.gz	934c5d7b9f1d6c4df5e895a0cdd12c13	15Bau1009Ch01A	biological	fish metagenome	Bau	caudal fin [UBERON:4000164]	2015
PRJEB124417	DURANCE16S_RUN_15Bau1009Ch01A_durance2	DURANCE16S_EXP_15Bau1009Ch01A_durance2	DURANCE16S_15Bau1009Ch01A	durance2	prep2	1	15Bau1009Ch01A_durance2	ERR17752535	ERX17143078	15Bau1009Ch01A_S98_L001_R1_001.fastq.gz	73b79bf0e5ec4fc9fbb3153b2e3522d9	15Bau1009Ch01A_S98_L001_R2_001.fastq.gz	5cdc262b039ca7a75445b90f06a2adbc	15Bau1009Ch01A	biological	fish metagenome	Bau	caudal fin [UBERON:4000164]	2015
PRJEB124417	DURANCE16S_RUN_15Bau1009Ch01A_durance3	DURANCE16S_EXP_15Bau1009Ch01A_durance3	DURANCE16S_15Bau1009Ch01A	durance3	prep2	2	15Bau1009Ch01A_durance3	ERR17752539	ERX17143082	15Bau1009Ch01A_S98_L001_R1_001.fastq.gz	4828e751d8c3c4ed627e8e09c7328e65	15Bau1009Ch01A_S98_L001_R2_001.fastq.gz	1694eb4500f5621015741858fd59336d	15Bau1009Ch01A	biological	fish metagenome	Bau	caudal fin [UBERON:4000164]	2015
PRJEB124417	DURANCE16S_RUN_15Bau1009Ch02A_durance1	DURANCE16S_EXP_15Bau1009Ch02A_durance1	DURANCE16S_15Bau1009Ch02A	durance1	prep1	1	15Bau1009Ch02A_durance1	ERR17752538	ERX17143081	15Bau1009Ch02A_S674_L001_R1_001.fastq.gz	6acb7e3e4e83d274d39ff0949f4b23b1	15Bau1009Ch02A_S674_L001_R2_001.fastq.gz	55445945f4535a79fbadd4f0bc26793d	15Bau1009Ch02A	biological	fish gut metagenome	Bau	midgut [UBERON:0001045]	2015
PRJEB124417	DURANCE16S_RUN_15Bau1009Ch02A_durance2	DURANCE16S_EXP_15Bau1009Ch02A_durance2	DURANCE16S_15Bau1009Ch02A	durance2	prep2	1	15Bau1009Ch02A_durance2	ERR17752534	ERX17143077	15Bau1009Ch02A_S674_L001_R1_001.fastq.gz	cd32e952e62cea2f352d4cc14213c881	15Bau1009Ch02A_S674_L001_R2_001.fastq.gz	cb7306e4c99a8af0ed5ccf3e6f0b2c96	15Bau1009Ch02A	biological	fish gut metagenome	Bau	midgut [UBERON:0001045]	2015
PRJEB124417	DURANCE16S_RUN_15Bau1009Ch02A_durance3	DURANCE16S_EXP_15Bau1009Ch02A_durance3	DURANCE16S_15Bau1009Ch02A	durance3	prep2	2	15Bau1009Ch02A_durance3	ERR17752537	ERX17143080	15Bau1009Ch02A_S674_L001_R1_001.fastq.gz	c929e20d804a8528392189eddba09f78	15Bau1009Ch02A_S674_L001_R2_001.fastq.gz	ca68e1d61e96578497089004828423e5	15Bau1009Ch02A	biological	fish gut metagenome	Bau	midgut [UBERON:0001045]	2015
PRJEB124417	DURANCE16S_RUN_15Bau1009Ch03A_durance1	DURANCE16S_EXP_15Bau1009Ch03A_durance1	DURANCE16S_15Bau1009Ch03A	durance1	prep1	1	15Bau1009Ch03A_durance1	ERR17752540	ERX17143083	15Bau1009Ch03A_S482_L001_R1_001.fastq.gz	8372cc14e1ae12a2c6ee86aab1d30670	15Bau1009Ch03A_S482_L001_R2_001.fastq.gz	23535a8b35eb1a55fe9fb604cafe0e8e	15Bau1009Ch03A	biological	fish gut metagenome	Bau	hindgut [UBERON:0001046]	2015
PRJEB124417	DURANCE16S_RUN_15Bau1009Ch03A_durance2	DURANCE16S_EXP_15Bau1009Ch03A_durance2	DURANCE16S_15Bau1009Ch03A	durance2	prep2	1	15Bau1009Ch03A_durance2	ERR17752542	ERX17143085	15Bau1009Ch03A_S482_L001_R1_001.fastq.gz	a74d782bf48cd2a65eea21340e384655	15Bau1009Ch03A_S482_L001_R2_001.fastq.gz	304efc859e76c76f8588690a56ae4611	15Bau1009Ch03A	biological	fish gut metagenome	Bau	hindgut [UBERON:0001046]	2015
PRJEB124417	DURANCE16S_RUN_15Bau1009Ch03A_durance3	DURANCE16S_EXP_15Bau1009Ch03A_durance3	DURANCE16S_15Bau1009Ch03A	durance3	prep2	2	15Bau1009Ch03A_durance3	ERR17752543	ERX17143086	15Bau1009Ch03A_S482_L001_R1_001.fastq.gz	b7e25f6a2470efd16cd60ce5a1a3c4a0	15Bau1009Ch03A_S482_L001_R2_001.fastq.gz	94ec47576ba78eb2b2c8b7e8a8896550	15Bau1009Ch03A	biological	fish gut metagenome	Bau	hindgut [UBERON:0001046]	2015
PRJEB124417	DURANCE16S_RUN_15Bau1009Ch05A_durance1	DURANCE16S_EXP_15Bau1009Ch05A_durance1	DURANCE16S_15Bau1009Ch05A	durance1	prep1	1	15Bau1009Ch05A_durance1	ERR17752545	ERX17143088	15Bau1009Ch05A_S290_L001_R1_001.fastq.gz	76918b390172c045a0a1b6f94fc0b357	15Bau1009Ch05A_S290_L001_R2_001.fastq.gz	171f34ad155490453098e693fd525c56	15Bau1009Ch05A	biological	gill metagenome	Bau	gill [UBERON:0002535]	2015
PRJEB124417	DURANCE16S_RUN_15Bau1009Ch05A_durance2	DURANCE16S_EXP_15Bau1009Ch05A_durance2	DURANCE16S_15Bau1009Ch05A	durance2	prep2	1	15Bau1009Ch05A_durance2	ERR17752544	ERX17143087	15Bau1009Ch05A_S290_L001_R1_001.fastq.gz	7f10969b2c377dd18b9c2c1d5b25feb4	15Bau1009Ch05A_S290_L001_R2_001.fastq.gz	30854e7e9ec40e51c10527d38aba08e5	15Bau1009Ch05A	biological	gill metagenome	Bau	gill [UBERON:0002535]	2015
PRJEB124417	DURANCE16S_RUN_15Bau1009Ch05A_durance3	DURANCE16S_EXP_15Bau1009Ch05A_durance3	DURANCE16S_15Bau1009Ch05A	durance3	prep2	2	15Bau1009Ch05A_durance3	ERR17752541	ERX17143084	15Bau1009Ch05A_S290_L001_R1_001.fastq.gz	b04f179b4a540d518c346faa642a3843	15Bau1009Ch05A_S290_L001_R2_001.fastq.gz	996c130ae5234ac017dabe84aad9d6f5	15Bau1009Ch05A	biological	gill metagenome	Bau	gill [UBERON:0002535]	2015
PRJEB124417	DURANCE16S_RUN_15Bau1010Ch01A_durance1	DURANCE16S_EXP_15Bau1010Ch01A_durance1	DURANCE16S_15Bau1010Ch01A	durance1	prep1	1	15Bau1010Ch01A_durance1	ERR17752546	ERX17143089	15Bau1010Ch01A_S110_L001_R1_001.fastq.gz	8f58ffaf4ee8f4a74546b1e018d7be5f	15Bau1010Ch01A_S110_L001_R2_001.fastq.gz	a8a63863ae65438134bd893e93bdef31	15Bau1010Ch01A	biological	fish metagenome	Bau	caudal fin [UBERON:4000164]	2015
PRJEB124417	DURANCE16S_RUN_15Bau1010Ch01A_durance2	DURANCE16S_EXP_15Bau1010Ch01A_durance2	DURANCE16S_15Bau1010Ch01A	durance2	prep2	1	15Bau1010Ch01A_durance2	ERR17752547	ERX17143090	15Bau1010Ch01A_S110_L001_R1_001.fastq.gz	0c362374b0a99db7e8b91e67d8d44805	15Bau1010Ch01A_S110_L001_R2_001.fastq.gz	9f10f339338786a8b25705e3b0ac7275	15Bau1010Ch01A	biological	fish metagenome	Bau	caudal fin [UBERON:4000164]	2015
PRJEB124417	DURANCE16S_RUN_15Bau1010Ch01A_durance3	DURANCE16S_EXP_15Bau1010Ch01A_durance3	DURANCE16S_15Bau1010Ch01A	durance3	prep2	2	15Bau1010Ch01A_durance3	ERR17752548	ERX17143091	15Bau1010Ch01A_S110_L001_R1_001.fastq.gz	f34834894359bd4ecc4c4b483b38b6f4	15Bau1010Ch01A_S110_L001_R2_001.fastq.gz	cde859999fbd1d6605fa9d385cf406c2	15Bau1010Ch01A	biological	fish metagenome	Bau	caudal fin [UBERON:4000164]	2015
PRJEB124417	DURANCE16S_RUN_15Bau1010Ch02A_durance1	DURANCE16S_EXP_15Bau1010Ch02A_durance1	DURANCE16S_15Bau1010Ch02A	durance1	prep1	1	15Bau1010Ch02A_durance1	ERR17752550	ERX17143093	15Bau1010Ch02A_S686_L001_R1_001.fastq.gz	8065fea877ab94b29eaa89f29f2f92df	15Bau1010Ch02A_S686_L001_R2_001.fastq.gz	84c6a89147749a5b8e76a7e8fea50255	15Bau1010Ch02A	biological	fish gut metagenome	Bau	midgut [UBERON:0001045]	2015
PRJEB124417	DURANCE16S_RUN_15Bau1010Ch02A_durance2	DURANCE16S_EXP_15Bau1010Ch02A_durance2	DURANCE16S_15Bau1010Ch02A	durance2	prep2	1	15Bau1010Ch02A_durance2	ERR17752549	ERX17143092	15Bau1010Ch02A_S686_L001_R1_001.fastq.gz	c8ef5fa3cc1383b298625bb4d266a969	15Bau1010Ch02A_S686_L001_R2_001.fastq.gz	634672019adef968b591f9f5ea37c7ec	15Bau1010Ch02A	biological	fish gut metagenome	Bau	midgut [UBERON:0001045]	2015
PRJEB124417	DURANCE16S_RUN_15Bau1010Ch02A_durance3	DURANCE16S_EXP_15Bau1010Ch02A_durance3	DURANCE16S_15Bau1010Ch02A	durance3	prep2	2	15Bau1010Ch02A_durance3	ERR17752551	ERX17143094	15Bau1010Ch02A_S686_L001_R1_001.fastq.gz	62bacf0fd5de99c349660b496f1c2e5d	15Bau1010Ch02A_S686_L001_R2_001.fastq.gz	b4974e7fb5c171c0df43f33fa8917ff3	15Bau1010Ch02A	biological	fish gut metagenome	Bau	midgut [UBERON:0001045]	2015
PRJEB124417	DURANCE16S_RUN_15Bau1010Ch03A_durance1	DURANCE16S_EXP_15Bau1010Ch03A_durance1	DURANCE16S_15Bau1010Ch03A	durance1	prep1	1	15Bau1010Ch03A_durance1	ERR17752553	ERX17143096	15Bau1010Ch03A_S494_L001_R1_001.fastq.gz	a6b1465a4f71422daf9f008a81ce0ab9	15Bau1010Ch03A_S494_L001_R2_001.fastq.gz	bd019e21abaf86d22961a32ca7f2f7dd	15Bau1010Ch03A	biological	fish gut metagenome	Bau	hindgut [UBERON:0001046]	2015
PRJEB124417	DURANCE16S_RUN_15Bau1010Ch03A_durance2	DURANCE16S_EXP_15Bau1010Ch03A_durance2	DURANCE16S_15Bau1010Ch03A	durance2	prep2	1	15Bau1010Ch03A_durance2	ERR17752554	ERX17143097	15Bau1010Ch03A_S494_L001_R1_001.fastq.gz	b7d2574963b5c9c5a3b7f26be2ada691	15Bau1010Ch03A_S494_L001_R2_001.fastq.gz	cc4a159fe12759c6e6dfc5d29026e367	15Bau1010Ch03A	biological	fish gut metagenome	Bau	hindgut [UBERON:0001046]	2015
PRJEB124417	DURANCE16S_RUN_15Bau1010Ch03A_durance3	DURANCE16S_EXP_15Bau1010Ch03A_durance3	DURANCE16S_15Bau1010Ch03A	durance3	prep2	2	15Bau1010Ch03A_durance3	ERR17752555	ERX17143098	15Bau1010Ch03A_S494_L001_R1_001.fastq.gz	7ffd7eb0f4f0aba1c29bb5c63b3be39f	15Bau1010Ch03A_S494_L001_R2_001.fastq.gz	013a04caa6ee23b878a38f7a1e7f4e30	15Bau1010Ch03A	biological	fish gut metagenome	Bau	hindgut [UBERON:0001046]	2015
PRJEB124417	DURANCE16S_RUN_15Bau1010Ch05A_durance1	DURANCE16S_EXP_15Bau1010Ch05A_durance1	DURANCE16S_15Bau1010Ch05A	durance1	prep1	1	15Bau1010Ch05A_durance1	ERR17752552	ERX17143095	15Bau1010Ch05A_S302_L001_R1_001.fastq.gz	2ea307579bddf2549a61d9f8e70a760c	15Bau1010Ch05A_S302_L001_R2_001.fastq.gz	bd4a771d521ac56890d1b4d7e8e6fdd3	15Bau1010Ch05A	biological	gill metagenome	Bau	gill [UBERON:0002535]	2015
PRJEB124417	DURANCE16S_RUN_15Bau1010Ch05A_durance2	DURANCE16S_EXP_15Bau1010Ch05A_durance2	DURANCE16S_15Bau1010Ch05A	durance2	prep2	1	15Bau1010Ch05A_durance2	ERR17752556	ERX17143099	15Bau1010Ch05A_S302_L001_R1_001.fastq.gz	986f33819ee717c67e7939152e14a007	15Bau1010Ch05A_S302_L001_R2_001.fastq.gz	37ea95ca7eb5f8c60325f638a3a638a0	15Bau1010Ch05A	biological	gill metagenome	Bau	gill [UBERON:0002535]	2015
PRJEB124417	DURANCE16S_RUN_15Bau1010Ch05A_durance3	DURANCE16S_EXP_15Bau1010Ch05A_durance3	DURANCE16S_15Bau1010Ch05A	durance3	prep2	2	15Bau1010Ch05A_durance3	ERR17752557	ERX17143100	15Bau1010Ch05A_S302_L001_R1_001.fastq.gz	0df5c3c77abf1d849c049299ad2f08ca	15Bau1010Ch05A_S302_L001_R2_001.fastq.gz	e8c3166849c495cc707e985c6558a124	15Bau1010Ch05A	biological	gill metagenome	Bau	gill [UBERON:0002535]	2015
PRJEB124417	DURANCE16S_RUN_15Bau1011Ch01A_durance1	DURANCE16S_EXP_15Bau1011Ch01A_durance1	DURANCE16S_15Bau1011Ch01A	durance1	prep1	1	15Bau1011Ch01A_durance1	ERR17752558	ERX17143101	15Bau1011Ch01A_S122_L001_R1_001.fastq.gz	84c146187a461ff20a4a6a9cc14b6468	15Bau1011Ch01A_S122_L001_R2_001.fastq.gz	e956be36fe507a345ab0d86848b2d047	15Bau1011Ch01A	biological	fish metagenome	Bau	caudal fin [UBERON:4000164]	2015
PRJEB124417	DURANCE16S_RUN_15Bau1011Ch01A_durance2	DURANCE16S_EXP_15Bau1011Ch01A_durance2	DURANCE16S_15Bau1011Ch01A	durance2	prep2	1	15Bau1011Ch01A_durance2	ERR17752559	ERX17143102	15Bau1011Ch01A_S122_L001_R1_001.fastq.gz	8813aa20d4711958e7b4a5a7f909581d	15Bau1011Ch01A_S122_L001_R2_001.fastq.gz	a019727b113a199c2c974cf584619079	15Bau1011Ch01A	biological	fish metagenome	Bau	caudal fin [UBERON:4000164]	2015
PRJEB124417	DURANCE16S_RUN_15Bau1011Ch01A_durance3	DURANCE16S_EXP_15Bau1011Ch01A_durance3	DURANCE16S_15Bau1011Ch01A	durance3	prep2	2	15Bau1011Ch01A_durance3	ERR17752560	ERX17143103	15Bau1011Ch01A_S122_L001_R1_001.fastq.gz	b64ecc9a9e7cb01f7b80465d59cd3c5f	15Bau1011Ch01A_S122_L001_R2_001.fastq.gz	edd051632d0e42f3177ae8df64b87e4e	15Bau1011Ch01A	biological	fish metagenome	Bau	caudal fin [UBERON:4000164]	2015
PRJEB124417	DURANCE16S_RUN_15Bau1011Ch02A_durance1	DURANCE16S_EXP_15Bau1011Ch02A_durance1	DURANCE16S_15Bau1011Ch02A	durance1	prep1	1	15Bau1011Ch02A_durance1	ERR17752562	ERX17143105	15Bau1011Ch02A_S698_L001_R1_001.fastq.gz	02f6fee77040f38dcbb2eab508b9bce2	15Bau1011Ch02A_S698_L001_R2_001.fastq.gz	d3406ac1792addc9c9751fa7f78e34c7	15Bau1011Ch02A	biological	fish gut metagenome	Bau	midgut [UBERON:0001045]	2015
PRJEB124417	DURANCE16S_RUN_15Bau1011Ch02A_durance2	DURANCE16S_EXP_15Bau1011Ch02A_durance2	DURANCE16S_15Bau1011Ch02A	durance2	prep2	1	15Bau1011Ch02A_durance2	ERR17752561	ERX17143104	15Bau1011Ch02A_S698_L001_R1_001.fastq.gz	f1b7a9ab67e20a71cb72c54b7b39f5d6	15Bau1011Ch02A_S698_L001_R2_001.fastq.gz	9eb62441b92c9f5ef7a9fd34c24c9e2c	15Bau1011Ch02A	biological	fish gut metagenome	Bau	midgut [UBERON:0001045]	2015
PRJEB124417	DURANCE16S_RUN_15Bau1011Ch02A_durance3	DURANCE16S_EXP_15Bau1011Ch02A_durance3	DURANCE16S_15Bau1011Ch02A	durance3	prep2	2	15Bau1011Ch02A_durance3	ERR17752563	ERX17143106	15Bau1011Ch02A_S698_L001_R1_001.fastq.gz	48951db0e688e29b36bbd133bb957f45	15Bau1011Ch02A_S698_L001_R2_001.fastq.gz	8e9fbafcd68b5c9b45a790c50dfc5ba4	15Bau1011Ch02A	biological	fish gut metagenome	Bau	midgut [UBERON:0001045]	2015
PRJEB124417	DURANCE16S_RUN_15Bau1011Ch03A_durance1	DURANCE16S_EXP_15Bau1011Ch03A_durance1	DURANCE16S_15Bau1011Ch03A	durance1	prep1	1	15Bau1011Ch03A_durance1	ERR17752564	ERX17143107	15Bau1011Ch03A_S506_L001_R1_001.fastq.gz	39b0f42f8aeede28980afa8a475c56cb	15Bau1011Ch03A_S506_L001_R2_001.fastq.gz	ed923ba74fc60b0e36add8b7ce6787a2	15Bau1011Ch03A	biological	fish gut metagenome	Bau	hindgut [UBERON:0001046]	2015
PRJEB124417	DURANCE16S_RUN_15Bau1011Ch03A_durance2	DURANCE16S_EXP_15Bau1011Ch03A_durance2	DURANCE16S_15Bau1011Ch03A	durance2	prep2	1	15Bau1011Ch03A_durance2	ERR17752565	ERX17143108	15Bau1011Ch03A_S506_L001_R1_001.fastq.gz	e1b63e7817b29bfd976c50a5df62dba7	15Bau1011Ch03A_S506_L001_R2_001.fastq.gz	601a3a0a1063bf95c4e22b75c5a6f08f	15Bau1011Ch03A	biological	fish gut metagenome	Bau	hindgut [UBERON:0001046]	2015
PRJEB124417	DURANCE16S_RUN_15Bau1011Ch03A_durance3	DURANCE16S_EXP_15Bau1011Ch03A_durance3	DURANCE16S_15Bau1011Ch03A	durance3	prep2	2	15Bau1011Ch03A_durance3	ERR17752566	ERX17143109	15Bau1011Ch03A_S506_L001_R1_001.fastq.gz	c2ab6dee7ec613bad1c381182f0558f2	15Bau1011Ch03A_S506_L001_R2_001.fastq.gz	58ca0aefd5f8c78ff1079f06595c4d86	15Bau1011Ch03A	biological	fish gut metagenome	Bau	hindgut [UBERON:0001046]	2015
PRJEB124417	DURANCE16S_RUN_15Bau1011Ch05A_durance1	DURANCE16S_EXP_15Bau1011Ch05A_durance1	DURANCE16S_15Bau1011Ch05A	durance1	prep1	1	15Bau1011Ch05A_durance1	ERR17752567	ERX17143110	15Bau1011Ch05A_S314_L001_R1_001.fastq.gz	891552a45fcf4e4fa8e1c78d3b132d82	15Bau1011Ch05A_S314_L001_R2_001.fastq.gz	74c100608c9ee7e90b0c82258ea2268d	15Bau1011Ch05A	biological	gill metagenome	Bau	gill [UBERON:0002535]	2015
PRJEB124417	DURANCE16S_RUN_15Bau1011Ch05A_durance2	DURANCE16S_EXP_15Bau1011Ch05A_durance2	DURANCE16S_15Bau1011Ch05A	durance2	prep2	1	15Bau1011Ch05A_durance2	ERR17752568	ERX17143111	15Bau1011Ch05A_S314_L001_R1_001.fastq.gz	1dfc1fb3e151d5ab5dc79cb1cca7d111	15Bau1011Ch05A_S314_L001_R2_001.fastq.gz	5da7f029cf5f8863b2544d04234d2eb1	15Bau1011Ch05A	biological	gill metagenome	Bau	gill [UBERON:0002535]	2015
PRJEB124417	DURANCE16S_RUN_15Bau1011Ch05A_durance3	DURANCE16S_EXP_15Bau1011Ch05A_durance3	DURANCE16S_15Bau1011Ch05A	durance3	prep2	2	15Bau1011Ch05A_durance3	ERR17752573	ERX17143116	15Bau1011Ch05A_S314_L001_R1_001.fastq.gz	c014dfa95d34cc8e1e115e9546286bc0	15Bau1011Ch05A_S314_L001_R2_001.fastq.gz	017a8b0300aa1a36f709e9a5e01cbdd9	15Bau1011Ch05A	biological	gill metagenome	Bau	gill [UBERON:0002535]	2015
PRJEB124417	DURANCE16S_RUN_15Bau1012Ch01A_durance1	DURANCE16S_EXP_15Bau1012Ch01A_durance1	DURANCE16S_15Bau1012Ch01A	durance1	prep1	1	15Bau1012Ch01A_durance1	ERR17752570	ERX17143113	15Bau1012Ch01A_S134_L001_R1_001.fastq.gz	164248b3bd0b2bf64f15d3e597d142e3	15Bau1012Ch01A_S134_L001_R2_001.fastq.gz	6e339fdf1420a072fb71bdfc7a488b01	15Bau1012Ch01A	biological	fish metagenome	Bau	caudal fin [UBERON:4000164]	2015
PRJEB124417	DURANCE16S_RUN_15Bau1012Ch01A_durance2	DURANCE16S_EXP_15Bau1012Ch01A_durance2	DURANCE16S_15Bau1012Ch01A	durance2	prep2	1	15Bau1012Ch01A_durance2	ERR17752569	ERX17143112	15Bau1012Ch01A_S134_L001_R1_001.fastq.gz	83d2168f6de2b7383db7a9d1a667d1dd	15Bau1012Ch01A_S134_L001_R2_001.fastq.gz	c1b5eb1d5eefc7a7ce45fce6af9f0f1b	15Bau1012Ch01A	biological	fish metagenome	Bau	caudal fin [UBERON:4000164]	2015
PRJEB124417	DURANCE16S_RUN_15Bau1012Ch01A_durance3	DURANCE16S_EXP_15Bau1012Ch01A_durance3	DURANCE16S_15Bau1012Ch01A	durance3	prep2	2	15Bau1012Ch01A_durance3	ERR17752572	ERX17143115	15Bau1012Ch01A_S134_L001_R1_001.fastq.gz	80975c4fed13de24899a8a9122bc686f	15Bau1012Ch01A_S134_L001_R2_001.fastq.gz	bce5119c8e258e6a044d98e59faa0f27	15Bau1012Ch01A	biological	fish metagenome	Bau	caudal fin [UBERON:4000164]	2015
PRJEB124417	DURANCE16S_RUN_15Bau1012Ch02A_durance1	DURANCE16S_EXP_15Bau1012Ch02A_durance1	DURANCE16S_15Bau1012Ch02A	durance1	prep1	1	15Bau1012Ch02A_durance1	ERR17752574	ERX17143117	15Bau1012Ch02A_S710_L001_R1_001.fastq.gz	e9cd7dfc30d51927e0fa4186b1021ced	15Bau1012Ch02A_S710_L001_R2_001.fastq.gz	194c861bdc6b4190ae0966c6b558e20b	15Bau1012Ch02A	biological	fish gut metagenome	Bau	midgut [UBERON:0001045]	2015
PRJEB124417	DURANCE16S_RUN_15Bau1012Ch02A_durance2	DURANCE16S_EXP_15Bau1012Ch02A_durance2	DURANCE16S_15Bau1012Ch02A	durance2	prep2	1	15Bau1012Ch02A_durance2	ERR17752575	ERX17143118	15Bau1012Ch02A_S710_L001_R1_001.fastq.gz	d4288449f89ed29e133cdcb31e7c06cd	15Bau1012Ch02A_S710_L001_R2_001.fastq.gz	c14ed7f175a0a86442fd7a1406aa6f16	15Bau1012Ch02A	biological	fish gut metagenome	Bau	midgut [UBERON:0001045]	2015
PRJEB124417	DURANCE16S_RUN_15Bau1012Ch02A_durance3	DURANCE16S_EXP_15Bau1012Ch02A_durance3	DURANCE16S_15Bau1012Ch02A	durance3	prep2	2	15Bau1012Ch02A_durance3	ERR17752576	ERX17143119	15Bau1012Ch02A_S710_L001_R1_001.fastq.gz	6182afa5ded00210add83a45d9bb286a	15Bau1012Ch02A_S710_L001_R2_001.fastq.gz	e165a4d48ae2a174a8cb9e04cf7eb911	15Bau1012Ch02A	biological	fish gut metagenome	Bau	midgut [UBERON:0001045]	2015
PRJEB124417	DURANCE16S_RUN_15Bau1012Ch03A_durance1	DURANCE16S_EXP_15Bau1012Ch03A_durance1	DURANCE16S_15Bau1012Ch03A	durance1	prep1	1	15Bau1012Ch03A_durance1	ERR17752577	ERX17143120	15Bau1012Ch03A_S518_L001_R1_001.fastq.gz	71e1606923a17254560ba92c376bb608	15Bau1012Ch03A_S518_L001_R2_001.fastq.gz	b2d029dcbd7e32af1f69abba2e50abf4	15Bau1012Ch03A	biological	fish gut metagenome	Bau	hindgut [UBERON:0001046]	2015
PRJEB124417	DURANCE16S_RUN_15Bau1012Ch03A_durance2	DURANCE16S_EXP_15Bau1012Ch03A_durance2	DURANCE16S_15Bau1012Ch03A	durance2	prep2	1	15Bau1012Ch03A_durance2	ERR17752580	ERX17143123	15Bau1012Ch03A_S518_L001_R1_001.fastq.gz	2093c593fb59044792906dfe15c24052	15Bau1012Ch03A_S518_L001_R2_001.fastq.gz	ff07e4d8782924be5dd732580f50b6e9	15Bau1012Ch03A	biological	fish gut metagenome	Bau	hindgut [UBERON:0001046]	2015
PRJEB124417	DURANCE16S_RUN_15Bau1012Ch03A_durance3	DURANCE16S_EXP_15Bau1012Ch03A_durance3	DURANCE16S_15Bau1012Ch03A	durance3	prep2	2	15Bau1012Ch03A_durance3	ERR17752579	ERX17143122	15Bau1012Ch03A_S518_L001_R1_001.fastq.gz	bceb838f229807cf9e21596d4ea084fd	15Bau1012Ch03A_S518_L001_R2_001.fastq.gz	91b7687b637362eebf02ac4d05e326e7	15Bau1012Ch03A	biological	fish gut metagenome	Bau	hindgut [UBERON:0001046]	2015
PRJEB124417	DURANCE16S_RUN_15Bau1012Ch05A_durance1	DURANCE16S_EXP_15Bau1012Ch05A_durance1	DURANCE16S_15Bau1012Ch05A	durance1	prep1	1	15Bau1012Ch05A_durance1	ERR17752581	ERX17143124	15Bau1012Ch05A_S326_L001_R1_001.fastq.gz	2ddab68c4d64cec9cbdea8b1ba3fb775	15Bau1012Ch05A_S326_L001_R2_001.fastq.gz	12d6847d5902ad9e994c91d5b94cbefa	15Bau1012Ch05A	biological	gill metagenome	Bau	gill [UBERON:0002535]	2015
PRJEB124417	DURANCE16S_RUN_15Bau1012Ch05A_durance2	DURANCE16S_EXP_15Bau1012Ch05A_durance2	DURANCE16S_15Bau1012Ch05A	durance2	prep2	1	15Bau1012Ch05A_durance2	ERR17752578	ERX17143121	15Bau1012Ch05A_S326_L001_R1_001.fastq.gz	ad58c3effafc5f8aec914e0063d6719b	15Bau1012Ch05A_S326_L001_R2_001.fastq.gz	cd3f74ec2ec3444a1a7e22fc1f166aee	15Bau1012Ch05A	biological	gill metagenome	Bau	gill [UBERON:0002535]	2015
PRJEB124417	DURANCE16S_RUN_15Bau1012Ch05A_durance3	DURANCE16S_EXP_15Bau1012Ch05A_durance3	DURANCE16S_15Bau1012Ch05A	durance3	prep2	2	15Bau1012Ch05A_durance3	ERR17752582	ERX17143125	15Bau1012Ch05A_S326_L001_R1_001.fastq.gz	ed963d68045af24e6d598aecad1b4c58	15Bau1012Ch05A_S326_L001_R2_001.fastq.gz	8cd3f10aef3d0645ee5f542e89cb9c9c	15Bau1012Ch05A	biological	gill metagenome	Bau	gill [UBERON:0002535]	2015
PRJEB124417	DURANCE16S_RUN_15Bau1013Ch01A_durance1	DURANCE16S_EXP_15Bau1013Ch01A_durance1	DURANCE16S_15Bau1013Ch01A	durance1	prep1	1	15Bau1013Ch01A_durance1	ERR17752583	ERX17143126	15Bau1013Ch01A_S146_L001_R1_001.fastq.gz	2825aa6dbfc1b4045448fe3905f1048f	15Bau1013Ch01A_S146_L001_R2_001.fastq.gz	80aac949cbc87eab8d7da65ee55d5ab7	15Bau1013Ch01A	biological	fish metagenome	Bau	caudal fin [UBERON:4000164]	2015
PRJEB124417	DURANCE16S_RUN_15Bau1013Ch01A_durance2	DURANCE16S_EXP_15Bau1013Ch01A_durance2	DURANCE16S_15Bau1013Ch01A	durance2	prep2	1	15Bau1013Ch01A_durance2	ERR17752584	ERX17143127	15Bau1013Ch01A_S146_L001_R1_001.fastq.gz	f6b7f6fe37a2b09fc1d483c4c752869d	15Bau1013Ch01A_S146_L001_R2_001.fastq.gz	59713ec426688107bf6b72249b3969f1	15Bau1013Ch01A	biological	fish metagenome	Bau	caudal fin [UBERON:4000164]	2015
PRJEB124417	DURANCE16S_RUN_15Bau1013Ch01A_durance3	DURANCE16S_EXP_15Bau1013Ch01A_durance3	DURANCE16S_15Bau1013Ch01A	durance3	prep2	2	15Bau1013Ch01A_durance3	ERR17752585	ERX17143128	15Bau1013Ch01A_S146_L001_R1_001.fastq.gz	cf0354827e5876a06de991eec13c544d	15Bau1013Ch01A_S146_L001_R2_001.fastq.gz	bcbc787b759a9b41f4fb5f0165c48553	15Bau1013Ch01A	biological	fish metagenome	Bau	caudal fin [UBERON:4000164]	2015
PRJEB124417	DURANCE16S_RUN_15Bau1013Ch02A_durance1	DURANCE16S_EXP_15Bau1013Ch02A_durance1	DURANCE16S_15Bau1013Ch02A	durance1	prep1	1	15Bau1013Ch02A_durance1	ERR17752586	ERX17143129	15Bau1013Ch02A_S722_L001_R1_001.fastq.gz	d29e70bb38c6e05fdcc5c728d553fb9d	15Bau1013Ch02A_S722_L001_R2_001.fastq.gz	f8864fd8736917e24ae30ca3a02f7f1f	15Bau1013Ch02A	biological	fish gut metagenome	Bau	midgut [UBERON:0001045]	2015
PRJEB124417	DURANCE16S_RUN_15Bau1013Ch02A_durance2	DURANCE16S_EXP_15Bau1013Ch02A_durance2	DURANCE16S_15Bau1013Ch02A	durance2	prep2	1	15Bau1013Ch02A_durance2	ERR17752588	ERX17143131	15Bau1013Ch02A_S722_L001_R1_001.fastq.gz	0bec857856fc642c41417c8717d35bcd	15Bau1013Ch02A_S722_L001_R2_001.fastq.gz	52f8b1103ea5330833c039e671681a30	15Bau1013Ch02A	biological	fish gut metagenome	Bau	midgut [UBERON:0001045]	2015
PRJEB124417	DURANCE16S_RUN_15Bau1013Ch02A_durance3	DURANCE16S_EXP_15Bau1013Ch02A_durance3	DURANCE16S_15Bau1013Ch02A	durance3	prep2	2	15Bau1013Ch02A_durance3	ERR17752589	ERX17143132	15Bau1013Ch02A_S722_L001_R1_001.fastq.gz	517207272a90d57ba467eb59d95e2e27	15Bau1013Ch02A_S722_L001_R2_001.fastq.gz	d12146f570900a2b8f00ff456188845e	15Bau1013Ch02A	biological	fish gut metagenome	Bau	midgut [UBERON:0001045]	2015
PRJEB124417	DURANCE16S_RUN_15Bau1013Ch03A_durance1	DURANCE16S_EXP_15Bau1013Ch03A_durance1	DURANCE16S_15Bau1013Ch03A	durance1	prep1	1	15Bau1013Ch03A_durance1	ERR17752590	ERX17143133	15Bau1013Ch03A_S530_L001_R1_001.fastq.gz	55ca553f291b651bbdeabf0b2d7c0693	15Bau1013Ch03A_S530_L001_R2_001.fastq.gz	5dcaf34136b6cde1a62e114d6c97a402	15Bau1013Ch03A	biological	fish gut metagenome	Bau	hindgut [UBERON:0001046]	2015
PRJEB124417	DURANCE16S_RUN_15Bau1013Ch03A_durance2	DURANCE16S_EXP_15Bau1013Ch03A_durance2	DURANCE16S_15Bau1013Ch03A	durance2	prep2	1	15Bau1013Ch03A_durance2	ERR17752591	ERX17143134	15Bau1013Ch03A_S530_L001_R1_001.fastq.gz	84732d3ec7adbbe361af08d2278bb63c	15Bau1013Ch03A_S530_L001_R2_001.fastq.gz	af2d81fe330518395e80cc26dc7a7bf0	15Bau1013Ch03A	biological	fish gut metagenome	Bau	hindgut [UBERON:0001046]	2015
PRJEB124417	DURANCE16S_RUN_15Bau1013Ch03A_durance3	DURANCE16S_EXP_15Bau1013Ch03A_durance3	DURANCE16S_15Bau1013Ch03A	durance3	prep2	2	15Bau1013Ch03A_durance3	ERR17752587	ERX17143130	15Bau1013Ch03A_S530_L001_R1_001.fastq.gz	70946beea1a7834dfa73fd031b69cf25	15Bau1013Ch03A_S530_L001_R2_001.fastq.gz	ccac1a9ae0f542ded7a26ee3023335d9	15Bau1013Ch03A	biological	fish gut metagenome	Bau	hindgut [UBERON:0001046]	2015
PRJEB124417	DURANCE16S_RUN_15Bau1013Ch05A_durance1	DURANCE16S_EXP_15Bau1013Ch05A_durance1	DURANCE16S_15Bau1013Ch05A	durance1	prep1	1	15Bau1013Ch05A_durance1	ERR17752593	ERX17143136	15Bau1013Ch05A_S338_L001_R1_001.fastq.gz	7aaa525718e152a432780e184b002750	15Bau1013Ch05A_S338_L001_R2_001.fastq.gz	c7925e4f82659438414cf094152a9ac6	15Bau1013Ch05A	biological	gill metagenome	Bau	gill [UBERON:0002535]	2015
PRJEB124417	DURANCE16S_RUN_15Bau1013Ch05A_durance2	DURANCE16S_EXP_15Bau1013Ch05A_durance2	DURANCE16S_15Bau1013Ch05A	durance2	prep2	1	15Bau1013Ch05A_durance2	ERR17752594	ERX17143137	15Bau1013Ch05A_S338_L001_R1_001.fastq.gz	15c4444c92ef6feddac9cf93a0effb8b	15Bau1013Ch05A_S338_L001_R2_001.fastq.gz	486da626de2a2190a213b481fa16832b	15Bau1013Ch05A	biological	gill metagenome	Bau	gill [UBERON:0002535]	2015
PRJEB124417	DURANCE16S_RUN_15Bau1013Ch05A_durance3	DURANCE16S_EXP_15Bau1013Ch05A_durance3	DURANCE16S_15Bau1013Ch05A	durance3	prep2	2	15Bau1013Ch05A_durance3	ERR17752596	ERX17143139	15Bau1013Ch05A_S338_L001_R1_001.fastq.gz	f98df0391c1ba1a6d0db4635b05c8df5	15Bau1013Ch05A_S338_L001_R2_001.fastq.gz	f112abd484f38bb7444fe1c8b0a9aaa8	15Bau1013Ch05A	biological	gill metagenome	Bau	gill [UBERON:0002535]	2015
PRJEB124417	DURANCE16S_RUN_15Bau1014Ch01A_durance1	DURANCE16S_EXP_15Bau1014Ch01A_durance1	DURANCE16S_15Bau1014Ch01A	durance1	prep1	1	15Bau1014Ch01A_durance1	ERR17752595	ERX17143138	15Bau1014Ch01A_S158_L001_R1_001.fastq.gz	e664ef74ce34c2c440eb7cb9d0ed9441	15Bau1014Ch01A_S158_L001_R2_001.fastq.gz	155d0c878db90dbbf11fed2153af04e3	15Bau1014Ch01A	biological	fish metagenome	Bau	caudal fin [UBERON:4000164]	2015
PRJEB124417	DURANCE16S_RUN_15Bau1014Ch01A_durance2	DURANCE16S_EXP_15Bau1014Ch01A_durance2	DURANCE16S_15Bau1014Ch01A	durance2	prep2	1	15Bau1014Ch01A_durance2	ERR17752597	ERX17143140	15Bau1014Ch01A_S158_L001_R1_001.fastq.gz	3c3967ba6872c41b45f40849d1afb9d2	15Bau1014Ch01A_S158_L001_R2_001.fastq.gz	8a969844361a29482ca788b857955f47	15Bau1014Ch01A	biological	fish metagenome	Bau	caudal fin [UBERON:4000164]	2015
PRJEB124417	DURANCE16S_RUN_15Bau1014Ch01A_durance3	DURANCE16S_EXP_15Bau1014Ch01A_durance3	DURANCE16S_15Bau1014Ch01A	durance3	prep2	2	15Bau1014Ch01A_durance3	ERR17752598	ERX17143141	15Bau1014Ch01A_S158_L001_R1_001.fastq.gz	3993b155008928799bc56a0fb5e9b1f5	15Bau1014Ch01A_S158_L001_R2_001.fastq.gz	1b7cc0afd4533f3e4e209c8a255cc885	15Bau1014Ch01A	biological	fish metagenome	Bau	caudal fin [UBERON:4000164]	2015
PRJEB124417	DURANCE16S_RUN_15Bau1014Ch02A_durance1	DURANCE16S_EXP_15Bau1014Ch02A_durance1	DURANCE16S_15Bau1014Ch02A	durance1	prep1	1	15Bau1014Ch02A_durance1	ERR17752599	ERX17143142	15Bau1014Ch02A_S734_L001_R1_001.fastq.gz	5528bf69e81a62b5c15dd95e433db479	15Bau1014Ch02A_S734_L001_R2_001.fastq.gz	3b5a8b3d02d7b794266811b26df38a6a	15Bau1014Ch02A	biological	fish gut metagenome	Bau	midgut [UBERON:0001045]	2015
PRJEB124417	DURANCE16S_RUN_15Bau1014Ch02A_durance2	DURANCE16S_EXP_15Bau1014Ch02A_durance2	DURANCE16S_15Bau1014Ch02A	durance2	prep2	1	15Bau1014Ch02A_durance2	ERR17752600	ERX17143143	15Bau1014Ch02A_S734_L001_R1_001.fastq.gz	9abf9ab517b5e9f212fd50414b39f920	15Bau1014Ch02A_S734_L001_R2_001.fastq.gz	b8aabd92b85ab16bbfa200d7ad423248	15Bau1014Ch02A	biological	fish gut metagenome	Bau	midgut [UBERON:0001045]	2015
PRJEB124417	DURANCE16S_RUN_15Bau1014Ch02A_durance3	DURANCE16S_EXP_15Bau1014Ch02A_durance3	DURANCE16S_15Bau1014Ch02A	durance3	prep2	2	15Bau1014Ch02A_durance3	ERR17752602	ERX17143145	15Bau1014Ch02A_S734_L001_R1_001.fastq.gz	0003c0c52d1fc100afc9384bd3b30e9c	15Bau1014Ch02A_S734_L001_R2_001.fastq.gz	889ae740c36361a241ca33845e89b7e9	15Bau1014Ch02A	biological	fish gut metagenome	Bau	midgut [UBERON:0001045]	2015
PRJEB124417	DURANCE16S_RUN_15Bau1014Ch03A_durance1	DURANCE16S_EXP_15Bau1014Ch03A_durance1	DURANCE16S_15Bau1014Ch03A	durance1	prep1	1	15Bau1014Ch03A_durance1	ERR17752601	ERX17143144	15Bau1014Ch03A_S542_L001_R1_001.fastq.gz	d30673a297fd6f870aee9ebeeabf5a41	15Bau1014Ch03A_S542_L001_R2_001.fastq.gz	15014e93a5eec49137c70c12b9aa13bc	15Bau1014Ch03A	biological	fish gut metagenome	Bau	hindgut [UBERON:0001046]	2015
PRJEB124417	DURANCE16S_RUN_15Bau1014Ch03A_durance2	DURANCE16S_EXP_15Bau1014Ch03A_durance2	DURANCE16S_15Bau1014Ch03A	durance2	prep2	1	15Bau1014Ch03A_durance2	ERR17752604	ERX17143147	15Bau1014Ch03A_S542_L001_R1_001.fastq.gz	3adf413db6087f3b636856a7384638d3	15Bau1014Ch03A_S542_L001_R2_001.fastq.gz	192ebed911de46634b02d071165046a9	15Bau1014Ch03A	biological	fish gut metagenome	Bau	hindgut [UBERON:0001046]	2015
PRJEB124417	DURANCE16S_RUN_15Bau1014Ch03A_durance3	DURANCE16S_EXP_15Bau1014Ch03A_durance3	DURANCE16S_15Bau1014Ch03A	durance3	prep2	2	15Bau1014Ch03A_durance3	ERR17752607	ERX17143150	15Bau1014Ch03A_S542_L001_R1_001.fastq.gz	71f0410a1431bdb4365b4dc61b36df37	15Bau1014Ch03A_S542_L001_R2_001.fastq.gz	df6dfa9c478b3ad32e149e77f86a2e5c	15Bau1014Ch03A	biological	fish gut metagenome	Bau	hindgut [UBERON:0001046]	2015
PRJEB124417	DURANCE16S_RUN_15Bau1014Ch05A_durance1	DURANCE16S_EXP_15Bau1014Ch05A_durance1	DURANCE16S_15Bau1014Ch05A	durance1	prep1	1	15Bau1014Ch05A_durance1	ERR17752603	ERX17143146	15Bau1014Ch05A_S350_L001_R1_001.fastq.gz	c1e6af38ad32972df3eade6c96720cd1	15Bau1014Ch05A_S350_L001_R2_001.fastq.gz	41a4efe99c35019e05e569436ce311b1	15Bau1014Ch05A	biological	gill metagenome	Bau	gill [UBERON:0002535]	2015
PRJEB124417	DURANCE16S_RUN_15Bau1014Ch05A_durance2	DURANCE16S_EXP_15Bau1014Ch05A_durance2	DURANCE16S_15Bau1014Ch05A	durance2	prep2	1	15Bau1014Ch05A_durance2	ERR17752605	ERX17143148	15Bau1014Ch05A_S350_L001_R1_001.fastq.gz	0c5f039d3e7121558860dc1c7db6456d	15Bau1014Ch05A_S350_L001_R2_001.fastq.gz	cce9d8bd4b37ff153e3627b169e217a5	15Bau1014Ch05A	biological	gill metagenome	Bau	gill [UBERON:0002535]	2015
PRJEB124417	DURANCE16S_RUN_15Bau1014Ch05A_durance3	DURANCE16S_EXP_15Bau1014Ch05A_durance3	DURANCE16S_15Bau1014Ch05A	durance3	prep2	2	15Bau1014Ch05A_durance3	ERR17752608	ERX17143151	15Bau1014Ch05A_S350_L001_R1_001.fastq.gz	c92db13908adb8250030e4fa9e566864	15Bau1014Ch05A_S350_L001_R2_001.fastq.gz	cfdb5ad57db3aa3c63b84379e73ec4cd	15Bau1014Ch05A	biological	gill metagenome	Bau	gill [UBERON:0002535]	2015
PRJEB124417	DURANCE16S_RUN_15Bau1015Ch01A_durance1	DURANCE16S_EXP_15Bau1015Ch01A_durance1	DURANCE16S_15Bau1015Ch01A	durance1	prep1	1	15Bau1015Ch01A_durance1	ERR17752606	ERX17143149	15Bau1015Ch01A_S170_L001_R1_001.fastq.gz	15d3e323d47948beff7c8a2a8d32b4d8	15Bau1015Ch01A_S170_L001_R2_001.fastq.gz	6b17de2e6ad5a42ed2553947b27e0d4b	15Bau1015Ch01A	biological	fish metagenome	Bau	caudal fin [UBERON:4000164]	2015
PRJEB124417	DURANCE16S_RUN_15Bau1015Ch01A_durance2	DURANCE16S_EXP_15Bau1015Ch01A_durance2	DURANCE16S_15Bau1015Ch01A	durance2	prep2	1	15Bau1015Ch01A_durance2	ERR17752609	ERX17143152	15Bau1015Ch01A_S170_L001_R1_001.fastq.gz	f6872b78c50785200e6d3e5d0c334d92	15Bau1015Ch01A_S170_L001_R2_001.fastq.gz	1a7ee14124c0f28f25d1756e7fd6dc54	15Bau1015Ch01A	biological	fish metagenome	Bau	caudal fin [UBERON:4000164]	2015
PRJEB124417	DURANCE16S_RUN_15Bau1015Ch01A_durance3	DURANCE16S_EXP_15Bau1015Ch01A_durance3	DURANCE16S_15Bau1015Ch01A	durance3	prep2	2	15Bau1015Ch01A_durance3	ERR17752613	ERX17143156	15Bau1015Ch01A_S170_L001_R1_001.fastq.gz	2f4fb50be01c1d3a238ab8a4a8ff2762	15Bau1015Ch01A_S170_L001_R2_001.fastq.gz	0eed2846a97196522cd3d56a8c4681d7	15Bau1015Ch01A	biological	fish metagenome	Bau	caudal fin [UBERON:4000164]	2015
PRJEB124417	DURANCE16S_RUN_15Bau1015Ch02A_durance1	DURANCE16S_EXP_15Bau1015Ch02A_durance1	DURANCE16S_15Bau1015Ch02A	durance1	prep1	1	15Bau1015Ch02A_durance1	ERR17752612	ERX17143155	15Bau1015Ch02A_S746_L001_R1_001.fastq.gz	ef025b9b2a7864867c12c5417c842d28	15Bau1015Ch02A_S746_L001_R2_001.fastq.gz	df45ca8a368de823ae966c6f66843ae9	15Bau1015Ch02A	biological	fish gut metagenome	Bau	midgut [UBERON:0001045]	2015
PRJEB124417	DURANCE16S_RUN_15Bau1015Ch02A_durance2	DURANCE16S_EXP_15Bau1015Ch02A_durance2	DURANCE16S_15Bau1015Ch02A	durance2	prep2	1	15Bau1015Ch02A_durance2	ERR17752610	ERX17143153	15Bau1015Ch02A_S746_L001_R1_001.fastq.gz	80b484f8b3e2c7986a8eae3e17868c05	15Bau1015Ch02A_S746_L001_R2_001.fastq.gz	416a57ab5d9e7d4a10bab58deb20b0d1	15Bau1015Ch02A	biological	fish gut metagenome	Bau	midgut [UBERON:0001045]	2015
PRJEB124417	DURANCE16S_RUN_15Bau1015Ch02A_durance3	DURANCE16S_EXP_15Bau1015Ch02A_durance3	DURANCE16S_15Bau1015Ch02A	durance3	prep2	2	15Bau1015Ch02A_durance3	ERR17752611	ERX17143154	15Bau1015Ch02A_S746_L001_R1_001.fastq.gz	4e3ed65cef4c86cd1193b98cc43c6904	15Bau1015Ch02A_S746_L001_R2_001.fastq.gz	f416beea6a5fabb0920ee0d264f43e62	15Bau1015Ch02A	biological	fish gut metagenome	Bau	midgut [UBERON:0001045]	2015
PRJEB124417	DURANCE16S_RUN_15Bau1015Ch03A_durance1	DURANCE16S_EXP_15Bau1015Ch03A_durance1	DURANCE16S_15Bau1015Ch03A	durance1	prep1	1	15Bau1015Ch03A_durance1	ERR17752616	ERX17143159	15Bau1015Ch03A_S554_L001_R1_001.fastq.gz	553cabc44cd584c8784fed461ddd4437	15Bau1015Ch03A_S554_L001_R2_001.fastq.gz	76283740ae31d7d78676defb8e0e371e	15Bau1015Ch03A	biological	fish gut metagenome	Bau	hindgut [UBERON:0001046]	2015
PRJEB124417	DURANCE16S_RUN_15Bau1015Ch03A_durance2	DURANCE16S_EXP_15Bau1015Ch03A_durance2	DURANCE16S_15Bau1015Ch03A	durance2	prep2	1	15Bau1015Ch03A_durance2	ERR17752614	ERX17143157	15Bau1015Ch03A_S554_L001_R1_001.fastq.gz	f075dcc3e11c803947f4450c37d55c86	15Bau1015Ch03A_S554_L001_R2_001.fastq.gz	a2223dacb8dec18dac91cda8764410e3	15Bau1015Ch03A	biological	fish gut metagenome	Bau	hindgut [UBERON:0001046]	2015
PRJEB124417	DURANCE16S_RUN_15Bau1015Ch03A_durance3	DURANCE16S_EXP_15Bau1015Ch03A_durance3	DURANCE16S_15Bau1015Ch03A	durance3	prep2	2	15Bau1015Ch03A_durance3	ERR17752615	ERX17143158	15Bau1015Ch03A_S554_L001_R1_001.fastq.gz	b806614179a0f8b5bf4a4a8bb1969b35	15Bau1015Ch03A_S554_L001_R2_001.fastq.gz	12826f2b318c0d9525c7e236ea2bea04	15Bau1015Ch03A	biological	fish gut metagenome	Bau	hindgut [UBERON:0001046]	2015
PRJEB124417	DURANCE16S_RUN_15Bau1015Ch05A_durance1	DURANCE16S_EXP_15Bau1015Ch05A_durance1	DURANCE16S_15Bau1015Ch05A	durance1	prep1	1	15Bau1015Ch05A_durance1	ERR17752618	ERX17143161	15Bau1015Ch05A_S362_L001_R1_001.fastq.gz	1a8183761fbba64aa6e1277bd278abee	15Bau1015Ch05A_S362_L001_R2_001.fastq.gz	abed7eb7ceee3300a8f174b92ea563b2	15Bau1015Ch05A	biological	gill metagenome	Bau	gill [UBERON:0002535]	2015
PRJEB124417	DURANCE16S_RUN_15Bau1015Ch05A_durance2	DURANCE16S_EXP_15Bau1015Ch05A_durance2	DURANCE16S_15Bau1015Ch05A	durance2	prep2	1	15Bau1015Ch05A_durance2	ERR17752622	ERX17143165	15Bau1015Ch05A_S362_L001_R1_001.fastq.gz	18366dfeccaac9172ae1825966e8b5cc	15Bau1015Ch05A_S362_L001_R2_001.fastq.gz	4e808eee02085174d875d995b294b5b1	15Bau1015Ch05A	biological	gill metagenome	Bau	gill [UBERON:0002535]	2015
PRJEB124417	DURANCE16S_RUN_15Bau1015Ch05A_durance3	DURANCE16S_EXP_15Bau1015Ch05A_durance3	DURANCE16S_15Bau1015Ch05A	durance3	prep2	2	15Bau1015Ch05A_durance3	ERR17752619	ERX17143162	15Bau1015Ch05A_S362_L001_R1_001.fastq.gz	8eca7da07ab3f38051d4fed178b6c947	15Bau1015Ch05A_S362_L001_R2_001.fastq.gz	25418f1d4b0371361dd721814763158e	15Bau1015Ch05A	biological	gill metagenome	Bau	gill [UBERON:0002535]	2015
PRJEB124417	DURANCE16S_RUN_15Bau1016Ch01A_durance1	DURANCE16S_EXP_15Bau1016Ch01A_durance1	DURANCE16S_15Bau1016Ch01A	durance1	prep1	1	15Bau1016Ch01A_durance1	ERR17752621	ERX17143164	15Bau1016Ch01A_S182_L001_R1_001.fastq.gz	e51920a585ae3b248b39db1f29a59c64	15Bau1016Ch01A_S182_L001_R2_001.fastq.gz	23ea0e3d430b4940ef79606815b4575b	15Bau1016Ch01A	biological	fish metagenome	Bau	caudal fin [UBERON:4000164]	2015
PRJEB124417	DURANCE16S_RUN_15Bau1016Ch01A_durance2	DURANCE16S_EXP_15Bau1016Ch01A_durance2	DURANCE16S_15Bau1016Ch01A	durance2	prep2	1	15Bau1016Ch01A_durance2	ERR17752620	ERX17143163	15Bau1016Ch01A_S182_L001_R1_001.fastq.gz	53d3b2e63352d824f656666794d1d9b7	15Bau1016Ch01A_S182_L001_R2_001.fastq.gz	e1d9dcbdd468c973f780147edd4f0446	15Bau1016Ch01A	biological	fish metagenome	Bau	caudal fin [UBERON:4000164]	2015
PRJEB124417	DURANCE16S_RUN_15Bau1016Ch01A_durance3	DURANCE16S_EXP_15Bau1016Ch01A_durance3	DURANCE16S_15Bau1016Ch01A	durance3	prep2	2	15Bau1016Ch01A_durance3	ERR17752626	ERX17143169	15Bau1016Ch01A_S182_L001_R1_001.fastq.gz	44a9aceddb36f8807791ce2ee489e95a	15Bau1016Ch01A_S182_L001_R2_001.fastq.gz	1118f29018ebd88ab6b9af87b726212f	15Bau1016Ch01A	biological	fish metagenome	Bau	caudal fin [UBERON:4000164]	2015
PRJEB124417	DURANCE16S_RUN_15Bau1016Ch02A_durance1	DURANCE16S_EXP_15Bau1016Ch02A_durance1	DURANCE16S_15Bau1016Ch02A	durance1	prep1	1	15Bau1016Ch02A_durance1	ERR17752624	ERX17143167	15Bau1016Ch02A_S758_L001_R1_001.fastq.gz	17060845a6292cd20a23992b18ad3b11	15Bau1016Ch02A_S758_L001_R2_001.fastq.gz	fa75ecbc379f9e9b6b77a48189295e93	15Bau1016Ch02A	biological	fish gut metagenome	Bau	midgut [UBERON:0001045]	2015
PRJEB124417	DURANCE16S_RUN_15Bau1016Ch02A_durance2	DURANCE16S_EXP_15Bau1016Ch02A_durance2	DURANCE16S_15Bau1016Ch02A	durance2	prep2	1	15Bau1016Ch02A_durance2	ERR17752623	ERX17143166	15Bau1016Ch02A_S758_L001_R1_001.fastq.gz	741ffd87b0c98f02f18d9aa5b99d918c	15Bau1016Ch02A_S758_L001_R2_001.fastq.gz	4dc1abb11e7e8baf63ae7d91a572d48b	15Bau1016Ch02A	biological	fish gut metagenome	Bau	midgut [UBERON:0001045]	2015
PRJEB124417	DURANCE16S_RUN_15Bau1016Ch02A_durance3	DURANCE16S_EXP_15Bau1016Ch02A_durance3	DURANCE16S_15Bau1016Ch02A	durance3	prep2	2	15Bau1016Ch02A_durance3	ERR17752625	ERX17143168	15Bau1016Ch02A_S758_L001_R1_001.fastq.gz	3c13132686b712b557e1108e93fc4d9d	15Bau1016Ch02A_S758_L001_R2_001.fastq.gz	1b15b1f0077de5413308040f8fee0496	15Bau1016Ch02A	biological	fish gut metagenome	Bau	midgut [UBERON:0001045]	2015
PRJEB124417	DURANCE16S_RUN_15Bau1016Ch03A_durance1	DURANCE16S_EXP_15Bau1016Ch03A_durance1	DURANCE16S_15Bau1016Ch03A	durance1	prep1	1	15Bau1016Ch03A_durance1	ERR17752627	ERX17143170	15Bau1016Ch03A_S566_L001_R1_001.fastq.gz	2f3f926dbf38a840b07290dba2a0e383	15Bau1016Ch03A_S566_L001_R2_001.fastq.gz	161ef5ffc1cd09f26d118ffb803de1d4	15Bau1016Ch03A	biological	fish gut metagenome	Bau	hindgut [UBERON:0001046]	2015
PRJEB124417	DURANCE16S_RUN_15Bau1016Ch03A_durance2	DURANCE16S_EXP_15Bau1016Ch03A_durance2	DURANCE16S_15Bau1016Ch03A	durance2	prep2	1	15Bau1016Ch03A_durance2	ERR17752629	ERX17143172	15Bau1016Ch03A_S566_L001_R1_001.fastq.gz	c90f9ca18f8dd9b3105be024ff4aecec	15Bau1016Ch03A_S566_L001_R2_001.fastq.gz	1e4cff4d7b2a9909eecfa54e9b2cdf00	15Bau1016Ch03A	biological	fish gut metagenome	Bau	hindgut [UBERON:0001046]	2015
PRJEB124417	DURANCE16S_RUN_15Bau1016Ch03A_durance3	DURANCE16S_EXP_15Bau1016Ch03A_durance3	DURANCE16S_15Bau1016Ch03A	durance3	prep2	2	15Bau1016Ch03A_durance3	ERR17752628	ERX17143171	15Bau1016Ch03A_S566_L001_R1_001.fastq.gz	fee6caeb55080b31018b7ba1dd5e942a	15Bau1016Ch03A_S566_L001_R2_001.fastq.gz	ca3f274fa07f92e0ef2800c1dbf15c31	15Bau1016Ch03A	biological	fish gut metagenome	Bau	hindgut [UBERON:0001046]	2015
PRJEB124417	DURANCE16S_RUN_15Bau1016Ch05A_durance1	DURANCE16S_EXP_15Bau1016Ch05A_durance1	DURANCE16S_15Bau1016Ch05A	durance1	prep1	1	15Bau1016Ch05A_durance1	ERR17752631	ERX17143174	15Bau1016Ch05A_S374_L001_R1_001.fastq.gz	411f50c02f44b38586f2851ceaa1e9ca	15Bau1016Ch05A_S374_L001_R2_001.fastq.gz	9a1dbd568180e8370be36598373409cf	15Bau1016Ch05A	biological	gill metagenome	Bau	gill [UBERON:0002535]	2015
PRJEB124417	DURANCE16S_RUN_15Bau1016Ch05A_durance2	DURANCE16S_EXP_15Bau1016Ch05A_durance2	DURANCE16S_15Bau1016Ch05A	durance2	prep2	1	15Bau1016Ch05A_durance2	ERR17752630	ERX17143173	15Bau1016Ch05A_S374_L001_R1_001.fastq.gz	f2921664379c48747ee1831cc57981e5	15Bau1016Ch05A_S374_L001_R2_001.fastq.gz	3d6b2cefab3ab075598eca12acbe9c9d	15Bau1016Ch05A	biological	gill metagenome	Bau	gill [UBERON:0002535]	2015
PRJEB124417	DURANCE16S_RUN_15Bau1016Ch05A_durance3	DURANCE16S_EXP_15Bau1016Ch05A_durance3	DURANCE16S_15Bau1016Ch05A	durance3	prep2	2	15Bau1016Ch05A_durance3	ERR17752632	ERX17143175	15Bau1016Ch05A_S374_L001_R1_001.fastq.gz	712ea7c94695386e13ac847151961284	15Bau1016Ch05A_S374_L001_R2_001.fastq.gz	e555c08f1440c8d1cb90b5fa66a291a7	15Bau1016Ch05A	biological	gill metagenome	Bau	gill [UBERON:0002535]	2015
PRJEB124417	DURANCE16S_RUN_15Bau1017Ch01A_durance1	DURANCE16S_EXP_15Bau1017Ch01A_durance1	DURANCE16S_15Bau1017Ch01A	durance1	prep1	1	15Bau1017Ch01A_durance1	ERR17752633	ERX17143176	15Bau1017Ch01A_S99_L001_R1_001.fastq.gz	0c938ad71be0ed8c1b9c5614482c9212	15Bau1017Ch01A_S99_L001_R2_001.fastq.gz	47adad90dc2ccfdac3532f7cea529ec9	15Bau1017Ch01A	biological	fish metagenome	Bau	caudal fin [UBERON:4000164]	2015
PRJEB124417	DURANCE16S_RUN_15Bau1017Ch01A_durance2	DURANCE16S_EXP_15Bau1017Ch01A_durance2	DURANCE16S_15Bau1017Ch01A	durance2	prep2	1	15Bau1017Ch01A_durance2	ERR17752635	ERX17143178	15Bau1017Ch01A_S99_L001_R1_001.fastq.gz	d93e5e45cdca5cf7e95dbd8422ee81bd	15Bau1017Ch01A_S99_L001_R2_001.fastq.gz	26511e61a51152e383d8958f35aac375	15Bau1017Ch01A	biological	fish metagenome	Bau	caudal fin [UBERON:4000164]	2015
PRJEB124417	DURANCE16S_RUN_15Bau1017Ch01A_durance3	DURANCE16S_EXP_15Bau1017Ch01A_durance3	DURANCE16S_15Bau1017Ch01A	durance3	prep2	2	15Bau1017Ch01A_durance3	ERR17752634	ERX17143177	15Bau1017Ch01A_S99_L001_R1_001.fastq.gz	ecfc9cc23143687f41336586cdb9c748	15Bau1017Ch01A_S99_L001_R2_001.fastq.gz	b92cfcb0d0f0fac5215d20bbe44fe298	15Bau1017Ch01A	biological	fish metagenome	Bau	caudal fin [UBERON:4000164]	2015
PRJEB124417	DURANCE16S_RUN_15Bau1017Ch02A_durance1	DURANCE16S_EXP_15Bau1017Ch02A_durance1	DURANCE16S_15Bau1017Ch02A	durance1	prep1	1	15Bau1017Ch02A_durance1	ERR17752639	ERX17143182	15Bau1017Ch02A_S675_L001_R1_001.fastq.gz	63a7a3d9a3bb031e93020f8d13b1c3a0	15Bau1017Ch02A_S675_L001_R2_001.fastq.gz	33eee2489987481ccdd885880ceec457	15Bau1017Ch02A	biological	fish gut metagenome	Bau	midgut [UBERON:0001045]	2015
PRJEB124417	DURANCE16S_RUN_15Bau1017Ch02A_durance2	DURANCE16S_EXP_15Bau1017Ch02A_durance2	DURANCE16S_15Bau1017Ch02A	durance2	prep2	1	15Bau1017Ch02A_durance2	ERR17752638	ERX17143181	15Bau1017Ch02A_S675_L001_R1_001.fastq.gz	ff5d88bb2a5ce1c7f3d98b1278e13948	15Bau1017Ch02A_S675_L001_R2_001.fastq.gz	e50e656e3586f75d03a7e0221554d014	15Bau1017Ch02A	biological	fish gut metagenome	Bau	midgut [UBERON:0001045]	2015
PRJEB124417	DURANCE16S_RUN_15Bau1017Ch02A_durance3	DURANCE16S_EXP_15Bau1017Ch02A_durance3	DURANCE16S_15Bau1017Ch02A	durance3	prep2	2	15Bau1017Ch02A_durance3	ERR17752637	ERX17143180	15Bau1017Ch02A_S675_L001_R1_001.fastq.gz	4e976044ffeec6b19c061149197d4343	15Bau1017Ch02A_S675_L001_R2_001.fastq.gz	f2c6bbe2f19bec94e26d959019a58c19	15Bau1017Ch02A	biological	fish gut metagenome	Bau	midgut [UBERON:0001045]	2015
PRJEB124417	DURANCE16S_RUN_15Bau1017Ch03A_durance1	DURANCE16S_EXP_15Bau1017Ch03A_durance1	DURANCE16S_15Bau1017Ch03A	durance1	prep1	1	15Bau1017Ch03A_durance1	ERR17752640	ERX17143183	15Bau1017Ch03A_S483_L001_R1_001.fastq.gz	48d14e0a9a575665a6497e8c45024ca5	15Bau1017Ch03A_S483_L001_R2_001.fastq.gz	e04b4e8afc99edde20862ffb6b515327	15Bau1017Ch03A	biological	fish gut metagenome	Bau	hindgut [UBERON:0001046]	2015
PRJEB124417	DURANCE16S_RUN_15Bau1017Ch03A_durance2	DURANCE16S_EXP_15Bau1017Ch03A_durance2	DURANCE16S_15Bau1017Ch03A	durance2	prep2	1	15Bau1017Ch03A_durance2	ERR17752636	ERX17143179	15Bau1017Ch03A_S483_L001_R1_001.fastq.gz	f5b044394f01623c8862e9e5cd9cb722	15Bau1017Ch03A_S483_L001_R2_001.fastq.gz	d8108d096c1660c073be0802bd63b28c	15Bau1017Ch03A	biological	fish gut metagenome	Bau	hindgut [UBERON:0001046]	2015
PRJEB124417	DURANCE16S_RUN_15Bau1017Ch03A_durance3	DURANCE16S_EXP_15Bau1017Ch03A_durance3	DURANCE16S_15Bau1017Ch03A	durance3	prep2	2	15Bau1017Ch03A_durance3	ERR17752642	ERX17143185	15Bau1017Ch03A_S483_L001_R1_001.fastq.gz	2ac948464d8dee21ab6e9bd6d46a1b58	15Bau1017Ch03A_S483_L001_R2_001.fastq.gz	14e521f9ffefb6a6c4e2b181bb90d277	15Bau1017Ch03A	biological	fish gut metagenome	Bau	hindgut [UBERON:0001046]	2015
PRJEB124417	DURANCE16S_RUN_15Bau1017Ch05A_durance1	DURANCE16S_EXP_15Bau1017Ch05A_durance1	DURANCE16S_15Bau1017Ch05A	durance1	prep1	1	15Bau1017Ch05A_durance1	ERR17752641	ERX17143184	15Bau1017Ch05A_S291_L001_R1_001.fastq.gz	3470b9db3da01bf82782b2e24a1b570b	15Bau1017Ch05A_S291_L001_R2_001.fastq.gz	4f88273c45cba19c5fb87dac454b7d4f	15Bau1017Ch05A	biological	gill metagenome	Bau	gill [UBERON:0002535]	2015
PRJEB124417	DURANCE16S_RUN_15Bau1017Ch05A_durance2	DURANCE16S_EXP_15Bau1017Ch05A_durance2	DURANCE16S_15Bau1017Ch05A	durance2	prep2	1	15Bau1017Ch05A_durance2	ERR17752643	ERX17143186	15Bau1017Ch05A_S291_L001_R1_001.fastq.gz	32bd0388456733c12c9f9c7bf1fd8db4	15Bau1017Ch05A_S291_L001_R2_001.fastq.gz	234072c673a6412f2a82ed8ee1c1787a	15Bau1017Ch05A	biological	gill metagenome	Bau	gill [UBERON:0002535]	2015
PRJEB124417	DURANCE16S_RUN_15Bau1017Ch05A_durance3	DURANCE16S_EXP_15Bau1017Ch05A_durance3	DURANCE16S_15Bau1017Ch05A	durance3	prep2	2	15Bau1017Ch05A_durance3	ERR17752645	ERX17143188	15Bau1017Ch05A_S291_L001_R1_001.fastq.gz	68586bf1ed7c09238336e311a4d86ff2	15Bau1017Ch05A_S291_L001_R2_001.fastq.gz	5155631bd5e2bacb0738c3c5192fb992	15Bau1017Ch05A	biological	gill metagenome	Bau	gill [UBERON:0002535]	2015
PRJEB124417	DURANCE16S_RUN_15Bau1018Ch01A_durance1	DURANCE16S_EXP_15Bau1018Ch01A_durance1	DURANCE16S_15Bau1018Ch01A	durance1	prep1	1	15Bau1018Ch01A_durance1	ERR17752644	ERX17143187	15Bau1018Ch01A_S111_L001_R1_001.fastq.gz	e85a7247277213136b448198ebcc1805	15Bau1018Ch01A_S111_L001_R2_001.fastq.gz	272b72e7a24bc2e579224bdc34f1b1e3	15Bau1018Ch01A	biological	fish metagenome	Bau	caudal fin [UBERON:4000164]	2015
PRJEB124417	DURANCE16S_RUN_15Bau1018Ch01A_durance2	DURANCE16S_EXP_15Bau1018Ch01A_durance2	DURANCE16S_15Bau1018Ch01A	durance2	prep2	1	15Bau1018Ch01A_durance2	ERR17752647	ERX17143190	15Bau1018Ch01A_S111_L001_R1_001.fastq.gz	cdbdca3a39547c18fd6a94fbdee9ca87	15Bau1018Ch01A_S111_L001_R2_001.fastq.gz	fbbdc35fcbbaeb71baa096a2fc247296	15Bau1018Ch01A	biological	fish metagenome	Bau	caudal fin [UBERON:4000164]	2015
PRJEB124417	DURANCE16S_RUN_15Bau1018Ch01A_durance3	DURANCE16S_EXP_15Bau1018Ch01A_durance3	DURANCE16S_15Bau1018Ch01A	durance3	prep2	2	15Bau1018Ch01A_durance3	ERR17752646	ERX17143189	15Bau1018Ch01A_S111_L001_R1_001.fastq.gz	f48f6772be5d8a30f531c645a6efa898	15Bau1018Ch01A_S111_L001_R2_001.fastq.gz	6e86bb859ca98e4b63db53dce3a5d063	15Bau1018Ch01A	biological	fish metagenome	Bau	caudal fin [UBERON:4000164]	2015
PRJEB124417	DURANCE16S_RUN_15Bau1018Ch02A_durance1	DURANCE16S_EXP_15Bau1018Ch02A_durance1	DURANCE16S_15Bau1018Ch02A	durance1	prep1	1	15Bau1018Ch02A_durance1	ERR17752648	ERX17143191	15Bau1018Ch02A_S687_L001_R1_001.fastq.gz	71d8e386eaea74b4fdf6154ac5b5d284	15Bau1018Ch02A_S687_L001_R2_001.fastq.gz	be1e89b86f8f8a986af27318c2cd0295	15Bau1018Ch02A	biological	fish gut metagenome	Bau	midgut [UBERON:0001045]	2015
PRJEB124417	DURANCE16S_RUN_15Bau1018Ch02A_durance2	DURANCE16S_EXP_15Bau1018Ch02A_durance2	DURANCE16S_15Bau1018Ch02A	durance2	prep2	1	15Bau1018Ch02A_durance2	ERR17752649	ERX17143192	15Bau1018Ch02A_S687_L001_R1_001.fastq.gz	2d2b88353f36dd118a8da7779410f23c	15Bau1018Ch02A_S687_L001_R2_001.fastq.gz	9c74e0f8f66631e62be9e473c9e9bbcb	15Bau1018Ch02A	biological	fish gut metagenome	Bau	midgut [UBERON:0001045]	2015
PRJEB124417	DURANCE16S_RUN_15Bau1018Ch02A_durance3	DURANCE16S_EXP_15Bau1018Ch02A_durance3	DURANCE16S_15Bau1018Ch02A	durance3	prep2	2	15Bau1018Ch02A_durance3	ERR17752650	ERX17143193	15Bau1018Ch02A_S687_L001_R1_001.fastq.gz	43bfe2ebb72f4c1eadd254459338ab3e	15Bau1018Ch02A_S687_L001_R2_001.fastq.gz	c9e40e0772ef881ef6b4b5b456a93c29	15Bau1018Ch02A	biological	fish gut metagenome	Bau	midgut [UBERON:0001045]	2015
PRJEB124417	DURANCE16S_RUN_15Bau1018Ch03A_durance1	DURANCE16S_EXP_15Bau1018Ch03A_durance1	DURANCE16S_15Bau1018Ch03A	durance1	prep1	1	15Bau1018Ch03A_durance1	ERR17752651	ERX17143194	15Bau1018Ch03A_S495_L001_R1_001.fastq.gz	2078c3801a76f052bbe6389e1d131122	15Bau1018Ch03A_S495_L001_R2_001.fastq.gz	377cf1de7d7dcc61a0323cb1e494a4c0	15Bau1018Ch03A	biological	fish gut metagenome	Bau	hindgut [UBERON:0001046]	2015
PRJEB124417	DURANCE16S_RUN_15Bau1018Ch03A_durance2	DURANCE16S_EXP_15Bau1018Ch03A_durance2	DURANCE16S_15Bau1018Ch03A	durance2	prep2	1	15Bau1018Ch03A_durance2	ERR17752652	ERX17143195	15Bau1018Ch03A_S495_L001_R1_001.fastq.gz	6e840812315dc85eafff817dd34e471f	15Bau1018Ch03A_S495_L001_R2_001.fastq.gz	bff69dfb4e934e09cbb8cbabf608f584	15Bau1018Ch03A	biological	fish gut metagenome	Bau	hindgut [UBERON:0001046]	2015
PRJEB124417	DURANCE16S_RUN_15Bau1018Ch03A_durance3	DURANCE16S_EXP_15Bau1018Ch03A_durance3	DURANCE16S_15Bau1018Ch03A	durance3	prep2	2	15Bau1018Ch03A_durance3	ERR17752653	ERX17143196	15Bau1018Ch03A_S495_L001_R1_001.fastq.gz	ad7129bf47f7ad6fb7528e586897ed87	15Bau1018Ch03A_S495_L001_R2_001.fastq.gz	9640cb036fdb68c6dbedd910664c8196	15Bau1018Ch03A	biological	fish gut metagenome	Bau	hindgut [UBERON:0001046]	2015
PRJEB124417	DURANCE16S_RUN_15Bau1018Ch05A_durance1	DURANCE16S_EXP_15Bau1018Ch05A_durance1	DURANCE16S_15Bau1018Ch05A	durance1	prep1	1	15Bau1018Ch05A_durance1	ERR17752654	ERX17143197	15Bau1018Ch05A_S303_L001_R1_001.fastq.gz	24a18d75e0ef5b0b4720389e79247c4c	15Bau1018Ch05A_S303_L001_R2_001.fastq.gz	28aaf60d56603fb2609971bb8824b1e0	15Bau1018Ch05A	biological	gill metagenome	Bau	gill [UBERON:0002535]	2015
PRJEB124417	DURANCE16S_RUN_15Bau1018Ch05A_durance2	DURANCE16S_EXP_15Bau1018Ch05A_durance2	DURANCE16S_15Bau1018Ch05A	durance2	prep2	1	15Bau1018Ch05A_durance2	ERR17752656	ERX17143199	15Bau1018Ch05A_S303_L001_R1_001.fastq.gz	e21b1cebebc3349cb71524bb223bfc83	15Bau1018Ch05A_S303_L001_R2_001.fastq.gz	1c8e0acbaa89f9381db8b4ee62fe0ce0	15Bau1018Ch05A	biological	gill metagenome	Bau	gill [UBERON:0002535]	2015
PRJEB124417	DURANCE16S_RUN_15Bau1018Ch05A_durance3	DURANCE16S_EXP_15Bau1018Ch05A_durance3	DURANCE16S_15Bau1018Ch05A	durance3	prep2	2	15Bau1018Ch05A_durance3	ERR17752655	ERX17143198	15Bau1018Ch05A_S303_L001_R1_001.fastq.gz	156bdd55540800a17d664e5823447949	15Bau1018Ch05A_S303_L001_R2_001.fastq.gz	b09282a0c85317ffa6a86e342d8233fd	15Bau1018Ch05A	biological	gill metagenome	Bau	gill [UBERON:0002535]	2015
PRJEB124417	DURANCE16S_RUN_15Bau1019Ch01A_durance1	DURANCE16S_EXP_15Bau1019Ch01A_durance1	DURANCE16S_15Bau1019Ch01A	durance1	prep1	1	15Bau1019Ch01A_durance1	ERR17752657	ERX17143200	15Bau1019Ch01A_S123_L001_R1_001.fastq.gz	bf34e347a38a3ef0bb2d177eedbf2443	15Bau1019Ch01A_S123_L001_R2_001.fastq.gz	38c740837be1d6846513f98a0163db5e	15Bau1019Ch01A	biological	fish metagenome	Bau	caudal fin [UBERON:4000164]	2015
PRJEB124417	DURANCE16S_RUN_15Bau1019Ch01A_durance2	DURANCE16S_EXP_15Bau1019Ch01A_durance2	DURANCE16S_15Bau1019Ch01A	durance2	prep2	1	15Bau1019Ch01A_durance2	ERR17752658	ERX17143201	15Bau1019Ch01A_S123_L001_R1_001.fastq.gz	e1764b32eb9a17281fc643d2059729e2	15Bau1019Ch01A_S123_L001_R2_001.fastq.gz	5cb67f3fd5d60781e1f59532798e4ce3	15Bau1019Ch01A	biological	fish metagenome	Bau	caudal fin [UBERON:4000164]	2015
PRJEB124417	DURANCE16S_RUN_15Bau1019Ch01A_durance3	DURANCE16S_EXP_15Bau1019Ch01A_durance3	DURANCE16S_15Bau1019Ch01A	durance3	prep2	2	15Bau1019Ch01A_durance3	ERR17752659	ERX17143202	15Bau1019Ch01A_S123_L001_R1_001.fastq.gz	25f56b73675aba7f8f3e6f01fbc4718c	15Bau1019Ch01A_S123_L001_R2_001.fastq.gz	1270df827a0741c135803cddefec7c46	15Bau1019Ch01A	biological	fish metagenome	Bau	caudal fin [UBERON:4000164]	2015
PRJEB124417	DURANCE16S_RUN_15Bau1019Ch02A_durance1	DURANCE16S_EXP_15Bau1019Ch02A_durance1	DURANCE16S_15Bau1019Ch02A	durance1	prep1	1	15Bau1019Ch02A_durance1	ERR17752662	ERX17143205	15Bau1019Ch02A_S699_L001_R1_001.fastq.gz	7998eae595dc8ba31969da69a35ab2f7	15Bau1019Ch02A_S699_L001_R2_001.fastq.gz	1fa6c9bda740a27a36beab26fc673242	15Bau1019Ch02A	biological	fish gut metagenome	Bau	midgut [UBERON:0001045]	2015
PRJEB124417	DURANCE16S_RUN_15Bau1019Ch02A_durance2	DURANCE16S_EXP_15Bau1019Ch02A_durance2	DURANCE16S_15Bau1019Ch02A	durance2	prep2	1	15Bau1019Ch02A_durance2	ERR17752660	ERX17143203	15Bau1019Ch02A_S699_L001_R1_001.fastq.gz	df5768d14727c61c062bd65996144229	15Bau1019Ch02A_S699_L001_R2_001.fastq.gz	bf0e34ca94ca4f9db1a99ee46ae00c5d	15Bau1019Ch02A	biological	fish gut metagenome	Bau	midgut [UBERON:0001045]	2015
PRJEB124417	DURANCE16S_RUN_15Bau1019Ch02A_durance3	DURANCE16S_EXP_15Bau1019Ch02A_durance3	DURANCE16S_15Bau1019Ch02A	durance3	prep2	2	15Bau1019Ch02A_durance3	ERR17752663	ERX17143206	15Bau1019Ch02A_S699_L001_R1_001.fastq.gz	a18cf99daff67fb7d329d5a20c0abbfe	15Bau1019Ch02A_S699_L001_R2_001.fastq.gz	5701a680c02dddb93e6b98a005cd85ea	15Bau1019Ch02A	biological	fish gut metagenome	Bau	midgut [UBERON:0001045]	2015
PRJEB124417	DURANCE16S_RUN_15Bau1019Ch03A_durance1	DURANCE16S_EXP_15Bau1019Ch03A_durance1	DURANCE16S_15Bau1019Ch03A	durance1	prep1	1	15Bau1019Ch03A_durance1	ERR17752665	ERX17143208	15Bau1019Ch03A_S507_L001_R1_001.fastq.gz	935374d8b3d46c34e25acc88ffa323c6	15Bau1019Ch03A_S507_L001_R2_001.fastq.gz	6573c3a20a5c1a90e3a709e8d0e46d2a	15Bau1019Ch03A	biological	fish gut metagenome	Bau	hindgut [UBERON:0001046]	2015
PRJEB124417	DURANCE16S_RUN_15Bau1019Ch03A_durance2	DURANCE16S_EXP_15Bau1019Ch03A_durance2	DURANCE16S_15Bau1019Ch03A	durance2	prep2	1	15Bau1019Ch03A_durance2	ERR17752664	ERX17143207	15Bau1019Ch03A_S507_L001_R1_001.fastq.gz	2ef14c9cafb2de7c0f43aa0c32276118	15Bau1019Ch03A_S507_L001_R2_001.fastq.gz	6b32bf4b784a8ea65b2cc03371bb68fc	15Bau1019Ch03A	biological	fish gut metagenome	Bau	hindgut [UBERON:0001046]	2015
PRJEB124417	DURANCE16S_RUN_15Bau1019Ch03A_durance3	DURANCE16S_EXP_15Bau1019Ch03A_durance3	DURANCE16S_15Bau1019Ch03A	durance3	prep2	2	15Bau1019Ch03A_durance3	ERR17752667	ERX17143210	15Bau1019Ch03A_S507_L001_R1_001.fastq.gz	0fbcdc6ef794aed885c22ea3aac18791	15Bau1019Ch03A_S507_L001_R2_001.fastq.gz	8220eb1c693a269343f0c4cc326d6405	15Bau1019Ch03A	biological	fish gut metagenome	Bau	hindgut [UBERON:0001046]	2015
PRJEB124417	DURANCE16S_RUN_15Bau1019Ch05A_durance1	DURANCE16S_EXP_15Bau1019Ch05A_durance1	DURANCE16S_15Bau1019Ch05A	durance1	prep1	1	15Bau1019Ch05A_durance1	ERR17752668	ERX17143211	15Bau1019Ch05A_S315_L001_R1_001.fastq.gz	abd47d818ce5c838566129f29580723f	15Bau1019Ch05A_S315_L001_R2_001.fastq.gz	cf276b0436fa87515a06862991644187	15Bau1019Ch05A	biological	gill metagenome	Bau	gill [UBERON:0002535]	2015
PRJEB124417	DURANCE16S_RUN_15Bau1019Ch05A_durance2	DURANCE16S_EXP_15Bau1019Ch05A_durance2	DURANCE16S_15Bau1019Ch05A	durance2	prep2	1	15Bau1019Ch05A_durance2	ERR17752672	ERX17143215	15Bau1019Ch05A_S315_L001_R1_001.fastq.gz	b07df455b46dcb118caac1244acbc5e9	15Bau1019Ch05A_S315_L001_R2_001.fastq.gz	315d3dd963d557b65868d4b6510b6b12	15Bau1019Ch05A	biological	gill metagenome	Bau	gill [UBERON:0002535]	2015
PRJEB124417	DURANCE16S_RUN_15Bau1019Ch05A_durance3	DURANCE16S_EXP_15Bau1019Ch05A_durance3	DURANCE16S_15Bau1019Ch05A	durance3	prep2	2	15Bau1019Ch05A_durance3	ERR17752671	ERX17143214	15Bau1019Ch05A_S315_L001_R1_001.fastq.gz	3d9d0ee058ea1552d8192e3fd36ea1bf	15Bau1019Ch05A_S315_L001_R2_001.fastq.gz	8e9d269e4bd7ec7c34b78ea0c6f4acbc	15Bau1019Ch05A	biological	gill metagenome	Bau	gill [UBERON:0002535]	2015
PRJEB124417	DURANCE16S_RUN_15Bau1020Ch01A_durance1	DURANCE16S_EXP_15Bau1020Ch01A_durance1	DURANCE16S_15Bau1020Ch01A	durance1	prep1	1	15Bau1020Ch01A_durance1	ERR17752670	ERX17143213	15Bau1020Ch01A_S135_L001_R1_001.fastq.gz	cf54d809d80de44ca2da95fe25ea0e0f	15Bau1020Ch01A_S135_L001_R2_001.fastq.gz	22788a73b3aca487909b419e6a5876ca	15Bau1020Ch01A	biological	fish metagenome	Bau	caudal fin [UBERON:4000164]	2015
PRJEB124417	DURANCE16S_RUN_15Bau1020Ch01A_durance2	DURANCE16S_EXP_15Bau1020Ch01A_durance2	DURANCE16S_15Bau1020Ch01A	durance2	prep2	1	15Bau1020Ch01A_durance2	ERR17752669	ERX17143212	15Bau1020Ch01A_S135_L001_R1_001.fastq.gz	dc925638088318c726b743a079caeff4	15Bau1020Ch01A_S135_L001_R2_001.fastq.gz	a0ea0920d4c1a209d1541b668e8aad3f	15Bau1020Ch01A	biological	fish metagenome	Bau	caudal fin [UBERON:4000164]	2015
PRJEB124417	DURANCE16S_RUN_15Bau1020Ch01A_durance3	DURANCE16S_EXP_15Bau1020Ch01A_durance3	DURANCE16S_15Bau1020Ch01A	durance3	prep2	2	15Bau1020Ch01A_durance3	ERR17752673	ERX17143216	15Bau1020Ch01A_S135_L001_R1_001.fastq.gz	63ea178d81c8ba3d3598570769e226ae	15Bau1020Ch01A_S135_L001_R2_001.fastq.gz	b18cf60824d013f87bd082168ce48237	15Bau1020Ch01A	biological	fish metagenome	Bau	caudal fin [UBERON:4000164]	2015
PRJEB124417	DURANCE16S_RUN_15Bau1020Ch02A_durance1	DURANCE16S_EXP_15Bau1020Ch02A_durance1	DURANCE16S_15Bau1020Ch02A	durance1	prep1	1	15Bau1020Ch02A_durance1	ERR17752674	ERX17143217	15Bau1020Ch02A_S711_L001_R1_001.fastq.gz	94f7114d52ef09873edc019ecdc07e7f	15Bau1020Ch02A_S711_L001_R2_001.fastq.gz	a34583514106631b2c74033de365568d	15Bau1020Ch02A	biological	fish gut metagenome	Bau	midgut [UBERON:0001045]	2015
PRJEB124417	DURANCE16S_RUN_15Bau1020Ch02A_durance2	DURANCE16S_EXP_15Bau1020Ch02A_durance2	DURANCE16S_15Bau1020Ch02A	durance2	prep2	1	15Bau1020Ch02A_durance2	ERR17752675	ERX17143218	15Bau1020Ch02A_S711_L001_R1_001.fastq.gz	27b9df70c4972869369f12165eb1dd70	15Bau1020Ch02A_S711_L001_R2_001.fastq.gz	747a9047fc3fef63d8a6c5380982d803	15Bau1020Ch02A	biological	fish gut metagenome	Bau	midgut [UBERON:0001045]	2015
PRJEB124417	DURANCE16S_RUN_15Bau1020Ch02A_durance3	DURANCE16S_EXP_15Bau1020Ch02A_durance3	DURANCE16S_15Bau1020Ch02A	durance3	prep2	2	15Bau1020Ch02A_durance3	ERR17752676	ERX17143219	15Bau1020Ch02A_S711_L001_R1_001.fastq.gz	a073eb2f07f64638c0942ff052d6cee5	15Bau1020Ch02A_S711_L001_R2_001.fastq.gz	7e762e2753fd26913046333bd9fe6c02	15Bau1020Ch02A	biological	fish gut metagenome	Bau	midgut [UBERON:0001045]	2015
PRJEB124417	DURANCE16S_RUN_15Bau1020Ch03A_durance1	DURANCE16S_EXP_15Bau1020Ch03A_durance1	DURANCE16S_15Bau1020Ch03A	durance1	prep1	1	15Bau1020Ch03A_durance1	ERR17752680	ERX17143223	15Bau1020Ch03A_S519_L001_R1_001.fastq.gz	f5090cdebc7472ed9dce504eb769b057	15Bau1020Ch03A_S519_L001_R2_001.fastq.gz	1adb31807215742483d3d087a6557286	15Bau1020Ch03A	biological	fish gut metagenome	Bau	hindgut [UBERON:0001046]	2015
PRJEB124417	DURANCE16S_RUN_15Bau1020Ch03A_durance2	DURANCE16S_EXP_15Bau1020Ch03A_durance2	DURANCE16S_15Bau1020Ch03A	durance2	prep2	1	15Bau1020Ch03A_durance2	ERR17752678	ERX17143221	15Bau1020Ch03A_S519_L001_R1_001.fastq.gz	5f974dd6e41a9515a07d512d8aa8a1a9	15Bau1020Ch03A_S519_L001_R2_001.fastq.gz	fced1a4c188be7d527ca6666b3f4bc45	15Bau1020Ch03A	biological	fish gut metagenome	Bau	hindgut [UBERON:0001046]	2015
PRJEB124417	DURANCE16S_RUN_15Bau1020Ch03A_durance3	DURANCE16S_EXP_15Bau1020Ch03A_durance3	DURANCE16S_15Bau1020Ch03A	durance3	prep2	2	15Bau1020Ch03A_durance3	ERR17752679	ERX17143222	15Bau1020Ch03A_S519_L001_R1_001.fastq.gz	377a3fe13f389798447ffaa080609a19	15Bau1020Ch03A_S519_L001_R2_001.fastq.gz	bfb68672cb4c0cc3e51ca6f5ca5ba53f	15Bau1020Ch03A	biological	fish gut metagenome	Bau	hindgut [UBERON:0001046]	2015
PRJEB124417	DURANCE16S_RUN_15Bau1020Ch05A_durance1	DURANCE16S_EXP_15Bau1020Ch05A_durance1	DURANCE16S_15Bau1020Ch05A	durance1	prep1	1	15Bau1020Ch05A_durance1	ERR17752677	ERX17143220	15Bau1020Ch05A_S327_L001_R1_001.fastq.gz	2d012f4fd1c206cbeaa4a221b9c2a3d4	15Bau1020Ch05A_S327_L001_R2_001.fastq.gz	55e97429a5e0f611792ab9ff3639421c	15Bau1020Ch05A	biological	gill metagenome	Bau	gill [UBERON:0002535]	2015
PRJEB124417	DURANCE16S_RUN_15Bau1020Ch05A_durance2	DURANCE16S_EXP_15Bau1020Ch05A_durance2	DURANCE16S_15Bau1020Ch05A	durance2	prep2	1	15Bau1020Ch05A_durance2	ERR17752682	ERX17143225	15Bau1020Ch05A_S327_L001_R1_001.fastq.gz	e8846e49f0e45e6f828421175c3bb82c	15Bau1020Ch05A_S327_L001_R2_001.fastq.gz	64ecbab4026a09974cbd3089c782f311	15Bau1020Ch05A	biological	gill metagenome	Bau	gill [UBERON:0002535]	2015
PRJEB124417	DURANCE16S_RUN_15Bau1020Ch05A_durance3	DURANCE16S_EXP_15Bau1020Ch05A_durance3	DURANCE16S_15Bau1020Ch05A	durance3	prep2	2	15Bau1020Ch05A_durance3	ERR17752681	ERX17143224	15Bau1020Ch05A_S327_L001_R1_001.fastq.gz	1cd63078d9d938d09034419ec00b284f	15Bau1020Ch05A_S327_L001_R2_001.fastq.gz	36557c44fd9deda6c1a4a5dcc3c8a9ef	15Bau1020Ch05A	biological	gill metagenome	Bau	gill [UBERON:0002535]	2015
PRJEB124417	DURANCE16S_RUN_15Bau1021Ch01A_durance1	DURANCE16S_EXP_15Bau1021Ch01A_durance1	DURANCE16S_15Bau1021Ch01A	durance1	prep1	1	15Bau1021Ch01A_durance1	ERR17752683	ERX17143226	15Bau1021Ch01A_S147_L001_R1_001.fastq.gz	a2f9c7f1cd01d19ea9d16145dc57850e	15Bau1021Ch01A_S147_L001_R2_001.fastq.gz	01be9079464576d819654d600885b11e	15Bau1021Ch01A	biological	fish metagenome	Bau	caudal fin [UBERON:4000164]	2015
PRJEB124417	DURANCE16S_RUN_15Bau1021Ch01A_durance2	DURANCE16S_EXP_15Bau1021Ch01A_durance2	DURANCE16S_15Bau1021Ch01A	durance2	prep2	1	15Bau1021Ch01A_durance2	ERR17752686	ERX17143229	15Bau1021Ch01A_S147_L001_R1_001.fastq.gz	234876aab40e51c622c8669ff7d8295d	15Bau1021Ch01A_S147_L001_R2_001.fastq.gz	4694709cd14e2b57ca3e89e032d5853e	15Bau1021Ch01A	biological	fish metagenome	Bau	caudal fin [UBERON:4000164]	2015
PRJEB124417	DURANCE16S_RUN_15Bau1021Ch01A_durance3	DURANCE16S_EXP_15Bau1021Ch01A_durance3	DURANCE16S_15Bau1021Ch01A	durance3	prep2	2	15Bau1021Ch01A_durance3	ERR17752688	ERX17143231	15Bau1021Ch01A_S147_L001_R1_001.fastq.gz	1d28a2b9a3b9afa21fbb9e8a9c56a0af	15Bau1021Ch01A_S147_L001_R2_001.fastq.gz	2ec0551138d10e7a65ebfbfadd1b03bc	15Bau1021Ch01A	biological	fish metagenome	Bau	caudal fin [UBERON:4000164]	2015
PRJEB124417	DURANCE16S_RUN_15Bau1021Ch02A_durance1	DURANCE16S_EXP_15Bau1021Ch02A_durance1	DURANCE16S_15Bau1021Ch02A	durance1	prep1	1	15Bau1021Ch02A_durance1	ERR17752684	ERX17143227	15Bau1021Ch02A_S723_L001_R1_001.fastq.gz	8031b24fec652f8833276bd72363dcd8	15Bau1021Ch02A_S723_L001_R2_001.fastq.gz	35889ed381bb1f7748989d910f709786	15Bau1021Ch02A	biological	fish gut metagenome	Bau	midgut [UBERON:0001045]	2015
PRJEB124417	DURANCE16S_RUN_15Bau1021Ch02A_durance2	DURANCE16S_EXP_15Bau1021Ch02A_durance2	DURANCE16S_15Bau1021Ch02A	durance2	prep2	1	15Bau1021Ch02A_durance2	ERR17752685	ERX17143228	15Bau1021Ch02A_S723_L001_R1_001.fastq.gz	2c24471484b90106bbb64ed6b30e1d44	15Bau1021Ch02A_S723_L001_R2_001.fastq.gz	153737dc4c6b28ee4d070a4046b90894	15Bau1021Ch02A	biological	fish gut metagenome	Bau	midgut [UBERON:0001045]	2015
PRJEB124417	DURANCE16S_RUN_15Bau1021Ch02A_durance3	DURANCE16S_EXP_15Bau1021Ch02A_durance3	DURANCE16S_15Bau1021Ch02A	durance3	prep2	2	15Bau1021Ch02A_durance3	ERR17752687	ERX17143230	15Bau1021Ch02A_S723_L001_R1_001.fastq.gz	2b7b60f5170ca52588fa34e261d538b1	15Bau1021Ch02A_S723_L001_R2_001.fastq.gz	6dd828227f32b5a0ab16bcb521b3170f	15Bau1021Ch02A	biological	fish gut metagenome	Bau	midgut [UBERON:0001045]	2015
PRJEB124417	DURANCE16S_RUN_15Bau1021Ch03A_durance1	DURANCE16S_EXP_15Bau1021Ch03A_durance1	DURANCE16S_15Bau1021Ch03A	durance1	prep1	1	15Bau1021Ch03A_durance1	ERR17752689	ERX17143232	15Bau1021Ch03A_S531_L001_R1_001.fastq.gz	c0a44b44c2972c89ee1ee16c1469cd4c	15Bau1021Ch03A_S531_L001_R2_001.fastq.gz	a3d5f57e440dc3e49ebab8b9a56eee0c	15Bau1021Ch03A	biological	fish gut metagenome	Bau	hindgut [UBERON:0001046]	2015
PRJEB124417	DURANCE16S_RUN_15Bau1021Ch03A_durance2	DURANCE16S_EXP_15Bau1021Ch03A_durance2	DURANCE16S_15Bau1021Ch03A	durance2	prep2	1	15Bau1021Ch03A_durance2	ERR17752690	ERX17143233	15Bau1021Ch03A_S531_L001_R1_001.fastq.gz	fb2afef6d54d81c9d1093744f10d8356	15Bau1021Ch03A_S531_L001_R2_001.fastq.gz	a200d1f8e17033512dc54486aa868b56	15Bau1021Ch03A	biological	fish gut metagenome	Bau	hindgut [UBERON:0001046]	2015
PRJEB124417	DURANCE16S_RUN_15Bau1021Ch03A_durance3	DURANCE16S_EXP_15Bau1021Ch03A_durance3	DURANCE16S_15Bau1021Ch03A	durance3	prep2	2	15Bau1021Ch03A_durance3	ERR17752693	ERX17143236	15Bau1021Ch03A_S531_L001_R1_001.fastq.gz	396f0298899d6c19f4b28ebfc67f1188	15Bau1021Ch03A_S531_L001_R2_001.fastq.gz	09b961fa97515abcb1e5b7c6391f904e	15Bau1021Ch03A	biological	fish gut metagenome	Bau	hindgut [UBERON:0001046]	2015
PRJEB124417	DURANCE16S_RUN_15Bau1021Ch05A_durance1	DURANCE16S_EXP_15Bau1021Ch05A_durance1	DURANCE16S_15Bau1021Ch05A	durance1	prep1	1	15Bau1021Ch05A_durance1	ERR17752691	ERX17143234	15Bau1021Ch05A_S339_L001_R1_001.fastq.gz	1db18b2c57c1878d7b73ab3ad673f972	15Bau1021Ch05A_S339_L001_R2_001.fastq.gz	2018a162e674681e4b05f566ae5034b3	15Bau1021Ch05A	biological	gill metagenome	Bau	gill [UBERON:0002535]	2015
PRJEB124417	DURANCE16S_RUN_15Bau1021Ch05A_durance2	DURANCE16S_EXP_15Bau1021Ch05A_durance2	DURANCE16S_15Bau1021Ch05A	durance2	prep2	1	15Bau1021Ch05A_durance2	ERR17752695	ERX17143238	15Bau1021Ch05A_S339_L001_R1_001.fastq.gz	9297df91e3144652b82539b8d676ff10	15Bau1021Ch05A_S339_L001_R2_001.fastq.gz	7d882fdb4b08ef4b72d5aaad8382e9dc	15Bau1021Ch05A	biological	gill metagenome	Bau	gill [UBERON:0002535]	2015
PRJEB124417	DURANCE16S_RUN_15Bau1021Ch05A_durance3	DURANCE16S_EXP_15Bau1021Ch05A_durance3	DURANCE16S_15Bau1021Ch05A	durance3	prep2	2	15Bau1021Ch05A_durance3	ERR17752697	ERX17143240	15Bau1021Ch05A_S339_L001_R1_001.fastq.gz	d2005567c4d6f9eca1f8b4d0743f9d30	15Bau1021Ch05A_S339_L001_R2_001.fastq.gz	82fbd7a205ce55db962e56a4268d44ab	15Bau1021Ch05A	biological	gill metagenome	Bau	gill [UBERON:0002535]	2015
PRJEB124417	DURANCE16S_RUN_15Bau1022Ch01A_durance1	DURANCE16S_EXP_15Bau1022Ch01A_durance1	DURANCE16S_15Bau1022Ch01A	durance1	prep1	1	15Bau1022Ch01A_durance1	ERR17752696	ERX17143239	15Bau1022Ch01A_S159_L001_R1_001.fastq.gz	f9c56172191d06620a62c953e964bd81	15Bau1022Ch01A_S159_L001_R2_001.fastq.gz	3e66746abe4c5a2dc8d95d069ce128ef	15Bau1022Ch01A	biological	fish metagenome	Bau	caudal fin [UBERON:4000164]	2015
PRJEB124417	DURANCE16S_RUN_15Bau1022Ch01A_durance2	DURANCE16S_EXP_15Bau1022Ch01A_durance2	DURANCE16S_15Bau1022Ch01A	durance2	prep2	1	15Bau1022Ch01A_durance2	ERR17752698	ERX17143241	15Bau1022Ch01A_S159_L001_R1_001.fastq.gz	d45fbac95eb16dabd70aec4e1359ba9d	15Bau1022Ch01A_S159_L001_R2_001.fastq.gz	1b45351ebf939237db915a02c324f158	15Bau1022Ch01A	biological	fish metagenome	Bau	caudal fin [UBERON:4000164]	2015
PRJEB124417	DURANCE16S_RUN_15Bau1022Ch01A_durance3	DURANCE16S_EXP_15Bau1022Ch01A_durance3	DURANCE16S_15Bau1022Ch01A	durance3	prep2	2	15Bau1022Ch01A_durance3	ERR17752694	ERX17143237	15Bau1022Ch01A_S159_L001_R1_001.fastq.gz	32dc829642f1998ed5513d369a409220	15Bau1022Ch01A_S159_L001_R2_001.fastq.gz	11e41c15417502405358610b1f1d1894	15Bau1022Ch01A	biological	fish metagenome	Bau	caudal fin [UBERON:4000164]	2015
PRJEB124417	DURANCE16S_RUN_15Bau1022Ch02A_durance1	DURANCE16S_EXP_15Bau1022Ch02A_durance1	DURANCE16S_15Bau1022Ch02A	durance1	prep1	1	15Bau1022Ch02A_durance1	ERR17752699	ERX17143242	15Bau1022Ch02A_S735_L001_R1_001.fastq.gz	5ef46758110261f31df45bb7d75dc344	15Bau1022Ch02A_S735_L001_R2_001.fastq.gz	2e41e6f57bc1b7070a70d9899d109498	15Bau1022Ch02A	biological	fish gut metagenome	Bau	midgut [UBERON:0001045]	2015
PRJEB124417	DURANCE16S_RUN_15Bau1022Ch02A_durance2	DURANCE16S_EXP_15Bau1022Ch02A_durance2	DURANCE16S_15Bau1022Ch02A	durance2	prep2	1	15Bau1022Ch02A_durance2	ERR17752700	ERX17143243	15Bau1022Ch02A_S735_L001_R1_001.fastq.gz	51e82c73fe804607ba4facd50c2da4a7	15Bau1022Ch02A_S735_L001_R2_001.fastq.gz	0b46fc2fc6d147450b9c42d1dce82751	15Bau1022Ch02A	biological	fish gut metagenome	Bau	midgut [UBERON:0001045]	2015
PRJEB124417	DURANCE16S_RUN_15Bau1022Ch02A_durance3	DURANCE16S_EXP_15Bau1022Ch02A_durance3	DURANCE16S_15Bau1022Ch02A	durance3	prep2	2	15Bau1022Ch02A_durance3	ERR17752702	ERX17143245	15Bau1022Ch02A_S735_L001_R1_001.fastq.gz	16d3b7bc218ee5e71f3ef1ff1c59c32b	15Bau1022Ch02A_S735_L001_R2_001.fastq.gz	a18ab4cced7605f288c98674c6cae394	15Bau1022Ch02A	biological	fish gut metagenome	Bau	midgut [UBERON:0001045]	2015
PRJEB124417	DURANCE16S_RUN_15Bau1022Ch03A_durance1	DURANCE16S_EXP_15Bau1022Ch03A_durance1	DURANCE16S_15Bau1022Ch03A	durance1	prep1	1	15Bau1022Ch03A_durance1	ERR17752707	ERX17143250	15Bau1022Ch03A_S543_L001_R1_001.fastq.gz	f78fd07a3440435a1a10d7aedb144076	15Bau1022Ch03A_S543_L001_R2_001.fastq.gz	cb8929256577b53313c1e69b20303294	15Bau1022Ch03A	biological	fish gut metagenome	Bau	hindgut [UBERON:0001046]	2015
PRJEB124417	DURANCE16S_RUN_15Bau1022Ch03A_durance2	DURANCE16S_EXP_15Bau1022Ch03A_durance2	DURANCE16S_15Bau1022Ch03A	durance2	prep2	1	15Bau1022Ch03A_durance2	ERR17752704	ERX17143247	15Bau1022Ch03A_S543_L001_R1_001.fastq.gz	8fda7da921dea0e7fa0a23f5ba979d21	15Bau1022Ch03A_S543_L001_R2_001.fastq.gz	34c8318b012459c513abc8c121480cb0	15Bau1022Ch03A	biological	fish gut metagenome	Bau	hindgut [UBERON:0001046]	2015
PRJEB124417	DURANCE16S_RUN_15Bau1022Ch03A_durance3	DURANCE16S_EXP_15Bau1022Ch03A_durance3	DURANCE16S_15Bau1022Ch03A	durance3	prep2	2	15Bau1022Ch03A_durance3	ERR17752705	ERX17143248	15Bau1022Ch03A_S543_L001_R1_001.fastq.gz	88b12f6b34d7f5a8ace663e47e881998	15Bau1022Ch03A_S543_L001_R2_001.fastq.gz	e7620a335ca2acdd30664b3a347f3cb2	15Bau1022Ch03A	biological	fish gut metagenome	Bau	hindgut [UBERON:0001046]	2015
PRJEB124417	DURANCE16S_RUN_15Bau1022Ch05A_durance1	DURANCE16S_EXP_15Bau1022Ch05A_durance1	DURANCE16S_15Bau1022Ch05A	durance1	prep1	1	15Bau1022Ch05A_durance1	ERR17752703	ERX17143246	15Bau1022Ch05A_S351_L001_R1_001.fastq.gz	f0b1f1aa7b3e4a293adf528cbcb60487	15Bau1022Ch05A_S351_L001_R2_001.fastq.gz	ff97885f36c909bcb6d82a18d2b45823	15Bau1022Ch05A	biological	gill metagenome	Bau	gill [UBERON:0002535]	2015
PRJEB124417	DURANCE16S_RUN_15Bau1022Ch05A_durance2	DURANCE16S_EXP_15Bau1022Ch05A_durance2	DURANCE16S_15Bau1022Ch05A	durance2	prep2	1	15Bau1022Ch05A_durance2	ERR17752706	ERX17143249	15Bau1022Ch05A_S351_L001_R1_001.fastq.gz	ab77ef2f7f6dc96ec4a1cfd79eda5915	15Bau1022Ch05A_S351_L001_R2_001.fastq.gz	6dc9aa54103bd7003fe02ae0f487ced4	15Bau1022Ch05A	biological	gill metagenome	Bau	gill [UBERON:0002535]	2015
PRJEB124417	DURANCE16S_RUN_15Bau1022Ch05A_durance3	DURANCE16S_EXP_15Bau1022Ch05A_durance3	DURANCE16S_15Bau1022Ch05A	durance3	prep2	2	15Bau1022Ch05A_durance3	ERR17752709	ERX17143252	15Bau1022Ch05A_S351_L001_R1_001.fastq.gz	2af62662a280b315fba71dcacdd04b42	15Bau1022Ch05A_S351_L001_R2_001.fastq.gz	09275ca1e98e1a5740551a4fd1337cbe	15Bau1022Ch05A	biological	gill metagenome	Bau	gill [UBERON:0002535]	2015
PRJEB124417	DURANCE16S_RUN_15Bau1023Ch01A_durance1	DURANCE16S_EXP_15Bau1023Ch01A_durance1	DURANCE16S_15Bau1023Ch01A	durance1	prep1	1	15Bau1023Ch01A_durance1	ERR17752708	ERX17143251	15Bau1023Ch01A_S171_L001_R1_001.fastq.gz	d85f6af1c21d393c62e44c661656d48b	15Bau1023Ch01A_S171_L001_R2_001.fastq.gz	3da2f9d90d0cd8bea44f52d413706357	15Bau1023Ch01A	biological	fish metagenome	Bau	caudal fin [UBERON:4000164]	2015
PRJEB124417	DURANCE16S_RUN_15Bau1023Ch01A_durance2	DURANCE16S_EXP_15Bau1023Ch01A_durance2	DURANCE16S_15Bau1023Ch01A	durance2	prep2	1	15Bau1023Ch01A_durance2	ERR17752712	ERX17143255	15Bau1023Ch01A_S171_L001_R1_001.fastq.gz	15e6140c21330bc83885ce0709296aed	15Bau1023Ch01A_S171_L001_R2_001.fastq.gz	a8a7c250eab4795d9978972da5dc62ca	15Bau1023Ch01A	biological	fish metagenome	Bau	caudal fin [UBERON:4000164]	2015
PRJEB124417	DURANCE16S_RUN_15Bau1023Ch01A_durance3	DURANCE16S_EXP_15Bau1023Ch01A_durance3	DURANCE16S_15Bau1023Ch01A	durance3	prep2	2	15Bau1023Ch01A_durance3	ERR17752710	ERX17143253	15Bau1023Ch01A_S171_L001_R1_001.fastq.gz	f84d295de0894ef8b57f41b2991f450f	15Bau1023Ch01A_S171_L001_R2_001.fastq.gz	15155a8f33aca52fb3221e890209afdf	15Bau1023Ch01A	biological	fish metagenome	Bau	caudal fin [UBERON:4000164]	2015
PRJEB124417	DURANCE16S_RUN_15Bau1023Ch02A_durance1	DURANCE16S_EXP_15Bau1023Ch02A_durance1	DURANCE16S_15Bau1023Ch02A	durance1	prep1	1	15Bau1023Ch02A_durance1	ERR17752713	ERX17143256	15Bau1023Ch02A_S747_L001_R1_001.fastq.gz	a2b2cb6545366cc800686078fbed6de9	15Bau1023Ch02A_S747_L001_R2_001.fastq.gz	50a6556e8c25daf8d201b43ff694ea9a	15Bau1023Ch02A	biological	fish gut metagenome	Bau	midgut [UBERON:0001045]	2015
PRJEB124417	DURANCE16S_RUN_15Bau1023Ch02A_durance2	DURANCE16S_EXP_15Bau1023Ch02A_durance2	DURANCE16S_15Bau1023Ch02A	durance2	prep2	1	15Bau1023Ch02A_durance2	ERR17752711	ERX17143254	15Bau1023Ch02A_S747_L001_R1_001.fastq.gz	a66a9f06b87c43b32ab4f0d9c814ad68	15Bau1023Ch02A_S747_L001_R2_001.fastq.gz	54b91a2fbbbb6777b002a2bdd2b6c70d	15Bau1023Ch02A	biological	fish gut metagenome	Bau	midgut [UBERON:0001045]	2015
PRJEB124417	DURANCE16S_RUN_15Bau1023Ch02A_durance3	DURANCE16S_EXP_15Bau1023Ch02A_durance3	DURANCE16S_15Bau1023Ch02A	durance3	prep2	2	15Bau1023Ch02A_durance3	ERR17752717	ERX17143260	15Bau1023Ch02A_S747_L001_R1_001.fastq.gz	ae65ba4913cca1ea6084d7da12228225	15Bau1023Ch02A_S747_L001_R2_001.fastq.gz	1873b95929c589141fc57692be333020	15Bau1023Ch02A	biological	fish gut metagenome	Bau	midgut [UBERON:0001045]	2015
PRJEB124417	DURANCE16S_RUN_15Bau1023Ch03A_durance1	DURANCE16S_EXP_15Bau1023Ch03A_durance1	DURANCE16S_15Bau1023Ch03A	durance1	prep1	1	15Bau1023Ch03A_durance1	ERR17752714	ERX17143257	15Bau1023Ch03A_S555_L001_R1_001.fastq.gz	2a8ea7f9edbd119e9a28e0547003bca5	15Bau1023Ch03A_S555_L001_R2_001.fastq.gz	03a5bc406b5ddb44b4dc91f3a17e1f32	15Bau1023Ch03A	biological	fish gut metagenome	Bau	hindgut [UBERON:0001046]	2015
PRJEB124417	DURANCE16S_RUN_15Bau1023Ch03A_durance2	DURANCE16S_EXP_15Bau1023Ch03A_durance2	DURANCE16S_15Bau1023Ch03A	durance2	prep2	1	15Bau1023Ch03A_durance2	ERR17752716	ERX17143259	15Bau1023Ch03A_S555_L001_R1_001.fastq.gz	9ca4a3f2bfb4b338e0905db5787b0e76	15Bau1023Ch03A_S555_L001_R2_001.fastq.gz	03b4a9860c9fb401d8f6b7c667c1d54d	15Bau1023Ch03A	biological	fish gut metagenome	Bau	hindgut [UBERON:0001046]	2015
PRJEB124417	DURANCE16S_RUN_15Bau1023Ch03A_durance3	DURANCE16S_EXP_15Bau1023Ch03A_durance3	DURANCE16S_15Bau1023Ch03A	durance3	prep2	2	15Bau1023Ch03A_durance3	ERR17752715	ERX17143258	15Bau1023Ch03A_S555_L001_R1_001.fastq.gz	8f010a2c5eed9364773c3ceeda167f56	15Bau1023Ch03A_S555_L001_R2_001.fastq.gz	c5866dc47cb9219a2a42a59cb25ef8d6	15Bau1023Ch03A	biological	fish gut metagenome	Bau	hindgut [UBERON:0001046]	2015
PRJEB124417	DURANCE16S_RUN_15Bau1023Ch05A_durance1	DURANCE16S_EXP_15Bau1023Ch05A_durance1	DURANCE16S_15Bau1023Ch05A	durance1	prep1	1	15Bau1023Ch05A_durance1	ERR17752718	ERX17143261	15Bau1023Ch05A_S363_L001_R1_001.fastq.gz	7579e0c7f1d94e64d11cb2b163b770ac	15Bau1023Ch05A_S363_L001_R2_001.fastq.gz	4fba97f60ea5d77e89ed73c13b7095e7	15Bau1023Ch05A	biological	gill metagenome	Bau	gill [UBERON:0002535]	2015
PRJEB124417	DURANCE16S_RUN_15Bau1023Ch05A_durance2	DURANCE16S_EXP_15Bau1023Ch05A_durance2	DURANCE16S_15Bau1023Ch05A	durance2	prep2	1	15Bau1023Ch05A_durance2	ERR17752719	ERX17143262	15Bau1023Ch05A_S363_L001_R1_001.fastq.gz	3efe6e907c3f7524878d2d8a815208fa	15Bau1023Ch05A_S363_L001_R2_001.fastq.gz	eeb6a8a2b27297c1a21d32b4349866d2	15Bau1023Ch05A	biological	gill metagenome	Bau	gill [UBERON:0002535]	2015
PRJEB124417	DURANCE16S_RUN_15Bau1023Ch05A_durance3	DURANCE16S_EXP_15Bau1023Ch05A_durance3	DURANCE16S_15Bau1023Ch05A	durance3	prep2	2	15Bau1023Ch05A_durance3	ERR17752721	ERX17143264	15Bau1023Ch05A_S363_L001_R1_001.fastq.gz	c6cb0bd01990d0f2a1ce0813664473b4	15Bau1023Ch05A_S363_L001_R2_001.fastq.gz	097f60cef8b7e2231cfd6f56bc248d55	15Bau1023Ch05A	biological	gill metagenome	Bau	gill [UBERON:0002535]	2015
PRJEB124417	DURANCE16S_RUN_15Bau1024Ch01A_durance1	DURANCE16S_EXP_15Bau1024Ch01A_durance1	DURANCE16S_15Bau1024Ch01A	durance1	prep1	1	15Bau1024Ch01A_durance1	ERR17752723	ERX17143266	15Bau1024Ch01A_S183_L001_R1_001.fastq.gz	98c27a4ee3b174b0a41e25b453e1c34c	15Bau1024Ch01A_S183_L001_R2_001.fastq.gz	2f402a004e877121c5ecd9129fc97341	15Bau1024Ch01A	biological	fish metagenome	Bau	caudal fin [UBERON:4000164]	2015
PRJEB124417	DURANCE16S_RUN_15Bau1024Ch01A_durance2	DURANCE16S_EXP_15Bau1024Ch01A_durance2	DURANCE16S_15Bau1024Ch01A	durance2	prep2	1	15Bau1024Ch01A_durance2	ERR17752724	ERX17143267	15Bau1024Ch01A_S183_L001_R1_001.fastq.gz	d7cff24ab6741d2ff30e2730ffea9813	15Bau1024Ch01A_S183_L001_R2_001.fastq.gz	c32f7ea20ed92d34b462db91e4b42761	15Bau1024Ch01A	biological	fish metagenome	Bau	caudal fin [UBERON:4000164]	2015
PRJEB124417	DURANCE16S_RUN_15Bau1024Ch01A_durance3	DURANCE16S_EXP_15Bau1024Ch01A_durance3	DURANCE16S_15Bau1024Ch01A	durance3	prep2	2	15Bau1024Ch01A_durance3	ERR17752725	ERX17143268	15Bau1024Ch01A_S183_L001_R1_001.fastq.gz	ebc117363b0568763440f771ebb447dc	15Bau1024Ch01A_S183_L001_R2_001.fastq.gz	a3e591f26a9b509e93f34087f2c9f9aa	15Bau1024Ch01A	biological	fish metagenome	Bau	caudal fin [UBERON:4000164]	2015
PRJEB124417	DURANCE16S_RUN_15Bau1024Ch02A_durance1	DURANCE16S_EXP_15Bau1024Ch02A_durance1	DURANCE16S_15Bau1024Ch02A	durance1	prep1	1	15Bau1024Ch02A_durance1	ERR17752722	ERX17143265	15Bau1024Ch02A_S759_L001_R1_001.fastq.gz	65c713878443b04557c6713e5d3e478a	15Bau1024Ch02A_S759_L001_R2_001.fastq.gz	a66c33c0e348f604748133b7ec72337b	15Bau1024Ch02A	biological	fish gut metagenome	Bau	midgut [UBERON:0001045]	2015
PRJEB124417	DURANCE16S_RUN_15Bau1024Ch02A_durance2	DURANCE16S_EXP_15Bau1024Ch02A_durance2	DURANCE16S_15Bau1024Ch02A	durance2	prep2	1	15Bau1024Ch02A_durance2	ERR17752720	ERX17143263	15Bau1024Ch02A_S759_L001_R1_001.fastq.gz	c56ee11603e3f548ec79e6830b362c27	15Bau1024Ch02A_S759_L001_R2_001.fastq.gz	b5d41f4a6b119ccf8a421a9bab505189	15Bau1024Ch02A	biological	fish gut metagenome	Bau	midgut [UBERON:0001045]	2015
PRJEB124417	DURANCE16S_RUN_15Bau1024Ch02A_durance3	DURANCE16S_EXP_15Bau1024Ch02A_durance3	DURANCE16S_15Bau1024Ch02A	durance3	prep2	2	15Bau1024Ch02A_durance3	ERR17752726	ERX17143269	15Bau1024Ch02A_S759_L001_R1_001.fastq.gz	069eecbe13a2602640b36fcf7f57a314	15Bau1024Ch02A_S759_L001_R2_001.fastq.gz	ca779fb49c178a143fcf73aee1b0a0e1	15Bau1024Ch02A	biological	fish gut metagenome	Bau	midgut [UBERON:0001045]	2015
PRJEB124417	DURANCE16S_RUN_15Bau1024Ch03A_durance1	DURANCE16S_EXP_15Bau1024Ch03A_durance1	DURANCE16S_15Bau1024Ch03A	durance1	prep1	1	15Bau1024Ch03A_durance1	ERR17752727	ERX17143270	15Bau1024Ch03A_S567_L001_R1_001.fastq.gz	f3805726c8ec340112f7342b3373ebc1	15Bau1024Ch03A_S567_L001_R2_001.fastq.gz	ccc3933c0915e259833b831444b12a95	15Bau1024Ch03A	biological	fish gut metagenome	Bau	hindgut [UBERON:0001046]	2015
PRJEB124417	DURANCE16S_RUN_15Bau1024Ch03A_durance2	DURANCE16S_EXP_15Bau1024Ch03A_durance2	DURANCE16S_15Bau1024Ch03A	durance2	prep2	1	15Bau1024Ch03A_durance2	ERR17752728	ERX17143271	15Bau1024Ch03A_S567_L001_R1_001.fastq.gz	01c497879d7102babb129e9c4ce85bc9	15Bau1024Ch03A_S567_L001_R2_001.fastq.gz	9468c51dedb0593a9b5c19632770daf2	15Bau1024Ch03A	biological	fish gut metagenome	Bau	hindgut [UBERON:0001046]	2015
PRJEB124417	DURANCE16S_RUN_15Bau1024Ch03A_durance3	DURANCE16S_EXP_15Bau1024Ch03A_durance3	DURANCE16S_15Bau1024Ch03A	durance3	prep2	2	15Bau1024Ch03A_durance3	ERR17752729	ERX17143272	15Bau1024Ch03A_S567_L001_R1_001.fastq.gz	c272932a07dee455bf37661de92443e0	15Bau1024Ch03A_S567_L001_R2_001.fastq.gz	83a07e40acd1736d6f353cac1cb91c94	15Bau1024Ch03A	biological	fish gut metagenome	Bau	hindgut [UBERON:0001046]	2015
PRJEB124417	DURANCE16S_RUN_15Bau1024Ch05A_durance1	DURANCE16S_EXP_15Bau1024Ch05A_durance1	DURANCE16S_15Bau1024Ch05A	durance1	prep1	1	15Bau1024Ch05A_durance1	ERR17752732	ERX17143275	15Bau1024Ch05A_S375_L001_R1_001.fastq.gz	ad5f3847518d9f7f7f1dd316946854a3	15Bau1024Ch05A_S375_L001_R2_001.fastq.gz	bcaeac5af14234c7a0a1d473b34dd0be	15Bau1024Ch05A	biological	gill metagenome	Bau	gill [UBERON:0002535]	2015
PRJEB124417	DURANCE16S_RUN_15Bau1024Ch05A_durance2	DURANCE16S_EXP_15Bau1024Ch05A_durance2	DURANCE16S_15Bau1024Ch05A	durance2	prep2	1	15Bau1024Ch05A_durance2	ERR17752733	ERX17143276	15Bau1024Ch05A_S375_L001_R1_001.fastq.gz	02c20751bc46c5b389d76f9619c1a186	15Bau1024Ch05A_S375_L001_R2_001.fastq.gz	af2c7e12f85e87d263704a1f3d9da5ea	15Bau1024Ch05A	biological	gill metagenome	Bau	gill [UBERON:0002535]	2015
PRJEB124417	DURANCE16S_RUN_15Bau1024Ch05A_durance3	DURANCE16S_EXP_15Bau1024Ch05A_durance3	DURANCE16S_15Bau1024Ch05A	durance3	prep2	2	15Bau1024Ch05A_durance3	ERR17752730	ERX17143273	15Bau1024Ch05A_S375_L001_R1_001.fastq.gz	14d163cecbe8361f2642f92330a5a1cc	15Bau1024Ch05A_S375_L001_R2_001.fastq.gz	c60c7e4673468cc2a6b4d627f90510a4	15Bau1024Ch05A	biological	gill metagenome	Bau	gill [UBERON:0002535]	2015
PRJEB124417	DURANCE16S_RUN_15Bau1025Ch01A_durance1	DURANCE16S_EXP_15Bau1025Ch01A_durance1	DURANCE16S_15Bau1025Ch01A	durance1	prep1	1	15Bau1025Ch01A_durance1	ERR17752734	ERX17143277	15Bau1025Ch01A_S100_L001_R1_001.fastq.gz	4a5b8f302923c99d11cbc99a19a7bcda	15Bau1025Ch01A_S100_L001_R2_001.fastq.gz	93dcb6a68111b864ba6f59e6b4c33c69	15Bau1025Ch01A	biological	fish metagenome	Bau	caudal fin [UBERON:4000164]	2015
PRJEB124417	DURANCE16S_RUN_15Bau1025Ch01A_durance2	DURANCE16S_EXP_15Bau1025Ch01A_durance2	DURANCE16S_15Bau1025Ch01A	durance2	prep2	1	15Bau1025Ch01A_durance2	ERR17752735	ERX17143278	15Bau1025Ch01A_S100_L001_R1_001.fastq.gz	c69c9d82f1a2822a312ecd78c2017974	15Bau1025Ch01A_S100_L001_R2_001.fastq.gz	496d1ce8ee991b68eaf856420f667dcd	15Bau1025Ch01A	biological	fish metagenome	Bau	caudal fin [UBERON:4000164]	2015
PRJEB124417	DURANCE16S_RUN_15Bau1025Ch01A_durance3	DURANCE16S_EXP_15Bau1025Ch01A_durance3	DURANCE16S_15Bau1025Ch01A	durance3	prep2	2	15Bau1025Ch01A_durance3	ERR17752739	ERX17143282	15Bau1025Ch01A_S100_L001_R1_001.fastq.gz	a5a4523915fe6412f50a4ae8190cbd69	15Bau1025Ch01A_S100_L001_R2_001.fastq.gz	9841dfba547ca3f7689c1b2284fc20b7	15Bau1025Ch01A	biological	fish metagenome	Bau	caudal fin [UBERON:4000164]	2015
PRJEB124417	DURANCE16S_RUN_15Bau1025Ch02A_durance1	DURANCE16S_EXP_15Bau1025Ch02A_durance1	DURANCE16S_15Bau1025Ch02A	durance1	prep1	1	15Bau1025Ch02A_durance1	ERR17752738	ERX17143281	15Bau1025Ch02A_S676_L001_R1_001.fastq.gz	29f484817e3e73c742d12d0c3c434554	15Bau1025Ch02A_S676_L001_R2_001.fastq.gz	b9fa24d2a1d8c6df05efa7630995807c	15Bau1025Ch02A	biological	fish gut metagenome	Bau	midgut [UBERON:0001045]	2015
PRJEB124417	DURANCE16S_RUN_15Bau1025Ch02A_durance2	DURANCE16S_EXP_15Bau1025Ch02A_durance2	DURANCE16S_15Bau1025Ch02A	durance2	prep2	1	15Bau1025Ch02A_durance2	ERR17752737	ERX17143280	15Bau1025Ch02A_S676_L001_R1_001.fastq.gz	bab02bb33c85cd1644acbd8c81b5a561	15Bau1025Ch02A_S676_L001_R2_001.fastq.gz	ff722d2ad73a01879be69468ffe81bfd	15Bau1025Ch02A	biological	fish gut metagenome	Bau	midgut [UBERON:0001045]	2015
PRJEB124417	DURANCE16S_RUN_15Bau1025Ch02A_durance3	DURANCE16S_EXP_15Bau1025Ch02A_durance3	DURANCE16S_15Bau1025Ch02A	durance3	prep2	2	15Bau1025Ch02A_durance3	ERR17752736	ERX17143279	15Bau1025Ch02A_S676_L001_R1_001.fastq.gz	fab3b0c3a5b16f02e7a82579eafd7b5b	15Bau1025Ch02A_S676_L001_R2_001.fastq.gz	3cee7e8c60142e5fe21154ad265ba333	15Bau1025Ch02A	biological	fish gut metagenome	Bau	midgut [UBERON:0001045]	2015
PRJEB124417	DURANCE16S_RUN_15Bau1025Ch03A_durance1	DURANCE16S_EXP_15Bau1025Ch03A_durance1	DURANCE16S_15Bau1025Ch03A	durance1	prep1	1	15Bau1025Ch03A_durance1	ERR17752741	ERX17143284	15Bau1025Ch03A_S484_L001_R1_001.fastq.gz	ea7dbc39405e8427c4c5c1d59c17a3e1	15Bau1025Ch03A_S484_L001_R2_001.fastq.gz	76b92b0cb3c3aaec435f1927a808b6b2	15Bau1025Ch03A	biological	fish gut metagenome	Bau	hindgut [UBERON:0001046]	2015
PRJEB124417	DURANCE16S_RUN_15Bau1025Ch03A_durance2	DURANCE16S_EXP_15Bau1025Ch03A_durance2	DURANCE16S_15Bau1025Ch03A	durance2	prep2	1	15Bau1025Ch03A_durance2	ERR17752740	ERX17143283	15Bau1025Ch03A_S484_L001_R1_001.fastq.gz	02d8ce5d62de04c075ee3674ee2b3323	15Bau1025Ch03A_S484_L001_R2_001.fastq.gz	76329a9a0a68886656dc14d8a462399d	15Bau1025Ch03A	biological	fish gut metagenome	Bau	hindgut [UBERON:0001046]	2015
PRJEB124417	DURANCE16S_RUN_15Bau1025Ch03A_durance3	DURANCE16S_EXP_15Bau1025Ch03A_durance3	DURANCE16S_15Bau1025Ch03A	durance3	prep2	2	15Bau1025Ch03A_durance3	ERR17752743	ERX17143286	15Bau1025Ch03A_S484_L001_R1_001.fastq.gz	db1d3809a4855b652b938ac4a9fc5441	15Bau1025Ch03A_S484_L001_R2_001.fastq.gz	aa79e22088f4a4991d8ff47e3444a53e	15Bau1025Ch03A	biological	fish gut metagenome	Bau	hindgut [UBERON:0001046]	2015
PRJEB124417	DURANCE16S_RUN_15Bau1025Ch05A_durance1	DURANCE16S_EXP_15Bau1025Ch05A_durance1	DURANCE16S_15Bau1025Ch05A	durance1	prep1	1	15Bau1025Ch05A_durance1	ERR17752744	ERX17143287	15Bau1025Ch05A_S292_L001_R1_001.fastq.gz	3411dcfb3dd3839b38e7c198c0204c95	15Bau1025Ch05A_S292_L001_R2_001.fastq.gz	648c6ebc5d75c5eda718dc0e77865810	15Bau1025Ch05A	biological	gill metagenome	Bau	gill [UBERON:0002535]	2015
PRJEB124417	DURANCE16S_RUN_15Bau1025Ch05A_durance2	DURANCE16S_EXP_15Bau1025Ch05A_durance2	DURANCE16S_15Bau1025Ch05A	durance2	prep2	1	15Bau1025Ch05A_durance2	ERR17752745	ERX17143288	15Bau1025Ch05A_S292_L001_R1_001.fastq.gz	f68a8f12ea09151caf8070addfced3c7	15Bau1025Ch05A_S292_L001_R2_001.fastq.gz	b7f97e40b953636b062aaa304cff7d04	15Bau1025Ch05A	biological	gill metagenome	Bau	gill [UBERON:0002535]	2015
PRJEB124417	DURANCE16S_RUN_15Bau1025Ch05A_durance3	DURANCE16S_EXP_15Bau1025Ch05A_durance3	DURANCE16S_15Bau1025Ch05A	durance3	prep2	2	15Bau1025Ch05A_durance3	ERR17752746	ERX17143289	15Bau1025Ch05A_S292_L001_R1_001.fastq.gz	33239294a886f1b0bd6a67e3c0134703	15Bau1025Ch05A_S292_L001_R2_001.fastq.gz	e268bd3a8f8cc38a5858e1e8eca80deb	15Bau1025Ch05A	biological	gill metagenome	Bau	gill [UBERON:0002535]	2015
PRJEB124417	DURANCE16S_RUN_15Bue1001Ch01A_durance1	DURANCE16S_EXP_15Bue1001Ch01A_durance1	DURANCE16S_15Bue1001Ch01A	durance1	prep1	1	15Bue1001Ch01A_durance1	ERR17752747	ERX17143290	15Bue1001Ch01A_S166_L001_R1_001.fastq.gz	5a4baf3b1325e15cf6dd31c5c68b7975	15Bue1001Ch01A_S166_L001_R2_001.fastq.gz	f0658c41b58d32310fb622ffd3f9b3b0	15Bue1001Ch01A	biological	fish metagenome	Bue	caudal fin [UBERON:4000164]	2015
PRJEB124417	DURANCE16S_RUN_15Bue1001Ch01A_durance2	DURANCE16S_EXP_15Bue1001Ch01A_durance2	DURANCE16S_15Bue1001Ch01A	durance2	prep2	1	15Bue1001Ch01A_durance2	ERR17752751	ERX17143294	15Bue1001Ch01A_S166_L001_R1_001.fastq.gz	909e21dda4ad310783abba56f9d30d79	15Bue1001Ch01A_S166_L001_R2_001.fastq.gz	291ff5c0fea77315cb7c69ca7ef3c8e5	15Bue1001Ch01A	biological	fish metagenome	Bue	caudal fin [UBERON:4000164]	2015
PRJEB124417	DURANCE16S_RUN_15Bue1001Ch01A_durance3	DURANCE16S_EXP_15Bue1001Ch01A_durance3	DURANCE16S_15Bue1001Ch01A	durance3	prep2	2	15Bue1001Ch01A_durance3	ERR17752752	ERX17143295	15Bue1001Ch01A_S166_L001_R1_001.fastq.gz	814d4b295d80d80018c80ebbabdfacb6	15Bue1001Ch01A_S166_L001_R2_001.fastq.gz	91db50ed58728eece3a4020d46800a96	15Bue1001Ch01A	biological	fish metagenome	Bue	caudal fin [UBERON:4000164]	2015
PRJEB124417	DURANCE16S_RUN_15Bue1001Ch02A_durance1	DURANCE16S_EXP_15Bue1001Ch02A_durance1	DURANCE16S_15Bue1001Ch02A	durance1	prep1	1	15Bue1001Ch02A_durance1	ERR17752749	ERX17143292	15Bue1001Ch02A_S742_L001_R1_001.fastq.gz	aa7a2a040a2e38a89b723bcca9bc8ad6	15Bue1001Ch02A_S742_L001_R2_001.fastq.gz	cdf145b5f99dc1f633f34b31824fb626	15Bue1001Ch02A	biological	fish gut metagenome	Bue	midgut [UBERON:0001045]	2015
PRJEB124417	DURANCE16S_RUN_15Bue1001Ch02A_durance2	DURANCE16S_EXP_15Bue1001Ch02A_durance2	DURANCE16S_15Bue1001Ch02A	durance2	prep2	1	15Bue1001Ch02A_durance2	ERR17752748	ERX17143291	15Bue1001Ch02A_S742_L001_R1_001.fastq.gz	d818798108874b6ad696ca0d09a35b5c	15Bue1001Ch02A_S742_L001_R2_001.fastq.gz	c72712a50ff2be425d208e3bcf042c5f	15Bue1001Ch02A	biological	fish gut metagenome	Bue	midgut [UBERON:0001045]	2015
PRJEB124417	DURANCE16S_RUN_15Bue1001Ch02A_durance3	DURANCE16S_EXP_15Bue1001Ch02A_durance3	DURANCE16S_15Bue1001Ch02A	durance3	prep2	2	15Bue1001Ch02A_durance3	ERR17752750	ERX17143293	15Bue1001Ch02A_S742_L001_R1_001.fastq.gz	453158d5a0e1badfd07a12d7345ec6a8	15Bue1001Ch02A_S742_L001_R2_001.fastq.gz	994f9674b2bce464929a9a3e5caa6b45	15Bue1001Ch02A	biological	fish gut metagenome	Bue	midgut [UBERON:0001045]	2015
PRJEB124417	DURANCE16S_RUN_15Bue1001Ch03A_durance1	DURANCE16S_EXP_15Bue1001Ch03A_durance1	DURANCE16S_15Bue1001Ch03A	durance1	prep1	1	15Bue1001Ch03A_durance1	ERR17752753	ERX17143296	15Bue1001Ch03A_S550_L001_R1_001.fastq.gz	6ae09b2e3a3a7b069c71b4770b55cee7	15Bue1001Ch03A_S550_L001_R2_001.fastq.gz	2528abd68548463e84f8178ddb264930	15Bue1001Ch03A	biological	fish gut metagenome	Bue	hindgut [UBERON:0001046]	2015
PRJEB124417	DURANCE16S_RUN_15Bue1001Ch03A_durance2	DURANCE16S_EXP_15Bue1001Ch03A_durance2	DURANCE16S_15Bue1001Ch03A	durance2	prep2	1	15Bue1001Ch03A_durance2	ERR17752754	ERX17143297	15Bue1001Ch03A_S550_L001_R1_001.fastq.gz	020ec0fd094d4ee0c96ab6ca38698038	15Bue1001Ch03A_S550_L001_R2_001.fastq.gz	26ae519be20036a9b75f68446349469c	15Bue1001Ch03A	biological	fish gut metagenome	Bue	hindgut [UBERON:0001046]	2015
PRJEB124417	DURANCE16S_RUN_15Bue1001Ch03A_durance3	DURANCE16S_EXP_15Bue1001Ch03A_durance3	DURANCE16S_15Bue1001Ch03A	durance3	prep2	2	15Bue1001Ch03A_durance3	ERR17752756	ERX17143299	15Bue1001Ch03A_S550_L001_R1_001.fastq.gz	452a9ee21c80e4fd4b4a5fcf240d0194	15Bue1001Ch03A_S550_L001_R2_001.fastq.gz	a18dc765cbf9eaf7eff72a5f4c02b67c	15Bue1001Ch03A	biological	fish gut metagenome	Bue	hindgut [UBERON:0001046]	2015
PRJEB124417	DURANCE16S_RUN_15Bue1001Ch05A_durance1	DURANCE16S_EXP_15Bue1001Ch05A_durance1	DURANCE16S_15Bue1001Ch05A	durance1	prep1	1	15Bue1001Ch05A_durance1	ERR17752755	ERX17143298	15Bue1001Ch05A_S358_L001_R1_001.fastq.gz	c49d14b54797b58b53e6ba05a5b83615	15Bue1001Ch05A_S358_L001_R2_001.fastq.gz	da21010824ad17dec796636b901de0a3	15Bue1001Ch05A	biological	gill metagenome	Bue	gill [UBERON:0002535]	2015
PRJEB124417	DURANCE16S_RUN_15Bue1001Ch05A_durance2	DURANCE16S_EXP_15Bue1001Ch05A_durance2	DURANCE16S_15Bue1001Ch05A	durance2	prep2	1	15Bue1001Ch05A_durance2	ERR17752758	ERX17143301	15Bue1001Ch05A_S358_L001_R1_001.fastq.gz	dee363d0de163c0886cc8b5f03bbd721	15Bue1001Ch05A_S358_L001_R2_001.fastq.gz	b13814963aaa6452e6c6cc2650d7395c	15Bue1001Ch05A	biological	gill metagenome	Bue	gill [UBERON:0002535]	2015
PRJEB124417	DURANCE16S_RUN_15Bue1001Ch05A_durance3	DURANCE16S_EXP_15Bue1001Ch05A_durance3	DURANCE16S_15Bue1001Ch05A	durance3	prep2	2	15Bue1001Ch05A_durance3	ERR17752760	ERX17143303	15Bue1001Ch05A_S358_L001_R1_001.fastq.gz	881b2e2f7273d35e5e59dc7ed0cfd48e	15Bue1001Ch05A_S358_L001_R2_001.fastq.gz	7a3ca90c5ef3aac23baef64e6e52049c	15Bue1001Ch05A	biological	gill metagenome	Bue	gill [UBERON:0002535]	2015
PRJEB124417	DURANCE16S_RUN_15Bue1002Ch01A_durance1	DURANCE16S_EXP_15Bue1002Ch01A_durance1	DURANCE16S_15Bue1002Ch01A	durance1	prep1	1	15Bue1002Ch01A_durance1	ERR17752757	ERX17143300	15Bue1002Ch01A_S178_L001_R1_001.fastq.gz	1750580cf052c7f33b3e0300fbc823b7	15Bue1002Ch01A_S178_L001_R2_001.fastq.gz	f800f93486848aed7afd99151cbcc55d	15Bue1002Ch01A	biological	fish metagenome	Bue	caudal fin [UBERON:4000164]	2015
PRJEB124417	DURANCE16S_RUN_15Bue1002Ch01A_durance2	DURANCE16S_EXP_15Bue1002Ch01A_durance2	DURANCE16S_15Bue1002Ch01A	durance2	prep2	1	15Bue1002Ch01A_durance2	ERR17752759	ERX17143302	15Bue1002Ch01A_S178_L001_R1_001.fastq.gz	3889db75f07189f2d3205ee23400ac0a	15Bue1002Ch01A_S178_L001_R2_001.fastq.gz	d79748eeaa7b511e00d26736fa7c862a	15Bue1002Ch01A	biological	fish metagenome	Bue	caudal fin [UBERON:4000164]	2015
PRJEB124417	DURANCE16S_RUN_15Bue1002Ch01A_durance3	DURANCE16S_EXP_15Bue1002Ch01A_durance3	DURANCE16S_15Bue1002Ch01A	durance3	prep2	2	15Bue1002Ch01A_durance3	ERR17752761	ERX17143304	15Bue1002Ch01A_S178_L001_R1_001.fastq.gz	11529d3857cd3f9b305f66e2105abc62	15Bue1002Ch01A_S178_L001_R2_001.fastq.gz	a1e85963ae3f84492765e551e824b6d3	15Bue1002Ch01A	biological	fish metagenome	Bue	caudal fin [UBERON:4000164]	2015
PRJEB124417	DURANCE16S_RUN_15Bue1002Ch02A_durance1	DURANCE16S_EXP_15Bue1002Ch02A_durance1	DURANCE16S_15Bue1002Ch02A	durance1	prep1	1	15Bue1002Ch02A_durance1	ERR17752762	ERX17143305	15Bue1002Ch02A_S754_L001_R1_001.fastq.gz	0b226731b184f441ff24949ca0e881af	15Bue1002Ch02A_S754_L001_R2_001.fastq.gz	0181d2e144ddb5bf1025d68e197879a6	15Bue1002Ch02A	biological	fish gut metagenome	Bue	midgut [UBERON:0001045]	2015
PRJEB124417	DURANCE16S_RUN_15Bue1002Ch02A_durance2	DURANCE16S_EXP_15Bue1002Ch02A_durance2	DURANCE16S_15Bue1002Ch02A	durance2	prep2	1	15Bue1002Ch02A_durance2	ERR17752763	ERX17143306	15Bue1002Ch02A_S754_L001_R1_001.fastq.gz	5700a68f6119fa42872e96fcac3d66c6	15Bue1002Ch02A_S754_L001_R2_001.fastq.gz	193bc8baf073b789f449623e8e872c71	15Bue1002Ch02A	biological	fish gut metagenome	Bue	midgut [UBERON:0001045]	2015
PRJEB124417	DURANCE16S_RUN_15Bue1002Ch02A_durance3	DURANCE16S_EXP_15Bue1002Ch02A_durance3	DURANCE16S_15Bue1002Ch02A	durance3	prep2	2	15Bue1002Ch02A_durance3	ERR17752764	ERX17143307	15Bue1002Ch02A_S754_L001_R1_001.fastq.gz	1113e1be297a06cd04ae4b69dd1f4ef6	15Bue1002Ch02A_S754_L001_R2_001.fastq.gz	af8ad91351ba6ba88267a1bb4fa48156	15Bue1002Ch02A	biological	fish gut metagenome	Bue	midgut [UBERON:0001045]	2015
PRJEB124417	DURANCE16S_RUN_15Bue1002Ch03A_durance1	DURANCE16S_EXP_15Bue1002Ch03A_durance1	DURANCE16S_15Bue1002Ch03A	durance1	prep1	1	15Bue1002Ch03A_durance1	ERR17752767	ERX17143310	15Bue1002Ch03A_S562_L001_R1_001.fastq.gz	03d1b4ab1373399defc42edd3508a776	15Bue1002Ch03A_S562_L001_R2_001.fastq.gz	375b69c9e9cbd521b77ca9f38fb61140	15Bue1002Ch03A	biological	fish gut metagenome	Bue	hindgut [UBERON:0001046]	2015
PRJEB124417	DURANCE16S_RUN_15Bue1002Ch03A_durance2	DURANCE16S_EXP_15Bue1002Ch03A_durance2	DURANCE16S_15Bue1002Ch03A	durance2	prep2	1	15Bue1002Ch03A_durance2	ERR17752765	ERX17143308	15Bue1002Ch03A_S562_L001_R1_001.fastq.gz	e37f7cfebc50af8f57ff3d375c34a7f4	15Bue1002Ch03A_S562_L001_R2_001.fastq.gz	209c15b7e43ac4fd28eb3a335587c98c	15Bue1002Ch03A	biological	fish gut metagenome	Bue	hindgut [UBERON:0001046]	2015
PRJEB124417	DURANCE16S_RUN_15Bue1002Ch03A_durance3	DURANCE16S_EXP_15Bue1002Ch03A_durance3	DURANCE16S_15Bue1002Ch03A	durance3	prep2	2	15Bue1002Ch03A_durance3	ERR17752768	ERX17143311	15Bue1002Ch03A_S562_L001_R1_001.fastq.gz	2286b8535b0206899431d61492762eb2	15Bue1002Ch03A_S562_L001_R2_001.fastq.gz	20edb27f7e3b7a2edddb61b5875be63f	15Bue1002Ch03A	biological	fish gut metagenome	Bue	hindgut [UBERON:0001046]	2015
PRJEB124417	DURANCE16S_RUN_15Bue1003Ch01A_durance1	DURANCE16S_EXP_15Bue1003Ch01A_durance1	DURANCE16S_15Bue1003Ch01A	durance1	prep1	1	15Bue1003Ch01A_durance1	ERR17752772	ERX17143315	15Bue1003Ch01A_S190_L001_R1_001.fastq.gz	0fe544c71ea12920ed63ed1ddf412749	15Bue1003Ch01A_S190_L001_R2_001.fastq.gz	a215078ef3bd6a9f0045e3b438613c85	15Bue1003Ch01A	biological	fish metagenome	Bue	caudal fin [UBERON:4000164]	2015
PRJEB124417	DURANCE16S_RUN_15Bue1003Ch01A_durance2	DURANCE16S_EXP_15Bue1003Ch01A_durance2	DURANCE16S_15Bue1003Ch01A	durance2	prep2	1	15Bue1003Ch01A_durance2	ERR17752773	ERX17143316	15Bue1003Ch01A_S190_L001_R1_001.fastq.gz	1ec5859d94212e5a4ff2c335ca3f10f6	15Bue1003Ch01A_S190_L001_R2_001.fastq.gz	bc69d17e40f59194b01f8e963004f1e5	15Bue1003Ch01A	biological	fish metagenome	Bue	caudal fin [UBERON:4000164]	2015
PRJEB124417	DURANCE16S_RUN_15Bue1003Ch01A_durance3	DURANCE16S_EXP_15Bue1003Ch01A_durance3	DURANCE16S_15Bue1003Ch01A	durance3	prep2	2	15Bue1003Ch01A_durance3	ERR17752774	ERX17143317	15Bue1003Ch01A_S190_L001_R1_001.fastq.gz	f48b1739711df7fa90a63653d8b414b6	15Bue1003Ch01A_S190_L001_R2_001.fastq.gz	cbc514b951519900ec96bc0765b7519c	15Bue1003Ch01A	biological	fish metagenome	Bue	caudal fin [UBERON:4000164]	2015
PRJEB124417	DURANCE16S_RUN_15Bue1003Ch02A_durance1	DURANCE16S_EXP_15Bue1003Ch02A_durance1	DURANCE16S_15Bue1003Ch02A	durance1	prep1	1	15Bue1003Ch02A_durance1	ERR17752776	ERX17143319	15Bue1003Ch02A_S766_L001_R1_001.fastq.gz	6d9212840c7f88ea1abfb69c26ccea39	15Bue1003Ch02A_S766_L001_R2_001.fastq.gz	aa9c6a5a37aa35b066577350850f14c2	15Bue1003Ch02A	biological	fish gut metagenome	Bue	midgut [UBERON:0001045]	2015
PRJEB124417	DURANCE16S_RUN_15Bue1003Ch02A_durance2	DURANCE16S_EXP_15Bue1003Ch02A_durance2	DURANCE16S_15Bue1003Ch02A	durance2	prep2	1	15Bue1003Ch02A_durance2	ERR17752775	ERX17143318	15Bue1003Ch02A_S766_L001_R1_001.fastq.gz	b42ff8f4cb6a60123156f0ace5b22dc4	15Bue1003Ch02A_S766_L001_R2_001.fastq.gz	512b9c8b685b462a3b16aa0a780781c6	15Bue1003Ch02A	biological	fish gut metagenome	Bue	midgut [UBERON:0001045]	2015
PRJEB124417	DURANCE16S_RUN_15Bue1003Ch02A_durance3	DURANCE16S_EXP_15Bue1003Ch02A_durance3	DURANCE16S_15Bue1003Ch02A	durance3	prep2	2	15Bue1003Ch02A_durance3	ERR17752777	ERX17143320	15Bue1003Ch02A_S766_L001_R1_001.fastq.gz	5660cd50f5fde3723571dd8053b77e86	15Bue1003Ch02A_S766_L001_R2_001.fastq.gz	6c3eac0074c4537b2b4e0d6c26f70c30	15Bue1003Ch02A	biological	fish gut metagenome	Bue	midgut [UBERON:0001045]	2015
PRJEB124417	DURANCE16S_RUN_15Bue1003Ch03A_durance1	DURANCE16S_EXP_15Bue1003Ch03A_durance1	DURANCE16S_15Bue1003Ch03A	durance1	prep1	1	15Bue1003Ch03A_durance1	ERR17752778	ERX17143321	15Bue1003Ch03A_S574_L001_R1_001.fastq.gz	6bc856af6893a97c32192b84d7c1501a	15Bue1003Ch03A_S574_L001_R2_001.fastq.gz	ba37bb425ad3ea68bf5e498573a5dd6c	15Bue1003Ch03A	biological	fish gut metagenome	Bue	hindgut [UBERON:0001046]	2015
PRJEB124417	DURANCE16S_RUN_15Bue1003Ch03A_durance2	DURANCE16S_EXP_15Bue1003Ch03A_durance2	DURANCE16S_15Bue1003Ch03A	durance2	prep2	1	15Bue1003Ch03A_durance2	ERR17752779	ERX17143322	15Bue1003Ch03A_S574_L001_R1_001.fastq.gz	2598ef0de4926074d133c0aeae6ec91c	15Bue1003Ch03A_S574_L001_R2_001.fastq.gz	cbbeab79cbecd2b4439f724fc4db3590	15Bue1003Ch03A	biological	fish gut metagenome	Bue	hindgut [UBERON:0001046]	2015
PRJEB124417	DURANCE16S_RUN_15Bue1003Ch03A_durance3	DURANCE16S_EXP_15Bue1003Ch03A_durance3	DURANCE16S_15Bue1003Ch03A	durance3	prep2	2	15Bue1003Ch03A_durance3	ERR17752780	ERX17143323	15Bue1003Ch03A_S574_L001_R1_001.fastq.gz	a8001d296ecd4edd5e63b5c115a90ea3	15Bue1003Ch03A_S574_L001_R2_001.fastq.gz	627c948116320618d8307f09f93c9d11	15Bue1003Ch03A	biological	fish gut metagenome	Bue	hindgut [UBERON:0001046]	2015
PRJEB124417	DURANCE16S_RUN_15Bue1004Ch01A_durance1	DURANCE16S_EXP_15Bue1004Ch01A_durance1	DURANCE16S_15Bue1004Ch01A	durance1	prep1	1	15Bue1004Ch01A_durance1	ERR17752782	ERX17143325	15Bue1004Ch01A_S107_L001_R1_001.fastq.gz	4d8a96e6686f9c664a79c488d86b31ce	15Bue1004Ch01A_S107_L001_R2_001.fastq.gz	177f90434a74eb9449e09d45ea1fc34d	15Bue1004Ch01A	biological	fish metagenome	Bue	caudal fin [UBERON:4000164]	2015
PRJEB124417	DURANCE16S_RUN_15Bue1004Ch01A_durance2	DURANCE16S_EXP_15Bue1004Ch01A_durance2	DURANCE16S_15Bue1004Ch01A	durance2	prep2	1	15Bue1004Ch01A_durance2	ERR17752785	ERX17143328	15Bue1004Ch01A_S107_L001_R1_001.fastq.gz	e1c19b4e250e2e4287743d8e20b15466	15Bue1004Ch01A_S107_L001_R2_001.fastq.gz	e09d627d167fd8b9d7d18007baa07fe9	15Bue1004Ch01A	biological	fish metagenome	Bue	caudal fin [UBERON:4000164]	2015
PRJEB124417	DURANCE16S_RUN_15Bue1004Ch01A_durance3	DURANCE16S_EXP_15Bue1004Ch01A_durance3	DURANCE16S_15Bue1004Ch01A	durance3	prep2	2	15Bue1004Ch01A_durance3	ERR17752787	ERX17143330	15Bue1004Ch01A_S107_L001_R1_001.fastq.gz	fef1b0b1f574b6674e214b8d4ba16132	15Bue1004Ch01A_S107_L001_R2_001.fastq.gz	46da5dea60ac150f77f0ab5537e5cf99	15Bue1004Ch01A	biological	fish metagenome	Bue	caudal fin [UBERON:4000164]	2015
PRJEB124417	DURANCE16S_RUN_15Bue1004Ch02A_durance1	DURANCE16S_EXP_15Bue1004Ch02A_durance1	DURANCE16S_15Bue1004Ch02A	durance1	prep1	1	15Bue1004Ch02A_durance1	ERR17752786	ERX17143329	15Bue1004Ch02A_S683_L001_R1_001.fastq.gz	fa8926a6285625ce873101a58cd2cfc5	15Bue1004Ch02A_S683_L001_R2_001.fastq.gz	151899a4fc9a695804f0da566d8d427a	15Bue1004Ch02A	biological	fish gut metagenome	Bue	midgut [UBERON:0001045]	2015
PRJEB124417	DURANCE16S_RUN_15Bue1004Ch02A_durance2	DURANCE16S_EXP_15Bue1004Ch02A_durance2	DURANCE16S_15Bue1004Ch02A	durance2	prep2	1	15Bue1004Ch02A_durance2	ERR17752788	ERX17143331	15Bue1004Ch02A_S683_L001_R1_001.fastq.gz	ef6f3f9b28946261a2daee74df4fc775	15Bue1004Ch02A_S683_L001_R2_001.fastq.gz	f2ba9158384475d36b30a6cf19eb2796	15Bue1004Ch02A	biological	fish gut metagenome	Bue	midgut [UBERON:0001045]	2015
PRJEB124417	DURANCE16S_RUN_15Bue1004Ch02A_durance3	DURANCE16S_EXP_15Bue1004Ch02A_durance3	DURANCE16S_15Bue1004Ch02A	durance3	prep2	2	15Bue1004Ch02A_durance3	ERR17752789	ERX17143332	15Bue1004Ch02A_S683_L001_R1_001.fastq.gz	5f44e476e7f08d5e815a2da2133488d6	15Bue1004Ch02A_S683_L001_R2_001.fastq.gz	7134b2241a8b36b61a0d7634de9adf5d	15Bue1004Ch02A	biological	fish gut metagenome	Bue	midgut [UBERON:0001045]	2015
PRJEB124417	DURANCE16S_RUN_15Bue1004Ch03A_durance1	DURANCE16S_EXP_15Bue1004Ch03A_durance1	DURANCE16S_15Bue1004Ch03A	durance1	prep1	1	15Bue1004Ch03A_durance1	ERR17752790	ERX17143333	15Bue1004Ch03A_S491_L001_R1_001.fastq.gz	c1ee521259f6f437bde196885563a1e0	15Bue1004Ch03A_S491_L001_R2_001.fastq.gz	5e1092c610a9291215902cc14be0aeef	15Bue1004Ch03A	biological	fish gut metagenome	Bue	hindgut [UBERON:0001046]	2015
PRJEB124417	DURANCE16S_RUN_15Bue1004Ch03A_durance2	DURANCE16S_EXP_15Bue1004Ch03A_durance2	DURANCE16S_15Bue1004Ch03A	durance2	prep2	1	15Bue1004Ch03A_durance2	ERR17752791	ERX17143334	15Bue1004Ch03A_S491_L001_R1_001.fastq.gz	dacd17375025e4a3aa9305c73f434a50	15Bue1004Ch03A_S491_L001_R2_001.fastq.gz	fb663e5e52535b3b9c1dbfdc94b50f9c	15Bue1004Ch03A	biological	fish gut metagenome	Bue	hindgut [UBERON:0001046]	2015
PRJEB124417	DURANCE16S_RUN_15Bue1004Ch03A_durance3	DURANCE16S_EXP_15Bue1004Ch03A_durance3	DURANCE16S_15Bue1004Ch03A	durance3	prep2	2	15Bue1004Ch03A_durance3	ERR17752792	ERX17143335	15Bue1004Ch03A_S491_L001_R1_001.fastq.gz	fcb1493abe32b925011eaf4a2dabc281	15Bue1004Ch03A_S491_L001_R2_001.fastq.gz	d618674f6ca674a4ff9d391560c4101a	15Bue1004Ch03A	biological	fish gut metagenome	Bue	hindgut [UBERON:0001046]	2015
PRJEB124417	DURANCE16S_RUN_15Bue1005Ch01A_durance1	DURANCE16S_EXP_15Bue1005Ch01A_durance1	DURANCE16S_15Bue1005Ch01A	durance1	prep1	1	15Bue1005Ch01A_durance1	ERR17752796	ERX17143339	15Bue1005Ch01A_S119_L001_R1_001.fastq.gz	bf3b9128725ae00974fc25f5e2f60a99	15Bue1005Ch01A_S119_L001_R2_001.fastq.gz	8efb8a721cf3ffaa647b6ada332a3a02	15Bue1005Ch01A	biological	fish metagenome	Bue	caudal fin [UBERON:4000164]	2015
PRJEB124417	DURANCE16S_RUN_15Bue1005Ch01A_durance2	DURANCE16S_EXP_15Bue1005Ch01A_durance2	DURANCE16S_15Bue1005Ch01A	durance2	prep2	1	15Bue1005Ch01A_durance2	ERR17752797	ERX17143340	15Bue1005Ch01A_S119_L001_R1_001.fastq.gz	a9973de5b09249e6c66369864816685e	15Bue1005Ch01A_S119_L001_R2_001.fastq.gz	c1ce102a3cbd1e563066deb36a7621e0	15Bue1005Ch01A	biological	fish metagenome	Bue	caudal fin [UBERON:4000164]	2015
PRJEB124417	DURANCE16S_RUN_15Bue1005Ch01A_durance3	DURANCE16S_EXP_15Bue1005Ch01A_durance3	DURANCE16S_15Bue1005Ch01A	durance3	prep2	2	15Bue1005Ch01A_durance3	ERR17752798	ERX17143341	15Bue1005Ch01A_S119_L001_R1_001.fastq.gz	6535f5f5d32a02246e3777f83b3f2a79	15Bue1005Ch01A_S119_L001_R2_001.fastq.gz	051e0ffc0287cf7805353e836f770b86	15Bue1005Ch01A	biological	fish metagenome	Bue	caudal fin [UBERON:4000164]	2015
PRJEB124417	DURANCE16S_RUN_15Bue1005Ch02A_durance1	DURANCE16S_EXP_15Bue1005Ch02A_durance1	DURANCE16S_15Bue1005Ch02A	durance1	prep1	1	15Bue1005Ch02A_durance1	ERR17752799	ERX17143342	15Bue1005Ch02A_S695_L001_R1_001.fastq.gz	b4df5e1cd34a3527a6f38aec6a985481	15Bue1005Ch02A_S695_L001_R2_001.fastq.gz	f20e581fe7cfd0451d3b8e938920b861	15Bue1005Ch02A	biological	fish gut metagenome	Bue	midgut [UBERON:0001045]	2015
PRJEB124417	DURANCE16S_RUN_15Bue1005Ch02A_durance2	DURANCE16S_EXP_15Bue1005Ch02A_durance2	DURANCE16S_15Bue1005Ch02A	durance2	prep2	1	15Bue1005Ch02A_durance2	ERR17752802	ERX17143345	15Bue1005Ch02A_S695_L001_R1_001.fastq.gz	8d1edfb14775fa61b20654e3733dff25	15Bue1005Ch02A_S695_L001_R2_001.fastq.gz	40cea47a17601952286c4c3c3d95628f	15Bue1005Ch02A	biological	fish gut metagenome	Bue	midgut [UBERON:0001045]	2015
PRJEB124417	DURANCE16S_RUN_15Bue1005Ch02A_durance3	DURANCE16S_EXP_15Bue1005Ch02A_durance3	DURANCE16S_15Bue1005Ch02A	durance3	prep2	2	15Bue1005Ch02A_durance3	ERR17752801	ERX17143344	15Bue1005Ch02A_S695_L001_R1_001.fastq.gz	d0183f012a6d483eff7127647d5ce188	15Bue1005Ch02A_S695_L001_R2_001.fastq.gz	6adcdf9b5ce3735ae14fe3c62b6efcfc	15Bue1005Ch02A	biological	fish gut metagenome	Bue	midgut [UBERON:0001045]	2015
PRJEB124417	DURANCE16S_RUN_15Bue1005Ch03A_durance1	DURANCE16S_EXP_15Bue1005Ch03A_durance1	DURANCE16S_15Bue1005Ch03A	durance1	prep1	1	15Bue1005Ch03A_durance1	ERR17752803	ERX17143346	15Bue1005Ch03A_S503_L001_R1_001.fastq.gz	fb33986a6444b4bae6607ad2f410e767	15Bue1005Ch03A_S503_L001_R2_001.fastq.gz	5328ea4b5d59968ac1277f8cddce0b98	15Bue1005Ch03A	biological	fish gut metagenome	Bue	hindgut [UBERON:0001046]	2015
PRJEB124417	DURANCE16S_RUN_15Bue1005Ch03A_durance2	DURANCE16S_EXP_15Bue1005Ch03A_durance2	DURANCE16S_15Bue1005Ch03A	durance2	prep2	1	15Bue1005Ch03A_durance2	ERR17752800	ERX17143343	15Bue1005Ch03A_S503_L001_R1_001.fastq.gz	b3e64bcb2c779ecd6f28d4d1fe00d726	15Bue1005Ch03A_S503_L001_R2_001.fastq.gz	bb3b11522e8b139649cffaa6cd663700	15Bue1005Ch03A	biological	fish gut metagenome	Bue	hindgut [UBERON:0001046]	2015
PRJEB124417	DURANCE16S_RUN_15Bue1005Ch03A_durance3	DURANCE16S_EXP_15Bue1005Ch03A_durance3	DURANCE16S_15Bue1005Ch03A	durance3	prep2	2	15Bue1005Ch03A_durance3	ERR17752804	ERX17143347	15Bue1005Ch03A_S503_L001_R1_001.fastq.gz	926b4aa6d5d69be98781cb8c263b6fba	15Bue1005Ch03A_S503_L001_R2_001.fastq.gz	6b75b1cd801fad906c33caee0aefd130	15Bue1005Ch03A	biological	fish gut metagenome	Bue	hindgut [UBERON:0001046]	2015
PRJEB124417	DURANCE16S_RUN_15Bue1006Ch01A_durance1	DURANCE16S_EXP_15Bue1006Ch01A_durance1	DURANCE16S_15Bue1006Ch01A	durance1	prep1	1	15Bue1006Ch01A_durance1	ERR17752807	ERX17143350	15Bue1006Ch01A_S131_L001_R1_001.fastq.gz	43af4220e455264d7881f8a272e46fb2	15Bue1006Ch01A_S131_L001_R2_001.fastq.gz	b8efffa92bc798f6274f533fd2a8f2ca	15Bue1006Ch01A	biological	fish metagenome	Bue	caudal fin [UBERON:4000164]	2015
PRJEB124417	DURANCE16S_RUN_15Bue1006Ch01A_durance2	DURANCE16S_EXP_15Bue1006Ch01A_durance2	DURANCE16S_15Bue1006Ch01A	durance2	prep2	1	15Bue1006Ch01A_durance2	ERR17752810	ERX17143353	15Bue1006Ch01A_S131_L001_R1_001.fastq.gz	b52ac26f172930b6de7b170ea866d2a6	15Bue1006Ch01A_S131_L001_R2_001.fastq.gz	ecb08affab26877069a574c19f711749	15Bue1006Ch01A	biological	fish metagenome	Bue	caudal fin [UBERON:4000164]	2015
PRJEB124417	DURANCE16S_RUN_15Bue1006Ch01A_durance3	DURANCE16S_EXP_15Bue1006Ch01A_durance3	DURANCE16S_15Bue1006Ch01A	durance3	prep2	2	15Bue1006Ch01A_durance3	ERR17752813	ERX17143356	15Bue1006Ch01A_S131_L001_R1_001.fastq.gz	1ead123e0a830f4f353f62255ba99008	15Bue1006Ch01A_S131_L001_R2_001.fastq.gz	05b07ca9c612c03752ce3516debf9c76	15Bue1006Ch01A	biological	fish metagenome	Bue	caudal fin [UBERON:4000164]	2015
PRJEB124417	DURANCE16S_RUN_15Bue1006Ch02A_durance1	DURANCE16S_EXP_15Bue1006Ch02A_durance1	DURANCE16S_15Bue1006Ch02A	durance1	prep1	1	15Bue1006Ch02A_durance1	ERR17752811	ERX17143354	15Bue1006Ch02A_S707_L001_R1_001.fastq.gz	357ae8d22f96829ab29789381bec4e62	15Bue1006Ch02A_S707_L001_R2_001.fastq.gz	b9be4e98dbdca3af1ec4c9e8582c92dc	15Bue1006Ch02A	biological	fish gut metagenome	Bue	midgut [UBERON:0001045]	2015
PRJEB124417	DURANCE16S_RUN_15Bue1006Ch02A_durance2	DURANCE16S_EXP_15Bue1006Ch02A_durance2	DURANCE16S_15Bue1006Ch02A	durance2	prep2	1	15Bue1006Ch02A_durance2	ERR17752812	ERX17143355	15Bue1006Ch02A_S707_L001_R1_001.fastq.gz	417a4a15783e0cfa0c68c9a0e8630993	15Bue1006Ch02A_S707_L001_R2_001.fastq.gz	7c46193e2354bc811191be651c002e87	15Bue1006Ch02A	biological	fish gut metagenome	Bue	midgut [UBERON:0001045]	2015
PRJEB124417	DURANCE16S_RUN_15Bue1006Ch02A_durance3	DURANCE16S_EXP_15Bue1006Ch02A_durance3	DURANCE16S_15Bue1006Ch02A	durance3	prep2	2	15Bue1006Ch02A_durance3	ERR17752809	ERX17143352	15Bue1006Ch02A_S707_L001_R1_001.fastq.gz	bc937f5745f7718ea180c11acf32d588	15Bue1006Ch02A_S707_L001_R2_001.fastq.gz	c0d5895034b62171450eb1bc9e0a5013	15Bue1006Ch02A	biological	fish gut metagenome	Bue	midgut [UBERON:0001045]	2015
PRJEB124417	DURANCE16S_RUN_15Bue1006Ch03A_durance1	DURANCE16S_EXP_15Bue1006Ch03A_durance1	DURANCE16S_15Bue1006Ch03A	durance1	prep1	1	15Bue1006Ch03A_durance1	ERR17752816	ERX17143359	15Bue1006Ch03A_S515_L001_R1_001.fastq.gz	2e5872a4f8bf0d55938cbf2c347b3593	15Bue1006Ch03A_S515_L001_R2_001.fastq.gz	2af636b1885e254f941a01209a58441a	15Bue1006Ch03A	biological	fish gut metagenome	Bue	hindgut [UBERON:0001046]	2015
PRJEB124417	DURANCE16S_RUN_15Bue1006Ch03A_durance2	DURANCE16S_EXP_15Bue1006Ch03A_durance2	DURANCE16S_15Bue1006Ch03A	durance2	prep2	1	15Bue1006Ch03A_durance2	ERR17752815	ERX17143358	15Bue1006Ch03A_S515_L001_R1_001.fastq.gz	edfbab36e9e067e20de188dc5d4c0e07	15Bue1006Ch03A_S515_L001_R2_001.fastq.gz	54b9811e807baaf135fea63589b86706	15Bue1006Ch03A	biological	fish gut metagenome	Bue	hindgut [UBERON:0001046]	2015
PRJEB124417	DURANCE16S_RUN_15Bue1006Ch03A_durance3	DURANCE16S_EXP_15Bue1006Ch03A_durance3	DURANCE16S_15Bue1006Ch03A	durance3	prep2	2	15Bue1006Ch03A_durance3	ERR17752814	ERX17143357	15Bue1006Ch03A_S515_L001_R1_001.fastq.gz	eaccef3907215248919dce0d109c53ed	15Bue1006Ch03A_S515_L001_R2_001.fastq.gz	37dadca2d4139e5c7ed8f935388c138d	15Bue1006Ch03A	biological	fish gut metagenome	Bue	hindgut [UBERON:0001046]	2015
PRJEB124417	DURANCE16S_RUN_15Bue1007Ch01A_durance1	DURANCE16S_EXP_15Bue1007Ch01A_durance1	DURANCE16S_15Bue1007Ch01A	durance1	prep1	1	15Bue1007Ch01A_durance1	ERR17752821	ERX17143364	15Bue1007Ch01A_S143_L001_R1_001.fastq.gz	537b735980771466ba8b1da740a50e24	15Bue1007Ch01A_S143_L001_R2_001.fastq.gz	4ce0fc78a7cb1cb94ca34b10116dfe20	15Bue1007Ch01A	biological	fish metagenome	Bue	caudal fin [UBERON:4000164]	2015
PRJEB124417	DURANCE16S_RUN_15Bue1007Ch01A_durance2	DURANCE16S_EXP_15Bue1007Ch01A_durance2	DURANCE16S_15Bue1007Ch01A	durance2	prep2	1	15Bue1007Ch01A_durance2	ERR17752817	ERX17143360	15Bue1007Ch01A_S143_L001_R1_001.fastq.gz	6dfb876b5d2d72b5ac941bc653706f6b	15Bue1007Ch01A_S143_L001_R2_001.fastq.gz	9bb790fbd0c0cdb4ebbfb24548eb355e	15Bue1007Ch01A	biological	fish metagenome	Bue	caudal fin [UBERON:4000164]	2015
PRJEB124417	DURANCE16S_RUN_15Bue1007Ch01A_durance3	DURANCE16S_EXP_15Bue1007Ch01A_durance3	DURANCE16S_15Bue1007Ch01A	durance3	prep2	2	15Bue1007Ch01A_durance3	ERR17752824	ERX17143367	15Bue1007Ch01A_S143_L001_R1_001.fastq.gz	a6faaca1c90b27bb838c4079985203a1	15Bue1007Ch01A_S143_L001_R2_001.fastq.gz	11c16b4ccbabb78ce8d2db353b2bb0c1	15Bue1007Ch01A	biological	fish metagenome	Bue	caudal fin [UBERON:4000164]	2015
PRJEB124417	DURANCE16S_RUN_15Bue1007Ch02A_durance1	DURANCE16S_EXP_15Bue1007Ch02A_durance1	DURANCE16S_15Bue1007Ch02A	durance1	prep1	1	15Bue1007Ch02A_durance1	ERR17752823	ERX17143366	15Bue1007Ch02A_S719_L001_R1_001.fastq.gz	1a922881d8ecaf95bccea0f6da0f97f2	15Bue1007Ch02A_S719_L001_R2_001.fastq.gz	dc68f2be5a40efc31987cb8e6cac30e1	15Bue1007Ch02A	biological	fish gut metagenome	Bue	midgut [UBERON:0001045]	2015
PRJEB124417	DURANCE16S_RUN_15Bue1007Ch02A_durance2	DURANCE16S_EXP_15Bue1007Ch02A_durance2	DURANCE16S_15Bue1007Ch02A	durance2	prep2	1	15Bue1007Ch02A_durance2	ERR17752822	ERX17143365	15Bue1007Ch02A_S719_L001_R1_001.fastq.gz	c06281222bd252f7f4e7849f46ad211d	15Bue1007Ch02A_S719_L001_R2_001.fastq.gz	25e35994e66f4222e1077ad6c9dbf9c7	15Bue1007Ch02A	biological	fish gut metagenome	Bue	midgut [UBERON:0001045]	2015
PRJEB124417	DURANCE16S_RUN_15Bue1007Ch02A_durance3	DURANCE16S_EXP_15Bue1007Ch02A_durance3	DURANCE16S_15Bue1007Ch02A	durance3	prep2	2	15Bue1007Ch02A_durance3	ERR17752825	ERX17143368	15Bue1007Ch02A_S719_L001_R1_001.fastq.gz	6fea08573d6184f42a71ea1880e652dc	15Bue1007Ch02A_S719_L001_R2_001.fastq.gz	c0d6adc4f12a0fd0201b567da709da42	15Bue1007Ch02A	biological	fish gut metagenome	Bue	midgut [UBERON:0001045]	2015
PRJEB124417	DURANCE16S_RUN_15Bue1007Ch03A_durance1	DURANCE16S_EXP_15Bue1007Ch03A_durance1	DURANCE16S_15Bue1007Ch03A	durance1	prep1	1	15Bue1007Ch03A_durance1	ERR17752826	ERX17143370	15Bue1007Ch03A_S527_L001_R1_001.fastq.gz	3ba358c053ab3470da7d8f2e28b29f76	15Bue1007Ch03A_S527_L001_R2_001.fastq.gz	3994d4133c7cd2411742ffa97abfda02	15Bue1007Ch03A	biological	fish gut metagenome	Bue	hindgut [UBERON:0001046]	2015
PRJEB124417	DURANCE16S_RUN_15Bue1007Ch03A_durance2	DURANCE16S_EXP_15Bue1007Ch03A_durance2	DURANCE16S_15Bue1007Ch03A	durance2	prep2	1	15Bue1007Ch03A_durance2	ERR17752827	ERX17143369	15Bue1007Ch03A_S527_L001_R1_001.fastq.gz	d55a47652bf0b39f6fd4e43fe4d780d0	15Bue1007Ch03A_S527_L001_R2_001.fastq.gz	1599c830d04a01727f159f31424e3405	15Bue1007Ch03A	biological	fish gut metagenome	Bue	hindgut [UBERON:0001046]	2015
PRJEB124417	DURANCE16S_RUN_15Bue1007Ch03A_durance3	DURANCE16S_EXP_15Bue1007Ch03A_durance3	DURANCE16S_15Bue1007Ch03A	durance3	prep2	2	15Bue1007Ch03A_durance3	ERR17752829	ERX17143372	15Bue1007Ch03A_S527_L001_R1_001.fastq.gz	592c7b463e190603348a2d264248fdde	15Bue1007Ch03A_S527_L001_R2_001.fastq.gz	9d5e0dd4dd0fccf728136fba6ed162a4	15Bue1007Ch03A	biological	fish gut metagenome	Bue	hindgut [UBERON:0001046]	2015
PRJEB124417	DURANCE16S_RUN_15Bue1008Ch01A_durance1	DURANCE16S_EXP_15Bue1008Ch01A_durance1	DURANCE16S_15Bue1008Ch01A	durance1	prep1	1	15Bue1008Ch01A_durance1	ERR17752833	ERX17143376	15Bue1008Ch01A_S155_L001_R1_001.fastq.gz	28a5551414e661216ead8390ff35a80f	15Bue1008Ch01A_S155_L001_R2_001.fastq.gz	dc4647fa83866c2838468066f4fe8446	15Bue1008Ch01A	biological	fish metagenome	Bue	caudal fin [UBERON:4000164]	2015
PRJEB124417	DURANCE16S_RUN_15Bue1008Ch01A_durance2	DURANCE16S_EXP_15Bue1008Ch01A_durance2	DURANCE16S_15Bue1008Ch01A	durance2	prep2	1	15Bue1008Ch01A_durance2	ERR17752831	ERX17143374	15Bue1008Ch01A_S155_L001_R1_001.fastq.gz	76a135dacf14f0333bbd4633595fc6ee	15Bue1008Ch01A_S155_L001_R2_001.fastq.gz	9ceb969c416ecb074126737a811296de	15Bue1008Ch01A	biological	fish metagenome	Bue	caudal fin [UBERON:4000164]	2015
PRJEB124417	DURANCE16S_RUN_15Bue1008Ch01A_durance3	DURANCE16S_EXP_15Bue1008Ch01A_durance3	DURANCE16S_15Bue1008Ch01A	durance3	prep2	2	15Bue1008Ch01A_durance3	ERR17752837	ERX17143380	15Bue1008Ch01A_S155_L001_R1_001.fastq.gz	0dc69121ab34fafbf1930006413f1e86	15Bue1008Ch01A_S155_L001_R2_001.fastq.gz	1c33da4f7133f35b378cee26d417e173	15Bue1008Ch01A	biological	fish metagenome	Bue	caudal fin [UBERON:4000164]	2015
PRJEB124417	DURANCE16S_RUN_15Bue1008Ch02A_durance1	DURANCE16S_EXP_15Bue1008Ch02A_durance1	DURANCE16S_15Bue1008Ch02A	durance1	prep1	1	15Bue1008Ch02A_durance1	ERR17752834	ERX17143377	15Bue1008Ch02A_S731_L001_R1_001.fastq.gz	f2cdcf85ebbd5f1e766820a110fd6495	15Bue1008Ch02A_S731_L001_R2_001.fastq.gz	728979b0097408d0839495a648d83c96	15Bue1008Ch02A	biological	fish gut metagenome	Bue	midgut [UBERON:0001045]	2015
PRJEB124417	DURANCE16S_RUN_15Bue1008Ch02A_durance2	DURANCE16S_EXP_15Bue1008Ch02A_durance2	DURANCE16S_15Bue1008Ch02A	durance2	prep2	1	15Bue1008Ch02A_durance2	ERR17752835	ERX17143378	15Bue1008Ch02A_S731_L001_R1_001.fastq.gz	a5acdbfe0f216d1473c3441e8a098cee	15Bue1008Ch02A_S731_L001_R2_001.fastq.gz	58af682ca6cda0516e64adaa3070dd31	15Bue1008Ch02A	biological	fish gut metagenome	Bue	midgut [UBERON:0001045]	2015
PRJEB124417	DURANCE16S_RUN_15Bue1008Ch02A_durance3	DURANCE16S_EXP_15Bue1008Ch02A_durance3	DURANCE16S_15Bue1008Ch02A	durance3	prep2	2	15Bue1008Ch02A_durance3	ERR17752836	ERX17143379	15Bue1008Ch02A_S731_L001_R1_001.fastq.gz	6d7d87c4edae53ca121a63c5ba31d8a8	15Bue1008Ch02A_S731_L001_R2_001.fastq.gz	1b32d5b4ae223b5aff8545884fe9e686	15Bue1008Ch02A	biological	fish gut metagenome	Bue	midgut [UBERON:0001045]	2015
PRJEB124417	DURANCE16S_RUN_15Bue1008Ch03A_durance1	DURANCE16S_EXP_15Bue1008Ch03A_durance1	DURANCE16S_15Bue1008Ch03A	durance1	prep1	1	15Bue1008Ch03A_durance1	ERR17752839	ERX17143382	15Bue1008Ch03A_S539_L001_R1_001.fastq.gz	1c131009d3d3749a91a85444d59c668b	15Bue1008Ch03A_S539_L001_R2_001.fastq.gz	4dd472cb5215e9c79dc36160e0abd0e9	15Bue1008Ch03A	biological	fish gut metagenome	Bue	hindgut [UBERON:0001046]	2015
PRJEB124417	DURANCE16S_RUN_15Bue1008Ch03A_durance2	DURANCE16S_EXP_15Bue1008Ch03A_durance2	DURANCE16S_15Bue1008Ch03A	durance2	prep2	1	15Bue1008Ch03A_durance2	ERR17752838	ERX17143381	15Bue1008Ch03A_S539_L001_R1_001.fastq.gz	cf69df269c9ad7e9eda1f937d137e105	15Bue1008Ch03A_S539_L001_R2_001.fastq.gz	9665680e0c24eb3c51d620d98dbb1f50	15Bue1008Ch03A	biological	fish gut metagenome	Bue	hindgut [UBERON:0001046]	2015
PRJEB124417	DURANCE16S_RUN_15Bue1008Ch03A_durance3	DURANCE16S_EXP_15Bue1008Ch03A_durance3	DURANCE16S_15Bue1008Ch03A	durance3	prep2	2	15Bue1008Ch03A_durance3	ERR17752840	ERX17143383	15Bue1008Ch03A_S539_L001_R1_001.fastq.gz	628cbf2799b467dade4889185fda38b3	15Bue1008Ch03A_S539_L001_R2_001.fastq.gz	e5f5e8dffcbfeb1dc1beed4570c2140f	15Bue1008Ch03A	biological	fish gut metagenome	Bue	hindgut [UBERON:0001046]	2015
PRJEB124417	DURANCE16S_RUN_15Bue1009Ch01A_durance1	DURANCE16S_EXP_15Bue1009Ch01A_durance1	DURANCE16S_15Bue1009Ch01A	durance1	prep1	1	15Bue1009Ch01A_durance1	ERR17752842	ERX17143385	15Bue1009Ch01A_S167_L001_R1_001.fastq.gz	73365429f4dc8cb6f371ee6498bbbfa5	15Bue1009Ch01A_S167_L001_R2_001.fastq.gz	fcedf6be45375b0780f4114a760b78cf	15Bue1009Ch01A	biological	fish metagenome	Bue	caudal fin [UBERON:4000164]	2015
PRJEB124417	DURANCE16S_RUN_15Bue1009Ch01A_durance2	DURANCE16S_EXP_15Bue1009Ch01A_durance2	DURANCE16S_15Bue1009Ch01A	durance2	prep2	1	15Bue1009Ch01A_durance2	ERR17752844	ERX17143387	15Bue1009Ch01A_S167_L001_R1_001.fastq.gz	bb093da8ca098fd14e28523ec88b45e9	15Bue1009Ch01A_S167_L001_R2_001.fastq.gz	8cb45f749d2846ced93725d47a2dede4	15Bue1009Ch01A	biological	fish metagenome	Bue	caudal fin [UBERON:4000164]	2015
PRJEB124417	DURANCE16S_RUN_15Bue1009Ch01A_durance3	DURANCE16S_EXP_15Bue1009Ch01A_durance3	DURANCE16S_15Bue1009Ch01A	durance3	prep2	2	15Bue1009Ch01A_durance3	ERR17752846	ERX17143389	15Bue1009Ch01A_S167_L001_R1_001.fastq.gz	5c5c2ae7bd9ac23f013f1c9c2f237cac	15Bue1009Ch01A_S167_L001_R2_001.fastq.gz	0471fea5afaa530deb58a3516112382b	15Bue1009Ch01A	biological	fish metagenome	Bue	caudal fin [UBERON:4000164]	2015
PRJEB124417	DURANCE16S_RUN_15Bue1009Ch02A_durance1	DURANCE16S_EXP_15Bue1009Ch02A_durance1	DURANCE16S_15Bue1009Ch02A	durance1	prep1	1	15Bue1009Ch02A_durance1	ERR17752848	ERX17143391	15Bue1009Ch02A_S743_L001_R1_001.fastq.gz	7db445409340b6368332ad36fd2d8b35	15Bue1009Ch02A_S743_L001_R2_001.fastq.gz	a564a0da57581cf68aca08a54e99b18e	15Bue1009Ch02A	biological	fish gut metagenome	Bue	midgut [UBERON:0001045]	2015
PRJEB124417	DURANCE16S_RUN_15Bue1009Ch02A_durance2	DURANCE16S_EXP_15Bue1009Ch02A_durance2	DURANCE16S_15Bue1009Ch02A	durance2	prep2	1	15Bue1009Ch02A_durance2	ERR17752849	ERX17143392	15Bue1009Ch02A_S743_L001_R1_001.fastq.gz	fbdd9a680f2ec1bbb99be73e49669739	15Bue1009Ch02A_S743_L001_R2_001.fastq.gz	cdfbaa359d2716d351a604a5d8f3d288	15Bue1009Ch02A	biological	fish gut metagenome	Bue	midgut [UBERON:0001045]	2015
PRJEB124417	DURANCE16S_RUN_15Bue1009Ch02A_durance3	DURANCE16S_EXP_15Bue1009Ch02A_durance3	DURANCE16S_15Bue1009Ch02A	durance3	prep2	2	15Bue1009Ch02A_durance3	ERR17752847	ERX17143390	15Bue1009Ch02A_S743_L001_R1_001.fastq.gz	bbc91df41cfc0eda25c86309c50bd781	15Bue1009Ch02A_S743_L001_R2_001.fastq.gz	3707362119593cf5e75ccd2425023c36	15Bue1009Ch02A	biological	fish gut metagenome	Bue	midgut [UBERON:0001045]	2015
PRJEB124417	DURANCE16S_RUN_15Bue1009Ch03A_durance1	DURANCE16S_EXP_15Bue1009Ch03A_durance1	DURANCE16S_15Bue1009Ch03A	durance1	prep1	1	15Bue1009Ch03A_durance1	ERR17752850	ERX17143393	15Bue1009Ch03A_S551_L001_R1_001.fastq.gz	454c043eabeaeeb14477c4c67593fcd9	15Bue1009Ch03A_S551_L001_R2_001.fastq.gz	b37391c88e64e2d2f2c57050dd5361e7	15Bue1009Ch03A	biological	fish gut metagenome	Bue	hindgut [UBERON:0001046]	2015
PRJEB124417	DURANCE16S_RUN_15Bue1009Ch03A_durance2	DURANCE16S_EXP_15Bue1009Ch03A_durance2	DURANCE16S_15Bue1009Ch03A	durance2	prep2	1	15Bue1009Ch03A_durance2	ERR17752852	ERX17143395	15Bue1009Ch03A_S551_L001_R1_001.fastq.gz	e72155b26653af5fc13e92cbf861c500	15Bue1009Ch03A_S551_L001_R2_001.fastq.gz	08fdab49de74d5ce15c249f96b2aa8c2	15Bue1009Ch03A	biological	fish gut metagenome	Bue	hindgut [UBERON:0001046]	2015
PRJEB124417	DURANCE16S_RUN_15Bue1009Ch03A_durance3	DURANCE16S_EXP_15Bue1009Ch03A_durance3	DURANCE16S_15Bue1009Ch03A	durance3	prep2	2	15Bue1009Ch03A_durance3	ERR17752851	ERX17143394	15Bue1009Ch03A_S551_L001_R1_001.fastq.gz	0405fcd9a5bff81eb78bde498b503a60	15Bue1009Ch03A_S551_L001_R2_001.fastq.gz	c5d13e110bce31fa1efb0f7bcdf6a742	15Bue1009Ch03A	biological	fish gut metagenome	Bue	hindgut [UBERON:0001046]	2015
PRJEB124417	DURANCE16S_RUN_15Bue1010Ch01A_durance1	DURANCE16S_EXP_15Bue1010Ch01A_durance1	DURANCE16S_15Bue1010Ch01A	durance1	prep1	1	15Bue1010Ch01A_durance1	ERR17752855	ERX17143398	15Bue1010Ch01A_S179_L001_R1_001.fastq.gz	ffb2fa802d56a0839cb0219eb4e4ea1c	15Bue1010Ch01A_S179_L001_R2_001.fastq.gz	55feb9d95b066436aa0ed68fe6d98508	15Bue1010Ch01A	biological	fish metagenome	Bue	caudal fin [UBERON:4000164]	2015
PRJEB124417	DURANCE16S_RUN_15Bue1010Ch01A_durance2	DURANCE16S_EXP_15Bue1010Ch01A_durance2	DURANCE16S_15Bue1010Ch01A	durance2	prep2	1	15Bue1010Ch01A_durance2	ERR17752857	ERX17143400	15Bue1010Ch01A_S179_L001_R1_001.fastq.gz	eb576590e9ce33f7577ea9c4aad5e47f	15Bue1010Ch01A_S179_L001_R2_001.fastq.gz	101f55952f770e852ece8410a349f2bd	15Bue1010Ch01A	biological	fish metagenome	Bue	caudal fin [UBERON:4000164]	2015
PRJEB124417	DURANCE16S_RUN_15Bue1010Ch01A_durance3	DURANCE16S_EXP_15Bue1010Ch01A_durance3	DURANCE16S_15Bue1010Ch01A	durance3	prep2	2	15Bue1010Ch01A_durance3	ERR17752858	ERX17143401	15Bue1010Ch01A_S179_L001_R1_001.fastq.gz	d489cac6152c10c012517c17c1a454f3	15Bue1010Ch01A_S179_L001_R2_001.fastq.gz	3c7868bebc6d88aeef70bd8d88967d63	15Bue1010Ch01A	biological	fish metagenome	Bue	caudal fin [UBERON:4000164]	2015
PRJEB124417	DURANCE16S_RUN_15Bue1010Ch02A_durance1	DURANCE16S_EXP_15Bue1010Ch02A_durance1	DURANCE16S_15Bue1010Ch02A	durance1	prep1	1	15Bue1010Ch02A_durance1	ERR17752859	ERX17143402	15Bue1010Ch02A_S755_L001_R1_001.fastq.gz	d1246bd5f51bca9de2ef8ac967434d5e	15Bue1010Ch02A_S755_L001_R2_001.fastq.gz	3af3cc382e1b28f38c1494395817d187	15Bue1010Ch02A	biological	fish gut metagenome	Bue	midgut [UBERON:0001045]	2015
PRJEB124417	DURANCE16S_RUN_15Bue1010Ch02A_durance2	DURANCE16S_EXP_15Bue1010Ch02A_durance2	DURANCE16S_15Bue1010Ch02A	durance2	prep2	1	15Bue1010Ch02A_durance2	ERR17752860	ERX17143403	15Bue1010Ch02A_S755_L001_R1_001.fastq.gz	9b1a73f47d9e4e394d65b30775699fca	15Bue1010Ch02A_S755_L001_R2_001.fastq.gz	5556603f57f3b746d194da91e7f2e643	15Bue1010Ch02A	biological	fish gut metagenome	Bue	midgut [UBERON:0001045]	2015
PRJEB124417	DURANCE16S_RUN_15Bue1010Ch02A_durance3	DURANCE16S_EXP_15Bue1010Ch02A_durance3	DURANCE16S_15Bue1010Ch02A	durance3	prep2	2	15Bue1010Ch02A_durance3	ERR17752861	ERX17143404	15Bue1010Ch02A_S755_L001_R1_001.fastq.gz	bd57eec42a0f39f03d29fc4b5e8a5911	15Bue1010Ch02A_S755_L001_R2_001.fastq.gz	c5926b8d5a8df78a96f2f8ff045778e5	15Bue1010Ch02A	biological	fish gut metagenome	Bue	midgut [UBERON:0001045]	2015
PRJEB124417	DURANCE16S_RUN_15Bue1010Ch03A_durance1	DURANCE16S_EXP_15Bue1010Ch03A_durance1	DURANCE16S_15Bue1010Ch03A	durance1	prep1	1	15Bue1010Ch03A_durance1	ERR17752862	ERX17143405	15Bue1010Ch03A_S563_L001_R1_001.fastq.gz	7b2f92ca017d9a47eb2311f63065ec3b	15Bue1010Ch03A_S563_L001_R2_001.fastq.gz	fb9ac0d46f329e0ec3c84bd10aabc3a0	15Bue1010Ch03A	biological	fish gut metagenome	Bue	hindgut [UBERON:0001046]	2015
PRJEB124417	DURANCE16S_RUN_15Bue1010Ch03A_durance2	DURANCE16S_EXP_15Bue1010Ch03A_durance2	DURANCE16S_15Bue1010Ch03A	durance2	prep2	1	15Bue1010Ch03A_durance2	ERR17752863	ERX17143406	15Bue1010Ch03A_S563_L001_R1_001.fastq.gz	ee0dcc21d319fe3efb4ea0113f2c164c	15Bue1010Ch03A_S563_L001_R2_001.fastq.gz	98fd7c12073801e92c310963f46a42d8	15Bue1010Ch03A	biological	fish gut metagenome	Bue	hindgut [UBERON:0001046]	2015
PRJEB124417	DURANCE16S_RUN_15Bue1010Ch03A_durance3	DURANCE16S_EXP_15Bue1010Ch03A_durance3	DURANCE16S_15Bue1010Ch03A	durance3	prep2	2	15Bue1010Ch03A_durance3	ERR17752864	ERX17143407	15Bue1010Ch03A_S563_L001_R1_001.fastq.gz	af1369ed6c7783c81bc038767354144a	15Bue1010Ch03A_S563_L001_R2_001.fastq.gz	0c63dff9bca07a0cbc0a9c069f5a2b8b	15Bue1010Ch03A	biological	fish gut metagenome	Bue	hindgut [UBERON:0001046]	2015
PRJEB124417	DURANCE16S_RUN_15Bue1011Ch01A_durance1	DURANCE16S_EXP_15Bue1011Ch01A_durance1	DURANCE16S_15Bue1011Ch01A	durance1	prep1	1	15Bue1011Ch01A_durance1	ERR17752868	ERX17143411	15Bue1011Ch01A_S191_L001_R1_001.fastq.gz	8713e34b63484fbb3c6c075c526ee334	15Bue1011Ch01A_S191_L001_R2_001.fastq.gz	91e8720fa7a5697d59431cd1cbcf02a2	15Bue1011Ch01A	biological	fish metagenome	Bue	caudal fin [UBERON:4000164]	2015
PRJEB124417	DURANCE16S_RUN_15Bue1011Ch01A_durance2	DURANCE16S_EXP_15Bue1011Ch01A_durance2	DURANCE16S_15Bue1011Ch01A	durance2	prep2	1	15Bue1011Ch01A_durance2	ERR17752869	ERX17143412	15Bue1011Ch01A_S191_L001_R1_001.fastq.gz	facc9dea3824c6efdbff7e7e317db027	15Bue1011Ch01A_S191_L001_R2_001.fastq.gz	40874fc06087d54bb4dbff7bdce12c96	15Bue1011Ch01A	biological	fish metagenome	Bue	caudal fin [UBERON:4000164]	2015
PRJEB124417	DURANCE16S_RUN_15Bue1011Ch01A_durance3	DURANCE16S_EXP_15Bue1011Ch01A_durance3	DURANCE16S_15Bue1011Ch01A	durance3	prep2	2	15Bue1011Ch01A_durance3	ERR17752870	ERX17143413	15Bue1011Ch01A_S191_L001_R1_001.fastq.gz	1e139096297de5752e1c6cb9e6481b70	15Bue1011Ch01A_S191_L001_R2_001.fastq.gz	41c75bde9e5c2b61d40a02591ad94086	15Bue1011Ch01A	biological	fish metagenome	Bue	caudal fin [UBERON:4000164]	2015
PRJEB124417	DURANCE16S_RUN_15Bue1011Ch02A_durance1	DURANCE16S_EXP_15Bue1011Ch02A_durance1	DURANCE16S_15Bue1011Ch02A	durance1	prep1	1	15Bue1011Ch02A_durance1	ERR17752871	ERX17143414	15Bue1011Ch02A_S767_L001_R1_001.fastq.gz	c3d3572b2e3ff1e163f167cc184d9132	15Bue1011Ch02A_S767_L001_R2_001.fastq.gz	ca29fe7c3deb63741228c00f75a979d9	15Bue1011Ch02A	biological	fish gut metagenome	Bue	midgut [UBERON:0001045]	2015
PRJEB124417	DURANCE16S_RUN_15Bue1011Ch02A_durance2	DURANCE16S_EXP_15Bue1011Ch02A_durance2	DURANCE16S_15Bue1011Ch02A	durance2	prep2	1	15Bue1011Ch02A_durance2	ERR17752872	ERX17143415	15Bue1011Ch02A_S767_L001_R1_001.fastq.gz	433c1b75c34b4cd6fd0e491d76f987d6	15Bue1011Ch02A_S767_L001_R2_001.fastq.gz	355b3e4af0509426319705d2f8d440f1	15Bue1011Ch02A	biological	fish gut metagenome	Bue	midgut [UBERON:0001045]	2015
PRJEB124417	DURANCE16S_RUN_15Bue1011Ch02A_durance3	DURANCE16S_EXP_15Bue1011Ch02A_durance3	DURANCE16S_15Bue1011Ch02A	durance3	prep2	2	15Bue1011Ch02A_durance3	ERR17752874	ERX17143417	15Bue1011Ch02A_S767_L001_R1_001.fastq.gz	802ed051f84234386c852829a47869bd	15Bue1011Ch02A_S767_L001_R2_001.fastq.gz	7e7eb2f1f964ec3f24f63e9bf364ee85	15Bue1011Ch02A	biological	fish gut metagenome	Bue	midgut [UBERON:0001045]	2015
PRJEB124417	DURANCE16S_RUN_15Bue1011Ch03A_durance1	DURANCE16S_EXP_15Bue1011Ch03A_durance1	DURANCE16S_15Bue1011Ch03A	durance1	prep1	1	15Bue1011Ch03A_durance1	ERR17752873	ERX17143416	15Bue1011Ch03A_S575_L001_R1_001.fastq.gz	c550d51581e2ad0cbfe4260f019a969c	15Bue1011Ch03A_S575_L001_R2_001.fastq.gz	4be538e5dcea0c8f996db9332edb088d	15Bue1011Ch03A	biological	fish gut metagenome	Bue	hindgut [UBERON:0001046]	2015
PRJEB124417	DURANCE16S_RUN_15Bue1011Ch03A_durance2	DURANCE16S_EXP_15Bue1011Ch03A_durance2	DURANCE16S_15Bue1011Ch03A	durance2	prep2	1	15Bue1011Ch03A_durance2	ERR17752875	ERX17143418	15Bue1011Ch03A_S575_L001_R1_001.fastq.gz	5a970f526af4d31ec155a5e7125cc328	15Bue1011Ch03A_S575_L001_R2_001.fastq.gz	239ca9c4149a89fa0acf962214a1801a	15Bue1011Ch03A	biological	fish gut metagenome	Bue	hindgut [UBERON:0001046]	2015
PRJEB124417	DURANCE16S_RUN_15Bue1011Ch03A_durance3	DURANCE16S_EXP_15Bue1011Ch03A_durance3	DURANCE16S_15Bue1011Ch03A	durance3	prep2	2	15Bue1011Ch03A_durance3	ERR17752876	ERX17143419	15Bue1011Ch03A_S575_L001_R1_001.fastq.gz	413dc4531e4214154946420d4cb525ec	15Bue1011Ch03A_S575_L001_R2_001.fastq.gz	3785db9ec1b27f95bf711c0c7e62f7e4	15Bue1011Ch03A	biological	fish gut metagenome	Bue	hindgut [UBERON:0001046]	2015
PRJEB124417	DURANCE16S_RUN_15Bue1012Ch01A_durance1	DURANCE16S_EXP_15Bue1012Ch01A_durance1	DURANCE16S_15Bue1012Ch01A	durance1	prep1	1	15Bue1012Ch01A_durance1	ERR17752880	ERX17143423	15Bue1012Ch01A_S108_L001_R1_001.fastq.gz	d0553f44460113b19d96d4882a895b8e	15Bue1012Ch01A_S108_L001_R2_001.fastq.gz	2f84995f7133f112adb854d072b0bb81	15Bue1012Ch01A	biological	fish metagenome	Bue	caudal fin [UBERON:4000164]	2015
PRJEB124417	DURANCE16S_RUN_15Bue1012Ch01A_durance2	DURANCE16S_EXP_15Bue1012Ch01A_durance2	DURANCE16S_15Bue1012Ch01A	durance2	prep2	1	15Bue1012Ch01A_durance2	ERR17752882	ERX17143425	15Bue1012Ch01A_S108_L001_R1_001.fastq.gz	b53911d9899232b4c92909804e37f3ad	15Bue1012Ch01A_S108_L001_R2_001.fastq.gz	4d817202a02a32a81873bf02bd17cc26	15Bue1012Ch01A	biological	fish metagenome	Bue	caudal fin [UBERON:4000164]	2015
PRJEB124417	DURANCE16S_RUN_15Bue1012Ch01A_durance3	DURANCE16S_EXP_15Bue1012Ch01A_durance3	DURANCE16S_15Bue1012Ch01A	durance3	prep2	2	15Bue1012Ch01A_durance3	ERR17752883	ERX17143426	15Bue1012Ch01A_S108_L001_R1_001.fastq.gz	dd766bfac25bb928e61edc697ba14038	15Bue1012Ch01A_S108_L001_R2_001.fastq.gz	8a0d836e53888002a3a13f368804226b	15Bue1012Ch01A	biological	fish metagenome	Bue	caudal fin [UBERON:4000164]	2015
PRJEB124417	DURANCE16S_RUN_15Bue1012Ch02A_durance1	DURANCE16S_EXP_15Bue1012Ch02A_durance1	DURANCE16S_15Bue1012Ch02A	durance1	prep1	1	15Bue1012Ch02A_durance1	ERR17752884	ERX17143427	15Bue1012Ch02A_S684_L001_R1_001.fastq.gz	ce97029a94885c65618500a4492856c9	15Bue1012Ch02A_S684_L001_R2_001.fastq.gz	bc781b6d746a1429d7e5e0d8adedb761	15Bue1012Ch02A	biological	fish gut metagenome	Bue	midgut [UBERON:0001045]	2015
PRJEB124417	DURANCE16S_RUN_15Bue1012Ch02A_durance2	DURANCE16S_EXP_15Bue1012Ch02A_durance2	DURANCE16S_15Bue1012Ch02A	durance2	prep2	1	15Bue1012Ch02A_durance2	ERR17752881	ERX17143424	15Bue1012Ch02A_S684_L001_R1_001.fastq.gz	a89a90982496f4b2883ac8f1b087fbb5	15Bue1012Ch02A_S684_L001_R2_001.fastq.gz	37b71925be979339bf3682d784bf816f	15Bue1012Ch02A	biological	fish gut metagenome	Bue	midgut [UBERON:0001045]	2015
PRJEB124417	DURANCE16S_RUN_15Bue1012Ch02A_durance3	DURANCE16S_EXP_15Bue1012Ch02A_durance3	DURANCE16S_15Bue1012Ch02A	durance3	prep2	2	15Bue1012Ch02A_durance3	ERR17752885	ERX17143428	15Bue1012Ch02A_S684_L001_R1_001.fastq.gz	704bf2a216cc577ba666f0bb477e2bd0	15Bue1012Ch02A_S684_L001_R2_001.fastq.gz	262569be2c88cf268445b10a45cf1697	15Bue1012Ch02A	biological	fish gut metagenome	Bue	midgut [UBERON:0001045]	2015
PRJEB124417	DURANCE16S_RUN_15Bue1012Ch03A_durance1	DURANCE16S_EXP_15Bue1012Ch03A_durance1	DURANCE16S_15Bue1012Ch03A	durance1	prep1	1	15Bue1012Ch03A_durance1	ERR17752886	ERX17143429	15Bue1012Ch03A_S492_L001_R1_001.fastq.gz	21455c8a8c82caa58b77d197ee9bcd54	15Bue1012Ch03A_S492_L001_R2_001.fastq.gz	0108ebda1059102e0f44ed9cb73d4ee7	15Bue1012Ch03A	biological	fish gut metagenome	Bue	hindgut [UBERON:0001046]	2015
PRJEB124417	DURANCE16S_RUN_15Bue1012Ch03A_durance2	DURANCE16S_EXP_15Bue1012Ch03A_durance2	DURANCE16S_15Bue1012Ch03A	durance2	prep2	1	15Bue1012Ch03A_durance2	ERR17752888	ERX17143431	15Bue1012Ch03A_S492_L001_R1_001.fastq.gz	d9aaf383a4b22ca852c3e4f05f2c2de5	15Bue1012Ch03A_S492_L001_R2_001.fastq.gz	5a5facd7309be22be1205dff5fae5b69	15Bue1012Ch03A	biological	fish gut metagenome	Bue	hindgut [UBERON:0001046]	2015
PRJEB124417	DURANCE16S_RUN_15Bue1012Ch03A_durance3	DURANCE16S_EXP_15Bue1012Ch03A_durance3	DURANCE16S_15Bue1012Ch03A	durance3	prep2	2	15Bue1012Ch03A_durance3	ERR17752887	ERX17143430	15Bue1012Ch03A_S492_L001_R1_001.fastq.gz	2d7ad9f10b105a3fb18af3e40df03fb1	15Bue1012Ch03A_S492_L001_R2_001.fastq.gz	6f792df83aa84d3fe493d5f22dbf1a2a	15Bue1012Ch03A	biological	fish gut metagenome	Bue	hindgut [UBERON:0001046]	2015
PRJEB124417	DURANCE16S_RUN_15Bue1013Ch01A_durance1	DURANCE16S_EXP_15Bue1013Ch01A_durance1	DURANCE16S_15Bue1013Ch01A	durance1	prep1	1	15Bue1013Ch01A_durance1	ERR17752891	ERX17143434	15Bue1013Ch01A_S120_L001_R1_001.fastq.gz	17839e39205e2daf71f2e09043172ed5	15Bue1013Ch01A_S120_L001_R2_001.fastq.gz	70223faf5f1813bd3352cdb203901523	15Bue1013Ch01A	biological	fish metagenome	Bue	caudal fin [UBERON:4000164]	2015
PRJEB124417	DURANCE16S_RUN_15Bue1013Ch01A_durance2	DURANCE16S_EXP_15Bue1013Ch01A_durance2	DURANCE16S_15Bue1013Ch01A	durance2	prep2	1	15Bue1013Ch01A_durance2	ERR17752894	ERX17143437	15Bue1013Ch01A_S120_L001_R1_001.fastq.gz	7d2d7f753b6a8f4185fd4cf4cc83ea84	15Bue1013Ch01A_S120_L001_R2_001.fastq.gz	d34a776fd8fd87f748d091c6f431ccaa	15Bue1013Ch01A	biological	fish metagenome	Bue	caudal fin [UBERON:4000164]	2015
PRJEB124417	DURANCE16S_RUN_15Bue1013Ch01A_durance3	DURANCE16S_EXP_15Bue1013Ch01A_durance3	DURANCE16S_15Bue1013Ch01A	durance3	prep2	2	15Bue1013Ch01A_durance3	ERR17752892	ERX17143435	15Bue1013Ch01A_S120_L001_R1_001.fastq.gz	39cd057bd5bdc2c60bcedc581eec7bd7	15Bue1013Ch01A_S120_L001_R2_001.fastq.gz	3fdfe6d5bde804ca2fb6a224b857b494	15Bue1013Ch01A	biological	fish metagenome	Bue	caudal fin [UBERON:4000164]	2015
PRJEB124417	DURANCE16S_RUN_15Bue1013Ch02A_durance1	DURANCE16S_EXP_15Bue1013Ch02A_durance1	DURANCE16S_15Bue1013Ch02A	durance1	prep1	1	15Bue1013Ch02A_durance1	ERR17752895	ERX17143438	15Bue1013Ch02A_S696_L001_R1_001.fastq.gz	60ae55c3e9679f8f1bc6d7e84762326f	15Bue1013Ch02A_S696_L001_R2_001.fastq.gz	d234476b728395bb63aa67c89168b872	15Bue1013Ch02A	biological	fish gut metagenome	Bue	midgut [UBERON:0001045]	2015
PRJEB124417	DURANCE16S_RUN_15Bue1013Ch02A_durance2	DURANCE16S_EXP_15Bue1013Ch02A_durance2	DURANCE16S_15Bue1013Ch02A	durance2	prep2	1	15Bue1013Ch02A_durance2	ERR17752897	ERX17143440	15Bue1013Ch02A_S696_L001_R1_001.fastq.gz	884757568e9fc16372e24c870d946425	15Bue1013Ch02A_S696_L001_R2_001.fastq.gz	e4ac39cbbe2dbcc2619bafd961c9045d	15Bue1013Ch02A	biological	fish gut metagenome	Bue	midgut [UBERON:0001045]	2015
PRJEB124417	DURANCE16S_RUN_15Bue1013Ch02A_durance3	DURANCE16S_EXP_15Bue1013Ch02A_durance3	DURANCE16S_15Bue1013Ch02A	durance3	prep2	2	15Bue1013Ch02A_durance3	ERR17752898	ERX17143441	15Bue1013Ch02A_S696_L001_R1_001.fastq.gz	551283d151325f1fc1fb32ea1c56f265	15Bue1013Ch02A_S696_L001_R2_001.fastq.gz	33d99f19b111bbad3b0195ac4b961f7d	15Bue1013Ch02A	biological	fish gut metagenome	Bue	midgut [UBERON:0001045]	2015
PRJEB124417	DURANCE16S_RUN_15Bue1013Ch03A_durance1	DURANCE16S_EXP_15Bue1013Ch03A_durance1	DURANCE16S_15Bue1013Ch03A	durance1	prep1	1	15Bue1013Ch03A_durance1	ERR17752900	ERX17143443	15Bue1013Ch03A_S504_L001_R1_001.fastq.gz	8710c4d47200d36ecc4ac2ced3ab2f78	15Bue1013Ch03A_S504_L001_R2_001.fastq.gz	60c76a5c88d8e7e35770700604d655b2	15Bue1013Ch03A	biological	fish gut metagenome	Bue	hindgut [UBERON:0001046]	2015
PRJEB124417	DURANCE16S_RUN_15Bue1013Ch03A_durance2	DURANCE16S_EXP_15Bue1013Ch03A_durance2	DURANCE16S_15Bue1013Ch03A	durance2	prep2	1	15Bue1013Ch03A_durance2	ERR17752903	ERX17143446	15Bue1013Ch03A_S504_L001_R1_001.fastq.gz	7abb4c9d18ba431095ddc51a9fcfb722	15Bue1013Ch03A_S504_L001_R2_001.fastq.gz	0a4005bf228b5f80d23b8ffed9ea3f31	15Bue1013Ch03A	biological	fish gut metagenome	Bue	hindgut [UBERON:0001046]	2015
PRJEB124417	DURANCE16S_RUN_15Bue1013Ch03A_durance3	DURANCE16S_EXP_15Bue1013Ch03A_durance3	DURANCE16S_15Bue1013Ch03A	durance3	prep2	2	15Bue1013Ch03A_durance3	ERR17752899	ERX17143442	15Bue1013Ch03A_S504_L001_R1_001.fastq.gz	51c57852ebaf6f08e3f131d59c53d377	15Bue1013Ch03A_S504_L001_R2_001.fastq.gz	bb15b3c018e71d67cc4363cb8309d2d6	15Bue1013Ch03A	biological	fish gut metagenome	Bue	hindgut [UBERON:0001046]	2015
PRJEB124417	DURANCE16S_RUN_15Bue1014Ch01A_durance1	DURANCE16S_EXP_15Bue1014Ch01A_durance1	DURANCE16S_15Bue1014Ch01A	durance1	prep1	1	15Bue1014Ch01A_durance1	ERR17752907	ERX17143450	15Bue1014Ch01A_S132_L001_R1_001.fastq.gz	f8484a5ff4c14fd410fd5bd141e683fd	15Bue1014Ch01A_S132_L001_R2_001.fastq.gz	ddabe5c5f9fa63c5a90be5e6d3381cfb	15Bue1014Ch01A	biological	fish metagenome	Bue	caudal fin [UBERON:4000164]	2015
PRJEB124417	DURANCE16S_RUN_15Bue1014Ch01A_durance2	DURANCE16S_EXP_15Bue1014Ch01A_durance2	DURANCE16S_15Bue1014Ch01A	durance2	prep2	1	15Bue1014Ch01A_durance2	ERR17752912	ERX17143455	15Bue1014Ch01A_S132_L001_R1_001.fastq.gz	dc95f6e6b45d5a24bf2465698fd7da8d	15Bue1014Ch01A_S132_L001_R2_001.fastq.gz	157768e3b7649fba8c0c6be2ddae5521	15Bue1014Ch01A	biological	fish metagenome	Bue	caudal fin [UBERON:4000164]	2015
PRJEB124417	DURANCE16S_RUN_15Bue1014Ch01A_durance3	DURANCE16S_EXP_15Bue1014Ch01A_durance3	DURANCE16S_15Bue1014Ch01A	durance3	prep2	2	15Bue1014Ch01A_durance3	ERR17752913	ERX17143456	15Bue1014Ch01A_S132_L001_R1_001.fastq.gz	b4c7c208971e6686ccfc957bb6912809	15Bue1014Ch01A_S132_L001_R2_001.fastq.gz	54da326f1a93af6d58d088d39da8f120	15Bue1014Ch01A	biological	fish metagenome	Bue	caudal fin [UBERON:4000164]	2015
PRJEB124417	DURANCE16S_RUN_15Bue1014Ch02A_durance1	DURANCE16S_EXP_15Bue1014Ch02A_durance1	DURANCE16S_15Bue1014Ch02A	durance1	prep1	1	15Bue1014Ch02A_durance1	ERR17752911	ERX17143454	15Bue1014Ch02A_S708_L001_R1_001.fastq.gz	e8d380b469e9cf0fb1831bd2af786971	15Bue1014Ch02A_S708_L001_R2_001.fastq.gz	437694c7bd860efb6ba8c9c2507e235a	15Bue1014Ch02A	biological	fish gut metagenome	Bue	midgut [UBERON:0001045]	2015
PRJEB124417	DURANCE16S_RUN_15Bue1014Ch02A_durance2	DURANCE16S_EXP_15Bue1014Ch02A_durance2	DURANCE16S_15Bue1014Ch02A	durance2	prep2	1	15Bue1014Ch02A_durance2	ERR17752906	ERX17143449	15Bue1014Ch02A_S708_L001_R1_001.fastq.gz	dbb95e80d3e82e266f24d8f04d0f543b	15Bue1014Ch02A_S708_L001_R2_001.fastq.gz	64a9b39bbfaf4fd7b91d7219681e2920	15Bue1014Ch02A	biological	fish gut metagenome	Bue	midgut [UBERON:0001045]	2015
PRJEB124417	DURANCE16S_RUN_15Bue1014Ch02A_durance3	DURANCE16S_EXP_15Bue1014Ch02A_durance3	DURANCE16S_15Bue1014Ch02A	durance3	prep2	2	15Bue1014Ch02A_durance3	ERR17752909	ERX17143452	15Bue1014Ch02A_S708_L001_R1_001.fastq.gz	4804e00a97e3ef2142c9e2d503d896b5	15Bue1014Ch02A_S708_L001_R2_001.fastq.gz	14a0ef75c55418649f3be71c6855f5a4	15Bue1014Ch02A	biological	fish gut metagenome	Bue	midgut [UBERON:0001045]	2015
PRJEB124417	DURANCE16S_RUN_15Bue1014Ch03A_durance1	DURANCE16S_EXP_15Bue1014Ch03A_durance1	DURANCE16S_15Bue1014Ch03A	durance1	prep1	1	15Bue1014Ch03A_durance1	ERR17752910	ERX17143453	15Bue1014Ch03A_S516_L001_R1_001.fastq.gz	20adf157e13bc1de80a62e900e14b105	15Bue1014Ch03A_S516_L001_R2_001.fastq.gz	7d2ee0a725463cb752bc51bb319de272	15Bue1014Ch03A	biological	fish gut metagenome	Bue	hindgut [UBERON:0001046]	2015
PRJEB124417	DURANCE16S_RUN_15Bue1014Ch03A_durance2	DURANCE16S_EXP_15Bue1014Ch03A_durance2	DURANCE16S_15Bue1014Ch03A	durance2	prep2	1	15Bue1014Ch03A_durance2	ERR17752908	ERX17143451	15Bue1014Ch03A_S516_L001_R1_001.fastq.gz	6725af23da3781227cd3f03131ea6871	15Bue1014Ch03A_S516_L001_R2_001.fastq.gz	c49f97e793ff7f77f064f52cf7fd2bb8	15Bue1014Ch03A	biological	fish gut metagenome	Bue	hindgut [UBERON:0001046]	2015
PRJEB124417	DURANCE16S_RUN_15Bue1014Ch03A_durance3	DURANCE16S_EXP_15Bue1014Ch03A_durance3	DURANCE16S_15Bue1014Ch03A	durance3	prep2	2	15Bue1014Ch03A_durance3	ERR17752914	ERX17143457	15Bue1014Ch03A_S516_L001_R1_001.fastq.gz	477b766bfa206dd4c7d90ece6a9eb0f0	15Bue1014Ch03A_S516_L001_R2_001.fastq.gz	49570460dbb6e56b26331ea62b9bb5d1	15Bue1014Ch03A	biological	fish gut metagenome	Bue	hindgut [UBERON:0001046]	2015
PRJEB124417	DURANCE16S_RUN_15Bue1015Ch01A_durance1	DURANCE16S_EXP_15Bue1015Ch01A_durance1	DURANCE16S_15Bue1015Ch01A	durance1	prep1	1	15Bue1015Ch01A_durance1	ERR17752918	ERX17143461	15Bue1015Ch01A_S144_L001_R1_001.fastq.gz	c721615727918524358e0dea27ad4ca3	15Bue1015Ch01A_S144_L001_R2_001.fastq.gz	6b17d965172cc9d241235c452fae12bf	15Bue1015Ch01A	biological	fish metagenome	Bue	caudal fin [UBERON:4000164]	2015
PRJEB124417	DURANCE16S_RUN_15Bue1015Ch01A_durance2	DURANCE16S_EXP_15Bue1015Ch01A_durance2	DURANCE16S_15Bue1015Ch01A	durance2	prep2	1	15Bue1015Ch01A_durance2	ERR17752919	ERX17143462	15Bue1015Ch01A_S144_L001_R1_001.fastq.gz	3cd1687fe3498ab21073d82c9f1a4d10	15Bue1015Ch01A_S144_L001_R2_001.fastq.gz	febeb022e7c9a886f6f1181b0e7ff445	15Bue1015Ch01A	biological	fish metagenome	Bue	caudal fin [UBERON:4000164]	2015
PRJEB124417	DURANCE16S_RUN_15Bue1015Ch01A_durance3	DURANCE16S_EXP_15Bue1015Ch01A_durance3	DURANCE16S_15Bue1015Ch01A	durance3	prep2	2	15Bue1015Ch01A_durance3	ERR17752922	ERX17143465	15Bue1015Ch01A_S144_L001_R1_001.fastq.gz	66d416b3ba3fdfd6638d6b25135d6541	15Bue1015Ch01A_S144_L001_R2_001.fastq.gz	cc602982eaff89ce03c7f057f2feb85c	15Bue1015Ch01A	biological	fish metagenome	Bue	caudal fin [UBERON:4000164]	2015
PRJEB124417	DURANCE16S_RUN_15Bue1015Ch02A_durance1	DURANCE16S_EXP_15Bue1015Ch02A_durance1	DURANCE16S_15Bue1015Ch02A	durance1	prep1	1	15Bue1015Ch02A_durance1	ERR17752920	ERX17143463	15Bue1015Ch02A_S720_L001_R1_001.fastq.gz	63a7c798b523a18a6084870a41c4841e	15Bue1015Ch02A_S720_L001_R2_001.fastq.gz	384984691b46d827df597b9e1ae33439	15Bue1015Ch02A	biological	fish gut metagenome	Bue	midgut [UBERON:0001045]	2015
PRJEB124417	DURANCE16S_RUN_15Bue1015Ch02A_durance2	DURANCE16S_EXP_15Bue1015Ch02A_durance2	DURANCE16S_15Bue1015Ch02A	durance2	prep2	1	15Bue1015Ch02A_durance2	ERR17752921	ERX17143464	15Bue1015Ch02A_S720_L001_R1_001.fastq.gz	c6c1878b1a18d3fd86392865deb50d5c	15Bue1015Ch02A_S720_L001_R2_001.fastq.gz	cbc09e8c627685243c7bc171a318a26d	15Bue1015Ch02A	biological	fish gut metagenome	Bue	midgut [UBERON:0001045]	2015
PRJEB124417	DURANCE16S_RUN_15Bue1015Ch02A_durance3	DURANCE16S_EXP_15Bue1015Ch02A_durance3	DURANCE16S_15Bue1015Ch02A	durance3	prep2	2	15Bue1015Ch02A_durance3	ERR17752923	ERX17143466	15Bue1015Ch02A_S720_L001_R1_001.fastq.gz	47c825369b3b3dad5396782758678391	15Bue1015Ch02A_S720_L001_R2_001.fastq.gz	894d51603622b8e1dd6f95b357b51fc8	15Bue1015Ch02A	biological	fish gut metagenome	Bue	midgut [UBERON:0001045]	2015
PRJEB124417	DURANCE16S_RUN_15Bue1015Ch03A_durance1	DURANCE16S_EXP_15Bue1015Ch03A_durance1	DURANCE16S_15Bue1015Ch03A	durance1	prep1	1	15Bue1015Ch03A_durance1	ERR17752925	ERX17143468	15Bue1015Ch03A_S528_L001_R1_001.fastq.gz	ecf4f3f99b86702326a6707c0a31624e	15Bue1015Ch03A_S528_L001_R2_001.fastq.gz	7c312862c336c629cad0f0faaafb007c	15Bue1015Ch03A	biological	fish gut metagenome	Bue	hindgut [UBERON:0001046]	2015
PRJEB124417	DURANCE16S_RUN_15Bue1015Ch03A_durance2	DURANCE16S_EXP_15Bue1015Ch03A_durance2	DURANCE16S_15Bue1015Ch03A	durance2	prep2	1	15Bue1015Ch03A_durance2	ERR17752924	ERX17143467	15Bue1015Ch03A_S528_L001_R1_001.fastq.gz	12a34fd8b2a795ed92970e038d936569	15Bue1015Ch03A_S528_L001_R2_001.fastq.gz	2f350108394f899f8700c9417d26b980	15Bue1015Ch03A	biological	fish gut metagenome	Bue	hindgut [UBERON:0001046]	2015
PRJEB124417	DURANCE16S_RUN_15Bue1015Ch03A_durance3	DURANCE16S_EXP_15Bue1015Ch03A_durance3	DURANCE16S_15Bue1015Ch03A	durance3	prep2	2	15Bue1015Ch03A_durance3	ERR17752926	ERX17143469	15Bue1015Ch03A_S528_L001_R1_001.fastq.gz	2c30375f5bebf58507b3e44aaa502a3e	15Bue1015Ch03A_S528_L001_R2_001.fastq.gz	8a3c48b13765213dbd5ce70ab5a5c8e6	15Bue1015Ch03A	biological	fish gut metagenome	Bue	hindgut [UBERON:0001046]	2015
PRJEB124417	DURANCE16S_RUN_15Bue1016Ch01A_durance1	DURANCE16S_EXP_15Bue1016Ch01A_durance1	DURANCE16S_15Bue1016Ch01A	durance1	prep1	1	15Bue1016Ch01A_durance1	ERR17752929	ERX17143472	15Bue1016Ch01A_S156_L001_R1_001.fastq.gz	480efef9102956b8a3a0dc6de4032bea	15Bue1016Ch01A_S156_L001_R2_001.fastq.gz	7494ae71f620403da610b0b046175c09	15Bue1016Ch01A	biological	fish metagenome	Bue	caudal fin [UBERON:4000164]	2015
PRJEB124417	DURANCE16S_RUN_15Bue1016Ch01A_durance2	DURANCE16S_EXP_15Bue1016Ch01A_durance2	DURANCE16S_15Bue1016Ch01A	durance2	prep2	1	15Bue1016Ch01A_durance2	ERR17752933	ERX17143476	15Bue1016Ch01A_S156_L001_R1_001.fastq.gz	a71556beaf80341ce7ae87955e0bd57e	15Bue1016Ch01A_S156_L001_R2_001.fastq.gz	6150e10e818d42e452eff1577fd84544	15Bue1016Ch01A	biological	fish metagenome	Bue	caudal fin [UBERON:4000164]	2015
PRJEB124417	DURANCE16S_RUN_15Bue1016Ch01A_durance3	DURANCE16S_EXP_15Bue1016Ch01A_durance3	DURANCE16S_15Bue1016Ch01A	durance3	prep2	2	15Bue1016Ch01A_durance3	ERR17752934	ERX17143477	15Bue1016Ch01A_S156_L001_R1_001.fastq.gz	e54af9d386da186b18215c85ae75fb35	15Bue1016Ch01A_S156_L001_R2_001.fastq.gz	b6137cabf9478f813d0415df5712ab3c	15Bue1016Ch01A	biological	fish metagenome	Bue	caudal fin [UBERON:4000164]	2015
PRJEB124417	DURANCE16S_RUN_15Bue1016Ch02A_durance1	DURANCE16S_EXP_15Bue1016Ch02A_durance1	DURANCE16S_15Bue1016Ch02A	durance1	prep1	1	15Bue1016Ch02A_durance1	ERR17752931	ERX17143474	15Bue1016Ch02A_S732_L001_R1_001.fastq.gz	628cdcca927651c98753eb052e2da7d6	15Bue1016Ch02A_S732_L001_R2_001.fastq.gz	4d6c20a21a3c683218640d38ff5913db	15Bue1016Ch02A	biological	fish gut metagenome	Bue	midgut [UBERON:0001045]	2015
PRJEB124417	DURANCE16S_RUN_15Bue1016Ch02A_durance2	DURANCE16S_EXP_15Bue1016Ch02A_durance2	DURANCE16S_15Bue1016Ch02A	durance2	prep2	1	15Bue1016Ch02A_durance2	ERR17752932	ERX17143475	15Bue1016Ch02A_S732_L001_R1_001.fastq.gz	0d73ed3a210e9368d692b7be1d941322	15Bue1016Ch02A_S732_L001_R2_001.fastq.gz	f02b746a082eff69f3cbce346d218bf2	15Bue1016Ch02A	biological	fish gut metagenome	Bue	midgut [UBERON:0001045]	2015
PRJEB124417	DURANCE16S_RUN_15Bue1016Ch02A_durance3	DURANCE16S_EXP_15Bue1016Ch02A_durance3	DURANCE16S_15Bue1016Ch02A	durance3	prep2	2	15Bue1016Ch02A_durance3	ERR17752937	ERX17143480	15Bue1016Ch02A_S732_L001_R1_001.fastq.gz	850beec694e208556e024a91a399cfa7	15Bue1016Ch02A_S732_L001_R2_001.fastq.gz	b96451e2f30404720c8524eba03fe113	15Bue1016Ch02A	biological	fish gut metagenome	Bue	midgut [UBERON:0001045]	2015
PRJEB124417	DURANCE16S_RUN_15Bue1016Ch03A_durance1	DURANCE16S_EXP_15Bue1016Ch03A_durance1	DURANCE16S_15Bue1016Ch03A	durance1	prep1	1	15Bue1016Ch03A_durance1	ERR17752938	ERX17143481	15Bue1016Ch03A_S540_L001_R1_001.fastq.gz	045b0427bde439ce24e8a9fe9f3504b6	15Bue1016Ch03A_S540_L001_R2_001.fastq.gz	d3c316088c647f33a1f3b7011276332f	15Bue1016Ch03A	biological	fish gut metagenome	Bue	hindgut [UBERON:0001046]	2015
PRJEB124417	DURANCE16S_RUN_15Bue1016Ch03A_durance2	DURANCE16S_EXP_15Bue1016Ch03A_durance2	DURANCE16S_15Bue1016Ch03A	durance2	prep2	1	15Bue1016Ch03A_durance2	ERR17752935	ERX17143478	15Bue1016Ch03A_S540_L001_R1_001.fastq.gz	8f1bab8c090b6e45a54c7e60dd632d35	15Bue1016Ch03A_S540_L001_R2_001.fastq.gz	d42554b6692b699f2b9fafa174f35219	15Bue1016Ch03A	biological	fish gut metagenome	Bue	hindgut [UBERON:0001046]	2015
PRJEB124417	DURANCE16S_RUN_15Bue1016Ch03A_durance3	DURANCE16S_EXP_15Bue1016Ch03A_durance3	DURANCE16S_15Bue1016Ch03A	durance3	prep2	2	15Bue1016Ch03A_durance3	ERR17752936	ERX17143479	15Bue1016Ch03A_S540_L001_R1_001.fastq.gz	15548806be5f40f52157a82915b323f0	15Bue1016Ch03A_S540_L001_R2_001.fastq.gz	53601f23562268cae5a4ca825ec14f65	15Bue1016Ch03A	biological	fish gut metagenome	Bue	hindgut [UBERON:0001046]	2015
PRJEB124417	DURANCE16S_RUN_15Bue1017Ch01A_durance1	DURANCE16S_EXP_15Bue1017Ch01A_durance1	DURANCE16S_15Bue1017Ch01A	durance1	prep1	1	15Bue1017Ch01A_durance1	ERR17752939	ERX17143482	15Bue1017Ch01A_S168_L001_R1_001.fastq.gz	806285a8bae4107e5ca5b8dbf0022b72	15Bue1017Ch01A_S168_L001_R2_001.fastq.gz	1ae1b36e442a9decf47e67d1306010a4	15Bue1017Ch01A	biological	fish metagenome	Bue	caudal fin [UBERON:4000164]	2015
PRJEB124417	DURANCE16S_RUN_15Bue1017Ch01A_durance2	DURANCE16S_EXP_15Bue1017Ch01A_durance2	DURANCE16S_15Bue1017Ch01A	durance2	prep2	1	15Bue1017Ch01A_durance2	ERR17752943	ERX17143486	15Bue1017Ch01A_S168_L001_R1_001.fastq.gz	6b1edfff57ff320f18808b72eaca75e8	15Bue1017Ch01A_S168_L001_R2_001.fastq.gz	c160570c81c8401de8e3113e640dd0b4	15Bue1017Ch01A	biological	fish metagenome	Bue	caudal fin [UBERON:4000164]	2015
PRJEB124417	DURANCE16S_RUN_15Bue1017Ch01A_durance3	DURANCE16S_EXP_15Bue1017Ch01A_durance3	DURANCE16S_15Bue1017Ch01A	durance3	prep2	2	15Bue1017Ch01A_durance3	ERR17752944	ERX17143487	15Bue1017Ch01A_S168_L001_R1_001.fastq.gz	2fe01eb33227120738b7aa2b806678d4	15Bue1017Ch01A_S168_L001_R2_001.fastq.gz	fc5e056e3f8ad9e0a7c57993a7a4b090	15Bue1017Ch01A	biological	fish metagenome	Bue	caudal fin [UBERON:4000164]	2015
PRJEB124417	DURANCE16S_RUN_15Bue1017Ch02A_durance1	DURANCE16S_EXP_15Bue1017Ch02A_durance1	DURANCE16S_15Bue1017Ch02A	durance1	prep1	1	15Bue1017Ch02A_durance1	ERR17752945	ERX17143488	15Bue1017Ch02A_S744_L001_R1_001.fastq.gz	6744487f513ff09755a28b80a4c9b327	15Bue1017Ch02A_S744_L001_R2_001.fastq.gz	f12af190450e6ab44e197635b140deb9	15Bue1017Ch02A	biological	fish gut metagenome	Bue	midgut [UBERON:0001045]	2015
PRJEB124417	DURANCE16S_RUN_15Bue1017Ch02A_durance2	DURANCE16S_EXP_15Bue1017Ch02A_durance2	DURANCE16S_15Bue1017Ch02A	durance2	prep2	1	15Bue1017Ch02A_durance2	ERR17752946	ERX17143489	15Bue1017Ch02A_S744_L001_R1_001.fastq.gz	6b0cdfa441a18df273a9ceeb07b73845	15Bue1017Ch02A_S744_L001_R2_001.fastq.gz	a72cbec3d23025fbd477b43af5364a45	15Bue1017Ch02A	biological	fish gut metagenome	Bue	midgut [UBERON:0001045]	2015
PRJEB124417	DURANCE16S_RUN_15Bue1017Ch02A_durance3	DURANCE16S_EXP_15Bue1017Ch02A_durance3	DURANCE16S_15Bue1017Ch02A	durance3	prep2	2	15Bue1017Ch02A_durance3	ERR17752948	ERX17143491	15Bue1017Ch02A_S744_L001_R1_001.fastq.gz	325191d939ca539beef724845efe51e7	15Bue1017Ch02A_S744_L001_R2_001.fastq.gz	e589a3d289c800d64a97826efeeaaa7e	15Bue1017Ch02A	biological	fish gut metagenome	Bue	midgut [UBERON:0001045]	2015
PRJEB124417	DURANCE16S_RUN_15Bue1017Ch03A_durance1	DURANCE16S_EXP_15Bue1017Ch03A_durance1	DURANCE16S_15Bue1017Ch03A	durance1	prep1	1	15Bue1017Ch03A_durance1	ERR17752950	ERX17143493	15Bue1017Ch03A_S552_L001_R1_001.fastq.gz	495a682bbbf198e0da4b2a86b1ec6181	15Bue1017Ch03A_S552_L001_R2_001.fastq.gz	09701b8d3ad82580352abfb53938eb3a	15Bue1017Ch03A	biological	fish gut metagenome	Bue	hindgut [UBERON:0001046]	2015
PRJEB124417	DURANCE16S_RUN_15Bue1017Ch03A_durance2	DURANCE16S_EXP_15Bue1017Ch03A_durance2	DURANCE16S_15Bue1017Ch03A	durance2	prep2	1	15Bue1017Ch03A_durance2	ERR17752951	ERX17143494	15Bue1017Ch03A_S552_L001_R1_001.fastq.gz	b093967c960bcf17ca343f8729c4b5bf	15Bue1017Ch03A_S552_L001_R2_001.fastq.gz	202cf48d8f1f1ba91f248972d644bd42	15Bue1017Ch03A	biological	fish gut metagenome	Bue	hindgut [UBERON:0001046]	2015
PRJEB124417	DURANCE16S_RUN_15Bue1017Ch03A_durance3	DURANCE16S_EXP_15Bue1017Ch03A_durance3	DURANCE16S_15Bue1017Ch03A	durance3	prep2	2	15Bue1017Ch03A_durance3	ERR17752947	ERX17143490	15Bue1017Ch03A_S552_L001_R1_001.fastq.gz	3fe34ef1e9a6b875e670b8966732a153	15Bue1017Ch03A_S552_L001_R2_001.fastq.gz	d69b0d71b1a8d3fe92747479a96ed58f	15Bue1017Ch03A	biological	fish gut metagenome	Bue	hindgut [UBERON:0001046]	2015
PRJEB124417	DURANCE16S_RUN_15Bue1018Ch01A_durance1	DURANCE16S_EXP_15Bue1018Ch01A_durance1	DURANCE16S_15Bue1018Ch01A	durance1	prep1	1	15Bue1018Ch01A_durance1	ERR17752955	ERX17143498	15Bue1018Ch01A_S180_L001_R1_001.fastq.gz	6c52a03f39e03a7faf54b097c2c49782	15Bue1018Ch01A_S180_L001_R2_001.fastq.gz	33e79502e0f98ce90005f88b47ee2924	15Bue1018Ch01A	biological	fish metagenome	Bue	caudal fin [UBERON:4000164]	2015
PRJEB124417	DURANCE16S_RUN_15Bue1018Ch01A_durance2	DURANCE16S_EXP_15Bue1018Ch01A_durance2	DURANCE16S_15Bue1018Ch01A	durance2	prep2	1	15Bue1018Ch01A_durance2	ERR17752957	ERX17143500	15Bue1018Ch01A_S180_L001_R1_001.fastq.gz	26b374a350339cc6830c5c3efda46ae6	15Bue1018Ch01A_S180_L001_R2_001.fastq.gz	0840faa0e45b7a22d4dc812f1d419e9a	15Bue1018Ch01A	biological	fish metagenome	Bue	caudal fin [UBERON:4000164]	2015
PRJEB124417	DURANCE16S_RUN_15Bue1018Ch01A_durance3	DURANCE16S_EXP_15Bue1018Ch01A_durance3	DURANCE16S_15Bue1018Ch01A	durance3	prep2	2	15Bue1018Ch01A_durance3	ERR17752956	ERX17143499	15Bue1018Ch01A_S180_L001_R1_001.fastq.gz	2270a63712f22b9650c459ac745e0a04	15Bue1018Ch01A_S180_L001_R2_001.fastq.gz	20596936d33b5a53396d0a5a9b8f4404	15Bue1018Ch01A	biological	fish metagenome	Bue	caudal fin [UBERON:4000164]	2015
PRJEB124417	DURANCE16S_RUN_15Bue1018Ch02A_durance1	DURANCE16S_EXP_15Bue1018Ch02A_durance1	DURANCE16S_15Bue1018Ch02A	durance1	prep1	1	15Bue1018Ch02A_durance1	ERR17752954	ERX17143497	15Bue1018Ch02A_S756_L001_R1_001.fastq.gz	b0d6f907dfce4fd71d9e71167d8b9908	15Bue1018Ch02A_S756_L001_R2_001.fastq.gz	3c89dd5eb155721e947178edcbf7ca29	15Bue1018Ch02A	biological	fish gut metagenome	Bue	midgut [UBERON:0001045]	2015
PRJEB124417	DURANCE16S_RUN_15Bue1018Ch02A_durance2	DURANCE16S_EXP_15Bue1018Ch02A_durance2	DURANCE16S_15Bue1018Ch02A	durance2	prep2	1	15Bue1018Ch02A_durance2	ERR17752958	ERX17143501	15Bue1018Ch02A_S756_L001_R1_001.fastq.gz	c01cc200f14cadac7bf1221dcb8155fc	15Bue1018Ch02A_S756_L001_R2_001.fastq.gz	4eebbf2352b3f240ce018c92102afc1f	15Bue1018Ch02A	biological	fish gut metagenome	Bue	midgut [UBERON:0001045]	2015
PRJEB124417	DURANCE16S_RUN_15Bue1018Ch02A_durance3	DURANCE16S_EXP_15Bue1018Ch02A_durance3	DURANCE16S_15Bue1018Ch02A	durance3	prep2	2	15Bue1018Ch02A_durance3	ERR17752959	ERX17143502	15Bue1018Ch02A_S756_L001_R1_001.fastq.gz	5f2a6b40c476f77abeaed9a245058d83	15Bue1018Ch02A_S756_L001_R2_001.fastq.gz	4466ea3cec92d0018ad1c8e412dadff6	15Bue1018Ch02A	biological	fish gut metagenome	Bue	midgut [UBERON:0001045]	2015
PRJEB124417	DURANCE16S_RUN_15Bue1018Ch03A_durance1	DURANCE16S_EXP_15Bue1018Ch03A_durance1	DURANCE16S_15Bue1018Ch03A	durance1	prep1	1	15Bue1018Ch03A_durance1	ERR17752960	ERX17143503	15Bue1018Ch03A_S564_L001_R1_001.fastq.gz	09da809b878475c196d74fe22933a88e	15Bue1018Ch03A_S564_L001_R2_001.fastq.gz	b50f283e8ab0549444ed37fc9328e5c0	15Bue1018Ch03A	biological	fish gut metagenome	Bue	hindgut [UBERON:0001046]	2015
PRJEB124417	DURANCE16S_RUN_15Bue1018Ch03A_durance2	DURANCE16S_EXP_15Bue1018Ch03A_durance2	DURANCE16S_15Bue1018Ch03A	durance2	prep2	1	15Bue1018Ch03A_durance2	ERR17752962	ERX17143505	15Bue1018Ch03A_S564_L001_R1_001.fastq.gz	665139f3bd514941c96f67413c3c06db	15Bue1018Ch03A_S564_L001_R2_001.fastq.gz	076bded83613996b01778407deef8a76	15Bue1018Ch03A	biological	fish gut metagenome	Bue	hindgut [UBERON:0001046]	2015
PRJEB124417	DURANCE16S_RUN_15Bue1018Ch03A_durance3	DURANCE16S_EXP_15Bue1018Ch03A_durance3	DURANCE16S_15Bue1018Ch03A	durance3	prep2	2	15Bue1018Ch03A_durance3	ERR17752961	ERX17143504	15Bue1018Ch03A_S564_L001_R1_001.fastq.gz	4457215ab734a3f4878a48be0d24e7b9	15Bue1018Ch03A_S564_L001_R2_001.fastq.gz	ab47210969538faf08576230f86b8b8a	15Bue1018Ch03A	biological	fish gut metagenome	Bue	hindgut [UBERON:0001046]	2015
PRJEB124417	DURANCE16S_RUN_15Caa1001CH03A_durance1	DURANCE16S_EXP_15Caa1001CH03A_durance1	DURANCE16S_15Caa1001CH03A	durance1	prep1	1	15Caa1001CH03A_durance1	ERR17752974	ERX17143517	15Caa1001CH03A_S534_L001_R1_001.fastq.gz	016b71b0f298afeb842c998e4f3e7f16	15Caa1001CH03A_S534_L001_R2_001.fastq.gz	82a0a6540518e85691cb6a16b8799391	15Caa1001CH03A	biological	fish gut metagenome	Caa	hindgut [UBERON:0001046]	2015
PRJEB124417	DURANCE16S_RUN_15Caa1001CH03A_durance2	DURANCE16S_EXP_15Caa1001CH03A_durance2	DURANCE16S_15Caa1001CH03A	durance2	prep2	1	15Caa1001CH03A_durance2	ERR17752971	ERX17143514	15Caa1001CH03A_S534_L001_R1_001.fastq.gz	4f999c84351ebb1d6c529daff1610689	15Caa1001CH03A_S534_L001_R2_001.fastq.gz	9445627ded91775189f7049933fe8dbe	15Caa1001CH03A	biological	fish gut metagenome	Caa	hindgut [UBERON:0001046]	2015
PRJEB124417	DURANCE16S_RUN_15Caa1001CH03A_durance3	DURANCE16S_EXP_15Caa1001CH03A_durance3	DURANCE16S_15Caa1001CH03A	durance3	prep2	2	15Caa1001CH03A_durance3	ERR17752970	ERX17143513	15Caa1001CH03A_S534_L001_R1_001.fastq.gz	b84e3a153dff728367322630591afe11	15Caa1001CH03A_S534_L001_R2_001.fastq.gz	9fd8b954bc1fad2dd8f98a46b6504eab	15Caa1001CH03A	biological	fish gut metagenome	Caa	hindgut [UBERON:0001046]	2015
PRJEB124417	DURANCE16S_RUN_15Caa1001Ch01A_durance1	DURANCE16S_EXP_15Caa1001Ch01A_durance1	DURANCE16S_15Caa1001Ch01A	durance1	prep1	1	15Caa1001Ch01A_durance1	ERR17752965	ERX17143508	15Caa1001Ch01A_S150_L001_R1_001.fastq.gz	ad0d58bdf8addb7e7d3400369573baa6	15Caa1001Ch01A_S150_L001_R2_001.fastq.gz	1ad1a1bae0e93fbf778f8f7c14c96072	15Caa1001Ch01A	biological	fish metagenome	Caa	caudal fin [UBERON:4000164]	2015
PRJEB124417	DURANCE16S_RUN_15Caa1001Ch01A_durance2	DURANCE16S_EXP_15Caa1001Ch01A_durance2	DURANCE16S_15Caa1001Ch01A	durance2	prep2	1	15Caa1001Ch01A_durance2	ERR17752966	ERX17143509	15Caa1001Ch01A_S150_L001_R1_001.fastq.gz	8ad75423c8e6018f4d6ed9a86df2898e	15Caa1001Ch01A_S150_L001_R2_001.fastq.gz	5e97d4139b8b91d8760747f85bdcb98b	15Caa1001Ch01A	biological	fish metagenome	Caa	caudal fin [UBERON:4000164]	2015
PRJEB124417	DURANCE16S_RUN_15Caa1001Ch01A_durance3	DURANCE16S_EXP_15Caa1001Ch01A_durance3	DURANCE16S_15Caa1001Ch01A	durance3	prep2	2	15Caa1001Ch01A_durance3	ERR17752968	ERX17143511	15Caa1001Ch01A_S150_L001_R1_001.fastq.gz	f48091b3f6558fb59b48454f9e543fdb	15Caa1001Ch01A_S150_L001_R2_001.fastq.gz	24b0243a4366a2dee83e5c8f27c0b4db	15Caa1001Ch01A	biological	fish metagenome	Caa	caudal fin [UBERON:4000164]	2015
PRJEB124417	DURANCE16S_RUN_15Caa1001Ch05A_durance1	DURANCE16S_EXP_15Caa1001Ch05A_durance1	DURANCE16S_15Caa1001Ch05A	durance1	prep1	1	15Caa1001Ch05A_durance1	ERR17752973	ERX17143516	15Caa1001Ch05A_S342_L001_R1_001.fastq.gz	63feb10fe6d9678c45642508592bb758	15Caa1001Ch05A_S342_L001_R2_001.fastq.gz	84097d0883e5346c790456f6a5a39597	15Caa1001Ch05A	biological	gill metagenome	Caa	gill [UBERON:0002535]	2015
PRJEB124417	DURANCE16S_RUN_15Caa1001Ch05A_durance2	DURANCE16S_EXP_15Caa1001Ch05A_durance2	DURANCE16S_15Caa1001Ch05A	durance2	prep2	1	15Caa1001Ch05A_durance2	ERR17752972	ERX17143515	15Caa1001Ch05A_S342_L001_R1_001.fastq.gz	33fa5458f38df28b18c0f361a60d3f6e	15Caa1001Ch05A_S342_L001_R2_001.fastq.gz	e3ed8fe933ba825901e394ae3c54dec5	15Caa1001Ch05A	biological	gill metagenome	Caa	gill [UBERON:0002535]	2015
PRJEB124417	DURANCE16S_RUN_15Caa1001Ch05A_durance3	DURANCE16S_EXP_15Caa1001Ch05A_durance3	DURANCE16S_15Caa1001Ch05A	durance3	prep2	2	15Caa1001Ch05A_durance3	ERR17752975	ERX17143518	15Caa1001Ch05A_S342_L001_R1_001.fastq.gz	305d4519a31574266366baf68a1dbd1f	15Caa1001Ch05A_S342_L001_R2_001.fastq.gz	7175700f96a8cdce2a66afac8009d2bb	15Caa1001Ch05A	biological	gill metagenome	Caa	gill [UBERON:0002535]	2015
PRJEB124417	DURANCE16S_RUN_15Caa1001Ch0A_durance1	DURANCE16S_EXP_15Caa1001Ch0A_durance1	DURANCE16S_15Caa1001Ch0A	durance1	prep1	1	15Caa1001Ch0A_durance1	ERR17752977	ERX17143520	15Caa1001Ch0A_S726_L001_R1_001.fastq.gz	b460b36b5029efe00851e513a5dcec70	15Caa1001Ch0A_S726_L001_R2_001.fastq.gz	1c6049e7fdcf762c54841307d9734ebc	15Caa1001Ch0A	biological	fish gut metagenome	Caa	midgut [UBERON:0001045]	2015
PRJEB124417	DURANCE16S_RUN_15Caa1001Ch0A_durance2	DURANCE16S_EXP_15Caa1001Ch0A_durance2	DURANCE16S_15Caa1001Ch0A	durance2	prep2	1	15Caa1001Ch0A_durance2	ERR17752976	ERX17143519	15Caa1001Ch0A_S726_L001_R1_001.fastq.gz	43f3870f4a772b35f8e7f7046f74d865	15Caa1001Ch0A_S726_L001_R2_001.fastq.gz	0796756316bfc379ab5c8241a2f8d7ef	15Caa1001Ch0A	biological	fish gut metagenome	Caa	midgut [UBERON:0001045]	2015
PRJEB124417	DURANCE16S_RUN_15Caa1001Ch0A_durance3	DURANCE16S_EXP_15Caa1001Ch0A_durance3	DURANCE16S_15Caa1001Ch0A	durance3	prep2	2	15Caa1001Ch0A_durance3	ERR17752979	ERX17143522	15Caa1001Ch0A_S726_L001_R1_001.fastq.gz	ee5f504ccabd41641074ac86588b9277	15Caa1001Ch0A_S726_L001_R2_001.fastq.gz	1cdd1193e28d92802861cd627a458883	15Caa1001Ch0A	biological	fish gut metagenome	Caa	midgut [UBERON:0001045]	2015
PRJEB124417	DURANCE16S_RUN_15Caa1002Ch01A_durance1	DURANCE16S_EXP_15Caa1002Ch01A_durance1	DURANCE16S_15Caa1002Ch01A	durance1	prep1	1	15Caa1002Ch01A_durance1	ERR17752978	ERX17143521	15Caa1002Ch01A_S162_L001_R1_001.fastq.gz	34798ee693a170cfff28f66cf08ddf81	15Caa1002Ch01A_S162_L001_R2_001.fastq.gz	68e3e2160756bf60bf27f27bb1c29a45	15Caa1002Ch01A	biological	fish metagenome	Caa	caudal fin [UBERON:4000164]	2015
PRJEB124417	DURANCE16S_RUN_15Caa1002Ch01A_durance2	DURANCE16S_EXP_15Caa1002Ch01A_durance2	DURANCE16S_15Caa1002Ch01A	durance2	prep2	1	15Caa1002Ch01A_durance2	ERR17752981	ERX17143524	15Caa1002Ch01A_S162_L001_R1_001.fastq.gz	ce7a03edcf70e37b84c7aaaa7270cc20	15Caa1002Ch01A_S162_L001_R2_001.fastq.gz	17ec2a46c05a1c2cdc9411aff1691881	15Caa1002Ch01A	biological	fish metagenome	Caa	caudal fin [UBERON:4000164]	2015
PRJEB124417	DURANCE16S_RUN_15Caa1002Ch01A_durance3	DURANCE16S_EXP_15Caa1002Ch01A_durance3	DURANCE16S_15Caa1002Ch01A	durance3	prep2	2	15Caa1002Ch01A_durance3	ERR17752982	ERX17143525	15Caa1002Ch01A_S162_L001_R1_001.fastq.gz	733837af2301111c574b0b3e7db78c3c	15Caa1002Ch01A_S162_L001_R2_001.fastq.gz	9fda3823dfb902c11604a4d833390239	15Caa1002Ch01A	biological	fish metagenome	Caa	caudal fin [UBERON:4000164]	2015
PRJEB124417	DURANCE16S_RUN_15Caa1002Ch03A_durance1	DURANCE16S_EXP_15Caa1002Ch03A_durance1	DURANCE16S_15Caa1002Ch03A	durance1	prep1	1	15Caa1002Ch03A_durance1	ERR17752980	ERX17143523	15Caa1002Ch03A_S546_L001_R1_001.fastq.gz	264ca98d66a946cafc973816d2943cd6	15Caa1002Ch03A_S546_L001_R2_001.fastq.gz	497522de941cb0b8dacb532682f99902	15Caa1002Ch03A	biological	fish gut metagenome	Caa	hindgut [UBERON:0001046]	2015
PRJEB124417	DURANCE16S_RUN_15Caa1002Ch03A_durance2	DURANCE16S_EXP_15Caa1002Ch03A_durance2	DURANCE16S_15Caa1002Ch03A	durance2	prep2	1	15Caa1002Ch03A_durance2	ERR17752983	ERX17143526	15Caa1002Ch03A_S546_L001_R1_001.fastq.gz	83a5c437277dcbbf6283abae2b5a9950	15Caa1002Ch03A_S546_L001_R2_001.fastq.gz	d7fe7a8b72c72d0882556de947240e57	15Caa1002Ch03A	biological	fish gut metagenome	Caa	hindgut [UBERON:0001046]	2015
PRJEB124417	DURANCE16S_RUN_15Caa1002Ch03A_durance3	DURANCE16S_EXP_15Caa1002Ch03A_durance3	DURANCE16S_15Caa1002Ch03A	durance3	prep2	2	15Caa1002Ch03A_durance3	ERR17752984	ERX17143527	15Caa1002Ch03A_S546_L001_R1_001.fastq.gz	27cc888963b2967e10c41426188c9313	15Caa1002Ch03A_S546_L001_R2_001.fastq.gz	5ad59369aca542fe38c1bcf8f7df9c39	15Caa1002Ch03A	biological	fish gut metagenome	Caa	hindgut [UBERON:0001046]	2015
PRJEB124417	DURANCE16S_RUN_15Caa1002Ch05A_durance1	DURANCE16S_EXP_15Caa1002Ch05A_durance1	DURANCE16S_15Caa1002Ch05A	durance1	prep1	1	15Caa1002Ch05A_durance1	ERR17752985	ERX17143528	15Caa1002Ch05A_S354_L001_R1_001.fastq.gz	d0a01c0c3326f954b8c8812f3c0ba182	15Caa1002Ch05A_S354_L001_R2_001.fastq.gz	325ce0d8232ad78266d7bac431bd6ca7	15Caa1002Ch05A	biological	gill metagenome	Caa	gill [UBERON:0002535]	2015
PRJEB124417	DURANCE16S_RUN_15Caa1002Ch05A_durance2	DURANCE16S_EXP_15Caa1002Ch05A_durance2	DURANCE16S_15Caa1002Ch05A	durance2	prep2	1	15Caa1002Ch05A_durance2	ERR17752986	ERX17143529	15Caa1002Ch05A_S354_L001_R1_001.fastq.gz	db0e0518a833cd2ec932ebb7d722c2cb	15Caa1002Ch05A_S354_L001_R2_001.fastq.gz	c02b48018abcc322897936992823d193	15Caa1002Ch05A	biological	gill metagenome	Caa	gill [UBERON:0002535]	2015
PRJEB124417	DURANCE16S_RUN_15Caa1002Ch05A_durance3	DURANCE16S_EXP_15Caa1002Ch05A_durance3	DURANCE16S_15Caa1002Ch05A	durance3	prep2	2	15Caa1002Ch05A_durance3	ERR17752987	ERX17143530	15Caa1002Ch05A_S354_L001_R1_001.fastq.gz	d65f4276915280bd5431f3055cb2e991	15Caa1002Ch05A_S354_L001_R2_001.fastq.gz	5388d6b08ee72540b201f3100a12af24	15Caa1002Ch05A	biological	gill metagenome	Caa	gill [UBERON:0002535]	2015
PRJEB124417	DURANCE16S_RUN_15Caa1002Ch0A_durance1	DURANCE16S_EXP_15Caa1002Ch0A_durance1	DURANCE16S_15Caa1002Ch0A	durance1	prep1	1	15Caa1002Ch0A_durance1	ERR17752988	ERX17143531	15Caa1002Ch0A_S738_L001_R1_001.fastq.gz	49fccdc2f87a602f5340442f7817f5e7	15Caa1002Ch0A_S738_L001_R2_001.fastq.gz	2887bdf04a159eaab0053c17cc6dadb6	15Caa1002Ch0A	biological	fish gut metagenome	Caa	midgut [UBERON:0001045]	2015
PRJEB124417	DURANCE16S_RUN_15Caa1002Ch0A_durance2	DURANCE16S_EXP_15Caa1002Ch0A_durance2	DURANCE16S_15Caa1002Ch0A	durance2	prep2	1	15Caa1002Ch0A_durance2	ERR17752989	ERX17143532	15Caa1002Ch0A_S738_L001_R1_001.fastq.gz	9a15ff623d897fd9a160212e5971774f	15Caa1002Ch0A_S738_L001_R2_001.fastq.gz	fc60c3df53ff996c851d4ab555a09a76	15Caa1002Ch0A	biological	fish gut metagenome	Caa	midgut [UBERON:0001045]	2015
PRJEB124417	DURANCE16S_RUN_15Caa1002Ch0A_durance3	DURANCE16S_EXP_15Caa1002Ch0A_durance3	DURANCE16S_15Caa1002Ch0A	durance3	prep2	2	15Caa1002Ch0A_durance3	ERR17752990	ERX17143533	15Caa1002Ch0A_S738_L001_R1_001.fastq.gz	d2cc35310fa517f253f3c633628a9771	15Caa1002Ch0A_S738_L001_R2_001.fastq.gz	b55ff3bdc2e1ecc12d542523c66df389	15Caa1002Ch0A	biological	fish gut metagenome	Caa	midgut [UBERON:0001045]	2015
PRJEB124417	DURANCE16S_RUN_15Caa1003Ch01A_durance1	DURANCE16S_EXP_15Caa1003Ch01A_durance1	DURANCE16S_15Caa1003Ch01A	durance1	prep1	1	15Caa1003Ch01A_durance1	ERR17752991	ERX17143534	15Caa1003Ch01A_S174_L001_R1_001.fastq.gz	fb9ee0cc3343fc47f5d078f74f8ddc0c	15Caa1003Ch01A_S174_L001_R2_001.fastq.gz	d8670f6fef054db54cb8ad261ffe12ed	15Caa1003Ch01A	biological	fish metagenome	Caa	caudal fin [UBERON:4000164]	2015
PRJEB124417	DURANCE16S_RUN_15Caa1003Ch01A_durance2	DURANCE16S_EXP_15Caa1003Ch01A_durance2	DURANCE16S_15Caa1003Ch01A	durance2	prep2	1	15Caa1003Ch01A_durance2	ERR17752992	ERX17143535	15Caa1003Ch01A_S174_L001_R1_001.fastq.gz	5b86b78e4aa5985a3004c30ebc8cef5e	15Caa1003Ch01A_S174_L001_R2_001.fastq.gz	d7003aa7a9c941c73c84ce45a725091e	15Caa1003Ch01A	biological	fish metagenome	Caa	caudal fin [UBERON:4000164]	2015
PRJEB124417	DURANCE16S_RUN_15Caa1003Ch01A_durance3	DURANCE16S_EXP_15Caa1003Ch01A_durance3	DURANCE16S_15Caa1003Ch01A	durance3	prep2	2	15Caa1003Ch01A_durance3	ERR17752993	ERX17143536	15Caa1003Ch01A_S174_L001_R1_001.fastq.gz	ebf8347de333ffd99f4756b71e2c14c1	15Caa1003Ch01A_S174_L001_R2_001.fastq.gz	73ca961c9fb83971e43fbb1c20f2bfdf	15Caa1003Ch01A	biological	fish metagenome	Caa	caudal fin [UBERON:4000164]	2015
PRJEB124417	DURANCE16S_RUN_15Caa1003Ch03A_durance1	DURANCE16S_EXP_15Caa1003Ch03A_durance1	DURANCE16S_15Caa1003Ch03A	durance1	prep1	1	15Caa1003Ch03A_durance1	ERR17752995	ERX17143538	15Caa1003Ch03A_S558_L001_R1_001.fastq.gz	4f09a3f19ed0c820c9e73333e253a85c	15Caa1003Ch03A_S558_L001_R2_001.fastq.gz	06be6c73a0a1336bde6e230a64d743fb	15Caa1003Ch03A	biological	fish gut metagenome	Caa	hindgut [UBERON:0001046]	2015
PRJEB124417	DURANCE16S_RUN_15Caa1003Ch03A_durance2	DURANCE16S_EXP_15Caa1003Ch03A_durance2	DURANCE16S_15Caa1003Ch03A	durance2	prep2	1	15Caa1003Ch03A_durance2	ERR17752994	ERX17143537	15Caa1003Ch03A_S558_L001_R1_001.fastq.gz	4246212cd21853b20d8b934b340761ae	15Caa1003Ch03A_S558_L001_R2_001.fastq.gz	43add7b8cd6f7c06b133578e72ebd875	15Caa1003Ch03A	biological	fish gut metagenome	Caa	hindgut [UBERON:0001046]	2015
PRJEB124417	DURANCE16S_RUN_15Caa1003Ch03A_durance3	DURANCE16S_EXP_15Caa1003Ch03A_durance3	DURANCE16S_15Caa1003Ch03A	durance3	prep2	2	15Caa1003Ch03A_durance3	ERR17752996	ERX17143539	15Caa1003Ch03A_S558_L001_R1_001.fastq.gz	dfb246e4cb078756760d838018db5056	15Caa1003Ch03A_S558_L001_R2_001.fastq.gz	3b47e9c4917ffb1fd461f0c913edd756	15Caa1003Ch03A	biological	fish gut metagenome	Caa	hindgut [UBERON:0001046]	2015
PRJEB124417	DURANCE16S_RUN_15Caa1003Ch05A_durance1	DURANCE16S_EXP_15Caa1003Ch05A_durance1	DURANCE16S_15Caa1003Ch05A	durance1	prep1	1	15Caa1003Ch05A_durance1	ERR17752998	ERX17143541	15Caa1003Ch05A_S366_L001_R1_001.fastq.gz	5357364a254f4e0c78e6ebf2eb6fa2b5	15Caa1003Ch05A_S366_L001_R2_001.fastq.gz	7362465311eba050748430315743a52b	15Caa1003Ch05A	biological	gill metagenome	Caa	gill [UBERON:0002535]	2015
PRJEB124417	DURANCE16S_RUN_15Caa1003Ch05A_durance2	DURANCE16S_EXP_15Caa1003Ch05A_durance2	DURANCE16S_15Caa1003Ch05A	durance2	prep2	1	15Caa1003Ch05A_durance2	ERR17752997	ERX17143540	15Caa1003Ch05A_S366_L001_R1_001.fastq.gz	6b3294e64aaf356697e86a67a43ee184	15Caa1003Ch05A_S366_L001_R2_001.fastq.gz	17a6f9478c0440c4afaeab42bd3f618c	15Caa1003Ch05A	biological	gill metagenome	Caa	gill [UBERON:0002535]	2015
PRJEB124417	DURANCE16S_RUN_15Caa1003Ch05A_durance3	DURANCE16S_EXP_15Caa1003Ch05A_durance3	DURANCE16S_15Caa1003Ch05A	durance3	prep2	2	15Caa1003Ch05A_durance3	ERR17753001	ERX17143544	15Caa1003Ch05A_S366_L001_R1_001.fastq.gz	363c00dbafe82f638c58e41699495ed8	15Caa1003Ch05A_S366_L001_R2_001.fastq.gz	008704f0a98b6719ff286967e9b6511e	15Caa1003Ch05A	biological	gill metagenome	Caa	gill [UBERON:0002535]	2015
PRJEB124417	DURANCE16S_RUN_15Caa1003Ch0A_durance1	DURANCE16S_EXP_15Caa1003Ch0A_durance1	DURANCE16S_15Caa1003Ch0A	durance1	prep1	1	15Caa1003Ch0A_durance1	ERR17752999	ERX17143542	15Caa1003Ch0A_S750_L001_R1_001.fastq.gz	b5e89fbbd11d5cd305adacebc5ea44fc	15Caa1003Ch0A_S750_L001_R2_001.fastq.gz	907bd1d2853462ad6903e1447d4557f0	15Caa1003Ch0A	biological	fish gut metagenome	Caa	midgut [UBERON:0001045]	2015
PRJEB124417	DURANCE16S_RUN_15Caa1003Ch0A_durance2	DURANCE16S_EXP_15Caa1003Ch0A_durance2	DURANCE16S_15Caa1003Ch0A	durance2	prep2	1	15Caa1003Ch0A_durance2	ERR17753000	ERX17143543	15Caa1003Ch0A_S750_L001_R1_001.fastq.gz	64a330f774ffe9b56873f4ab7719f571	15Caa1003Ch0A_S750_L001_R2_001.fastq.gz	08dee6e638ae35e9aab89565ddef28fa	15Caa1003Ch0A	biological	fish gut metagenome	Caa	midgut [UBERON:0001045]	2015
PRJEB124417	DURANCE16S_RUN_15Caa1003Ch0A_durance3	DURANCE16S_EXP_15Caa1003Ch0A_durance3	DURANCE16S_15Caa1003Ch0A	durance3	prep2	2	15Caa1003Ch0A_durance3	ERR17753002	ERX17143545	15Caa1003Ch0A_S750_L001_R1_001.fastq.gz	6d01b442a5ff42e0f385c4eb6c784997	15Caa1003Ch0A_S750_L001_R2_001.fastq.gz	f2d6a3539796003fceaee868d027cfd4	15Caa1003Ch0A	biological	fish gut metagenome	Caa	midgut [UBERON:0001045]	2015
PRJEB124417	DURANCE16S_RUN_15Caa1004Ch01A_durance1	DURANCE16S_EXP_15Caa1004Ch01A_durance1	DURANCE16S_15Caa1004Ch01A	durance1	prep1	1	15Caa1004Ch01A_durance1	ERR17753003	ERX17143546	15Caa1004Ch01A_S186_L001_R1_001.fastq.gz	7cd6bf6b0ba24b400ad0003a69ddbad6	15Caa1004Ch01A_S186_L001_R2_001.fastq.gz	181a7eeb01ef3bd2301e4e829f345ef8	15Caa1004Ch01A	biological	fish metagenome	Caa	caudal fin [UBERON:4000164]	2015
PRJEB124417	DURANCE16S_RUN_15Caa1004Ch01A_durance2	DURANCE16S_EXP_15Caa1004Ch01A_durance2	DURANCE16S_15Caa1004Ch01A	durance2	prep2	1	15Caa1004Ch01A_durance2	ERR17753004	ERX17143547	15Caa1004Ch01A_S186_L001_R1_001.fastq.gz	12b4ab892da67c2722cbed8a44cfdbbb	15Caa1004Ch01A_S186_L001_R2_001.fastq.gz	0d2321f4bcea006fe9c36b964235e93e	15Caa1004Ch01A	biological	fish metagenome	Caa	caudal fin [UBERON:4000164]	2015
PRJEB124417	DURANCE16S_RUN_15Caa1004Ch01A_durance3	DURANCE16S_EXP_15Caa1004Ch01A_durance3	DURANCE16S_15Caa1004Ch01A	durance3	prep2	2	15Caa1004Ch01A_durance3	ERR17753010	ERX17143553	15Caa1004Ch01A_S186_L001_R1_001.fastq.gz	2d03f04988e782b29f8d63ad777d39b7	15Caa1004Ch01A_S186_L001_R2_001.fastq.gz	37973058deebb109a7dee6806ca42ed9	15Caa1004Ch01A	biological	fish metagenome	Caa	caudal fin [UBERON:4000164]	2015
PRJEB124417	DURANCE16S_RUN_15Caa1004Ch03A_durance1	DURANCE16S_EXP_15Caa1004Ch03A_durance1	DURANCE16S_15Caa1004Ch03A	durance1	prep1	1	15Caa1004Ch03A_durance1	ERR17753006	ERX17143549	15Caa1004Ch03A_S570_L001_R1_001.fastq.gz	e41ef4cc70b723e8a72fcfca27d58078	15Caa1004Ch03A_S570_L001_R2_001.fastq.gz	ead80e9bc512db37bd61e76aebb4577f	15Caa1004Ch03A	biological	fish gut metagenome	Caa	hindgut [UBERON:0001046]	2015
PRJEB124417	DURANCE16S_RUN_15Caa1004Ch03A_durance2	DURANCE16S_EXP_15Caa1004Ch03A_durance2	DURANCE16S_15Caa1004Ch03A	durance2	prep2	1	15Caa1004Ch03A_durance2	ERR17753007	ERX17143550	15Caa1004Ch03A_S570_L001_R1_001.fastq.gz	d11293900db91af969b6418842f20cb0	15Caa1004Ch03A_S570_L001_R2_001.fastq.gz	c6835ab6edd8c8cdf71a8c8908e067ed	15Caa1004Ch03A	biological	fish gut metagenome	Caa	hindgut [UBERON:0001046]	2015
PRJEB124417	DURANCE16S_RUN_15Caa1004Ch03A_durance3	DURANCE16S_EXP_15Caa1004Ch03A_durance3	DURANCE16S_15Caa1004Ch03A	durance3	prep2	2	15Caa1004Ch03A_durance3	ERR17753005	ERX17143548	15Caa1004Ch03A_S570_L001_R1_001.fastq.gz	a24a8720ed6df10a338e0f46dbebfb2c	15Caa1004Ch03A_S570_L001_R2_001.fastq.gz	906b3e75b3f26076b7adfe0c7273eed0	15Caa1004Ch03A	biological	fish gut metagenome	Caa	hindgut [UBERON:0001046]	2015
PRJEB124417	DURANCE16S_RUN_15Caa1004Ch05A_durance1	DURANCE16S_EXP_15Caa1004Ch05A_durance1	DURANCE16S_15Caa1004Ch05A	durance1	prep1	1	15Caa1004Ch05A_durance1	ERR17753011	ERX17143554	15Caa1004Ch05A_S378_L001_R1_001.fastq.gz	8f343589a8bfe8b12c6ffcf17b45d5f0	15Caa1004Ch05A_S378_L001_R2_001.fastq.gz	b3197216e472b660a631ab730a4742f0	15Caa1004Ch05A	biological	gill metagenome	Caa	gill [UBERON:0002535]	2015
PRJEB124417	DURANCE16S_RUN_15Caa1004Ch05A_durance2	DURANCE16S_EXP_15Caa1004Ch05A_durance2	DURANCE16S_15Caa1004Ch05A	durance2	prep2	1	15Caa1004Ch05A_durance2	ERR17753009	ERX17143552	15Caa1004Ch05A_S378_L001_R1_001.fastq.gz	5f4c6c55b97a93bcec8b7dfa4a2d6542	15Caa1004Ch05A_S378_L001_R2_001.fastq.gz	680e18bf9afee1d47c52edd0d9c82044	15Caa1004Ch05A	biological	gill metagenome	Caa	gill [UBERON:0002535]	2015
PRJEB124417	DURANCE16S_RUN_15Caa1004Ch05A_durance3	DURANCE16S_EXP_15Caa1004Ch05A_durance3	DURANCE16S_15Caa1004Ch05A	durance3	prep2	2	15Caa1004Ch05A_durance3	ERR17753012	ERX17143555	15Caa1004Ch05A_S378_L001_R1_001.fastq.gz	07981c63f76ae2f3de1d05d98cbb6a34	15Caa1004Ch05A_S378_L001_R2_001.fastq.gz	8f17235ea4d18ac123166a449a3fccb9	15Caa1004Ch05A	biological	gill metagenome	Caa	gill [UBERON:0002535]	2015
PRJEB124417	DURANCE16S_RUN_15Caa1004Ch0A_durance1	DURANCE16S_EXP_15Caa1004Ch0A_durance1	DURANCE16S_15Caa1004Ch0A	durance1	prep1	1	15Caa1004Ch0A_durance1	ERR17753008	ERX17143551	15Caa1004Ch0A_S762_L001_R1_001.fastq.gz	e7f1702985a2ae53d6919c0652615ec9	15Caa1004Ch0A_S762_L001_R2_001.fastq.gz	8d54af2a9714cb74c855c999365585e4	15Caa1004Ch0A	biological	fish gut metagenome	Caa	midgut [UBERON:0001045]	2015
PRJEB124417	DURANCE16S_RUN_15Caa1004Ch0A_durance2	DURANCE16S_EXP_15Caa1004Ch0A_durance2	DURANCE16S_15Caa1004Ch0A	durance2	prep2	1	15Caa1004Ch0A_durance2	ERR17753014	ERX17143557	15Caa1004Ch0A_S762_L001_R1_001.fastq.gz	3e34c8b60c520b8b92cb31bfb74da65a	15Caa1004Ch0A_S762_L001_R2_001.fastq.gz	c5af8d30833d88f7c4e79799986d1849	15Caa1004Ch0A	biological	fish gut metagenome	Caa	midgut [UBERON:0001045]	2015
PRJEB124417	DURANCE16S_RUN_15Caa1004Ch0A_durance3	DURANCE16S_EXP_15Caa1004Ch0A_durance3	DURANCE16S_15Caa1004Ch0A	durance3	prep2	2	15Caa1004Ch0A_durance3	ERR17753013	ERX17143556	15Caa1004Ch0A_S762_L001_R1_001.fastq.gz	88fc9c10b0666e39e40e217d36bfd44f	15Caa1004Ch0A_S762_L001_R2_001.fastq.gz	ac7c8d934b29b5f0dbc94ce3800ca7d7	15Caa1004Ch0A	biological	fish gut metagenome	Caa	midgut [UBERON:0001045]	2015
PRJEB124417	DURANCE16S_RUN_15Caa1005Ch01A_durance1	DURANCE16S_EXP_15Caa1005Ch01A_durance1	DURANCE16S_15Caa1005Ch01A	durance1	prep1	1	15Caa1005Ch01A_durance1	ERR17753016	ERX17143559	15Caa1005Ch01A_S103_L001_R1_001.fastq.gz	d821f42679660a1814e0f8732a49897d	15Caa1005Ch01A_S103_L001_R2_001.fastq.gz	53d5e5b5eb2b5e2e585e7c71ad07237e	15Caa1005Ch01A	biological	fish metagenome	Caa	caudal fin [UBERON:4000164]	2015
PRJEB124417	DURANCE16S_RUN_15Caa1005Ch01A_durance2	DURANCE16S_EXP_15Caa1005Ch01A_durance2	DURANCE16S_15Caa1005Ch01A	durance2	prep2	1	15Caa1005Ch01A_durance2	ERR17753017	ERX17143560	15Caa1005Ch01A_S103_L001_R1_001.fastq.gz	d6271c863c9d8fb4f6277c5b6a370023	15Caa1005Ch01A_S103_L001_R2_001.fastq.gz	637d0666f9664094c99384e1690b9376	15Caa1005Ch01A	biological	fish metagenome	Caa	caudal fin [UBERON:4000164]	2015
PRJEB124417	DURANCE16S_RUN_15Caa1005Ch01A_durance3	DURANCE16S_EXP_15Caa1005Ch01A_durance3	DURANCE16S_15Caa1005Ch01A	durance3	prep2	2	15Caa1005Ch01A_durance3	ERR17753015	ERX17143558	15Caa1005Ch01A_S103_L001_R1_001.fastq.gz	a023c0fcad62a2085647977563210229	15Caa1005Ch01A_S103_L001_R2_001.fastq.gz	da33516323e03f66c0bddddb72286637	15Caa1005Ch01A	biological	fish metagenome	Caa	caudal fin [UBERON:4000164]	2015
PRJEB124417	DURANCE16S_RUN_15Caa1005Ch03A_durance1	DURANCE16S_EXP_15Caa1005Ch03A_durance1	DURANCE16S_15Caa1005Ch03A	durance1	prep1	1	15Caa1005Ch03A_durance1	ERR17753019	ERX17143562	15Caa1005Ch03A_S487_L001_R1_001.fastq.gz	5752bbcea2fea625d625567a902fb236	15Caa1005Ch03A_S487_L001_R2_001.fastq.gz	6640a8934bcb8901e4240e1bc0b1555c	15Caa1005Ch03A	biological	fish gut metagenome	Caa	hindgut [UBERON:0001046]	2015
PRJEB124417	DURANCE16S_RUN_15Caa1005Ch03A_durance2	DURANCE16S_EXP_15Caa1005Ch03A_durance2	DURANCE16S_15Caa1005Ch03A	durance2	prep2	1	15Caa1005Ch03A_durance2	ERR17753018	ERX17143561	15Caa1005Ch03A_S487_L001_R1_001.fastq.gz	a8ff9e5e6bf051a83b12b4ef6fd371ff	15Caa1005Ch03A_S487_L001_R2_001.fastq.gz	511fe8100f4abcf57b1da3351f7fb599	15Caa1005Ch03A	biological	fish gut metagenome	Caa	hindgut [UBERON:0001046]	2015
PRJEB124417	DURANCE16S_RUN_15Caa1005Ch03A_durance3	DURANCE16S_EXP_15Caa1005Ch03A_durance3	DURANCE16S_15Caa1005Ch03A	durance3	prep2	2	15Caa1005Ch03A_durance3	ERR17753020	ERX17143563	15Caa1005Ch03A_S487_L001_R1_001.fastq.gz	acbf6f8adfcd336bc286d44c9a666f21	15Caa1005Ch03A_S487_L001_R2_001.fastq.gz	5b41daa304762686842b9a031499bc90	15Caa1005Ch03A	biological	fish gut metagenome	Caa	hindgut [UBERON:0001046]	2015
PRJEB124417	DURANCE16S_RUN_15Caa1005Ch05A_durance1	DURANCE16S_EXP_15Caa1005Ch05A_durance1	DURANCE16S_15Caa1005Ch05A	durance1	prep1	1	15Caa1005Ch05A_durance1	ERR17753023	ERX17143566	15Caa1005Ch05A_S295_L001_R1_001.fastq.gz	5477c8d9bfdce5730a97a4e6afdafabd	15Caa1005Ch05A_S295_L001_R2_001.fastq.gz	a5312ac9c84ec0fc1d649ba94f9fbdb1	15Caa1005Ch05A	biological	gill metagenome	Caa	gill [UBERON:0002535]	2015
PRJEB124417	DURANCE16S_RUN_15Caa1005Ch05A_durance2	DURANCE16S_EXP_15Caa1005Ch05A_durance2	DURANCE16S_15Caa1005Ch05A	durance2	prep2	1	15Caa1005Ch05A_durance2	ERR17753021	ERX17143564	15Caa1005Ch05A_S295_L001_R1_001.fastq.gz	f9c760a9d72624bfba35e4c084b26fc2	15Caa1005Ch05A_S295_L001_R2_001.fastq.gz	3c6b1f49e3e880e08c1213f6153895c1	15Caa1005Ch05A	biological	gill metagenome	Caa	gill [UBERON:0002535]	2015
PRJEB124417	DURANCE16S_RUN_15Caa1005Ch05A_durance3	DURANCE16S_EXP_15Caa1005Ch05A_durance3	DURANCE16S_15Caa1005Ch05A	durance3	prep2	2	15Caa1005Ch05A_durance3	ERR17753024	ERX17143567	15Caa1005Ch05A_S295_L001_R1_001.fastq.gz	a36d948d947b74663f7541e9b21eedee	15Caa1005Ch05A_S295_L001_R2_001.fastq.gz	2ada24d41b407e4538580bd69c8af162	15Caa1005Ch05A	biological	gill metagenome	Caa	gill [UBERON:0002535]	2015
PRJEB124417	DURANCE16S_RUN_15Caa1005Ch0A_durance1	DURANCE16S_EXP_15Caa1005Ch0A_durance1	DURANCE16S_15Caa1005Ch0A	durance1	prep1	1	15Caa1005Ch0A_durance1	ERR17753022	ERX17143565	15Caa1005Ch0A_S679_L001_R1_001.fastq.gz	59faf680e8bb62053fc427f718a683c5	15Caa1005Ch0A_S679_L001_R2_001.fastq.gz	cac63305501b1dd44e971f783e1b3479	15Caa1005Ch0A	biological	fish gut metagenome	Caa	midgut [UBERON:0001045]	2015
PRJEB124417	DURANCE16S_RUN_15Caa1005Ch0A_durance2	DURANCE16S_EXP_15Caa1005Ch0A_durance2	DURANCE16S_15Caa1005Ch0A	durance2	prep2	1	15Caa1005Ch0A_durance2	ERR17753026	ERX17143569	15Caa1005Ch0A_S679_L001_R1_001.fastq.gz	09c0ffa75a520bbda8b6ddf29eb30118	15Caa1005Ch0A_S679_L001_R2_001.fastq.gz	6d82e11032f5eddfc35e6b02b28d3c1e	15Caa1005Ch0A	biological	fish gut metagenome	Caa	midgut [UBERON:0001045]	2015
PRJEB124417	DURANCE16S_RUN_15Caa1005Ch0A_durance3	DURANCE16S_EXP_15Caa1005Ch0A_durance3	DURANCE16S_15Caa1005Ch0A	durance3	prep2	2	15Caa1005Ch0A_durance3	ERR17753025	ERX17143568	15Caa1005Ch0A_S679_L001_R1_001.fastq.gz	8cfece3eac6542e17a56ecda63e336c4	15Caa1005Ch0A_S679_L001_R2_001.fastq.gz	56c219d8643ef97056943610a1e48d3a	15Caa1005Ch0A	biological	fish gut metagenome	Caa	midgut [UBERON:0001045]	2015
PRJEB124417	DURANCE16S_RUN_15Caa1006Ch01A_durance1	DURANCE16S_EXP_15Caa1006Ch01A_durance1	DURANCE16S_15Caa1006Ch01A	durance1	prep1	1	15Caa1006Ch01A_durance1	ERR17753028	ERX17143571	15Caa1006Ch01A_S115_L001_R1_001.fastq.gz	9363a5de9b65d507314bdd5dbc86753b	15Caa1006Ch01A_S115_L001_R2_001.fastq.gz	f8a3546d02fa8704070050d91c3d8e17	15Caa1006Ch01A	biological	fish metagenome	Caa	caudal fin [UBERON:4000164]	2015
PRJEB124417	DURANCE16S_RUN_15Caa1006Ch01A_durance2	DURANCE16S_EXP_15Caa1006Ch01A_durance2	DURANCE16S_15Caa1006Ch01A	durance2	prep2	1	15Caa1006Ch01A_durance2	ERR17753027	ERX17143570	15Caa1006Ch01A_S115_L001_R1_001.fastq.gz	094a466cabb6d3422868dce2dd3477fb	15Caa1006Ch01A_S115_L001_R2_001.fastq.gz	ddf22635ae764474fb2aad0538e0e2b2	15Caa1006Ch01A	biological	fish metagenome	Caa	caudal fin [UBERON:4000164]	2015
PRJEB124417	DURANCE16S_RUN_15Caa1006Ch01A_durance3	DURANCE16S_EXP_15Caa1006Ch01A_durance3	DURANCE16S_15Caa1006Ch01A	durance3	prep2	2	15Caa1006Ch01A_durance3	ERR17753030	ERX17143573	15Caa1006Ch01A_S115_L001_R1_001.fastq.gz	65d9f0a4f4b388cf7eda062887a284b7	15Caa1006Ch01A_S115_L001_R2_001.fastq.gz	9a7c54b2bc278bab790b91873ef0f9fc	15Caa1006Ch01A	biological	fish metagenome	Caa	caudal fin [UBERON:4000164]	2015
PRJEB124417	DURANCE16S_RUN_15Caa1006Ch03A_durance1	DURANCE16S_EXP_15Caa1006Ch03A_durance1	DURANCE16S_15Caa1006Ch03A	durance1	prep1	1	15Caa1006Ch03A_durance1	ERR17753031	ERX17143574	15Caa1006Ch03A_S499_L001_R1_001.fastq.gz	3205ac4973d87efac2c209b405559257	15Caa1006Ch03A_S499_L001_R2_001.fastq.gz	d8aef66f7f47e92e9e779d450a6b495f	15Caa1006Ch03A	biological	fish gut metagenome	Caa	hindgut [UBERON:0001046]	2015
PRJEB124417	DURANCE16S_RUN_15Caa1006Ch03A_durance2	DURANCE16S_EXP_15Caa1006Ch03A_durance2	DURANCE16S_15Caa1006Ch03A	durance2	prep2	1	15Caa1006Ch03A_durance2	ERR17753032	ERX17143575	15Caa1006Ch03A_S499_L001_R1_001.fastq.gz	5e4fe4e66b41ccdaf8c7aa7b30e29236	15Caa1006Ch03A_S499_L001_R2_001.fastq.gz	a7d56c2f3bb0f94bcef7c32f61b1941b	15Caa1006Ch03A	biological	fish gut metagenome	Caa	hindgut [UBERON:0001046]	2015
PRJEB124417	DURANCE16S_RUN_15Caa1006Ch03A_durance3	DURANCE16S_EXP_15Caa1006Ch03A_durance3	DURANCE16S_15Caa1006Ch03A	durance3	prep2	2	15Caa1006Ch03A_durance3	ERR17753033	ERX17143576	15Caa1006Ch03A_S499_L001_R1_001.fastq.gz	4184beaf53cb18179f7ee12d10312146	15Caa1006Ch03A_S499_L001_R2_001.fastq.gz	1c30fd391f2189676930f564aa972418	15Caa1006Ch03A	biological	fish gut metagenome	Caa	hindgut [UBERON:0001046]	2015
PRJEB124417	DURANCE16S_RUN_15Caa1006Ch05A_durance1	DURANCE16S_EXP_15Caa1006Ch05A_durance1	DURANCE16S_15Caa1006Ch05A	durance1	prep1	1	15Caa1006Ch05A_durance1	ERR17753037	ERX17143580	15Caa1006Ch05A_S307_L001_R1_001.fastq.gz	eb55f30f94c9ce0aa01190b072f1daf4	15Caa1006Ch05A_S307_L001_R2_001.fastq.gz	216062b56a8393a96b8237e8965b2ddc	15Caa1006Ch05A	biological	gill metagenome	Caa	gill [UBERON:0002535]	2015
PRJEB124417	DURANCE16S_RUN_15Caa1006Ch05A_durance2	DURANCE16S_EXP_15Caa1006Ch05A_durance2	DURANCE16S_15Caa1006Ch05A	durance2	prep2	1	15Caa1006Ch05A_durance2	ERR17753034	ERX17143577	15Caa1006Ch05A_S307_L001_R1_001.fastq.gz	5d3a4d476b50020b771419fa9526fa1f	15Caa1006Ch05A_S307_L001_R2_001.fastq.gz	a845f4d3c71d32dcf76ed63062fc2d4b	15Caa1006Ch05A	biological	gill metagenome	Caa	gill [UBERON:0002535]	2015
PRJEB124417	DURANCE16S_RUN_15Caa1006Ch05A_durance3	DURANCE16S_EXP_15Caa1006Ch05A_durance3	DURANCE16S_15Caa1006Ch05A	durance3	prep2	2	15Caa1006Ch05A_durance3	ERR17753035	ERX17143578	15Caa1006Ch05A_S307_L001_R1_001.fastq.gz	457781d714308013c4c0a51501dc0881	15Caa1006Ch05A_S307_L001_R2_001.fastq.gz	7c3240ef5cdc7a308ff985fe2a8c5a2f	15Caa1006Ch05A	biological	gill metagenome	Caa	gill [UBERON:0002535]	2015
PRJEB124417	DURANCE16S_RUN_15Caa1006Ch0A_durance1	DURANCE16S_EXP_15Caa1006Ch0A_durance1	DURANCE16S_15Caa1006Ch0A	durance1	prep1	1	15Caa1006Ch0A_durance1	ERR17753036	ERX17143579	15Caa1006Ch0A_S691_L001_R1_001.fastq.gz	234fb5759873e5146cc88bc73543544e	15Caa1006Ch0A_S691_L001_R2_001.fastq.gz	e53f7cc9390dc677a84fd9d076d1191d	15Caa1006Ch0A	biological	fish gut metagenome	Caa	midgut [UBERON:0001045]	2015
PRJEB124417	DURANCE16S_RUN_15Caa1006Ch0A_durance2	DURANCE16S_EXP_15Caa1006Ch0A_durance2	DURANCE16S_15Caa1006Ch0A	durance2	prep2	1	15Caa1006Ch0A_durance2	ERR17753039	ERX17143582	15Caa1006Ch0A_S691_L001_R1_001.fastq.gz	7c64ffa71075c7ecaecddfdfb681a645	15Caa1006Ch0A_S691_L001_R2_001.fastq.gz	2477a4bae0f479bef17f6174c8773d3c	15Caa1006Ch0A	biological	fish gut metagenome	Caa	midgut [UBERON:0001045]	2015
PRJEB124417	DURANCE16S_RUN_15Caa1006Ch0A_durance3	DURANCE16S_EXP_15Caa1006Ch0A_durance3	DURANCE16S_15Caa1006Ch0A	durance3	prep2	2	15Caa1006Ch0A_durance3	ERR17753038	ERX17143581	15Caa1006Ch0A_S691_L001_R1_001.fastq.gz	74e3c11756604d53029ebde723092120	15Caa1006Ch0A_S691_L001_R2_001.fastq.gz	c6175e8cc0a64098c8008d5db16b4582	15Caa1006Ch0A	biological	fish gut metagenome	Caa	midgut [UBERON:0001045]	2015
PRJEB124417	DURANCE16S_RUN_15Caa1007Ch01A_durance1	DURANCE16S_EXP_15Caa1007Ch01A_durance1	DURANCE16S_15Caa1007Ch01A	durance1	prep1	1	15Caa1007Ch01A_durance1	ERR17753040	ERX17143583	15Caa1007Ch01A_S127_L001_R1_001.fastq.gz	789900958dc5df6ecd75377e67c54c37	15Caa1007Ch01A_S127_L001_R2_001.fastq.gz	c65620cb25f7c4ba26004f732d4669d0	15Caa1007Ch01A	biological	fish metagenome	Caa	caudal fin [UBERON:4000164]	2015
PRJEB124417	DURANCE16S_RUN_15Caa1007Ch01A_durance2	DURANCE16S_EXP_15Caa1007Ch01A_durance2	DURANCE16S_15Caa1007Ch01A	durance2	prep2	1	15Caa1007Ch01A_durance2	ERR17753042	ERX17143585	15Caa1007Ch01A_S127_L001_R1_001.fastq.gz	87ffbbc1799b6097b3e06e18b3c216ff	15Caa1007Ch01A_S127_L001_R2_001.fastq.gz	5d0ae6e4e6b9c0699b4076eaa1ffed2a	15Caa1007Ch01A	biological	fish metagenome	Caa	caudal fin [UBERON:4000164]	2015
PRJEB124417	DURANCE16S_RUN_15Caa1007Ch01A_durance3	DURANCE16S_EXP_15Caa1007Ch01A_durance3	DURANCE16S_15Caa1007Ch01A	durance3	prep2	2	15Caa1007Ch01A_durance3	ERR17753041	ERX17143584	15Caa1007Ch01A_S127_L001_R1_001.fastq.gz	5b287d78d90ee9e1590785ef3cb33909	15Caa1007Ch01A_S127_L001_R2_001.fastq.gz	e8d2d052933f622e55aacf1ffb8ee218	15Caa1007Ch01A	biological	fish metagenome	Caa	caudal fin [UBERON:4000164]	2015
PRJEB124417	DURANCE16S_RUN_15Caa1007Ch03A_durance1	DURANCE16S_EXP_15Caa1007Ch03A_durance1	DURANCE16S_15Caa1007Ch03A	durance1	prep1	1	15Caa1007Ch03A_durance1	ERR17753045	ERX17143588	15Caa1007Ch03A_S511_L001_R1_001.fastq.gz	a4b168671bbf4b4f618c1466f571ce4f	15Caa1007Ch03A_S511_L001_R2_001.fastq.gz	bed9ed3c8fe0b162f8fb7598258b8216	15Caa1007Ch03A	biological	fish gut metagenome	Caa	hindgut [UBERON:0001046]	2015
PRJEB124417	DURANCE16S_RUN_15Caa1007Ch03A_durance2	DURANCE16S_EXP_15Caa1007Ch03A_durance2	DURANCE16S_15Caa1007Ch03A	durance2	prep2	1	15Caa1007Ch03A_durance2	ERR17753044	ERX17143587	15Caa1007Ch03A_S511_L001_R1_001.fastq.gz	70242acc8ef3fe83562f4076b3ca6464	15Caa1007Ch03A_S511_L001_R2_001.fastq.gz	dd2ce81f81aa2e674e13abf2a3acadf0	15Caa1007Ch03A	biological	fish gut metagenome	Caa	hindgut [UBERON:0001046]	2015
PRJEB124417	DURANCE16S_RUN_15Caa1007Ch03A_durance3	DURANCE16S_EXP_15Caa1007Ch03A_durance3	DURANCE16S_15Caa1007Ch03A	durance3	prep2	2	15Caa1007Ch03A_durance3	ERR17753043	ERX17143586	15Caa1007Ch03A_S511_L001_R1_001.fastq.gz	6814d753d8720aaafc7edff05db6ebe4	15Caa1007Ch03A_S511_L001_R2_001.fastq.gz	18a29c79bb81a989479c41a7012d033f	15Caa1007Ch03A	biological	fish gut metagenome	Caa	hindgut [UBERON:0001046]	2015
PRJEB124417	DURANCE16S_RUN_15Caa1007Ch05A_durance1	DURANCE16S_EXP_15Caa1007Ch05A_durance1	DURANCE16S_15Caa1007Ch05A	durance1	prep1	1	15Caa1007Ch05A_durance1	ERR17753048	ERX17143591	15Caa1007Ch05A_S319_L001_R1_001.fastq.gz	e2b1d62e9516f29b845d1b61151b8fbd	15Caa1007Ch05A_S319_L001_R2_001.fastq.gz	73b4971750df9d45b123450ef110c345	15Caa1007Ch05A	biological	gill metagenome	Caa	gill [UBERON:0002535]	2015
PRJEB124417	DURANCE16S_RUN_15Caa1007Ch05A_durance2	DURANCE16S_EXP_15Caa1007Ch05A_durance2	DURANCE16S_15Caa1007Ch05A	durance2	prep2	1	15Caa1007Ch05A_durance2	ERR17753046	ERX17143589	15Caa1007Ch05A_S319_L001_R1_001.fastq.gz	94b2ec7f748ae1fef0d79a48d89570cc	15Caa1007Ch05A_S319_L001_R2_001.fastq.gz	c61e3b7a9d8eac6a7876efc058cd0294	15Caa1007Ch05A	biological	gill metagenome	Caa	gill [UBERON:0002535]	2015
PRJEB124417	DURANCE16S_RUN_15Caa1007Ch05A_durance3	DURANCE16S_EXP_15Caa1007Ch05A_durance3	DURANCE16S_15Caa1007Ch05A	durance3	prep2	2	15Caa1007Ch05A_durance3	ERR17753050	ERX17143593	15Caa1007Ch05A_S319_L001_R1_001.fastq.gz	5f97d079c789084a50fcfec11437ace7	15Caa1007Ch05A_S319_L001_R2_001.fastq.gz	79756951fab40939683ee5887c8b4fc1	15Caa1007Ch05A	biological	gill metagenome	Caa	gill [UBERON:0002535]	2015
PRJEB124417	DURANCE16S_RUN_15Caa1007Ch0A_durance1	DURANCE16S_EXP_15Caa1007Ch0A_durance1	DURANCE16S_15Caa1007Ch0A	durance1	prep1	1	15Caa1007Ch0A_durance1	ERR17753047	ERX17143590	15Caa1007Ch0A_S703_L001_R1_001.fastq.gz	65fcd006656bbeeea3aa812dd2a3fed4	15Caa1007Ch0A_S703_L001_R2_001.fastq.gz	528115147c1987bac1926235be8ec5d2	15Caa1007Ch0A	biological	fish gut metagenome	Caa	midgut [UBERON:0001045]	2015
PRJEB124417	DURANCE16S_RUN_15Caa1007Ch0A_durance2	DURANCE16S_EXP_15Caa1007Ch0A_durance2	DURANCE16S_15Caa1007Ch0A	durance2	prep2	1	15Caa1007Ch0A_durance2	ERR17753049	ERX17143592	15Caa1007Ch0A_S703_L001_R1_001.fastq.gz	f77142964b0b8afe5b4be9bb192b8fc5	15Caa1007Ch0A_S703_L001_R2_001.fastq.gz	a48f312f3eb442010e0e94967c02dc88	15Caa1007Ch0A	biological	fish gut metagenome	Caa	midgut [UBERON:0001045]	2015
PRJEB124417	DURANCE16S_RUN_15Caa1007Ch0A_durance3	DURANCE16S_EXP_15Caa1007Ch0A_durance3	DURANCE16S_15Caa1007Ch0A	durance3	prep2	2	15Caa1007Ch0A_durance3	ERR17753053	ERX17143596	15Caa1007Ch0A_S703_L001_R1_001.fastq.gz	7e1d7da60a3638331b53f6ce40fc6027	15Caa1007Ch0A_S703_L001_R2_001.fastq.gz	b7777797165a82059642a70d8f948f6d	15Caa1007Ch0A	biological	fish gut metagenome	Caa	midgut [UBERON:0001045]	2015
PRJEB124417	DURANCE16S_RUN_15Caa1008Ch01A_durance1	DURANCE16S_EXP_15Caa1008Ch01A_durance1	DURANCE16S_15Caa1008Ch01A	durance1	prep1	1	15Caa1008Ch01A_durance1	ERR17753051	ERX17143594	15Caa1008Ch01A_S139_L001_R1_001.fastq.gz	762d64839fa6ca65ed0d38ca769fabb0	15Caa1008Ch01A_S139_L001_R2_001.fastq.gz	1d57b53b38c0e5914f45ac2fd82bb213	15Caa1008Ch01A	biological	fish metagenome	Caa	caudal fin [UBERON:4000164]	2015
PRJEB124417	DURANCE16S_RUN_15Caa1008Ch01A_durance2	DURANCE16S_EXP_15Caa1008Ch01A_durance2	DURANCE16S_15Caa1008Ch01A	durance2	prep2	1	15Caa1008Ch01A_durance2	ERR17753052	ERX17143595	15Caa1008Ch01A_S139_L001_R1_001.fastq.gz	d70e55946fd7f99ffdcb0c07188965fa	15Caa1008Ch01A_S139_L001_R2_001.fastq.gz	641ae9ec53fadd1803c3ea1edd38d3ec	15Caa1008Ch01A	biological	fish metagenome	Caa	caudal fin [UBERON:4000164]	2015
PRJEB124417	DURANCE16S_RUN_15Caa1008Ch01A_durance3	DURANCE16S_EXP_15Caa1008Ch01A_durance3	DURANCE16S_15Caa1008Ch01A	durance3	prep2	2	15Caa1008Ch01A_durance3	ERR17753054	ERX17143597	15Caa1008Ch01A_S139_L001_R1_001.fastq.gz	b73fe67ee7fa249187abc1872ef9afa4	15Caa1008Ch01A_S139_L001_R2_001.fastq.gz	c9303c45056e374ee049172fe4defef5	15Caa1008Ch01A	biological	fish metagenome	Caa	caudal fin [UBERON:4000164]	2015
PRJEB124417	DURANCE16S_RUN_15Caa1008Ch03A_durance1	DURANCE16S_EXP_15Caa1008Ch03A_durance1	DURANCE16S_15Caa1008Ch03A	durance1	prep1	1	15Caa1008Ch03A_durance1	ERR17753055	ERX17143598	15Caa1008Ch03A_S523_L001_R1_001.fastq.gz	7ca523b9e5bc34b0e5ae4c4cd71c7fb0	15Caa1008Ch03A_S523_L001_R2_001.fastq.gz	184a505d6402cdca3dda427b63322cf9	15Caa1008Ch03A	biological	fish gut metagenome	Caa	hindgut [UBERON:0001046]	2015
PRJEB124417	DURANCE16S_RUN_15Caa1008Ch03A_durance2	DURANCE16S_EXP_15Caa1008Ch03A_durance2	DURANCE16S_15Caa1008Ch03A	durance2	prep2	1	15Caa1008Ch03A_durance2	ERR17753056	ERX17143599	15Caa1008Ch03A_S523_L001_R1_001.fastq.gz	507758d1a4b51acdc51da2678d262291	15Caa1008Ch03A_S523_L001_R2_001.fastq.gz	3db0b59d532197663d975ccd6e7cfb3f	15Caa1008Ch03A	biological	fish gut metagenome	Caa	hindgut [UBERON:0001046]	2015
PRJEB124417	DURANCE16S_RUN_15Caa1008Ch03A_durance3	DURANCE16S_EXP_15Caa1008Ch03A_durance3	DURANCE16S_15Caa1008Ch03A	durance3	prep2	2	15Caa1008Ch03A_durance3	ERR17753058	ERX17143601	15Caa1008Ch03A_S523_L001_R1_001.fastq.gz	c9122cd0e00c8f18f212c241cc15771e	15Caa1008Ch03A_S523_L001_R2_001.fastq.gz	9e622c39eca87b39878db47fbad959b9	15Caa1008Ch03A	biological	fish gut metagenome	Caa	hindgut [UBERON:0001046]	2015
PRJEB124417	DURANCE16S_RUN_15Caa1008Ch05A_durance1	DURANCE16S_EXP_15Caa1008Ch05A_durance1	DURANCE16S_15Caa1008Ch05A	durance1	prep1	1	15Caa1008Ch05A_durance1	ERR17753057	ERX17143600	15Caa1008Ch05A_S331_L001_R1_001.fastq.gz	186a569f691a2877792161b8c5ebff39	15Caa1008Ch05A_S331_L001_R2_001.fastq.gz	51cfaa04a3b694a36be93b606b4b3ea6	15Caa1008Ch05A	biological	gill metagenome	Caa	gill [UBERON:0002535]	2015
PRJEB124417	DURANCE16S_RUN_15Caa1008Ch05A_durance2	DURANCE16S_EXP_15Caa1008Ch05A_durance2	DURANCE16S_15Caa1008Ch05A	durance2	prep2	1	15Caa1008Ch05A_durance2	ERR17753060	ERX17143603	15Caa1008Ch05A_S331_L001_R1_001.fastq.gz	02f26da064f8528e55ce63e26b80b097	15Caa1008Ch05A_S331_L001_R2_001.fastq.gz	cb5086fdf07222721bf986ed1b418359	15Caa1008Ch05A	biological	gill metagenome	Caa	gill [UBERON:0002535]	2015
PRJEB124417	DURANCE16S_RUN_15Caa1008Ch05A_durance3	DURANCE16S_EXP_15Caa1008Ch05A_durance3	DURANCE16S_15Caa1008Ch05A	durance3	prep2	2	15Caa1008Ch05A_durance3	ERR17753061	ERX17143604	15Caa1008Ch05A_S331_L001_R1_001.fastq.gz	6e07ec4f3c2ea8b2e95068a8129e6f93	15Caa1008Ch05A_S331_L001_R2_001.fastq.gz	cea6c46bae7f2cc0dd7aa630bb084f73	15Caa1008Ch05A	biological	gill metagenome	Caa	gill [UBERON:0002535]	2015
PRJEB124417	DURANCE16S_RUN_15Caa1008Ch0A_durance1	DURANCE16S_EXP_15Caa1008Ch0A_durance1	DURANCE16S_15Caa1008Ch0A	durance1	prep1	1	15Caa1008Ch0A_durance1	ERR17753062	ERX17143605	15Caa1008Ch0A_S715_L001_R1_001.fastq.gz	04fc8a3565247e4849ed5ec70a55e268	15Caa1008Ch0A_S715_L001_R2_001.fastq.gz	b3a5416b4acf3e15be8f610cd74210b1	15Caa1008Ch0A	biological	fish gut metagenome	Caa	midgut [UBERON:0001045]	2015
PRJEB124417	DURANCE16S_RUN_15Caa1008Ch0A_durance2	DURANCE16S_EXP_15Caa1008Ch0A_durance2	DURANCE16S_15Caa1008Ch0A	durance2	prep2	1	15Caa1008Ch0A_durance2	ERR17753063	ERX17143606	15Caa1008Ch0A_S715_L001_R1_001.fastq.gz	898a673ddc909f209b9012ed96334089	15Caa1008Ch0A_S715_L001_R2_001.fastq.gz	151be86d45dfbff32d18ab5711f52218	15Caa1008Ch0A	biological	fish gut metagenome	Caa	midgut [UBERON:0001045]	2015
PRJEB124417	DURANCE16S_RUN_15Caa1008Ch0A_durance3	DURANCE16S_EXP_15Caa1008Ch0A_durance3	DURANCE16S_15Caa1008Ch0A	durance3	prep2	2	15Caa1008Ch0A_durance3	ERR17753065	ERX17143608	15Caa1008Ch0A_S715_L001_R1_001.fastq.gz	5871769a425819d7289d0821e3c1418e	15Caa1008Ch0A_S715_L001_R2_001.fastq.gz	d7a9e482e052837e914164b25082b747	15Caa1008Ch0A	biological	fish gut metagenome	Caa	midgut [UBERON:0001045]	2015
PRJEB124417	DURANCE16S_RUN_15Caa1009Ch01A_durance1	DURANCE16S_EXP_15Caa1009Ch01A_durance1	DURANCE16S_15Caa1009Ch01A	durance1	prep1	1	15Caa1009Ch01A_durance1	ERR17753064	ERX17143607	15Caa1009Ch01A_S151_L001_R1_001.fastq.gz	c32f7bead39e45ce43b63ded1e091bb7	15Caa1009Ch01A_S151_L001_R2_001.fastq.gz	d46302b491e1697fe9b00c900e3656c5	15Caa1009Ch01A	biological	fish metagenome	Caa	caudal fin [UBERON:4000164]	2015
PRJEB124417	DURANCE16S_RUN_15Caa1009Ch01A_durance2	DURANCE16S_EXP_15Caa1009Ch01A_durance2	DURANCE16S_15Caa1009Ch01A	durance2	prep2	1	15Caa1009Ch01A_durance2	ERR17753066	ERX17143609	15Caa1009Ch01A_S151_L001_R1_001.fastq.gz	d204c5de8b862762659c3cf4baf86786	15Caa1009Ch01A_S151_L001_R2_001.fastq.gz	a9ffd069db7a39480d0984af1c2172f4	15Caa1009Ch01A	biological	fish metagenome	Caa	caudal fin [UBERON:4000164]	2015
PRJEB124417	DURANCE16S_RUN_15Caa1009Ch01A_durance3	DURANCE16S_EXP_15Caa1009Ch01A_durance3	DURANCE16S_15Caa1009Ch01A	durance3	prep2	2	15Caa1009Ch01A_durance3	ERR17753067	ERX17143610	15Caa1009Ch01A_S151_L001_R1_001.fastq.gz	473cf0d0a68ca7599951428909167514	15Caa1009Ch01A_S151_L001_R2_001.fastq.gz	b665a9fb460a31a09db7cc68b708e5ae	15Caa1009Ch01A	biological	fish metagenome	Caa	caudal fin [UBERON:4000164]	2015
PRJEB124417	DURANCE16S_RUN_15Caa1009Ch03A_durance1	DURANCE16S_EXP_15Caa1009Ch03A_durance1	DURANCE16S_15Caa1009Ch03A	durance1	prep1	1	15Caa1009Ch03A_durance1	ERR17753069	ERX17143612	15Caa1009Ch03A_S535_L001_R1_001.fastq.gz	3b9ae48afd901e6dcdb533d299d0bbe6	15Caa1009Ch03A_S535_L001_R2_001.fastq.gz	d310c00ebf41de6c636f7c355d763036	15Caa1009Ch03A	biological	fish gut metagenome	Caa	hindgut [UBERON:0001046]	2015
PRJEB124417	DURANCE16S_RUN_15Caa1009Ch03A_durance2	DURANCE16S_EXP_15Caa1009Ch03A_durance2	DURANCE16S_15Caa1009Ch03A	durance2	prep2	1	15Caa1009Ch03A_durance2	ERR17753070	ERX17143613	15Caa1009Ch03A_S535_L001_R1_001.fastq.gz	6e89d1a3d2e86802b0aca54829ea7b6d	15Caa1009Ch03A_S535_L001_R2_001.fastq.gz	a1292e41afe0ab48517dc617b0aef429	15Caa1009Ch03A	biological	fish gut metagenome	Caa	hindgut [UBERON:0001046]	2015
PRJEB124417	DURANCE16S_RUN_15Caa1009Ch03A_durance3	DURANCE16S_EXP_15Caa1009Ch03A_durance3	DURANCE16S_15Caa1009Ch03A	durance3	prep2	2	15Caa1009Ch03A_durance3	ERR17753068	ERX17143611	15Caa1009Ch03A_S535_L001_R1_001.fastq.gz	be76acbec8a4ccdcd3b76538edd0175a	15Caa1009Ch03A_S535_L001_R2_001.fastq.gz	8865c6c0f517a2bbcf8269eff90fe390	15Caa1009Ch03A	biological	fish gut metagenome	Caa	hindgut [UBERON:0001046]	2015
PRJEB124417	DURANCE16S_RUN_15Caa1009Ch05A_durance1	DURANCE16S_EXP_15Caa1009Ch05A_durance1	DURANCE16S_15Caa1009Ch05A	durance1	prep1	1	15Caa1009Ch05A_durance1	ERR17753071	ERX17143614	15Caa1009Ch05A_S343_L001_R1_001.fastq.gz	711466dfd59e3507b7d34d7f1d05b13c	15Caa1009Ch05A_S343_L001_R2_001.fastq.gz	59cc0bbe2147f32eb31444cfb1b74c0a	15Caa1009Ch05A	biological	gill metagenome	Caa	gill [UBERON:0002535]	2015
PRJEB124417	DURANCE16S_RUN_15Caa1009Ch05A_durance2	DURANCE16S_EXP_15Caa1009Ch05A_durance2	DURANCE16S_15Caa1009Ch05A	durance2	prep2	1	15Caa1009Ch05A_durance2	ERR17753072	ERX17143615	15Caa1009Ch05A_S343_L001_R1_001.fastq.gz	ad643f1af01df9e788c0fff8ebdd5b8b	15Caa1009Ch05A_S343_L001_R2_001.fastq.gz	b615c156008fc54bf09e93b8178f896b	15Caa1009Ch05A	biological	gill metagenome	Caa	gill [UBERON:0002535]	2015
PRJEB124417	DURANCE16S_RUN_15Caa1009Ch05A_durance3	DURANCE16S_EXP_15Caa1009Ch05A_durance3	DURANCE16S_15Caa1009Ch05A	durance3	prep2	2	15Caa1009Ch05A_durance3	ERR17753075	ERX17143618	15Caa1009Ch05A_S343_L001_R1_001.fastq.gz	09e7a8a4bd7248597110e6db945a81a6	15Caa1009Ch05A_S343_L001_R2_001.fastq.gz	903c8134434a6e296ad6a1f2f337149c	15Caa1009Ch05A	biological	gill metagenome	Caa	gill [UBERON:0002535]	2015
PRJEB124417	DURANCE16S_RUN_15Caa1009Ch0A_durance1	DURANCE16S_EXP_15Caa1009Ch0A_durance1	DURANCE16S_15Caa1009Ch0A	durance1	prep1	1	15Caa1009Ch0A_durance1	ERR17753073	ERX17143616	15Caa1009Ch0A_S727_L001_R1_001.fastq.gz	ffb65040649f18ccf1967e1a2968d287	15Caa1009Ch0A_S727_L001_R2_001.fastq.gz	0fc21e7bdbd5326584fb1d6f92781aa3	15Caa1009Ch0A	biological	fish gut metagenome	Caa	midgut [UBERON:0001045]	2015
PRJEB124417	DURANCE16S_RUN_15Caa1009Ch0A_durance2	DURANCE16S_EXP_15Caa1009Ch0A_durance2	DURANCE16S_15Caa1009Ch0A	durance2	prep2	1	15Caa1009Ch0A_durance2	ERR17753076	ERX17143619	15Caa1009Ch0A_S727_L001_R1_001.fastq.gz	d50e4f64c3a65dc2335c7c05ba069cfa	15Caa1009Ch0A_S727_L001_R2_001.fastq.gz	656937cc02d03d467c08e25a37e41c13	15Caa1009Ch0A	biological	fish gut metagenome	Caa	midgut [UBERON:0001045]	2015
PRJEB124417	DURANCE16S_RUN_15Caa1009Ch0A_durance3	DURANCE16S_EXP_15Caa1009Ch0A_durance3	DURANCE16S_15Caa1009Ch0A	durance3	prep2	2	15Caa1009Ch0A_durance3	ERR17753074	ERX17143617	15Caa1009Ch0A_S727_L001_R1_001.fastq.gz	7153e5dcba1fd4629cf2e643edd86c82	15Caa1009Ch0A_S727_L001_R2_001.fastq.gz	b554c568d10f2c9a40cd20b9117278af	15Caa1009Ch0A	biological	fish gut metagenome	Caa	midgut [UBERON:0001045]	2015
PRJEB124417	DURANCE16S_RUN_15Caa1010Ch01A_durance1	DURANCE16S_EXP_15Caa1010Ch01A_durance1	DURANCE16S_15Caa1010Ch01A	durance1	prep1	1	15Caa1010Ch01A_durance1	ERR17753078	ERX17143621	15Caa1010Ch01A_S163_L001_R1_001.fastq.gz	86cfd06dff73b6c1da5e4dcd06aa1895	15Caa1010Ch01A_S163_L001_R2_001.fastq.gz	425a6af4543782d64b6f849252fe10ef	15Caa1010Ch01A	biological	fish metagenome	Caa	caudal fin [UBERON:4000164]	2015
PRJEB124417	DURANCE16S_RUN_15Caa1010Ch01A_durance2	DURANCE16S_EXP_15Caa1010Ch01A_durance2	DURANCE16S_15Caa1010Ch01A	durance2	prep2	1	15Caa1010Ch01A_durance2	ERR17753077	ERX17143620	15Caa1010Ch01A_S163_L001_R1_001.fastq.gz	484b443f620ff873ef067ffebfbfabef	15Caa1010Ch01A_S163_L001_R2_001.fastq.gz	a11cd56af48931cfd4e74685c6cbb796	15Caa1010Ch01A	biological	fish metagenome	Caa	caudal fin [UBERON:4000164]	2015
PRJEB124417	DURANCE16S_RUN_15Caa1010Ch01A_durance3	DURANCE16S_EXP_15Caa1010Ch01A_durance3	DURANCE16S_15Caa1010Ch01A	durance3	prep2	2	15Caa1010Ch01A_durance3	ERR17753079	ERX17143622	15Caa1010Ch01A_S163_L001_R1_001.fastq.gz	f7bd84466f69c49077fa163fb2d1f9f7	15Caa1010Ch01A_S163_L001_R2_001.fastq.gz	a69f85389d34e47c89e6bebbac5f7ec4	15Caa1010Ch01A	biological	fish metagenome	Caa	caudal fin [UBERON:4000164]	2015
PRJEB124417	DURANCE16S_RUN_15Caa1010Ch03A_durance1	DURANCE16S_EXP_15Caa1010Ch03A_durance1	DURANCE16S_15Caa1010Ch03A	durance1	prep1	1	15Caa1010Ch03A_durance1	ERR17753080	ERX17143623	15Caa1010Ch03A_S547_L001_R1_001.fastq.gz	dca8af29d0a02ff9cd636b4c3dddfb8c	15Caa1010Ch03A_S547_L001_R2_001.fastq.gz	044aea4fb77a3e9c7dc729d474faf0cf	15Caa1010Ch03A	biological	fish gut metagenome	Caa	hindgut [UBERON:0001046]	2015
PRJEB124417	DURANCE16S_RUN_15Caa1010Ch03A_durance2	DURANCE16S_EXP_15Caa1010Ch03A_durance2	DURANCE16S_15Caa1010Ch03A	durance2	prep2	1	15Caa1010Ch03A_durance2	ERR17753086	ERX17143629	15Caa1010Ch03A_S547_L001_R1_001.fastq.gz	a0858200a9a07865457f397455bff4d7	15Caa1010Ch03A_S547_L001_R2_001.fastq.gz	f610fca2c266955c04ced7c42ef348dc	15Caa1010Ch03A	biological	fish gut metagenome	Caa	hindgut [UBERON:0001046]	2015
PRJEB124417	DURANCE16S_RUN_15Caa1010Ch03A_durance3	DURANCE16S_EXP_15Caa1010Ch03A_durance3	DURANCE16S_15Caa1010Ch03A	durance3	prep2	2	15Caa1010Ch03A_durance3	ERR17753085	ERX17143628	15Caa1010Ch03A_S547_L001_R1_001.fastq.gz	a66b6cd6e94ac54ab21c2e2045dd11c7	15Caa1010Ch03A_S547_L001_R2_001.fastq.gz	f2009ba3114eff8652927e9b68b68256	15Caa1010Ch03A	biological	fish gut metagenome	Caa	hindgut [UBERON:0001046]	2015
PRJEB124417	DURANCE16S_RUN_15Caa1010Ch05A_durance1	DURANCE16S_EXP_15Caa1010Ch05A_durance1	DURANCE16S_15Caa1010Ch05A	durance1	prep1	1	15Caa1010Ch05A_durance1	ERR17753081	ERX17143624	15Caa1010Ch05A_S355_L001_R1_001.fastq.gz	5158e4a23da804dea2df299dfcca8f70	15Caa1010Ch05A_S355_L001_R2_001.fastq.gz	bfe89d68beca4bd6dc222ba91817ba7e	15Caa1010Ch05A	biological	gill metagenome	Caa	gill [UBERON:0002535]	2015
PRJEB124417	DURANCE16S_RUN_15Caa1010Ch05A_durance2	DURANCE16S_EXP_15Caa1010Ch05A_durance2	DURANCE16S_15Caa1010Ch05A	durance2	prep2	1	15Caa1010Ch05A_durance2	ERR17753083	ERX17143626	15Caa1010Ch05A_S355_L001_R1_001.fastq.gz	82e71fd422d01ac96a31ea41844b4ccd	15Caa1010Ch05A_S355_L001_R2_001.fastq.gz	060ff88e9993e22b925596568802bf46	15Caa1010Ch05A	biological	gill metagenome	Caa	gill [UBERON:0002535]	2015
PRJEB124417	DURANCE16S_RUN_15Caa1010Ch05A_durance3	DURANCE16S_EXP_15Caa1010Ch05A_durance3	DURANCE16S_15Caa1010Ch05A	durance3	prep2	2	15Caa1010Ch05A_durance3	ERR17753084	ERX17143627	15Caa1010Ch05A_S355_L001_R1_001.fastq.gz	cd68daa33b0de9629fee77bda7d73dde	15Caa1010Ch05A_S355_L001_R2_001.fastq.gz	d3fb0fa54277cc0f526cc6b042673ff3	15Caa1010Ch05A	biological	gill metagenome	Caa	gill [UBERON:0002535]	2015
PRJEB124417	DURANCE16S_RUN_15Caa1010Ch0A_durance1	DURANCE16S_EXP_15Caa1010Ch0A_durance1	DURANCE16S_15Caa1010Ch0A	durance1	prep1	1	15Caa1010Ch0A_durance1	ERR17753087	ERX17143630	15Caa1010Ch0A_S739_L001_R1_001.fastq.gz	02886ebeb9f463beadc9152ebbde1d6b	15Caa1010Ch0A_S739_L001_R2_001.fastq.gz	03e54f1e1b2e6dc7b323c041586e3548	15Caa1010Ch0A	biological	fish gut metagenome	Caa	midgut [UBERON:0001045]	2015
PRJEB124417	DURANCE16S_RUN_15Caa1010Ch0A_durance2	DURANCE16S_EXP_15Caa1010Ch0A_durance2	DURANCE16S_15Caa1010Ch0A	durance2	prep2	1	15Caa1010Ch0A_durance2	ERR17753088	ERX17143631	15Caa1010Ch0A_S739_L001_R1_001.fastq.gz	a692098f1992dcb1cb7cc77ed4e6935b	15Caa1010Ch0A_S739_L001_R2_001.fastq.gz	544703d53c3e6eb55f5f35f0574481ea	15Caa1010Ch0A	biological	fish gut metagenome	Caa	midgut [UBERON:0001045]	2015
PRJEB124417	DURANCE16S_RUN_15Caa1010Ch0A_durance3	DURANCE16S_EXP_15Caa1010Ch0A_durance3	DURANCE16S_15Caa1010Ch0A	durance3	prep2	2	15Caa1010Ch0A_durance3	ERR17753089	ERX17143632	15Caa1010Ch0A_S739_L001_R1_001.fastq.gz	6fb943bc8ea1f88dfb9d44535f6b6ff8	15Caa1010Ch0A_S739_L001_R2_001.fastq.gz	8cf0a6248fdbe732d602bf4518fec108	15Caa1010Ch0A	biological	fish gut metagenome	Caa	midgut [UBERON:0001045]	2015
PRJEB124417	DURANCE16S_RUN_15Caa1011Ch01A_durance1	DURANCE16S_EXP_15Caa1011Ch01A_durance1	DURANCE16S_15Caa1011Ch01A	durance1	prep1	1	15Caa1011Ch01A_durance1	ERR17753090	ERX17143633	15Caa1011Ch01A_S175_L001_R1_001.fastq.gz	65d35865c280182482411680fdcf84f3	15Caa1011Ch01A_S175_L001_R2_001.fastq.gz	78b0a3e44991eb1744f96700417024f8	15Caa1011Ch01A	biological	fish metagenome	Caa	caudal fin [UBERON:4000164]	2015
PRJEB124417	DURANCE16S_RUN_15Caa1011Ch01A_durance2	DURANCE16S_EXP_15Caa1011Ch01A_durance2	DURANCE16S_15Caa1011Ch01A	durance2	prep2	1	15Caa1011Ch01A_durance2	ERR17753091	ERX17143634	15Caa1011Ch01A_S175_L001_R1_001.fastq.gz	c2aa76547078bf64f46621d2b3f52325	15Caa1011Ch01A_S175_L001_R2_001.fastq.gz	8cd75e68ca68b73a912e40ca16ba7bb2	15Caa1011Ch01A	biological	fish metagenome	Caa	caudal fin [UBERON:4000164]	2015
PRJEB124417	DURANCE16S_RUN_15Caa1011Ch01A_durance3	DURANCE16S_EXP_15Caa1011Ch01A_durance3	DURANCE16S_15Caa1011Ch01A	durance3	prep2	2	15Caa1011Ch01A_durance3	ERR17753092	ERX17143635	15Caa1011Ch01A_S175_L001_R1_001.fastq.gz	e5f4e48871f4a7af7bb149198b8e6f24	15Caa1011Ch01A_S175_L001_R2_001.fastq.gz	e084a461bc89ad887537d8c3114ef359	15Caa1011Ch01A	biological	fish metagenome	Caa	caudal fin [UBERON:4000164]	2015
PRJEB124417	DURANCE16S_RUN_15Caa1011Ch03A_durance1	DURANCE16S_EXP_15Caa1011Ch03A_durance1	DURANCE16S_15Caa1011Ch03A	durance1	prep1	1	15Caa1011Ch03A_durance1	ERR17753093	ERX17143636	15Caa1011Ch03A_S559_L001_R1_001.fastq.gz	9d38b5ab48d731fc09d73d56fb80864d	15Caa1011Ch03A_S559_L001_R2_001.fastq.gz	621764daf015d82e353b5ca2c6898ac9	15Caa1011Ch03A	biological	fish gut metagenome	Caa	hindgut [UBERON:0001046]	2015
PRJEB124417	DURANCE16S_RUN_15Caa1011Ch03A_durance2	DURANCE16S_EXP_15Caa1011Ch03A_durance2	DURANCE16S_15Caa1011Ch03A	durance2	prep2	1	15Caa1011Ch03A_durance2	ERR17753094	ERX17143637	15Caa1011Ch03A_S559_L001_R1_001.fastq.gz	a56d1d2700831c761a371ac883c2d17c	15Caa1011Ch03A_S559_L001_R2_001.fastq.gz	750c483a2b4b5f1a06aa4f2d6be2c924	15Caa1011Ch03A	biological	fish gut metagenome	Caa	hindgut [UBERON:0001046]	2015
PRJEB124417	DURANCE16S_RUN_15Caa1011Ch03A_durance3	DURANCE16S_EXP_15Caa1011Ch03A_durance3	DURANCE16S_15Caa1011Ch03A	durance3	prep2	2	15Caa1011Ch03A_durance3	ERR17753095	ERX17143638	15Caa1011Ch03A_S559_L001_R1_001.fastq.gz	afffc1a86b93318676688bad9377c59c	15Caa1011Ch03A_S559_L001_R2_001.fastq.gz	17d74e90f7b44f1e058f553f83b333f1	15Caa1011Ch03A	biological	fish gut metagenome	Caa	hindgut [UBERON:0001046]	2015
PRJEB124417	DURANCE16S_RUN_15Caa1011Ch05A_durance1	DURANCE16S_EXP_15Caa1011Ch05A_durance1	DURANCE16S_15Caa1011Ch05A	durance1	prep1	1	15Caa1011Ch05A_durance1	ERR17753097	ERX17143640	15Caa1011Ch05A_S367_L001_R1_001.fastq.gz	5c2ce9d019441bc5fbca4597e6dc1f76	15Caa1011Ch05A_S367_L001_R2_001.fastq.gz	e038edcb9784f08100b1197511d6b254	15Caa1011Ch05A	biological	gill metagenome	Caa	gill [UBERON:0002535]	2015
PRJEB124417	DURANCE16S_RUN_15Caa1011Ch05A_durance2	DURANCE16S_EXP_15Caa1011Ch05A_durance2	DURANCE16S_15Caa1011Ch05A	durance2	prep2	1	15Caa1011Ch05A_durance2	ERR17753096	ERX17143639	15Caa1011Ch05A_S367_L001_R1_001.fastq.gz	6ccd9941d0315301554e08a26aa13de8	15Caa1011Ch05A_S367_L001_R2_001.fastq.gz	02804c2dd6a8d68907dafcdf1ea4d888	15Caa1011Ch05A	biological	gill metagenome	Caa	gill [UBERON:0002535]	2015
PRJEB124417	DURANCE16S_RUN_15Caa1011Ch05A_durance3	DURANCE16S_EXP_15Caa1011Ch05A_durance3	DURANCE16S_15Caa1011Ch05A	durance3	prep2	2	15Caa1011Ch05A_durance3	ERR17753098	ERX17143641	15Caa1011Ch05A_S367_L001_R1_001.fastq.gz	6a5743ce642e84d04a669c69d661c3be	15Caa1011Ch05A_S367_L001_R2_001.fastq.gz	f89260b25021c97655a63c6c2804246f	15Caa1011Ch05A	biological	gill metagenome	Caa	gill [UBERON:0002535]	2015
PRJEB124417	DURANCE16S_RUN_15Caa1011Ch0A_durance1	DURANCE16S_EXP_15Caa1011Ch0A_durance1	DURANCE16S_15Caa1011Ch0A	durance1	prep1	1	15Caa1011Ch0A_durance1	ERR17753099	ERX17143642	15Caa1011Ch0A_S751_L001_R1_001.fastq.gz	1e80f75703413aba2f4a809558655bcd	15Caa1011Ch0A_S751_L001_R2_001.fastq.gz	92625670008098d1f07f95351c9da6ed	15Caa1011Ch0A	biological	fish gut metagenome	Caa	midgut [UBERON:0001045]	2015
PRJEB124417	DURANCE16S_RUN_15Caa1011Ch0A_durance2	DURANCE16S_EXP_15Caa1011Ch0A_durance2	DURANCE16S_15Caa1011Ch0A	durance2	prep2	1	15Caa1011Ch0A_durance2	ERR17753100	ERX17143643	15Caa1011Ch0A_S751_L001_R1_001.fastq.gz	608af859ad85c26984467cf1e595bd94	15Caa1011Ch0A_S751_L001_R2_001.fastq.gz	bf50774e45f57c6db26a9678a5a6f5e2	15Caa1011Ch0A	biological	fish gut metagenome	Caa	midgut [UBERON:0001045]	2015
PRJEB124417	DURANCE16S_RUN_15Caa1011Ch0A_durance3	DURANCE16S_EXP_15Caa1011Ch0A_durance3	DURANCE16S_15Caa1011Ch0A	durance3	prep2	2	15Caa1011Ch0A_durance3	ERR17753102	ERX17143645	15Caa1011Ch0A_S751_L001_R1_001.fastq.gz	3519c924b6cf100fde1eb9781e40b99e	15Caa1011Ch0A_S751_L001_R2_001.fastq.gz	acbf100b72872f073aed0deee37e9195	15Caa1011Ch0A	biological	fish gut metagenome	Caa	midgut [UBERON:0001045]	2015
PRJEB124417	DURANCE16S_RUN_15Caa1012Ch01A_durance1	DURANCE16S_EXP_15Caa1012Ch01A_durance1	DURANCE16S_15Caa1012Ch01A	durance1	prep1	1	15Caa1012Ch01A_durance1	ERR17753101	ERX17143644	15Caa1012Ch01A_S187_L001_R1_001.fastq.gz	60bcbbb243190b2dc30aecfdcfd7fa93	15Caa1012Ch01A_S187_L001_R2_001.fastq.gz	5235c3bba23ea7f9bae3a01b2af9dc22	15Caa1012Ch01A	biological	fish metagenome	Caa	caudal fin [UBERON:4000164]	2015
PRJEB124417	DURANCE16S_RUN_15Caa1012Ch01A_durance2	DURANCE16S_EXP_15Caa1012Ch01A_durance2	DURANCE16S_15Caa1012Ch01A	durance2	prep2	1	15Caa1012Ch01A_durance2	ERR17753103	ERX17143646	15Caa1012Ch01A_S187_L001_R1_001.fastq.gz	9127bca68259875b27958e634d34f495	15Caa1012Ch01A_S187_L001_R2_001.fastq.gz	3b9263173c7675e979f2c3640e361d41	15Caa1012Ch01A	biological	fish metagenome	Caa	caudal fin [UBERON:4000164]	2015
PRJEB124417	DURANCE16S_RUN_15Caa1012Ch01A_durance3	DURANCE16S_EXP_15Caa1012Ch01A_durance3	DURANCE16S_15Caa1012Ch01A	durance3	prep2	2	15Caa1012Ch01A_durance3	ERR17753107	ERX17143650	15Caa1012Ch01A_S187_L001_R1_001.fastq.gz	8fadaaafe403b80961b2467ea59855e0	15Caa1012Ch01A_S187_L001_R2_001.fastq.gz	bee1dbc6f0b7fb51140e3f679f1ee881	15Caa1012Ch01A	biological	fish metagenome	Caa	caudal fin [UBERON:4000164]	2015
PRJEB124417	DURANCE16S_RUN_15Caa1012Ch03A_durance1	DURANCE16S_EXP_15Caa1012Ch03A_durance1	DURANCE16S_15Caa1012Ch03A	durance1	prep1	1	15Caa1012Ch03A_durance1	ERR17753105	ERX17143648	15Caa1012Ch03A_S571_L001_R1_001.fastq.gz	ac1cb5a01b1f219af0a52924cb70491e	15Caa1012Ch03A_S571_L001_R2_001.fastq.gz	992f747f5f199706ec37099bab467380	15Caa1012Ch03A	biological	fish gut metagenome	Caa	hindgut [UBERON:0001046]	2015
PRJEB124417	DURANCE16S_RUN_15Caa1012Ch03A_durance2	DURANCE16S_EXP_15Caa1012Ch03A_durance2	DURANCE16S_15Caa1012Ch03A	durance2	prep2	1	15Caa1012Ch03A_durance2	ERR17753106	ERX17143649	15Caa1012Ch03A_S571_L001_R1_001.fastq.gz	17f698e85f131bb88140881ba61b0e94	15Caa1012Ch03A_S571_L001_R2_001.fastq.gz	5432f971c469eac2e27bfba073db62ac	15Caa1012Ch03A	biological	fish gut metagenome	Caa	hindgut [UBERON:0001046]	2015
PRJEB124417	DURANCE16S_RUN_15Caa1012Ch03A_durance3	DURANCE16S_EXP_15Caa1012Ch03A_durance3	DURANCE16S_15Caa1012Ch03A	durance3	prep2	2	15Caa1012Ch03A_durance3	ERR17753108	ERX17143651	15Caa1012Ch03A_S571_L001_R1_001.fastq.gz	4aa61d4db9cb7d4fcd4f1821bc928da4	15Caa1012Ch03A_S571_L001_R2_001.fastq.gz	de0aa839340466e2c40d8a9c363e7c79	15Caa1012Ch03A	biological	fish gut metagenome	Caa	hindgut [UBERON:0001046]	2015
PRJEB124417	DURANCE16S_RUN_15Caa1012Ch05A_durance1	DURANCE16S_EXP_15Caa1012Ch05A_durance1	DURANCE16S_15Caa1012Ch05A	durance1	prep1	1	15Caa1012Ch05A_durance1	ERR17753104	ERX17143647	15Caa1012Ch05A_S379_L001_R1_001.fastq.gz	c1121b39d3969282648f08892e08fb69	15Caa1012Ch05A_S379_L001_R2_001.fastq.gz	8bf4d835d62402ea6b952924b96e85cc	15Caa1012Ch05A	biological	gill metagenome	Caa	gill [UBERON:0002535]	2015
PRJEB124417	DURANCE16S_RUN_15Caa1012Ch05A_durance2	DURANCE16S_EXP_15Caa1012Ch05A_durance2	DURANCE16S_15Caa1012Ch05A	durance2	prep2	1	15Caa1012Ch05A_durance2	ERR17753109	ERX17143652	15Caa1012Ch05A_S379_L001_R1_001.fastq.gz	f7ab0da1e21d97ec8848a6535ae53195	15Caa1012Ch05A_S379_L001_R2_001.fastq.gz	5e69f531b8fc667f60c871f2681d42a6	15Caa1012Ch05A	biological	gill metagenome	Caa	gill [UBERON:0002535]	2015
PRJEB124417	DURANCE16S_RUN_15Caa1012Ch05A_durance3	DURANCE16S_EXP_15Caa1012Ch05A_durance3	DURANCE16S_15Caa1012Ch05A	durance3	prep2	2	15Caa1012Ch05A_durance3	ERR17753111	ERX17143654	15Caa1012Ch05A_S379_L001_R1_001.fastq.gz	004d97948813420afc74fb9fb03c6651	15Caa1012Ch05A_S379_L001_R2_001.fastq.gz	6ae49faa6d596676f0763038eb64e90c	15Caa1012Ch05A	biological	gill metagenome	Caa	gill [UBERON:0002535]	2015
PRJEB124417	DURANCE16S_RUN_15Caa1012Ch0A_durance1	DURANCE16S_EXP_15Caa1012Ch0A_durance1	DURANCE16S_15Caa1012Ch0A	durance1	prep1	1	15Caa1012Ch0A_durance1	ERR17753110	ERX17143653	15Caa1012Ch0A_S763_L001_R1_001.fastq.gz	91c2fffafd50527dccc81c17f7ac10d0	15Caa1012Ch0A_S763_L001_R2_001.fastq.gz	809542b111672985be1a9e4a9416ec40	15Caa1012Ch0A	biological	fish gut metagenome	Caa	midgut [UBERON:0001045]	2015
PRJEB124417	DURANCE16S_RUN_15Caa1012Ch0A_durance2	DURANCE16S_EXP_15Caa1012Ch0A_durance2	DURANCE16S_15Caa1012Ch0A	durance2	prep2	1	15Caa1012Ch0A_durance2	ERR17753112	ERX17143655	15Caa1012Ch0A_S763_L001_R1_001.fastq.gz	cf4145cacd4fedb8042ae05477d5b7f6	15Caa1012Ch0A_S763_L001_R2_001.fastq.gz	cfeb875e141e385363d0aadf51cd1bf3	15Caa1012Ch0A	biological	fish gut metagenome	Caa	midgut [UBERON:0001045]	2015
PRJEB124417	DURANCE16S_RUN_15Caa1012Ch0A_durance3	DURANCE16S_EXP_15Caa1012Ch0A_durance3	DURANCE16S_15Caa1012Ch0A	durance3	prep2	2	15Caa1012Ch0A_durance3	ERR17753114	ERX17143657	15Caa1012Ch0A_S763_L001_R1_001.fastq.gz	e5a89e4016ec9c4a7db052caba82a59c	15Caa1012Ch0A_S763_L001_R2_001.fastq.gz	89f96e9de6e00dc36bce1b8cc2097bee	15Caa1012Ch0A	biological	fish gut metagenome	Caa	midgut [UBERON:0001045]	2015
PRJEB124417	DURANCE16S_RUN_15Caa1013Ch01A_durance1	DURANCE16S_EXP_15Caa1013Ch01A_durance1	DURANCE16S_15Caa1013Ch01A	durance1	prep1	1	15Caa1013Ch01A_durance1	ERR17753113	ERX17143656	15Caa1013Ch01A_S104_L001_R1_001.fastq.gz	c6df83893706b341745b3398263ae6e6	15Caa1013Ch01A_S104_L001_R2_001.fastq.gz	958682545470cc98dc3c40134543a801	15Caa1013Ch01A	biological	fish metagenome	Caa	caudal fin [UBERON:4000164]	2015
PRJEB124417	DURANCE16S_RUN_15Caa1013Ch01A_durance2	DURANCE16S_EXP_15Caa1013Ch01A_durance2	DURANCE16S_15Caa1013Ch01A	durance2	prep2	1	15Caa1013Ch01A_durance2	ERR17753115	ERX17143658	15Caa1013Ch01A_S104_L001_R1_001.fastq.gz	cd5fa6d9e98cf4ecc6c91d30361119ac	15Caa1013Ch01A_S104_L001_R2_001.fastq.gz	7930c1c32b9dfb0836ca16f839b70fda	15Caa1013Ch01A	biological	fish metagenome	Caa	caudal fin [UBERON:4000164]	2015
PRJEB124417	DURANCE16S_RUN_15Caa1013Ch01A_durance3	DURANCE16S_EXP_15Caa1013Ch01A_durance3	DURANCE16S_15Caa1013Ch01A	durance3	prep2	2	15Caa1013Ch01A_durance3	ERR17753117	ERX17143660	15Caa1013Ch01A_S104_L001_R1_001.fastq.gz	5ef8c84f80f2231b8afb30d20451b4f8	15Caa1013Ch01A_S104_L001_R2_001.fastq.gz	f77be045d6679f857c16e62c588c3b63	15Caa1013Ch01A	biological	fish metagenome	Caa	caudal fin [UBERON:4000164]	2015
PRJEB124417	DURANCE16S_RUN_15Caa1013Ch03A_durance1	DURANCE16S_EXP_15Caa1013Ch03A_durance1	DURANCE16S_15Caa1013Ch03A	durance1	prep1	1	15Caa1013Ch03A_durance1	ERR17753118	ERX17143661	15Caa1013Ch03A_S488_L001_R1_001.fastq.gz	13595fcc5e09e7443f5dbe6d91d3ea76	15Caa1013Ch03A_S488_L001_R2_001.fastq.gz	cbca72e4f5095ef115baf83e80f01fd0	15Caa1013Ch03A	biological	fish gut metagenome	Caa	hindgut [UBERON:0001046]	2015
PRJEB124417	DURANCE16S_RUN_15Caa1013Ch03A_durance2	DURANCE16S_EXP_15Caa1013Ch03A_durance2	DURANCE16S_15Caa1013Ch03A	durance2	prep2	1	15Caa1013Ch03A_durance2	ERR17753119	ERX17143662	15Caa1013Ch03A_S488_L001_R1_001.fastq.gz	4d010543171d097098b714cb656e988f	15Caa1013Ch03A_S488_L001_R2_001.fastq.gz	33f6454335be1c1e3c9f2ef034d1d4ff	15Caa1013Ch03A	biological	fish gut metagenome	Caa	hindgut [UBERON:0001046]	2015
PRJEB124417	DURANCE16S_RUN_15Caa1013Ch03A_durance3	DURANCE16S_EXP_15Caa1013Ch03A_durance3	DURANCE16S_15Caa1013Ch03A	durance3	prep2	2	15Caa1013Ch03A_durance3	ERR17753116	ERX17143659	15Caa1013Ch03A_S488_L001_R1_001.fastq.gz	a65c2d4f2b1d4b93ff72cef934ca78e5	15Caa1013Ch03A_S488_L001_R2_001.fastq.gz	8fd4154536f28884a2c9eba134deeefb	15Caa1013Ch03A	biological	fish gut metagenome	Caa	hindgut [UBERON:0001046]	2015
PRJEB124417	DURANCE16S_RUN_15Caa1013Ch05A_durance1	DURANCE16S_EXP_15Caa1013Ch05A_durance1	DURANCE16S_15Caa1013Ch05A	durance1	prep1	1	15Caa1013Ch05A_durance1	ERR17753121	ERX17143664	15Caa1013Ch05A_S296_L001_R1_001.fastq.gz	e295d5dba371b9014ec8580819ab1183	15Caa1013Ch05A_S296_L001_R2_001.fastq.gz	b81bb5e8f99bf0097ffb7c994d58a9fa	15Caa1013Ch05A	biological	gill metagenome	Caa	gill [UBERON:0002535]	2015
PRJEB124417	DURANCE16S_RUN_15Caa1013Ch05A_durance2	DURANCE16S_EXP_15Caa1013Ch05A_durance2	DURANCE16S_15Caa1013Ch05A	durance2	prep2	1	15Caa1013Ch05A_durance2	ERR17753120	ERX17143663	15Caa1013Ch05A_S296_L001_R1_001.fastq.gz	af0a38ec7319f9f946d3ed0b13020236	15Caa1013Ch05A_S296_L001_R2_001.fastq.gz	b651cd0e52df9162350bcb6396b3e5db	15Caa1013Ch05A	biological	gill metagenome	Caa	gill [UBERON:0002535]	2015
PRJEB124417	DURANCE16S_RUN_15Caa1013Ch05A_durance3	DURANCE16S_EXP_15Caa1013Ch05A_durance3	DURANCE16S_15Caa1013Ch05A	durance3	prep2	2	15Caa1013Ch05A_durance3	ERR17753123	ERX17143666	15Caa1013Ch05A_S296_L001_R1_001.fastq.gz	6f65a20b5d43c23f1913b02ec45f6058	15Caa1013Ch05A_S296_L001_R2_001.fastq.gz	601a3a35132c450be963b19a5156b6fc	15Caa1013Ch05A	biological	gill metagenome	Caa	gill [UBERON:0002535]	2015
PRJEB124417	DURANCE16S_RUN_15Caa1013Ch0A_durance1	DURANCE16S_EXP_15Caa1013Ch0A_durance1	DURANCE16S_15Caa1013Ch0A	durance1	prep1	1	15Caa1013Ch0A_durance1	ERR17753125	ERX17143668	15Caa1013Ch0A_S680_L001_R1_001.fastq.gz	d7f1ad62aec744986d128e4e56407b43	15Caa1013Ch0A_S680_L001_R2_001.fastq.gz	dd66f1a20c2b63cbcbc796a931690912	15Caa1013Ch0A	biological	fish gut metagenome	Caa	midgut [UBERON:0001045]	2015
PRJEB124417	DURANCE16S_RUN_15Caa1013Ch0A_durance2	DURANCE16S_EXP_15Caa1013Ch0A_durance2	DURANCE16S_15Caa1013Ch0A	durance2	prep2	1	15Caa1013Ch0A_durance2	ERR17753122	ERX17143665	15Caa1013Ch0A_S680_L001_R1_001.fastq.gz	71212e2dbc4a9decdf7bc544e2dfe95c	15Caa1013Ch0A_S680_L001_R2_001.fastq.gz	88b527389da000e52b4b97bd316c10f9	15Caa1013Ch0A	biological	fish gut metagenome	Caa	midgut [UBERON:0001045]	2015
PRJEB124417	DURANCE16S_RUN_15Caa1013Ch0A_durance3	DURANCE16S_EXP_15Caa1013Ch0A_durance3	DURANCE16S_15Caa1013Ch0A	durance3	prep2	2	15Caa1013Ch0A_durance3	ERR17753126	ERX17143669	15Caa1013Ch0A_S680_L001_R1_001.fastq.gz	b9b92708e8ecbc237b9903dd860bc1b3	15Caa1013Ch0A_S680_L001_R2_001.fastq.gz	3ae98868c373058f734c990c1628a7de	15Caa1013Ch0A	biological	fish gut metagenome	Caa	midgut [UBERON:0001045]	2015
PRJEB124417	DURANCE16S_RUN_15Caa1014Ch01A_durance1	DURANCE16S_EXP_15Caa1014Ch01A_durance1	DURANCE16S_15Caa1014Ch01A	durance1	prep1	1	15Caa1014Ch01A_durance1	ERR17753124	ERX17143667	15Caa1014Ch01A_S116_L001_R1_001.fastq.gz	9ffa19aedd3c6d0b21b55a94679f60d9	15Caa1014Ch01A_S116_L001_R2_001.fastq.gz	dab6e14fba0e6d5544d70fb731c9747e	15Caa1014Ch01A	biological	fish metagenome	Caa	caudal fin [UBERON:4000164]	2015
PRJEB124417	DURANCE16S_RUN_15Caa1014Ch01A_durance2	DURANCE16S_EXP_15Caa1014Ch01A_durance2	DURANCE16S_15Caa1014Ch01A	durance2	prep2	1	15Caa1014Ch01A_durance2	ERR17753127	ERX17143670	15Caa1014Ch01A_S116_L001_R1_001.fastq.gz	de8d1c06b7c60482df09c16b3b993c3d	15Caa1014Ch01A_S116_L001_R2_001.fastq.gz	8c20fff89fa0a6de600789dac4fe1ac6	15Caa1014Ch01A	biological	fish metagenome	Caa	caudal fin [UBERON:4000164]	2015
PRJEB124417	DURANCE16S_RUN_15Caa1014Ch01A_durance3	DURANCE16S_EXP_15Caa1014Ch01A_durance3	DURANCE16S_15Caa1014Ch01A	durance3	prep2	2	15Caa1014Ch01A_durance3	ERR17753132	ERX17143675	15Caa1014Ch01A_S116_L001_R1_001.fastq.gz	2e2bf48539a5b33a94be90671332ddac	15Caa1014Ch01A_S116_L001_R2_001.fastq.gz	bbba827f6b469defd6c0941960f9c1a6	15Caa1014Ch01A	biological	fish metagenome	Caa	caudal fin [UBERON:4000164]	2015
PRJEB124417	DURANCE16S_RUN_15Caa1014Ch03A_durance1	DURANCE16S_EXP_15Caa1014Ch03A_durance1	DURANCE16S_15Caa1014Ch03A	durance1	prep1	1	15Caa1014Ch03A_durance1	ERR17753130	ERX17143673	15Caa1014Ch03A_S500_L001_R1_001.fastq.gz	dbc03647c755ae0f33b720befcea2a9a	15Caa1014Ch03A_S500_L001_R2_001.fastq.gz	bb0761e8af78549b634b300fb4e30c61	15Caa1014Ch03A	biological	fish gut metagenome	Caa	hindgut [UBERON:0001046]	2015
PRJEB124417	DURANCE16S_RUN_15Caa1014Ch03A_durance2	DURANCE16S_EXP_15Caa1014Ch03A_durance2	DURANCE16S_15Caa1014Ch03A	durance2	prep2	1	15Caa1014Ch03A_durance2	ERR17753128	ERX17143671	15Caa1014Ch03A_S500_L001_R1_001.fastq.gz	9a577fb2cc98559ff586cb6faba43413	15Caa1014Ch03A_S500_L001_R2_001.fastq.gz	e610b259a3991fee7a8ba438269d7cca	15Caa1014Ch03A	biological	fish gut metagenome	Caa	hindgut [UBERON:0001046]	2015
PRJEB124417	DURANCE16S_RUN_15Caa1014Ch03A_durance3	DURANCE16S_EXP_15Caa1014Ch03A_durance3	DURANCE16S_15Caa1014Ch03A	durance3	prep2	2	15Caa1014Ch03A_durance3	ERR17753131	ERX17143674	15Caa1014Ch03A_S500_L001_R1_001.fastq.gz	92416d675911e4180d972a403c4d3ff9	15Caa1014Ch03A_S500_L001_R2_001.fastq.gz	f29eaac26004b369f3ff96de445116b9	15Caa1014Ch03A	biological	fish gut metagenome	Caa	hindgut [UBERON:0001046]	2015
PRJEB124417	DURANCE16S_RUN_15Caa1014Ch05A_durance1	DURANCE16S_EXP_15Caa1014Ch05A_durance1	DURANCE16S_15Caa1014Ch05A	durance1	prep1	1	15Caa1014Ch05A_durance1	ERR17753133	ERX17143676	15Caa1014Ch05A_S308_L001_R1_001.fastq.gz	fb9bab29ad259ff41c7ccb37912dfc23	15Caa1014Ch05A_S308_L001_R2_001.fastq.gz	bb7ecb2fc532d2a8c83c5903839a876a	15Caa1014Ch05A	biological	gill metagenome	Caa	gill [UBERON:0002535]	2015
PRJEB124417	DURANCE16S_RUN_15Caa1014Ch05A_durance2	DURANCE16S_EXP_15Caa1014Ch05A_durance2	DURANCE16S_15Caa1014Ch05A	durance2	prep2	1	15Caa1014Ch05A_durance2	ERR17753129	ERX17143672	15Caa1014Ch05A_S308_L001_R1_001.fastq.gz	ac34c4f6890ca824c1d990e94c746b56	15Caa1014Ch05A_S308_L001_R2_001.fastq.gz	d66e5a62e60aedc2055a0c7fe64a0c64	15Caa1014Ch05A	biological	gill metagenome	Caa	gill [UBERON:0002535]	2015
PRJEB124417	DURANCE16S_RUN_15Caa1014Ch05A_durance3	DURANCE16S_EXP_15Caa1014Ch05A_durance3	DURANCE16S_15Caa1014Ch05A	durance3	prep2	2	15Caa1014Ch05A_durance3	ERR17753134	ERX17143677	15Caa1014Ch05A_S308_L001_R1_001.fastq.gz	617feb2832ae2d7bfb1cf377965ce195	15Caa1014Ch05A_S308_L001_R2_001.fastq.gz	be593b042c64966e35fb966ccbfb0964	15Caa1014Ch05A	biological	gill metagenome	Caa	gill [UBERON:0002535]	2015
PRJEB124417	DURANCE16S_RUN_15Caa1014Ch0A_durance1	DURANCE16S_EXP_15Caa1014Ch0A_durance1	DURANCE16S_15Caa1014Ch0A	durance1	prep1	1	15Caa1014Ch0A_durance1	ERR17753135	ERX17143678	15Caa1014Ch0A_S692_L001_R1_001.fastq.gz	f6ed4a9bdb6029dd06e6b8d212e8ef54	15Caa1014Ch0A_S692_L001_R2_001.fastq.gz	80495a4730eac043234358c293664c24	15Caa1014Ch0A	biological	fish gut metagenome	Caa	midgut [UBERON:0001045]	2015
PRJEB124417	DURANCE16S_RUN_15Caa1014Ch0A_durance2	DURANCE16S_EXP_15Caa1014Ch0A_durance2	DURANCE16S_15Caa1014Ch0A	durance2	prep2	1	15Caa1014Ch0A_durance2	ERR17753139	ERX17143682	15Caa1014Ch0A_S692_L001_R1_001.fastq.gz	e25f2bd36e5ddc65a4bb22a1d8df737d	15Caa1014Ch0A_S692_L001_R2_001.fastq.gz	52bedb6386cbb8c8fd5a68c2000858cd	15Caa1014Ch0A	biological	fish gut metagenome	Caa	midgut [UBERON:0001045]	2015
PRJEB124417	DURANCE16S_RUN_15Caa1014Ch0A_durance3	DURANCE16S_EXP_15Caa1014Ch0A_durance3	DURANCE16S_15Caa1014Ch0A	durance3	prep2	2	15Caa1014Ch0A_durance3	ERR17753136	ERX17143679	15Caa1014Ch0A_S692_L001_R1_001.fastq.gz	104f8361306c0732ba97e28548d6b0a0	15Caa1014Ch0A_S692_L001_R2_001.fastq.gz	ae7cf5fe9f34c0a5b62267e492c297f6	15Caa1014Ch0A	biological	fish gut metagenome	Caa	midgut [UBERON:0001045]	2015
PRJEB124417	DURANCE16S_RUN_15Caa1015Ch01A_durance1	DURANCE16S_EXP_15Caa1015Ch01A_durance1	DURANCE16S_15Caa1015Ch01A	durance1	prep1	1	15Caa1015Ch01A_durance1	ERR17753138	ERX17143681	15Caa1015Ch01A_S128_L001_R1_001.fastq.gz	c1666b2a75a74543eb5b8b38e130eeb2	15Caa1015Ch01A_S128_L001_R2_001.fastq.gz	caa642d096098cac612a43d9c49d25d2	15Caa1015Ch01A	biological	fish metagenome	Caa	caudal fin [UBERON:4000164]	2015
PRJEB124417	DURANCE16S_RUN_15Caa1015Ch01A_durance2	DURANCE16S_EXP_15Caa1015Ch01A_durance2	DURANCE16S_15Caa1015Ch01A	durance2	prep2	1	15Caa1015Ch01A_durance2	ERR17753141	ERX17143684	15Caa1015Ch01A_S128_L001_R1_001.fastq.gz	ad65f9121f74593a90f8f170ceb0fdd2	15Caa1015Ch01A_S128_L001_R2_001.fastq.gz	86164b00d6f1be2346b39067338a1960	15Caa1015Ch01A	biological	fish metagenome	Caa	caudal fin [UBERON:4000164]	2015
PRJEB124417	DURANCE16S_RUN_15Caa1015Ch01A_durance3	DURANCE16S_EXP_15Caa1015Ch01A_durance3	DURANCE16S_15Caa1015Ch01A	durance3	prep2	2	15Caa1015Ch01A_durance3	ERR17753140	ERX17143683	15Caa1015Ch01A_S128_L001_R1_001.fastq.gz	dbcc1f59f65e8c00dac6347bb52821c9	15Caa1015Ch01A_S128_L001_R2_001.fastq.gz	b1da78c5e2ff46bf697ea7c30692aeea	15Caa1015Ch01A	biological	fish metagenome	Caa	caudal fin [UBERON:4000164]	2015
PRJEB124417	DURANCE16S_RUN_15Caa1015Ch03A_durance1	DURANCE16S_EXP_15Caa1015Ch03A_durance1	DURANCE16S_15Caa1015Ch03A	durance1	prep1	1	15Caa1015Ch03A_durance1	ERR17753137	ERX17143680	15Caa1015Ch03A_S512_L001_R1_001.fastq.gz	58a54f2d09e4e6663ee3bc4728f9c4e2	15Caa1015Ch03A_S512_L001_R2_001.fastq.gz	2d55e65d0d060faeeb94b70e64907e7b	15Caa1015Ch03A	biological	fish gut metagenome	Caa	hindgut [UBERON:0001046]	2015
PRJEB124417	DURANCE16S_RUN_15Caa1015Ch03A_durance2	DURANCE16S_EXP_15Caa1015Ch03A_durance2	DURANCE16S_15Caa1015Ch03A	durance2	prep2	1	15Caa1015Ch03A_durance2	ERR17753142	ERX17143685	15Caa1015Ch03A_S512_L001_R1_001.fastq.gz	dbef413d105ed7c4dbf2f4d5c9afd196	15Caa1015Ch03A_S512_L001_R2_001.fastq.gz	d5eb0ad0467f317631149d52ebc058c5	15Caa1015Ch03A	biological	fish gut metagenome	Caa	hindgut [UBERON:0001046]	2015
PRJEB124417	DURANCE16S_RUN_15Caa1015Ch03A_durance3	DURANCE16S_EXP_15Caa1015Ch03A_durance3	DURANCE16S_15Caa1015Ch03A	durance3	prep2	2	15Caa1015Ch03A_durance3	ERR17753143	ERX17143686	15Caa1015Ch03A_S512_L001_R1_001.fastq.gz	bebb9828a1f805d1585a6329fa73ff53	15Caa1015Ch03A_S512_L001_R2_001.fastq.gz	8092ec78c8375ee48a4315cba8664e55	15Caa1015Ch03A	biological	fish gut metagenome	Caa	hindgut [UBERON:0001046]	2015
PRJEB124417	DURANCE16S_RUN_15Caa1015Ch05A_durance1	DURANCE16S_EXP_15Caa1015Ch05A_durance1	DURANCE16S_15Caa1015Ch05A	durance1	prep1	1	15Caa1015Ch05A_durance1	ERR17753144	ERX17143687	15Caa1015Ch05A_S320_L001_R1_001.fastq.gz	3ae7fba2045591b6f7155abef8f59715	15Caa1015Ch05A_S320_L001_R2_001.fastq.gz	5d542c2706c44e659119e89f333a408f	15Caa1015Ch05A	biological	gill metagenome	Caa	gill [UBERON:0002535]	2015
PRJEB124417	DURANCE16S_RUN_15Caa1015Ch05A_durance2	DURANCE16S_EXP_15Caa1015Ch05A_durance2	DURANCE16S_15Caa1015Ch05A	durance2	prep2	1	15Caa1015Ch05A_durance2	ERR17753150	ERX17143693	15Caa1015Ch05A_S320_L001_R1_001.fastq.gz	118faecc25e019833f2c4c521c8c3b21	15Caa1015Ch05A_S320_L001_R2_001.fastq.gz	8959dff37ddbc9fc06c34bfc89a3b0b2	15Caa1015Ch05A	biological	gill metagenome	Caa	gill [UBERON:0002535]	2015
PRJEB124417	DURANCE16S_RUN_15Caa1015Ch05A_durance3	DURANCE16S_EXP_15Caa1015Ch05A_durance3	DURANCE16S_15Caa1015Ch05A	durance3	prep2	2	15Caa1015Ch05A_durance3	ERR17753151	ERX17143694	15Caa1015Ch05A_S320_L001_R1_001.fastq.gz	b8414f9fc12a2ef05005c85bf0daf9fe	15Caa1015Ch05A_S320_L001_R2_001.fastq.gz	191616e87176e4c1287b10d46d11956a	15Caa1015Ch05A	biological	gill metagenome	Caa	gill [UBERON:0002535]	2015
PRJEB124417	DURANCE16S_RUN_15Caa1015Ch0A_durance1	DURANCE16S_EXP_15Caa1015Ch0A_durance1	DURANCE16S_15Caa1015Ch0A	durance1	prep1	1	15Caa1015Ch0A_durance1	ERR17753146	ERX17143689	15Caa1015Ch0A_S704_L001_R1_001.fastq.gz	0e5cfbf81681e3c35815d828b7384c16	15Caa1015Ch0A_S704_L001_R2_001.fastq.gz	d267e999392ad775320c4a68a7bd35c3	15Caa1015Ch0A	biological	fish gut metagenome	Caa	midgut [UBERON:0001045]	2015
PRJEB124417	DURANCE16S_RUN_15Caa1015Ch0A_durance2	DURANCE16S_EXP_15Caa1015Ch0A_durance2	DURANCE16S_15Caa1015Ch0A	durance2	prep2	1	15Caa1015Ch0A_durance2	ERR17753149	ERX17143692	15Caa1015Ch0A_S704_L001_R1_001.fastq.gz	223a5403497dabd75c78072770c46613	15Caa1015Ch0A_S704_L001_R2_001.fastq.gz	f47df78926540781178486187d8489db	15Caa1015Ch0A	biological	fish gut metagenome	Caa	midgut [UBERON:0001045]	2015
PRJEB124417	DURANCE16S_RUN_15Caa1015Ch0A_durance3	DURANCE16S_EXP_15Caa1015Ch0A_durance3	DURANCE16S_15Caa1015Ch0A	durance3	prep2	2	15Caa1015Ch0A_durance3	ERR17753152	ERX17143695	15Caa1015Ch0A_S704_L001_R1_001.fastq.gz	558659f62f845ba3c509fe8ab8c0b0a7	15Caa1015Ch0A_S704_L001_R2_001.fastq.gz	5c798e64b63a86f405e0faaaeed967c5	15Caa1015Ch0A	biological	fish gut metagenome	Caa	midgut [UBERON:0001045]	2015
PRJEB124417	DURANCE16S_RUN_15Caa1016Ch01A_durance1	DURANCE16S_EXP_15Caa1016Ch01A_durance1	DURANCE16S_15Caa1016Ch01A	durance1	prep1	1	15Caa1016Ch01A_durance1	ERR17753148	ERX17143691	15Caa1016Ch01A_S140_L001_R1_001.fastq.gz	82565d9e1562aa99e9aab7ee41249387	15Caa1016Ch01A_S140_L001_R2_001.fastq.gz	8564da3f792c9cc45dfc5a911b7be34c	15Caa1016Ch01A	biological	fish metagenome	Caa	caudal fin [UBERON:4000164]	2015
PRJEB124417	DURANCE16S_RUN_15Caa1016Ch01A_durance2	DURANCE16S_EXP_15Caa1016Ch01A_durance2	DURANCE16S_15Caa1016Ch01A	durance2	prep2	1	15Caa1016Ch01A_durance2	ERR17753147	ERX17143690	15Caa1016Ch01A_S140_L001_R1_001.fastq.gz	fd75cc83233789fa8f466ee59288dc0a	15Caa1016Ch01A_S140_L001_R2_001.fastq.gz	55b8ea6851d1e00aeb3efdb62daf1084	15Caa1016Ch01A	biological	fish metagenome	Caa	caudal fin [UBERON:4000164]	2015
PRJEB124417	DURANCE16S_RUN_15Caa1016Ch01A_durance3	DURANCE16S_EXP_15Caa1016Ch01A_durance3	DURANCE16S_15Caa1016Ch01A	durance3	prep2	2	15Caa1016Ch01A_durance3	ERR17753153	ERX17143696	15Caa1016Ch01A_S140_L001_R1_001.fastq.gz	68313a094d193db9b753f6e68e7b2817	15Caa1016Ch01A_S140_L001_R2_001.fastq.gz	084e72f2855967b84416d3ba76261dc4	15Caa1016Ch01A	biological	fish metagenome	Caa	caudal fin [UBERON:4000164]	2015
PRJEB124417	DURANCE16S_RUN_15Caa1016Ch03A_durance1	DURANCE16S_EXP_15Caa1016Ch03A_durance1	DURANCE16S_15Caa1016Ch03A	durance1	prep1	1	15Caa1016Ch03A_durance1	ERR17753154	ERX17143697	15Caa1016Ch03A_S524_L001_R1_001.fastq.gz	d0f1e7acfcbaacf2a505daff01894e98	15Caa1016Ch03A_S524_L001_R2_001.fastq.gz	1f0e0b2dc60bf24534a4c68d471212cd	15Caa1016Ch03A	biological	fish gut metagenome	Caa	hindgut [UBERON:0001046]	2015
PRJEB124417	DURANCE16S_RUN_15Caa1016Ch03A_durance2	DURANCE16S_EXP_15Caa1016Ch03A_durance2	DURANCE16S_15Caa1016Ch03A	durance2	prep2	1	15Caa1016Ch03A_durance2	ERR17753155	ERX17143698	15Caa1016Ch03A_S524_L001_R1_001.fastq.gz	157f7f83e673f681a85dac00d975878e	15Caa1016Ch03A_S524_L001_R2_001.fastq.gz	2aead80536cf8ccafee1542683064306	15Caa1016Ch03A	biological	fish gut metagenome	Caa	hindgut [UBERON:0001046]	2015
PRJEB124417	DURANCE16S_RUN_15Caa1016Ch03A_durance3	DURANCE16S_EXP_15Caa1016Ch03A_durance3	DURANCE16S_15Caa1016Ch03A	durance3	prep2	2	15Caa1016Ch03A_durance3	ERR17753158	ERX17143701	15Caa1016Ch03A_S524_L001_R1_001.fastq.gz	9369517dfe9444212f26cbc184f3a7cd	15Caa1016Ch03A_S524_L001_R2_001.fastq.gz	9a6ddf30de9285537f7816919d7a5c2f	15Caa1016Ch03A	biological	fish gut metagenome	Caa	hindgut [UBERON:0001046]	2015
PRJEB124417	DURANCE16S_RUN_15Caa1016Ch05A_durance1	DURANCE16S_EXP_15Caa1016Ch05A_durance1	DURANCE16S_15Caa1016Ch05A	durance1	prep1	1	15Caa1016Ch05A_durance1	ERR17753156	ERX17143699	15Caa1016Ch05A_S332_L001_R1_001.fastq.gz	6bf15ea42e36e43d41375cbd85081066	15Caa1016Ch05A_S332_L001_R2_001.fastq.gz	86f5f24f9235173b59f42770ad1ce04e	15Caa1016Ch05A	biological	gill metagenome	Caa	gill [UBERON:0002535]	2015
PRJEB124417	DURANCE16S_RUN_15Caa1016Ch05A_durance2	DURANCE16S_EXP_15Caa1016Ch05A_durance2	DURANCE16S_15Caa1016Ch05A	durance2	prep2	1	15Caa1016Ch05A_durance2	ERR17753157	ERX17143700	15Caa1016Ch05A_S332_L001_R1_001.fastq.gz	4330a9986685602577c9ec49b7adbdd5	15Caa1016Ch05A_S332_L001_R2_001.fastq.gz	e6d3c40d254b5127b71560d323f1e046	15Caa1016Ch05A	biological	gill metagenome	Caa	gill [UBERON:0002535]	2015
PRJEB124417	DURANCE16S_RUN_15Caa1016Ch05A_durance3	DURANCE16S_EXP_15Caa1016Ch05A_durance3	DURANCE16S_15Caa1016Ch05A	durance3	prep2	2	15Caa1016Ch05A_durance3	ERR17753160	ERX17143703	15Caa1016Ch05A_S332_L001_R1_001.fastq.gz	3f4a45eca6db83738632fe06a1f608fc	15Caa1016Ch05A_S332_L001_R2_001.fastq.gz	e14ea42790f85623c505f7b6d06a5ff3	15Caa1016Ch05A	biological	gill metagenome	Caa	gill [UBERON:0002535]	2015
PRJEB124417	DURANCE16S_RUN_15Caa1016Ch0A_durance1	DURANCE16S_EXP_15Caa1016Ch0A_durance1	DURANCE16S_15Caa1016Ch0A	durance1	prep1	1	15Caa1016Ch0A_durance1	ERR17753159	ERX17143702	15Caa1016Ch0A_S716_L001_R1_001.fastq.gz	cebe3c78a4d0d9bcffe4097c778559e1	15Caa1016Ch0A_S716_L001_R2_001.fastq.gz	5406223174212472ad042f7ff332fec6	15Caa1016Ch0A	biological	fish gut metagenome	Caa	midgut [UBERON:0001045]	2015
PRJEB124417	DURANCE16S_RUN_15Caa1016Ch0A_durance2	DURANCE16S_EXP_15Caa1016Ch0A_durance2	DURANCE16S_15Caa1016Ch0A	durance2	prep2	1	15Caa1016Ch0A_durance2	ERR17753161	ERX17143704	15Caa1016Ch0A_S716_L001_R1_001.fastq.gz	8dff5ad00184bf35c085a3f62a1602d9	15Caa1016Ch0A_S716_L001_R2_001.fastq.gz	26db41cd7ae26cea7355b5aba3c534a7	15Caa1016Ch0A	biological	fish gut metagenome	Caa	midgut [UBERON:0001045]	2015
PRJEB124417	DURANCE16S_RUN_15Caa1016Ch0A_durance3	DURANCE16S_EXP_15Caa1016Ch0A_durance3	DURANCE16S_15Caa1016Ch0A	durance3	prep2	2	15Caa1016Ch0A_durance3	ERR17753163	ERX17143706	15Caa1016Ch0A_S716_L001_R1_001.fastq.gz	42a45ecc48c8ab0222ccfdc0b90af756	15Caa1016Ch0A_S716_L001_R2_001.fastq.gz	810ad18f854a3893253daed70b991f2a	15Caa1016Ch0A	biological	fish gut metagenome	Caa	midgut [UBERON:0001045]	2015
PRJEB124417	DURANCE16S_RUN_15Caa1017Ch01A_durance1	DURANCE16S_EXP_15Caa1017Ch01A_durance1	DURANCE16S_15Caa1017Ch01A	durance1	prep1	1	15Caa1017Ch01A_durance1	ERR17753162	ERX17143705	15Caa1017Ch01A_S152_L001_R1_001.fastq.gz	a9dc702ff1a101cbeed1cf5a81dbd94d	15Caa1017Ch01A_S152_L001_R2_001.fastq.gz	5bf25015799beccbe4c43e9a0b826977	15Caa1017Ch01A	biological	fish metagenome	Caa	caudal fin [UBERON:4000164]	2015
PRJEB124417	DURANCE16S_RUN_15Caa1017Ch01A_durance2	DURANCE16S_EXP_15Caa1017Ch01A_durance2	DURANCE16S_15Caa1017Ch01A	durance2	prep2	1	15Caa1017Ch01A_durance2	ERR17753164	ERX17143707	15Caa1017Ch01A_S152_L001_R1_001.fastq.gz	ba305a3f7575bdfed36ad0d8df90139f	15Caa1017Ch01A_S152_L001_R2_001.fastq.gz	f638f14ad318fee5fc284a6a5c1d8ee7	15Caa1017Ch01A	biological	fish metagenome	Caa	caudal fin [UBERON:4000164]	2015
PRJEB124417	DURANCE16S_RUN_15Caa1017Ch01A_durance3	DURANCE16S_EXP_15Caa1017Ch01A_durance3	DURANCE16S_15Caa1017Ch01A	durance3	prep2	2	15Caa1017Ch01A_durance3	ERR17753168	ERX17143711	15Caa1017Ch01A_S152_L001_R1_001.fastq.gz	7c8bf316180c9c2093acc62c859504c9	15Caa1017Ch01A_S152_L001_R2_001.fastq.gz	b668be3e672b976be8be0007eea48fac	15Caa1017Ch01A	biological	fish metagenome	Caa	caudal fin [UBERON:4000164]	2015
PRJEB124417	DURANCE16S_RUN_15Caa1017Ch03A_durance1	DURANCE16S_EXP_15Caa1017Ch03A_durance1	DURANCE16S_15Caa1017Ch03A	durance1	prep1	1	15Caa1017Ch03A_durance1	ERR17753166	ERX17143709	15Caa1017Ch03A_S536_L001_R1_001.fastq.gz	b58369912816d660ad09cf3f6ee5cbc8	15Caa1017Ch03A_S536_L001_R2_001.fastq.gz	82b8c802ffb8542e030145c96aa792d5	15Caa1017Ch03A	biological	fish gut metagenome	Caa	hindgut [UBERON:0001046]	2015
PRJEB124417	DURANCE16S_RUN_15Caa1017Ch03A_durance2	DURANCE16S_EXP_15Caa1017Ch03A_durance2	DURANCE16S_15Caa1017Ch03A	durance2	prep2	1	15Caa1017Ch03A_durance2	ERR17753167	ERX17143710	15Caa1017Ch03A_S536_L001_R1_001.fastq.gz	ea9f99ef30bd05b16866fa877b91f799	15Caa1017Ch03A_S536_L001_R2_001.fastq.gz	3b25f13ac46d45ef86f95ed98a4fa40f	15Caa1017Ch03A	biological	fish gut metagenome	Caa	hindgut [UBERON:0001046]	2015
PRJEB124417	DURANCE16S_RUN_15Caa1017Ch03A_durance3	DURANCE16S_EXP_15Caa1017Ch03A_durance3	DURANCE16S_15Caa1017Ch03A	durance3	prep2	2	15Caa1017Ch03A_durance3	ERR17753165	ERX17143708	15Caa1017Ch03A_S536_L001_R1_001.fastq.gz	e9e64725bd2918f466cc2963ef674075	15Caa1017Ch03A_S536_L001_R2_001.fastq.gz	2aa8cc0a185f50d05f0f5b8e5545281a	15Caa1017Ch03A	biological	fish gut metagenome	Caa	hindgut [UBERON:0001046]	2015
PRJEB124417	DURANCE16S_RUN_15Caa1017Ch05A_durance1	DURANCE16S_EXP_15Caa1017Ch05A_durance1	DURANCE16S_15Caa1017Ch05A	durance1	prep1	1	15Caa1017Ch05A_durance1	ERR17753169	ERX17143712	15Caa1017Ch05A_S344_L001_R1_001.fastq.gz	580a4a44d7345637711b416dc9046605	15Caa1017Ch05A_S344_L001_R2_001.fastq.gz	b5ed9047fe1a986512f1dcb7a0a50b81	15Caa1017Ch05A	biological	gill metagenome	Caa	gill [UBERON:0002535]	2015
PRJEB124417	DURANCE16S_RUN_15Caa1017Ch05A_durance2	DURANCE16S_EXP_15Caa1017Ch05A_durance2	DURANCE16S_15Caa1017Ch05A	durance2	prep2	1	15Caa1017Ch05A_durance2	ERR17753170	ERX17143713	15Caa1017Ch05A_S344_L001_R1_001.fastq.gz	a12f63efd60ae8e508aae66631dad369	15Caa1017Ch05A_S344_L001_R2_001.fastq.gz	6b2e2c824f2ba5c19b0882e2f3744e58	15Caa1017Ch05A	biological	gill metagenome	Caa	gill [UBERON:0002535]	2015
PRJEB124417	DURANCE16S_RUN_15Caa1017Ch05A_durance3	DURANCE16S_EXP_15Caa1017Ch05A_durance3	DURANCE16S_15Caa1017Ch05A	durance3	prep2	2	15Caa1017Ch05A_durance3	ERR17753171	ERX17143714	15Caa1017Ch05A_S344_L001_R1_001.fastq.gz	678091d533f7073f4fe7f6cfa97cc434	15Caa1017Ch05A_S344_L001_R2_001.fastq.gz	4dffe3a9a284ed3f7cc5942d57cedc85	15Caa1017Ch05A	biological	gill metagenome	Caa	gill [UBERON:0002535]	2015
PRJEB124417	DURANCE16S_RUN_15Caa1017Ch0A_durance1	DURANCE16S_EXP_15Caa1017Ch0A_durance1	DURANCE16S_15Caa1017Ch0A	durance1	prep1	1	15Caa1017Ch0A_durance1	ERR17753172	ERX17143715	15Caa1017Ch0A_S728_L001_R1_001.fastq.gz	bc8861add119b7a18340975bc19e92a8	15Caa1017Ch0A_S728_L001_R2_001.fastq.gz	76a9fd04acd3d8b70dda53834ef99cdf	15Caa1017Ch0A	biological	fish gut metagenome	Caa	midgut [UBERON:0001045]	2015
PRJEB124417	DURANCE16S_RUN_15Caa1017Ch0A_durance2	DURANCE16S_EXP_15Caa1017Ch0A_durance2	DURANCE16S_15Caa1017Ch0A	durance2	prep2	1	15Caa1017Ch0A_durance2	ERR17753173	ERX17143716	15Caa1017Ch0A_S728_L001_R1_001.fastq.gz	59f55001d9c9bf6e4226e52187b22f79	15Caa1017Ch0A_S728_L001_R2_001.fastq.gz	f1e1d249013514ad932c1669186196c5	15Caa1017Ch0A	biological	fish gut metagenome	Caa	midgut [UBERON:0001045]	2015
PRJEB124417	DURANCE16S_RUN_15Caa1017Ch0A_durance3	DURANCE16S_EXP_15Caa1017Ch0A_durance3	DURANCE16S_15Caa1017Ch0A	durance3	prep2	2	15Caa1017Ch0A_durance3	ERR17753175	ERX17143718	15Caa1017Ch0A_S728_L001_R1_001.fastq.gz	8242af9ac4630692ce21eeace464c309	15Caa1017Ch0A_S728_L001_R2_001.fastq.gz	e411e7550230b4b1265e51af7baee869	15Caa1017Ch0A	biological	fish gut metagenome	Caa	midgut [UBERON:0001045]	2015
PRJEB124417	DURANCE16S_RUN_15Caa1018Ch01A_durance1	DURANCE16S_EXP_15Caa1018Ch01A_durance1	DURANCE16S_15Caa1018Ch01A	durance1	prep1	1	15Caa1018Ch01A_durance1	ERR17753176	ERX17143719	15Caa1018Ch01A_S164_L001_R1_001.fastq.gz	fca38ba131e7ea3d137215c9c922ec92	15Caa1018Ch01A_S164_L001_R2_001.fastq.gz	75985b6e86c1c3e6da8e82043041da29	15Caa1018Ch01A	biological	fish metagenome	Caa	caudal fin [UBERON:4000164]	2015
PRJEB124417	DURANCE16S_RUN_15Caa1018Ch01A_durance2	DURANCE16S_EXP_15Caa1018Ch01A_durance2	DURANCE16S_15Caa1018Ch01A	durance2	prep2	1	15Caa1018Ch01A_durance2	ERR17753174	ERX17143717	15Caa1018Ch01A_S164_L001_R1_001.fastq.gz	552407dadc5dbb5a57b51af58aa17233	15Caa1018Ch01A_S164_L001_R2_001.fastq.gz	985e2bed272962b236b69dc42e0bfe60	15Caa1018Ch01A	biological	fish metagenome	Caa	caudal fin [UBERON:4000164]	2015
PRJEB124417	DURANCE16S_RUN_15Caa1018Ch01A_durance3	DURANCE16S_EXP_15Caa1018Ch01A_durance3	DURANCE16S_15Caa1018Ch01A	durance3	prep2	2	15Caa1018Ch01A_durance3	ERR17753177	ERX17143720	15Caa1018Ch01A_S164_L001_R1_001.fastq.gz	ff80bc79df3b973e55ba0e83a0c0ad0d	15Caa1018Ch01A_S164_L001_R2_001.fastq.gz	8af610b91d8171f7ffada0f8226d97d8	15Caa1018Ch01A	biological	fish metagenome	Caa	caudal fin [UBERON:4000164]	2015
PRJEB124417	DURANCE16S_RUN_15Caa1018Ch03A_durance1	DURANCE16S_EXP_15Caa1018Ch03A_durance1	DURANCE16S_15Caa1018Ch03A	durance1	prep1	1	15Caa1018Ch03A_durance1	ERR17753178	ERX17143721	15Caa1018Ch03A_S548_L001_R1_001.fastq.gz	c3107482e3b7872896ccca44114382b4	15Caa1018Ch03A_S548_L001_R2_001.fastq.gz	3e62d355015c6141d5f5aa6fa9bd1bcd	15Caa1018Ch03A	biological	fish gut metagenome	Caa	hindgut [UBERON:0001046]	2015
PRJEB124417	DURANCE16S_RUN_15Caa1018Ch03A_durance2	DURANCE16S_EXP_15Caa1018Ch03A_durance2	DURANCE16S_15Caa1018Ch03A	durance2	prep2	1	15Caa1018Ch03A_durance2	ERR17753179	ERX17143722	15Caa1018Ch03A_S548_L001_R1_001.fastq.gz	b8a2a9a335209ed38a8e2e217e2ef259	15Caa1018Ch03A_S548_L001_R2_001.fastq.gz	2069299f4975dfd6efa63c9f4722924d	15Caa1018Ch03A	biological	fish gut metagenome	Caa	hindgut [UBERON:0001046]	2015
PRJEB124417	DURANCE16S_RUN_15Caa1018Ch03A_durance3	DURANCE16S_EXP_15Caa1018Ch03A_durance3	DURANCE16S_15Caa1018Ch03A	durance3	prep2	2	15Caa1018Ch03A_durance3	ERR17753182	ERX17143725	15Caa1018Ch03A_S548_L001_R1_001.fastq.gz	a1a1cfd3f2dbb89b246f39c311d17fdb	15Caa1018Ch03A_S548_L001_R2_001.fastq.gz	778696024f03e6d4d88d55beb91c5453	15Caa1018Ch03A	biological	fish gut metagenome	Caa	hindgut [UBERON:0001046]	2015
PRJEB124417	DURANCE16S_RUN_15Caa1018Ch05A_durance1	DURANCE16S_EXP_15Caa1018Ch05A_durance1	DURANCE16S_15Caa1018Ch05A	durance1	prep1	1	15Caa1018Ch05A_durance1	ERR17753180	ERX17143723	15Caa1018Ch05A_S356_L001_R1_001.fastq.gz	fd7a533cd20008859505f900bb589c69	15Caa1018Ch05A_S356_L001_R2_001.fastq.gz	7c7f391196f607f430560e474d2cb412	15Caa1018Ch05A	biological	gill metagenome	Caa	gill [UBERON:0002535]	2015
PRJEB124417	DURANCE16S_RUN_15Caa1018Ch05A_durance2	DURANCE16S_EXP_15Caa1018Ch05A_durance2	DURANCE16S_15Caa1018Ch05A	durance2	prep2	1	15Caa1018Ch05A_durance2	ERR17753183	ERX17143726	15Caa1018Ch05A_S356_L001_R1_001.fastq.gz	8bc6e338a71fa44353d3b0277e2882b0	15Caa1018Ch05A_S356_L001_R2_001.fastq.gz	2d7ed3a117a7d0e08b09c7f613108736	15Caa1018Ch05A	biological	gill metagenome	Caa	gill [UBERON:0002535]	2015
PRJEB124417	DURANCE16S_RUN_15Caa1018Ch05A_durance3	DURANCE16S_EXP_15Caa1018Ch05A_durance3	DURANCE16S_15Caa1018Ch05A	durance3	prep2	2	15Caa1018Ch05A_durance3	ERR17753184	ERX17143727	15Caa1018Ch05A_S356_L001_R1_001.fastq.gz	93ea0aee062672a6d523d78581c44aec	15Caa1018Ch05A_S356_L001_R2_001.fastq.gz	1d0d837819f2f7d3c1b17f4383464f90	15Caa1018Ch05A	biological	gill metagenome	Caa	gill [UBERON:0002535]	2015
PRJEB124417	DURANCE16S_RUN_15Caa1018Ch0A_durance1	DURANCE16S_EXP_15Caa1018Ch0A_durance1	DURANCE16S_15Caa1018Ch0A	durance1	prep1	1	15Caa1018Ch0A_durance1	ERR17753181	ERX17143724	15Caa1018Ch0A_S740_L001_R1_001.fastq.gz	43ea56e953b261bd4e0f890f93026f3f	15Caa1018Ch0A_S740_L001_R2_001.fastq.gz	19023e96f87c7b4a28024d2691541481	15Caa1018Ch0A	biological	fish gut metagenome	Caa	midgut [UBERON:0001045]	2015
PRJEB124417	DURANCE16S_RUN_15Caa1018Ch0A_durance2	DURANCE16S_EXP_15Caa1018Ch0A_durance2	DURANCE16S_15Caa1018Ch0A	durance2	prep2	1	15Caa1018Ch0A_durance2	ERR17753187	ERX17143730	15Caa1018Ch0A_S740_L001_R1_001.fastq.gz	ad2eb1339912d09201920aae3c3c24d3	15Caa1018Ch0A_S740_L001_R2_001.fastq.gz	56a171b821ce3274ec5f01943c516e7e	15Caa1018Ch0A	biological	fish gut metagenome	Caa	midgut [UBERON:0001045]	2015
PRJEB124417	DURANCE16S_RUN_15Caa1018Ch0A_durance3	DURANCE16S_EXP_15Caa1018Ch0A_durance3	DURANCE16S_15Caa1018Ch0A	durance3	prep2	2	15Caa1018Ch0A_durance3	ERR17753185	ERX17143728	15Caa1018Ch0A_S740_L001_R1_001.fastq.gz	eeba0ffb24ce89ca51e7209201c0eab0	15Caa1018Ch0A_S740_L001_R2_001.fastq.gz	9cfd842fb5a02540b07efb30fa087040	15Caa1018Ch0A	biological	fish gut metagenome	Caa	midgut [UBERON:0001045]	2015
PRJEB124417	DURANCE16S_RUN_15Caa1019Ch01A_durance1	DURANCE16S_EXP_15Caa1019Ch01A_durance1	DURANCE16S_15Caa1019Ch01A	durance1	prep1	1	15Caa1019Ch01A_durance1	ERR17753186	ERX17143729	15Caa1019Ch01A_S176_L001_R1_001.fastq.gz	64794a946dab69119fcac902c60e79ae	15Caa1019Ch01A_S176_L001_R2_001.fastq.gz	c485eab1ad66205228e57b8200edd544	15Caa1019Ch01A	biological	fish metagenome	Caa	caudal fin [UBERON:4000164]	2015
PRJEB124417	DURANCE16S_RUN_15Caa1019Ch01A_durance2	DURANCE16S_EXP_15Caa1019Ch01A_durance2	DURANCE16S_15Caa1019Ch01A	durance2	prep2	1	15Caa1019Ch01A_durance2	ERR17753188	ERX17143731	15Caa1019Ch01A_S176_L001_R1_001.fastq.gz	e4d9ef6fc4927074a7a77d909289f9ee	15Caa1019Ch01A_S176_L001_R2_001.fastq.gz	07a150ad40871a7eceb4d93c7f118906	15Caa1019Ch01A	biological	fish metagenome	Caa	caudal fin [UBERON:4000164]	2015
PRJEB124417	DURANCE16S_RUN_15Caa1019Ch01A_durance3	DURANCE16S_EXP_15Caa1019Ch01A_durance3	DURANCE16S_15Caa1019Ch01A	durance3	prep2	2	15Caa1019Ch01A_durance3	ERR17753189	ERX17143732	15Caa1019Ch01A_S176_L001_R1_001.fastq.gz	69847855680475034ab1898e8b385f1d	15Caa1019Ch01A_S176_L001_R2_001.fastq.gz	28ccb6110d8c4ad7dc8e8580602e4129	15Caa1019Ch01A	biological	fish metagenome	Caa	caudal fin [UBERON:4000164]	2015
PRJEB124417	DURANCE16S_RUN_15Caa1019Ch03A_durance1	DURANCE16S_EXP_15Caa1019Ch03A_durance1	DURANCE16S_15Caa1019Ch03A	durance1	prep1	1	15Caa1019Ch03A_durance1	ERR17753191	ERX17143734	15Caa1019Ch03A_S560_L001_R1_001.fastq.gz	888413880f4ac542781cde64b6b96a8f	15Caa1019Ch03A_S560_L001_R2_001.fastq.gz	b50a726772847f4be1e2f246854ed143	15Caa1019Ch03A	biological	fish gut metagenome	Caa	hindgut [UBERON:0001046]	2015
PRJEB124417	DURANCE16S_RUN_15Caa1019Ch03A_durance2	DURANCE16S_EXP_15Caa1019Ch03A_durance2	DURANCE16S_15Caa1019Ch03A	durance2	prep2	1	15Caa1019Ch03A_durance2	ERR17753190	ERX17143733	15Caa1019Ch03A_S560_L001_R1_001.fastq.gz	5ffc6a1a0052054a477323671efccdb5	15Caa1019Ch03A_S560_L001_R2_001.fastq.gz	9e5b835941c731fa09c6e140e9f983bb	15Caa1019Ch03A	biological	fish gut metagenome	Caa	hindgut [UBERON:0001046]	2015
PRJEB124417	DURANCE16S_RUN_15Caa1019Ch03A_durance3	DURANCE16S_EXP_15Caa1019Ch03A_durance3	DURANCE16S_15Caa1019Ch03A	durance3	prep2	2	15Caa1019Ch03A_durance3	ERR17753194	ERX17143737	15Caa1019Ch03A_S560_L001_R1_001.fastq.gz	8ed73e80c1d29e2e32995683b0df39a5	15Caa1019Ch03A_S560_L001_R2_001.fastq.gz	d6b67970f8b850fe18319a77757270f0	15Caa1019Ch03A	biological	fish gut metagenome	Caa	hindgut [UBERON:0001046]	2015
PRJEB124417	DURANCE16S_RUN_15Caa1019Ch05A_durance1	DURANCE16S_EXP_15Caa1019Ch05A_durance1	DURANCE16S_15Caa1019Ch05A	durance1	prep1	1	15Caa1019Ch05A_durance1	ERR17753192	ERX17143735	15Caa1019Ch05A_S368_L001_R1_001.fastq.gz	34469da613f1268bf6f9a29e8fe40b9d	15Caa1019Ch05A_S368_L001_R2_001.fastq.gz	02c542cf6e73f976268fe17df92551d0	15Caa1019Ch05A	biological	gill metagenome	Caa	gill [UBERON:0002535]	2015
PRJEB124417	DURANCE16S_RUN_15Caa1019Ch05A_durance2	DURANCE16S_EXP_15Caa1019Ch05A_durance2	DURANCE16S_15Caa1019Ch05A	durance2	prep2	1	15Caa1019Ch05A_durance2	ERR17753193	ERX17143736	15Caa1019Ch05A_S368_L001_R1_001.fastq.gz	82072636d7582aada19f646a8ad53bf9	15Caa1019Ch05A_S368_L001_R2_001.fastq.gz	1f9301f01f1348f041bdd437ff83dd6b	15Caa1019Ch05A	biological	gill metagenome	Caa	gill [UBERON:0002535]	2015
PRJEB124417	DURANCE16S_RUN_15Caa1019Ch05A_durance3	DURANCE16S_EXP_15Caa1019Ch05A_durance3	DURANCE16S_15Caa1019Ch05A	durance3	prep2	2	15Caa1019Ch05A_durance3	ERR17753195	ERX17143738	15Caa1019Ch05A_S368_L001_R1_001.fastq.gz	d46458b3f9a3011c2a8df29b5c6fc717	15Caa1019Ch05A_S368_L001_R2_001.fastq.gz	8af5915377754bf57c40c01c4e4579f5	15Caa1019Ch05A	biological	gill metagenome	Caa	gill [UBERON:0002535]	2015
PRJEB124417	DURANCE16S_RUN_15Caa1019Ch0A_durance1	DURANCE16S_EXP_15Caa1019Ch0A_durance1	DURANCE16S_15Caa1019Ch0A	durance1	prep1	1	15Caa1019Ch0A_durance1	ERR17753198	ERX17143741	15Caa1019Ch0A_S752_L001_R1_001.fastq.gz	49f6c2fd0086d0449cfadf5b82403f9b	15Caa1019Ch0A_S752_L001_R2_001.fastq.gz	4a484b2f8918bf4bc2b42e46992a0a2a	15Caa1019Ch0A	biological	fish gut metagenome	Caa	midgut [UBERON:0001045]	2015
PRJEB124417	DURANCE16S_RUN_15Caa1019Ch0A_durance2	DURANCE16S_EXP_15Caa1019Ch0A_durance2	DURANCE16S_15Caa1019Ch0A	durance2	prep2	1	15Caa1019Ch0A_durance2	ERR17753197	ERX17143740	15Caa1019Ch0A_S752_L001_R1_001.fastq.gz	05ea57bd504fda5bb17fbfa6a45ed36d	15Caa1019Ch0A_S752_L001_R2_001.fastq.gz	1fab28921ced908d990b8ab416d83956	15Caa1019Ch0A	biological	fish gut metagenome	Caa	midgut [UBERON:0001045]	2015
PRJEB124417	DURANCE16S_RUN_15Caa1019Ch0A_durance3	DURANCE16S_EXP_15Caa1019Ch0A_durance3	DURANCE16S_15Caa1019Ch0A	durance3	prep2	2	15Caa1019Ch0A_durance3	ERR17753200	ERX17143743	15Caa1019Ch0A_S752_L001_R1_001.fastq.gz	9b34adb76319db914c57e0075c9f3a8a	15Caa1019Ch0A_S752_L001_R2_001.fastq.gz	f2ab09bd7f7b70e1764d0ef3e0b1d8c0	15Caa1019Ch0A	biological	fish gut metagenome	Caa	midgut [UBERON:0001045]	2015
PRJEB124417	DURANCE16S_RUN_15Caa1020Ch01A_durance1	DURANCE16S_EXP_15Caa1020Ch01A_durance1	DURANCE16S_15Caa1020Ch01A	durance1	prep1	1	15Caa1020Ch01A_durance1	ERR17753199	ERX17143742	15Caa1020Ch01A_S188_L001_R1_001.fastq.gz	e335c5e204d9970ed8c21a6bea8dd008	15Caa1020Ch01A_S188_L001_R2_001.fastq.gz	199ca63069cead116ef5d57ddbf6d694	15Caa1020Ch01A	biological	fish metagenome	Caa	caudal fin [UBERON:4000164]	2015
PRJEB124417	DURANCE16S_RUN_15Caa1020Ch01A_durance2	DURANCE16S_EXP_15Caa1020Ch01A_durance2	DURANCE16S_15Caa1020Ch01A	durance2	prep2	1	15Caa1020Ch01A_durance2	ERR17753201	ERX17143744	15Caa1020Ch01A_S188_L001_R1_001.fastq.gz	6ede0232eb3592287f8f25f0bc6c5127	15Caa1020Ch01A_S188_L001_R2_001.fastq.gz	47bd9e3ff052d6107f76dd7e46e247b1	15Caa1020Ch01A	biological	fish metagenome	Caa	caudal fin [UBERON:4000164]	2015
PRJEB124417	DURANCE16S_RUN_15Caa1020Ch01A_durance3	DURANCE16S_EXP_15Caa1020Ch01A_durance3	DURANCE16S_15Caa1020Ch01A	durance3	prep2	2	15Caa1020Ch01A_durance3	ERR17753204	ERX17143747	15Caa1020Ch01A_S188_L001_R1_001.fastq.gz	d2d5828a8ca609de5e77f83f7626e308	15Caa1020Ch01A_S188_L001_R2_001.fastq.gz	36d3b1046452751fb70a7bdc382e115f	15Caa1020Ch01A	biological	fish metagenome	Caa	caudal fin [UBERON:4000164]	2015
PRJEB124417	DURANCE16S_RUN_15Caa1020Ch03A_durance1	DURANCE16S_EXP_15Caa1020Ch03A_durance1	DURANCE16S_15Caa1020Ch03A	durance1	prep1	1	15Caa1020Ch03A_durance1	ERR17753203	ERX17143746	15Caa1020Ch03A_S572_L001_R1_001.fastq.gz	29f0b0f4805c26458f4fe63017853be3	15Caa1020Ch03A_S572_L001_R2_001.fastq.gz	4b4840357b65599f34b835eda53acfc0	15Caa1020Ch03A	biological	fish gut metagenome	Caa	hindgut [UBERON:0001046]	2015
PRJEB124417	DURANCE16S_RUN_15Caa1020Ch03A_durance2	DURANCE16S_EXP_15Caa1020Ch03A_durance2	DURANCE16S_15Caa1020Ch03A	durance2	prep2	1	15Caa1020Ch03A_durance2	ERR17753202	ERX17143745	15Caa1020Ch03A_S572_L001_R1_001.fastq.gz	8d440d5b6964863a6d018fb25a5af9aa	15Caa1020Ch03A_S572_L001_R2_001.fastq.gz	163af5e16486797cf1a368af4b789fcb	15Caa1020Ch03A	biological	fish gut metagenome	Caa	hindgut [UBERON:0001046]	2015
PRJEB124417	DURANCE16S_RUN_15Caa1020Ch03A_durance3	DURANCE16S_EXP_15Caa1020Ch03A_durance3	DURANCE16S_15Caa1020Ch03A	durance3	prep2	2	15Caa1020Ch03A_durance3	ERR17753206	ERX17143749	15Caa1020Ch03A_S572_L001_R1_001.fastq.gz	eefe64c01052f66b68311bb242d2f93f	15Caa1020Ch03A_S572_L001_R2_001.fastq.gz	9b1b56162cc87ef4f572133ced8b40f1	15Caa1020Ch03A	biological	fish gut metagenome	Caa	hindgut [UBERON:0001046]	2015
PRJEB124417	DURANCE16S_RUN_15Caa1020Ch05A_durance1	DURANCE16S_EXP_15Caa1020Ch05A_durance1	DURANCE16S_15Caa1020Ch05A	durance1	prep1	1	15Caa1020Ch05A_durance1	ERR17753205	ERX17143748	15Caa1020Ch05A_S380_L001_R1_001.fastq.gz	1169428ff99efc534c72ebb23c2596ba	15Caa1020Ch05A_S380_L001_R2_001.fastq.gz	a0875d92ca78c51f74f8674aa21e2d42	15Caa1020Ch05A	biological	gill metagenome	Caa	gill [UBERON:0002535]	2015
PRJEB124417	DURANCE16S_RUN_15Caa1020Ch05A_durance2	DURANCE16S_EXP_15Caa1020Ch05A_durance2	DURANCE16S_15Caa1020Ch05A	durance2	prep2	1	15Caa1020Ch05A_durance2	ERR17753209	ERX17143752	15Caa1020Ch05A_S380_L001_R1_001.fastq.gz	72e93100c807abd9150bc5b5afe43b7c	15Caa1020Ch05A_S380_L001_R2_001.fastq.gz	88cc8e9938a202edbdb8455c4e6a4f54	15Caa1020Ch05A	biological	gill metagenome	Caa	gill [UBERON:0002535]	2015
PRJEB124417	DURANCE16S_RUN_15Caa1020Ch05A_durance3	DURANCE16S_EXP_15Caa1020Ch05A_durance3	DURANCE16S_15Caa1020Ch05A	durance3	prep2	2	15Caa1020Ch05A_durance3	ERR17753212	ERX17143755	15Caa1020Ch05A_S380_L001_R1_001.fastq.gz	40ec5a0a46c8947320b8b4aa85b15ce5	15Caa1020Ch05A_S380_L001_R2_001.fastq.gz	55d72e1373058c0fa88bf7539b67d0fa	15Caa1020Ch05A	biological	gill metagenome	Caa	gill [UBERON:0002535]	2015
PRJEB124417	DURANCE16S_RUN_15Caa1020Ch0A_durance1	DURANCE16S_EXP_15Caa1020Ch0A_durance1	DURANCE16S_15Caa1020Ch0A	durance1	prep1	1	15Caa1020Ch0A_durance1	ERR17753211	ERX17143754	15Caa1020Ch0A_S764_L001_R1_001.fastq.gz	2df4777e89af78a3e817820cc463db60	15Caa1020Ch0A_S764_L001_R2_001.fastq.gz	3bb88fd6726796156109017dae034796	15Caa1020Ch0A	biological	fish gut metagenome	Caa	midgut [UBERON:0001045]	2015
PRJEB124417	DURANCE16S_RUN_15Caa1020Ch0A_durance2	DURANCE16S_EXP_15Caa1020Ch0A_durance2	DURANCE16S_15Caa1020Ch0A	durance2	prep2	1	15Caa1020Ch0A_durance2	ERR17753208	ERX17143751	15Caa1020Ch0A_S764_L001_R1_001.fastq.gz	35f19c674e284fd9759c11abd20eecb5	15Caa1020Ch0A_S764_L001_R2_001.fastq.gz	f1f14c0b90d0639d64c8cad4bba10e50	15Caa1020Ch0A	biological	fish gut metagenome	Caa	midgut [UBERON:0001045]	2015
PRJEB124417	DURANCE16S_RUN_15Caa1020Ch0A_durance3	DURANCE16S_EXP_15Caa1020Ch0A_durance3	DURANCE16S_15Caa1020Ch0A	durance3	prep2	2	15Caa1020Ch0A_durance3	ERR17753210	ERX17143753	15Caa1020Ch0A_S764_L001_R1_001.fastq.gz	1a0928e2dd03a640d81e04f6f9f0e032	15Caa1020Ch0A_S764_L001_R2_001.fastq.gz	ab83610b518b5979d5294667d93b1ce9	15Caa1020Ch0A	biological	fish gut metagenome	Caa	midgut [UBERON:0001045]	2015
PRJEB124417	DURANCE16S_RUN_15Cab1001Ch01A_durance1	DURANCE16S_EXP_15Cab1001Ch01A_durance1	DURANCE16S_15Cab1001Ch01A	durance1	prep1	1	15Cab1001Ch01A_durance1	ERR17753214	ERX17143757	15Cab1001Ch01A_S74_L001_R1_001.fastq.gz	56bc9e71202e84a310b763a847fa8f82	15Cab1001Ch01A_S74_L001_R2_001.fastq.gz	72264d4530fcee15920bd89cf2cfbd19	15Cab1001Ch01A	biological	fish metagenome	Cab	caudal fin [UBERON:4000164]	2015
PRJEB124417	DURANCE16S_RUN_15Cab1001Ch01A_durance2	DURANCE16S_EXP_15Cab1001Ch01A_durance2	DURANCE16S_15Cab1001Ch01A	durance2	prep2	1	15Cab1001Ch01A_durance2	ERR17753213	ERX17143756	15Cab1001Ch01A_S74_L001_R1_001.fastq.gz	848c9d124f77ddb1ccae00d687072784	15Cab1001Ch01A_S74_L001_R2_001.fastq.gz	e0425be21698e09fa8f753e6f72fe641	15Cab1001Ch01A	biological	fish metagenome	Cab	caudal fin [UBERON:4000164]	2015
PRJEB124417	DURANCE16S_RUN_15Cab1001Ch01A_durance3	DURANCE16S_EXP_15Cab1001Ch01A_durance3	DURANCE16S_15Cab1001Ch01A	durance3	prep2	2	15Cab1001Ch01A_durance3	ERR17753215	ERX17143758	15Cab1001Ch01A_S74_L001_R1_001.fastq.gz	0e875c7329e6a3002b4d733235cab984	15Cab1001Ch01A_S74_L001_R2_001.fastq.gz	788940e6d57edfc14f1781c7cd115b1f	15Cab1001Ch01A	biological	fish metagenome	Cab	caudal fin [UBERON:4000164]	2015
PRJEB124417	DURANCE16S_RUN_15Cab1001Ch02A_durance1	DURANCE16S_EXP_15Cab1001Ch02A_durance1	DURANCE16S_15Cab1001Ch02A	durance1	prep1	1	15Cab1001Ch02A_durance1	ERR17753218	ERX17143761	15Cab1001Ch02A_S638_L001_R1_001.fastq.gz	2ffc31a5dff1b11ac9b4c221d6b4cc2f	15Cab1001Ch02A_S638_L001_R2_001.fastq.gz	0d737cf3bd983841334f86a8d867831b	15Cab1001Ch02A	biological	fish gut metagenome	Cab	midgut [UBERON:0001045]	2015
PRJEB124417	DURANCE16S_RUN_15Cab1001Ch02A_durance2	DURANCE16S_EXP_15Cab1001Ch02A_durance2	DURANCE16S_15Cab1001Ch02A	durance2	prep2	1	15Cab1001Ch02A_durance2	ERR17753217	ERX17143760	15Cab1001Ch02A_S638_L001_R1_001.fastq.gz	260b33178aa3eb7d708afc6693bc3c58	15Cab1001Ch02A_S638_L001_R2_001.fastq.gz	a05e756d9d48eafc76ee116bc3be2eaf	15Cab1001Ch02A	biological	fish gut metagenome	Cab	midgut [UBERON:0001045]	2015
PRJEB124417	DURANCE16S_RUN_15Cab1001Ch02A_durance3	DURANCE16S_EXP_15Cab1001Ch02A_durance3	DURANCE16S_15Cab1001Ch02A	durance3	prep2	2	15Cab1001Ch02A_durance3	ERR17753220	ERX17143763	15Cab1001Ch02A_S638_L001_R1_001.fastq.gz	f34f8331f6b13b6654b0d7e3dffb2e56	15Cab1001Ch02A_S638_L001_R2_001.fastq.gz	d7ddfba207376f7c337a01162b69d9d9	15Cab1001Ch02A	biological	fish gut metagenome	Cab	midgut [UBERON:0001045]	2015
PRJEB124417	DURANCE16S_RUN_15Cab1001Ch03A_durance1	DURANCE16S_EXP_15Cab1001Ch03A_durance1	DURANCE16S_15Cab1001Ch03A	durance1	prep1	1	15Cab1001Ch03A_durance1	ERR17753216	ERX17143759	15Cab1001Ch03A_S458_L001_R1_001.fastq.gz	20a77d0890d88173806932e3be8de5f4	15Cab1001Ch03A_S458_L001_R2_001.fastq.gz	9aa38d802f764897d5bb4388b02e6a59	15Cab1001Ch03A	biological	fish gut metagenome	Cab	hindgut [UBERON:0001046]	2015
PRJEB124417	DURANCE16S_RUN_15Cab1001Ch03A_durance2	DURANCE16S_EXP_15Cab1001Ch03A_durance2	DURANCE16S_15Cab1001Ch03A	durance2	prep2	1	15Cab1001Ch03A_durance2	ERR17753219	ERX17143762	15Cab1001Ch03A_S458_L001_R1_001.fastq.gz	4058bd79b851072589cc782974e09d22	15Cab1001Ch03A_S458_L001_R2_001.fastq.gz	89a322be791fcf8217dd902c9b0a7be4	15Cab1001Ch03A	biological	fish gut metagenome	Cab	hindgut [UBERON:0001046]	2015
PRJEB124417	DURANCE16S_RUN_15Cab1001Ch03A_durance3	DURANCE16S_EXP_15Cab1001Ch03A_durance3	DURANCE16S_15Cab1001Ch03A	durance3	prep2	2	15Cab1001Ch03A_durance3	ERR17753222	ERX17143765	15Cab1001Ch03A_S458_L001_R1_001.fastq.gz	247e2410d51d9c4f0c907801c15caae3	15Cab1001Ch03A_S458_L001_R2_001.fastq.gz	f5927fd76555bcb2b6efc69d6cb2a270	15Cab1001Ch03A	biological	fish gut metagenome	Cab	hindgut [UBERON:0001046]	2015
PRJEB124417	DURANCE16S_RUN_15Cab1001Ch05A_durance1	DURANCE16S_EXP_15Cab1001Ch05A_durance1	DURANCE16S_15Cab1001Ch05A	durance1	prep1	1	15Cab1001Ch05A_durance1	ERR17753221	ERX17143764	15Cab1001Ch05A_S266_L001_R1_001.fastq.gz	f40dce21916757505d1d310c159f32d0	15Cab1001Ch05A_S266_L001_R2_001.fastq.gz	d9cf0fa2541dfb6494bf15611e32ed62	15Cab1001Ch05A	biological	gill metagenome	Cab	gill [UBERON:0002535]	2015
PRJEB124417	DURANCE16S_RUN_15Cab1001Ch05A_durance2	DURANCE16S_EXP_15Cab1001Ch05A_durance2	DURANCE16S_15Cab1001Ch05A	durance2	prep2	1	15Cab1001Ch05A_durance2	ERR17753223	ERX17143766	15Cab1001Ch05A_S266_L001_R1_001.fastq.gz	e924af2f90ccb9a160e39500144c7ff6	15Cab1001Ch05A_S266_L001_R2_001.fastq.gz	8323a9efc200019a63c0baff17ed394a	15Cab1001Ch05A	biological	gill metagenome	Cab	gill [UBERON:0002535]	2015
PRJEB124417	DURANCE16S_RUN_15Cab1001Ch05A_durance3	DURANCE16S_EXP_15Cab1001Ch05A_durance3	DURANCE16S_15Cab1001Ch05A	durance3	prep2	2	15Cab1001Ch05A_durance3	ERR17753225	ERX17143768	15Cab1001Ch05A_S266_L001_R1_001.fastq.gz	3932bffca9b30ead6aa6fc26683236e2	15Cab1001Ch05A_S266_L001_R2_001.fastq.gz	b50c0d5c1e3349d2a5fb4ccfd43ec5e2	15Cab1001Ch05A	biological	gill metagenome	Cab	gill [UBERON:0002535]	2015
PRJEB124417	DURANCE16S_RUN_15Cab1002Ch01A_durance1	DURANCE16S_EXP_15Cab1002Ch01A_durance1	DURANCE16S_15Cab1002Ch01A	durance1	prep1	1	15Cab1002Ch01A_durance1	ERR17753227	ERX17143770	15Cab1002Ch01A_S86_L001_R1_001.fastq.gz	859c5acd5177680df7fc859706484083	15Cab1002Ch01A_S86_L001_R2_001.fastq.gz	60b33beda538bbde16c018d60c5bc580	15Cab1002Ch01A	biological	fish metagenome	Cab	caudal fin [UBERON:4000164]	2015
PRJEB124417	DURANCE16S_RUN_15Cab1002Ch01A_durance2	DURANCE16S_EXP_15Cab1002Ch01A_durance2	DURANCE16S_15Cab1002Ch01A	durance2	prep2	1	15Cab1002Ch01A_durance2	ERR17753224	ERX17143767	15Cab1002Ch01A_S86_L001_R1_001.fastq.gz	e465646d96b35e127abd8df383d71478	15Cab1002Ch01A_S86_L001_R2_001.fastq.gz	fe839f7db8058ce1c3d8115101be502e	15Cab1002Ch01A	biological	fish metagenome	Cab	caudal fin [UBERON:4000164]	2015
PRJEB124417	DURANCE16S_RUN_15Cab1002Ch01A_durance3	DURANCE16S_EXP_15Cab1002Ch01A_durance3	DURANCE16S_15Cab1002Ch01A	durance3	prep2	2	15Cab1002Ch01A_durance3	ERR17753229	ERX17143772	15Cab1002Ch01A_S86_L001_R1_001.fastq.gz	6a5e7bc486107ef1a144d12d44796b3b	15Cab1002Ch01A_S86_L001_R2_001.fastq.gz	eb0d163924263311997eafa824371ec1	15Cab1002Ch01A	biological	fish metagenome	Cab	caudal fin [UBERON:4000164]	2015
PRJEB124417	DURANCE16S_RUN_15Cab1002Ch02A_durance1	DURANCE16S_EXP_15Cab1002Ch02A_durance1	DURANCE16S_15Cab1002Ch02A	durance1	prep1	1	15Cab1002Ch02A_durance1	ERR17753228	ERX17143771	15Cab1002Ch02A_S650_L001_R1_001.fastq.gz	08aa212e49cf74465325c58cf31dc2e3	15Cab1002Ch02A_S650_L001_R2_001.fastq.gz	3d5a11de4b8ad2af7d25b8cdb4c9e2a5	15Cab1002Ch02A	biological	fish gut metagenome	Cab	midgut [UBERON:0001045]	2015
PRJEB124417	DURANCE16S_RUN_15Cab1002Ch02A_durance2	DURANCE16S_EXP_15Cab1002Ch02A_durance2	DURANCE16S_15Cab1002Ch02A	durance2	prep2	1	15Cab1002Ch02A_durance2	ERR17753226	ERX17143769	15Cab1002Ch02A_S650_L001_R1_001.fastq.gz	0306faeaf632b2a3fad06389f0e0a169	15Cab1002Ch02A_S650_L001_R2_001.fastq.gz	99b9dec6ad298a3f70395f7fbc2e9427	15Cab1002Ch02A	biological	fish gut metagenome	Cab	midgut [UBERON:0001045]	2015
PRJEB124417	DURANCE16S_RUN_15Cab1002Ch02A_durance3	DURANCE16S_EXP_15Cab1002Ch02A_durance3	DURANCE16S_15Cab1002Ch02A	durance3	prep2	2	15Cab1002Ch02A_durance3	ERR17753231	ERX17143774	15Cab1002Ch02A_S650_L001_R1_001.fastq.gz	6e12e8626d2f4fcee76710678a53e218	15Cab1002Ch02A_S650_L001_R2_001.fastq.gz	d38f3b6b152aa8d4eeaae91fc85749b3	15Cab1002Ch02A	biological	fish gut metagenome	Cab	midgut [UBERON:0001045]	2015
PRJEB124417	DURANCE16S_RUN_15Cab1002Ch03A_durance1	DURANCE16S_EXP_15Cab1002Ch03A_durance1	DURANCE16S_15Cab1002Ch03A	durance1	prep1	1	15Cab1002Ch03A_durance1	ERR17753230	ERX17143773	15Cab1002Ch03A_S470_L001_R1_001.fastq.gz	cd452ccb6e46453555bc9e814ef33215	15Cab1002Ch03A_S470_L001_R2_001.fastq.gz	07e9ca421473be2a9d5428dad26aa7a7	15Cab1002Ch03A	biological	fish gut metagenome	Cab	hindgut [UBERON:0001046]	2015
PRJEB124417	DURANCE16S_RUN_15Cab1002Ch03A_durance2	DURANCE16S_EXP_15Cab1002Ch03A_durance2	DURANCE16S_15Cab1002Ch03A	durance2	prep2	1	15Cab1002Ch03A_durance2	ERR17753232	ERX17143775	15Cab1002Ch03A_S470_L001_R1_001.fastq.gz	3dc7d3b79f9ec9fec7eacc66f2469f95	15Cab1002Ch03A_S470_L001_R2_001.fastq.gz	179be743c1805bd266a343153ec5656d	15Cab1002Ch03A	biological	fish gut metagenome	Cab	hindgut [UBERON:0001046]	2015
PRJEB124417	DURANCE16S_RUN_15Cab1002Ch03A_durance3	DURANCE16S_EXP_15Cab1002Ch03A_durance3	DURANCE16S_15Cab1002Ch03A	durance3	prep2	2	15Cab1002Ch03A_durance3	ERR17753234	ERX17143777	15Cab1002Ch03A_S470_L001_R1_001.fastq.gz	ff81d7b5a96aec5d258a5b2e6180a0dc	15Cab1002Ch03A_S470_L001_R2_001.fastq.gz	4c98f6af90d7143d3be0549553399a78	15Cab1002Ch03A	biological	fish gut metagenome	Cab	hindgut [UBERON:0001046]	2015
PRJEB124417	DURANCE16S_RUN_15Cab1002Ch05A_durance1	DURANCE16S_EXP_15Cab1002Ch05A_durance1	DURANCE16S_15Cab1002Ch05A	durance1	prep1	1	15Cab1002Ch05A_durance1	ERR17753233	ERX17143776	15Cab1002Ch05A_S278_L001_R1_001.fastq.gz	3988f1071f90dce6d03b1886f2861a0a	15Cab1002Ch05A_S278_L001_R2_001.fastq.gz	f0e0bfa82e1f9071d3fa295e69ef0e0a	15Cab1002Ch05A	biological	gill metagenome	Cab	gill [UBERON:0002535]	2015
PRJEB124417	DURANCE16S_RUN_15Cab1002Ch05A_durance2	DURANCE16S_EXP_15Cab1002Ch05A_durance2	DURANCE16S_15Cab1002Ch05A	durance2	prep2	1	15Cab1002Ch05A_durance2	ERR17753235	ERX17143778	15Cab1002Ch05A_S278_L001_R1_001.fastq.gz	d73e926d5ab30032b6d6f0e1237fee90	15Cab1002Ch05A_S278_L001_R2_001.fastq.gz	155c0084e250358aa50dbc84ad6d4275	15Cab1002Ch05A	biological	gill metagenome	Cab	gill [UBERON:0002535]	2015
PRJEB124417	DURANCE16S_RUN_15Cab1002Ch05A_durance3	DURANCE16S_EXP_15Cab1002Ch05A_durance3	DURANCE16S_15Cab1002Ch05A	durance3	prep2	2	15Cab1002Ch05A_durance3	ERR17753238	ERX17143781	15Cab1002Ch05A_S278_L001_R1_001.fastq.gz	39c317bfbc9e2c08d62b191a3ca27c5e	15Cab1002Ch05A_S278_L001_R2_001.fastq.gz	69d84aabeb5b9e1ab70043b02ff0734d	15Cab1002Ch05A	biological	gill metagenome	Cab	gill [UBERON:0002535]	2015
PRJEB124417	DURANCE16S_RUN_15Cab1003Ch01A_durance1	DURANCE16S_EXP_15Cab1003Ch01A_durance1	DURANCE16S_15Cab1003Ch01A	durance1	prep1	1	15Cab1003Ch01A_durance1	ERR17753237	ERX17143780	15Cab1003Ch01A_S3_L001_R1_001.fastq.gz	e0340b5f530d8b7988dc965bbbf3e4c7	15Cab1003Ch01A_S3_L001_R2_001.fastq.gz	7f2112fd7dd02418a2719bb44bf88933	15Cab1003Ch01A	biological	fish metagenome	Cab	caudal fin [UBERON:4000164]	2015
PRJEB124417	DURANCE16S_RUN_15Cab1003Ch01A_durance2	DURANCE16S_EXP_15Cab1003Ch01A_durance2	DURANCE16S_15Cab1003Ch01A	durance2	prep2	1	15Cab1003Ch01A_durance2	ERR17753236	ERX17143779	15Cab1003Ch01A_S3_L001_R1_001.fastq.gz	73e61b8c5dd2013dabef2ec7ae9b31a5	15Cab1003Ch01A_S3_L001_R2_001.fastq.gz	678f0d57baf7fc0d2f6f5f38bdfbd152	15Cab1003Ch01A	biological	fish metagenome	Cab	caudal fin [UBERON:4000164]	2015
PRJEB124417	DURANCE16S_RUN_15Cab1003Ch01A_durance3	DURANCE16S_EXP_15Cab1003Ch01A_durance3	DURANCE16S_15Cab1003Ch01A	durance3	prep2	2	15Cab1003Ch01A_durance3	ERR17753239	ERX17143782	15Cab1003Ch01A_S3_L001_R1_001.fastq.gz	ac60fc177986c5cccd8ad65dfc50e18a	15Cab1003Ch01A_S3_L001_R2_001.fastq.gz	7115d63da6f312204cd771da66ce18fb	15Cab1003Ch01A	biological	fish metagenome	Cab	caudal fin [UBERON:4000164]	2015
PRJEB124417	DURANCE16S_RUN_15Cab1003Ch02A_durance1	DURANCE16S_EXP_15Cab1003Ch02A_durance1	DURANCE16S_15Cab1003Ch02A	durance1	prep1	1	15Cab1003Ch02A_durance1	ERR17753240	ERX17143783	15Cab1003Ch02A_S662_L001_R1_001.fastq.gz	b7aeb641a13b84ff58cdf8aa63b5ce2d	15Cab1003Ch02A_S662_L001_R2_001.fastq.gz	8e3034ae491e0bb8ff7fdcbb30e9bc5c	15Cab1003Ch02A	biological	fish gut metagenome	Cab	midgut [UBERON:0001045]	2015
PRJEB124417	DURANCE16S_RUN_15Cab1003Ch02A_durance2	DURANCE16S_EXP_15Cab1003Ch02A_durance2	DURANCE16S_15Cab1003Ch02A	durance2	prep2	1	15Cab1003Ch02A_durance2	ERR17753241	ERX17143784	15Cab1003Ch02A_S662_L001_R1_001.fastq.gz	e63492026992d1babf76036e6a21f634	15Cab1003Ch02A_S662_L001_R2_001.fastq.gz	37c8539a1a41864244d9dd99b978c7bb	15Cab1003Ch02A	biological	fish gut metagenome	Cab	midgut [UBERON:0001045]	2015
PRJEB124417	DURANCE16S_RUN_15Cab1003Ch02A_durance3	DURANCE16S_EXP_15Cab1003Ch02A_durance3	DURANCE16S_15Cab1003Ch02A	durance3	prep2	2	15Cab1003Ch02A_durance3	ERR17753245	ERX17143788	15Cab1003Ch02A_S662_L001_R1_001.fastq.gz	5255e14140ed8fa84b94379cc815b5d2	15Cab1003Ch02A_S662_L001_R2_001.fastq.gz	2ab8c3a12927694c2656c7954e2d540a	15Cab1003Ch02A	biological	fish gut metagenome	Cab	midgut [UBERON:0001045]	2015
PRJEB124417	DURANCE16S_RUN_15Cab1003Ch03A_durance1	DURANCE16S_EXP_15Cab1003Ch03A_durance1	DURANCE16S_15Cab1003Ch03A	durance1	prep1	1	15Cab1003Ch03A_durance1	ERR17753242	ERX17143785	15Cab1003Ch03A_S387_L001_R1_001.fastq.gz	819d871366121308b0a771d43a3b4a02	15Cab1003Ch03A_S387_L001_R2_001.fastq.gz	1c98122188e06fc2ced4355a68aeb4fb	15Cab1003Ch03A	biological	fish gut metagenome	Cab	hindgut [UBERON:0001046]	2015
PRJEB124417	DURANCE16S_RUN_15Cab1003Ch03A_durance2	DURANCE16S_EXP_15Cab1003Ch03A_durance2	DURANCE16S_15Cab1003Ch03A	durance2	prep2	1	15Cab1003Ch03A_durance2	ERR17753243	ERX17143786	15Cab1003Ch03A_S387_L001_R1_001.fastq.gz	fd218f2e7af979054125ca8dc2c4a898	15Cab1003Ch03A_S387_L001_R2_001.fastq.gz	651fd5921fa4e0f485fcac9eed93eafc	15Cab1003Ch03A	biological	fish gut metagenome	Cab	hindgut [UBERON:0001046]	2015
PRJEB124417	DURANCE16S_RUN_15Cab1003Ch03A_durance3	DURANCE16S_EXP_15Cab1003Ch03A_durance3	DURANCE16S_15Cab1003Ch03A	durance3	prep2	2	15Cab1003Ch03A_durance3	ERR17753244	ERX17143787	15Cab1003Ch03A_S387_L001_R1_001.fastq.gz	9d46f5fd495018040b6621d17b105b59	15Cab1003Ch03A_S387_L001_R2_001.fastq.gz	08368fbfe8c1ef0a59dee41702c0a8fa	15Cab1003Ch03A	biological	fish gut metagenome	Cab	hindgut [UBERON:0001046]	2015
PRJEB124417	DURANCE16S_RUN_15Cab1003Ch05A_durance1	DURANCE16S_EXP_15Cab1003Ch05A_durance1	DURANCE16S_15Cab1003Ch05A	durance1	prep1	1	15Cab1003Ch05A_durance1	ERR17753248	ERX17143791	15Cab1003Ch05A_S195_L001_R1_001.fastq.gz	dfa1d7afcc3091bfc73e6736641b0490	15Cab1003Ch05A_S195_L001_R2_001.fastq.gz	881fc489be1c977fdd2a87beed3fb547	15Cab1003Ch05A	biological	gill metagenome	Cab	gill [UBERON:0002535]	2015
PRJEB124417	DURANCE16S_RUN_15Cab1003Ch05A_durance2	DURANCE16S_EXP_15Cab1003Ch05A_durance2	DURANCE16S_15Cab1003Ch05A	durance2	prep2	1	15Cab1003Ch05A_durance2	ERR17753249	ERX17143792	15Cab1003Ch05A_S195_L001_R1_001.fastq.gz	2577f8a58cd1af7ea62481696ed6a2c7	15Cab1003Ch05A_S195_L001_R2_001.fastq.gz	8fed9b164ab923a420f69657f66eed56	15Cab1003Ch05A	biological	gill metagenome	Cab	gill [UBERON:0002535]	2015
PRJEB124417	DURANCE16S_RUN_15Cab1003Ch05A_durance3	DURANCE16S_EXP_15Cab1003Ch05A_durance3	DURANCE16S_15Cab1003Ch05A	durance3	prep2	2	15Cab1003Ch05A_durance3	ERR17753246	ERX17143789	15Cab1003Ch05A_S195_L001_R1_001.fastq.gz	f48a93259a9dedc38c8374ebad671ab5	15Cab1003Ch05A_S195_L001_R2_001.fastq.gz	235b7b6b4e582ae948313017ae5030a3	15Cab1003Ch05A	biological	gill metagenome	Cab	gill [UBERON:0002535]	2015
PRJEB124417	DURANCE16S_RUN_15Cab1004Ch01A_durance1	DURANCE16S_EXP_15Cab1004Ch01A_durance1	DURANCE16S_15Cab1004Ch01A	durance1	prep1	1	15Cab1004Ch01A_durance1	ERR17753251	ERX17143794	15Cab1004Ch01A_S15_L001_R1_001.fastq.gz	a85a9418d3dbb13202d127bfd034a6ac	15Cab1004Ch01A_S15_L001_R2_001.fastq.gz	972b180420ca47aeabf00ffd00e52f47	15Cab1004Ch01A	biological	fish metagenome	Cab	caudal fin [UBERON:4000164]	2015
PRJEB124417	DURANCE16S_RUN_15Cab1004Ch01A_durance2	DURANCE16S_EXP_15Cab1004Ch01A_durance2	DURANCE16S_15Cab1004Ch01A	durance2	prep2	1	15Cab1004Ch01A_durance2	ERR17753250	ERX17143793	15Cab1004Ch01A_S15_L001_R1_001.fastq.gz	3fe4258e592043e2acc9d3c21800225f	15Cab1004Ch01A_S15_L001_R2_001.fastq.gz	4cb71333bd4d110f3e8fe9f7d135a7f2	15Cab1004Ch01A	biological	fish metagenome	Cab	caudal fin [UBERON:4000164]	2015
PRJEB124417	DURANCE16S_RUN_15Cab1004Ch01A_durance3	DURANCE16S_EXP_15Cab1004Ch01A_durance3	DURANCE16S_15Cab1004Ch01A	durance3	prep2	2	15Cab1004Ch01A_durance3	ERR17753253	ERX17143796	15Cab1004Ch01A_S15_L001_R1_001.fastq.gz	2c093cb6b5571caa084b461d917abab4	15Cab1004Ch01A_S15_L001_R2_001.fastq.gz	1d94420fd66e9433cb6160039929232e	15Cab1004Ch01A	biological	fish metagenome	Cab	caudal fin [UBERON:4000164]	2015
PRJEB124417	DURANCE16S_RUN_15Cab1004Ch02A_durance1	DURANCE16S_EXP_15Cab1004Ch02A_durance1	DURANCE16S_15Cab1004Ch02A	durance1	prep1	1	15Cab1004Ch02A_durance1	ERR17753252	ERX17143795	15Cab1004Ch02A_S579_L001_R1_001.fastq.gz	1d189767adb4d2d58ca44aa50e013cb1	15Cab1004Ch02A_S579_L001_R2_001.fastq.gz	e5e91f41299cd467e675a162da9f9bcf	15Cab1004Ch02A	biological	fish gut metagenome	Cab	midgut [UBERON:0001045]	2015
PRJEB124417	DURANCE16S_RUN_15Cab1004Ch02A_durance2	DURANCE16S_EXP_15Cab1004Ch02A_durance2	DURANCE16S_15Cab1004Ch02A	durance2	prep2	1	15Cab1004Ch02A_durance2	ERR17753254	ERX17143797	15Cab1004Ch02A_S579_L001_R1_001.fastq.gz	0439375bda9f7c2cd681ff2b04abbc38	15Cab1004Ch02A_S579_L001_R2_001.fastq.gz	8f75ca12e9f9005bd5f77ea4d76d2629	15Cab1004Ch02A	biological	fish gut metagenome	Cab	midgut [UBERON:0001045]	2015
PRJEB124417	DURANCE16S_RUN_15Cab1004Ch02A_durance3	DURANCE16S_EXP_15Cab1004Ch02A_durance3	DURANCE16S_15Cab1004Ch02A	durance3	prep2	2	15Cab1004Ch02A_durance3	ERR17753255	ERX17143798	15Cab1004Ch02A_S579_L001_R1_001.fastq.gz	9b0d529baf66b54971844fc2221768f0	15Cab1004Ch02A_S579_L001_R2_001.fastq.gz	0c9b439f45a3ad6587767006ae470412	15Cab1004Ch02A	biological	fish gut metagenome	Cab	midgut [UBERON:0001045]	2015
PRJEB124417	DURANCE16S_RUN_15Cab1004Ch03A_durance1	DURANCE16S_EXP_15Cab1004Ch03A_durance1	DURANCE16S_15Cab1004Ch03A	durance1	prep1	1	15Cab1004Ch03A_durance1	ERR17753256	ERX17143799	15Cab1004Ch03A_S399_L001_R1_001.fastq.gz	b30b402aecdc0fe672b26c342fc211de	15Cab1004Ch03A_S399_L001_R2_001.fastq.gz	23b33d78850442a43b3c9a9de98afe31	15Cab1004Ch03A	biological	fish gut metagenome	Cab	hindgut [UBERON:0001046]	2015
PRJEB124417	DURANCE16S_RUN_15Cab1004Ch03A_durance2	DURANCE16S_EXP_15Cab1004Ch03A_durance2	DURANCE16S_15Cab1004Ch03A	durance2	prep2	1	15Cab1004Ch03A_durance2	ERR17753257	ERX17143800	15Cab1004Ch03A_S399_L001_R1_001.fastq.gz	1696f0bd75d6ddcf9e4df3d2d5afeb02	15Cab1004Ch03A_S399_L001_R2_001.fastq.gz	b2a59396984ca9005dd56f3f407ade6d	15Cab1004Ch03A	biological	fish gut metagenome	Cab	hindgut [UBERON:0001046]	2015
PRJEB124417	DURANCE16S_RUN_15Cab1004Ch03A_durance3	DURANCE16S_EXP_15Cab1004Ch03A_durance3	DURANCE16S_15Cab1004Ch03A	durance3	prep2	2	15Cab1004Ch03A_durance3	ERR17753259	ERX17143802	15Cab1004Ch03A_S399_L001_R1_001.fastq.gz	5f38bef30c335110a6ab3f2f49724907	15Cab1004Ch03A_S399_L001_R2_001.fastq.gz	e43137fe11422e24c971eedfdb06360c	15Cab1004Ch03A	biological	fish gut metagenome	Cab	hindgut [UBERON:0001046]	2015
PRJEB124417	DURANCE16S_RUN_15Cab1004Ch05A_durance1	DURANCE16S_EXP_15Cab1004Ch05A_durance1	DURANCE16S_15Cab1004Ch05A	durance1	prep1	1	15Cab1004Ch05A_durance1	ERR17753258	ERX17143801	15Cab1004Ch05A_S207_L001_R1_001.fastq.gz	40e7f00bea8de2bb29d861f2801d2ba9	15Cab1004Ch05A_S207_L001_R2_001.fastq.gz	af964f26e95dec05a0c0fb8c176e4bcc	15Cab1004Ch05A	biological	gill metagenome	Cab	gill [UBERON:0002535]	2015
PRJEB124417	DURANCE16S_RUN_15Cab1004Ch05A_durance2	DURANCE16S_EXP_15Cab1004Ch05A_durance2	DURANCE16S_15Cab1004Ch05A	durance2	prep2	1	15Cab1004Ch05A_durance2	ERR17753260	ERX17143803	15Cab1004Ch05A_S207_L001_R1_001.fastq.gz	307a7ff2cbe8df0dcbc1050aafb86bec	15Cab1004Ch05A_S207_L001_R2_001.fastq.gz	dcb9f270b63a35f69dd782360b39ba88	15Cab1004Ch05A	biological	gill metagenome	Cab	gill [UBERON:0002535]	2015
PRJEB124417	DURANCE16S_RUN_15Cab1004Ch05A_durance3	DURANCE16S_EXP_15Cab1004Ch05A_durance3	DURANCE16S_15Cab1004Ch05A	durance3	prep2	2	15Cab1004Ch05A_durance3	ERR17753263	ERX17143806	15Cab1004Ch05A_S207_L001_R1_001.fastq.gz	606368e3e7c6b736a40f79b3d277ee3f	15Cab1004Ch05A_S207_L001_R2_001.fastq.gz	58276eb185020fd26fd2ba4b3f9a7322	15Cab1004Ch05A	biological	gill metagenome	Cab	gill [UBERON:0002535]	2015
PRJEB124417	DURANCE16S_RUN_15Cab1005Ch01A_durance1	DURANCE16S_EXP_15Cab1005Ch01A_durance1	DURANCE16S_15Cab1005Ch01A	durance1	prep1	1	15Cab1005Ch01A_durance1	ERR17753261	ERX17143804	15Cab1005Ch01A_S27_L001_R1_001.fastq.gz	06c4e609685e465fab3031edb450026a	15Cab1005Ch01A_S27_L001_R2_001.fastq.gz	d7cdb3449af5095f12fb92a8d6a7cb99	15Cab1005Ch01A	biological	fish metagenome	Cab	caudal fin [UBERON:4000164]	2015
PRJEB124417	DURANCE16S_RUN_15Cab1005Ch01A_durance2	DURANCE16S_EXP_15Cab1005Ch01A_durance2	DURANCE16S_15Cab1005Ch01A	durance2	prep2	1	15Cab1005Ch01A_durance2	ERR17753264	ERX17143807	15Cab1005Ch01A_S27_L001_R1_001.fastq.gz	cabda3bf81b65aee3d5da47743e148f9	15Cab1005Ch01A_S27_L001_R2_001.fastq.gz	1cf041398e5bc3740f2a5df1084c3784	15Cab1005Ch01A	biological	fish metagenome	Cab	caudal fin [UBERON:4000164]	2015
PRJEB124417	DURANCE16S_RUN_15Cab1005Ch01A_durance3	DURANCE16S_EXP_15Cab1005Ch01A_durance3	DURANCE16S_15Cab1005Ch01A	durance3	prep2	2	15Cab1005Ch01A_durance3	ERR17753262	ERX17143805	15Cab1005Ch01A_S27_L001_R1_001.fastq.gz	07a9f58774d85c9c4d97a166c596d3ff	15Cab1005Ch01A_S27_L001_R2_001.fastq.gz	899e7630a6d50e39d3bff713ce9cc80c	15Cab1005Ch01A	biological	fish metagenome	Cab	caudal fin [UBERON:4000164]	2015
PRJEB124417	DURANCE16S_RUN_15Cab1005Ch02A_durance1	DURANCE16S_EXP_15Cab1005Ch02A_durance1	DURANCE16S_15Cab1005Ch02A	durance1	prep1	1	15Cab1005Ch02A_durance1	ERR17753265	ERX17143808	15Cab1005Ch02A_S591_L001_R1_001.fastq.gz	a4e589775ff2b682e24f92f9f3c2a838	15Cab1005Ch02A_S591_L001_R2_001.fastq.gz	c2ed9deab3c59ef002d361fd5893ec8e	15Cab1005Ch02A	biological	fish gut metagenome	Cab	midgut [UBERON:0001045]	2015
PRJEB124417	DURANCE16S_RUN_15Cab1005Ch02A_durance2	DURANCE16S_EXP_15Cab1005Ch02A_durance2	DURANCE16S_15Cab1005Ch02A	durance2	prep2	1	15Cab1005Ch02A_durance2	ERR17753267	ERX17143810	15Cab1005Ch02A_S591_L001_R1_001.fastq.gz	6cb19ef181d4cdce0dccbcfe6ada5537	15Cab1005Ch02A_S591_L001_R2_001.fastq.gz	edaa737e718de8941db496efb69c7dad	15Cab1005Ch02A	biological	fish gut metagenome	Cab	midgut [UBERON:0001045]	2015
PRJEB124417	DURANCE16S_RUN_15Cab1005Ch02A_durance3	DURANCE16S_EXP_15Cab1005Ch02A_durance3	DURANCE16S_15Cab1005Ch02A	durance3	prep2	2	15Cab1005Ch02A_durance3	ERR17753268	ERX17143811	15Cab1005Ch02A_S591_L001_R1_001.fastq.gz	83d2e647d5713c396a85275054abe73c	15Cab1005Ch02A_S591_L001_R2_001.fastq.gz	cac4dc513ae8c14255856df7c58d44ae	15Cab1005Ch02A	biological	fish gut metagenome	Cab	midgut [UBERON:0001045]	2015
PRJEB124417	DURANCE16S_RUN_15Cab1005Ch03A_durance1	DURANCE16S_EXP_15Cab1005Ch03A_durance1	DURANCE16S_15Cab1005Ch03A	durance1	prep1	1	15Cab1005Ch03A_durance1	ERR17753266	ERX17143809	15Cab1005Ch03A_S411_L001_R1_001.fastq.gz	94e8bcdfdb70d94095f21b45071baecb	15Cab1005Ch03A_S411_L001_R2_001.fastq.gz	d8bb516575b5cf1276639c056e208984	15Cab1005Ch03A	biological	fish gut metagenome	Cab	hindgut [UBERON:0001046]	2015
PRJEB124417	DURANCE16S_RUN_15Cab1005Ch03A_durance2	DURANCE16S_EXP_15Cab1005Ch03A_durance2	DURANCE16S_15Cab1005Ch03A	durance2	prep2	1	15Cab1005Ch03A_durance2	ERR17753270	ERX17143813	15Cab1005Ch03A_S411_L001_R1_001.fastq.gz	f474784511d829d025a46998f5b8be27	15Cab1005Ch03A_S411_L001_R2_001.fastq.gz	47795997c833cc5dd18bd23f27957f26	15Cab1005Ch03A	biological	fish gut metagenome	Cab	hindgut [UBERON:0001046]	2015
PRJEB124417	DURANCE16S_RUN_15Cab1005Ch03A_durance3	DURANCE16S_EXP_15Cab1005Ch03A_durance3	DURANCE16S_15Cab1005Ch03A	durance3	prep2	2	15Cab1005Ch03A_durance3	ERR17753273	ERX17143816	15Cab1005Ch03A_S411_L001_R1_001.fastq.gz	5dc173e8615e77ee9c947e16e8c247fa	15Cab1005Ch03A_S411_L001_R2_001.fastq.gz	c8bba144a9c0b990da4890e1c42ba693	15Cab1005Ch03A	biological	fish gut metagenome	Cab	hindgut [UBERON:0001046]	2015
PRJEB124417	DURANCE16S_RUN_15Cab1005Ch05A_durance1	DURANCE16S_EXP_15Cab1005Ch05A_durance1	DURANCE16S_15Cab1005Ch05A	durance1	prep1	1	15Cab1005Ch05A_durance1	ERR17753269	ERX17143812	15Cab1005Ch05A_S219_L001_R1_001.fastq.gz	56fb0539b6b3aabd31b01988105ba4ac	15Cab1005Ch05A_S219_L001_R2_001.fastq.gz	79c9de47b4cdbe7595f681e0a53d88c2	15Cab1005Ch05A	biological	gill metagenome	Cab	gill [UBERON:0002535]	2015
PRJEB124417	DURANCE16S_RUN_15Cab1005Ch05A_durance2	DURANCE16S_EXP_15Cab1005Ch05A_durance2	DURANCE16S_15Cab1005Ch05A	durance2	prep2	1	15Cab1005Ch05A_durance2	ERR17753272	ERX17143815	15Cab1005Ch05A_S219_L001_R1_001.fastq.gz	0fac7429d36e0bd044a44ecab40828c8	15Cab1005Ch05A_S219_L001_R2_001.fastq.gz	e0f34434922e53647338ac9984f42b97	15Cab1005Ch05A	biological	gill metagenome	Cab	gill [UBERON:0002535]	2015
PRJEB124417	DURANCE16S_RUN_15Cab1005Ch05A_durance3	DURANCE16S_EXP_15Cab1005Ch05A_durance3	DURANCE16S_15Cab1005Ch05A	durance3	prep2	2	15Cab1005Ch05A_durance3	ERR17753271	ERX17143814	15Cab1005Ch05A_S219_L001_R1_001.fastq.gz	b6e97d959ca8de47e3c960de9ed7de46	15Cab1005Ch05A_S219_L001_R2_001.fastq.gz	dd87bce26fb5a7c66f081b34f5b950d7	15Cab1005Ch05A	biological	gill metagenome	Cab	gill [UBERON:0002535]	2015
PRJEB124417	DURANCE16S_RUN_15Cab1006Ch01A_durance1	DURANCE16S_EXP_15Cab1006Ch01A_durance1	DURANCE16S_15Cab1006Ch01A	durance1	prep1	1	15Cab1006Ch01A_durance1	ERR17753274	ERX17143817	15Cab1006Ch01A_S39_L001_R1_001.fastq.gz	d6589b34c9a9b80e72a8d78ba28cde48	15Cab1006Ch01A_S39_L001_R2_001.fastq.gz	eb1c34aab521af17287e41fcf0ab5eea	15Cab1006Ch01A	biological	fish metagenome	Cab	caudal fin [UBERON:4000164]	2015
PRJEB124417	DURANCE16S_RUN_15Cab1006Ch01A_durance2	DURANCE16S_EXP_15Cab1006Ch01A_durance2	DURANCE16S_15Cab1006Ch01A	durance2	prep2	1	15Cab1006Ch01A_durance2	ERR17753275	ERX17143818	15Cab1006Ch01A_S39_L001_R1_001.fastq.gz	0aab9f8bb08440c0f8dca5fa7082f4bf	15Cab1006Ch01A_S39_L001_R2_001.fastq.gz	04b228158017f3d06a1a9a5a1b167b15	15Cab1006Ch01A	biological	fish metagenome	Cab	caudal fin [UBERON:4000164]	2015
PRJEB124417	DURANCE16S_RUN_15Cab1006Ch01A_durance3	DURANCE16S_EXP_15Cab1006Ch01A_durance3	DURANCE16S_15Cab1006Ch01A	durance3	prep2	2	15Cab1006Ch01A_durance3	ERR17753277	ERX17143820	15Cab1006Ch01A_S39_L001_R1_001.fastq.gz	84da03307dd7657e04a23739ae2243d5	15Cab1006Ch01A_S39_L001_R2_001.fastq.gz	8b3e144035859362268e634aadd97e80	15Cab1006Ch01A	biological	fish metagenome	Cab	caudal fin [UBERON:4000164]	2015
PRJEB124417	DURANCE16S_RUN_15Cab1006Ch02A_durance1	DURANCE16S_EXP_15Cab1006Ch02A_durance1	DURANCE16S_15Cab1006Ch02A	durance1	prep1	1	15Cab1006Ch02A_durance1	ERR17753279	ERX17143822	15Cab1006Ch02A_S603_L001_R1_001.fastq.gz	6e84b53f601ac32ecd9b2e40110bdb4e	15Cab1006Ch02A_S603_L001_R2_001.fastq.gz	b65d01743ef35742d50f85b8cde12261	15Cab1006Ch02A	biological	fish gut metagenome	Cab	midgut [UBERON:0001045]	2015
PRJEB124417	DURANCE16S_RUN_15Cab1006Ch02A_durance2	DURANCE16S_EXP_15Cab1006Ch02A_durance2	DURANCE16S_15Cab1006Ch02A	durance2	prep2	1	15Cab1006Ch02A_durance2	ERR17753276	ERX17143819	15Cab1006Ch02A_S603_L001_R1_001.fastq.gz	60ead6f9a9441c39681062b10ddffa12	15Cab1006Ch02A_S603_L001_R2_001.fastq.gz	7d7bd05ab09a19b46d94f1ba42b3fdb6	15Cab1006Ch02A	biological	fish gut metagenome	Cab	midgut [UBERON:0001045]	2015
PRJEB124417	DURANCE16S_RUN_15Cab1006Ch02A_durance3	DURANCE16S_EXP_15Cab1006Ch02A_durance3	DURANCE16S_15Cab1006Ch02A	durance3	prep2	2	15Cab1006Ch02A_durance3	ERR17753278	ERX17143821	15Cab1006Ch02A_S603_L001_R1_001.fastq.gz	deed2af4959a6cf085d57b122343ad66	15Cab1006Ch02A_S603_L001_R2_001.fastq.gz	fb3e31264f7b38019a5e15e686eccb04	15Cab1006Ch02A	biological	fish gut metagenome	Cab	midgut [UBERON:0001045]	2015
PRJEB124417	DURANCE16S_RUN_15Cab1006Ch03A_durance1	DURANCE16S_EXP_15Cab1006Ch03A_durance1	DURANCE16S_15Cab1006Ch03A	durance1	prep1	1	15Cab1006Ch03A_durance1	ERR17753280	ERX17143823	15Cab1006Ch03A_S423_L001_R1_001.fastq.gz	ade2f20eab153568f72ce8487706a2a5	15Cab1006Ch03A_S423_L001_R2_001.fastq.gz	5388a39288e2b4b4eacb7c4f7606a0ba	15Cab1006Ch03A	biological	fish gut metagenome	Cab	hindgut [UBERON:0001046]	2015
PRJEB124417	DURANCE16S_RUN_15Cab1006Ch03A_durance2	DURANCE16S_EXP_15Cab1006Ch03A_durance2	DURANCE16S_15Cab1006Ch03A	durance2	prep2	1	15Cab1006Ch03A_durance2	ERR17753281	ERX17143824	15Cab1006Ch03A_S423_L001_R1_001.fastq.gz	5ed8c142007e151b964ecfe4ef9fa992	15Cab1006Ch03A_S423_L001_R2_001.fastq.gz	bff346f97c782c2d6c064ea9970be7a5	15Cab1006Ch03A	biological	fish gut metagenome	Cab	hindgut [UBERON:0001046]	2015
PRJEB124417	DURANCE16S_RUN_15Cab1006Ch03A_durance3	DURANCE16S_EXP_15Cab1006Ch03A_durance3	DURANCE16S_15Cab1006Ch03A	durance3	prep2	2	15Cab1006Ch03A_durance3	ERR17753282	ERX17143825	15Cab1006Ch03A_S423_L001_R1_001.fastq.gz	d88d41732d8130d5a608a74351c0fe46	15Cab1006Ch03A_S423_L001_R2_001.fastq.gz	7755d9a6d4df3a3bce622a7483d53ace	15Cab1006Ch03A	biological	fish gut metagenome	Cab	hindgut [UBERON:0001046]	2015
PRJEB124417	DURANCE16S_RUN_15Cab1006Ch05A_durance1	DURANCE16S_EXP_15Cab1006Ch05A_durance1	DURANCE16S_15Cab1006Ch05A	durance1	prep1	1	15Cab1006Ch05A_durance1	ERR17753283	ERX17143826	15Cab1006Ch05A_S231_L001_R1_001.fastq.gz	4389a5a54dc0c0056e9f9c5b247f7d0d	15Cab1006Ch05A_S231_L001_R2_001.fastq.gz	cb21614c77711c02bf3f54f4cda321bd	15Cab1006Ch05A	biological	gill metagenome	Cab	gill [UBERON:0002535]	2015
PRJEB124417	DURANCE16S_RUN_15Cab1006Ch05A_durance2	DURANCE16S_EXP_15Cab1006Ch05A_durance2	DURANCE16S_15Cab1006Ch05A	durance2	prep2	1	15Cab1006Ch05A_durance2	ERR17753286	ERX17143829	15Cab1006Ch05A_S231_L001_R1_001.fastq.gz	cfe6c122a6e1346cb0d2cc028c8db5a4	15Cab1006Ch05A_S231_L001_R2_001.fastq.gz	a9fed13305c53a748359033b5e0bd39e	15Cab1006Ch05A	biological	gill metagenome	Cab	gill [UBERON:0002535]	2015
PRJEB124417	DURANCE16S_RUN_15Cab1006Ch05A_durance3	DURANCE16S_EXP_15Cab1006Ch05A_durance3	DURANCE16S_15Cab1006Ch05A	durance3	prep2	2	15Cab1006Ch05A_durance3	ERR17753288	ERX17143831	15Cab1006Ch05A_S231_L001_R1_001.fastq.gz	5afff47530caf23ba073ae581037945e	15Cab1006Ch05A_S231_L001_R2_001.fastq.gz	a9a70dd33fbe4fb271d2dea2b1515037	15Cab1006Ch05A	biological	gill metagenome	Cab	gill [UBERON:0002535]	2015
PRJEB124417	DURANCE16S_RUN_15Cab1007Ch01A_durance1	DURANCE16S_EXP_15Cab1007Ch01A_durance1	DURANCE16S_15Cab1007Ch01A	durance1	prep1	1	15Cab1007Ch01A_durance1	ERR17753287	ERX17143830	15Cab1007Ch01A_S51_L001_R1_001.fastq.gz	3d1892c82b07f30aed247bb95c114625	15Cab1007Ch01A_S51_L001_R2_001.fastq.gz	4b07cc39d3001776657b6baf668bda82	15Cab1007Ch01A	biological	fish metagenome	Cab	caudal fin [UBERON:4000164]	2015
PRJEB124417	DURANCE16S_RUN_15Cab1007Ch01A_durance2	DURANCE16S_EXP_15Cab1007Ch01A_durance2	DURANCE16S_15Cab1007Ch01A	durance2	prep2	1	15Cab1007Ch01A_durance2	ERR17753285	ERX17143828	15Cab1007Ch01A_S51_L001_R1_001.fastq.gz	cb98c081180feec155dcc454bcb013b0	15Cab1007Ch01A_S51_L001_R2_001.fastq.gz	be9b09c9b3d6b8ba4fca7a30e1223903	15Cab1007Ch01A	biological	fish metagenome	Cab	caudal fin [UBERON:4000164]	2015
PRJEB124417	DURANCE16S_RUN_15Cab1007Ch01A_durance3	DURANCE16S_EXP_15Cab1007Ch01A_durance3	DURANCE16S_15Cab1007Ch01A	durance3	prep2	2	15Cab1007Ch01A_durance3	ERR17753284	ERX17143827	15Cab1007Ch01A_S51_L001_R1_001.fastq.gz	d9ddc22a7ebe95ff415326b73f1c7a39	15Cab1007Ch01A_S51_L001_R2_001.fastq.gz	f71c66dccd312fb67db0fd1acdac1e8e	15Cab1007Ch01A	biological	fish metagenome	Cab	caudal fin [UBERON:4000164]	2015
PRJEB124417	DURANCE16S_RUN_15Cab1007Ch02A_durance1	DURANCE16S_EXP_15Cab1007Ch02A_durance1	DURANCE16S_15Cab1007Ch02A	durance1	prep1	1	15Cab1007Ch02A_durance1	ERR17753289	ERX17143832	15Cab1007Ch02A_S615_L001_R1_001.fastq.gz	fe8d2d1b51a7f8b6c6be96e0a0ed2787	15Cab1007Ch02A_S615_L001_R2_001.fastq.gz	fdd01b73263e2bd652c578891a31c020	15Cab1007Ch02A	biological	fish gut metagenome	Cab	midgut [UBERON:0001045]	2015
PRJEB124417	DURANCE16S_RUN_15Cab1007Ch02A_durance2	DURANCE16S_EXP_15Cab1007Ch02A_durance2	DURANCE16S_15Cab1007Ch02A	durance2	prep2	1	15Cab1007Ch02A_durance2	ERR17753290	ERX17143833	15Cab1007Ch02A_S615_L001_R1_001.fastq.gz	a47f63ac38f29f316864954262d92f03	15Cab1007Ch02A_S615_L001_R2_001.fastq.gz	07088b9461417d291056293bf332fe7b	15Cab1007Ch02A	biological	fish gut metagenome	Cab	midgut [UBERON:0001045]	2015
PRJEB124417	DURANCE16S_RUN_15Cab1007Ch02A_durance3	DURANCE16S_EXP_15Cab1007Ch02A_durance3	DURANCE16S_15Cab1007Ch02A	durance3	prep2	2	15Cab1007Ch02A_durance3	ERR17753291	ERX17143834	15Cab1007Ch02A_S615_L001_R1_001.fastq.gz	deea292316effa2be0afabc30ebc03e4	15Cab1007Ch02A_S615_L001_R2_001.fastq.gz	204149f5aefbd2494ac5e3d97eec4d62	15Cab1007Ch02A	biological	fish gut metagenome	Cab	midgut [UBERON:0001045]	2015
PRJEB124417	DURANCE16S_RUN_15Cab1007Ch03A_durance1	DURANCE16S_EXP_15Cab1007Ch03A_durance1	DURANCE16S_15Cab1007Ch03A	durance1	prep1	1	15Cab1007Ch03A_durance1	ERR17753292	ERX17143835	15Cab1007Ch03A_S435_L001_R1_001.fastq.gz	6bfc8c7ce0259c712552ad8f8848994c	15Cab1007Ch03A_S435_L001_R2_001.fastq.gz	62500fcd44720874518a4174d825b88e	15Cab1007Ch03A	biological	fish gut metagenome	Cab	hindgut [UBERON:0001046]	2015
PRJEB124417	DURANCE16S_RUN_15Cab1007Ch03A_durance2	DURANCE16S_EXP_15Cab1007Ch03A_durance2	DURANCE16S_15Cab1007Ch03A	durance2	prep2	1	15Cab1007Ch03A_durance2	ERR17753294	ERX17143837	15Cab1007Ch03A_S435_L001_R1_001.fastq.gz	a36f92c675af55292598429ff3468713	15Cab1007Ch03A_S435_L001_R2_001.fastq.gz	7764d642e9a523b44f030ac6aaa2cee4	15Cab1007Ch03A	biological	fish gut metagenome	Cab	hindgut [UBERON:0001046]	2015
PRJEB124417	DURANCE16S_RUN_15Cab1007Ch03A_durance3	DURANCE16S_EXP_15Cab1007Ch03A_durance3	DURANCE16S_15Cab1007Ch03A	durance3	prep2	2	15Cab1007Ch03A_durance3	ERR17753295	ERX17143838	15Cab1007Ch03A_S435_L001_R1_001.fastq.gz	b7b62e65882b89e2d637924c4ea29ddb	15Cab1007Ch03A_S435_L001_R2_001.fastq.gz	5bd2d33dd2810be8538cc1b7f311f92f	15Cab1007Ch03A	biological	fish gut metagenome	Cab	hindgut [UBERON:0001046]	2015
PRJEB124417	DURANCE16S_RUN_15Cab1007Ch05A_durance1	DURANCE16S_EXP_15Cab1007Ch05A_durance1	DURANCE16S_15Cab1007Ch05A	durance1	prep1	1	15Cab1007Ch05A_durance1	ERR17753296	ERX17143839	15Cab1007Ch05A_S243_L001_R1_001.fastq.gz	37b9ed176614435fecbfa0231df9ca30	15Cab1007Ch05A_S243_L001_R2_001.fastq.gz	92201ba1c932d30c18f252b4e5979e6d	15Cab1007Ch05A	biological	gill metagenome	Cab	gill [UBERON:0002535]	2015
PRJEB124417	DURANCE16S_RUN_15Cab1007Ch05A_durance2	DURANCE16S_EXP_15Cab1007Ch05A_durance2	DURANCE16S_15Cab1007Ch05A	durance2	prep2	1	15Cab1007Ch05A_durance2	ERR17753297	ERX17143840	15Cab1007Ch05A_S243_L001_R1_001.fastq.gz	aa70227a91d99b9f05855682d06c0094	15Cab1007Ch05A_S243_L001_R2_001.fastq.gz	423dbc1ca4900832ae1ee0ef0a67adc0	15Cab1007Ch05A	biological	gill metagenome	Cab	gill [UBERON:0002535]	2015
PRJEB124417	DURANCE16S_RUN_15Cab1007Ch05A_durance3	DURANCE16S_EXP_15Cab1007Ch05A_durance3	DURANCE16S_15Cab1007Ch05A	durance3	prep2	2	15Cab1007Ch05A_durance3	ERR17753298	ERX17143841	15Cab1007Ch05A_S243_L001_R1_001.fastq.gz	748f4bfca33fa4102cbfa71156ec79d8	15Cab1007Ch05A_S243_L001_R2_001.fastq.gz	4d749e54cfe242196e60b7e60a943944	15Cab1007Ch05A	biological	gill metagenome	Cab	gill [UBERON:0002535]	2015
PRJEB124417	DURANCE16S_RUN_15Cab1008Ch01A_durance1	DURANCE16S_EXP_15Cab1008Ch01A_durance1	DURANCE16S_15Cab1008Ch01A	durance1	prep1	1	15Cab1008Ch01A_durance1	ERR17753299	ERX17143842	15Cab1008Ch01A_S63_L001_R1_001.fastq.gz	52a6461d8c363a0582ca802321117d84	15Cab1008Ch01A_S63_L001_R2_001.fastq.gz	0f98095bfc818795242b9b48707e368c	15Cab1008Ch01A	biological	fish metagenome	Cab	caudal fin [UBERON:4000164]	2015
PRJEB124417	DURANCE16S_RUN_15Cab1008Ch01A_durance2	DURANCE16S_EXP_15Cab1008Ch01A_durance2	DURANCE16S_15Cab1008Ch01A	durance2	prep2	1	15Cab1008Ch01A_durance2	ERR17753300	ERX17143843	15Cab1008Ch01A_S63_L001_R1_001.fastq.gz	d76dbdb122fdddc7ff079373090bdc7d	15Cab1008Ch01A_S63_L001_R2_001.fastq.gz	b261aaab79b355f3d56502cc0001c0ad	15Cab1008Ch01A	biological	fish metagenome	Cab	caudal fin [UBERON:4000164]	2015
PRJEB124417	DURANCE16S_RUN_15Cab1008Ch01A_durance3	DURANCE16S_EXP_15Cab1008Ch01A_durance3	DURANCE16S_15Cab1008Ch01A	durance3	prep2	2	15Cab1008Ch01A_durance3	ERR17753302	ERX17143845	15Cab1008Ch01A_S63_L001_R1_001.fastq.gz	e7189ce54fba6d3dbaff73bcea8ceb0f	15Cab1008Ch01A_S63_L001_R2_001.fastq.gz	f82fb0f7f1086143e5991a90ee737220	15Cab1008Ch01A	biological	fish metagenome	Cab	caudal fin [UBERON:4000164]	2015
PRJEB124417	DURANCE16S_RUN_15Cab1008Ch02A_durance1	DURANCE16S_EXP_15Cab1008Ch02A_durance1	DURANCE16S_15Cab1008Ch02A	durance1	prep1	1	15Cab1008Ch02A_durance1	ERR17753301	ERX17143844	15Cab1008Ch02A_S627_L001_R1_001.fastq.gz	da4f1a547ecea9fe97bb78b7c22b2f7a	15Cab1008Ch02A_S627_L001_R2_001.fastq.gz	e88f693fafb35bf5d5ebd93956b695b7	15Cab1008Ch02A	biological	fish gut metagenome	Cab	midgut [UBERON:0001045]	2015
PRJEB124417	DURANCE16S_RUN_15Cab1008Ch02A_durance2	DURANCE16S_EXP_15Cab1008Ch02A_durance2	DURANCE16S_15Cab1008Ch02A	durance2	prep2	1	15Cab1008Ch02A_durance2	ERR17753303	ERX17143846	15Cab1008Ch02A_S627_L001_R1_001.fastq.gz	538b85a9588cdc83f3d503ca54f5372b	15Cab1008Ch02A_S627_L001_R2_001.fastq.gz	b4d15b2a68fe57875cdbb359d4d18981	15Cab1008Ch02A	biological	fish gut metagenome	Cab	midgut [UBERON:0001045]	2015
PRJEB124417	DURANCE16S_RUN_15Cab1008Ch02A_durance3	DURANCE16S_EXP_15Cab1008Ch02A_durance3	DURANCE16S_15Cab1008Ch02A	durance3	prep2	2	15Cab1008Ch02A_durance3	ERR17753305	ERX17143848	15Cab1008Ch02A_S627_L001_R1_001.fastq.gz	7192a33bba6f7faf9bef0fe320d9da25	15Cab1008Ch02A_S627_L001_R2_001.fastq.gz	7075e821d86a27c7f0b6b37ff0d1c9be	15Cab1008Ch02A	biological	fish gut metagenome	Cab	midgut [UBERON:0001045]	2015
PRJEB124417	DURANCE16S_RUN_15Cab1008Ch03A_durance1	DURANCE16S_EXP_15Cab1008Ch03A_durance1	DURANCE16S_15Cab1008Ch03A	durance1	prep1	1	15Cab1008Ch03A_durance1	ERR17753304	ERX17143847	15Cab1008Ch03A_S447_L001_R1_001.fastq.gz	8615d1a52d5bcd2f7fe37620bd351160	15Cab1008Ch03A_S447_L001_R2_001.fastq.gz	5eb9b8bf963fc72b261ae1e8a9d47b25	15Cab1008Ch03A	biological	fish gut metagenome	Cab	hindgut [UBERON:0001046]	2015
PRJEB124417	DURANCE16S_RUN_15Cab1008Ch03A_durance2	DURANCE16S_EXP_15Cab1008Ch03A_durance2	DURANCE16S_15Cab1008Ch03A	durance2	prep2	1	15Cab1008Ch03A_durance2	ERR17753306	ERX17143849	15Cab1008Ch03A_S447_L001_R1_001.fastq.gz	61080760238f4c8bcdc965e2d25ef5cb	15Cab1008Ch03A_S447_L001_R2_001.fastq.gz	9529dd95802a7710590f7a553fb41857	15Cab1008Ch03A	biological	fish gut metagenome	Cab	hindgut [UBERON:0001046]	2015
PRJEB124417	DURANCE16S_RUN_15Cab1008Ch03A_durance3	DURANCE16S_EXP_15Cab1008Ch03A_durance3	DURANCE16S_15Cab1008Ch03A	durance3	prep2	2	15Cab1008Ch03A_durance3	ERR17753309	ERX17143852	15Cab1008Ch03A_S447_L001_R1_001.fastq.gz	d1096f80d0b33c22ec7850e0008833be	15Cab1008Ch03A_S447_L001_R2_001.fastq.gz	dc1417f1d8fe39785db3d6b27e9353ef	15Cab1008Ch03A	biological	fish gut metagenome	Cab	hindgut [UBERON:0001046]	2015
PRJEB124417	DURANCE16S_RUN_15Cab1008Ch05A_durance1	DURANCE16S_EXP_15Cab1008Ch05A_durance1	DURANCE16S_15Cab1008Ch05A	durance1	prep1	1	15Cab1008Ch05A_durance1	ERR17753308	ERX17143851	15Cab1008Ch05A_S255_L001_R1_001.fastq.gz	04189292ceb9e6997571585ec84a8089	15Cab1008Ch05A_S255_L001_R2_001.fastq.gz	44e477742fd7cd3080997172acce0be0	15Cab1008Ch05A	biological	gill metagenome	Cab	gill [UBERON:0002535]	2015
PRJEB124417	DURANCE16S_RUN_15Cab1008Ch05A_durance2	DURANCE16S_EXP_15Cab1008Ch05A_durance2	DURANCE16S_15Cab1008Ch05A	durance2	prep2	1	15Cab1008Ch05A_durance2	ERR17753307	ERX17143850	15Cab1008Ch05A_S255_L001_R1_001.fastq.gz	f8843f9c61025cae8c3fb0046ccf299f	15Cab1008Ch05A_S255_L001_R2_001.fastq.gz	8c056bdff010cbc767039ac5710b184f	15Cab1008Ch05A	biological	gill metagenome	Cab	gill [UBERON:0002535]	2015
PRJEB124417	DURANCE16S_RUN_15Cab1008Ch05A_durance3	DURANCE16S_EXP_15Cab1008Ch05A_durance3	DURANCE16S_15Cab1008Ch05A	durance3	prep2	2	15Cab1008Ch05A_durance3	ERR17753310	ERX17143853	15Cab1008Ch05A_S255_L001_R1_001.fastq.gz	639172c17aeee4996c14ee756808aa6f	15Cab1008Ch05A_S255_L001_R2_001.fastq.gz	0100094401d511992ad339935ec31b0e	15Cab1008Ch05A	biological	gill metagenome	Cab	gill [UBERON:0002535]	2015
PRJEB124417	DURANCE16S_RUN_15Cab1009Ch01A_durance1	DURANCE16S_EXP_15Cab1009Ch01A_durance1	DURANCE16S_15Cab1009Ch01A	durance1	prep1	1	15Cab1009Ch01A_durance1	ERR17753312	ERX17143855	15Cab1009Ch01A_S75_L001_R1_001.fastq.gz	2bba4403957452a67cde56aa649544cb	15Cab1009Ch01A_S75_L001_R2_001.fastq.gz	3d802b4e73241d5030896a181ecc74c4	15Cab1009Ch01A	biological	fish metagenome	Cab	caudal fin [UBERON:4000164]	2015
PRJEB124417	DURANCE16S_RUN_15Cab1009Ch01A_durance2	DURANCE16S_EXP_15Cab1009Ch01A_durance2	DURANCE16S_15Cab1009Ch01A	durance2	prep2	1	15Cab1009Ch01A_durance2	ERR17753311	ERX17143854	15Cab1009Ch01A_S75_L001_R1_001.fastq.gz	3cf3900f1df61d38695091d2e1f44c38	15Cab1009Ch01A_S75_L001_R2_001.fastq.gz	8433dc81a3fb29f059a4fd496f833a50	15Cab1009Ch01A	biological	fish metagenome	Cab	caudal fin [UBERON:4000164]	2015
PRJEB124417	DURANCE16S_RUN_15Cab1009Ch01A_durance3	DURANCE16S_EXP_15Cab1009Ch01A_durance3	DURANCE16S_15Cab1009Ch01A	durance3	prep2	2	15Cab1009Ch01A_durance3	ERR17753313	ERX17143856	15Cab1009Ch01A_S75_L001_R1_001.fastq.gz	6917c3ba0523af3fef057a7542aa52cb	15Cab1009Ch01A_S75_L001_R2_001.fastq.gz	a005c1c0d3f2800e63e47d844c660d5e	15Cab1009Ch01A	biological	fish metagenome	Cab	caudal fin [UBERON:4000164]	2015
PRJEB124417	DURANCE16S_RUN_15Cab1009Ch02A_durance1	DURANCE16S_EXP_15Cab1009Ch02A_durance1	DURANCE16S_15Cab1009Ch02A	durance1	prep1	1	15Cab1009Ch02A_durance1	ERR17753314	ERX17143857	15Cab1009Ch02A_S639_L001_R1_001.fastq.gz	3217b8e7488a26dcdc607c4575c2c1e0	15Cab1009Ch02A_S639_L001_R2_001.fastq.gz	8b0432ffa9b8e1dae8cc264796e5266b	15Cab1009Ch02A	biological	fish gut metagenome	Cab	midgut [UBERON:0001045]	2015
PRJEB124417	DURANCE16S_RUN_15Cab1009Ch02A_durance2	DURANCE16S_EXP_15Cab1009Ch02A_durance2	DURANCE16S_15Cab1009Ch02A	durance2	prep2	1	15Cab1009Ch02A_durance2	ERR17753315	ERX17143858	15Cab1009Ch02A_S639_L001_R1_001.fastq.gz	221260a4a32749c243d1db8550af157e	15Cab1009Ch02A_S639_L001_R2_001.fastq.gz	f0c4c14fb43ad51f973ceeb8fc061fff	15Cab1009Ch02A	biological	fish gut metagenome	Cab	midgut [UBERON:0001045]	2015
PRJEB124417	DURANCE16S_RUN_15Cab1009Ch02A_durance3	DURANCE16S_EXP_15Cab1009Ch02A_durance3	DURANCE16S_15Cab1009Ch02A	durance3	prep2	2	15Cab1009Ch02A_durance3	ERR17753317	ERX17143860	15Cab1009Ch02A_S639_L001_R1_001.fastq.gz	7b466500ec86d550bc2216881679d849	15Cab1009Ch02A_S639_L001_R2_001.fastq.gz	36fbb2a321d95ded488b1ba393938a97	15Cab1009Ch02A	biological	fish gut metagenome	Cab	midgut [UBERON:0001045]	2015
PRJEB124417	DURANCE16S_RUN_15Cab1009Ch03A_durance1	DURANCE16S_EXP_15Cab1009Ch03A_durance1	DURANCE16S_15Cab1009Ch03A	durance1	prep1	1	15Cab1009Ch03A_durance1	ERR17753316	ERX17143859	15Cab1009Ch03A_S459_L001_R1_001.fastq.gz	5dbb20ba3f4f1f0eed994634eb15e672	15Cab1009Ch03A_S459_L001_R2_001.fastq.gz	d7669123a2c4634a5412c8ca2a994cd5	15Cab1009Ch03A	biological	fish gut metagenome	Cab	hindgut [UBERON:0001046]	2015
PRJEB124417	DURANCE16S_RUN_15Cab1009Ch03A_durance2	DURANCE16S_EXP_15Cab1009Ch03A_durance2	DURANCE16S_15Cab1009Ch03A	durance2	prep2	1	15Cab1009Ch03A_durance2	ERR17753320	ERX17143863	15Cab1009Ch03A_S459_L001_R1_001.fastq.gz	f49f782ff0862e0f0b985e075dd2278d	15Cab1009Ch03A_S459_L001_R2_001.fastq.gz	5b5baef84a3937a6208f18892b188667	15Cab1009Ch03A	biological	fish gut metagenome	Cab	hindgut [UBERON:0001046]	2015
PRJEB124417	DURANCE16S_RUN_15Cab1009Ch03A_durance3	DURANCE16S_EXP_15Cab1009Ch03A_durance3	DURANCE16S_15Cab1009Ch03A	durance3	prep2	2	15Cab1009Ch03A_durance3	ERR17753322	ERX17143865	15Cab1009Ch03A_S459_L001_R1_001.fastq.gz	b13b348855ae1672fde6d4e2a3cd54f3	15Cab1009Ch03A_S459_L001_R2_001.fastq.gz	a58912917de9940b2aedee604c952fbd	15Cab1009Ch03A	biological	fish gut metagenome	Cab	hindgut [UBERON:0001046]	2015
PRJEB124417	DURANCE16S_RUN_15Cab1009Ch05A_durance1	DURANCE16S_EXP_15Cab1009Ch05A_durance1	DURANCE16S_15Cab1009Ch05A	durance1	prep1	1	15Cab1009Ch05A_durance1	ERR17753319	ERX17143862	15Cab1009Ch05A_S267_L001_R1_001.fastq.gz	5a3ea143d291feb2dbe78ec0d62733a9	15Cab1009Ch05A_S267_L001_R2_001.fastq.gz	24872d3cb63bf101318725a7d39adca6	15Cab1009Ch05A	biological	gill metagenome	Cab	gill [UBERON:0002535]	2015
PRJEB124417	DURANCE16S_RUN_15Cab1009Ch05A_durance2	DURANCE16S_EXP_15Cab1009Ch05A_durance2	DURANCE16S_15Cab1009Ch05A	durance2	prep2	1	15Cab1009Ch05A_durance2	ERR17753321	ERX17143864	15Cab1009Ch05A_S267_L001_R1_001.fastq.gz	cf1dfa62f87fb0b9dd62480a8570710c	15Cab1009Ch05A_S267_L001_R2_001.fastq.gz	9ed38424252f638b5a8255bb9bb888ce	15Cab1009Ch05A	biological	gill metagenome	Cab	gill [UBERON:0002535]	2015
PRJEB124417	DURANCE16S_RUN_15Cab1009Ch05A_durance3	DURANCE16S_EXP_15Cab1009Ch05A_durance3	DURANCE16S_15Cab1009Ch05A	durance3	prep2	2	15Cab1009Ch05A_durance3	ERR17753318	ERX17143861	15Cab1009Ch05A_S267_L001_R1_001.fastq.gz	b00549fed66e5dbbb4b338bd60b72b6c	15Cab1009Ch05A_S267_L001_R2_001.fastq.gz	95d3015ffbba6a07d404eefc39fac789	15Cab1009Ch05A	biological	gill metagenome	Cab	gill [UBERON:0002535]	2015
PRJEB124417	DURANCE16S_RUN_15Cab1010Ch01A_durance1	DURANCE16S_EXP_15Cab1010Ch01A_durance1	DURANCE16S_15Cab1010Ch01A	durance1	prep1	1	15Cab1010Ch01A_durance1	ERR17753324	ERX17143867	15Cab1010Ch01A_S87_L001_R1_001.fastq.gz	a44832c1b38980eba521a16e8140f38c	15Cab1010Ch01A_S87_L001_R2_001.fastq.gz	22326c91b5bc192eb3ca07b0f83a557b	15Cab1010Ch01A	biological	fish metagenome	Cab	caudal fin [UBERON:4000164]	2015
PRJEB124417	DURANCE16S_RUN_15Cab1010Ch01A_durance2	DURANCE16S_EXP_15Cab1010Ch01A_durance2	DURANCE16S_15Cab1010Ch01A	durance2	prep2	1	15Cab1010Ch01A_durance2	ERR17753323	ERX17143866	15Cab1010Ch01A_S87_L001_R1_001.fastq.gz	d87ee6447c078e45a350a00714cd2ba7	15Cab1010Ch01A_S87_L001_R2_001.fastq.gz	94029bdfd0939429ce323c72dd4c0530	15Cab1010Ch01A	biological	fish metagenome	Cab	caudal fin [UBERON:4000164]	2015
PRJEB124417	DURANCE16S_RUN_15Cab1010Ch01A_durance3	DURANCE16S_EXP_15Cab1010Ch01A_durance3	DURANCE16S_15Cab1010Ch01A	durance3	prep2	2	15Cab1010Ch01A_durance3	ERR17753325	ERX17143868	15Cab1010Ch01A_S87_L001_R1_001.fastq.gz	e838e0297b5d6bb49568d827cb918fcf	15Cab1010Ch01A_S87_L001_R2_001.fastq.gz	a47269a4cb1067ba4e1f4d30089fc480	15Cab1010Ch01A	biological	fish metagenome	Cab	caudal fin [UBERON:4000164]	2015
PRJEB124417	DURANCE16S_RUN_15Cab1010Ch02A_durance1	DURANCE16S_EXP_15Cab1010Ch02A_durance1	DURANCE16S_15Cab1010Ch02A	durance1	prep1	1	15Cab1010Ch02A_durance1	ERR17753328	ERX17143871	15Cab1010Ch02A_S651_L001_R1_001.fastq.gz	03bc3929c45258109c8ad91bbfc9518b	15Cab1010Ch02A_S651_L001_R2_001.fastq.gz	7601fed5071e6c09644eea3236a61052	15Cab1010Ch02A	biological	fish gut metagenome	Cab	midgut [UBERON:0001045]	2015
PRJEB124417	DURANCE16S_RUN_15Cab1010Ch02A_durance2	DURANCE16S_EXP_15Cab1010Ch02A_durance2	DURANCE16S_15Cab1010Ch02A	durance2	prep2	1	15Cab1010Ch02A_durance2	ERR17753327	ERX17143870	15Cab1010Ch02A_S651_L001_R1_001.fastq.gz	5c797062fbdb6ad3a207b36b0a13d4a7	15Cab1010Ch02A_S651_L001_R2_001.fastq.gz	fd94cd2b9018d6874be87deb5b2c3b86	15Cab1010Ch02A	biological	fish gut metagenome	Cab	midgut [UBERON:0001045]	2015
PRJEB124417	DURANCE16S_RUN_15Cab1010Ch02A_durance3	DURANCE16S_EXP_15Cab1010Ch02A_durance3	DURANCE16S_15Cab1010Ch02A	durance3	prep2	2	15Cab1010Ch02A_durance3	ERR17753329	ERX17143872	15Cab1010Ch02A_S651_L001_R1_001.fastq.gz	9de55209a14377f84011fd9c8b9adedd	15Cab1010Ch02A_S651_L001_R2_001.fastq.gz	c5604da4e4a70892b739c7c42766503d	15Cab1010Ch02A	biological	fish gut metagenome	Cab	midgut [UBERON:0001045]	2015
PRJEB124417	DURANCE16S_RUN_15Cab1010Ch03A_durance1	DURANCE16S_EXP_15Cab1010Ch03A_durance1	DURANCE16S_15Cab1010Ch03A	durance1	prep1	1	15Cab1010Ch03A_durance1	ERR17753326	ERX17143869	15Cab1010Ch03A_S471_L001_R1_001.fastq.gz	335dd70ea6152f5b663b3f4dc3ed1dbb	15Cab1010Ch03A_S471_L001_R2_001.fastq.gz	a14aa25787d5078e2d7c51b25d001a21	15Cab1010Ch03A	biological	fish gut metagenome	Cab	hindgut [UBERON:0001046]	2015
PRJEB124417	DURANCE16S_RUN_15Cab1010Ch03A_durance2	DURANCE16S_EXP_15Cab1010Ch03A_durance2	DURANCE16S_15Cab1010Ch03A	durance2	prep2	1	15Cab1010Ch03A_durance2	ERR17753330	ERX17143873	15Cab1010Ch03A_S471_L001_R1_001.fastq.gz	026acb897a689270ae776336d2a81b4c	15Cab1010Ch03A_S471_L001_R2_001.fastq.gz	fc28c2c8f99ef6eff527d9f28499d9e5	15Cab1010Ch03A	biological	fish gut metagenome	Cab	hindgut [UBERON:0001046]	2015
PRJEB124417	DURANCE16S_RUN_15Cab1010Ch03A_durance3	DURANCE16S_EXP_15Cab1010Ch03A_durance3	DURANCE16S_15Cab1010Ch03A	durance3	prep2	2	15Cab1010Ch03A_durance3	ERR17753332	ERX17143875	15Cab1010Ch03A_S471_L001_R1_001.fastq.gz	a4413e76da291947820b836def33dff1	15Cab1010Ch03A_S471_L001_R2_001.fastq.gz	e4a3f243918fa885c3c04f9c345f9aef	15Cab1010Ch03A	biological	fish gut metagenome	Cab	hindgut [UBERON:0001046]	2015
PRJEB124417	DURANCE16S_RUN_15Cab1010Ch05A_durance1	DURANCE16S_EXP_15Cab1010Ch05A_durance1	DURANCE16S_15Cab1010Ch05A	durance1	prep1	1	15Cab1010Ch05A_durance1	ERR17753331	ERX17143874	15Cab1010Ch05A_S279_L001_R1_001.fastq.gz	66afd3fa6d283e44d4d57b16ee439807	15Cab1010Ch05A_S279_L001_R2_001.fastq.gz	12f67b77630c33d0d11a8bfb7138d3be	15Cab1010Ch05A	biological	gill metagenome	Cab	gill [UBERON:0002535]	2015
PRJEB124417	DURANCE16S_RUN_15Cab1010Ch05A_durance2	DURANCE16S_EXP_15Cab1010Ch05A_durance2	DURANCE16S_15Cab1010Ch05A	durance2	prep2	1	15Cab1010Ch05A_durance2	ERR17753334	ERX17143877	15Cab1010Ch05A_S279_L001_R1_001.fastq.gz	0d1a72b0e7404388b2c03d543fe9c478	15Cab1010Ch05A_S279_L001_R2_001.fastq.gz	e96f3e8e7c777cf26681b29be3430c5e	15Cab1010Ch05A	biological	gill metagenome	Cab	gill [UBERON:0002535]	2015
PRJEB124417	DURANCE16S_RUN_15Cab1010Ch05A_durance3	DURANCE16S_EXP_15Cab1010Ch05A_durance3	DURANCE16S_15Cab1010Ch05A	durance3	prep2	2	15Cab1010Ch05A_durance3	ERR17753333	ERX17143876	15Cab1010Ch05A_S279_L001_R1_001.fastq.gz	2f75cd16a9da22661315606a6ef97884	15Cab1010Ch05A_S279_L001_R2_001.fastq.gz	843441785b0865aa961f5aed3750503a	15Cab1010Ch05A	biological	gill metagenome	Cab	gill [UBERON:0002535]	2015
PRJEB124417	DURANCE16S_RUN_15Cab1011Ch01A_durance1	DURANCE16S_EXP_15Cab1011Ch01A_durance1	DURANCE16S_15Cab1011Ch01A	durance1	prep1	1	15Cab1011Ch01A_durance1	ERR17753336	ERX17143879	15Cab1011Ch01A_S4_L001_R1_001.fastq.gz	7e1d84b26b3360437066d6d23c198317	15Cab1011Ch01A_S4_L001_R2_001.fastq.gz	873915c837a59b66adee998939cf8195	15Cab1011Ch01A	biological	fish metagenome	Cab	caudal fin [UBERON:4000164]	2015
PRJEB124417	DURANCE16S_RUN_15Cab1011Ch01A_durance2	DURANCE16S_EXP_15Cab1011Ch01A_durance2	DURANCE16S_15Cab1011Ch01A	durance2	prep2	1	15Cab1011Ch01A_durance2	ERR17753335	ERX17143878	15Cab1011Ch01A_S4_L001_R1_001.fastq.gz	f0a0d83146cb2d19d3b851e8bb0ccf98	15Cab1011Ch01A_S4_L001_R2_001.fastq.gz	a28e1118438f931ad3df8bd96c35a169	15Cab1011Ch01A	biological	fish metagenome	Cab	caudal fin [UBERON:4000164]	2015
PRJEB124417	DURANCE16S_RUN_15Cab1011Ch01A_durance3	DURANCE16S_EXP_15Cab1011Ch01A_durance3	DURANCE16S_15Cab1011Ch01A	durance3	prep2	2	15Cab1011Ch01A_durance3	ERR17753338	ERX17143881	15Cab1011Ch01A_S4_L001_R1_001.fastq.gz	857160610a8c47a5915284aedfc712e2	15Cab1011Ch01A_S4_L001_R2_001.fastq.gz	9adc1a9c7bfe0f7aaa0de9df5b968252	15Cab1011Ch01A	biological	fish metagenome	Cab	caudal fin [UBERON:4000164]	2015
PRJEB124417	DURANCE16S_RUN_15Cab1011Ch02A_durance1	DURANCE16S_EXP_15Cab1011Ch02A_durance1	DURANCE16S_15Cab1011Ch02A	durance1	prep1	1	15Cab1011Ch02A_durance1	ERR17753337	ERX17143880	15Cab1011Ch02A_S663_L001_R1_001.fastq.gz	f8857d27b37badcb9ad834db7945c85a	15Cab1011Ch02A_S663_L001_R2_001.fastq.gz	9fb2e78ea08c980841960f37aa8cde04	15Cab1011Ch02A	biological	fish gut metagenome	Cab	midgut [UBERON:0001045]	2015
PRJEB124417	DURANCE16S_RUN_15Cab1011Ch02A_durance2	DURANCE16S_EXP_15Cab1011Ch02A_durance2	DURANCE16S_15Cab1011Ch02A	durance2	prep2	1	15Cab1011Ch02A_durance2	ERR17753339	ERX17143882	15Cab1011Ch02A_S663_L001_R1_001.fastq.gz	c88a646ad377735eceb4cda242162793	15Cab1011Ch02A_S663_L001_R2_001.fastq.gz	9a21c98d171dadacbd535e536ca218aa	15Cab1011Ch02A	biological	fish gut metagenome	Cab	midgut [UBERON:0001045]	2015
PRJEB124417	DURANCE16S_RUN_15Cab1011Ch02A_durance3	DURANCE16S_EXP_15Cab1011Ch02A_durance3	DURANCE16S_15Cab1011Ch02A	durance3	prep2	2	15Cab1011Ch02A_durance3	ERR17753340	ERX17143883	15Cab1011Ch02A_S663_L001_R1_001.fastq.gz	779ac709c663ba059de52c0dc5643a76	15Cab1011Ch02A_S663_L001_R2_001.fastq.gz	e7cc25be6a626b824756eb653c0a11c7	15Cab1011Ch02A	biological	fish gut metagenome	Cab	midgut [UBERON:0001045]	2015
PRJEB124417	DURANCE16S_RUN_15Cab1011Ch03A_durance1	DURANCE16S_EXP_15Cab1011Ch03A_durance1	DURANCE16S_15Cab1011Ch03A	durance1	prep1	1	15Cab1011Ch03A_durance1	ERR17753342	ERX17143885	15Cab1011Ch03A_S388_L001_R1_001.fastq.gz	783912296db9663db0cf9847a77af2de	15Cab1011Ch03A_S388_L001_R2_001.fastq.gz	d2e8bc6462034787dd5a6bb6ec75de12	15Cab1011Ch03A	biological	fish gut metagenome	Cab	hindgut [UBERON:0001046]	2015
PRJEB124417	DURANCE16S_RUN_15Cab1011Ch03A_durance2	DURANCE16S_EXP_15Cab1011Ch03A_durance2	DURANCE16S_15Cab1011Ch03A	durance2	prep2	1	15Cab1011Ch03A_durance2	ERR17753341	ERX17143884	15Cab1011Ch03A_S388_L001_R1_001.fastq.gz	9f3908b2634c1f3b31cf9bed3290b2aa	15Cab1011Ch03A_S388_L001_R2_001.fastq.gz	65581b35c42b08ad404e19af56325225	15Cab1011Ch03A	biological	fish gut metagenome	Cab	hindgut [UBERON:0001046]	2015
PRJEB124417	DURANCE16S_RUN_15Cab1011Ch03A_durance3	DURANCE16S_EXP_15Cab1011Ch03A_durance3	DURANCE16S_15Cab1011Ch03A	durance3	prep2	2	15Cab1011Ch03A_durance3	ERR17753345	ERX17143888	15Cab1011Ch03A_S388_L001_R1_001.fastq.gz	e8cc03dd7d1a4e04a32325bab70173e9	15Cab1011Ch03A_S388_L001_R2_001.fastq.gz	7d0090c870278b2df18ef3bb8ff01c8f	15Cab1011Ch03A	biological	fish gut metagenome	Cab	hindgut [UBERON:0001046]	2015
PRJEB124417	DURANCE16S_RUN_15Cab1011Ch05A_durance1	DURANCE16S_EXP_15Cab1011Ch05A_durance1	DURANCE16S_15Cab1011Ch05A	durance1	prep1	1	15Cab1011Ch05A_durance1	ERR17753343	ERX17143886	15Cab1011Ch05A_S196_L001_R1_001.fastq.gz	358be6bb7f8111f5ae8ccb0097010acd	15Cab1011Ch05A_S196_L001_R2_001.fastq.gz	98da283f566114d67e299d138123092e	15Cab1011Ch05A	biological	gill metagenome	Cab	gill [UBERON:0002535]	2015
PRJEB124417	DURANCE16S_RUN_15Cab1011Ch05A_durance2	DURANCE16S_EXP_15Cab1011Ch05A_durance2	DURANCE16S_15Cab1011Ch05A	durance2	prep2	1	15Cab1011Ch05A_durance2	ERR17753344	ERX17143887	15Cab1011Ch05A_S196_L001_R1_001.fastq.gz	574a1dfb0e7f8980cc010de670ff4014	15Cab1011Ch05A_S196_L001_R2_001.fastq.gz	858fa8ae1d9c7a3acf84724c12ef9f5b	15Cab1011Ch05A	biological	gill metagenome	Cab	gill [UBERON:0002535]	2015
PRJEB124417	DURANCE16S_RUN_15Cab1011Ch05A_durance3	DURANCE16S_EXP_15Cab1011Ch05A_durance3	DURANCE16S_15Cab1011Ch05A	durance3	prep2	2	15Cab1011Ch05A_durance3	ERR17753348	ERX17143891	15Cab1011Ch05A_S196_L001_R1_001.fastq.gz	fff7a380bb9da8b0d9f212859a01c44c	15Cab1011Ch05A_S196_L001_R2_001.fastq.gz	be8fc78bf80930483dfc72d500d3e6a6	15Cab1011Ch05A	biological	gill metagenome	Cab	gill [UBERON:0002535]	2015
PRJEB124417	DURANCE16S_RUN_15Cab1012Ch01A_durance1	DURANCE16S_EXP_15Cab1012Ch01A_durance1	DURANCE16S_15Cab1012Ch01A	durance1	prep1	1	15Cab1012Ch01A_durance1	ERR17753350	ERX17143893	15Cab1012Ch01A_S16_L001_R1_001.fastq.gz	d0207a744032261db809775aa3e88757	15Cab1012Ch01A_S16_L001_R2_001.fastq.gz	a1a046700bafe578277b0aa490342ded	15Cab1012Ch01A	biological	fish metagenome	Cab	caudal fin [UBERON:4000164]	2015
PRJEB124417	DURANCE16S_RUN_15Cab1012Ch01A_durance2	DURANCE16S_EXP_15Cab1012Ch01A_durance2	DURANCE16S_15Cab1012Ch01A	durance2	prep2	1	15Cab1012Ch01A_durance2	ERR17753349	ERX17143892	15Cab1012Ch01A_S16_L001_R1_001.fastq.gz	1c53f7f1fbdb22f4583f162c3801ecb1	15Cab1012Ch01A_S16_L001_R2_001.fastq.gz	22d52d06d5cd77a4c4814f681df991d0	15Cab1012Ch01A	biological	fish metagenome	Cab	caudal fin [UBERON:4000164]	2015
PRJEB124417	DURANCE16S_RUN_15Cab1012Ch01A_durance3	DURANCE16S_EXP_15Cab1012Ch01A_durance3	DURANCE16S_15Cab1012Ch01A	durance3	prep2	2	15Cab1012Ch01A_durance3	ERR17753347	ERX17143890	15Cab1012Ch01A_S16_L001_R1_001.fastq.gz	3d4747c4206eb025117eb78c6d618ff1	15Cab1012Ch01A_S16_L001_R2_001.fastq.gz	cceae103391895bf38bc8376452951c9	15Cab1012Ch01A	biological	fish metagenome	Cab	caudal fin [UBERON:4000164]	2015
PRJEB124417	DURANCE16S_RUN_15Cab1012Ch02A_durance1	DURANCE16S_EXP_15Cab1012Ch02A_durance1	DURANCE16S_15Cab1012Ch02A	durance1	prep1	1	15Cab1012Ch02A_durance1	ERR17753351	ERX17143894	15Cab1012Ch02A_S580_L001_R1_001.fastq.gz	fde1403b1f3e07a3602e64dd97ad9616	15Cab1012Ch02A_S580_L001_R2_001.fastq.gz	f53e5355c5096564c558f439a538fa1a	15Cab1012Ch02A	biological	fish gut metagenome	Cab	midgut [UBERON:0001045]	2015
PRJEB124417	DURANCE16S_RUN_15Cab1012Ch02A_durance2	DURANCE16S_EXP_15Cab1012Ch02A_durance2	DURANCE16S_15Cab1012Ch02A	durance2	prep2	1	15Cab1012Ch02A_durance2	ERR17753353	ERX17143896	15Cab1012Ch02A_S580_L001_R1_001.fastq.gz	5362702c1d7777f506b1a25af21b0414	15Cab1012Ch02A_S580_L001_R2_001.fastq.gz	58d3111db14da524775794087bc821f5	15Cab1012Ch02A	biological	fish gut metagenome	Cab	midgut [UBERON:0001045]	2015
PRJEB124417	DURANCE16S_RUN_15Cab1012Ch02A_durance3	DURANCE16S_EXP_15Cab1012Ch02A_durance3	DURANCE16S_15Cab1012Ch02A	durance3	prep2	2	15Cab1012Ch02A_durance3	ERR17753352	ERX17143895	15Cab1012Ch02A_S580_L001_R1_001.fastq.gz	920080bbe3ab46a1987a46304a069e1f	15Cab1012Ch02A_S580_L001_R2_001.fastq.gz	b37e448d05ecd7516e3ef6cc593fc612	15Cab1012Ch02A	biological	fish gut metagenome	Cab	midgut [UBERON:0001045]	2015
PRJEB124417	DURANCE16S_RUN_15Cab1012Ch03A_durance1	DURANCE16S_EXP_15Cab1012Ch03A_durance1	DURANCE16S_15Cab1012Ch03A	durance1	prep1	1	15Cab1012Ch03A_durance1	ERR17753354	ERX17143897	15Cab1012Ch03A_S400_L001_R1_001.fastq.gz	1ac1f72069307b00ae898032dce365ba	15Cab1012Ch03A_S400_L001_R2_001.fastq.gz	127a0ff20b3b2dafe43f9bf23dc16ae1	15Cab1012Ch03A	biological	fish gut metagenome	Cab	hindgut [UBERON:0001046]	2015
PRJEB124417	DURANCE16S_RUN_15Cab1012Ch03A_durance2	DURANCE16S_EXP_15Cab1012Ch03A_durance2	DURANCE16S_15Cab1012Ch03A	durance2	prep2	1	15Cab1012Ch03A_durance2	ERR17753355	ERX17143898	15Cab1012Ch03A_S400_L001_R1_001.fastq.gz	f0bb5a840013572a00fb5f068884fff7	15Cab1012Ch03A_S400_L001_R2_001.fastq.gz	01f22b83bdb4b903d466f055022a1cb2	15Cab1012Ch03A	biological	fish gut metagenome	Cab	hindgut [UBERON:0001046]	2015
PRJEB124417	DURANCE16S_RUN_15Cab1012Ch03A_durance3	DURANCE16S_EXP_15Cab1012Ch03A_durance3	DURANCE16S_15Cab1012Ch03A	durance3	prep2	2	15Cab1012Ch03A_durance3	ERR17753359	ERX17143902	15Cab1012Ch03A_S400_L001_R1_001.fastq.gz	ca911775e30bf2772f21380e040caf00	15Cab1012Ch03A_S400_L001_R2_001.fastq.gz	0b678d6da4ab84b43039d57d16a6580d	15Cab1012Ch03A	biological	fish gut metagenome	Cab	hindgut [UBERON:0001046]	2015
PRJEB124417	DURANCE16S_RUN_15Cab1012Ch05A_durance1	DURANCE16S_EXP_15Cab1012Ch05A_durance1	DURANCE16S_15Cab1012Ch05A	durance1	prep1	1	15Cab1012Ch05A_durance1	ERR17753356	ERX17143899	15Cab1012Ch05A_S208_L001_R1_001.fastq.gz	e243dbff73fbb823363745da46034dc8	15Cab1012Ch05A_S208_L001_R2_001.fastq.gz	61591df8950787072e96c3ddb2bb5d78	15Cab1012Ch05A	biological	gill metagenome	Cab	gill [UBERON:0002535]	2015
PRJEB124417	DURANCE16S_RUN_15Cab1012Ch05A_durance2	DURANCE16S_EXP_15Cab1012Ch05A_durance2	DURANCE16S_15Cab1012Ch05A	durance2	prep2	1	15Cab1012Ch05A_durance2	ERR17753360	ERX17143903	15Cab1012Ch05A_S208_L001_R1_001.fastq.gz	417b1b5b8450c751edc4dac22d26593d	15Cab1012Ch05A_S208_L001_R2_001.fastq.gz	674d05d58bd9b0a89eea996243b0dc2a	15Cab1012Ch05A	biological	gill metagenome	Cab	gill [UBERON:0002535]	2015
PRJEB124417	DURANCE16S_RUN_15Cab1012Ch05A_durance3	DURANCE16S_EXP_15Cab1012Ch05A_durance3	DURANCE16S_15Cab1012Ch05A	durance3	prep2	2	15Cab1012Ch05A_durance3	ERR17753361	ERX17143904	15Cab1012Ch05A_S208_L001_R1_001.fastq.gz	32364e64497ba811895f155b7d8815d3	15Cab1012Ch05A_S208_L001_R2_001.fastq.gz	7b27a333c989a6e03bbd030f4063a2e6	15Cab1012Ch05A	biological	gill metagenome	Cab	gill [UBERON:0002535]	2015
PRJEB124417	DURANCE16S_RUN_15Cab1013Ch01A_durance1	DURANCE16S_EXP_15Cab1013Ch01A_durance1	DURANCE16S_15Cab1013Ch01A	durance1	prep1	1	15Cab1013Ch01A_durance1	ERR17753358	ERX17143901	15Cab1013Ch01A_S28_L001_R1_001.fastq.gz	23192b96e21c8723db2b0153053fa491	15Cab1013Ch01A_S28_L001_R2_001.fastq.gz	3b94efa7a368ca20fd2a6319f01e01ec	15Cab1013Ch01A	biological	fish metagenome	Cab	caudal fin [UBERON:4000164]	2015
PRJEB124417	DURANCE16S_RUN_15Cab1013Ch01A_durance2	DURANCE16S_EXP_15Cab1013Ch01A_durance2	DURANCE16S_15Cab1013Ch01A	durance2	prep2	1	15Cab1013Ch01A_durance2	ERR17753362	ERX17143905	15Cab1013Ch01A_S28_L001_R1_001.fastq.gz	6ec914bd5fed82a5259fee99c8163e88	15Cab1013Ch01A_S28_L001_R2_001.fastq.gz	2554815c6f858c66c776616d6f0312a4	15Cab1013Ch01A	biological	fish metagenome	Cab	caudal fin [UBERON:4000164]	2015
PRJEB124417	DURANCE16S_RUN_15Cab1013Ch01A_durance3	DURANCE16S_EXP_15Cab1013Ch01A_durance3	DURANCE16S_15Cab1013Ch01A	durance3	prep2	2	15Cab1013Ch01A_durance3	ERR17753363	ERX17143906	15Cab1013Ch01A_S28_L001_R1_001.fastq.gz	18b3798b53a1f3f1832f767ccfd39679	15Cab1013Ch01A_S28_L001_R2_001.fastq.gz	27d5dcfa771a0938ff10bce19c778d4a	15Cab1013Ch01A	biological	fish metagenome	Cab	caudal fin [UBERON:4000164]	2015
PRJEB124417	DURANCE16S_RUN_15Cab1013Ch02A_durance1	DURANCE16S_EXP_15Cab1013Ch02A_durance1	DURANCE16S_15Cab1013Ch02A	durance1	prep1	1	15Cab1013Ch02A_durance1	ERR17753365	ERX17143908	15Cab1013Ch02A_S592_L001_R1_001.fastq.gz	b4b2d69366502acc554df27f5e69dadb	15Cab1013Ch02A_S592_L001_R2_001.fastq.gz	49c762e36f7bd7a3cd785c91da9ca938	15Cab1013Ch02A	biological	fish gut metagenome	Cab	midgut [UBERON:0001045]	2015
PRJEB124417	DURANCE16S_RUN_15Cab1013Ch02A_durance2	DURANCE16S_EXP_15Cab1013Ch02A_durance2	DURANCE16S_15Cab1013Ch02A	durance2	prep2	1	15Cab1013Ch02A_durance2	ERR17753364	ERX17143907	15Cab1013Ch02A_S592_L001_R1_001.fastq.gz	f5e82965c79fd93ebba31bc038805e9c	15Cab1013Ch02A_S592_L001_R2_001.fastq.gz	c01b909cb89d2076938b676dda5493cb	15Cab1013Ch02A	biological	fish gut metagenome	Cab	midgut [UBERON:0001045]	2015
PRJEB124417	DURANCE16S_RUN_15Cab1013Ch02A_durance3	DURANCE16S_EXP_15Cab1013Ch02A_durance3	DURANCE16S_15Cab1013Ch02A	durance3	prep2	2	15Cab1013Ch02A_durance3	ERR17753366	ERX17143909	15Cab1013Ch02A_S592_L001_R1_001.fastq.gz	53172034ad62e92b13a356810229faa4	15Cab1013Ch02A_S592_L001_R2_001.fastq.gz	4ee8278084adaf366dc24cde6aa3f777	15Cab1013Ch02A	biological	fish gut metagenome	Cab	midgut [UBERON:0001045]	2015
PRJEB124417	DURANCE16S_RUN_15Cab1013Ch03A_durance1	DURANCE16S_EXP_15Cab1013Ch03A_durance1	DURANCE16S_15Cab1013Ch03A	durance1	prep1	1	15Cab1013Ch03A_durance1	ERR17753368	ERX17143911	15Cab1013Ch03A_S412_L001_R1_001.fastq.gz	b8fdbbf529a0ea3c8fd9194b0aca86a4	15Cab1013Ch03A_S412_L001_R2_001.fastq.gz	0cf2f500b16ead2450d55b1c69ff9334	15Cab1013Ch03A	biological	fish gut metagenome	Cab	hindgut [UBERON:0001046]	2015
PRJEB124417	DURANCE16S_RUN_15Cab1013Ch03A_durance2	DURANCE16S_EXP_15Cab1013Ch03A_durance2	DURANCE16S_15Cab1013Ch03A	durance2	prep2	1	15Cab1013Ch03A_durance2	ERR17753367	ERX17143910	15Cab1013Ch03A_S412_L001_R1_001.fastq.gz	c27383ac95b9ac007c001211848ebb7c	15Cab1013Ch03A_S412_L001_R2_001.fastq.gz	fb773224909eb9aba517140a8283c30c	15Cab1013Ch03A	biological	fish gut metagenome	Cab	hindgut [UBERON:0001046]	2015
PRJEB124417	DURANCE16S_RUN_15Cab1013Ch03A_durance3	DURANCE16S_EXP_15Cab1013Ch03A_durance3	DURANCE16S_15Cab1013Ch03A	durance3	prep2	2	15Cab1013Ch03A_durance3	ERR17753369	ERX17143912	15Cab1013Ch03A_S412_L001_R1_001.fastq.gz	ddd4860c08cf4b5e1743168e80db42c1	15Cab1013Ch03A_S412_L001_R2_001.fastq.gz	a6a015208659e5aaf13bf8d1afb113a9	15Cab1013Ch03A	biological	fish gut metagenome	Cab	hindgut [UBERON:0001046]	2015
PRJEB124417	DURANCE16S_RUN_15Cab1013Ch05A_durance1	DURANCE16S_EXP_15Cab1013Ch05A_durance1	DURANCE16S_15Cab1013Ch05A	durance1	prep1	1	15Cab1013Ch05A_durance1	ERR17753370	ERX17143913	15Cab1013Ch05A_S220_L001_R1_001.fastq.gz	0bd9d68cb606a27b82e7ac8d449a15da	15Cab1013Ch05A_S220_L001_R2_001.fastq.gz	15b58f5616c5a54422030743f5886294	15Cab1013Ch05A	biological	gill metagenome	Cab	gill [UBERON:0002535]	2015
PRJEB124417	DURANCE16S_RUN_15Cab1013Ch05A_durance2	DURANCE16S_EXP_15Cab1013Ch05A_durance2	DURANCE16S_15Cab1013Ch05A	durance2	prep2	1	15Cab1013Ch05A_durance2	ERR17753372	ERX17143915	15Cab1013Ch05A_S220_L001_R1_001.fastq.gz	f0de8aada3482b69a175f9acef256904	15Cab1013Ch05A_S220_L001_R2_001.fastq.gz	cc07b77ad24911d6f79e4f51eebdb744	15Cab1013Ch05A	biological	gill metagenome	Cab	gill [UBERON:0002535]	2015
PRJEB124417	DURANCE16S_RUN_15Cab1013Ch05A_durance3	DURANCE16S_EXP_15Cab1013Ch05A_durance3	DURANCE16S_15Cab1013Ch05A	durance3	prep2	2	15Cab1013Ch05A_durance3	ERR17753371	ERX17143914	15Cab1013Ch05A_S220_L001_R1_001.fastq.gz	fc76ade422226f58c554737536ecb793	15Cab1013Ch05A_S220_L001_R2_001.fastq.gz	aeb969a9cb4751230233d98b9aeb94dc	15Cab1013Ch05A	biological	gill metagenome	Cab	gill [UBERON:0002535]	2015
PRJEB124417	DURANCE16S_RUN_15Cab1014Ch01A_durance1	DURANCE16S_EXP_15Cab1014Ch01A_durance1	DURANCE16S_15Cab1014Ch01A	durance1	prep1	1	15Cab1014Ch01A_durance1	ERR17753373	ERX17143916	15Cab1014Ch01A_S40_L001_R1_001.fastq.gz	602fc7e5445f9feb54d6659c26b1ddf2	15Cab1014Ch01A_S40_L001_R2_001.fastq.gz	2e75bb65188a9596033a7771a8e8705d	15Cab1014Ch01A	biological	fish metagenome	Cab	caudal fin [UBERON:4000164]	2015
PRJEB124417	DURANCE16S_RUN_15Cab1014Ch01A_durance2	DURANCE16S_EXP_15Cab1014Ch01A_durance2	DURANCE16S_15Cab1014Ch01A	durance2	prep2	1	15Cab1014Ch01A_durance2	ERR17753376	ERX17143919	15Cab1014Ch01A_S40_L001_R1_001.fastq.gz	1bc56709a667cb3c34c9b78bcdbf9111	15Cab1014Ch01A_S40_L001_R2_001.fastq.gz	2128a84143fef7269e60940184a30da3	15Cab1014Ch01A	biological	fish metagenome	Cab	caudal fin [UBERON:4000164]	2015
PRJEB124417	DURANCE16S_RUN_15Cab1014Ch01A_durance3	DURANCE16S_EXP_15Cab1014Ch01A_durance3	DURANCE16S_15Cab1014Ch01A	durance3	prep2	2	15Cab1014Ch01A_durance3	ERR17753374	ERX17143917	15Cab1014Ch01A_S40_L001_R1_001.fastq.gz	0cdde21f30bbe3beecb2515b7a4921e6	15Cab1014Ch01A_S40_L001_R2_001.fastq.gz	4b27115863703752d64441eccc883b1c	15Cab1014Ch01A	biological	fish metagenome	Cab	caudal fin [UBERON:4000164]	2015
PRJEB124417	DURANCE16S_RUN_15Cab1014Ch02A_durance1	DURANCE16S_EXP_15Cab1014Ch02A_durance1	DURANCE16S_15Cab1014Ch02A	durance1	prep1	1	15Cab1014Ch02A_durance1	ERR17753375	ERX17143918	15Cab1014Ch02A_S604_L001_R1_001.fastq.gz	488fb35dd3aae8b1de07024ece5986f0	15Cab1014Ch02A_S604_L001_R2_001.fastq.gz	d4bb96dd480176a021898206a9a9aa86	15Cab1014Ch02A	biological	fish gut metagenome	Cab	midgut [UBERON:0001045]	2015
PRJEB124417	DURANCE16S_RUN_15Cab1014Ch02A_durance2	DURANCE16S_EXP_15Cab1014Ch02A_durance2	DURANCE16S_15Cab1014Ch02A	durance2	prep2	1	15Cab1014Ch02A_durance2	ERR17753377	ERX17143920	15Cab1014Ch02A_S604_L001_R1_001.fastq.gz	30a673157865b27f5f6daff21ecb22ca	15Cab1014Ch02A_S604_L001_R2_001.fastq.gz	18e7e4794153239034bfe3980bb05f84	15Cab1014Ch02A	biological	fish gut metagenome	Cab	midgut [UBERON:0001045]	2015
PRJEB124417	DURANCE16S_RUN_15Cab1014Ch02A_durance3	DURANCE16S_EXP_15Cab1014Ch02A_durance3	DURANCE16S_15Cab1014Ch02A	durance3	prep2	2	15Cab1014Ch02A_durance3	ERR17753378	ERX17143921	15Cab1014Ch02A_S604_L001_R1_001.fastq.gz	2f4a6ff9d1dfb8c3c9926b1ad6619339	15Cab1014Ch02A_S604_L001_R2_001.fastq.gz	e3e9946ebe59ad03df0495b9a6c98009	15Cab1014Ch02A	biological	fish gut metagenome	Cab	midgut [UBERON:0001045]	2015
PRJEB124417	DURANCE16S_RUN_15Cab1014Ch03A_durance1	DURANCE16S_EXP_15Cab1014Ch03A_durance1	DURANCE16S_15Cab1014Ch03A	durance1	prep1	1	15Cab1014Ch03A_durance1	ERR17753380	ERX17143923	15Cab1014Ch03A_S424_L001_R1_001.fastq.gz	95607e54a39a0e51c14a48784dcc9cd5	15Cab1014Ch03A_S424_L001_R2_001.fastq.gz	95c1b113a2df9804051eca005cfde8ff	15Cab1014Ch03A	biological	fish gut metagenome	Cab	hindgut [UBERON:0001046]	2015
PRJEB124417	DURANCE16S_RUN_15Cab1014Ch03A_durance2	DURANCE16S_EXP_15Cab1014Ch03A_durance2	DURANCE16S_15Cab1014Ch03A	durance2	prep2	1	15Cab1014Ch03A_durance2	ERR17753379	ERX17143922	15Cab1014Ch03A_S424_L001_R1_001.fastq.gz	f307f0cd08ffec01f4d4d6f6635befbe	15Cab1014Ch03A_S424_L001_R2_001.fastq.gz	e188555000c56ac6d3718092675e0d25	15Cab1014Ch03A	biological	fish gut metagenome	Cab	hindgut [UBERON:0001046]	2015
PRJEB124417	DURANCE16S_RUN_15Cab1014Ch03A_durance3	DURANCE16S_EXP_15Cab1014Ch03A_durance3	DURANCE16S_15Cab1014Ch03A	durance3	prep2	2	15Cab1014Ch03A_durance3	ERR17753381	ERX17143924	15Cab1014Ch03A_S424_L001_R1_001.fastq.gz	745cdb11e2fbe6f048aff61ac6391642	15Cab1014Ch03A_S424_L001_R2_001.fastq.gz	84ba0887aa960fad0435887e6334bc82	15Cab1014Ch03A	biological	fish gut metagenome	Cab	hindgut [UBERON:0001046]	2015
PRJEB124417	DURANCE16S_RUN_15Cab1014Ch05A_durance1	DURANCE16S_EXP_15Cab1014Ch05A_durance1	DURANCE16S_15Cab1014Ch05A	durance1	prep1	1	15Cab1014Ch05A_durance1	ERR17753382	ERX17143925	15Cab1014Ch05A_S232_L001_R1_001.fastq.gz	ef685cce34bb5069633df6256b46b735	15Cab1014Ch05A_S232_L001_R2_001.fastq.gz	7131d678498af3223d73b592f8a57ba8	15Cab1014Ch05A	biological	gill metagenome	Cab	gill [UBERON:0002535]	2015
PRJEB124417	DURANCE16S_RUN_15Cab1014Ch05A_durance2	DURANCE16S_EXP_15Cab1014Ch05A_durance2	DURANCE16S_15Cab1014Ch05A	durance2	prep2	1	15Cab1014Ch05A_durance2	ERR17753383	ERX17143926	15Cab1014Ch05A_S232_L001_R1_001.fastq.gz	cf09684c3e1929f3b5c02e46c4429472	15Cab1014Ch05A_S232_L001_R2_001.fastq.gz	1a92fe7ac59c2f8865cba84447bfcd0a	15Cab1014Ch05A	biological	gill metagenome	Cab	gill [UBERON:0002535]	2015
PRJEB124417	DURANCE16S_RUN_15Cab1014Ch05A_durance3	DURANCE16S_EXP_15Cab1014Ch05A_durance3	DURANCE16S_15Cab1014Ch05A	durance3	prep2	2	15Cab1014Ch05A_durance3	ERR17753386	ERX17143929	15Cab1014Ch05A_S232_L001_R1_001.fastq.gz	a60e64adbb8497b963fb92ba3865cc9d	15Cab1014Ch05A_S232_L001_R2_001.fastq.gz	7dfa04afdec76b7d20b9cd57f502d36f	15Cab1014Ch05A	biological	gill metagenome	Cab	gill [UBERON:0002535]	2015
PRJEB124417	DURANCE16S_RUN_15Cab1015Ch01A_durance1	DURANCE16S_EXP_15Cab1015Ch01A_durance1	DURANCE16S_15Cab1015Ch01A	durance1	prep1	1	15Cab1015Ch01A_durance1	ERR17753384	ERX17143927	15Cab1015Ch01A_S52_L001_R1_001.fastq.gz	4e8d2488eb75eb23be0257c19bd94399	15Cab1015Ch01A_S52_L001_R2_001.fastq.gz	e7272ee6e7428efbf2175efdce4ecf3c	15Cab1015Ch01A	biological	fish metagenome	Cab	caudal fin [UBERON:4000164]	2015
PRJEB124417	DURANCE16S_RUN_15Cab1015Ch01A_durance2	DURANCE16S_EXP_15Cab1015Ch01A_durance2	DURANCE16S_15Cab1015Ch01A	durance2	prep2	1	15Cab1015Ch01A_durance2	ERR17753385	ERX17143928	15Cab1015Ch01A_S52_L001_R1_001.fastq.gz	75ad09ffff3d908049d17ddf1d482f2b	15Cab1015Ch01A_S52_L001_R2_001.fastq.gz	bd829939f3f0c14da00ad5aed9339d73	15Cab1015Ch01A	biological	fish metagenome	Cab	caudal fin [UBERON:4000164]	2015
PRJEB124417	DURANCE16S_RUN_15Cab1015Ch01A_durance3	DURANCE16S_EXP_15Cab1015Ch01A_durance3	DURANCE16S_15Cab1015Ch01A	durance3	prep2	2	15Cab1015Ch01A_durance3	ERR17753388	ERX17143931	15Cab1015Ch01A_S52_L001_R1_001.fastq.gz	2004d44c386ffb6f7e2d361559b548d9	15Cab1015Ch01A_S52_L001_R2_001.fastq.gz	f140af92e9a8dab6bb21cb9cce7857e2	15Cab1015Ch01A	biological	fish metagenome	Cab	caudal fin [UBERON:4000164]	2015
PRJEB124417	DURANCE16S_RUN_15Cab1015Ch02A_durance1	DURANCE16S_EXP_15Cab1015Ch02A_durance1	DURANCE16S_15Cab1015Ch02A	durance1	prep1	1	15Cab1015Ch02A_durance1	ERR17753387	ERX17143930	15Cab1015Ch02A_S616_L001_R1_001.fastq.gz	2ab6daf202c49594db79b0eef662d19a	15Cab1015Ch02A_S616_L001_R2_001.fastq.gz	8e577b45f36f9a94647aab9d0229d296	15Cab1015Ch02A	biological	fish gut metagenome	Cab	midgut [UBERON:0001045]	2015
PRJEB124417	DURANCE16S_RUN_15Cab1015Ch02A_durance2	DURANCE16S_EXP_15Cab1015Ch02A_durance2	DURANCE16S_15Cab1015Ch02A	durance2	prep2	1	15Cab1015Ch02A_durance2	ERR17753389	ERX17143932	15Cab1015Ch02A_S616_L001_R1_001.fastq.gz	ad7d4e58a507f28cb44f9bf2f416d56b	15Cab1015Ch02A_S616_L001_R2_001.fastq.gz	e22cea0711a7a80c32b9cf5221ac3f71	15Cab1015Ch02A	biological	fish gut metagenome	Cab	midgut [UBERON:0001045]	2015
PRJEB124417	DURANCE16S_RUN_15Cab1015Ch02A_durance3	DURANCE16S_EXP_15Cab1015Ch02A_durance3	DURANCE16S_15Cab1015Ch02A	durance3	prep2	2	15Cab1015Ch02A_durance3	ERR17753390	ERX17143933	15Cab1015Ch02A_S616_L001_R1_001.fastq.gz	ffaef0232b3de4a9656535995ee959fd	15Cab1015Ch02A_S616_L001_R2_001.fastq.gz	0645b366d6401d698f1704c333ab7a42	15Cab1015Ch02A	biological	fish gut metagenome	Cab	midgut [UBERON:0001045]	2015
PRJEB124417	DURANCE16S_RUN_15Cab1015Ch03A_durance1	DURANCE16S_EXP_15Cab1015Ch03A_durance1	DURANCE16S_15Cab1015Ch03A	durance1	prep1	1	15Cab1015Ch03A_durance1	ERR17753391	ERX17143934	15Cab1015Ch03A_S436_L001_R1_001.fastq.gz	179130677dc926d8d1e4a72d131b39c4	15Cab1015Ch03A_S436_L001_R2_001.fastq.gz	28e80712f4d3e5df8397dcb35d67be0a	15Cab1015Ch03A	biological	fish gut metagenome	Cab	hindgut [UBERON:0001046]	2015
PRJEB124417	DURANCE16S_RUN_15Cab1015Ch03A_durance2	DURANCE16S_EXP_15Cab1015Ch03A_durance2	DURANCE16S_15Cab1015Ch03A	durance2	prep2	1	15Cab1015Ch03A_durance2	ERR17753392	ERX17143935	15Cab1015Ch03A_S436_L001_R1_001.fastq.gz	91342f1e08e03c000cb917d48d4e16c3	15Cab1015Ch03A_S436_L001_R2_001.fastq.gz	f1fc3868348fa446776d27f7000c5bca	15Cab1015Ch03A	biological	fish gut metagenome	Cab	hindgut [UBERON:0001046]	2015
PRJEB124417	DURANCE16S_RUN_15Cab1015Ch03A_durance3	DURANCE16S_EXP_15Cab1015Ch03A_durance3	DURANCE16S_15Cab1015Ch03A	durance3	prep2	2	15Cab1015Ch03A_durance3	ERR17753394	ERX17143937	15Cab1015Ch03A_S436_L001_R1_001.fastq.gz	48da8fae9d5c400fa9affc58f9444519	15Cab1015Ch03A_S436_L001_R2_001.fastq.gz	b59be7966e4e2db7d54b381fc1f971aa	15Cab1015Ch03A	biological	fish gut metagenome	Cab	hindgut [UBERON:0001046]	2015
PRJEB124417	DURANCE16S_RUN_15Cab1015Ch05A_durance1	DURANCE16S_EXP_15Cab1015Ch05A_durance1	DURANCE16S_15Cab1015Ch05A	durance1	prep1	1	15Cab1015Ch05A_durance1	ERR17753393	ERX17143936	15Cab1015Ch05A_S244_L001_R1_001.fastq.gz	35b2510dd3b185c35282226b92208e6f	15Cab1015Ch05A_S244_L001_R2_001.fastq.gz	6e64a67162deb37acdc75ca4e4dc7964	15Cab1015Ch05A	biological	gill metagenome	Cab	gill [UBERON:0002535]	2015
PRJEB124417	DURANCE16S_RUN_15Cab1015Ch05A_durance2	DURANCE16S_EXP_15Cab1015Ch05A_durance2	DURANCE16S_15Cab1015Ch05A	durance2	prep2	1	15Cab1015Ch05A_durance2	ERR17753396	ERX17143939	15Cab1015Ch05A_S244_L001_R1_001.fastq.gz	1e3065b6fd2ed24e4ee373c81aba23b7	15Cab1015Ch05A_S244_L001_R2_001.fastq.gz	eecd0317c2023f7cc6d23d2df1a44526	15Cab1015Ch05A	biological	gill metagenome	Cab	gill [UBERON:0002535]	2015
PRJEB124417	DURANCE16S_RUN_15Cab1015Ch05A_durance3	DURANCE16S_EXP_15Cab1015Ch05A_durance3	DURANCE16S_15Cab1015Ch05A	durance3	prep2	2	15Cab1015Ch05A_durance3	ERR17753395	ERX17143938	15Cab1015Ch05A_S244_L001_R1_001.fastq.gz	860d27420a945419cc2cb2bfff10dd20	15Cab1015Ch05A_S244_L001_R2_001.fastq.gz	34263309a92af8170ca7bc603dcc6158	15Cab1015Ch05A	biological	gill metagenome	Cab	gill [UBERON:0002535]	2015
PRJEB124417	DURANCE16S_RUN_15Cab1016Ch01A_durance1	DURANCE16S_EXP_15Cab1016Ch01A_durance1	DURANCE16S_15Cab1016Ch01A	durance1	prep1	1	15Cab1016Ch01A_durance1	ERR17753398	ERX17143941	15Cab1016Ch01A_S64_L001_R1_001.fastq.gz	5a93e6f1e8a56d9b3dc85ead5ef68f00	15Cab1016Ch01A_S64_L001_R2_001.fastq.gz	b4ac6b9017df5de1a4416fb0fd6d7160	15Cab1016Ch01A	biological	fish metagenome	Cab	caudal fin [UBERON:4000164]	2015
PRJEB124417	DURANCE16S_RUN_15Cab1016Ch01A_durance2	DURANCE16S_EXP_15Cab1016Ch01A_durance2	DURANCE16S_15Cab1016Ch01A	durance2	prep2	1	15Cab1016Ch01A_durance2	ERR17753397	ERX17143940	15Cab1016Ch01A_S64_L001_R1_001.fastq.gz	5db7ad881a91c6a6563739b17c240182	15Cab1016Ch01A_S64_L001_R2_001.fastq.gz	1659fa25380898e9807a8f27a6e5beaa	15Cab1016Ch01A	biological	fish metagenome	Cab	caudal fin [UBERON:4000164]	2015
PRJEB124417	DURANCE16S_RUN_15Cab1016Ch01A_durance3	DURANCE16S_EXP_15Cab1016Ch01A_durance3	DURANCE16S_15Cab1016Ch01A	durance3	prep2	2	15Cab1016Ch01A_durance3	ERR17753401	ERX17143944	15Cab1016Ch01A_S64_L001_R1_001.fastq.gz	723cda04b6650581bfb5a2e3da08c614	15Cab1016Ch01A_S64_L001_R2_001.fastq.gz	b924e006248b2fc10951ba89b254beb0	15Cab1016Ch01A	biological	fish metagenome	Cab	caudal fin [UBERON:4000164]	2015
PRJEB124417	DURANCE16S_RUN_15Cab1016Ch02A_durance1	DURANCE16S_EXP_15Cab1016Ch02A_durance1	DURANCE16S_15Cab1016Ch02A	durance1	prep1	1	15Cab1016Ch02A_durance1	ERR17753402	ERX17143945	15Cab1016Ch02A_S628_L001_R1_001.fastq.gz	08f3a1a0db2ee4fbd5f8a430fea41f9c	15Cab1016Ch02A_S628_L001_R2_001.fastq.gz	03072a041088b3733f5bec52c79725fc	15Cab1016Ch02A	biological	fish gut metagenome	Cab	midgut [UBERON:0001045]	2015
PRJEB124417	DURANCE16S_RUN_15Cab1016Ch02A_durance2	DURANCE16S_EXP_15Cab1016Ch02A_durance2	DURANCE16S_15Cab1016Ch02A	durance2	prep2	1	15Cab1016Ch02A_durance2	ERR17753400	ERX17143943	15Cab1016Ch02A_S628_L001_R1_001.fastq.gz	ddab7c61b80a92e3f933e14a54e88d2b	15Cab1016Ch02A_S628_L001_R2_001.fastq.gz	abc2b436f8ca2b04259cc58f47f49a3a	15Cab1016Ch02A	biological	fish gut metagenome	Cab	midgut [UBERON:0001045]	2015
PRJEB124417	DURANCE16S_RUN_15Cab1016Ch02A_durance3	DURANCE16S_EXP_15Cab1016Ch02A_durance3	DURANCE16S_15Cab1016Ch02A	durance3	prep2	2	15Cab1016Ch02A_durance3	ERR17753403	ERX17143946	15Cab1016Ch02A_S628_L001_R1_001.fastq.gz	7e52548acdd1772232c7462c09e26881	15Cab1016Ch02A_S628_L001_R2_001.fastq.gz	900934ed49cfb0b0cda19a12f2126a4e	15Cab1016Ch02A	biological	fish gut metagenome	Cab	midgut [UBERON:0001045]	2015
PRJEB124417	DURANCE16S_RUN_15Cab1016Ch03A_durance1	DURANCE16S_EXP_15Cab1016Ch03A_durance1	DURANCE16S_15Cab1016Ch03A	durance1	prep1	1	15Cab1016Ch03A_durance1	ERR17753404	ERX17143947	15Cab1016Ch03A_S448_L001_R1_001.fastq.gz	a1788e2424dca52870f1781bebf9a9b0	15Cab1016Ch03A_S448_L001_R2_001.fastq.gz	0b8bd37c36fc98f60226d978e68f1c26	15Cab1016Ch03A	biological	fish gut metagenome	Cab	hindgut [UBERON:0001046]	2015
PRJEB124417	DURANCE16S_RUN_15Cab1016Ch03A_durance2	DURANCE16S_EXP_15Cab1016Ch03A_durance2	DURANCE16S_15Cab1016Ch03A	durance2	prep2	1	15Cab1016Ch03A_durance2	ERR17753405	ERX17143948	15Cab1016Ch03A_S448_L001_R1_001.fastq.gz	630135b454624b2573a480901a76a3f1	15Cab1016Ch03A_S448_L001_R2_001.fastq.gz	113442ad287c6986eb7ea6017145b2ba	15Cab1016Ch03A	biological	fish gut metagenome	Cab	hindgut [UBERON:0001046]	2015
PRJEB124417	DURANCE16S_RUN_15Cab1016Ch03A_durance3	DURANCE16S_EXP_15Cab1016Ch03A_durance3	DURANCE16S_15Cab1016Ch03A	durance3	prep2	2	15Cab1016Ch03A_durance3	ERR17753407	ERX17143950	15Cab1016Ch03A_S448_L001_R1_001.fastq.gz	94af5aaa49d25026be7bc425483758b3	15Cab1016Ch03A_S448_L001_R2_001.fastq.gz	8b99e0b862d57092c290a66e3afc85f7	15Cab1016Ch03A	biological	fish gut metagenome	Cab	hindgut [UBERON:0001046]	2015
PRJEB124417	DURANCE16S_RUN_15Cab1016Ch05A_durance1	DURANCE16S_EXP_15Cab1016Ch05A_durance1	DURANCE16S_15Cab1016Ch05A	durance1	prep1	1	15Cab1016Ch05A_durance1	ERR17753406	ERX17143949	15Cab1016Ch05A_S256_L001_R1_001.fastq.gz	8c1cf3890f11a82c6747d91ce029b944	15Cab1016Ch05A_S256_L001_R2_001.fastq.gz	ef363dbfd447117386e6de3ee779fd03	15Cab1016Ch05A	biological	gill metagenome	Cab	gill [UBERON:0002535]	2015
PRJEB124417	DURANCE16S_RUN_15Cab1016Ch05A_durance2	DURANCE16S_EXP_15Cab1016Ch05A_durance2	DURANCE16S_15Cab1016Ch05A	durance2	prep2	1	15Cab1016Ch05A_durance2	ERR17753408	ERX17143951	15Cab1016Ch05A_S256_L001_R1_001.fastq.gz	33186b7dbb608f1e8f12d9e7d222b555	15Cab1016Ch05A_S256_L001_R2_001.fastq.gz	d7e77b09a28cdb47d5ecca1cf3a56b7b	15Cab1016Ch05A	biological	gill metagenome	Cab	gill [UBERON:0002535]	2015
PRJEB124417	DURANCE16S_RUN_15Cab1016Ch05A_durance3	DURANCE16S_EXP_15Cab1016Ch05A_durance3	DURANCE16S_15Cab1016Ch05A	durance3	prep2	2	15Cab1016Ch05A_durance3	ERR17753412	ERX17143955	15Cab1016Ch05A_S256_L001_R1_001.fastq.gz	aee18765a3b76d02813b8945cb2a1a62	15Cab1016Ch05A_S256_L001_R2_001.fastq.gz	3fceebe976cd38c8a167b182d98a6501	15Cab1016Ch05A	biological	gill metagenome	Cab	gill [UBERON:0002535]	2015
PRJEB124417	DURANCE16S_RUN_15Cab1017Ch01A_durance1	DURANCE16S_EXP_15Cab1017Ch01A_durance1	DURANCE16S_15Cab1017Ch01A	durance1	prep1	1	15Cab1017Ch01A_durance1	ERR17753410	ERX17143953	15Cab1017Ch01A_S76_L001_R1_001.fastq.gz	797d6a31ff42921b8bd8a2bf16430d55	15Cab1017Ch01A_S76_L001_R2_001.fastq.gz	ea525d1179a90481a5f524abcbda33d6	15Cab1017Ch01A	biological	fish metagenome	Cab	caudal fin [UBERON:4000164]	2015
PRJEB124417	DURANCE16S_RUN_15Cab1017Ch01A_durance2	DURANCE16S_EXP_15Cab1017Ch01A_durance2	DURANCE16S_15Cab1017Ch01A	durance2	prep2	1	15Cab1017Ch01A_durance2	ERR17753409	ERX17143952	15Cab1017Ch01A_S76_L001_R1_001.fastq.gz	d0456e735c9bbd517d6cbacb389bad63	15Cab1017Ch01A_S76_L001_R2_001.fastq.gz	00df6febc7c26aa32c54173232fb1e8b	15Cab1017Ch01A	biological	fish metagenome	Cab	caudal fin [UBERON:4000164]	2015
PRJEB124417	DURANCE16S_RUN_15Cab1017Ch01A_durance3	DURANCE16S_EXP_15Cab1017Ch01A_durance3	DURANCE16S_15Cab1017Ch01A	durance3	prep2	2	15Cab1017Ch01A_durance3	ERR17753411	ERX17143954	15Cab1017Ch01A_S76_L001_R1_001.fastq.gz	2934dd96d6c37e46a759687e68259272	15Cab1017Ch01A_S76_L001_R2_001.fastq.gz	fb00fa9ecbe9bcd32a598e06cf47ccb9	15Cab1017Ch01A	biological	fish metagenome	Cab	caudal fin [UBERON:4000164]	2015
PRJEB124417	DURANCE16S_RUN_15Cab1017Ch02A_durance1	DURANCE16S_EXP_15Cab1017Ch02A_durance1	DURANCE16S_15Cab1017Ch02A	durance1	prep1	1	15Cab1017Ch02A_durance1	ERR17753414	ERX17143957	15Cab1017Ch02A_S640_L001_R1_001.fastq.gz	813a48425adf3bd33869a820eea95c29	15Cab1017Ch02A_S640_L001_R2_001.fastq.gz	a5970d539d208e779bc7e6f2bbdf48ef	15Cab1017Ch02A	biological	fish gut metagenome	Cab	midgut [UBERON:0001045]	2015
PRJEB124417	DURANCE16S_RUN_15Cab1017Ch02A_durance2	DURANCE16S_EXP_15Cab1017Ch02A_durance2	DURANCE16S_15Cab1017Ch02A	durance2	prep2	1	15Cab1017Ch02A_durance2	ERR17753415	ERX17143958	15Cab1017Ch02A_S640_L001_R1_001.fastq.gz	550760b420e92af639e210fae7404dbd	15Cab1017Ch02A_S640_L001_R2_001.fastq.gz	98370f67e0962ad3976bbe5cbebf006f	15Cab1017Ch02A	biological	fish gut metagenome	Cab	midgut [UBERON:0001045]	2015
PRJEB124417	DURANCE16S_RUN_15Cab1017Ch02A_durance3	DURANCE16S_EXP_15Cab1017Ch02A_durance3	DURANCE16S_15Cab1017Ch02A	durance3	prep2	2	15Cab1017Ch02A_durance3	ERR17753413	ERX17143956	15Cab1017Ch02A_S640_L001_R1_001.fastq.gz	8089282931d7fd6f30ee05a7f365583e	15Cab1017Ch02A_S640_L001_R2_001.fastq.gz	ae09b3bd8e9dd620df610e8515618c33	15Cab1017Ch02A	biological	fish gut metagenome	Cab	midgut [UBERON:0001045]	2015
PRJEB124417	DURANCE16S_RUN_15Cab1017Ch03A_durance1	DURANCE16S_EXP_15Cab1017Ch03A_durance1	DURANCE16S_15Cab1017Ch03A	durance1	prep1	1	15Cab1017Ch03A_durance1	ERR17753416	ERX17143959	15Cab1017Ch03A_S460_L001_R1_001.fastq.gz	7118b960d1837d66a9b2440bba79f088	15Cab1017Ch03A_S460_L001_R2_001.fastq.gz	b6dffcb1e6e34c102ef67e86e97b7c3b	15Cab1017Ch03A	biological	fish gut metagenome	Cab	hindgut [UBERON:0001046]	2015
PRJEB124417	DURANCE16S_RUN_15Cab1017Ch03A_durance2	DURANCE16S_EXP_15Cab1017Ch03A_durance2	DURANCE16S_15Cab1017Ch03A	durance2	prep2	1	15Cab1017Ch03A_durance2	ERR17753419	ERX17143962	15Cab1017Ch03A_S460_L001_R1_001.fastq.gz	0ccbee517dfff66d325f87bafab8e75c	15Cab1017Ch03A_S460_L001_R2_001.fastq.gz	fc767be39679d992109e6aa80ed3d2cf	15Cab1017Ch03A	biological	fish gut metagenome	Cab	hindgut [UBERON:0001046]	2015
PRJEB124417	DURANCE16S_RUN_15Cab1017Ch03A_durance3	DURANCE16S_EXP_15Cab1017Ch03A_durance3	DURANCE16S_15Cab1017Ch03A	durance3	prep2	2	15Cab1017Ch03A_durance3	ERR17753420	ERX17143963	15Cab1017Ch03A_S460_L001_R1_001.fastq.gz	76ac888ad4efc59b44101afaf6810b93	15Cab1017Ch03A_S460_L001_R2_001.fastq.gz	58ff31541c94bba4acf27005b28481d5	15Cab1017Ch03A	biological	fish gut metagenome	Cab	hindgut [UBERON:0001046]	2015
PRJEB124417	DURANCE16S_RUN_15Cab1017Ch05A_durance1	DURANCE16S_EXP_15Cab1017Ch05A_durance1	DURANCE16S_15Cab1017Ch05A	durance1	prep1	1	15Cab1017Ch05A_durance1	ERR17753417	ERX17143960	15Cab1017Ch05A_S268_L001_R1_001.fastq.gz	dee7b103dfa11b474d85ee253acfd387	15Cab1017Ch05A_S268_L001_R2_001.fastq.gz	4c58c831f0a622e4750d6b933bb6235f	15Cab1017Ch05A	biological	gill metagenome	Cab	gill [UBERON:0002535]	2015
PRJEB124417	DURANCE16S_RUN_15Cab1017Ch05A_durance2	DURANCE16S_EXP_15Cab1017Ch05A_durance2	DURANCE16S_15Cab1017Ch05A	durance2	prep2	1	15Cab1017Ch05A_durance2	ERR17753418	ERX17143961	15Cab1017Ch05A_S268_L001_R1_001.fastq.gz	e7bef79c5b69986088a24762800c2a60	15Cab1017Ch05A_S268_L001_R2_001.fastq.gz	e6ea141decf7772cfd465cfe2045a573	15Cab1017Ch05A	biological	gill metagenome	Cab	gill [UBERON:0002535]	2015
PRJEB124417	DURANCE16S_RUN_15Cab1017Ch05A_durance3	DURANCE16S_EXP_15Cab1017Ch05A_durance3	DURANCE16S_15Cab1017Ch05A	durance3	prep2	2	15Cab1017Ch05A_durance3	ERR17753421	ERX17143964	15Cab1017Ch05A_S268_L001_R1_001.fastq.gz	91bd4b0ed88bdc86b2c90505495c59c4	15Cab1017Ch05A_S268_L001_R2_001.fastq.gz	35b4b54c8967e70305ee9adc8641ef60	15Cab1017Ch05A	biological	gill metagenome	Cab	gill [UBERON:0002535]	2015
PRJEB124417	DURANCE16S_RUN_15Cab1018Ch01A_durance1	DURANCE16S_EXP_15Cab1018Ch01A_durance1	DURANCE16S_15Cab1018Ch01A	durance1	prep1	1	15Cab1018Ch01A_durance1	ERR17753422	ERX17143965	15Cab1018Ch01A_S88_L001_R1_001.fastq.gz	34f2973f18c3a29a0e1453dc2abbe5a9	15Cab1018Ch01A_S88_L001_R2_001.fastq.gz	ef911e5440b007a2d0ac9da837ec4c36	15Cab1018Ch01A	biological	fish metagenome	Cab	caudal fin [UBERON:4000164]	2015
PRJEB124417	DURANCE16S_RUN_15Cab1018Ch01A_durance2	DURANCE16S_EXP_15Cab1018Ch01A_durance2	DURANCE16S_15Cab1018Ch01A	durance2	prep2	1	15Cab1018Ch01A_durance2	ERR17753423	ERX17143966	15Cab1018Ch01A_S88_L001_R1_001.fastq.gz	5ec5d6b248dff6c80eec7a895590ab45	15Cab1018Ch01A_S88_L001_R2_001.fastq.gz	80f5c5e7ec03f18b18f25f8e81a31a00	15Cab1018Ch01A	biological	fish metagenome	Cab	caudal fin [UBERON:4000164]	2015
PRJEB124417	DURANCE16S_RUN_15Cab1018Ch01A_durance3	DURANCE16S_EXP_15Cab1018Ch01A_durance3	DURANCE16S_15Cab1018Ch01A	durance3	prep2	2	15Cab1018Ch01A_durance3	ERR17753424	ERX17143967	15Cab1018Ch01A_S88_L001_R1_001.fastq.gz	82820305f215df86627a21e1391a2900	15Cab1018Ch01A_S88_L001_R2_001.fastq.gz	271988e6ff884916effda6f244d33a6e	15Cab1018Ch01A	biological	fish metagenome	Cab	caudal fin [UBERON:4000164]	2015
PRJEB124417	DURANCE16S_RUN_15Cab1018Ch02A_durance1	DURANCE16S_EXP_15Cab1018Ch02A_durance1	DURANCE16S_15Cab1018Ch02A	durance1	prep1	1	15Cab1018Ch02A_durance1	ERR17753427	ERX17143970	15Cab1018Ch02A_S652_L001_R1_001.fastq.gz	2939c059a2467e48787a9f2cefb4d9cc	15Cab1018Ch02A_S652_L001_R2_001.fastq.gz	85f47baf711a82efa246989d5bf0e9db	15Cab1018Ch02A	biological	fish gut metagenome	Cab	midgut [UBERON:0001045]	2015
PRJEB124417	DURANCE16S_RUN_15Cab1018Ch02A_durance2	DURANCE16S_EXP_15Cab1018Ch02A_durance2	DURANCE16S_15Cab1018Ch02A	durance2	prep2	1	15Cab1018Ch02A_durance2	ERR17753425	ERX17143968	15Cab1018Ch02A_S652_L001_R1_001.fastq.gz	2b4d94522677062634e9e472881efe50	15Cab1018Ch02A_S652_L001_R2_001.fastq.gz	a07ffede4a8a71985c57f6b923c40917	15Cab1018Ch02A	biological	fish gut metagenome	Cab	midgut [UBERON:0001045]	2015
PRJEB124417	DURANCE16S_RUN_15Cab1018Ch02A_durance3	DURANCE16S_EXP_15Cab1018Ch02A_durance3	DURANCE16S_15Cab1018Ch02A	durance3	prep2	2	15Cab1018Ch02A_durance3	ERR17753426	ERX17143969	15Cab1018Ch02A_S652_L001_R1_001.fastq.gz	60daa453a4fe10be3a93ae88d34f6895	15Cab1018Ch02A_S652_L001_R2_001.fastq.gz	429a7d79f8329da653ff8ddc005ecf67	15Cab1018Ch02A	biological	fish gut metagenome	Cab	midgut [UBERON:0001045]	2015
PRJEB124417	DURANCE16S_RUN_15Cab1018Ch03A_durance1	DURANCE16S_EXP_15Cab1018Ch03A_durance1	DURANCE16S_15Cab1018Ch03A	durance1	prep1	1	15Cab1018Ch03A_durance1	ERR17753428	ERX17143971	15Cab1018Ch03A_S472_L001_R1_001.fastq.gz	c253d0c69b3499d1ba385ca6362acb24	15Cab1018Ch03A_S472_L001_R2_001.fastq.gz	99ae779537d8f9f66d14e0d2826e123b	15Cab1018Ch03A	biological	fish gut metagenome	Cab	hindgut [UBERON:0001046]	2015
PRJEB124417	DURANCE16S_RUN_15Cab1018Ch03A_durance2	DURANCE16S_EXP_15Cab1018Ch03A_durance2	DURANCE16S_15Cab1018Ch03A	durance2	prep2	1	15Cab1018Ch03A_durance2	ERR17753429	ERX17143972	15Cab1018Ch03A_S472_L001_R1_001.fastq.gz	cd78ac3d47c7c53f5d9350e3706d324c	15Cab1018Ch03A_S472_L001_R2_001.fastq.gz	964c1e53299a3855cf4de5ae86028326	15Cab1018Ch03A	biological	fish gut metagenome	Cab	hindgut [UBERON:0001046]	2015
PRJEB124417	DURANCE16S_RUN_15Cab1018Ch03A_durance3	DURANCE16S_EXP_15Cab1018Ch03A_durance3	DURANCE16S_15Cab1018Ch03A	durance3	prep2	2	15Cab1018Ch03A_durance3	ERR17753431	ERX17143974	15Cab1018Ch03A_S472_L001_R1_001.fastq.gz	4f0b200205dd3265b0d01bf56b2f2d2a	15Cab1018Ch03A_S472_L001_R2_001.fastq.gz	f7f381c51ff445af9275f39ed2f9b32e	15Cab1018Ch03A	biological	fish gut metagenome	Cab	hindgut [UBERON:0001046]	2015
PRJEB124417	DURANCE16S_RUN_15Cab1018Ch05A_durance1	DURANCE16S_EXP_15Cab1018Ch05A_durance1	DURANCE16S_15Cab1018Ch05A	durance1	prep1	1	15Cab1018Ch05A_durance1	ERR17753430	ERX17143973	15Cab1018Ch05A_S280_L001_R1_001.fastq.gz	9a04f65a7682a3fde8d745a66cdd3fdb	15Cab1018Ch05A_S280_L001_R2_001.fastq.gz	c4530a1dcde836b879111658f984f9a5	15Cab1018Ch05A	biological	gill metagenome	Cab	gill [UBERON:0002535]	2015
PRJEB124417	DURANCE16S_RUN_15Cab1018Ch05A_durance2	DURANCE16S_EXP_15Cab1018Ch05A_durance2	DURANCE16S_15Cab1018Ch05A	durance2	prep2	1	15Cab1018Ch05A_durance2	ERR17753432	ERX17143975	15Cab1018Ch05A_S280_L001_R1_001.fastq.gz	320cd81d93b62f1a6844ce880e43027d	15Cab1018Ch05A_S280_L001_R2_001.fastq.gz	e7763a2fc2dbe1fccb7d101337f00f59	15Cab1018Ch05A	biological	gill metagenome	Cab	gill [UBERON:0002535]	2015
PRJEB124417	DURANCE16S_RUN_15Cab1018Ch05A_durance3	DURANCE16S_EXP_15Cab1018Ch05A_durance3	DURANCE16S_15Cab1018Ch05A	durance3	prep2	2	15Cab1018Ch05A_durance3	ERR17753434	ERX17143977	15Cab1018Ch05A_S280_L001_R1_001.fastq.gz	c399f5b3575ebbccce06cecbdc2b2cc9	15Cab1018Ch05A_S280_L001_R2_001.fastq.gz	7bd29d19a5c1ba09452c04e0b4b32fe3	15Cab1018Ch05A	biological	gill metagenome	Cab	gill [UBERON:0002535]	2015
PRJEB124417	DURANCE16S_RUN_15Cab1019Ch01A_durance1	DURANCE16S_EXP_15Cab1019Ch01A_durance1	DURANCE16S_15Cab1019Ch01A	durance1	prep1	1	15Cab1019Ch01A_durance1	ERR17753436	ERX17143979	15Cab1019Ch01A_S5_L001_R1_001.fastq.gz	e205cc94855690856da4c846215a5078	15Cab1019Ch01A_S5_L001_R2_001.fastq.gz	4d5fe32d9ff4d21da2d5342e8472bff4	15Cab1019Ch01A	biological	fish metagenome	Cab	caudal fin [UBERON:4000164]	2015
PRJEB124417	DURANCE16S_RUN_15Cab1019Ch01A_durance2	DURANCE16S_EXP_15Cab1019Ch01A_durance2	DURANCE16S_15Cab1019Ch01A	durance2	prep2	1	15Cab1019Ch01A_durance2	ERR17753435	ERX17143978	15Cab1019Ch01A_S5_L001_R1_001.fastq.gz	c8b11698d4112c8cafa60400868a2cc3	15Cab1019Ch01A_S5_L001_R2_001.fastq.gz	7f86f203c567e2c5e8d2af0105b6fb8b	15Cab1019Ch01A	biological	fish metagenome	Cab	caudal fin [UBERON:4000164]	2015
PRJEB124417	DURANCE16S_RUN_15Cab1019Ch01A_durance3	DURANCE16S_EXP_15Cab1019Ch01A_durance3	DURANCE16S_15Cab1019Ch01A	durance3	prep2	2	15Cab1019Ch01A_durance3	ERR17753433	ERX17143976	15Cab1019Ch01A_S5_L001_R1_001.fastq.gz	983f8dd5c2b3c961525695a40d01d89f	15Cab1019Ch01A_S5_L001_R2_001.fastq.gz	2d32e2d09d8031094d1902621fbc9e51	15Cab1019Ch01A	biological	fish metagenome	Cab	caudal fin [UBERON:4000164]	2015
PRJEB124417	DURANCE16S_RUN_15Cab1019Ch02A_durance1	DURANCE16S_EXP_15Cab1019Ch02A_durance1	DURANCE16S_15Cab1019Ch02A	durance1	prep1	1	15Cab1019Ch02A_durance1	ERR17753437	ERX17143980	15Cab1019Ch02A_S664_L001_R1_001.fastq.gz	0d57ff080677786e186367cd46e92151	15Cab1019Ch02A_S664_L001_R2_001.fastq.gz	1b1782b03b99f0fd54fa12646d4deb43	15Cab1019Ch02A	biological	fish gut metagenome	Cab	midgut [UBERON:0001045]	2015
PRJEB124417	DURANCE16S_RUN_15Cab1019Ch02A_durance2	DURANCE16S_EXP_15Cab1019Ch02A_durance2	DURANCE16S_15Cab1019Ch02A	durance2	prep2	1	15Cab1019Ch02A_durance2	ERR17753439	ERX17143982	15Cab1019Ch02A_S664_L001_R1_001.fastq.gz	e553d4679cefde91f11aa5e27c13e23d	15Cab1019Ch02A_S664_L001_R2_001.fastq.gz	6d2423efd24e0a5dae2573a94622952a	15Cab1019Ch02A	biological	fish gut metagenome	Cab	midgut [UBERON:0001045]	2015
PRJEB124417	DURANCE16S_RUN_15Cab1019Ch02A_durance3	DURANCE16S_EXP_15Cab1019Ch02A_durance3	DURANCE16S_15Cab1019Ch02A	durance3	prep2	2	15Cab1019Ch02A_durance3	ERR17753438	ERX17143981	15Cab1019Ch02A_S664_L001_R1_001.fastq.gz	e2631fdbf68200b9b848ff19bee5a2cb	15Cab1019Ch02A_S664_L001_R2_001.fastq.gz	c2ec005d2ee3b8deff137b1784665f41	15Cab1019Ch02A	biological	fish gut metagenome	Cab	midgut [UBERON:0001045]	2015
PRJEB124417	DURANCE16S_RUN_15Cab1019Ch03A_durance1	DURANCE16S_EXP_15Cab1019Ch03A_durance1	DURANCE16S_15Cab1019Ch03A	durance1	prep1	1	15Cab1019Ch03A_durance1	ERR17753440	ERX17143983	15Cab1019Ch03A_S389_L001_R1_001.fastq.gz	1a53cce3734920729123a37931999016	15Cab1019Ch03A_S389_L001_R2_001.fastq.gz	4b608fcc294467a65446411b64910973	15Cab1019Ch03A	biological	fish gut metagenome	Cab	hindgut [UBERON:0001046]	2015
PRJEB124417	DURANCE16S_RUN_15Cab1019Ch03A_durance2	DURANCE16S_EXP_15Cab1019Ch03A_durance2	DURANCE16S_15Cab1019Ch03A	durance2	prep2	1	15Cab1019Ch03A_durance2	ERR17753441	ERX17143984	15Cab1019Ch03A_S389_L001_R1_001.fastq.gz	7a2723f01273317986ad4597f7fcd1df	15Cab1019Ch03A_S389_L001_R2_001.fastq.gz	cae2a9e8faeb98a6a93528a697423d62	15Cab1019Ch03A	biological	fish gut metagenome	Cab	hindgut [UBERON:0001046]	2015
PRJEB124417	DURANCE16S_RUN_15Cab1019Ch03A_durance3	DURANCE16S_EXP_15Cab1019Ch03A_durance3	DURANCE16S_15Cab1019Ch03A	durance3	prep2	2	15Cab1019Ch03A_durance3	ERR17753442	ERX17143985	15Cab1019Ch03A_S389_L001_R1_001.fastq.gz	337f5f83276256c80122a4e3d09b1fc3	15Cab1019Ch03A_S389_L001_R2_001.fastq.gz	c33c458e9c61f2a2cd93c4e51cb28eea	15Cab1019Ch03A	biological	fish gut metagenome	Cab	hindgut [UBERON:0001046]	2015
PRJEB124417	DURANCE16S_RUN_15Cab1019Ch05A_durance1	DURANCE16S_EXP_15Cab1019Ch05A_durance1	DURANCE16S_15Cab1019Ch05A	durance1	prep1	1	15Cab1019Ch05A_durance1	ERR17753443	ERX17143986	15Cab1019Ch05A_S197_L001_R1_001.fastq.gz	00752372c02896e761baf0e96c49228a	15Cab1019Ch05A_S197_L001_R2_001.fastq.gz	c468283653450767171d1820b5600034	15Cab1019Ch05A	biological	gill metagenome	Cab	gill [UBERON:0002535]	2015
PRJEB124417	DURANCE16S_RUN_15Cab1019Ch05A_durance2	DURANCE16S_EXP_15Cab1019Ch05A_durance2	DURANCE16S_15Cab1019Ch05A	durance2	prep2	1	15Cab1019Ch05A_durance2	ERR17753444	ERX17143987	15Cab1019Ch05A_S197_L001_R1_001.fastq.gz	90bd4f2d53a62affc6f0c4c2af51107b	15Cab1019Ch05A_S197_L001_R2_001.fastq.gz	f30748855d5c77e289e436f228af236b	15Cab1019Ch05A	biological	gill metagenome	Cab	gill [UBERON:0002535]	2015
PRJEB124417	DURANCE16S_RUN_15Cab1019Ch05A_durance3	DURANCE16S_EXP_15Cab1019Ch05A_durance3	DURANCE16S_15Cab1019Ch05A	durance3	prep2	2	15Cab1019Ch05A_durance3	ERR17753446	ERX17143989	15Cab1019Ch05A_S197_L001_R1_001.fastq.gz	a4175f8f2f16bed6fac5c73581bcc81e	15Cab1019Ch05A_S197_L001_R2_001.fastq.gz	303e47f53a21d44ce6329799933e7048	15Cab1019Ch05A	biological	gill metagenome	Cab	gill [UBERON:0002535]	2015
PRJEB124417	DURANCE16S_RUN_15Cab1021Ch01A_durance1	DURANCE16S_EXP_15Cab1021Ch01A_durance1	DURANCE16S_15Cab1021Ch01A	durance1	prep1	1	15Cab1021Ch01A_durance1	ERR17753447	ERX17143990	15Cab1021Ch01A_S83_L001_R1_001.fastq.gz	c953c2503467040fe69fb9689c8d8db8	15Cab1021Ch01A_S83_L001_R2_001.fastq.gz	a4938c61fce8b25d75e3d76811393c63	15Cab1021Ch01A	mock	synthetic metagenome			missing: control sample
PRJEB124417	DURANCE16S_RUN_15Cab1021Ch01A_durance2	DURANCE16S_EXP_15Cab1021Ch01A_durance2	DURANCE16S_15Cab1021Ch01A	durance2	prep2	1	15Cab1021Ch01A_durance2	ERR17753445	ERX17143988	15Cab1021Ch01A_S83_L001_R1_001.fastq.gz	37c9caffd5d4bc92f555975bfe75b842	15Cab1021Ch01A_S83_L001_R2_001.fastq.gz	3f3355bc1b838e15121fdfb1e6b2c2ba	15Cab1021Ch01A	mock	synthetic metagenome			missing: control sample
PRJEB124417	DURANCE16S_RUN_15Cab1021Ch01A_durance3	DURANCE16S_EXP_15Cab1021Ch01A_durance3	DURANCE16S_15Cab1021Ch01A	durance3	prep2	2	15Cab1021Ch01A_durance3	ERR17753448	ERX17143991	15Cab1021Ch01A_S83_L001_R1_001.fastq.gz	cedece24a2f879868295653f4f2b5979	15Cab1021Ch01A_S83_L001_R2_001.fastq.gz	0295dff2f5595b5852a3e0c8c290c37c	15Cab1021Ch01A	mock	synthetic metagenome			missing: control sample
PRJEB124417	DURANCE16S_RUN_15Cab1022Ch01A_durance1	DURANCE16S_EXP_15Cab1022Ch01A_durance1	DURANCE16S_15Cab1022Ch01A	durance1	prep1	1	15Cab1022Ch01A_durance1	ERR17753454	ERX17143997	15Cab1022Ch01A_S95_L001_R1_001.fastq.gz	9589f9b389c99f4ca114caca6b410655	15Cab1022Ch01A_S95_L001_R2_001.fastq.gz	41db8a0d7e8cfa234b374eea96db0c18	15Cab1022Ch01A	mock	synthetic metagenome			missing: control sample
PRJEB124417	DURANCE16S_RUN_15Cab1022Ch01A_durance2	DURANCE16S_EXP_15Cab1022Ch01A_durance2	DURANCE16S_15Cab1022Ch01A	durance2	prep2	1	15Cab1022Ch01A_durance2	ERR17753450	ERX17143993	15Cab1022Ch01A_S95_L001_R1_001.fastq.gz	d3823e8946a38b57ae0aaf2a3ade6313	15Cab1022Ch01A_S95_L001_R2_001.fastq.gz	0d5b0a2c577097ea23ebef26fc452317	15Cab1022Ch01A	mock	synthetic metagenome			missing: control sample
PRJEB124417	DURANCE16S_RUN_15Cab1022Ch01A_durance3	DURANCE16S_EXP_15Cab1022Ch01A_durance3	DURANCE16S_15Cab1022Ch01A	durance3	prep2	2	15Cab1022Ch01A_durance3	ERR17753452	ERX17143995	15Cab1022Ch01A_S95_L001_R1_001.fastq.gz	d6ce06f3fddb5927cc09b030942ad75a	15Cab1022Ch01A_S95_L001_R2_001.fastq.gz	d28f12df7153fdd33a8ef815bb45a470	15Cab1022Ch01A	mock	synthetic metagenome			missing: control sample
PRJEB124417	DURANCE16S_RUN_15Jus1001CH02A_durance1	DURANCE16S_EXP_15Jus1001CH02A_durance1	DURANCE16S_15Jus1001CH02A	durance1	prep1	1	15Jus1001CH02A_durance1	ERR17753457	ERX17144000	15Jus1001CH02A_S688_L001_R1_001.fastq.gz	71693d3fff43a43e9565f5e0b82f3de6	15Jus1001CH02A_S688_L001_R2_001.fastq.gz	588bbb1d7091999764544cfda2ac338b	15Jus1001CH02A	biological	fish gut metagenome	Jus	midgut [UBERON:0001045]	2015
PRJEB124417	DURANCE16S_RUN_15Jus1001CH02A_durance2	DURANCE16S_EXP_15Jus1001CH02A_durance2	DURANCE16S_15Jus1001CH02A	durance2	prep2	1	15Jus1001CH02A_durance2	ERR17753456	ERX17143999	15Jus1001CH02A_S688_L001_R1_001.fastq.gz	d17ec2d33993c139108e0df6ee44192b	15Jus1001CH02A_S688_L001_R2_001.fastq.gz	cfd438d0d0f8c08fbf7b7cc25e1354d9	15Jus1001CH02A	biological	fish gut metagenome	Jus	midgut [UBERON:0001045]	2015
PRJEB124417	DURANCE16S_RUN_15Jus1001CH02A_durance3	DURANCE16S_EXP_15Jus1001CH02A_durance3	DURANCE16S_15Jus1001CH02A	durance3	prep2	2	15Jus1001CH02A_durance3	ERR17753461	ERX17144004	15Jus1001CH02A_S688_L001_R1_001.fastq.gz	ef853d304261a9647ab0f5076ba5be4f	15Jus1001CH02A_S688_L001_R2_001.fastq.gz	2dcc2b60eb5cb910fe752d4e8129b9e2	15Jus1001CH02A	biological	fish gut metagenome	Jus	midgut [UBERON:0001045]	2015
PRJEB124417	DURANCE16S_RUN_15Jus1001Ch01A_durance1	DURANCE16S_EXP_15Jus1001Ch01A_durance1	DURANCE16S_15Jus1001Ch01A	durance1	prep1	1	15Jus1001Ch01A_durance1	ERR17753451	ERX17143994	15Jus1001Ch01A_S112_L001_R1_001.fastq.gz	ba593f80093ccf01c7fc48280063812a	15Jus1001Ch01A_S112_L001_R2_001.fastq.gz	de318ea1e3ed2985cac0fed8c22ceb9a	15Jus1001Ch01A	biological	fish metagenome	Jus	caudal fin [UBERON:4000164]	2015
PRJEB124417	DURANCE16S_RUN_15Jus1001Ch01A_durance2	DURANCE16S_EXP_15Jus1001Ch01A_durance2	DURANCE16S_15Jus1001Ch01A	durance2	prep2	1	15Jus1001Ch01A_durance2	ERR17753453	ERX17143996	15Jus1001Ch01A_S112_L001_R1_001.fastq.gz	3700728de8fd8728706231c61f9e3474	15Jus1001Ch01A_S112_L001_R2_001.fastq.gz	5b68e53616100c1ec319f5af137acf42	15Jus1001Ch01A	biological	fish metagenome	Jus	caudal fin [UBERON:4000164]	2015
PRJEB124417	DURANCE16S_RUN_15Jus1001Ch01A_durance3	DURANCE16S_EXP_15Jus1001Ch01A_durance3	DURANCE16S_15Jus1001Ch01A	durance3	prep2	2	15Jus1001Ch01A_durance3	ERR17753455	ERX17143998	15Jus1001Ch01A_S112_L001_R1_001.fastq.gz	220c6a90257b6a0ce31d4b71336b87e2	15Jus1001Ch01A_S112_L001_R2_001.fastq.gz	c1c9ee1e339e2c3025f411dbbc23173e	15Jus1001Ch01A	biological	fish metagenome	Jus	caudal fin [UBERON:4000164]	2015
PRJEB124417	DURANCE16S_RUN_15Jus1001Ch03A_durance1	DURANCE16S_EXP_15Jus1001Ch03A_durance1	DURANCE16S_15Jus1001Ch03A	durance1	prep1	1	15Jus1001Ch03A_durance1	ERR17753460	ERX17144003	15Jus1001Ch03A_S496_L001_R1_001.fastq.gz	5c72e8f027f0fbfa0ae561807edd7d81	15Jus1001Ch03A_S496_L001_R2_001.fastq.gz	c6b8e7ed7665b8e86f42ef767aa2a757	15Jus1001Ch03A	biological	fish gut metagenome	Jus	hindgut [UBERON:0001046]	2015
PRJEB124417	DURANCE16S_RUN_15Jus1001Ch03A_durance2	DURANCE16S_EXP_15Jus1001Ch03A_durance2	DURANCE16S_15Jus1001Ch03A	durance2	prep2	1	15Jus1001Ch03A_durance2	ERR17753459	ERX17144002	15Jus1001Ch03A_S496_L001_R1_001.fastq.gz	6dea07e95b06b405ebdd51812b7262c4	15Jus1001Ch03A_S496_L001_R2_001.fastq.gz	73f70ec583b24fe88de4563feca98587	15Jus1001Ch03A	biological	fish gut metagenome	Jus	hindgut [UBERON:0001046]	2015
PRJEB124417	DURANCE16S_RUN_15Jus1001Ch03A_durance3	DURANCE16S_EXP_15Jus1001Ch03A_durance3	DURANCE16S_15Jus1001Ch03A	durance3	prep2	2	15Jus1001Ch03A_durance3	ERR17753462	ERX17144005	15Jus1001Ch03A_S496_L001_R1_001.fastq.gz	5d6b5b1c4dc1258c93a64f5085e5d9ed	15Jus1001Ch03A_S496_L001_R2_001.fastq.gz	ecf224d5986e2eb4f404ee9cd9fd628a	15Jus1001Ch03A	biological	fish gut metagenome	Jus	hindgut [UBERON:0001046]	2015
PRJEB124417	DURANCE16S_RUN_15Jus1001Ch05A_durance1	DURANCE16S_EXP_15Jus1001Ch05A_durance1	DURANCE16S_15Jus1001Ch05A	durance1	prep1	1	15Jus1001Ch05A_durance1	ERR17753463	ERX17144006	15Jus1001Ch05A_S304_L001_R1_001.fastq.gz	17fc5629304198dd9378f238ba34276c	15Jus1001Ch05A_S304_L001_R2_001.fastq.gz	0487fcd64ae56b9bb02248af5c14275b	15Jus1001Ch05A	biological	gill metagenome	Jus	gill [UBERON:0002535]	2015
PRJEB124417	DURANCE16S_RUN_15Jus1001Ch05A_durance2	DURANCE16S_EXP_15Jus1001Ch05A_durance2	DURANCE16S_15Jus1001Ch05A	durance2	prep2	1	15Jus1001Ch05A_durance2	ERR17753458	ERX17144001	15Jus1001Ch05A_S304_L001_R1_001.fastq.gz	f9d7ecc4bd21f68431009de075c4d946	15Jus1001Ch05A_S304_L001_R2_001.fastq.gz	907cacf359febd428c7689521b51cd38	15Jus1001Ch05A	biological	gill metagenome	Jus	gill [UBERON:0002535]	2015
PRJEB124417	DURANCE16S_RUN_15Jus1001Ch05A_durance3	DURANCE16S_EXP_15Jus1001Ch05A_durance3	DURANCE16S_15Jus1001Ch05A	durance3	prep2	2	15Jus1001Ch05A_durance3	ERR17753464	ERX17144007	15Jus1001Ch05A_S304_L001_R1_001.fastq.gz	a1a344f9e9887af6642505267057ba16	15Jus1001Ch05A_S304_L001_R2_001.fastq.gz	a9ae6d336e580619f31b6570980aa109	15Jus1001Ch05A	biological	gill metagenome	Jus	gill [UBERON:0002535]	2015
PRJEB124417	DURANCE16S_RUN_15Jus1002Ch01A_durance1	DURANCE16S_EXP_15Jus1002Ch01A_durance1	DURANCE16S_15Jus1002Ch01A	durance1	prep1	1	15Jus1002Ch01A_durance1	ERR17753465	ERX17144008	15Jus1002Ch01A_S124_L001_R1_001.fastq.gz	b24c2837601f53467fa15289f1b8c5df	15Jus1002Ch01A_S124_L001_R2_001.fastq.gz	e5b5b37ae5eb6c30cd9f4d4d30fedf57	15Jus1002Ch01A	biological	fish metagenome	Jus	caudal fin [UBERON:4000164]	2015
PRJEB124417	DURANCE16S_RUN_15Jus1002Ch01A_durance2	DURANCE16S_EXP_15Jus1002Ch01A_durance2	DURANCE16S_15Jus1002Ch01A	durance2	prep2	1	15Jus1002Ch01A_durance2	ERR17753468	ERX17144011	15Jus1002Ch01A_S124_L001_R1_001.fastq.gz	97377a1c531d365f17563f3bf01c0982	15Jus1002Ch01A_S124_L001_R2_001.fastq.gz	1f79fdadc96e0dc5a0b5bcfd55a0d2b0	15Jus1002Ch01A	biological	fish metagenome	Jus	caudal fin [UBERON:4000164]	2015
PRJEB124417	DURANCE16S_RUN_15Jus1002Ch01A_durance3	DURANCE16S_EXP_15Jus1002Ch01A_durance3	DURANCE16S_15Jus1002Ch01A	durance3	prep2	2	15Jus1002Ch01A_durance3	ERR17753466	ERX17144009	15Jus1002Ch01A_S124_L001_R1_001.fastq.gz	baf383fe9185306e582ec6bbbd9a0812	15Jus1002Ch01A_S124_L001_R2_001.fastq.gz	a5c7553d2c7df4ebe23839a7f3f0a41a	15Jus1002Ch01A	biological	fish metagenome	Jus	caudal fin [UBERON:4000164]	2015
PRJEB124417	DURANCE16S_RUN_15Jus1002Ch03A_durance1	DURANCE16S_EXP_15Jus1002Ch03A_durance1	DURANCE16S_15Jus1002Ch03A	durance1	prep1	1	15Jus1002Ch03A_durance1	ERR17753469	ERX17144012	15Jus1002Ch03A_S508_L001_R1_001.fastq.gz	cc3b10588173376d226032f35fcbe361	15Jus1002Ch03A_S508_L001_R2_001.fastq.gz	7bae3e7596a0d29ea40eb4df432c434a	15Jus1002Ch03A	biological	fish gut metagenome	Jus	hindgut [UBERON:0001046]	2015
PRJEB124417	DURANCE16S_RUN_15Jus1002Ch03A_durance2	DURANCE16S_EXP_15Jus1002Ch03A_durance2	DURANCE16S_15Jus1002Ch03A	durance2	prep2	1	15Jus1002Ch03A_durance2	ERR17753467	ERX17144010	15Jus1002Ch03A_S508_L001_R1_001.fastq.gz	cbdd4a3fb08b61661cdd1cefd1f0889f	15Jus1002Ch03A_S508_L001_R2_001.fastq.gz	758ac504258b0df9f57dcbd3d3053ab3	15Jus1002Ch03A	biological	fish gut metagenome	Jus	hindgut [UBERON:0001046]	2015
PRJEB124417	DURANCE16S_RUN_15Jus1002Ch03A_durance3	DURANCE16S_EXP_15Jus1002Ch03A_durance3	DURANCE16S_15Jus1002Ch03A	durance3	prep2	2	15Jus1002Ch03A_durance3	ERR17753470	ERX17144013	15Jus1002Ch03A_S508_L001_R1_001.fastq.gz	031fab37f42076a95276b69f15cfc111	15Jus1002Ch03A_S508_L001_R2_001.fastq.gz	0d24eaf7022c46611959b49dcdf49f66	15Jus1002Ch03A	biological	fish gut metagenome	Jus	hindgut [UBERON:0001046]	2015
PRJEB124417	DURANCE16S_RUN_15Jus1002Ch05A_durance1	DURANCE16S_EXP_15Jus1002Ch05A_durance1	DURANCE16S_15Jus1002Ch05A	durance1	prep1	1	15Jus1002Ch05A_durance1	ERR17753471	ERX17144014	15Jus1002Ch05A_S316_L001_R1_001.fastq.gz	0b251e8de2ca88227dc62a6ae09e883d	15Jus1002Ch05A_S316_L001_R2_001.fastq.gz	bcbbe5cf08ba77dcbe2a232ec74f52b3	15Jus1002Ch05A	biological	gill metagenome	Jus	gill [UBERON:0002535]	2015
PRJEB124417	DURANCE16S_RUN_15Jus1002Ch05A_durance2	DURANCE16S_EXP_15Jus1002Ch05A_durance2	DURANCE16S_15Jus1002Ch05A	durance2	prep2	1	15Jus1002Ch05A_durance2	ERR17753472	ERX17144015	15Jus1002Ch05A_S316_L001_R1_001.fastq.gz	6a37c9d226a29ab0b2f9f48fc1b61b17	15Jus1002Ch05A_S316_L001_R2_001.fastq.gz	1bd7b6cfcfb8fef76b3be6eb43fe0cfa	15Jus1002Ch05A	biological	gill metagenome	Jus	gill [UBERON:0002535]	2015
PRJEB124417	DURANCE16S_RUN_15Jus1002Ch05A_durance3	DURANCE16S_EXP_15Jus1002Ch05A_durance3	DURANCE16S_15Jus1002Ch05A	durance3	prep2	2	15Jus1002Ch05A_durance3	ERR17753473	ERX17144016	15Jus1002Ch05A_S316_L001_R1_001.fastq.gz	7b602c08b03489a8796c3e580fd502e9	15Jus1002Ch05A_S316_L001_R2_001.fastq.gz	ba66ea49f26593185a266116d952be64	15Jus1002Ch05A	biological	gill metagenome	Jus	gill [UBERON:0002535]	2015
PRJEB124417	DURANCE16S_RUN_15Jus1002Ch0A_durance1	DURANCE16S_EXP_15Jus1002Ch0A_durance1	DURANCE16S_15Jus1002Ch0A	durance1	prep1	1	15Jus1002Ch0A_durance1	ERR17753474	ERX17144017	15Jus1002Ch0A_S700_L001_R1_001.fastq.gz	78bef831a256b5bd93218406ea13ee54	15Jus1002Ch0A_S700_L001_R2_001.fastq.gz	a8e17819d1d00c06bf7aa0a67f11c074	15Jus1002Ch0A	biological	fish gut metagenome	Jus	midgut [UBERON:0001045]	2015
PRJEB124417	DURANCE16S_RUN_15Jus1002Ch0A_durance2	DURANCE16S_EXP_15Jus1002Ch0A_durance2	DURANCE16S_15Jus1002Ch0A	durance2	prep2	1	15Jus1002Ch0A_durance2	ERR17753475	ERX17144018	15Jus1002Ch0A_S700_L001_R1_001.fastq.gz	f2e942e8add992651c035cde5f3af813	15Jus1002Ch0A_S700_L001_R2_001.fastq.gz	f4528b9a7ef20d07284565e1fa857b23	15Jus1002Ch0A	biological	fish gut metagenome	Jus	midgut [UBERON:0001045]	2015
PRJEB124417	DURANCE16S_RUN_15Jus1002Ch0A_durance3	DURANCE16S_EXP_15Jus1002Ch0A_durance3	DURANCE16S_15Jus1002Ch0A	durance3	prep2	2	15Jus1002Ch0A_durance3	ERR17753476	ERX17144019	15Jus1002Ch0A_S700_L001_R1_001.fastq.gz	f1dc8835223ef2e7c515979afda908b6	15Jus1002Ch0A_S700_L001_R2_001.fastq.gz	1a0c61c9c6562e3f003bdd3ba0858ded	15Jus1002Ch0A	biological	fish gut metagenome	Jus	midgut [UBERON:0001045]	2015
PRJEB124417	DURANCE16S_RUN_15Jus1003Ch01A_durance1	DURANCE16S_EXP_15Jus1003Ch01A_durance1	DURANCE16S_15Jus1003Ch01A	durance1	prep1	1	15Jus1003Ch01A_durance1	ERR17753478	ERX17144021	15Jus1003Ch01A_S136_L001_R1_001.fastq.gz	79b7e4f1f51dec0a2d422238310557d1	15Jus1003Ch01A_S136_L001_R2_001.fastq.gz	43e493bc0e56478e1bbbdcf99ceb3ff6	15Jus1003Ch01A	biological	fish metagenome	Jus	caudal fin [UBERON:4000164]	2015
PRJEB124417	DURANCE16S_RUN_15Jus1003Ch01A_durance2	DURANCE16S_EXP_15Jus1003Ch01A_durance2	DURANCE16S_15Jus1003Ch01A	durance2	prep2	1	15Jus1003Ch01A_durance2	ERR17753477	ERX17144020	15Jus1003Ch01A_S136_L001_R1_001.fastq.gz	33f2cc4e35a954acb9b9c5b611f0ce17	15Jus1003Ch01A_S136_L001_R2_001.fastq.gz	e9c8c5bd7ce2c6179a9304aa54af7b27	15Jus1003Ch01A	biological	fish metagenome	Jus	caudal fin [UBERON:4000164]	2015
PRJEB124417	DURANCE16S_RUN_15Jus1003Ch01A_durance3	DURANCE16S_EXP_15Jus1003Ch01A_durance3	DURANCE16S_15Jus1003Ch01A	durance3	prep2	2	15Jus1003Ch01A_durance3	ERR17753480	ERX17144023	15Jus1003Ch01A_S136_L001_R1_001.fastq.gz	9d8d1cff23fe37f26f171c1f20d04a33	15Jus1003Ch01A_S136_L001_R2_001.fastq.gz	1009d69e1f2619c51eaf885b4ef6fe81	15Jus1003Ch01A	biological	fish metagenome	Jus	caudal fin [UBERON:4000164]	2015
PRJEB124417	DURANCE16S_RUN_15Jus1003Ch03A_durance1	DURANCE16S_EXP_15Jus1003Ch03A_durance1	DURANCE16S_15Jus1003Ch03A	durance1	prep1	1	15Jus1003Ch03A_durance1	ERR17753479	ERX17144022	15Jus1003Ch03A_S520_L001_R1_001.fastq.gz	9e458a9e904dac2c42acaf58693ae215	15Jus1003Ch03A_S520_L001_R2_001.fastq.gz	57d149db116a11eb5d5bbef78eb7cb82	15Jus1003Ch03A	biological	fish gut metagenome	Jus	hindgut [UBERON:0001046]	2015
PRJEB124417	DURANCE16S_RUN_15Jus1003Ch03A_durance2	DURANCE16S_EXP_15Jus1003Ch03A_durance2	DURANCE16S_15Jus1003Ch03A	durance2	prep2	1	15Jus1003Ch03A_durance2	ERR17753481	ERX17144024	15Jus1003Ch03A_S520_L001_R1_001.fastq.gz	4571cdc75d92f140c8bb4006c5794e94	15Jus1003Ch03A_S520_L001_R2_001.fastq.gz	11a0e85b24c5c3c1abf8259e9a37cd5f	15Jus1003Ch03A	biological	fish gut metagenome	Jus	hindgut [UBERON:0001046]	2015
PRJEB124417	DURANCE16S_RUN_15Jus1003Ch03A_durance3	DURANCE16S_EXP_15Jus1003Ch03A_durance3	DURANCE16S_15Jus1003Ch03A	durance3	prep2	2	15Jus1003Ch03A_durance3	ERR17753482	ERX17144025	15Jus1003Ch03A_S520_L001_R1_001.fastq.gz	332986ea21ab62f1a408a20575eae54e	15Jus1003Ch03A_S520_L001_R2_001.fastq.gz	c2337a0a24463fa3d4f15f777d8aa12c	15Jus1003Ch03A	biological	fish gut metagenome	Jus	hindgut [UBERON:0001046]	2015
PRJEB124417	DURANCE16S_RUN_15Jus1003Ch05A_durance1	DURANCE16S_EXP_15Jus1003Ch05A_durance1	DURANCE16S_15Jus1003Ch05A	durance1	prep1	1	15Jus1003Ch05A_durance1	ERR17753483	ERX17144026	15Jus1003Ch05A_S328_L001_R1_001.fastq.gz	8d17555eab4f4c78929eedc1210f3de7	15Jus1003Ch05A_S328_L001_R2_001.fastq.gz	e27f67bcbbe1f9b5d7e4db60155cf0c1	15Jus1003Ch05A	biological	gill metagenome	Jus	gill [UBERON:0002535]	2015
PRJEB124417	DURANCE16S_RUN_15Jus1003Ch05A_durance2	DURANCE16S_EXP_15Jus1003Ch05A_durance2	DURANCE16S_15Jus1003Ch05A	durance2	prep2	1	15Jus1003Ch05A_durance2	ERR17753484	ERX17144027	15Jus1003Ch05A_S328_L001_R1_001.fastq.gz	53c386206d172915be201c1e2dd9fb13	15Jus1003Ch05A_S328_L001_R2_001.fastq.gz	3f8856ec2836349d3a6220c8f2d043a5	15Jus1003Ch05A	biological	gill metagenome	Jus	gill [UBERON:0002535]	2015
PRJEB124417	DURANCE16S_RUN_15Jus1003Ch05A_durance3	DURANCE16S_EXP_15Jus1003Ch05A_durance3	DURANCE16S_15Jus1003Ch05A	durance3	prep2	2	15Jus1003Ch05A_durance3	ERR17753485	ERX17144028	15Jus1003Ch05A_S328_L001_R1_001.fastq.gz	a8e90a317b5951b303da35273443573f	15Jus1003Ch05A_S328_L001_R2_001.fastq.gz	84d16f58146cfdbee9c7e6b44bed2a17	15Jus1003Ch05A	biological	gill metagenome	Jus	gill [UBERON:0002535]	2015
PRJEB124417	DURANCE16S_RUN_15Jus1003Ch0A_durance1	DURANCE16S_EXP_15Jus1003Ch0A_durance1	DURANCE16S_15Jus1003Ch0A	durance1	prep1	1	15Jus1003Ch0A_durance1	ERR17753487	ERX17144030	15Jus1003Ch0A_S712_L001_R1_001.fastq.gz	31849c93131782877744b3843468ae35	15Jus1003Ch0A_S712_L001_R2_001.fastq.gz	5509a3805876ca25c0c05d2ac8899f17	15Jus1003Ch0A	biological	fish gut metagenome	Jus	midgut [UBERON:0001045]	2015
PRJEB124417	DURANCE16S_RUN_15Jus1003Ch0A_durance2	DURANCE16S_EXP_15Jus1003Ch0A_durance2	DURANCE16S_15Jus1003Ch0A	durance2	prep2	1	15Jus1003Ch0A_durance2	ERR17753488	ERX17144031	15Jus1003Ch0A_S712_L001_R1_001.fastq.gz	3880c2a86d1d21749020c0d547b464aa	15Jus1003Ch0A_S712_L001_R2_001.fastq.gz	9f6290c46d2bc650af3a4f7d005cfa0d	15Jus1003Ch0A	biological	fish gut metagenome	Jus	midgut [UBERON:0001045]	2015
PRJEB124417	DURANCE16S_RUN_15Jus1003Ch0A_durance3	DURANCE16S_EXP_15Jus1003Ch0A_durance3	DURANCE16S_15Jus1003Ch0A	durance3	prep2	2	15Jus1003Ch0A_durance3	ERR17753490	ERX17144033	15Jus1003Ch0A_S712_L001_R1_001.fastq.gz	8e4a256769d144252a637711b369fd9b	15Jus1003Ch0A_S712_L001_R2_001.fastq.gz	4bf02f52bcd952520bd2908adc64682e	15Jus1003Ch0A	biological	fish gut metagenome	Jus	midgut [UBERON:0001045]	2015
PRJEB124417	DURANCE16S_RUN_15Jus1004Ch01A_durance1	DURANCE16S_EXP_15Jus1004Ch01A_durance1	DURANCE16S_15Jus1004Ch01A	durance1	prep1	1	15Jus1004Ch01A_durance1	ERR17753486	ERX17144029	15Jus1004Ch01A_S148_L001_R1_001.fastq.gz	0f1d8ac620ceb190e62f46bad1c1bdc2	15Jus1004Ch01A_S148_L001_R2_001.fastq.gz	644ef1d9c5e282fba3fcf8523c7b292a	15Jus1004Ch01A	biological	fish metagenome	Jus	caudal fin [UBERON:4000164]	2015
PRJEB124417	DURANCE16S_RUN_15Jus1004Ch01A_durance2	DURANCE16S_EXP_15Jus1004Ch01A_durance2	DURANCE16S_15Jus1004Ch01A	durance2	prep2	1	15Jus1004Ch01A_durance2	ERR17753489	ERX17144032	15Jus1004Ch01A_S148_L001_R1_001.fastq.gz	55c8e04979772ff7e7ca294b70509477	15Jus1004Ch01A_S148_L001_R2_001.fastq.gz	15bae54f6df2b377d11de5521e3e2050	15Jus1004Ch01A	biological	fish metagenome	Jus	caudal fin [UBERON:4000164]	2015
PRJEB124417	DURANCE16S_RUN_15Jus1004Ch01A_durance3	DURANCE16S_EXP_15Jus1004Ch01A_durance3	DURANCE16S_15Jus1004Ch01A	durance3	prep2	2	15Jus1004Ch01A_durance3	ERR17753491	ERX17144034	15Jus1004Ch01A_S148_L001_R1_001.fastq.gz	d0f3e3224c099a81ac259beba0c97556	15Jus1004Ch01A_S148_L001_R2_001.fastq.gz	59ee8f7cf766f30cac3dd8f81356c5ff	15Jus1004Ch01A	biological	fish metagenome	Jus	caudal fin [UBERON:4000164]	2015
PRJEB124417	DURANCE16S_RUN_15Jus1004Ch03A_durance1	DURANCE16S_EXP_15Jus1004Ch03A_durance1	DURANCE16S_15Jus1004Ch03A	durance1	prep1	1	15Jus1004Ch03A_durance1	ERR17753493	ERX17144036	15Jus1004Ch03A_S532_L001_R1_001.fastq.gz	d24cbafdc1821fee1525bad20b7b732a	15Jus1004Ch03A_S532_L001_R2_001.fastq.gz	6c2ba00d79d8fa86b0b977c7316681c9	15Jus1004Ch03A	biological	fish gut metagenome	Jus	hindgut [UBERON:0001046]	2015
PRJEB124417	DURANCE16S_RUN_15Jus1004Ch03A_durance2	DURANCE16S_EXP_15Jus1004Ch03A_durance2	DURANCE16S_15Jus1004Ch03A	durance2	prep2	1	15Jus1004Ch03A_durance2	ERR17753492	ERX17144035	15Jus1004Ch03A_S532_L001_R1_001.fastq.gz	da4efcfe594825e857b9cc073979f50e	15Jus1004Ch03A_S532_L001_R2_001.fastq.gz	2e582ebaa483d0d6d64090a020c6549b	15Jus1004Ch03A	biological	fish gut metagenome	Jus	hindgut [UBERON:0001046]	2015
PRJEB124417	DURANCE16S_RUN_15Jus1004Ch03A_durance3	DURANCE16S_EXP_15Jus1004Ch03A_durance3	DURANCE16S_15Jus1004Ch03A	durance3	prep2	2	15Jus1004Ch03A_durance3	ERR17753497	ERX17144040	15Jus1004Ch03A_S532_L001_R1_001.fastq.gz	a5073d0b8a2cc5861758fdfab15dfa93	15Jus1004Ch03A_S532_L001_R2_001.fastq.gz	d4891b510366eac83edbe786665f7894	15Jus1004Ch03A	biological	fish gut metagenome	Jus	hindgut [UBERON:0001046]	2015
PRJEB124417	DURANCE16S_RUN_15Jus1004Ch05A_durance1	DURANCE16S_EXP_15Jus1004Ch05A_durance1	DURANCE16S_15Jus1004Ch05A	durance1	prep1	1	15Jus1004Ch05A_durance1	ERR17753495	ERX17144038	15Jus1004Ch05A_S340_L001_R1_001.fastq.gz	431f7712c050190300b99a9dcecb5d4f	15Jus1004Ch05A_S340_L001_R2_001.fastq.gz	cb8a523386dbe56c13033e92e222d72e	15Jus1004Ch05A	biological	gill metagenome	Jus	gill [UBERON:0002535]	2015
PRJEB124417	DURANCE16S_RUN_15Jus1004Ch05A_durance2	DURANCE16S_EXP_15Jus1004Ch05A_durance2	DURANCE16S_15Jus1004Ch05A	durance2	prep2	1	15Jus1004Ch05A_durance2	ERR17753494	ERX17144037	15Jus1004Ch05A_S340_L001_R1_001.fastq.gz	70edaba37313a19ebb6fde9e23d4b9ee	15Jus1004Ch05A_S340_L001_R2_001.fastq.gz	71252736cc324f5cc2b9ef213c8d98fb	15Jus1004Ch05A	biological	gill metagenome	Jus	gill [UBERON:0002535]	2015
PRJEB124417	DURANCE16S_RUN_15Jus1004Ch05A_durance3	DURANCE16S_EXP_15Jus1004Ch05A_durance3	DURANCE16S_15Jus1004Ch05A	durance3	prep2	2	15Jus1004Ch05A_durance3	ERR17753496	ERX17144039	15Jus1004Ch05A_S340_L001_R1_001.fastq.gz	96028085726ddf88f12b9a2755ecb80b	15Jus1004Ch05A_S340_L001_R2_001.fastq.gz	650638dea0b61ebc52cae04d7bda2a5d	15Jus1004Ch05A	biological	gill metagenome	Jus	gill [UBERON:0002535]	2015
PRJEB124417	DURANCE16S_RUN_15Jus1004Ch0A_durance1	DURANCE16S_EXP_15Jus1004Ch0A_durance1	DURANCE16S_15Jus1004Ch0A	durance1	prep1	1	15Jus1004Ch0A_durance1	ERR17753498	ERX17144041	15Jus1004Ch0A_S724_L001_R1_001.fastq.gz	1c186f8bb6ab8d0530cccb535181bea6	15Jus1004Ch0A_S724_L001_R2_001.fastq.gz	7fc1c91977aa7db7454887aa7c2fa1f8	15Jus1004Ch0A	biological	fish gut metagenome	Jus	midgut [UBERON:0001045]	2015
PRJEB124417	DURANCE16S_RUN_15Jus1004Ch0A_durance2	DURANCE16S_EXP_15Jus1004Ch0A_durance2	DURANCE16S_15Jus1004Ch0A	durance2	prep2	1	15Jus1004Ch0A_durance2	ERR17753501	ERX17144044	15Jus1004Ch0A_S724_L001_R1_001.fastq.gz	3b7b2dbd1f62d616479c80bab722ad71	15Jus1004Ch0A_S724_L001_R2_001.fastq.gz	ecb4a90242a0ca6c8ec86a51e5d0cfea	15Jus1004Ch0A	biological	fish gut metagenome	Jus	midgut [UBERON:0001045]	2015
PRJEB124417	DURANCE16S_RUN_15Jus1004Ch0A_durance3	DURANCE16S_EXP_15Jus1004Ch0A_durance3	DURANCE16S_15Jus1004Ch0A	durance3	prep2	2	15Jus1004Ch0A_durance3	ERR17753502	ERX17144045	15Jus1004Ch0A_S724_L001_R1_001.fastq.gz	3c05a5dae32436f28c727a486d3a952d	15Jus1004Ch0A_S724_L001_R2_001.fastq.gz	faef23e4ee417785e61a981e11679f2c	15Jus1004Ch0A	biological	fish gut metagenome	Jus	midgut [UBERON:0001045]	2015
PRJEB124417	DURANCE16S_RUN_15Jus1005Ch01A_durance1	DURANCE16S_EXP_15Jus1005Ch01A_durance1	DURANCE16S_15Jus1005Ch01A	durance1	prep1	1	15Jus1005Ch01A_durance1	ERR17753500	ERX17144043	15Jus1005Ch01A_S160_L001_R1_001.fastq.gz	e4f7e4ee42480be3933d8ac462c88a1d	15Jus1005Ch01A_S160_L001_R2_001.fastq.gz	85503d3d611864beeeac37de4bed1c07	15Jus1005Ch01A	biological	fish metagenome	Jus	caudal fin [UBERON:4000164]	2015
PRJEB124417	DURANCE16S_RUN_15Jus1005Ch01A_durance2	DURANCE16S_EXP_15Jus1005Ch01A_durance2	DURANCE16S_15Jus1005Ch01A	durance2	prep2	1	15Jus1005Ch01A_durance2	ERR17753504	ERX17144047	15Jus1005Ch01A_S160_L001_R1_001.fastq.gz	ba434d84475b688cf077e66185997029	15Jus1005Ch01A_S160_L001_R2_001.fastq.gz	259c0c3abbbaff0ec283d2bbf3a16cf9	15Jus1005Ch01A	biological	fish metagenome	Jus	caudal fin [UBERON:4000164]	2015
PRJEB124417	DURANCE16S_RUN_15Jus1005Ch01A_durance3	DURANCE16S_EXP_15Jus1005Ch01A_durance3	DURANCE16S_15Jus1005Ch01A	durance3	prep2	2	15Jus1005Ch01A_durance3	ERR17753507	ERX17144050	15Jus1005Ch01A_S160_L001_R1_001.fastq.gz	5e442463ea3b58d6e46fa7071c315d44	15Jus1005Ch01A_S160_L001_R2_001.fastq.gz	699a1e53d639aa34c14456b70d5dc2cf	15Jus1005Ch01A	biological	fish metagenome	Jus	caudal fin [UBERON:4000164]	2015
PRJEB124417	DURANCE16S_RUN_15Jus1005Ch03A_durance1	DURANCE16S_EXP_15Jus1005Ch03A_durance1	DURANCE16S_15Jus1005Ch03A	durance1	prep1	1	15Jus1005Ch03A_durance1	ERR17753506	ERX17144049	15Jus1005Ch03A_S544_L001_R1_001.fastq.gz	e14989efe105e67679349918ec4978d3	15Jus1005Ch03A_S544_L001_R2_001.fastq.gz	5dcc589b61fe464fa1dd3d217d8186e1	15Jus1005Ch03A	biological	fish gut metagenome	Jus	hindgut [UBERON:0001046]	2015
PRJEB124417	DURANCE16S_RUN_15Jus1005Ch03A_durance2	DURANCE16S_EXP_15Jus1005Ch03A_durance2	DURANCE16S_15Jus1005Ch03A	durance2	prep2	1	15Jus1005Ch03A_durance2	ERR17753505	ERX17144048	15Jus1005Ch03A_S544_L001_R1_001.fastq.gz	d85f96b204b14172d7ecf1dfc2469114	15Jus1005Ch03A_S544_L001_R2_001.fastq.gz	c40cdf34758fc63f3ab2cea4e1e3a19a	15Jus1005Ch03A	biological	fish gut metagenome	Jus	hindgut [UBERON:0001046]	2015
PRJEB124417	DURANCE16S_RUN_15Jus1005Ch03A_durance3	DURANCE16S_EXP_15Jus1005Ch03A_durance3	DURANCE16S_15Jus1005Ch03A	durance3	prep2	2	15Jus1005Ch03A_durance3	ERR17753510	ERX17144053	15Jus1005Ch03A_S544_L001_R1_001.fastq.gz	6b41bb46f5ed31dc6b934ea017ca70a4	15Jus1005Ch03A_S544_L001_R2_001.fastq.gz	782308ac7f7ef6081df6a53c6b0899be	15Jus1005Ch03A	biological	fish gut metagenome	Jus	hindgut [UBERON:0001046]	2015
PRJEB124417	DURANCE16S_RUN_15Jus1005Ch05A_durance1	DURANCE16S_EXP_15Jus1005Ch05A_durance1	DURANCE16S_15Jus1005Ch05A	durance1	prep1	1	15Jus1005Ch05A_durance1	ERR17753508	ERX17144051	15Jus1005Ch05A_S352_L001_R1_001.fastq.gz	8457eac0f7c5eb806673d57c7c90ae0a	15Jus1005Ch05A_S352_L001_R2_001.fastq.gz	e2a9a257c3eb906e248226181b2eb03f	15Jus1005Ch05A	biological	gill metagenome	Jus	gill [UBERON:0002535]	2015
PRJEB124417	DURANCE16S_RUN_15Jus1005Ch05A_durance2	DURANCE16S_EXP_15Jus1005Ch05A_durance2	DURANCE16S_15Jus1005Ch05A	durance2	prep2	1	15Jus1005Ch05A_durance2	ERR17753503	ERX17144046	15Jus1005Ch05A_S352_L001_R1_001.fastq.gz	8b12420763ceaf5bcac7e02bd594384c	15Jus1005Ch05A_S352_L001_R2_001.fastq.gz	d0fcc4ca4008a20111fd9d8cab666934	15Jus1005Ch05A	biological	gill metagenome	Jus	gill [UBERON:0002535]	2015
PRJEB124417	DURANCE16S_RUN_15Jus1005Ch05A_durance3	DURANCE16S_EXP_15Jus1005Ch05A_durance3	DURANCE16S_15Jus1005Ch05A	durance3	prep2	2	15Jus1005Ch05A_durance3	ERR17753509	ERX17144052	15Jus1005Ch05A_S352_L001_R1_001.fastq.gz	46dbe4c7337dd0ca41ae08835348273b	15Jus1005Ch05A_S352_L001_R2_001.fastq.gz	2ad38e99f8bb582cc0d18bb221f62dd7	15Jus1005Ch05A	biological	gill metagenome	Jus	gill [UBERON:0002535]	2015
PRJEB124417	DURANCE16S_RUN_15Jus1005Ch0A_durance1	DURANCE16S_EXP_15Jus1005Ch0A_durance1	DURANCE16S_15Jus1005Ch0A	durance1	prep1	1	15Jus1005Ch0A_durance1	ERR17753511	ERX17144054	15Jus1005Ch0A_S736_L001_R1_001.fastq.gz	1de5974d5119baa6f3a897a255eb3f33	15Jus1005Ch0A_S736_L001_R2_001.fastq.gz	55fbee1edcf9518616cbdcd49101724d	15Jus1005Ch0A	biological	fish gut metagenome	Jus	midgut [UBERON:0001045]	2015
PRJEB124417	DURANCE16S_RUN_15Jus1005Ch0A_durance2	DURANCE16S_EXP_15Jus1005Ch0A_durance2	DURANCE16S_15Jus1005Ch0A	durance2	prep2	1	15Jus1005Ch0A_durance2	ERR17753512	ERX17144055	15Jus1005Ch0A_S736_L001_R1_001.fastq.gz	e4f74d5a62e3e6155c92f4cd0fe45850	15Jus1005Ch0A_S736_L001_R2_001.fastq.gz	df8b0aa0de3a293dcbd1086ec976cdf9	15Jus1005Ch0A	biological	fish gut metagenome	Jus	midgut [UBERON:0001045]	2015
PRJEB124417	DURANCE16S_RUN_15Jus1005Ch0A_durance3	DURANCE16S_EXP_15Jus1005Ch0A_durance3	DURANCE16S_15Jus1005Ch0A	durance3	prep2	2	15Jus1005Ch0A_durance3	ERR17753518	ERX17144061	15Jus1005Ch0A_S736_L001_R1_001.fastq.gz	1627c542c235eec50c6befff7223d7a7	15Jus1005Ch0A_S736_L001_R2_001.fastq.gz	c3443344fea74b97d465283768d9e7ae	15Jus1005Ch0A	biological	fish gut metagenome	Jus	midgut [UBERON:0001045]	2015
PRJEB124417	DURANCE16S_RUN_15Jus1006Ch01A_durance1	DURANCE16S_EXP_15Jus1006Ch01A_durance1	DURANCE16S_15Jus1006Ch01A	durance1	prep1	1	15Jus1006Ch01A_durance1	ERR17753515	ERX17144058	15Jus1006Ch01A_S172_L001_R1_001.fastq.gz	0652772933b16837c4b12a1bbb95fcb1	15Jus1006Ch01A_S172_L001_R2_001.fastq.gz	ca8d6e72fa7c456de21fa3e700f9fe11	15Jus1006Ch01A	biological	fish metagenome	Jus	caudal fin [UBERON:4000164]	2015
PRJEB124417	DURANCE16S_RUN_15Jus1006Ch01A_durance2	DURANCE16S_EXP_15Jus1006Ch01A_durance2	DURANCE16S_15Jus1006Ch01A	durance2	prep2	1	15Jus1006Ch01A_durance2	ERR17753517	ERX17144060	15Jus1006Ch01A_S172_L001_R1_001.fastq.gz	99cfcdd1a589952d19c86bedb456c5ac	15Jus1006Ch01A_S172_L001_R2_001.fastq.gz	02d3d62f3ba2838850781d596db84088	15Jus1006Ch01A	biological	fish metagenome	Jus	caudal fin [UBERON:4000164]	2015
PRJEB124417	DURANCE16S_RUN_15Jus1006Ch01A_durance3	DURANCE16S_EXP_15Jus1006Ch01A_durance3	DURANCE16S_15Jus1006Ch01A	durance3	prep2	2	15Jus1006Ch01A_durance3	ERR17753516	ERX17144059	15Jus1006Ch01A_S172_L001_R1_001.fastq.gz	bfab3f7365ee55430474a8d641a7b83f	15Jus1006Ch01A_S172_L001_R2_001.fastq.gz	bdae1d4237d873a9049bac8cab5be260	15Jus1006Ch01A	biological	fish metagenome	Jus	caudal fin [UBERON:4000164]	2015
PRJEB124417	DURANCE16S_RUN_15Jus1006Ch03A_durance1	DURANCE16S_EXP_15Jus1006Ch03A_durance1	DURANCE16S_15Jus1006Ch03A	durance1	prep1	1	15Jus1006Ch03A_durance1	ERR17753514	ERX17144057	15Jus1006Ch03A_S556_L001_R1_001.fastq.gz	27b2f3f09ae69771d70e42143dfa7b98	15Jus1006Ch03A_S556_L001_R2_001.fastq.gz	680d027edb52744b9da811e6298d7ec5	15Jus1006Ch03A	biological	fish gut metagenome	Jus	hindgut [UBERON:0001046]	2015
PRJEB124417	DURANCE16S_RUN_15Jus1006Ch03A_durance2	DURANCE16S_EXP_15Jus1006Ch03A_durance2	DURANCE16S_15Jus1006Ch03A	durance2	prep2	1	15Jus1006Ch03A_durance2	ERR17753513	ERX17144056	15Jus1006Ch03A_S556_L001_R1_001.fastq.gz	2439bfd52a3cd711763ba661ff4167eb	15Jus1006Ch03A_S556_L001_R2_001.fastq.gz	7a486fe820a2d0aded49932b627086ff	15Jus1006Ch03A	biological	fish gut metagenome	Jus	hindgut [UBERON:0001046]	2015
PRJEB124417	DURANCE16S_RUN_15Jus1006Ch03A_durance3	DURANCE16S_EXP_15Jus1006Ch03A_durance3	DURANCE16S_15Jus1006Ch03A	durance3	prep2	2	15Jus1006Ch03A_durance3	ERR17753519	ERX17144062	15Jus1006Ch03A_S556_L001_R1_001.fastq.gz	a0b48410260b4b4dad201ad2aa138cbc	15Jus1006Ch03A_S556_L001_R2_001.fastq.gz	0eecc1b97103824a6f50cbf6dd95e267	15Jus1006Ch03A	biological	fish gut metagenome	Jus	hindgut [UBERON:0001046]	2015
PRJEB124417	DURANCE16S_RUN_15Jus1006Ch05A_durance1	DURANCE16S_EXP_15Jus1006Ch05A_durance1	DURANCE16S_15Jus1006Ch05A	durance1	prep1	1	15Jus1006Ch05A_durance1	ERR17753520	ERX17144063	15Jus1006Ch05A_S364_L001_R1_001.fastq.gz	cfb077d7298fb98fe662a932f7e4f45e	15Jus1006Ch05A_S364_L001_R2_001.fastq.gz	7ed34260a1f98aa16c6e5122b2433079	15Jus1006Ch05A	biological	gill metagenome	Jus	gill [UBERON:0002535]	2015
PRJEB124417	DURANCE16S_RUN_15Jus1006Ch05A_durance2	DURANCE16S_EXP_15Jus1006Ch05A_durance2	DURANCE16S_15Jus1006Ch05A	durance2	prep2	1	15Jus1006Ch05A_durance2	ERR17753521	ERX17144064	15Jus1006Ch05A_S364_L001_R1_001.fastq.gz	e3e64dfb9edfd75780b081e57ba19b57	15Jus1006Ch05A_S364_L001_R2_001.fastq.gz	66d9ca765b968513286aab4f367f09fc	15Jus1006Ch05A	biological	gill metagenome	Jus	gill [UBERON:0002535]	2015
PRJEB124417	DURANCE16S_RUN_15Jus1006Ch05A_durance3	DURANCE16S_EXP_15Jus1006Ch05A_durance3	DURANCE16S_15Jus1006Ch05A	durance3	prep2	2	15Jus1006Ch05A_durance3	ERR17753522	ERX17144065	15Jus1006Ch05A_S364_L001_R1_001.fastq.gz	03b57a7a173a3ae5f74f5aa317f5eaa8	15Jus1006Ch05A_S364_L001_R2_001.fastq.gz	493e1451a7a8de3c53d997d7cc4145af	15Jus1006Ch05A	biological	gill metagenome	Jus	gill [UBERON:0002535]	2015
PRJEB124417	DURANCE16S_RUN_15Jus1006Ch0A_durance1	DURANCE16S_EXP_15Jus1006Ch0A_durance1	DURANCE16S_15Jus1006Ch0A	durance1	prep1	1	15Jus1006Ch0A_durance1	ERR17753523	ERX17144066	15Jus1006Ch0A_S748_L001_R1_001.fastq.gz	1d513fe0ac2cf4307de679d36e40d432	15Jus1006Ch0A_S748_L001_R2_001.fastq.gz	b4ad448002db14696342037bb7009b31	15Jus1006Ch0A	biological	fish gut metagenome	Jus	midgut [UBERON:0001045]	2015
PRJEB124417	DURANCE16S_RUN_15Jus1006Ch0A_durance2	DURANCE16S_EXP_15Jus1006Ch0A_durance2	DURANCE16S_15Jus1006Ch0A	durance2	prep2	1	15Jus1006Ch0A_durance2	ERR17753526	ERX17144069	15Jus1006Ch0A_S748_L001_R1_001.fastq.gz	9a6d19ff124d37825b82c5b0f79e9501	15Jus1006Ch0A_S748_L001_R2_001.fastq.gz	d7d8387892dc31da3c3c4315e2f9784c	15Jus1006Ch0A	biological	fish gut metagenome	Jus	midgut [UBERON:0001045]	2015
PRJEB124417	DURANCE16S_RUN_15Jus1006Ch0A_durance3	DURANCE16S_EXP_15Jus1006Ch0A_durance3	DURANCE16S_15Jus1006Ch0A	durance3	prep2	2	15Jus1006Ch0A_durance3	ERR17753525	ERX17144068	15Jus1006Ch0A_S748_L001_R1_001.fastq.gz	fe4f830d46b19b1db2d6b3562164da5e	15Jus1006Ch0A_S748_L001_R2_001.fastq.gz	a53304cbdf3e863339e3ff833a9fbace	15Jus1006Ch0A	biological	fish gut metagenome	Jus	midgut [UBERON:0001045]	2015
PRJEB124417	DURANCE16S_RUN_15Jus1007Ch01A_durance1	DURANCE16S_EXP_15Jus1007Ch01A_durance1	DURANCE16S_15Jus1007Ch01A	durance1	prep1	1	15Jus1007Ch01A_durance1	ERR17753524	ERX17144067	15Jus1007Ch01A_S184_L001_R1_001.fastq.gz	ea34174e5066fc970957f3baac9073cd	15Jus1007Ch01A_S184_L001_R2_001.fastq.gz	10a42fa9ee7d2a2e2679d03c2a9e4e85	15Jus1007Ch01A	biological	fish metagenome	Jus	caudal fin [UBERON:4000164]	2015
PRJEB124417	DURANCE16S_RUN_15Jus1007Ch01A_durance2	DURANCE16S_EXP_15Jus1007Ch01A_durance2	DURANCE16S_15Jus1007Ch01A	durance2	prep2	1	15Jus1007Ch01A_durance2	ERR17753527	ERX17144070	15Jus1007Ch01A_S184_L001_R1_001.fastq.gz	874fb8fdb7eff797d5f7025a8f2b2da7	15Jus1007Ch01A_S184_L001_R2_001.fastq.gz	e8d47d0dc23adf5ef28f255e6f7b18ed	15Jus1007Ch01A	biological	fish metagenome	Jus	caudal fin [UBERON:4000164]	2015
PRJEB124417	DURANCE16S_RUN_15Jus1007Ch01A_durance3	DURANCE16S_EXP_15Jus1007Ch01A_durance3	DURANCE16S_15Jus1007Ch01A	durance3	prep2	2	15Jus1007Ch01A_durance3	ERR17753528	ERX17144071	15Jus1007Ch01A_S184_L001_R1_001.fastq.gz	9953c9a53a41811e5acfb59acc6439ec	15Jus1007Ch01A_S184_L001_R2_001.fastq.gz	2279e49cc2d0aba7f8a9fcb76106aada	15Jus1007Ch01A	biological	fish metagenome	Jus	caudal fin [UBERON:4000164]	2015
PRJEB124417	DURANCE16S_RUN_15Jus1007Ch03A_durance1	DURANCE16S_EXP_15Jus1007Ch03A_durance1	DURANCE16S_15Jus1007Ch03A	durance1	prep1	1	15Jus1007Ch03A_durance1	ERR17753530	ERX17144073	15Jus1007Ch03A_S568_L001_R1_001.fastq.gz	ee09be6243b2a465983962953f5a1a87	15Jus1007Ch03A_S568_L001_R2_001.fastq.gz	6357ec6c5fb8d366b06e8a36f9559843	15Jus1007Ch03A	biological	fish gut metagenome	Jus	hindgut [UBERON:0001046]	2015
PRJEB124417	DURANCE16S_RUN_15Jus1007Ch03A_durance2	DURANCE16S_EXP_15Jus1007Ch03A_durance2	DURANCE16S_15Jus1007Ch03A	durance2	prep2	1	15Jus1007Ch03A_durance2	ERR17753529	ERX17144072	15Jus1007Ch03A_S568_L001_R1_001.fastq.gz	1e69e0101a8d427763f90299dfc6628b	15Jus1007Ch03A_S568_L001_R2_001.fastq.gz	642b10ddaa94e92eee80fdc3371fb9a5	15Jus1007Ch03A	biological	fish gut metagenome	Jus	hindgut [UBERON:0001046]	2015
PRJEB124417	DURANCE16S_RUN_15Jus1007Ch03A_durance3	DURANCE16S_EXP_15Jus1007Ch03A_durance3	DURANCE16S_15Jus1007Ch03A	durance3	prep2	2	15Jus1007Ch03A_durance3	ERR17753531	ERX17144074	15Jus1007Ch03A_S568_L001_R1_001.fastq.gz	348188fcf0e71a6f4398e678399fc6bf	15Jus1007Ch03A_S568_L001_R2_001.fastq.gz	3d6ee11631b4dba6bb871baa31b712d9	15Jus1007Ch03A	biological	fish gut metagenome	Jus	hindgut [UBERON:0001046]	2015
PRJEB124417	DURANCE16S_RUN_15Jus1007Ch05A_durance1	DURANCE16S_EXP_15Jus1007Ch05A_durance1	DURANCE16S_15Jus1007Ch05A	durance1	prep1	1	15Jus1007Ch05A_durance1	ERR17753533	ERX17144076	15Jus1007Ch05A_S376_L001_R1_001.fastq.gz	93821a862e25d4323c721ad2554db7d5	15Jus1007Ch05A_S376_L001_R2_001.fastq.gz	8688e9caee53e5325890a0d6e11f0a4b	15Jus1007Ch05A	biological	gill metagenome	Jus	gill [UBERON:0002535]	2015
PRJEB124417	DURANCE16S_RUN_15Jus1007Ch05A_durance2	DURANCE16S_EXP_15Jus1007Ch05A_durance2	DURANCE16S_15Jus1007Ch05A	durance2	prep2	1	15Jus1007Ch05A_durance2	ERR17753532	ERX17144075	15Jus1007Ch05A_S376_L001_R1_001.fastq.gz	1f5472c348f013f1b60c962c758bdb98	15Jus1007Ch05A_S376_L001_R2_001.fastq.gz	ddd27dc7b8e7ee285cd28b4c771f91d0	15Jus1007Ch05A	biological	gill metagenome	Jus	gill [UBERON:0002535]	2015
PRJEB124417	DURANCE16S_RUN_15Jus1007Ch05A_durance3	DURANCE16S_EXP_15Jus1007Ch05A_durance3	DURANCE16S_15Jus1007Ch05A	durance3	prep2	2	15Jus1007Ch05A_durance3	ERR17753534	ERX17144077	15Jus1007Ch05A_S376_L001_R1_001.fastq.gz	187914394ca3fbb22b34f47e79ef90bb	15Jus1007Ch05A_S376_L001_R2_001.fastq.gz	bf3349fc80afd86536227ba6cf38581f	15Jus1007Ch05A	biological	gill metagenome	Jus	gill [UBERON:0002535]	2015
PRJEB124417	DURANCE16S_RUN_15Jus1007Ch0A_durance1	DURANCE16S_EXP_15Jus1007Ch0A_durance1	DURANCE16S_15Jus1007Ch0A	durance1	prep1	1	15Jus1007Ch0A_durance1	ERR17753536	ERX17144079	15Jus1007Ch0A_S760_L001_R1_001.fastq.gz	20d27d75ad9982b99c683285f4b58779	15Jus1007Ch0A_S760_L001_R2_001.fastq.gz	e66d4240177ce266d40b82ff1b1ec10d	15Jus1007Ch0A	biological	fish gut metagenome	Jus	midgut [UBERON:0001045]	2015
PRJEB124417	DURANCE16S_RUN_15Jus1007Ch0A_durance2	DURANCE16S_EXP_15Jus1007Ch0A_durance2	DURANCE16S_15Jus1007Ch0A	durance2	prep2	1	15Jus1007Ch0A_durance2	ERR17753535	ERX17144078	15Jus1007Ch0A_S760_L001_R1_001.fastq.gz	d1defac88e0bcb7ffe94ce7405bf28c9	15Jus1007Ch0A_S760_L001_R2_001.fastq.gz	d6869af0f3b1a962ff0ce942551a8b01	15Jus1007Ch0A	biological	fish gut metagenome	Jus	midgut [UBERON:0001045]	2015
PRJEB124417	DURANCE16S_RUN_15Jus1007Ch0A_durance3	DURANCE16S_EXP_15Jus1007Ch0A_durance3	DURANCE16S_15Jus1007Ch0A	durance3	prep2	2	15Jus1007Ch0A_durance3	ERR17753538	ERX17144081	15Jus1007Ch0A_S760_L001_R1_001.fastq.gz	98d24fcd5904c42d35839015f4dbdfdb	15Jus1007Ch0A_S760_L001_R2_001.fastq.gz	ee0abd029d8eddb84317a476e9a95cf2	15Jus1007Ch0A	biological	fish gut metagenome	Jus	midgut [UBERON:0001045]	2015
PRJEB124417	DURANCE16S_RUN_15Jus1008Ch01A_durance1	DURANCE16S_EXP_15Jus1008Ch01A_durance1	DURANCE16S_15Jus1008Ch01A	durance1	prep1	1	15Jus1008Ch01A_durance1	ERR17753537	ERX17144080	15Jus1008Ch01A_S101_L001_R1_001.fastq.gz	ca789ba74364d7ace1be48bba68e7e61	15Jus1008Ch01A_S101_L001_R2_001.fastq.gz	a6d3a7838b4872307653e27aba69f790	15Jus1008Ch01A	biological	fish metagenome	Jus	caudal fin [UBERON:4000164]	2015
PRJEB124417	DURANCE16S_RUN_15Jus1008Ch01A_durance2	DURANCE16S_EXP_15Jus1008Ch01A_durance2	DURANCE16S_15Jus1008Ch01A	durance2	prep2	1	15Jus1008Ch01A_durance2	ERR17753540	ERX17144083	15Jus1008Ch01A_S101_L001_R1_001.fastq.gz	162144d242cebac67f0c484e35fc1233	15Jus1008Ch01A_S101_L001_R2_001.fastq.gz	5a2f176754dae248d29fd08ed93acdc1	15Jus1008Ch01A	biological	fish metagenome	Jus	caudal fin [UBERON:4000164]	2015
PRJEB124417	DURANCE16S_RUN_15Jus1008Ch01A_durance3	DURANCE16S_EXP_15Jus1008Ch01A_durance3	DURANCE16S_15Jus1008Ch01A	durance3	prep2	2	15Jus1008Ch01A_durance3	ERR17753541	ERX17144084	15Jus1008Ch01A_S101_L001_R1_001.fastq.gz	61770b619850eb8d8e5e9de7761a988d	15Jus1008Ch01A_S101_L001_R2_001.fastq.gz	7283fdedc3e39f6f962801351259354c	15Jus1008Ch01A	biological	fish metagenome	Jus	caudal fin [UBERON:4000164]	2015
PRJEB124417	DURANCE16S_RUN_15Jus1008Ch03A_durance1	DURANCE16S_EXP_15Jus1008Ch03A_durance1	DURANCE16S_15Jus1008Ch03A	durance1	prep1	1	15Jus1008Ch03A_durance1	ERR17753542	ERX17144085	15Jus1008Ch03A_S485_L001_R1_001.fastq.gz	15dde6fa6734002fcead0b78fb147d6a	15Jus1008Ch03A_S485_L001_R2_001.fastq.gz	6111f5fa10ccd07f196dfc93003f9f7d	15Jus1008Ch03A	biological	fish gut metagenome	Jus	hindgut [UBERON:0001046]	2015
PRJEB124417	DURANCE16S_RUN_15Jus1008Ch03A_durance2	DURANCE16S_EXP_15Jus1008Ch03A_durance2	DURANCE16S_15Jus1008Ch03A	durance2	prep2	1	15Jus1008Ch03A_durance2	ERR17753539	ERX17144082	15Jus1008Ch03A_S485_L001_R1_001.fastq.gz	7e618d8916a8084ee505a2bd7f02e51d	15Jus1008Ch03A_S485_L001_R2_001.fastq.gz	4cc6a3bdb8669630a54b1cf1314401da	15Jus1008Ch03A	biological	fish gut metagenome	Jus	hindgut [UBERON:0001046]	2015
PRJEB124417	DURANCE16S_RUN_15Jus1008Ch03A_durance3	DURANCE16S_EXP_15Jus1008Ch03A_durance3	DURANCE16S_15Jus1008Ch03A	durance3	prep2	2	15Jus1008Ch03A_durance3	ERR17753546	ERX17144089	15Jus1008Ch03A_S485_L001_R1_001.fastq.gz	320516402813fa414aa521a81c53819a	15Jus1008Ch03A_S485_L001_R2_001.fastq.gz	b6968d6cae3ab729749362011006c6f7	15Jus1008Ch03A	biological	fish gut metagenome	Jus	hindgut [UBERON:0001046]	2015
PRJEB124417	DURANCE16S_RUN_15Jus1008Ch05A_durance1	DURANCE16S_EXP_15Jus1008Ch05A_durance1	DURANCE16S_15Jus1008Ch05A	durance1	prep1	1	15Jus1008Ch05A_durance1	ERR17753545	ERX17144088	15Jus1008Ch05A_S293_L001_R1_001.fastq.gz	e1f687ce39ee647eaa20fdea87b4adac	15Jus1008Ch05A_S293_L001_R2_001.fastq.gz	d17f1f2e4384432e1d39a6c1fe5380ce	15Jus1008Ch05A	biological	gill metagenome	Jus	gill [UBERON:0002535]	2015
PRJEB124417	DURANCE16S_RUN_15Jus1008Ch05A_durance2	DURANCE16S_EXP_15Jus1008Ch05A_durance2	DURANCE16S_15Jus1008Ch05A	durance2	prep2	1	15Jus1008Ch05A_durance2	ERR17753544	ERX17144087	15Jus1008Ch05A_S293_L001_R1_001.fastq.gz	0efa53da289dbda1c68fe6150fdba39a	15Jus1008Ch05A_S293_L001_R2_001.fastq.gz	d8fda56cba7fe32a8018faeea3c53c7a	15Jus1008Ch05A	biological	gill metagenome	Jus	gill [UBERON:0002535]	2015
PRJEB124417	DURANCE16S_RUN_15Jus1008Ch05A_durance3	DURANCE16S_EXP_15Jus1008Ch05A_durance3	DURANCE16S_15Jus1008Ch05A	durance3	prep2	2	15Jus1008Ch05A_durance3	ERR17753543	ERX17144086	15Jus1008Ch05A_S293_L001_R1_001.fastq.gz	2866d2b809f17a72b6ab730f904edfac	15Jus1008Ch05A_S293_L001_R2_001.fastq.gz	2df6be9d1d2fb2c65d0c5c1324a9b4d5	15Jus1008Ch05A	biological	gill metagenome	Jus	gill [UBERON:0002535]	2015
PRJEB124417	DURANCE16S_RUN_15Jus1008Ch0A_durance1	DURANCE16S_EXP_15Jus1008Ch0A_durance1	DURANCE16S_15Jus1008Ch0A	durance1	prep1	1	15Jus1008Ch0A_durance1	ERR17753549	ERX17144092	15Jus1008Ch0A_S677_L001_R1_001.fastq.gz	7430fb7a82289f6af5cce1708dff20a0	15Jus1008Ch0A_S677_L001_R2_001.fastq.gz	61b5653536e65f191d8365c026508f9d	15Jus1008Ch0A	biological	fish gut metagenome	Jus	midgut [UBERON:0001045]	2015
PRJEB124417	DURANCE16S_RUN_15Jus1008Ch0A_durance2	DURANCE16S_EXP_15Jus1008Ch0A_durance2	DURANCE16S_15Jus1008Ch0A	durance2	prep2	1	15Jus1008Ch0A_durance2	ERR17753548	ERX17144091	15Jus1008Ch0A_S677_L001_R1_001.fastq.gz	63b2de3f3d1289f7bbf5b6fe2e5c41a2	15Jus1008Ch0A_S677_L001_R2_001.fastq.gz	4b322f09f39a08dd4c549b6b0bab7f6e	15Jus1008Ch0A	biological	fish gut metagenome	Jus	midgut [UBERON:0001045]	2015
PRJEB124417	DURANCE16S_RUN_15Jus1008Ch0A_durance3	DURANCE16S_EXP_15Jus1008Ch0A_durance3	DURANCE16S_15Jus1008Ch0A	durance3	prep2	2	15Jus1008Ch0A_durance3	ERR17753550	ERX17144093	15Jus1008Ch0A_S677_L001_R1_001.fastq.gz	36875c373677c2ca2d617c3a772b5515	15Jus1008Ch0A_S677_L001_R2_001.fastq.gz	7a530816857d2cee1a650dd08afe68e2	15Jus1008Ch0A	biological	fish gut metagenome	Jus	midgut [UBERON:0001045]	2015
PRJEB124417	DURANCE16S_RUN_15Jus1009Ch01A_durance1	DURANCE16S_EXP_15Jus1009Ch01A_durance1	DURANCE16S_15Jus1009Ch01A	durance1	prep1	1	15Jus1009Ch01A_durance1	ERR17753551	ERX17144094	15Jus1009Ch01A_S113_L001_R1_001.fastq.gz	5e727707b3b6bcbfd965be45804efd40	15Jus1009Ch01A_S113_L001_R2_001.fastq.gz	bff727cdfc9828b0f61c1041d726ade5	15Jus1009Ch01A	biological	fish metagenome	Jus	caudal fin [UBERON:4000164]	2015
PRJEB124417	DURANCE16S_RUN_15Jus1009Ch01A_durance2	DURANCE16S_EXP_15Jus1009Ch01A_durance2	DURANCE16S_15Jus1009Ch01A	durance2	prep2	1	15Jus1009Ch01A_durance2	ERR17753552	ERX17144095	15Jus1009Ch01A_S113_L001_R1_001.fastq.gz	024d3de693295d21e6801de1464b62fd	15Jus1009Ch01A_S113_L001_R2_001.fastq.gz	6212f61600246cbbbaa54c32583452e9	15Jus1009Ch01A	biological	fish metagenome	Jus	caudal fin [UBERON:4000164]	2015
PRJEB124417	DURANCE16S_RUN_15Jus1009Ch01A_durance3	DURANCE16S_EXP_15Jus1009Ch01A_durance3	DURANCE16S_15Jus1009Ch01A	durance3	prep2	2	15Jus1009Ch01A_durance3	ERR17753555	ERX17144098	15Jus1009Ch01A_S113_L001_R1_001.fastq.gz	544382ca05793373ff36f616cdda5dce	15Jus1009Ch01A_S113_L001_R2_001.fastq.gz	91ab29cbb563eea90cbb259a381b130c	15Jus1009Ch01A	biological	fish metagenome	Jus	caudal fin [UBERON:4000164]	2015
PRJEB124417	DURANCE16S_RUN_15Jus1009Ch03A_durance1	DURANCE16S_EXP_15Jus1009Ch03A_durance1	DURANCE16S_15Jus1009Ch03A	durance1	prep1	1	15Jus1009Ch03A_durance1	ERR17753554	ERX17144097	15Jus1009Ch03A_S497_L001_R1_001.fastq.gz	652a718b1975eb0454e4d0040f74fa94	15Jus1009Ch03A_S497_L001_R2_001.fastq.gz	3a44e4df5eb7ef2b08cddf12ffaa327a	15Jus1009Ch03A	biological	fish gut metagenome	Jus	hindgut [UBERON:0001046]	2015
PRJEB124417	DURANCE16S_RUN_15Jus1009Ch03A_durance2	DURANCE16S_EXP_15Jus1009Ch03A_durance2	DURANCE16S_15Jus1009Ch03A	durance2	prep2	1	15Jus1009Ch03A_durance2	ERR17753553	ERX17144096	15Jus1009Ch03A_S497_L001_R1_001.fastq.gz	f840da875dbb4ab65320dab2341ff144	15Jus1009Ch03A_S497_L001_R2_001.fastq.gz	64591d8fee3cacc28911359a8e1b569c	15Jus1009Ch03A	biological	fish gut metagenome	Jus	hindgut [UBERON:0001046]	2015
PRJEB124417	DURANCE16S_RUN_15Jus1009Ch03A_durance3	DURANCE16S_EXP_15Jus1009Ch03A_durance3	DURANCE16S_15Jus1009Ch03A	durance3	prep2	2	15Jus1009Ch03A_durance3	ERR17753556	ERX17144099	15Jus1009Ch03A_S497_L001_R1_001.fastq.gz	6ce57341aef02f1fc38f56273826012f	15Jus1009Ch03A_S497_L001_R2_001.fastq.gz	1b61c1d6855d7f5383e66210d9ad2aa5	15Jus1009Ch03A	biological	fish gut metagenome	Jus	hindgut [UBERON:0001046]	2015
PRJEB124417	DURANCE16S_RUN_15Jus1009Ch05A_durance1	DURANCE16S_EXP_15Jus1009Ch05A_durance1	DURANCE16S_15Jus1009Ch05A	durance1	prep1	1	15Jus1009Ch05A_durance1	ERR17753559	ERX17144102	15Jus1009Ch05A_S305_L001_R1_001.fastq.gz	628fa0dd52e74d740695f0c3511ab3e9	15Jus1009Ch05A_S305_L001_R2_001.fastq.gz	a41d28f106c8ab41acc3b4c15096bd1b	15Jus1009Ch05A	biological	gill metagenome	Jus	gill [UBERON:0002535]	2015
PRJEB124417	DURANCE16S_RUN_15Jus1009Ch05A_durance2	DURANCE16S_EXP_15Jus1009Ch05A_durance2	DURANCE16S_15Jus1009Ch05A	durance2	prep2	1	15Jus1009Ch05A_durance2	ERR17753557	ERX17144100	15Jus1009Ch05A_S305_L001_R1_001.fastq.gz	21522c992a72008f17ba128b6dab20ee	15Jus1009Ch05A_S305_L001_R2_001.fastq.gz	ed1a4f3c4b1206c774a9cb34e078cc56	15Jus1009Ch05A	biological	gill metagenome	Jus	gill [UBERON:0002535]	2015
PRJEB124417	DURANCE16S_RUN_15Jus1009Ch05A_durance3	DURANCE16S_EXP_15Jus1009Ch05A_durance3	DURANCE16S_15Jus1009Ch05A	durance3	prep2	2	15Jus1009Ch05A_durance3	ERR17753558	ERX17144101	15Jus1009Ch05A_S305_L001_R1_001.fastq.gz	5437d11c55823b46ab8e91c8af57d404	15Jus1009Ch05A_S305_L001_R2_001.fastq.gz	de055b9ccbf15075371959a29295aef6	15Jus1009Ch05A	biological	gill metagenome	Jus	gill [UBERON:0002535]	2015
PRJEB124417	DURANCE16S_RUN_15Jus1009Ch0A_durance1	DURANCE16S_EXP_15Jus1009Ch0A_durance1	DURANCE16S_15Jus1009Ch0A	durance1	prep1	1	15Jus1009Ch0A_durance1	ERR17753560	ERX17144103	15Jus1009Ch0A_S689_L001_R1_001.fastq.gz	2e13cae970c72e855e451e97960be6a1	15Jus1009Ch0A_S689_L001_R2_001.fastq.gz	6000c23c1553974ee11ed95bd6d1de7d	15Jus1009Ch0A	biological	fish gut metagenome	Jus	midgut [UBERON:0001045]	2015
PRJEB124417	DURANCE16S_RUN_15Jus1009Ch0A_durance2	DURANCE16S_EXP_15Jus1009Ch0A_durance2	DURANCE16S_15Jus1009Ch0A	durance2	prep2	1	15Jus1009Ch0A_durance2	ERR17753562	ERX17144105	15Jus1009Ch0A_S689_L001_R1_001.fastq.gz	0723670bb2170069dbdbea0fd8af94c8	15Jus1009Ch0A_S689_L001_R2_001.fastq.gz	5443d02dee897d0996f398a1e4de5c4f	15Jus1009Ch0A	biological	fish gut metagenome	Jus	midgut [UBERON:0001045]	2015
PRJEB124417	DURANCE16S_RUN_15Jus1009Ch0A_durance3	DURANCE16S_EXP_15Jus1009Ch0A_durance3	DURANCE16S_15Jus1009Ch0A	durance3	prep2	2	15Jus1009Ch0A_durance3	ERR17753561	ERX17144104	15Jus1009Ch0A_S689_L001_R1_001.fastq.gz	1f41c594755e154a6e4ec9f603f9d184	15Jus1009Ch0A_S689_L001_R2_001.fastq.gz	093dd8f041757aca151e2aabe0bcf96e	15Jus1009Ch0A	biological	fish gut metagenome	Jus	midgut [UBERON:0001045]	2015
PRJEB124417	DURANCE16S_RUN_15Jus1010Ch01A_durance1	DURANCE16S_EXP_15Jus1010Ch01A_durance1	DURANCE16S_15Jus1010Ch01A	durance1	prep1	1	15Jus1010Ch01A_durance1	ERR17753563	ERX17144106	15Jus1010Ch01A_S125_L001_R1_001.fastq.gz	cc93b934aa7bedfc07be6c0f9ac006c2	15Jus1010Ch01A_S125_L001_R2_001.fastq.gz	62c82fbbdccbe5a1b95803a86424bbe4	15Jus1010Ch01A	biological	fish metagenome	Jus	caudal fin [UBERON:4000164]	2015
PRJEB124417	DURANCE16S_RUN_15Jus1010Ch01A_durance2	DURANCE16S_EXP_15Jus1010Ch01A_durance2	DURANCE16S_15Jus1010Ch01A	durance2	prep2	1	15Jus1010Ch01A_durance2	ERR17753564	ERX17144107	15Jus1010Ch01A_S125_L001_R1_001.fastq.gz	e9d0e80849378ba1a429a82fd5d88911	15Jus1010Ch01A_S125_L001_R2_001.fastq.gz	ca831fe96919b3b4593f6b7cede921f4	15Jus1010Ch01A	biological	fish metagenome	Jus	caudal fin [UBERON:4000164]	2015
PRJEB124417	DURANCE16S_RUN_15Jus1010Ch01A_durance3	DURANCE16S_EXP_15Jus1010Ch01A_durance3	DURANCE16S_15Jus1010Ch01A	durance3	prep2	2	15Jus1010Ch01A_durance3	ERR17753568	ERX17144111	15Jus1010Ch01A_S125_L001_R1_001.fastq.gz	3c9f5e8ccdd3fa97701b6514eed4137c	15Jus1010Ch01A_S125_L001_R2_001.fastq.gz	0b8d1a52f1facb77721171a6e92445d5	15Jus1010Ch01A	biological	fish metagenome	Jus	caudal fin [UBERON:4000164]	2015
PRJEB124417	DURANCE16S_RUN_15Jus1010Ch03A_durance1	DURANCE16S_EXP_15Jus1010Ch03A_durance1	DURANCE16S_15Jus1010Ch03A	durance1	prep1	1	15Jus1010Ch03A_durance1	ERR17753565	ERX17144108	15Jus1010Ch03A_S509_L001_R1_001.fastq.gz	9a982849ae0620d79af2df38320e2f8d	15Jus1010Ch03A_S509_L001_R2_001.fastq.gz	8da2880574e212b98da3da4ff61cbdd8	15Jus1010Ch03A	biological	fish gut metagenome	Jus	hindgut [UBERON:0001046]	2015
PRJEB124417	DURANCE16S_RUN_15Jus1010Ch03A_durance2	DURANCE16S_EXP_15Jus1010Ch03A_durance2	DURANCE16S_15Jus1010Ch03A	durance2	prep2	1	15Jus1010Ch03A_durance2	ERR17753566	ERX17144109	15Jus1010Ch03A_S509_L001_R1_001.fastq.gz	48b8952a8f9fb035191e821496ba27b6	15Jus1010Ch03A_S509_L001_R2_001.fastq.gz	008b6b3ce4ad5776869d4a251bc38314	15Jus1010Ch03A	biological	fish gut metagenome	Jus	hindgut [UBERON:0001046]	2015
PRJEB124417	DURANCE16S_RUN_15Jus1010Ch03A_durance3	DURANCE16S_EXP_15Jus1010Ch03A_durance3	DURANCE16S_15Jus1010Ch03A	durance3	prep2	2	15Jus1010Ch03A_durance3	ERR17753567	ERX17144110	15Jus1010Ch03A_S509_L001_R1_001.fastq.gz	95749ce5b3272ba7c8446018ef6c45a1	15Jus1010Ch03A_S509_L001_R2_001.fastq.gz	987824b1f822cd501387716ffdb6b435	15Jus1010Ch03A	biological	fish gut metagenome	Jus	hindgut [UBERON:0001046]	2015
PRJEB124417	DURANCE16S_RUN_15Jus1010Ch05A_durance1	DURANCE16S_EXP_15Jus1010Ch05A_durance1	DURANCE16S_15Jus1010Ch05A	durance1	prep1	1	15Jus1010Ch05A_durance1	ERR17753571	ERX17144114	15Jus1010Ch05A_S317_L001_R1_001.fastq.gz	9f1435a0adb7743e72cbde634b5ea3f3	15Jus1010Ch05A_S317_L001_R2_001.fastq.gz	aef33120d5682dc5f8ff866392e5a93e	15Jus1010Ch05A	biological	gill metagenome	Jus	gill [UBERON:0002535]	2015
PRJEB124417	DURANCE16S_RUN_15Jus1010Ch05A_durance2	DURANCE16S_EXP_15Jus1010Ch05A_durance2	DURANCE16S_15Jus1010Ch05A	durance2	prep2	1	15Jus1010Ch05A_durance2	ERR17753570	ERX17144113	15Jus1010Ch05A_S317_L001_R1_001.fastq.gz	b6a53361f0edba102f4cafde7a070651	15Jus1010Ch05A_S317_L001_R2_001.fastq.gz	5899fc1bc56c5b8de68cc00e33540642	15Jus1010Ch05A	biological	gill metagenome	Jus	gill [UBERON:0002535]	2015
PRJEB124417	DURANCE16S_RUN_15Jus1010Ch05A_durance3	DURANCE16S_EXP_15Jus1010Ch05A_durance3	DURANCE16S_15Jus1010Ch05A	durance3	prep2	2	15Jus1010Ch05A_durance3	ERR17753569	ERX17144112	15Jus1010Ch05A_S317_L001_R1_001.fastq.gz	bd57ade6d4e23c961e53f92be461658d	15Jus1010Ch05A_S317_L001_R2_001.fastq.gz	969f6c5908887706533c721380a09e73	15Jus1010Ch05A	biological	gill metagenome	Jus	gill [UBERON:0002535]	2015
PRJEB124417	DURANCE16S_RUN_15Jus1010Ch0A_durance1	DURANCE16S_EXP_15Jus1010Ch0A_durance1	DURANCE16S_15Jus1010Ch0A	durance1	prep1	1	15Jus1010Ch0A_durance1	ERR17753572	ERX17144115	15Jus1010Ch0A_S701_L001_R1_001.fastq.gz	0b0b7ef97196becceb5753aa4a56ffa5	15Jus1010Ch0A_S701_L001_R2_001.fastq.gz	363d186d119fa30c6403119ec8fbbf34	15Jus1010Ch0A	biological	fish gut metagenome	Jus	midgut [UBERON:0001045]	2015
PRJEB124417	DURANCE16S_RUN_15Jus1010Ch0A_durance2	DURANCE16S_EXP_15Jus1010Ch0A_durance2	DURANCE16S_15Jus1010Ch0A	durance2	prep2	1	15Jus1010Ch0A_durance2	ERR17753574	ERX17144117	15Jus1010Ch0A_S701_L001_R1_001.fastq.gz	5810b17b6b459aa7e1afa1512b614bb6	15Jus1010Ch0A_S701_L001_R2_001.fastq.gz	e52a5fd4bc1a57a8efbf3950873fea7b	15Jus1010Ch0A	biological	fish gut metagenome	Jus	midgut [UBERON:0001045]	2015
PRJEB124417	DURANCE16S_RUN_15Jus1010Ch0A_durance3	DURANCE16S_EXP_15Jus1010Ch0A_durance3	DURANCE16S_15Jus1010Ch0A	durance3	prep2	2	15Jus1010Ch0A_durance3	ERR17753573	ERX17144116	15Jus1010Ch0A_S701_L001_R1_001.fastq.gz	c2be4d6d8668b1391fa09096cc45cf2d	15Jus1010Ch0A_S701_L001_R2_001.fastq.gz	d56d89a0f8bc185d9c0a50ed297d2a12	15Jus1010Ch0A	biological	fish gut metagenome	Jus	midgut [UBERON:0001045]	2015
PRJEB124417	DURANCE16S_RUN_15Jus1011Ch01A_durance1	DURANCE16S_EXP_15Jus1011Ch01A_durance1	DURANCE16S_15Jus1011Ch01A	durance1	prep1	1	15Jus1011Ch01A_durance1	ERR17753575	ERX17144118	15Jus1011Ch01A_S137_L001_R1_001.fastq.gz	e34a4e6fe7d9e874afce3b8a297eb318	15Jus1011Ch01A_S137_L001_R2_001.fastq.gz	8d2496bd5fe987b58b7e00dc787cc761	15Jus1011Ch01A	biological	fish metagenome	Jus	caudal fin [UBERON:4000164]	2015
PRJEB124417	DURANCE16S_RUN_15Jus1011Ch01A_durance2	DURANCE16S_EXP_15Jus1011Ch01A_durance2	DURANCE16S_15Jus1011Ch01A	durance2	prep2	1	15Jus1011Ch01A_durance2	ERR17753576	ERX17144119	15Jus1011Ch01A_S137_L001_R1_001.fastq.gz	c9231e0523f9c385a36444b4486bb3dc	15Jus1011Ch01A_S137_L001_R2_001.fastq.gz	d98e5eaf5da1cc1a49b14eb431034427	15Jus1011Ch01A	biological	fish metagenome	Jus	caudal fin [UBERON:4000164]	2015
PRJEB124417	DURANCE16S_RUN_15Jus1011Ch01A_durance3	DURANCE16S_EXP_15Jus1011Ch01A_durance3	DURANCE16S_15Jus1011Ch01A	durance3	prep2	2	15Jus1011Ch01A_durance3	ERR17753581	ERX17144124	15Jus1011Ch01A_S137_L001_R1_001.fastq.gz	1ce770080e2e60e57699028970cd8d5a	15Jus1011Ch01A_S137_L001_R2_001.fastq.gz	2f740e5449fac832e8ac73d4f581ed59	15Jus1011Ch01A	biological	fish metagenome	Jus	caudal fin [UBERON:4000164]	2015
PRJEB124417	DURANCE16S_RUN_15Jus1011Ch03A_durance1	DURANCE16S_EXP_15Jus1011Ch03A_durance1	DURANCE16S_15Jus1011Ch03A	durance1	prep1	1	15Jus1011Ch03A_durance1	ERR17753577	ERX17144120	15Jus1011Ch03A_S521_L001_R1_001.fastq.gz	6367cfef21f6d9f654db51715a55fa5e	15Jus1011Ch03A_S521_L001_R2_001.fastq.gz	0c7ef22f77d51eed87310438a05d4e2a	15Jus1011Ch03A	biological	fish gut metagenome	Jus	hindgut [UBERON:0001046]	2015
PRJEB124417	DURANCE16S_RUN_15Jus1011Ch03A_durance2	DURANCE16S_EXP_15Jus1011Ch03A_durance2	DURANCE16S_15Jus1011Ch03A	durance2	prep2	1	15Jus1011Ch03A_durance2	ERR17753578	ERX17144121	15Jus1011Ch03A_S521_L001_R1_001.fastq.gz	e52704b769dc6b7b062c471aac1191cd	15Jus1011Ch03A_S521_L001_R2_001.fastq.gz	8f4d17f9991ae40ac1c39fc085f978d0	15Jus1011Ch03A	biological	fish gut metagenome	Jus	hindgut [UBERON:0001046]	2015
PRJEB124417	DURANCE16S_RUN_15Jus1011Ch03A_durance3	DURANCE16S_EXP_15Jus1011Ch03A_durance3	DURANCE16S_15Jus1011Ch03A	durance3	prep2	2	15Jus1011Ch03A_durance3	ERR17753582	ERX17144125	15Jus1011Ch03A_S521_L001_R1_001.fastq.gz	fec1d2bf39d896f4df7854653ec4e24d	15Jus1011Ch03A_S521_L001_R2_001.fastq.gz	2d3af4e1b04eda7e44cf45ab19c23c5b	15Jus1011Ch03A	biological	fish gut metagenome	Jus	hindgut [UBERON:0001046]	2015
PRJEB124417	DURANCE16S_RUN_15Jus1011Ch05A_durance1	DURANCE16S_EXP_15Jus1011Ch05A_durance1	DURANCE16S_15Jus1011Ch05A	durance1	prep1	1	15Jus1011Ch05A_durance1	ERR17753580	ERX17144123	15Jus1011Ch05A_S329_L001_R1_001.fastq.gz	8a591b8fea5f4f6f08f9fa55b961fd37	15Jus1011Ch05A_S329_L001_R2_001.fastq.gz	2909715b63b6cfe3c23fa27e2bcb0111	15Jus1011Ch05A	biological	gill metagenome	Jus	gill [UBERON:0002535]	2015
PRJEB124417	DURANCE16S_RUN_15Jus1011Ch05A_durance2	DURANCE16S_EXP_15Jus1011Ch05A_durance2	DURANCE16S_15Jus1011Ch05A	durance2	prep2	1	15Jus1011Ch05A_durance2	ERR17753579	ERX17144122	15Jus1011Ch05A_S329_L001_R1_001.fastq.gz	f2582669310930ae164d356e3d25cc54	15Jus1011Ch05A_S329_L001_R2_001.fastq.gz	9b038ce3662e5bbe4083b4a9ed196a87	15Jus1011Ch05A	biological	gill metagenome	Jus	gill [UBERON:0002535]	2015
PRJEB124417	DURANCE16S_RUN_15Jus1011Ch05A_durance3	DURANCE16S_EXP_15Jus1011Ch05A_durance3	DURANCE16S_15Jus1011Ch05A	durance3	prep2	2	15Jus1011Ch05A_durance3	ERR17753583	ERX17144126	15Jus1011Ch05A_S329_L001_R1_001.fastq.gz	8183865b6c0e18dc84628bd2e1f0a044	15Jus1011Ch05A_S329_L001_R2_001.fastq.gz	c09166cf6243a8c84c0fa40ada157a99	15Jus1011Ch05A	biological	gill metagenome	Jus	gill [UBERON:0002535]	2015
PRJEB124417	DURANCE16S_RUN_15Jus1011Ch0A_durance1	DURANCE16S_EXP_15Jus1011Ch0A_durance1	DURANCE16S_15Jus1011Ch0A	durance1	prep1	1	15Jus1011Ch0A_durance1	ERR17753584	ERX17144127	15Jus1011Ch0A_S713_L001_R1_001.fastq.gz	263b52c46cac3b17a02345ce91c3bdcd	15Jus1011Ch0A_S713_L001_R2_001.fastq.gz	d9cd9cf727f085ec102e649a292aa53f	15Jus1011Ch0A	biological	fish gut metagenome	Jus	midgut [UBERON:0001045]	2015
PRJEB124417	DURANCE16S_RUN_15Jus1011Ch0A_durance2	DURANCE16S_EXP_15Jus1011Ch0A_durance2	DURANCE16S_15Jus1011Ch0A	durance2	prep2	1	15Jus1011Ch0A_durance2	ERR17753585	ERX17144128	15Jus1011Ch0A_S713_L001_R1_001.fastq.gz	0194d95e2703f9aa3d545d2b5bfe86a4	15Jus1011Ch0A_S713_L001_R2_001.fastq.gz	7014228f85cd16a90efb2a7e7a7c750b	15Jus1011Ch0A	biological	fish gut metagenome	Jus	midgut [UBERON:0001045]	2015
PRJEB124417	DURANCE16S_RUN_15Jus1011Ch0A_durance3	DURANCE16S_EXP_15Jus1011Ch0A_durance3	DURANCE16S_15Jus1011Ch0A	durance3	prep2	2	15Jus1011Ch0A_durance3	ERR17753586	ERX17144129	15Jus1011Ch0A_S713_L001_R1_001.fastq.gz	acfca1df2ab6d5c4afac1d306a4f940c	15Jus1011Ch0A_S713_L001_R2_001.fastq.gz	8f2bf093a9ab1e211a5be072e212108a	15Jus1011Ch0A	biological	fish gut metagenome	Jus	midgut [UBERON:0001045]	2015
PRJEB124417	DURANCE16S_RUN_15Jus1012Ch01A_durance1	DURANCE16S_EXP_15Jus1012Ch01A_durance1	DURANCE16S_15Jus1012Ch01A	durance1	prep1	1	15Jus1012Ch01A_durance1	ERR17753590	ERX17144133	15Jus1012Ch01A_S149_L001_R1_001.fastq.gz	ab2638a0b363f2112e416145d05a9e83	15Jus1012Ch01A_S149_L001_R2_001.fastq.gz	0a4ce3cec9c5880b641d3ae3fccfc6b4	15Jus1012Ch01A	biological	fish metagenome	Jus	caudal fin [UBERON:4000164]	2015
PRJEB124417	DURANCE16S_RUN_15Jus1012Ch01A_durance2	DURANCE16S_EXP_15Jus1012Ch01A_durance2	DURANCE16S_15Jus1012Ch01A	durance2	prep2	1	15Jus1012Ch01A_durance2	ERR17753588	ERX17144131	15Jus1012Ch01A_S149_L001_R1_001.fastq.gz	b93a6cae51781492d409dc41734952f8	15Jus1012Ch01A_S149_L001_R2_001.fastq.gz	30ae53ce611bc60c4edff929892351fa	15Jus1012Ch01A	biological	fish metagenome	Jus	caudal fin [UBERON:4000164]	2015
PRJEB124417	DURANCE16S_RUN_15Jus1012Ch01A_durance3	DURANCE16S_EXP_15Jus1012Ch01A_durance3	DURANCE16S_15Jus1012Ch01A	durance3	prep2	2	15Jus1012Ch01A_durance3	ERR17753591	ERX17144134	15Jus1012Ch01A_S149_L001_R1_001.fastq.gz	9a5cf7675f36bc3e5c9a2510b67c29d8	15Jus1012Ch01A_S149_L001_R2_001.fastq.gz	33a0764edbc6678d5e177f5c7b659f48	15Jus1012Ch01A	biological	fish metagenome	Jus	caudal fin [UBERON:4000164]	2015
PRJEB124417	DURANCE16S_RUN_15Jus1012Ch03A_durance1	DURANCE16S_EXP_15Jus1012Ch03A_durance1	DURANCE16S_15Jus1012Ch03A	durance1	prep1	1	15Jus1012Ch03A_durance1	ERR17753587	ERX17144130	15Jus1012Ch03A_S533_L001_R1_001.fastq.gz	fe7783532981db0a37841af5351e5f10	15Jus1012Ch03A_S533_L001_R2_001.fastq.gz	61792d1702d8dc124b628b65a3b4f4fe	15Jus1012Ch03A	biological	fish gut metagenome	Jus	hindgut [UBERON:0001046]	2015
PRJEB124417	DURANCE16S_RUN_15Jus1012Ch03A_durance2	DURANCE16S_EXP_15Jus1012Ch03A_durance2	DURANCE16S_15Jus1012Ch03A	durance2	prep2	1	15Jus1012Ch03A_durance2	ERR17753589	ERX17144132	15Jus1012Ch03A_S533_L001_R1_001.fastq.gz	edb07995d04fbce4a4bc6ee177c9a23d	15Jus1012Ch03A_S533_L001_R2_001.fastq.gz	35c0cf2de8fafad7fbe37d54ab270bd6	15Jus1012Ch03A	biological	fish gut metagenome	Jus	hindgut [UBERON:0001046]	2015
PRJEB124417	DURANCE16S_RUN_15Jus1012Ch03A_durance3	DURANCE16S_EXP_15Jus1012Ch03A_durance3	DURANCE16S_15Jus1012Ch03A	durance3	prep2	2	15Jus1012Ch03A_durance3	ERR17753593	ERX17144136	15Jus1012Ch03A_S533_L001_R1_001.fastq.gz	0582c017ce100e5d29a4f298d725038a	15Jus1012Ch03A_S533_L001_R2_001.fastq.gz	0cc50590d4905ac1d22947c2b28f7fa6	15Jus1012Ch03A	biological	fish gut metagenome	Jus	hindgut [UBERON:0001046]	2015
PRJEB124417	DURANCE16S_RUN_15Jus1012Ch05A_durance1	DURANCE16S_EXP_15Jus1012Ch05A_durance1	DURANCE16S_15Jus1012Ch05A	durance1	prep1	1	15Jus1012Ch05A_durance1	ERR17753596	ERX17144139	15Jus1012Ch05A_S341_L001_R1_001.fastq.gz	4d071840ddcb15075556e2459ca1919e	15Jus1012Ch05A_S341_L001_R2_001.fastq.gz	852b8699be102f3d7c7bcb93bcf7aa11	15Jus1012Ch05A	biological	gill metagenome	Jus	gill [UBERON:0002535]	2015
PRJEB124417	DURANCE16S_RUN_15Jus1012Ch05A_durance2	DURANCE16S_EXP_15Jus1012Ch05A_durance2	DURANCE16S_15Jus1012Ch05A	durance2	prep2	1	15Jus1012Ch05A_durance2	ERR17753594	ERX17144137	15Jus1012Ch05A_S341_L001_R1_001.fastq.gz	e6b9601b6a3159ca534573e96dadbb83	15Jus1012Ch05A_S341_L001_R2_001.fastq.gz	3bdcbdcfb2f5c7a4f893a2caadecc6e0	15Jus1012Ch05A	biological	gill metagenome	Jus	gill [UBERON:0002535]	2015
PRJEB124417	DURANCE16S_RUN_15Jus1012Ch05A_durance3	DURANCE16S_EXP_15Jus1012Ch05A_durance3	DURANCE16S_15Jus1012Ch05A	durance3	prep2	2	15Jus1012Ch05A_durance3	ERR17753597	ERX17144140	15Jus1012Ch05A_S341_L001_R1_001.fastq.gz	4af58e1932f4f14425f5bef25638b543	15Jus1012Ch05A_S341_L001_R2_001.fastq.gz	600f713ee1370d370a0a3a397bfefa1c	15Jus1012Ch05A	biological	gill metagenome	Jus	gill [UBERON:0002535]	2015
PRJEB124417	DURANCE16S_RUN_15Jus1012Ch0A_durance1	DURANCE16S_EXP_15Jus1012Ch0A_durance1	DURANCE16S_15Jus1012Ch0A	durance1	prep1	1	15Jus1012Ch0A_durance1	ERR17753599	ERX17144142	15Jus1012Ch0A_S725_L001_R1_001.fastq.gz	6d6cd0cf2bd64e79a5bbcde40a995fc2	15Jus1012Ch0A_S725_L001_R2_001.fastq.gz	1a554e279e7ed756997199bdb98dae78	15Jus1012Ch0A	biological	fish gut metagenome	Jus	midgut [UBERON:0001045]	2015
PRJEB124417	DURANCE16S_RUN_15Jus1012Ch0A_durance2	DURANCE16S_EXP_15Jus1012Ch0A_durance2	DURANCE16S_15Jus1012Ch0A	durance2	prep2	1	15Jus1012Ch0A_durance2	ERR17753598	ERX17144141	15Jus1012Ch0A_S725_L001_R1_001.fastq.gz	8e9ec4a4868bb0c154d933cc1f467d35	15Jus1012Ch0A_S725_L001_R2_001.fastq.gz	f848535cd34934856780ecceddce1865	15Jus1012Ch0A	biological	fish gut metagenome	Jus	midgut [UBERON:0001045]	2015
PRJEB124417	DURANCE16S_RUN_15Jus1012Ch0A_durance3	DURANCE16S_EXP_15Jus1012Ch0A_durance3	DURANCE16S_15Jus1012Ch0A	durance3	prep2	2	15Jus1012Ch0A_durance3	ERR17753595	ERX17144138	15Jus1012Ch0A_S725_L001_R1_001.fastq.gz	eb054124a54d393ae2f821acbe035423	15Jus1012Ch0A_S725_L001_R2_001.fastq.gz	92747cb420b310676f27b3e43201925d	15Jus1012Ch0A	biological	fish gut metagenome	Jus	midgut [UBERON:0001045]	2015
PRJEB124417	DURANCE16S_RUN_15Jus1013Ch01A_durance1	DURANCE16S_EXP_15Jus1013Ch01A_durance1	DURANCE16S_15Jus1013Ch01A	durance1	prep1	1	15Jus1013Ch01A_durance1	ERR17753600	ERX17144143	15Jus1013Ch01A_S161_L001_R1_001.fastq.gz	63293b9803f0e039372f32d248bef500	15Jus1013Ch01A_S161_L001_R2_001.fastq.gz	983522d0fb87021ee142549b0180e097	15Jus1013Ch01A	biological	fish metagenome	Jus	caudal fin [UBERON:4000164]	2015
PRJEB124417	DURANCE16S_RUN_15Jus1013Ch01A_durance2	DURANCE16S_EXP_15Jus1013Ch01A_durance2	DURANCE16S_15Jus1013Ch01A	durance2	prep2	1	15Jus1013Ch01A_durance2	ERR17753601	ERX17144144	15Jus1013Ch01A_S161_L001_R1_001.fastq.gz	4e8c971658f2b2c6cb89527443527758	15Jus1013Ch01A_S161_L001_R2_001.fastq.gz	7b00c080e8db427ed36d2ec536b8ffa5	15Jus1013Ch01A	biological	fish metagenome	Jus	caudal fin [UBERON:4000164]	2015
PRJEB124417	DURANCE16S_RUN_15Jus1013Ch01A_durance3	DURANCE16S_EXP_15Jus1013Ch01A_durance3	DURANCE16S_15Jus1013Ch01A	durance3	prep2	2	15Jus1013Ch01A_durance3	ERR17753608	ERX17144151	15Jus1013Ch01A_S161_L001_R1_001.fastq.gz	0c70ada133158d432984a2c3bae844fd	15Jus1013Ch01A_S161_L001_R2_001.fastq.gz	797005cfb3db75689f75a7aeda7a540e	15Jus1013Ch01A	biological	fish metagenome	Jus	caudal fin [UBERON:4000164]	2015
PRJEB124417	DURANCE16S_RUN_15Jus1013Ch03A_durance1	DURANCE16S_EXP_15Jus1013Ch03A_durance1	DURANCE16S_15Jus1013Ch03A	durance1	prep1	1	15Jus1013Ch03A_durance1	ERR17753604	ERX17144147	15Jus1013Ch03A_S545_L001_R1_001.fastq.gz	108ea9cfd377bc9c0b746f837f3769a7	15Jus1013Ch03A_S545_L001_R2_001.fastq.gz	4d656c183378f452c78689e28c0730dc	15Jus1013Ch03A	biological	fish gut metagenome	Jus	hindgut [UBERON:0001046]	2015
PRJEB124417	DURANCE16S_RUN_15Jus1013Ch03A_durance2	DURANCE16S_EXP_15Jus1013Ch03A_durance2	DURANCE16S_15Jus1013Ch03A	durance2	prep2	1	15Jus1013Ch03A_durance2	ERR17753602	ERX17144145	15Jus1013Ch03A_S545_L001_R1_001.fastq.gz	874ed3e3f7beb864362bfe56565733d5	15Jus1013Ch03A_S545_L001_R2_001.fastq.gz	2d319f246625fc37ea54efd3b2a25bd3	15Jus1013Ch03A	biological	fish gut metagenome	Jus	hindgut [UBERON:0001046]	2015
PRJEB124417	DURANCE16S_RUN_15Jus1013Ch03A_durance3	DURANCE16S_EXP_15Jus1013Ch03A_durance3	DURANCE16S_15Jus1013Ch03A	durance3	prep2	2	15Jus1013Ch03A_durance3	ERR17753607	ERX17144150	15Jus1013Ch03A_S545_L001_R1_001.fastq.gz	5cb79cdb9e55f2844f4580079bcf771e	15Jus1013Ch03A_S545_L001_R2_001.fastq.gz	ba651ec12bf9550b55055049d6e57bf4	15Jus1013Ch03A	biological	fish gut metagenome	Jus	hindgut [UBERON:0001046]	2015
PRJEB124417	DURANCE16S_RUN_15Jus1013Ch05A_durance1	DURANCE16S_EXP_15Jus1013Ch05A_durance1	DURANCE16S_15Jus1013Ch05A	durance1	prep1	1	15Jus1013Ch05A_durance1	ERR17753606	ERX17144149	15Jus1013Ch05A_S353_L001_R1_001.fastq.gz	6eb67b80efc5b756d79aceb3020240d8	15Jus1013Ch05A_S353_L001_R2_001.fastq.gz	ecd464deff8a9115cdac78572baa8f3e	15Jus1013Ch05A	biological	gill metagenome	Jus	gill [UBERON:0002535]	2015
PRJEB124417	DURANCE16S_RUN_15Jus1013Ch05A_durance2	DURANCE16S_EXP_15Jus1013Ch05A_durance2	DURANCE16S_15Jus1013Ch05A	durance2	prep2	1	15Jus1013Ch05A_durance2	ERR17753605	ERX17144148	15Jus1013Ch05A_S353_L001_R1_001.fastq.gz	e3d8b6962f8a3ea0856024304b183662	15Jus1013Ch05A_S353_L001_R2_001.fastq.gz	402d5128a0c7a0f301e57d89eb2746ce	15Jus1013Ch05A	biological	gill metagenome	Jus	gill [UBERON:0002535]	2015
PRJEB124417	DURANCE16S_RUN_15Jus1013Ch05A_durance3	DURANCE16S_EXP_15Jus1013Ch05A_durance3	DURANCE16S_15Jus1013Ch05A	durance3	prep2	2	15Jus1013Ch05A_durance3	ERR17753603	ERX17144146	15Jus1013Ch05A_S353_L001_R1_001.fastq.gz	d9c3064b85652e092a83c2b0b50e4b5a	15Jus1013Ch05A_S353_L001_R2_001.fastq.gz	594c62c19b216c2a17c1b0a0167342c4	15Jus1013Ch05A	biological	gill metagenome	Jus	gill [UBERON:0002535]	2015
PRJEB124417	DURANCE16S_RUN_15Jus1013Ch0A_durance1	DURANCE16S_EXP_15Jus1013Ch0A_durance1	DURANCE16S_15Jus1013Ch0A	durance1	prep1	1	15Jus1013Ch0A_durance1	ERR17753609	ERX17144152	15Jus1013Ch0A_S737_L001_R1_001.fastq.gz	23a58eba5d9326c6299988fc33b7649c	15Jus1013Ch0A_S737_L001_R2_001.fastq.gz	2c17819114f2e01033973a380689673a	15Jus1013Ch0A	biological	fish gut metagenome	Jus	midgut [UBERON:0001045]	2015
PRJEB124417	DURANCE16S_RUN_15Jus1013Ch0A_durance2	DURANCE16S_EXP_15Jus1013Ch0A_durance2	DURANCE16S_15Jus1013Ch0A	durance2	prep2	1	15Jus1013Ch0A_durance2	ERR17753610	ERX17144153	15Jus1013Ch0A_S737_L001_R1_001.fastq.gz	76d46edba8cfd795cf71004048ae300f	15Jus1013Ch0A_S737_L001_R2_001.fastq.gz	4c951e28c12abc6bf7fab87c207758ef	15Jus1013Ch0A	biological	fish gut metagenome	Jus	midgut [UBERON:0001045]	2015
PRJEB124417	DURANCE16S_RUN_15Jus1013Ch0A_durance3	DURANCE16S_EXP_15Jus1013Ch0A_durance3	DURANCE16S_15Jus1013Ch0A	durance3	prep2	2	15Jus1013Ch0A_durance3	ERR17753612	ERX17144155	15Jus1013Ch0A_S737_L001_R1_001.fastq.gz	0b659cf9d1e7468904768ef12aedf947	15Jus1013Ch0A_S737_L001_R2_001.fastq.gz	e26fd9cd4fde4a13e6336f8a14d1d406	15Jus1013Ch0A	biological	fish gut metagenome	Jus	midgut [UBERON:0001045]	2015
PRJEB124417	DURANCE16S_RUN_15Jus1014Ch01A_durance1	DURANCE16S_EXP_15Jus1014Ch01A_durance1	DURANCE16S_15Jus1014Ch01A	durance1	prep1	1	15Jus1014Ch01A_durance1	ERR17753611	ERX17144154	15Jus1014Ch01A_S173_L001_R1_001.fastq.gz	c544815a31cc5f25cf21d975c518d926	15Jus1014Ch01A_S173_L001_R2_001.fastq.gz	753021b40279da8e2028a0b0321d2b9d	15Jus1014Ch01A	biological	fish metagenome	Jus	caudal fin [UBERON:4000164]	2015
PRJEB124417	DURANCE16S_RUN_15Jus1014Ch01A_durance2	DURANCE16S_EXP_15Jus1014Ch01A_durance2	DURANCE16S_15Jus1014Ch01A	durance2	prep2	1	15Jus1014Ch01A_durance2	ERR17753613	ERX17144156	15Jus1014Ch01A_S173_L001_R1_001.fastq.gz	c5f85ba834f8ed383da7ba15c65095d7	15Jus1014Ch01A_S173_L001_R2_001.fastq.gz	6a831fbab0577ceba6b6bb0b46df2f63	15Jus1014Ch01A	biological	fish metagenome	Jus	caudal fin [UBERON:4000164]	2015
PRJEB124417	DURANCE16S_RUN_15Jus1014Ch01A_durance3	DURANCE16S_EXP_15Jus1014Ch01A_durance3	DURANCE16S_15Jus1014Ch01A	durance3	prep2	2	15Jus1014Ch01A_durance3	ERR17753616	ERX17144159	15Jus1014Ch01A_S173_L001_R1_001.fastq.gz	aecf0a97ade8e30ae0951308a4a97999	15Jus1014Ch01A_S173_L001_R2_001.fastq.gz	96b5dee071dc9204c791f90219a2b833	15Jus1014Ch01A	biological	fish metagenome	Jus	caudal fin [UBERON:4000164]	2015
PRJEB124417	DURANCE16S_RUN_15Jus1014Ch03A_durance1	DURANCE16S_EXP_15Jus1014Ch03A_durance1	DURANCE16S_15Jus1014Ch03A	durance1	prep1	1	15Jus1014Ch03A_durance1	ERR17753614	ERX17144157	15Jus1014Ch03A_S557_L001_R1_001.fastq.gz	c7a5217c05e55e99b14505efa25bf224	15Jus1014Ch03A_S557_L001_R2_001.fastq.gz	b4d85d4355bb5961fd840757b2e6edbe	15Jus1014Ch03A	biological	fish gut metagenome	Jus	hindgut [UBERON:0001046]	2015
PRJEB124417	DURANCE16S_RUN_15Jus1014Ch03A_durance2	DURANCE16S_EXP_15Jus1014Ch03A_durance2	DURANCE16S_15Jus1014Ch03A	durance2	prep2	1	15Jus1014Ch03A_durance2	ERR17753615	ERX17144158	15Jus1014Ch03A_S557_L001_R1_001.fastq.gz	df309d5cf431504ec1e4b7c5cd6350ff	15Jus1014Ch03A_S557_L001_R2_001.fastq.gz	fd0aa372595375941f9855f73b2fd6d3	15Jus1014Ch03A	biological	fish gut metagenome	Jus	hindgut [UBERON:0001046]	2015
PRJEB124417	DURANCE16S_RUN_15Jus1014Ch03A_durance3	DURANCE16S_EXP_15Jus1014Ch03A_durance3	DURANCE16S_15Jus1014Ch03A	durance3	prep2	2	15Jus1014Ch03A_durance3	ERR17753617	ERX17144160	15Jus1014Ch03A_S557_L001_R1_001.fastq.gz	220672d6b46d01909c3a430f1da5ad22	15Jus1014Ch03A_S557_L001_R2_001.fastq.gz	80861d2d5117f61bc361a24b08f72352	15Jus1014Ch03A	biological	fish gut metagenome	Jus	hindgut [UBERON:0001046]	2015
PRJEB124417	DURANCE16S_RUN_15Jus1014Ch05A_durance1	DURANCE16S_EXP_15Jus1014Ch05A_durance1	DURANCE16S_15Jus1014Ch05A	durance1	prep1	1	15Jus1014Ch05A_durance1	ERR17753618	ERX17144161	15Jus1014Ch05A_S365_L001_R1_001.fastq.gz	9ba6e1f6d3bd939c0d85a87e6069c4f8	15Jus1014Ch05A_S365_L001_R2_001.fastq.gz	c03cddb7cfcb8cba279308ba6433905c	15Jus1014Ch05A	biological	gill metagenome	Jus	gill [UBERON:0002535]	2015
PRJEB124417	DURANCE16S_RUN_15Jus1014Ch05A_durance2	DURANCE16S_EXP_15Jus1014Ch05A_durance2	DURANCE16S_15Jus1014Ch05A	durance2	prep2	1	15Jus1014Ch05A_durance2	ERR17753619	ERX17144162	15Jus1014Ch05A_S365_L001_R1_001.fastq.gz	0ede752e2ee3f7222ebb6ed8b6f993a3	15Jus1014Ch05A_S365_L001_R2_001.fastq.gz	5fc07d801b0f2020c5e2105d29d68e1e	15Jus1014Ch05A	biological	gill metagenome	Jus	gill [UBERON:0002535]	2015
PRJEB124417	DURANCE16S_RUN_15Jus1014Ch05A_durance3	DURANCE16S_EXP_15Jus1014Ch05A_durance3	DURANCE16S_15Jus1014Ch05A	durance3	prep2	2	15Jus1014Ch05A_durance3	ERR17753620	ERX17144163	15Jus1014Ch05A_S365_L001_R1_001.fastq.gz	3e86485c1fd554acbad8ff9c19b90cfa	15Jus1014Ch05A_S365_L001_R2_001.fastq.gz	84b7bf75cfae7f8c2aa9b167cebc60c7	15Jus1014Ch05A	biological	gill metagenome	Jus	gill [UBERON:0002535]	2015
PRJEB124417	DURANCE16S_RUN_15Jus1014Ch0A_durance1	DURANCE16S_EXP_15Jus1014Ch0A_durance1	DURANCE16S_15Jus1014Ch0A	durance1	prep1	1	15Jus1014Ch0A_durance1	ERR17753621	ERX17144164	15Jus1014Ch0A_S749_L001_R1_001.fastq.gz	e85ea3fcef74c4ae7ddf84a9ddace31b	15Jus1014Ch0A_S749_L001_R2_001.fastq.gz	65962d52ecba421794e9c0f3abc82b11	15Jus1014Ch0A	biological	fish gut metagenome	Jus	midgut [UBERON:0001045]	2015
PRJEB124417	DURANCE16S_RUN_15Jus1014Ch0A_durance2	DURANCE16S_EXP_15Jus1014Ch0A_durance2	DURANCE16S_15Jus1014Ch0A	durance2	prep2	1	15Jus1014Ch0A_durance2	ERR17753623	ERX17144166	15Jus1014Ch0A_S749_L001_R1_001.fastq.gz	4eb1033683e044bf3a346249f3c16d19	15Jus1014Ch0A_S749_L001_R2_001.fastq.gz	24dbf84f2dee5e6f90f1097beba22faa	15Jus1014Ch0A	biological	fish gut metagenome	Jus	midgut [UBERON:0001045]	2015
PRJEB124417	DURANCE16S_RUN_15Jus1014Ch0A_durance3	DURANCE16S_EXP_15Jus1014Ch0A_durance3	DURANCE16S_15Jus1014Ch0A	durance3	prep2	2	15Jus1014Ch0A_durance3	ERR17753624	ERX17144167	15Jus1014Ch0A_S749_L001_R1_001.fastq.gz	fdd59c93781b79a601bc4820e7552cc2	15Jus1014Ch0A_S749_L001_R2_001.fastq.gz	8d2f08bfa62e8af4ddbd07ffaf27ff7f	15Jus1014Ch0A	biological	fish gut metagenome	Jus	midgut [UBERON:0001045]	2015
PRJEB124417	DURANCE16S_RUN_15Jus1015Ch01A_durance1	DURANCE16S_EXP_15Jus1015Ch01A_durance1	DURANCE16S_15Jus1015Ch01A	durance1	prep1	1	15Jus1015Ch01A_durance1	ERR17753622	ERX17144165	15Jus1015Ch01A_S185_L001_R1_001.fastq.gz	1d87468975917f85f317944ae78f4e3e	15Jus1015Ch01A_S185_L001_R2_001.fastq.gz	ab12fcab3f229cf5d6ec80f625a298e3	15Jus1015Ch01A	biological	fish metagenome	Jus	caudal fin [UBERON:4000164]	2015
PRJEB124417	DURANCE16S_RUN_15Jus1015Ch01A_durance2	DURANCE16S_EXP_15Jus1015Ch01A_durance2	DURANCE16S_15Jus1015Ch01A	durance2	prep2	1	15Jus1015Ch01A_durance2	ERR17753626	ERX17144169	15Jus1015Ch01A_S185_L001_R1_001.fastq.gz	17f65233a939c5403016169fd822e286	15Jus1015Ch01A_S185_L001_R2_001.fastq.gz	0844a1e6667bdb6182f2a8f84f9d65f4	15Jus1015Ch01A	biological	fish metagenome	Jus	caudal fin [UBERON:4000164]	2015
PRJEB124417	DURANCE16S_RUN_15Jus1015Ch01A_durance3	DURANCE16S_EXP_15Jus1015Ch01A_durance3	DURANCE16S_15Jus1015Ch01A	durance3	prep2	2	15Jus1015Ch01A_durance3	ERR17753625	ERX17144168	15Jus1015Ch01A_S185_L001_R1_001.fastq.gz	c58380b1559ef2fe7b99e15ea54f483d	15Jus1015Ch01A_S185_L001_R2_001.fastq.gz	26cabdf0e6d41ba47870316dee5862ac	15Jus1015Ch01A	biological	fish metagenome	Jus	caudal fin [UBERON:4000164]	2015
PRJEB124417	DURANCE16S_RUN_15Jus1015Ch03A_durance1	DURANCE16S_EXP_15Jus1015Ch03A_durance1	DURANCE16S_15Jus1015Ch03A	durance1	prep1	1	15Jus1015Ch03A_durance1	ERR17753627	ERX17144170	15Jus1015Ch03A_S569_L001_R1_001.fastq.gz	eb17ddc7f8da41f47caceaeb374e8cb8	15Jus1015Ch03A_S569_L001_R2_001.fastq.gz	ac17eb9f5b54591e87da65d1eff86919	15Jus1015Ch03A	biological	fish gut metagenome	Jus	hindgut [UBERON:0001046]	2015
PRJEB124417	DURANCE16S_RUN_15Jus1015Ch03A_durance2	DURANCE16S_EXP_15Jus1015Ch03A_durance2	DURANCE16S_15Jus1015Ch03A	durance2	prep2	1	15Jus1015Ch03A_durance2	ERR17753629	ERX17144172	15Jus1015Ch03A_S569_L001_R1_001.fastq.gz	d511434bb49338040a58892755d45a34	15Jus1015Ch03A_S569_L001_R2_001.fastq.gz	f1db078a9a79c1d6263848ebfa530b4f	15Jus1015Ch03A	biological	fish gut metagenome	Jus	hindgut [UBERON:0001046]	2015
PRJEB124417	DURANCE16S_RUN_15Jus1015Ch03A_durance3	DURANCE16S_EXP_15Jus1015Ch03A_durance3	DURANCE16S_15Jus1015Ch03A	durance3	prep2	2	15Jus1015Ch03A_durance3	ERR17753630	ERX17144173	15Jus1015Ch03A_S569_L001_R1_001.fastq.gz	7a6f7e0da9da4070e5e478a9beb00f79	15Jus1015Ch03A_S569_L001_R2_001.fastq.gz	0e64acb7bc7476b7b208dce06e01dfab	15Jus1015Ch03A	biological	fish gut metagenome	Jus	hindgut [UBERON:0001046]	2015
PRJEB124417	DURANCE16S_RUN_15Jus1015Ch05A_durance1	DURANCE16S_EXP_15Jus1015Ch05A_durance1	DURANCE16S_15Jus1015Ch05A	durance1	prep1	1	15Jus1015Ch05A_durance1	ERR17753628	ERX17144171	15Jus1015Ch05A_S377_L001_R1_001.fastq.gz	1376fb45830a83babf4845e8e20e6c61	15Jus1015Ch05A_S377_L001_R2_001.fastq.gz	cba3c46f632525c357c9a66df514d5d2	15Jus1015Ch05A	biological	gill metagenome	Jus	gill [UBERON:0002535]	2015
PRJEB124417	DURANCE16S_RUN_15Jus1015Ch05A_durance2	DURANCE16S_EXP_15Jus1015Ch05A_durance2	DURANCE16S_15Jus1015Ch05A	durance2	prep2	1	15Jus1015Ch05A_durance2	ERR17753631	ERX17144174	15Jus1015Ch05A_S377_L001_R1_001.fastq.gz	11d9b58ec71d3ce03c5ba4c357e032bb	15Jus1015Ch05A_S377_L001_R2_001.fastq.gz	0a46ecc15313b0036fc43ddff1616b39	15Jus1015Ch05A	biological	gill metagenome	Jus	gill [UBERON:0002535]	2015
PRJEB124417	DURANCE16S_RUN_15Jus1015Ch05A_durance3	DURANCE16S_EXP_15Jus1015Ch05A_durance3	DURANCE16S_15Jus1015Ch05A	durance3	prep2	2	15Jus1015Ch05A_durance3	ERR17753632	ERX17144175	15Jus1015Ch05A_S377_L001_R1_001.fastq.gz	03b7941e1ee4be8b50c82a8efefee804	15Jus1015Ch05A_S377_L001_R2_001.fastq.gz	7b78a064c9e2f8cbafe2f67a997f5600	15Jus1015Ch05A	biological	gill metagenome	Jus	gill [UBERON:0002535]	2015
PRJEB124417	DURANCE16S_RUN_15Jus1015Ch0A_durance1	DURANCE16S_EXP_15Jus1015Ch0A_durance1	DURANCE16S_15Jus1015Ch0A	durance1	prep1	1	15Jus1015Ch0A_durance1	ERR17753633	ERX17144176	15Jus1015Ch0A_S761_L001_R1_001.fastq.gz	f17ffe3e66821a312c84bc2e9acfff98	15Jus1015Ch0A_S761_L001_R2_001.fastq.gz	0bfaddc95f6291f20348396f00731c79	15Jus1015Ch0A	biological	fish gut metagenome	Jus	midgut [UBERON:0001045]	2015
PRJEB124417	DURANCE16S_RUN_15Jus1015Ch0A_durance2	DURANCE16S_EXP_15Jus1015Ch0A_durance2	DURANCE16S_15Jus1015Ch0A	durance2	prep2	1	15Jus1015Ch0A_durance2	ERR17753634	ERX17144177	15Jus1015Ch0A_S761_L001_R1_001.fastq.gz	987d81fe4e15e8fc71124ed304642680	15Jus1015Ch0A_S761_L001_R2_001.fastq.gz	05dfa7c01cc27053fc0bf0ec709d9a93	15Jus1015Ch0A	biological	fish gut metagenome	Jus	midgut [UBERON:0001045]	2015
PRJEB124417	DURANCE16S_RUN_15Jus1015Ch0A_durance3	DURANCE16S_EXP_15Jus1015Ch0A_durance3	DURANCE16S_15Jus1015Ch0A	durance3	prep2	2	15Jus1015Ch0A_durance3	ERR17753637	ERX17144180	15Jus1015Ch0A_S761_L001_R1_001.fastq.gz	556c12f34b560bf9a33535f5a1a5e2fb	15Jus1015Ch0A_S761_L001_R2_001.fastq.gz	78eab91d1963c81b8cc598d622c873d0	15Jus1015Ch0A	biological	fish gut metagenome	Jus	midgut [UBERON:0001045]	2015
PRJEB124417	DURANCE16S_RUN_15Jus1016Ch01A_durance1	DURANCE16S_EXP_15Jus1016Ch01A_durance1	DURANCE16S_15Jus1016Ch01A	durance1	prep1	1	15Jus1016Ch01A_durance1	ERR17753635	ERX17144178	15Jus1016Ch01A_S102_L001_R1_001.fastq.gz	bc90f4dabeccbf058e6b4f5d952307a2	15Jus1016Ch01A_S102_L001_R2_001.fastq.gz	1895bc43e4ab1dc2ba84bc7c3edc6080	15Jus1016Ch01A	biological	fish metagenome	Jus	caudal fin [UBERON:4000164]	2015
PRJEB124417	DURANCE16S_RUN_15Jus1016Ch01A_durance2	DURANCE16S_EXP_15Jus1016Ch01A_durance2	DURANCE16S_15Jus1016Ch01A	durance2	prep2	1	15Jus1016Ch01A_durance2	ERR17753636	ERX17144179	15Jus1016Ch01A_S102_L001_R1_001.fastq.gz	f4a670b3caad1369cb6f492baf2ada32	15Jus1016Ch01A_S102_L001_R2_001.fastq.gz	e2e64c9b68907e549696d9e50df0abba	15Jus1016Ch01A	biological	fish metagenome	Jus	caudal fin [UBERON:4000164]	2015
PRJEB124417	DURANCE16S_RUN_15Jus1016Ch01A_durance3	DURANCE16S_EXP_15Jus1016Ch01A_durance3	DURANCE16S_15Jus1016Ch01A	durance3	prep2	2	15Jus1016Ch01A_durance3	ERR17753638	ERX17144181	15Jus1016Ch01A_S102_L001_R1_001.fastq.gz	5739e4d4d179df452171def7404812ae	15Jus1016Ch01A_S102_L001_R2_001.fastq.gz	f060114e12f6be5cbf486518ec9df943	15Jus1016Ch01A	biological	fish metagenome	Jus	caudal fin [UBERON:4000164]	2015
PRJEB124417	DURANCE16S_RUN_15Jus1016Ch03A_durance1	DURANCE16S_EXP_15Jus1016Ch03A_durance1	DURANCE16S_15Jus1016Ch03A	durance1	prep1	1	15Jus1016Ch03A_durance1	ERR17753639	ERX17144182	15Jus1016Ch03A_S486_L001_R1_001.fastq.gz	0399f43667d2291d7f398c2cd3f0835d	15Jus1016Ch03A_S486_L001_R2_001.fastq.gz	bbd35cda9e039f10da666baa3df1522d	15Jus1016Ch03A	biological	fish gut metagenome	Jus	hindgut [UBERON:0001046]	2015
PRJEB124417	DURANCE16S_RUN_15Jus1016Ch03A_durance2	DURANCE16S_EXP_15Jus1016Ch03A_durance2	DURANCE16S_15Jus1016Ch03A	durance2	prep2	1	15Jus1016Ch03A_durance2	ERR17753640	ERX17144183	15Jus1016Ch03A_S486_L001_R1_001.fastq.gz	8473a997aeed8c77323107ee5931cd6e	15Jus1016Ch03A_S486_L001_R2_001.fastq.gz	f5089e9ac755b96c70e8415e811c67f0	15Jus1016Ch03A	biological	fish gut metagenome	Jus	hindgut [UBERON:0001046]	2015
PRJEB124417	DURANCE16S_RUN_15Jus1016Ch03A_durance3	DURANCE16S_EXP_15Jus1016Ch03A_durance3	DURANCE16S_15Jus1016Ch03A	durance3	prep2	2	15Jus1016Ch03A_durance3	ERR17753642	ERX17144185	15Jus1016Ch03A_S486_L001_R1_001.fastq.gz	fa25c955cebe67ce013fa396e7a94948	15Jus1016Ch03A_S486_L001_R2_001.fastq.gz	d4a41841ac14d92e88f65cadbb3be845	15Jus1016Ch03A	biological	fish gut metagenome	Jus	hindgut [UBERON:0001046]	2015
PRJEB124417	DURANCE16S_RUN_15Jus1016Ch05A_durance1	DURANCE16S_EXP_15Jus1016Ch05A_durance1	DURANCE16S_15Jus1016Ch05A	durance1	prep1	1	15Jus1016Ch05A_durance1	ERR17753641	ERX17144184	15Jus1016Ch05A_S294_L001_R1_001.fastq.gz	17b56b516b381ed2c34992dd2a720791	15Jus1016Ch05A_S294_L001_R2_001.fastq.gz	8b232bd76b831aab03b87b2ff9a2fb26	15Jus1016Ch05A	biological	gill metagenome	Jus	gill [UBERON:0002535]	2015
PRJEB124417	DURANCE16S_RUN_15Jus1016Ch05A_durance2	DURANCE16S_EXP_15Jus1016Ch05A_durance2	DURANCE16S_15Jus1016Ch05A	durance2	prep2	1	15Jus1016Ch05A_durance2	ERR17753643	ERX17144186	15Jus1016Ch05A_S294_L001_R1_001.fastq.gz	95171835a10436fbcbcf21f7b5f57aa8	15Jus1016Ch05A_S294_L001_R2_001.fastq.gz	c0a8f7cd7e7fe16037d314c5182b9ccf	15Jus1016Ch05A	biological	gill metagenome	Jus	gill [UBERON:0002535]	2015
PRJEB124417	DURANCE16S_RUN_15Jus1016Ch05A_durance3	DURANCE16S_EXP_15Jus1016Ch05A_durance3	DURANCE16S_15Jus1016Ch05A	durance3	prep2	2	15Jus1016Ch05A_durance3	ERR17753644	ERX17144187	15Jus1016Ch05A_S294_L001_R1_001.fastq.gz	14f479cba12fc6241c1b115d4418947b	15Jus1016Ch05A_S294_L001_R2_001.fastq.gz	1b25a0a521fcc08f48aea1d6c4c8d671	15Jus1016Ch05A	biological	gill metagenome	Jus	gill [UBERON:0002535]	2015
PRJEB124417	DURANCE16S_RUN_15Jus1016Ch0A_durance1	DURANCE16S_EXP_15Jus1016Ch0A_durance1	DURANCE16S_15Jus1016Ch0A	durance1	prep1	1	15Jus1016Ch0A_durance1	ERR17753645	ERX17144188	15Jus1016Ch0A_S678_L001_R1_001.fastq.gz	6e25120a88f85b56343590d589c63670	15Jus1016Ch0A_S678_L001_R2_001.fastq.gz	86dd6746fe70125550f916a14d270698	15Jus1016Ch0A	biological	fish gut metagenome	Jus	midgut [UBERON:0001045]	2015
PRJEB124417	DURANCE16S_RUN_15Jus1016Ch0A_durance2	DURANCE16S_EXP_15Jus1016Ch0A_durance2	DURANCE16S_15Jus1016Ch0A	durance2	prep2	1	15Jus1016Ch0A_durance2	ERR17753646	ERX17144189	15Jus1016Ch0A_S678_L001_R1_001.fastq.gz	4df098ab0593a0a62e8b040258743f4a	15Jus1016Ch0A_S678_L001_R2_001.fastq.gz	dd7a661204dc4d3f103dad504613603e	15Jus1016Ch0A	biological	fish gut metagenome	Jus	midgut [UBERON:0001045]	2015
PRJEB124417	DURANCE16S_RUN_15Jus1016Ch0A_durance3	DURANCE16S_EXP_15Jus1016Ch0A_durance3	DURANCE16S_15Jus1016Ch0A	durance3	prep2	2	15Jus1016Ch0A_durance3	ERR17753650	ERX17144193	15Jus1016Ch0A_S678_L001_R1_001.fastq.gz	e26fff229c76c742cc57285c8257bd11	15Jus1016Ch0A_S678_L001_R2_001.fastq.gz	2ff3f6382d69079f8f4e3aabb4294bce	15Jus1016Ch0A	biological	fish gut metagenome	Jus	midgut [UBERON:0001045]	2015
PRJEB124417	DURANCE16S_RUN_15Jus1017Ch01A_durance1	DURANCE16S_EXP_15Jus1017Ch01A_durance1	DURANCE16S_15Jus1017Ch01A	durance1	prep1	1	15Jus1017Ch01A_durance1	ERR17753647	ERX17144190	15Jus1017Ch01A_S114_L001_R1_001.fastq.gz	d10d6b2507f128e3e4122950ce08a11d	15Jus1017Ch01A_S114_L001_R2_001.fastq.gz	81d8ae5dd90e372a499672655c24acdb	15Jus1017Ch01A	biological	fish metagenome	Jus	caudal fin [UBERON:4000164]	2015
PRJEB124417	DURANCE16S_RUN_15Jus1017Ch01A_durance2	DURANCE16S_EXP_15Jus1017Ch01A_durance2	DURANCE16S_15Jus1017Ch01A	durance2	prep2	1	15Jus1017Ch01A_durance2	ERR17753648	ERX17144191	15Jus1017Ch01A_S114_L001_R1_001.fastq.gz	d0b4517bb6d28aeb53de01e9a1200481	15Jus1017Ch01A_S114_L001_R2_001.fastq.gz	f2abd6c8638dd735efc62d6f40a26b7a	15Jus1017Ch01A	biological	fish metagenome	Jus	caudal fin [UBERON:4000164]	2015
PRJEB124417	DURANCE16S_RUN_15Jus1017Ch01A_durance3	DURANCE16S_EXP_15Jus1017Ch01A_durance3	DURANCE16S_15Jus1017Ch01A	durance3	prep2	2	15Jus1017Ch01A_durance3	ERR17753651	ERX17144194	15Jus1017Ch01A_S114_L001_R1_001.fastq.gz	ea9fd974933344d41a78dd770a8e21be	15Jus1017Ch01A_S114_L001_R2_001.fastq.gz	752a4aeff8159902e058dfabd555cb35	15Jus1017Ch01A	biological	fish metagenome	Jus	caudal fin [UBERON:4000164]	2015
PRJEB124417	DURANCE16S_RUN_15Jus1017Ch03A_durance1	DURANCE16S_EXP_15Jus1017Ch03A_durance1	DURANCE16S_15Jus1017Ch03A	durance1	prep1	1	15Jus1017Ch03A_durance1	ERR17753652	ERX17144195	15Jus1017Ch03A_S498_L001_R1_001.fastq.gz	4d60a1e6fef26133b5876dea0e74e556	15Jus1017Ch03A_S498_L001_R2_001.fastq.gz	227beeedf639f390b9b6d2353e5fabc9	15Jus1017Ch03A	biological	fish gut metagenome	Jus	hindgut [UBERON:0001046]	2015
PRJEB124417	DURANCE16S_RUN_15Jus1017Ch03A_durance2	DURANCE16S_EXP_15Jus1017Ch03A_durance2	DURANCE16S_15Jus1017Ch03A	durance2	prep2	1	15Jus1017Ch03A_durance2	ERR17753655	ERX17144198	15Jus1017Ch03A_S498_L001_R1_001.fastq.gz	5a8d0a539193146a8084e3894b9194d9	15Jus1017Ch03A_S498_L001_R2_001.fastq.gz	db1b29fb610685aa6af9739cfefb7d6d	15Jus1017Ch03A	biological	fish gut metagenome	Jus	hindgut [UBERON:0001046]	2015
PRJEB124417	DURANCE16S_RUN_15Jus1017Ch03A_durance3	DURANCE16S_EXP_15Jus1017Ch03A_durance3	DURANCE16S_15Jus1017Ch03A	durance3	prep2	2	15Jus1017Ch03A_durance3	ERR17753654	ERX17144197	15Jus1017Ch03A_S498_L001_R1_001.fastq.gz	5afa09504fff053ed4abd7430d69e431	15Jus1017Ch03A_S498_L001_R2_001.fastq.gz	c9b3903b3cf52fa235b50144e19bcdb5	15Jus1017Ch03A	biological	fish gut metagenome	Jus	hindgut [UBERON:0001046]	2015
PRJEB124417	DURANCE16S_RUN_15Jus1017Ch05A_durance1	DURANCE16S_EXP_15Jus1017Ch05A_durance1	DURANCE16S_15Jus1017Ch05A	durance1	prep1	1	15Jus1017Ch05A_durance1	ERR17753653	ERX17144196	15Jus1017Ch05A_S306_L001_R1_001.fastq.gz	fbfd017edc91ca1bdaa71f5e31d2da1f	15Jus1017Ch05A_S306_L001_R2_001.fastq.gz	b7c994c2e0198169ee0239798121ddb3	15Jus1017Ch05A	biological	gill metagenome	Jus	gill [UBERON:0002535]	2015
PRJEB124417	DURANCE16S_RUN_15Jus1017Ch05A_durance2	DURANCE16S_EXP_15Jus1017Ch05A_durance2	DURANCE16S_15Jus1017Ch05A	durance2	prep2	1	15Jus1017Ch05A_durance2	ERR17753656	ERX17144199	15Jus1017Ch05A_S306_L001_R1_001.fastq.gz	67d3f94442ef97d41d76f37da6f9eac1	15Jus1017Ch05A_S306_L001_R2_001.fastq.gz	47ad5d55b88a56b6d7247baeea0243c8	15Jus1017Ch05A	biological	gill metagenome	Jus	gill [UBERON:0002535]	2015
PRJEB124417	DURANCE16S_RUN_15Jus1017Ch05A_durance3	DURANCE16S_EXP_15Jus1017Ch05A_durance3	DURANCE16S_15Jus1017Ch05A	durance3	prep2	2	15Jus1017Ch05A_durance3	ERR17753657	ERX17144200	15Jus1017Ch05A_S306_L001_R1_001.fastq.gz	aad32766d71bff21def1ea46e78e5ecc	15Jus1017Ch05A_S306_L001_R2_001.fastq.gz	0a4624d4e52403ae1c84e66926b197aa	15Jus1017Ch05A	biological	gill metagenome	Jus	gill [UBERON:0002535]	2015
PRJEB124417	DURANCE16S_RUN_15Jus1017Ch0A_durance1	DURANCE16S_EXP_15Jus1017Ch0A_durance1	DURANCE16S_15Jus1017Ch0A	durance1	prep1	1	15Jus1017Ch0A_durance1	ERR17753660	ERX17144203	15Jus1017Ch0A_S690_L001_R1_001.fastq.gz	d00a2007a3b2ec8de1d4f04ba7599587	15Jus1017Ch0A_S690_L001_R2_001.fastq.gz	90b3162b16269990c26cbf1dccf54427	15Jus1017Ch0A	biological	fish gut metagenome	Jus	midgut [UBERON:0001045]	2015
PRJEB124417	DURANCE16S_RUN_15Jus1017Ch0A_durance2	DURANCE16S_EXP_15Jus1017Ch0A_durance2	DURANCE16S_15Jus1017Ch0A	durance2	prep2	1	15Jus1017Ch0A_durance2	ERR17753658	ERX17144201	15Jus1017Ch0A_S690_L001_R1_001.fastq.gz	2db92653f2d46f156cc7edab86f27c11	15Jus1017Ch0A_S690_L001_R2_001.fastq.gz	109b6468dae62bde7abe28ec2b622915	15Jus1017Ch0A	biological	fish gut metagenome	Jus	midgut [UBERON:0001045]	2015
PRJEB124417	DURANCE16S_RUN_15Jus1017Ch0A_durance3	DURANCE16S_EXP_15Jus1017Ch0A_durance3	DURANCE16S_15Jus1017Ch0A	durance3	prep2	2	15Jus1017Ch0A_durance3	ERR17753659	ERX17144202	15Jus1017Ch0A_S690_L001_R1_001.fastq.gz	136c4e3886b34142d90c3607871c5864	15Jus1017Ch0A_S690_L001_R2_001.fastq.gz	99591907c5862c9e36e8b537b15be4f4	15Jus1017Ch0A	biological	fish gut metagenome	Jus	midgut [UBERON:0001045]	2015
PRJEB124417	DURANCE16S_RUN_15Jus1018Ch01A_durance1	DURANCE16S_EXP_15Jus1018Ch01A_durance1	DURANCE16S_15Jus1018Ch01A	durance1	prep1	1	15Jus1018Ch01A_durance1	ERR17753662	ERX17144205	15Jus1018Ch01A_S126_L001_R1_001.fastq.gz	0db58e23faa7e0c49d04cd2d3bd68705	15Jus1018Ch01A_S126_L001_R2_001.fastq.gz	67a38c3193b9e9a711c73ba78a67182d	15Jus1018Ch01A	biological	fish metagenome	Jus	caudal fin [UBERON:4000164]	2015
PRJEB124417	DURANCE16S_RUN_15Jus1018Ch01A_durance2	DURANCE16S_EXP_15Jus1018Ch01A_durance2	DURANCE16S_15Jus1018Ch01A	durance2	prep2	1	15Jus1018Ch01A_durance2	ERR17753663	ERX17144206	15Jus1018Ch01A_S126_L001_R1_001.fastq.gz	8bcd7b38cb5b0408ba1a5f1e61e6570a	15Jus1018Ch01A_S126_L001_R2_001.fastq.gz	be4b59f81e7689426c94fa0ab60d7a92	15Jus1018Ch01A	biological	fish metagenome	Jus	caudal fin [UBERON:4000164]	2015
PRJEB124417	DURANCE16S_RUN_15Jus1018Ch01A_durance3	DURANCE16S_EXP_15Jus1018Ch01A_durance3	DURANCE16S_15Jus1018Ch01A	durance3	prep2	2	15Jus1018Ch01A_durance3	ERR17753661	ERX17144204	15Jus1018Ch01A_S126_L001_R1_001.fastq.gz	461a70d38c9b9f8943732583fd63a5f9	15Jus1018Ch01A_S126_L001_R2_001.fastq.gz	34c7e5a2a2d4a16ef91dbae4be7c68e9	15Jus1018Ch01A	biological	fish metagenome	Jus	caudal fin [UBERON:4000164]	2015
PRJEB124417	DURANCE16S_RUN_15Jus1018Ch03A_durance1	DURANCE16S_EXP_15Jus1018Ch03A_durance1	DURANCE16S_15Jus1018Ch03A	durance1	prep1	1	15Jus1018Ch03A_durance1	ERR17753664	ERX17144207	15Jus1018Ch03A_S510_L001_R1_001.fastq.gz	b8eeab238011b4768a6ea34c12caf1f2	15Jus1018Ch03A_S510_L001_R2_001.fastq.gz	ee4e22bc78b354a395dd7450fde46c66	15Jus1018Ch03A	biological	fish gut metagenome	Jus	hindgut [UBERON:0001046]	2015
PRJEB124417	DURANCE16S_RUN_15Jus1018Ch03A_durance2	DURANCE16S_EXP_15Jus1018Ch03A_durance2	DURANCE16S_15Jus1018Ch03A	durance2	prep2	1	15Jus1018Ch03A_durance2	ERR17753665	ERX17144208	15Jus1018Ch03A_S510_L001_R1_001.fastq.gz	b23fc2c49bf444845e7eabcd073d7a25	15Jus1018Ch03A_S510_L001_R2_001.fastq.gz	ee76178409f120bf18f6cf4c63c97d54	15Jus1018Ch03A	biological	fish gut metagenome	Jus	hindgut [UBERON:0001046]	2015
PRJEB124417	DURANCE16S_RUN_15Jus1018Ch03A_durance3	DURANCE16S_EXP_15Jus1018Ch03A_durance3	DURANCE16S_15Jus1018Ch03A	durance3	prep2	2	15Jus1018Ch03A_durance3	ERR17753666	ERX17144209	15Jus1018Ch03A_S510_L001_R1_001.fastq.gz	0b7aacff7dfd239b4f8653c68da14f94	15Jus1018Ch03A_S510_L001_R2_001.fastq.gz	3c1337af1b406782c45dc87551c140c6	15Jus1018Ch03A	biological	fish gut metagenome	Jus	hindgut [UBERON:0001046]	2015
PRJEB124417	DURANCE16S_RUN_15Jus1018Ch05A_durance1	DURANCE16S_EXP_15Jus1018Ch05A_durance1	DURANCE16S_15Jus1018Ch05A	durance1	prep1	1	15Jus1018Ch05A_durance1	ERR17753668	ERX17144211	15Jus1018Ch05A_S318_L001_R1_001.fastq.gz	2cc15df3381c2ed0847a6ef5f98ceb7a	15Jus1018Ch05A_S318_L001_R2_001.fastq.gz	07586adf6a810cb71f7def801fc72a80	15Jus1018Ch05A	biological	gill metagenome	Jus	gill [UBERON:0002535]	2015
PRJEB124417	DURANCE16S_RUN_15Jus1018Ch05A_durance2	DURANCE16S_EXP_15Jus1018Ch05A_durance2	DURANCE16S_15Jus1018Ch05A	durance2	prep2	1	15Jus1018Ch05A_durance2	ERR17753667	ERX17144210	15Jus1018Ch05A_S318_L001_R1_001.fastq.gz	2a397f00cebfd76117b12cc9d23b8c0e	15Jus1018Ch05A_S318_L001_R2_001.fastq.gz	69c65fa96ae2a35bf2b021eb2f2c7400	15Jus1018Ch05A	biological	gill metagenome	Jus	gill [UBERON:0002535]	2015
PRJEB124417	DURANCE16S_RUN_15Jus1018Ch05A_durance3	DURANCE16S_EXP_15Jus1018Ch05A_durance3	DURANCE16S_15Jus1018Ch05A	durance3	prep2	2	15Jus1018Ch05A_durance3	ERR17753670	ERX17144213	15Jus1018Ch05A_S318_L001_R1_001.fastq.gz	bc49d03de74a10439f2085bcbcc3a61c	15Jus1018Ch05A_S318_L001_R2_001.fastq.gz	7bf82d4478f53dc8c91945cfa9d83365	15Jus1018Ch05A	biological	gill metagenome	Jus	gill [UBERON:0002535]	2015
PRJEB124417	DURANCE16S_RUN_15Jus1018Ch0A_durance1	DURANCE16S_EXP_15Jus1018Ch0A_durance1	DURANCE16S_15Jus1018Ch0A	durance1	prep1	1	15Jus1018Ch0A_durance1	ERR17753669	ERX17144212	15Jus1018Ch0A_S702_L001_R1_001.fastq.gz	21858f6e402ecdac8216bd616ae7f765	15Jus1018Ch0A_S702_L001_R2_001.fastq.gz	831b76389e74a34393beb1d3e3a838d5	15Jus1018Ch0A	biological	fish gut metagenome	Jus	midgut [UBERON:0001045]	2015
PRJEB124417	DURANCE16S_RUN_15Jus1018Ch0A_durance2	DURANCE16S_EXP_15Jus1018Ch0A_durance2	DURANCE16S_15Jus1018Ch0A	durance2	prep2	1	15Jus1018Ch0A_durance2	ERR17753671	ERX17144214	15Jus1018Ch0A_S702_L001_R1_001.fastq.gz	c5fefcce95bb5bf876f1f5363d071998	15Jus1018Ch0A_S702_L001_R2_001.fastq.gz	b4872fefc0eb190ce7a44b0e7af0de73	15Jus1018Ch0A	biological	fish gut metagenome	Jus	midgut [UBERON:0001045]	2015
PRJEB124417	DURANCE16S_RUN_15Jus1018Ch0A_durance3	DURANCE16S_EXP_15Jus1018Ch0A_durance3	DURANCE16S_15Jus1018Ch0A	durance3	prep2	2	15Jus1018Ch0A_durance3	ERR17753674	ERX17144217	15Jus1018Ch0A_S702_L001_R1_001.fastq.gz	6d7d07ec20b6b341d947018419bea7df	15Jus1018Ch0A_S702_L001_R2_001.fastq.gz	5bd7dfebd9cee43b936e28959b4d67f5	15Jus1018Ch0A	biological	fish gut metagenome	Jus	midgut [UBERON:0001045]	2015
PRJEB124417	DURANCE16S_RUN_15Jus1019Ch01A_durance1	DURANCE16S_EXP_15Jus1019Ch01A_durance1	DURANCE16S_15Jus1019Ch01A	durance1	prep1	1	15Jus1019Ch01A_durance1	ERR17753672	ERX17144215	15Jus1019Ch01A_S138_L001_R1_001.fastq.gz	eb031d434cd1ac1090f30a31f1abd5c6	15Jus1019Ch01A_S138_L001_R2_001.fastq.gz	7d733a8c577377a4825918e3ce7b0522	15Jus1019Ch01A	biological	fish metagenome	Jus	caudal fin [UBERON:4000164]	2015
PRJEB124417	DURANCE16S_RUN_15Jus1019Ch01A_durance2	DURANCE16S_EXP_15Jus1019Ch01A_durance2	DURANCE16S_15Jus1019Ch01A	durance2	prep2	1	15Jus1019Ch01A_durance2	ERR17753676	ERX17144219	15Jus1019Ch01A_S138_L001_R1_001.fastq.gz	22f8bac121ca5bc471808dd433b0e6a3	15Jus1019Ch01A_S138_L001_R2_001.fastq.gz	715c7ef13d43f5e59193dd8770deecb7	15Jus1019Ch01A	biological	fish metagenome	Jus	caudal fin [UBERON:4000164]	2015
PRJEB124417	DURANCE16S_RUN_15Jus1019Ch01A_durance3	DURANCE16S_EXP_15Jus1019Ch01A_durance3	DURANCE16S_15Jus1019Ch01A	durance3	prep2	2	15Jus1019Ch01A_durance3	ERR17753675	ERX17144218	15Jus1019Ch01A_S138_L001_R1_001.fastq.gz	c31e57dda16afbf114b82315ac772a20	15Jus1019Ch01A_S138_L001_R2_001.fastq.gz	6603c77fa51459a9489bea87dc797479	15Jus1019Ch01A	biological	fish metagenome	Jus	caudal fin [UBERON:4000164]	2015
PRJEB124417	DURANCE16S_RUN_15Jus1019Ch03A_durance1	DURANCE16S_EXP_15Jus1019Ch03A_durance1	DURANCE16S_15Jus1019Ch03A	durance1	prep1	1	15Jus1019Ch03A_durance1	ERR17753673	ERX17144216	15Jus1019Ch03A_S522_L001_R1_001.fastq.gz	7e7e1f05568413523a7f22adaf98e288	15Jus1019Ch03A_S522_L001_R2_001.fastq.gz	43d76ad5f6374742ca2696a60f07d91d	15Jus1019Ch03A	biological	fish gut metagenome	Jus	hindgut [UBERON:0001046]	2015
PRJEB124417	DURANCE16S_RUN_15Jus1019Ch03A_durance2	DURANCE16S_EXP_15Jus1019Ch03A_durance2	DURANCE16S_15Jus1019Ch03A	durance2	prep2	1	15Jus1019Ch03A_durance2	ERR17753677	ERX17144220	15Jus1019Ch03A_S522_L001_R1_001.fastq.gz	c642f0718f7e965da2d4c037a6de75e7	15Jus1019Ch03A_S522_L001_R2_001.fastq.gz	ad99503b863d3860307f756fe4224cee	15Jus1019Ch03A	biological	fish gut metagenome	Jus	hindgut [UBERON:0001046]	2015
PRJEB124417	DURANCE16S_RUN_15Jus1019Ch03A_durance3	DURANCE16S_EXP_15Jus1019Ch03A_durance3	DURANCE16S_15Jus1019Ch03A	durance3	prep2	2	15Jus1019Ch03A_durance3	ERR17753679	ERX17144222	15Jus1019Ch03A_S522_L001_R1_001.fastq.gz	01e183474b7491f31fd4c3175dac028e	15Jus1019Ch03A_S522_L001_R2_001.fastq.gz	8db4816669701ef3432cf61679a5b76e	15Jus1019Ch03A	biological	fish gut metagenome	Jus	hindgut [UBERON:0001046]	2015
PRJEB124417	DURANCE16S_RUN_15Jus1019Ch05A_durance1	DURANCE16S_EXP_15Jus1019Ch05A_durance1	DURANCE16S_15Jus1019Ch05A	durance1	prep1	1	15Jus1019Ch05A_durance1	ERR17753678	ERX17144221	15Jus1019Ch05A_S330_L001_R1_001.fastq.gz	4318145147abfec3b390a6f5035aa037	15Jus1019Ch05A_S330_L001_R2_001.fastq.gz	6b150eae45d4209021a0320b665f1a56	15Jus1019Ch05A	biological	gill metagenome	Jus	gill [UBERON:0002535]	2015
PRJEB124417	DURANCE16S_RUN_15Jus1019Ch05A_durance2	DURANCE16S_EXP_15Jus1019Ch05A_durance2	DURANCE16S_15Jus1019Ch05A	durance2	prep2	1	15Jus1019Ch05A_durance2	ERR17753680	ERX17144223	15Jus1019Ch05A_S330_L001_R1_001.fastq.gz	850dff73a36441aa858394e99eb6ca60	15Jus1019Ch05A_S330_L001_R2_001.fastq.gz	89c25f14cb7ad1586a7dbb8b1a1b4faf	15Jus1019Ch05A	biological	gill metagenome	Jus	gill [UBERON:0002535]	2015
PRJEB124417	DURANCE16S_RUN_15Jus1019Ch05A_durance3	DURANCE16S_EXP_15Jus1019Ch05A_durance3	DURANCE16S_15Jus1019Ch05A	durance3	prep2	2	15Jus1019Ch05A_durance3	ERR17753682	ERX17144225	15Jus1019Ch05A_S330_L001_R1_001.fastq.gz	2540be8f2cb15ebe51f56c2add90ddb9	15Jus1019Ch05A_S330_L001_R2_001.fastq.gz	5786471fe3d0bc9d6ea49c6542f6a6ff	15Jus1019Ch05A	biological	gill metagenome	Jus	gill [UBERON:0002535]	2015
PRJEB124417	DURANCE16S_RUN_15Jus1019Ch0A_durance1	DURANCE16S_EXP_15Jus1019Ch0A_durance1	DURANCE16S_15Jus1019Ch0A	durance1	prep1	1	15Jus1019Ch0A_durance1	ERR17753681	ERX17144224	15Jus1019Ch0A_S714_L001_R1_001.fastq.gz	7dd23d22cbca8fd3e66faca9f69dc9e1	15Jus1019Ch0A_S714_L001_R2_001.fastq.gz	8dce0474ef0e3ad61ce5c1707a846a9e	15Jus1019Ch0A	biological	fish gut metagenome	Jus	midgut [UBERON:0001045]	2015
PRJEB124417	DURANCE16S_RUN_15Jus1019Ch0A_durance2	DURANCE16S_EXP_15Jus1019Ch0A_durance2	DURANCE16S_15Jus1019Ch0A	durance2	prep2	1	15Jus1019Ch0A_durance2	ERR17753684	ERX17144227	15Jus1019Ch0A_S714_L001_R1_001.fastq.gz	c95fa73f21b6b18b76d63bca7630829f	15Jus1019Ch0A_S714_L001_R2_001.fastq.gz	132e4b3b6baf623752f91c494c0fdf1d	15Jus1019Ch0A	biological	fish gut metagenome	Jus	midgut [UBERON:0001045]	2015
PRJEB124417	DURANCE16S_RUN_15Jus1019Ch0A_durance3	DURANCE16S_EXP_15Jus1019Ch0A_durance3	DURANCE16S_15Jus1019Ch0A	durance3	prep2	2	15Jus1019Ch0A_durance3	ERR17753683	ERX17144226	15Jus1019Ch0A_S714_L001_R1_001.fastq.gz	b5b544538c52a2fdb9a17938fb22b286	15Jus1019Ch0A_S714_L001_R2_001.fastq.gz	131557e552225839734b87d8562f6e4e	15Jus1019Ch0A	biological	fish gut metagenome	Jus	midgut [UBERON:0001045]	2015
PRJEB124417	DURANCE16S_RUN_15Per2015Ch03A_durance1	DURANCE16S_EXP_15Per2015Ch03A_durance1	DURANCE16S_15Per2015Ch03A	durance1	prep1	1	15Per2015Ch03A_durance1	ERR17753685	ERX17144228	15Per2015Ch03A_S443_L001_R1_001.fastq.gz	8979468c9cbbd9a2d2af3ae60366cde9	15Per2015Ch03A_S443_L001_R2_001.fastq.gz	125e9200ed92f80bb69ce828b3ed7331	15Per2015Ch03A	biological	fish gut metagenome	Per	hindgut [UBERON:0001046]	2015
PRJEB124417	DURANCE16S_RUN_15Per2015Ch03A_durance2	DURANCE16S_EXP_15Per2015Ch03A_durance2	DURANCE16S_15Per2015Ch03A	durance2	prep2	1	15Per2015Ch03A_durance2	ERR17753687	ERX17144230	15Per2015Ch03A_S443_L001_R1_001.fastq.gz	7c6153ab41490d4a3a447ab7ffafd7b1	15Per2015Ch03A_S443_L001_R2_001.fastq.gz	bdabc8ba2a5a383abffad07e5350ae90	15Per2015Ch03A	biological	fish gut metagenome	Per	hindgut [UBERON:0001046]	2015
PRJEB124417	DURANCE16S_RUN_15Per2015Ch03A_durance3	DURANCE16S_EXP_15Per2015Ch03A_durance3	DURANCE16S_15Per2015Ch03A	durance3	prep2	2	15Per2015Ch03A_durance3	ERR17753688	ERX17144231	15Per2015Ch03A_S443_L001_R1_001.fastq.gz	3741674b743f937cbe319fd01fe86b6b	15Per2015Ch03A_S443_L001_R2_001.fastq.gz	dac3bfd6b695dd67962b1ac7fb874f3b	15Per2015Ch03A	biological	fish gut metagenome	Per	hindgut [UBERON:0001046]	2015
PRJEB124417	DURANCE16S_RUN_Blanc-Branchie_durance1	DURANCE16S_EXP_Blanc-Branchie_durance1	DURANCE16S_Blanc-Branchie	durance1	prep1	1	Blanc-Branchie_durance1	ERR17753686	ERX17144229	Blanc-Branchie_S263_L001_R1_001.fastq.gz	743fe43bc78016d9b5e384572ada9741	Blanc-Branchie_S263_L001_R2_001.fastq.gz	82a5c27ce0cd24e0a97a4ac2a81b1008	Blanc-Branchie	blank	blank sample			missing: control sample
PRJEB124417	DURANCE16S_RUN_Blanc-Branchie_durance2	DURANCE16S_EXP_Blanc-Branchie_durance2	DURANCE16S_Blanc-Branchie	durance2	prep2	1	Blanc-Branchie_durance2	ERR17753690	ERX17144233	Blanc-Branchie_S263_L001_R1_001.fastq.gz	faf3e3318c4c90d4389f952b0888f357	Blanc-Branchie_S263_L001_R2_001.fastq.gz	d89e70b5b69e1e1fc60f55ce9744b8fc	Blanc-Branchie	blank	blank sample			missing: control sample
PRJEB124417	DURANCE16S_RUN_Blanc-Branchie_durance3	DURANCE16S_EXP_Blanc-Branchie_durance3	DURANCE16S_Blanc-Branchie	durance3	prep2	2	Blanc-Branchie_durance3	ERR17753689	ERX17144232	Blanc-Branchie_S263_L001_R1_001.fastq.gz	3efcc844863b5ce3cae3fc956e28a3e1	Blanc-Branchie_S263_L001_R2_001.fastq.gz	07e66a95202da448bb1f780fa23a3db6	Blanc-Branchie	blank	blank sample			missing: control sample
PRJEB124417	DURANCE16S_RUN_Blanc-Caudal_durance1	DURANCE16S_EXP_Blanc-Caudal_durance1	DURANCE16S_Blanc-Caudal	durance1	prep1	1	Blanc-Caudal_durance1	ERR17753691	ERX17144234	Blanc-Caudal_S71_L001_R1_001.fastq.gz	ff6bff5710ab4ab4e21b960751d18632	Blanc-Caudal_S71_L001_R2_001.fastq.gz	2550166df40a6621acedaaf54b3da140	Blanc-Caudal	blank	blank sample			missing: control sample
PRJEB124417	DURANCE16S_RUN_Blanc-Caudal_durance2	DURANCE16S_EXP_Blanc-Caudal_durance2	DURANCE16S_Blanc-Caudal	durance2	prep2	1	Blanc-Caudal_durance2	ERR17753692	ERX17144235	Blanc-Caudal_S71_L001_R1_001.fastq.gz	035d8004c9c8141499a4dded6ff4d7bc	Blanc-Caudal_S71_L001_R2_001.fastq.gz	ec42afd913aab43572ec0f1b01463641	Blanc-Caudal	blank	blank sample			missing: control sample
PRJEB124417	DURANCE16S_RUN_Blanc-Caudal_durance3	DURANCE16S_EXP_Blanc-Caudal_durance3	DURANCE16S_Blanc-Caudal	durance3	prep2	2	Blanc-Caudal_durance3	ERR17753693	ERX17144236	Blanc-Caudal_S71_L001_R1_001.fastq.gz	27d9abbb7e638d9456629e44ce8b959a	Blanc-Caudal_S71_L001_R2_001.fastq.gz	f86f77f0841000d14bb23317eb749368	Blanc-Caudal	blank	blank sample			missing: control sample
PRJEB124417	DURANCE16S_RUN_Blanc-Hindgut_durance1	DURANCE16S_EXP_Blanc-Hindgut_durance1	DURANCE16S_Blanc-Hindgut	durance1	prep1	1	Blanc-Hindgut_durance1	ERR17753694	ERX17144237	Blanc-Hindgut_S455_L001_R1_001.fastq.gz	c387a9e9cc792c76c5cbf769be0e536b	Blanc-Hindgut_S455_L001_R2_001.fastq.gz	fc63502087588832a2c917c5e8410a4b	Blanc-Hindgut	blank	blank sample			missing: control sample
PRJEB124417	DURANCE16S_RUN_Blanc-Hindgut_durance2	DURANCE16S_EXP_Blanc-Hindgut_durance2	DURANCE16S_Blanc-Hindgut	durance2	prep2	1	Blanc-Hindgut_durance2	ERR17753696	ERX17144239	Blanc-Hindgut_S455_L001_R1_001.fastq.gz	30e9115b5fba1d06bf5013916e219bca	Blanc-Hindgut_S455_L001_R2_001.fastq.gz	f14a32a270d96befb690f2bae9ccc3ed	Blanc-Hindgut	blank	blank sample			missing: control sample
PRJEB124417	DURANCE16S_RUN_Blanc-Hindgut_durance3	DURANCE16S_EXP_Blanc-Hindgut_durance3	DURANCE16S_Blanc-Hindgut	durance3	prep2	2	Blanc-Hindgut_durance3	ERR17753695	ERX17144238	Blanc-Hindgut_S455_L001_R1_001.fastq.gz	0309124a25f5e40281d7e4e55fee11e0	Blanc-Hindgut_S455_L001_R2_001.fastq.gz	895304c8e24bf97eda7d2fc947fb1777	Blanc-Hindgut	blank	blank sample			missing: control sample
PRJEB124417	DURANCE16S_RUN_Blanc-Midgut_durance1	DURANCE16S_EXP_Blanc-Midgut_durance1	DURANCE16S_Blanc-Midgut	durance1	prep1	1	Blanc-Midgut_durance1	ERR17753697	ERX17144240	Blanc-Midgut_S635_L001_R1_001.fastq.gz	a6a11ba4737ec173d06e06ed18dbeff5	Blanc-Midgut_S635_L001_R2_001.fastq.gz	5adc46e77a9d58bc146cdf48fbd18200	Blanc-Midgut	blank	blank sample			missing: control sample
PRJEB124417	DURANCE16S_RUN_Blanc-Midgut_durance2	DURANCE16S_EXP_Blanc-Midgut_durance2	DURANCE16S_Blanc-Midgut	durance2	prep2	1	Blanc-Midgut_durance2	ERR17753702	ERX17144245	Blanc-Midgut_S635_L001_R1_001.fastq.gz	0a1077ef581ed62f7e2fb040a4326565	Blanc-Midgut_S635_L001_R2_001.fastq.gz	2718596f35b55a22cd1d98d77a9eb893	Blanc-Midgut	blank	blank sample			missing: control sample
PRJEB124417	DURANCE16S_RUN_Blanc-Midgut_durance3	DURANCE16S_EXP_Blanc-Midgut_durance3	DURANCE16S_Blanc-Midgut	durance3	prep2	2	Blanc-Midgut_durance3	ERR17753703	ERX17144246	Blanc-Midgut_S635_L001_R1_001.fastq.gz	338fed7ff9593125b42e59fdcbed5dfc	Blanc-Midgut_S635_L001_R2_001.fastq.gz	e8cc0cfddbcd72de03a4f215f8e57671	Blanc-Midgut	blank	blank sample			missing: control sample
PRJEB124417	DURANCE16S_RUN_Mock-1_durance1	DURANCE16S_EXP_Mock-1_durance1	DURANCE16S_Mock-1	durance1	prep1	1	Mock-1_durance1	ERR17753776	ERX17144319	Mock-1_S275_L001_R1_001.fastq.gz	d77f03b3708ca19805fe26f7307faf3b	Mock-1_S275_L001_R2_001.fastq.gz	2cef47cb8d31f4113ce2ef56084b1364	Mock-1	mock	synthetic metagenome			missing: control sample
PRJEB124417	DURANCE16S_RUN_Mock-1_durance2	DURANCE16S_EXP_Mock-1_durance2	DURANCE16S_Mock-1	durance2	prep2	1	Mock-1_durance2	ERR17753778	ERX17144321	Mock-1_S275_L001_R1_001.fastq.gz	c84a153b7caf918a5de746e62c3128de	Mock-1_S275_L001_R2_001.fastq.gz	e637cc2db20fd4bb562f1f93e31f3bce	Mock-1	mock	synthetic metagenome			missing: control sample
PRJEB124417	DURANCE16S_RUN_Mock-1_durance3	DURANCE16S_EXP_Mock-1_durance3	DURANCE16S_Mock-1	durance3	prep2	2	Mock-1_durance3	ERR17753780	ERX17144323	Mock-1_S275_L001_R1_001.fastq.gz	7f516ef7ab372fe7ee85ea8c6815b392	Mock-1_S275_L001_R2_001.fastq.gz	0057e160a1b45243d31fd752d0f12a4b	Mock-1	mock	synthetic metagenome			missing: control sample
PRJEB124417	DURANCE16S_RUN_Mock-2_durance1	DURANCE16S_EXP_Mock-2_durance1	DURANCE16S_Mock-2	durance1	prep1	1	Mock-2_durance1	ERR17753781	ERX17144324	Mock-2_S467_L001_R1_001.fastq.gz	d1c43a1d8ca80cfd6cd3cc9aaf0fb30e	Mock-2_S467_L001_R2_001.fastq.gz	4ad75e1ca5d7085ffb2096e61cb023b6	Mock-2	mock	synthetic metagenome			missing: control sample
PRJEB124417	DURANCE16S_RUN_Mock-2_durance2	DURANCE16S_EXP_Mock-2_durance2	DURANCE16S_Mock-2	durance2	prep2	1	Mock-2_durance2	ERR17753783	ERX17144326	Mock-2_S467_L001_R1_001.fastq.gz	c36b157611bf179cd2811864cbffe03c	Mock-2_S467_L001_R2_001.fastq.gz	05390a848f4daa4e1f337ad94e24a7da	Mock-2	mock	synthetic metagenome			missing: control sample
PRJEB124417	DURANCE16S_RUN_Mock-2_durance3	DURANCE16S_EXP_Mock-2_durance3	DURANCE16S_Mock-2	durance3	prep2	2	Mock-2_durance3	ERR17753782	ERX17144325	Mock-2_S467_L001_R1_001.fastq.gz	d0b4384e8e6050d327928d6384459cb3	Mock-2_S467_L001_R2_001.fastq.gz	454955b1b5b0d82f15c2abecacb4f8f4	Mock-2	mock	synthetic metagenome			missing: control sample
PRJEB124417	DURANCE16S_RUN_T-1_durance1	DURANCE16S_EXP_T-1_durance1	DURANCE16S_T-1	durance1	prep1	1	T-1_durance1	ERR17753779	ERX17144322	T-1_S36_L001_R1_001.fastq.gz	855ae9658b75aaaad8e9af420a96f6d5	T-1_S36_L001_R2_001.fastq.gz	923907bef0e56e499e761c7b0844ff4c	T-1	temoin	blank sample			missing: control sample
PRJEB124417	DURANCE16S_RUN_T-1_durance2	DURANCE16S_EXP_T-1_durance2	DURANCE16S_T-1	durance2	prep2	1	T-1_durance2	ERR17753777	ERX17144320	T-1_S36_L001_R1_001.fastq.gz	d6a3cdada05c470bafbbbbb5b6478ae4	T-1_S36_L001_R2_001.fastq.gz	9a25bcf7915e0f973d2924bb5b779d0f	T-1	temoin	blank sample			missing: control sample
PRJEB124417	DURANCE16S_RUN_T-1_durance3	DURANCE16S_EXP_T-1_durance3	DURANCE16S_T-1	durance3	prep2	2	T-1_durance3	ERR17753784	ERX17144327	T-1_S36_L001_R1_001.fastq.gz	50ba7c5ea825f281288b67f6c3592a7c	T-1_S36_L001_R2_001.fastq.gz	a7956aa8b1a08c525d82c787c357e559	T-1	temoin	blank sample			missing: control sample
PRJEB124417	DURANCE16S_RUN_T-2_durance1	DURANCE16S_EXP_T-2_durance1	DURANCE16S_T-2	durance1	prep1	1	T-2_durance1	ERR17753785	ERX17144328	T-2_S192_L001_R1_001.fastq.gz	b3d5563b43bb2b295d0350093e67431f	T-2_S192_L001_R2_001.fastq.gz	79069404bc79390757d728392f8a5635	T-2	temoin	blank sample			missing: control sample
PRJEB124417	DURANCE16S_RUN_T-2_durance2	DURANCE16S_EXP_T-2_durance2	DURANCE16S_T-2	durance2	prep2	1	T-2_durance2	ERR17753786	ERX17144329	T-2_S192_L001_R1_001.fastq.gz	aa04c8741306cbaa2245d623155a44c8	T-2_S192_L001_R2_001.fastq.gz	2ccb671628876d6f98ab113b88683d4d	T-2	temoin	blank sample			missing: control sample
PRJEB124417	DURANCE16S_RUN_T-2_durance3	DURANCE16S_EXP_T-2_durance3	DURANCE16S_T-2	durance3	prep2	2	T-2_durance3	ERR17753790	ERX17144333	T-2_S192_L001_R1_001.fastq.gz	1f571bd00a163211a925ae54fcf9b749	T-2_S192_L001_R2_001.fastq.gz	944aed10821a9e44ffc1e4991d26056d	T-2	temoin	blank sample			missing: control sample
PRJEB124417	DURANCE16S_RUN_T-3_durance1	DURANCE16S_EXP_T-3_durance1	DURANCE16S_T-3	durance1	prep1	1	T-3_durance1	ERR17753789	ERX17144332	T-3_S287_L001_R1_001.fastq.gz	eb77d79c54334458a3b66381d92a7268	T-3_S287_L001_R2_001.fastq.gz	6f03983167303a73ed83850f263f9254	T-3	temoin	blank sample			missing: control sample
PRJEB124417	DURANCE16S_RUN_T-3_durance2	DURANCE16S_EXP_T-3_durance2	DURANCE16S_T-3	durance2	prep2	1	T-3_durance2	ERR17753787	ERX17144330	T-3_S287_L001_R1_001.fastq.gz	b7f499458d20b75ad30371a66471490f	T-3_S287_L001_R2_001.fastq.gz	14e633122938514c2e9863d5d1e3115b	T-3	temoin	blank sample			missing: control sample
PRJEB124417	DURANCE16S_RUN_T-3_durance3	DURANCE16S_EXP_T-3_durance3	DURANCE16S_T-3	durance3	prep2	2	T-3_durance3	ERR17753791	ERX17144334	T-3_S287_L001_R1_001.fastq.gz	7d6dd9896db878fb5896426a9cb08480	T-3_S287_L001_R2_001.fastq.gz	b2e561c0824125dd41a4bfa8f0c10bb4	T-3	temoin	blank sample			missing: control sample
PRJEB124417	DURANCE16S_RUN_T-4_durance1	DURANCE16S_EXP_T-4_durance1	DURANCE16S_T-4	durance1	prep1	1	T-4_durance1	ERR17753788	ERX17144331	T-4_S384_L001_R1_001.fastq.gz	fe79d05014e4570b513daf31e5c0aa57	T-4_S384_L001_R2_001.fastq.gz	b5c45085be50173c6edc8239e5c1aa37	T-4	temoin	blank sample			missing: control sample
PRJEB124417	DURANCE16S_RUN_T-4_durance2	DURANCE16S_EXP_T-4_durance2	DURANCE16S_T-4	durance2	prep2	1	T-4_durance2	ERR17753793	ERX17144336	T-4_S384_L001_R1_001.fastq.gz	795d4788291eac7d9e21a0c5f114e744	T-4_S384_L001_R2_001.fastq.gz	a3588ff6f7588b3bf97f1d1f3d737cd8	T-4	temoin	blank sample			missing: control sample
PRJEB124417	DURANCE16S_RUN_T-4_durance3	DURANCE16S_EXP_T-4_durance3	DURANCE16S_T-4	durance3	prep2	2	T-4_durance3	ERR17753792	ERX17144335	T-4_S384_L001_R1_001.fastq.gz	0ef859256383b993b03389cfc320d94f	T-4_S384_L001_R2_001.fastq.gz	f57a9ae4613589c6e8e97796317b01e1	T-4	temoin	blank sample			missing: control sample
PRJEB124417	DURANCE16S_RUN_T-5_durance1	DURANCE16S_EXP_T-5_durance1	DURANCE16S_T-5	durance1	prep1	1	T-5_durance1	ERR17753795	ERX17144338	T-5_S479_L001_R1_001.fastq.gz	0b3f190f5fe0aac32b0d3f09eee3e910	T-5_S479_L001_R2_001.fastq.gz	fe73a3580cdb6f2654fce09df9101547	T-5	temoin	blank sample			missing: control sample
PRJEB124417	DURANCE16S_RUN_T-5_durance2	DURANCE16S_EXP_T-5_durance2	DURANCE16S_T-5	durance2	prep2	1	T-5_durance2	ERR17753794	ERX17144337	T-5_S479_L001_R1_001.fastq.gz	84c009de8eb1f834cc6f279ab188d203	T-5_S479_L001_R2_001.fastq.gz	9b3d5fe8c29b1ebdbc36f38de07c85bd	T-5	temoin	blank sample			missing: control sample
PRJEB124417	DURANCE16S_RUN_T-5_durance3	DURANCE16S_EXP_T-5_durance3	DURANCE16S_T-5	durance3	prep2	2	T-5_durance3	ERR17753797	ERX17144340	T-5_S479_L001_R1_001.fastq.gz	f0700b483f17c52d220c304629f10335	T-5_S479_L001_R2_001.fastq.gz	5aab4908cd3f4cc493962b45b0c35f84	T-5	temoin	blank sample			missing: control sample
PRJEB124417	DURANCE16S_RUN_T-6_durance1	DURANCE16S_EXP_T-6_durance1	DURANCE16S_T-6	durance1	prep1	1	T-6_durance1	ERR17753798	ERX17144341	T-6_S576_L001_R1_001.fastq.gz	fba961a4f32f945c0f49008faffa096f	T-6_S576_L001_R2_001.fastq.gz	793826795c0f3c5521145cb0768be3be	T-6	temoin	blank sample			missing: control sample
PRJEB124417	DURANCE16S_RUN_T-6_durance2	DURANCE16S_EXP_T-6_durance2	DURANCE16S_T-6	durance2	prep2	1	T-6_durance2	ERR17753796	ERX17144339	T-6_S576_L001_R1_001.fastq.gz	022ef1a9c848431a674bdbc3a281fba7	T-6_S576_L001_R2_001.fastq.gz	5791e401412ea05f9c4926694538f6a9	T-6	temoin	blank sample			missing: control sample
PRJEB124417	DURANCE16S_RUN_T-6_durance3	DURANCE16S_EXP_T-6_durance3	DURANCE16S_T-6	durance3	prep2	2	T-6_durance3	ERR17753799	ERX17144342	T-6_S576_L001_R1_001.fastq.gz	568b95fe5c38b4504a44a33fc095a82a	T-6_S576_L001_R2_001.fastq.gz	563446318f6cf5bcde2f2e3000697778	T-6	temoin	blank sample			missing: control sample
PRJEB124417	DURANCE16S_RUN_T-7_durance1	DURANCE16S_EXP_T-7_durance1	DURANCE16S_T-7	durance1	prep1	1	T-7_durance1	ERR17753800	ERX17144343	T-7_S647_L001_R1_001.fastq.gz	e755fbcfbbf17e9e816be66ca004e3a6	T-7_S647_L001_R2_001.fastq.gz	202fa0496669e6c898f52d55414caab0	T-7	temoin	blank sample			missing: control sample
PRJEB124417	DURANCE16S_RUN_T-7_durance2	DURANCE16S_EXP_T-7_durance2	DURANCE16S_T-7	durance2	prep2	1	T-7_durance2	ERR17753801	ERX17144344	T-7_S647_L001_R1_001.fastq.gz	bfc2d9fb517b2e8028e01e7cb7224c62	T-7_S647_L001_R2_001.fastq.gz	2a81bc088b2445d67d75ecf531ba5370	T-7	temoin	blank sample			missing: control sample
PRJEB124417	DURANCE16S_RUN_T-7_durance3	DURANCE16S_EXP_T-7_durance3	DURANCE16S_T-7	durance3	prep2	2	T-7_durance3	ERR17753802	ERX17144345	T-7_S647_L001_R1_001.fastq.gz	fac3f58e7a020511c7bdf108a5f7995d	T-7_S647_L001_R2_001.fastq.gz	3ce8026e758e33e66e8d449f2931b6e7	T-7	temoin	blank sample			missing: control sample
PRJEB124417	DURANCE16S_RUN_T-8_durance1	DURANCE16S_EXP_T-8_durance1	DURANCE16S_T-8	durance1	prep1	1	T-8_durance1	ERR17753804	ERX17144347	T-8_S768_L001_R1_001.fastq.gz	2e049c48a12d9046ff306f5261f333d8	T-8_S768_L001_R2_001.fastq.gz	94283067e9e7d8b2f1a9028d9ab30e28	T-8	temoin	blank sample			missing: control sample
PRJEB124417	DURANCE16S_RUN_T-8_durance2	DURANCE16S_EXP_T-8_durance2	DURANCE16S_T-8	durance2	prep2	1	T-8_durance2	ERR17753803	ERX17144346	T-8_S768_L001_R1_001.fastq.gz	a406058a83932116c118326c0021aa42	T-8_S768_L001_R2_001.fastq.gz	e9026665c9806c3014d43324b1228d00	T-8	temoin	blank sample			missing: control sample
PRJEB124417	DURANCE16S_RUN_T-8_durance3	DURANCE16S_EXP_T-8_durance3	DURANCE16S_T-8	durance3	prep2	2	T-8_durance3	ERR17753805	ERX17144348	T-8_S768_L001_R1_001.fastq.gz	31f96fa6cd709be4e2e5e41f4f3616fc	T-8_S768_L001_R2_001.fastq.gz	aa25742077dfe08f77d177dc5c229b93	T-8	temoin	blank sample			missing: control sample
PRJEB124417	DURANCE16S_RUN_empty-1_durance1	DURANCE16S_EXP_empty-1_durance1	DURANCE16S_empty-1	durance1	prep1	1	empty-1_durance1	ERR17753731	ERX17144274	empty-1_S48_L001_R1_001.fastq.gz	120b2839c1c097e8f75cf53527f3eed4	empty-1_S48_L001_R2_001.fastq.gz	8eedb506af4ce049dcd0d71d2cded4f1	empty-1	empty	blank sample			missing: control sample
PRJEB124417	DURANCE16S_RUN_empty-1_durance2	DURANCE16S_EXP_empty-1_durance2	DURANCE16S_empty-1	durance2	prep2	1	empty-1_durance2	ERR17753733	ERX17144276	empty-1_S48_L001_R1_001.fastq.gz	7f1708b52c2e3524b1e7762bc88a3161	empty-1_S48_L001_R2_001.fastq.gz	0d1a8122e0c28198ce4a44d6034eb0db	empty-1	empty	blank sample			missing: control sample
PRJEB124417	DURANCE16S_RUN_empty-1_durance3	DURANCE16S_EXP_empty-1_durance3	DURANCE16S_empty-1	durance3	prep2	2	empty-1_durance3	ERR17753729	ERX17144272	empty-1_S48_L001_R1_001.fastq.gz	cf2f6f7e854c25027627b1e83ec3599a	empty-1_S48_L001_R2_001.fastq.gz	3119b1db22031a110b0d747505275afd	empty-1	empty	blank sample			missing: control sample
PRJEB124417	DURANCE16S_RUN_empty-10_durance1	DURANCE16S_EXP_empty-10_durance1	DURANCE16S_empty-10	durance1	prep1	1	empty-10_durance1	ERR17753698	ERX17144241	empty-10_S276_L001_R1_001.fastq.gz	fc8a0a5c7e9edb983322dcdf6f156ff5	empty-10_S276_L001_R2_001.fastq.gz	12d936a5b6a37d963541982300137696	empty-10	empty	blank sample			missing: control sample
PRJEB124417	DURANCE16S_RUN_empty-10_durance2	DURANCE16S_EXP_empty-10_durance2	DURANCE16S_empty-10	durance2	prep2	1	empty-10_durance2	ERR17753699	ERX17144242	empty-10_S276_L001_R1_001.fastq.gz	896e390258fea77514771c94775569b1	empty-10_S276_L001_R2_001.fastq.gz	2af9831b79f14f59132c7324bc865034	empty-10	empty	blank sample			missing: control sample
PRJEB124417	DURANCE16S_RUN_empty-10_durance3	DURANCE16S_EXP_empty-10_durance3	DURANCE16S_empty-10	durance3	prep2	2	empty-10_durance3	ERR17753700	ERX17144243	empty-10_S276_L001_R1_001.fastq.gz	9f9d534ce57ccb61acf6f4ad74e26c1c	empty-10_S276_L001_R2_001.fastq.gz	607db29e6341b74bfd4d7e580f93df26	empty-10	empty	blank sample			missing: control sample
PRJEB124417	DURANCE16S_RUN_empty-11_durance1	DURANCE16S_EXP_empty-11_durance1	DURANCE16S_empty-11	durance1	prep1	1	empty-11_durance1	ERR17753701	ERX17144244	empty-11_S288_L001_R1_001.fastq.gz	b3416783bcea73ab950b794433243009	empty-11_S288_L001_R2_001.fastq.gz	f67f930a952deb72ec52d70e3fe73aa0	empty-11	empty	blank sample			missing: control sample
PRJEB124417	DURANCE16S_RUN_empty-11_durance2	DURANCE16S_EXP_empty-11_durance2	DURANCE16S_empty-11	durance2	prep2	1	empty-11_durance2	ERR17753704	ERX17144247	empty-11_S288_L001_R1_001.fastq.gz	4b0e315784f28f31587e708b94171d4e	empty-11_S288_L001_R2_001.fastq.gz	de38902bb665a103579da6723d827a6b	empty-11	empty	blank sample			missing: control sample
PRJEB124417	DURANCE16S_RUN_empty-11_durance3	DURANCE16S_EXP_empty-11_durance3	DURANCE16S_empty-11	durance3	prep2	2	empty-11_durance3	ERR17753705	ERX17144248	empty-11_S288_L001_R1_001.fastq.gz	c43082c3980bf7a85aefc2bebcd8aa66	empty-11_S288_L001_R2_001.fastq.gz	77ca419c1ab6da3a8beaae16c312516a	empty-11	empty	blank sample			missing: control sample
PRJEB124417	DURANCE16S_RUN_empty-12_durance1	DURANCE16S_EXP_empty-12_durance1	DURANCE16S_empty-12	durance1	prep1	1	empty-12_durance1	ERR17753707	ERX17144250	empty-12_S420_L001_R1_001.fastq.gz	ec2296d88fe5ef6a710afafdfcf77d4e	empty-12_S420_L001_R2_001.fastq.gz	02a46d7cc25d968774ab980898bba3f6	empty-12	empty	blank sample			missing: control sample
PRJEB124417	DURANCE16S_RUN_empty-12_durance2	DURANCE16S_EXP_empty-12_durance2	DURANCE16S_empty-12	durance2	prep2	1	empty-12_durance2	ERR17753706	ERX17144249	empty-12_S420_L001_R1_001.fastq.gz	b5431ba85b7611d551bab6c4411b81c0	empty-12_S420_L001_R2_001.fastq.gz	15fdb0eb5dacd502119665f7db775fd5	empty-12	empty	blank sample			missing: control sample
PRJEB124417	DURANCE16S_RUN_empty-12_durance3	DURANCE16S_EXP_empty-12_durance3	DURANCE16S_empty-12	durance3	prep2	2	empty-12_durance3	ERR17753709	ERX17144252	empty-12_S420_L001_R1_001.fastq.gz	1872074c0fbe3dd8506d7c66b7f8566e	empty-12_S420_L001_R2_001.fastq.gz	4ddcd3bb01c8ab72c9f3d5c6ce2db1f6	empty-12	empty	blank sample			missing: control sample
PRJEB124417	DURANCE16S_RUN_empty-13_durance1	DURANCE16S_EXP_empty-13_durance1	DURANCE16S_empty-13	durance1	prep1	1	empty-13_durance1	ERR17753710	ERX17144253	empty-13_S432_L001_R1_001.fastq.gz	01fe706d619b9b2944be1291071f2ece	empty-13_S432_L001_R2_001.fastq.gz	8ab50f930516aae983e8b793c57bab7e	empty-13	empty	blank sample			missing: control sample
PRJEB124417	DURANCE16S_RUN_empty-13_durance2	DURANCE16S_EXP_empty-13_durance2	DURANCE16S_empty-13	durance2	prep2	1	empty-13_durance2	ERR17753708	ERX17144251	empty-13_S432_L001_R1_001.fastq.gz	761d968e06b88a4a8e85b2b4f27241d2	empty-13_S432_L001_R2_001.fastq.gz	fc05163fe88153699a70fd8ead763696	empty-13	empty	blank sample			missing: control sample
PRJEB124417	DURANCE16S_RUN_empty-13_durance3	DURANCE16S_EXP_empty-13_durance3	DURANCE16S_empty-13	durance3	prep2	2	empty-13_durance3	ERR17753711	ERX17144254	empty-13_S432_L001_R1_001.fastq.gz	d311e5486404b7848bd0a95dc2799237	empty-13_S432_L001_R2_001.fastq.gz	9d491ff008595e4e80c906bc9656e0c0	empty-13	empty	blank sample			missing: control sample
PRJEB124417	DURANCE16S_RUN_empty-14_durance1	DURANCE16S_EXP_empty-14_durance1	DURANCE16S_empty-14	durance1	prep1	1	empty-14_durance1	ERR17753712	ERX17144255	empty-14_S444_L001_R1_001.fastq.gz	560ed7d869b0d65a468ab45ddd3491cb	empty-14_S444_L001_R2_001.fastq.gz	70f809913bb47ee44c2591fcbf3b7cfe	empty-14	empty	blank sample			missing: control sample
PRJEB124417	DURANCE16S_RUN_empty-14_durance2	DURANCE16S_EXP_empty-14_durance2	DURANCE16S_empty-14	durance2	prep2	1	empty-14_durance2	ERR17753713	ERX17144256	empty-14_S444_L001_R1_001.fastq.gz	071d3e0f54c14eb15eff047c6b582d10	empty-14_S444_L001_R2_001.fastq.gz	21831ea6c100cc7d23302bb1068a02f2	empty-14	empty	blank sample			missing: control sample
PRJEB124417	DURANCE16S_RUN_empty-14_durance3	DURANCE16S_EXP_empty-14_durance3	DURANCE16S_empty-14	durance3	prep2	2	empty-14_durance3	ERR17753714	ERX17144257	empty-14_S444_L001_R1_001.fastq.gz	828375ab3299ce23f47470321fb1f409	empty-14_S444_L001_R2_001.fastq.gz	f329353974ca30831cdd971a1421b0a2	empty-14	empty	blank sample			missing: control sample
PRJEB124417	DURANCE16S_RUN_empty-15_durance1	DURANCE16S_EXP_empty-15_durance1	DURANCE16S_empty-15	durance1	prep1	1	empty-15_durance1	ERR17753715	ERX17144258	empty-15_S456_L001_R1_001.fastq.gz	18897afa00cde3953b4030bc718ecd3d	empty-15_S456_L001_R2_001.fastq.gz	0ed1f659c9da78e84aa37d1ec71180be	empty-15	empty	blank sample			missing: control sample
PRJEB124417	DURANCE16S_RUN_empty-15_durance2	DURANCE16S_EXP_empty-15_durance2	DURANCE16S_empty-15	durance2	prep2	1	empty-15_durance2	ERR17753716	ERX17144259	empty-15_S456_L001_R1_001.fastq.gz	baee10e456eaa83fe0f041768a3be464	empty-15_S456_L001_R2_001.fastq.gz	27f63be7f73f402eae435bd582815eb2	empty-15	empty	blank sample			missing: control sample
PRJEB124417	DURANCE16S_RUN_empty-15_durance3	DURANCE16S_EXP_empty-15_durance3	DURANCE16S_empty-15	durance3	prep2	2	empty-15_durance3	ERR17753718	ERX17144261	empty-15_S456_L001_R1_001.fastq.gz	6fbfd99a3b7a90d3f434e85475c2e349	empty-15_S456_L001_R2_001.fastq.gz	c15ad562b025b551aa4cfe05f9e37437	empty-15	empty	blank sample			missing: control sample
PRJEB124417	DURANCE16S_RUN_empty-16_durance1	DURANCE16S_EXP_empty-16_durance1	DURANCE16S_empty-16	durance1	prep1	1	empty-16_durance1	ERR17753717	ERX17144260	empty-16_S468_L001_R1_001.fastq.gz	86ab9a20ebb84cb8297530ca51e61827	empty-16_S468_L001_R2_001.fastq.gz	f397a9ea4fa395b30d95d60625f8ca05	empty-16	empty	blank sample			missing: control sample
PRJEB124417	DURANCE16S_RUN_empty-16_durance2	DURANCE16S_EXP_empty-16_durance2	DURANCE16S_empty-16	durance2	prep2	1	empty-16_durance2	ERR17753720	ERX17144263	empty-16_S468_L001_R1_001.fastq.gz	47cce08cc4da19fa43cf8f03c03d20df	empty-16_S468_L001_R2_001.fastq.gz	df0e635cc8d5fe1310da7d18c3670897	empty-16	empty	blank sample			missing: control sample
PRJEB124417	DURANCE16S_RUN_empty-16_durance3	DURANCE16S_EXP_empty-16_durance3	DURANCE16S_empty-16	durance3	prep2	2	empty-16_durance3	ERR17753719	ERX17144262	empty-16_S468_L001_R1_001.fastq.gz	2d23b37261779f8b428d92ffc68f00ba	empty-16_S468_L001_R2_001.fastq.gz	b3888a77be20fa94a915e21978a3b9d7	empty-16	empty	blank sample			missing: control sample
PRJEB124417	DURANCE16S_RUN_empty-17_durance1	DURANCE16S_EXP_empty-17_durance1	DURANCE16S_empty-17	durance1	prep1	1	empty-17_durance1	ERR17753723	ERX17144266	empty-17_S480_L001_R1_001.fastq.gz	51a4ce8eff7e47dfcfb958a0792a723e	empty-17_S480_L001_R2_001.fastq.gz	1206098577ed8fb08e80939182a652c0	empty-17	empty	blank sample			missing: control sample
PRJEB124417	DURANCE16S_RUN_empty-17_durance2	DURANCE16S_EXP_empty-17_durance2	DURANCE16S_empty-17	durance2	prep2	1	empty-17_durance2	ERR17753721	ERX17144264	empty-17_S480_L001_R1_001.fastq.gz	ced1bb6226247659397921e37bfeb4c3	empty-17_S480_L001_R2_001.fastq.gz	28b521bbdd5628af29b93c5cccb8239d	empty-17	empty	blank sample			missing: control sample
PRJEB124417	DURANCE16S_RUN_empty-17_durance3	DURANCE16S_EXP_empty-17_durance3	DURANCE16S_empty-17	durance3	prep2	2	empty-17_durance3	ERR17753722	ERX17144265	empty-17_S480_L001_R1_001.fastq.gz	457d2d72220f0dcf2303f7962a46e55e	empty-17_S480_L001_R2_001.fastq.gz	216697bbc14cfba0e324e48059bf3339	empty-17	empty	blank sample			missing: control sample
PRJEB124417	DURANCE16S_RUN_empty-18_durance1	DURANCE16S_EXP_empty-18_durance1	DURANCE16S_empty-18	durance1	prep1	1	empty-18_durance1	ERR17753724	ERX17144267	empty-18_S659_L001_R1_001.fastq.gz	fe2cb95e446895e62a55393de1fa7044	empty-18_S659_L001_R2_001.fastq.gz	0f4b496e9316a8e714cb11f5920159c7	empty-18	empty	blank sample			missing: control sample
PRJEB124417	DURANCE16S_RUN_empty-18_durance2	DURANCE16S_EXP_empty-18_durance2	DURANCE16S_empty-18	durance2	prep2	1	empty-18_durance2	ERR17753725	ERX17144268	empty-18_S659_L001_R1_001.fastq.gz	746822cc94045e3d02981448e000d436	empty-18_S659_L001_R2_001.fastq.gz	148de8e302e54e0309e109ec40bd874b	empty-18	empty	blank sample			missing: control sample
PRJEB124417	DURANCE16S_RUN_empty-18_durance3	DURANCE16S_EXP_empty-18_durance3	DURANCE16S_empty-18	durance3	prep2	2	empty-18_durance3	ERR17753726	ERX17144269	empty-18_S659_L001_R1_001.fastq.gz	c058518e799e16bcbe3cfb314ea23fc5	empty-18_S659_L001_R2_001.fastq.gz	bfb8729c0c6c65ed3eddaa852295d9b3	empty-18	empty	blank sample			missing: control sample
PRJEB124417	DURANCE16S_RUN_empty-19_durance1	DURANCE16S_EXP_empty-19_durance1	DURANCE16S_empty-19	durance1	prep1	1	empty-19_durance1	ERR17753727	ERX17144270	empty-19_S671_L001_R1_001.fastq.gz	265962884bb45ca9269263907632cd6b	empty-19_S671_L001_R2_001.fastq.gz	7d9db0dcf324fbee33f64451500b4036	empty-19	empty	blank sample			missing: control sample
PRJEB124417	DURANCE16S_RUN_empty-19_durance2	DURANCE16S_EXP_empty-19_durance2	DURANCE16S_empty-19	durance2	prep2	1	empty-19_durance2	ERR17753728	ERX17144271	empty-19_S671_L001_R1_001.fastq.gz	4cfdcd3861701a10bf6390764f4095ca	empty-19_S671_L001_R2_001.fastq.gz	989f04a7b5596fa0a2ea53bd01cdcb91	empty-19	empty	blank sample			missing: control sample
PRJEB124417	DURANCE16S_RUN_empty-19_durance3	DURANCE16S_EXP_empty-19_durance3	DURANCE16S_empty-19	durance3	prep2	2	empty-19_durance3	ERR17753730	ERX17144273	empty-19_S671_L001_R1_001.fastq.gz	c9a41fdb663010df38a2de9f3f949098	empty-19_S671_L001_R2_001.fastq.gz	4e6da40c146fc7197f2de3b9842d5cae	empty-19	empty	blank sample			missing: control sample
PRJEB124417	DURANCE16S_RUN_empty-2_durance1	DURANCE16S_EXP_empty-2_durance1	DURANCE16S_empty-2	durance1	prep1	1	empty-2_durance1	ERR17753751	ERX17144294	empty-2_S60_L001_R1_001.fastq.gz	82e6a45dee18fd3cc308c68ee48fa9c7	empty-2_S60_L001_R2_001.fastq.gz	b0c9ca28d4826f37d5ea90be280dee56	empty-2	empty	blank sample			missing: control sample
PRJEB124417	DURANCE16S_RUN_empty-2_durance2	DURANCE16S_EXP_empty-2_durance2	DURANCE16S_empty-2	durance2	prep2	1	empty-2_durance2	ERR17753753	ERX17144296	empty-2_S60_L001_R1_001.fastq.gz	cfeb9bfb0b79d4a11721730c9e897ccd	empty-2_S60_L001_R2_001.fastq.gz	759efe2ff25b01bc36dca26e14d1d638	empty-2	empty	blank sample			missing: control sample
PRJEB124417	DURANCE16S_RUN_empty-2_durance3	DURANCE16S_EXP_empty-2_durance3	DURANCE16S_empty-2	durance3	prep2	2	empty-2_durance3	ERR17753754	ERX17144297	empty-2_S60_L001_R1_001.fastq.gz	7ba0f7e8a403cc2a47083462ec976664	empty-2_S60_L001_R2_001.fastq.gz	99b555161dfe461c9ddf63f911cdaa5a	empty-2	empty	blank sample			missing: control sample
PRJEB124417	DURANCE16S_RUN_empty-20_durance1	DURANCE16S_EXP_empty-20_durance1	DURANCE16S_empty-20	durance1	prep1	1	empty-20_durance1	ERR17753732	ERX17144275	empty-20_S612_L001_R1_001.fastq.gz	169ed48dfab0d4109e7a172a18addb4a	empty-20_S612_L001_R2_001.fastq.gz	c70aff1f2c6c8223fe13bff759c076d4	empty-20	empty	blank sample			missing: control sample
PRJEB124417	DURANCE16S_RUN_empty-20_durance2	DURANCE16S_EXP_empty-20_durance2	DURANCE16S_empty-20	durance2	prep2	1	empty-20_durance2	ERR17753734	ERX17144277	empty-20_S612_L001_R1_001.fastq.gz	dc421b56ce1612bec25a88296cd49247	empty-20_S612_L001_R2_001.fastq.gz	0346f5477eb66ef989061164e5246a3b	empty-20	empty	blank sample			missing: control sample
PRJEB124417	DURANCE16S_RUN_empty-20_durance3	DURANCE16S_EXP_empty-20_durance3	DURANCE16S_empty-20	durance3	prep2	2	empty-20_durance3	ERR17753735	ERX17144278	empty-20_S612_L001_R1_001.fastq.gz	12c0dc1d670ccfd01b6e92c8aa7e3406	empty-20_S612_L001_R2_001.fastq.gz	c866899d5056fbb9a67efd32ff6efabf	empty-20	empty	blank sample			missing: control sample
PRJEB124417	DURANCE16S_RUN_empty-21_durance1	DURANCE16S_EXP_empty-21_durance1	DURANCE16S_empty-21	durance1	prep1	1	empty-21_durance1	ERR17753736	ERX17144279	empty-21_S624_L001_R1_001.fastq.gz	faf6f0f6ae58652d4b000001393e3961	empty-21_S624_L001_R2_001.fastq.gz	cf23d45ec45dec784a56aae1f7677312	empty-21	empty	blank sample			missing: control sample
PRJEB124417	DURANCE16S_RUN_empty-21_durance2	DURANCE16S_EXP_empty-21_durance2	DURANCE16S_empty-21	durance2	prep2	1	empty-21_durance2	ERR17753738	ERX17144281	empty-21_S624_L001_R1_001.fastq.gz	f97e69cae870537374f5edc2d002b69a	empty-21_S624_L001_R2_001.fastq.gz	85b38ad9d1c7691e68455874fc8e3a51	empty-21	empty	blank sample			missing: control sample
PRJEB124417	DURANCE16S_RUN_empty-21_durance3	DURANCE16S_EXP_empty-21_durance3	DURANCE16S_empty-21	durance3	prep2	2	empty-21_durance3	ERR17753739	ERX17144282	empty-21_S624_L001_R1_001.fastq.gz	2048ae032cc960ea7aee1c77749e2995	empty-21_S624_L001_R2_001.fastq.gz	4e5aafc7f014edf39979a7bd49f62371	empty-21	empty	blank sample			missing: control sample
PRJEB124417	DURANCE16S_RUN_empty-22_durance1	DURANCE16S_EXP_empty-22_durance1	DURANCE16S_empty-22	durance1	prep1	1	empty-22_durance1	ERR17753737	ERX17144280	empty-22_S636_L001_R1_001.fastq.gz	50fd656498573b2e8ca234e03b5e0570	empty-22_S636_L001_R2_001.fastq.gz	448b2b85711428dd20639caf229ab1e4	empty-22	empty	blank sample			missing: control sample
PRJEB124417	DURANCE16S_RUN_empty-22_durance2	DURANCE16S_EXP_empty-22_durance2	DURANCE16S_empty-22	durance2	prep2	1	empty-22_durance2	ERR17753740	ERX17144283	empty-22_S636_L001_R1_001.fastq.gz	1cefbbfa80f3771c06b43284bd6d5fae	empty-22_S636_L001_R2_001.fastq.gz	c4429a86ba5b0d03bb3fd9ad8521eecc	empty-22	empty	blank sample			missing: control sample
PRJEB124417	DURANCE16S_RUN_empty-22_durance3	DURANCE16S_EXP_empty-22_durance3	DURANCE16S_empty-22	durance3	prep2	2	empty-22_durance3	ERR17753742	ERX17144285	empty-22_S636_L001_R1_001.fastq.gz	7b5f4f34314ff92c23c856c059d563a2	empty-22_S636_L001_R2_001.fastq.gz	74e0782e6e2fedb814b5e4ac13421944	empty-22	empty	blank sample			missing: control sample
PRJEB124417	DURANCE16S_RUN_empty-23_durance1	DURANCE16S_EXP_empty-23_durance1	DURANCE16S_empty-23	durance1	prep1	1	empty-23_durance1	ERR17753744	ERX17144287	empty-23_S648_L001_R1_001.fastq.gz	108d0bf5869d814e9c349af8cf9395c4	empty-23_S648_L001_R2_001.fastq.gz	56450a03449ad6134091b75645e6cee2	empty-23	empty	blank sample			missing: control sample
PRJEB124417	DURANCE16S_RUN_empty-23_durance2	DURANCE16S_EXP_empty-23_durance2	DURANCE16S_empty-23	durance2	prep2	1	empty-23_durance2	ERR17753743	ERX17144286	empty-23_S648_L001_R1_001.fastq.gz	7b6dd6aae9f42d8b5752a863ad847ca3	empty-23_S648_L001_R2_001.fastq.gz	fe9380618a89b9a439d56e59ba61f41a	empty-23	empty	blank sample			missing: control sample
PRJEB124417	DURANCE16S_RUN_empty-23_durance3	DURANCE16S_EXP_empty-23_durance3	DURANCE16S_empty-23	durance3	prep2	2	empty-23_durance3	ERR17753741	ERX17144284	empty-23_S648_L001_R1_001.fastq.gz	a81bd266e2ae73a83b8e981246d73a61	empty-23_S648_L001_R2_001.fastq.gz	4a8ec0e8a85549541d8b9483a0517885	empty-23	empty	blank sample			missing: control sample
PRJEB124417	DURANCE16S_RUN_empty-24_durance1	DURANCE16S_EXP_empty-24_durance1	DURANCE16S_empty-24	durance1	prep1	1	empty-24_durance1	ERR17753745	ERX17144288	empty-24_S660_L001_R1_001.fastq.gz	847162079388ca8cd5d1831ad762f92f	empty-24_S660_L001_R2_001.fastq.gz	a7ad37719a346b94a5e9174a41c2cd5d	empty-24	empty	blank sample			missing: control sample
PRJEB124417	DURANCE16S_RUN_empty-24_durance2	DURANCE16S_EXP_empty-24_durance2	DURANCE16S_empty-24	durance2	prep2	1	empty-24_durance2	ERR17753748	ERX17144291	empty-24_S660_L001_R1_001.fastq.gz	c192217650898c2d88790d6d040775cb	empty-24_S660_L001_R2_001.fastq.gz	bb4a4add51755422646a5a9509dc21ab	empty-24	empty	blank sample			missing: control sample
PRJEB124417	DURANCE16S_RUN_empty-24_durance3	DURANCE16S_EXP_empty-24_durance3	DURANCE16S_empty-24	durance3	prep2	2	empty-24_durance3	ERR17753746	ERX17144289	empty-24_S660_L001_R1_001.fastq.gz	017a2d1fec7c9d09879a0f9efde59fa8	empty-24_S660_L001_R2_001.fastq.gz	f8885eb0adb93618554edd05e22cb573	empty-24	empty	blank sample			missing: control sample
PRJEB124417	DURANCE16S_RUN_empty-25_durance1	DURANCE16S_EXP_empty-25_durance1	DURANCE16S_empty-25	durance1	prep1	1	empty-25_durance1	ERR17753747	ERX17144290	empty-25_S672_L001_R1_001.fastq.gz	bac749a5ec4655f5c2dc8b4a0409926e	empty-25_S672_L001_R2_001.fastq.gz	bf03f9372585c51299dbacf6e153a8d8	empty-25	empty	blank sample			missing: control sample
PRJEB124417	DURANCE16S_RUN_empty-25_durance2	DURANCE16S_EXP_empty-25_durance2	DURANCE16S_empty-25	durance2	prep2	1	empty-25_durance2	ERR17753750	ERX17144293	empty-25_S672_L001_R1_001.fastq.gz	1dc60db55dafde783569b78d9055e835	empty-25_S672_L001_R2_001.fastq.gz	b0295a0d39c785c45d7dbd485ab2d82c	empty-25	empty	blank sample			missing: control sample
PRJEB124417	DURANCE16S_RUN_empty-25_durance3	DURANCE16S_EXP_empty-25_durance3	DURANCE16S_empty-25	durance3	prep2	2	empty-25_durance3	ERR17753749	ERX17144292	empty-25_S672_L001_R1_001.fastq.gz	9a642ba226a9f66e65be68b5ae11938c	empty-25_S672_L001_R2_001.fastq.gz	f9640ed0fdf508da85e37d8367daf2fb	empty-25	empty	blank sample			missing: control sample
PRJEB124417	DURANCE16S_RUN_empty-3_durance1	DURANCE16S_EXP_empty-3_durance1	DURANCE16S_empty-3	durance1	prep1	1	empty-3_durance1	ERR17753755	ERX17144298	empty-3_S72_L001_R1_001.fastq.gz	07d2f926e28593369a015043572c1c7c	empty-3_S72_L001_R2_001.fastq.gz	80b510b55d762c159bf6dfa324b4047f	empty-3	empty	blank sample			missing: control sample
PRJEB124417	DURANCE16S_RUN_empty-3_durance2	DURANCE16S_EXP_empty-3_durance2	DURANCE16S_empty-3	durance2	prep2	1	empty-3_durance2	ERR17753757	ERX17144300	empty-3_S72_L001_R1_001.fastq.gz	764dab0dbc864e7850ad3d3068d01f63	empty-3_S72_L001_R2_001.fastq.gz	d597268e66709c0a6909de1759b5756a	empty-3	empty	blank sample			missing: control sample
PRJEB124417	DURANCE16S_RUN_empty-3_durance3	DURANCE16S_EXP_empty-3_durance3	DURANCE16S_empty-3	durance3	prep2	2	empty-3_durance3	ERR17753759	ERX17144302	empty-3_S72_L001_R1_001.fastq.gz	a2210ddbaaa60e42a690528504d16dc7	empty-3_S72_L001_R2_001.fastq.gz	9cd062fbce0acac606879b1d2d6e43d2	empty-3	empty	blank sample			missing: control sample
PRJEB124417	DURANCE16S_RUN_empty-4_durance1	DURANCE16S_EXP_empty-4_durance1	DURANCE16S_empty-4	durance1	prep1	1	empty-4_durance1	ERR17753756	ERX17144299	empty-4_S84_L001_R1_001.fastq.gz	ff84035f95b6f314742bb3fa62ef301c	empty-4_S84_L001_R2_001.fastq.gz	6352536ef01358d87a1b88c4a0443929	empty-4	empty	blank sample			missing: control sample
PRJEB124417	DURANCE16S_RUN_empty-4_durance2	DURANCE16S_EXP_empty-4_durance2	DURANCE16S_empty-4	durance2	prep2	1	empty-4_durance2	ERR17753758	ERX17144301	empty-4_S84_L001_R1_001.fastq.gz	b01e70ea4ffa7e198398599b2d88c8de	empty-4_S84_L001_R2_001.fastq.gz	4920725dbc27ea8f31ba4bdd141ce916	empty-4	empty	blank sample			missing: control sample
PRJEB124417	DURANCE16S_RUN_empty-4_durance3	DURANCE16S_EXP_empty-4_durance3	DURANCE16S_empty-4	durance3	prep2	2	empty-4_durance3	ERR17753761	ERX17144304	empty-4_S84_L001_R1_001.fastq.gz	827e9b802e7ce341080fa8bd4d2f40dc	empty-4_S84_L001_R2_001.fastq.gz	ef6897a9c040a9f1098b27a7e7c7ef40	empty-4	empty	blank sample			missing: control sample
PRJEB124417	DURANCE16S_RUN_empty-5_durance1	DURANCE16S_EXP_empty-5_durance1	DURANCE16S_empty-5	durance1	prep1	1	empty-5_durance1	ERR17753760	ERX17144303	empty-5_S96_L001_R1_001.fastq.gz	167823387f0d032d07f4f6e9ab5cc28b	empty-5_S96_L001_R2_001.fastq.gz	8b14c212f3fb70d8d3cbee533bb91834	empty-5	empty	blank sample			missing: control sample
PRJEB124417	DURANCE16S_RUN_empty-5_durance2	DURANCE16S_EXP_empty-5_durance2	DURANCE16S_empty-5	durance2	prep2	1	empty-5_durance2	ERR17753762	ERX17144305	empty-5_S96_L001_R1_001.fastq.gz	aa54c9aff85ab24b04303c13ea0aedb7	empty-5_S96_L001_R2_001.fastq.gz	b09bc990e2ced43022663b4a11d806b9	empty-5	empty	blank sample			missing: control sample
PRJEB124417	DURANCE16S_RUN_empty-5_durance3	DURANCE16S_EXP_empty-5_durance3	DURANCE16S_empty-5	durance3	prep2	2	empty-5_durance3	ERR17753764	ERX17144307	empty-5_S96_L001_R1_001.fastq.gz	bf3c7df2b343af8fb39e823ed8fe5647	empty-5_S96_L001_R2_001.fastq.gz	33c3fbf575ee95a71852487776287217	empty-5	empty	blank sample			missing: control sample
PRJEB124417	DURANCE16S_RUN_empty-6_durance1	DURANCE16S_EXP_empty-6_durance1	DURANCE16S_empty-6	durance1	prep1	1	empty-6_durance1	ERR17753763	ERX17144306	empty-6_S228_L001_R1_001.fastq.gz	b8d89de286aef3bce5d50fa0d9b30229	empty-6_S228_L001_R2_001.fastq.gz	1629df2eafe34053e2efce13f8b17ca3	empty-6	empty	blank sample			missing: control sample
PRJEB124417	DURANCE16S_RUN_empty-6_durance2	DURANCE16S_EXP_empty-6_durance2	DURANCE16S_empty-6	durance2	prep2	1	empty-6_durance2	ERR17753765	ERX17144308	empty-6_S228_L001_R1_001.fastq.gz	d5e1ef0e61f34066f7fe2cadb49c308b	empty-6_S228_L001_R2_001.fastq.gz	90789a40091923ade5280848d68c5cd2	empty-6	empty	blank sample			missing: control sample
PRJEB124417	DURANCE16S_RUN_empty-6_durance3	DURANCE16S_EXP_empty-6_durance3	DURANCE16S_empty-6	durance3	prep2	2	empty-6_durance3	ERR17753766	ERX17144309	empty-6_S228_L001_R1_001.fastq.gz	6b87a0dda7092a4fe614a9656903f736	empty-6_S228_L001_R2_001.fastq.gz	3bec6375f5ba606fbc3bea46000a1cd4	empty-6	empty	blank sample			missing: control sample
PRJEB124417	DURANCE16S_RUN_empty-7_durance1	DURANCE16S_EXP_empty-7_durance1	DURANCE16S_empty-7	durance1	prep1	1	empty-7_durance1	ERR17753767	ERX17144310	empty-7_S240_L001_R1_001.fastq.gz	fc606d685cb0df34abc011d04227df64	empty-7_S240_L001_R2_001.fastq.gz	0376c33eac2977fb1ce898840ba65e2a	empty-7	empty	blank sample			missing: control sample
PRJEB124417	DURANCE16S_RUN_empty-7_durance2	DURANCE16S_EXP_empty-7_durance2	DURANCE16S_empty-7	durance2	prep2	1	empty-7_durance2	ERR17753769	ERX17144312	empty-7_S240_L001_R1_001.fastq.gz	c68305d926eab0f163581a541771b8bb	empty-7_S240_L001_R2_001.fastq.gz	e4e352f3990a46c827ec4b7ff752396c	empty-7	empty	blank sample			missing: control sample
PRJEB124417	DURANCE16S_RUN_empty-7_durance3	DURANCE16S_EXP_empty-7_durance3	DURANCE16S_empty-7	durance3	prep2	2	empty-7_durance3	ERR17753768	ERX17144311	empty-7_S240_L001_R1_001.fastq.gz	d188306da1044a954c9e32ac9a6ca2b1	empty-7_S240_L001_R2_001.fastq.gz	80ef8b9d6ee337b0060bdb7711573c9d	empty-7	empty	blank sample			missing: control sample
PRJEB124417	DURANCE16S_RUN_empty-8_durance1	DURANCE16S_EXP_empty-8_durance1	DURANCE16S_empty-8	durance1	prep1	1	empty-8_durance1	ERR17753770	ERX17144313	empty-8_S252_L001_R1_001.fastq.gz	d13ebea2f824d372adab7c5bb7ab03e9	empty-8_S252_L001_R2_001.fastq.gz	c85f2745529e3b4d363471e6afc47fb0	empty-8	empty	blank sample			missing: control sample
PRJEB124417	DURANCE16S_RUN_empty-8_durance2	DURANCE16S_EXP_empty-8_durance2	DURANCE16S_empty-8	durance2	prep2	1	empty-8_durance2	ERR17753771	ERX17144314	empty-8_S252_L001_R1_001.fastq.gz	14434656d53f9347c3a1f43468145fbe	empty-8_S252_L001_R2_001.fastq.gz	1d119d35c1d53236adea2f9309614026	empty-8	empty	blank sample			missing: control sample
PRJEB124417	DURANCE16S_RUN_empty-8_durance3	DURANCE16S_EXP_empty-8_durance3	DURANCE16S_empty-8	durance3	prep2	2	empty-8_durance3	ERR17753772	ERX17144315	empty-8_S252_L001_R1_001.fastq.gz	1279de3ed7f19652e7d24ab748afa248	empty-8_S252_L001_R2_001.fastq.gz	e47b54c7733da3af0969a399fc35f588	empty-8	empty	blank sample			missing: control sample
PRJEB124417	DURANCE16S_RUN_empty-9_durance1	DURANCE16S_EXP_empty-9_durance1	DURANCE16S_empty-9	durance1	prep1	1	empty-9_durance1	ERR17753773	ERX17144316	empty-9_S264_L001_R1_001.fastq.gz	10e3ad34efa8437a9f0210846012a561	empty-9_S264_L001_R2_001.fastq.gz	bb32e417688cae31e8983a61f5cdb2cc	empty-9	empty	blank sample			missing: control sample
PRJEB124417	DURANCE16S_RUN_empty-9_durance2	DURANCE16S_EXP_empty-9_durance2	DURANCE16S_empty-9	durance2	prep2	1	empty-9_durance2	ERR17753774	ERX17144317	empty-9_S264_L001_R1_001.fastq.gz	cfdff52dd695dbadcdcd1fcfeb06fc57	empty-9_S264_L001_R2_001.fastq.gz	c332ddc63a505643af27a0cdcb94a30d	empty-9	empty	blank sample			missing: control sample
PRJEB124417	DURANCE16S_RUN_empty-9_durance3	DURANCE16S_EXP_empty-9_durance3	DURANCE16S_empty-9	durance3	prep2	2	empty-9_durance3	ERR17753775	ERX17144318	empty-9_S264_L001_R1_001.fastq.gz	d42d838b38b6ed36f15aa7e6962ba9c3	empty-9_S264_L001_R2_001.fastq.gz	9a5f52d302d0b5e4a2d68a62e814e5a8	empty-9	empty	blank sample			missing: control sample
