alias	accession	stem	sample_type	champ	valeur_deposee	valeur_corrigee	motif
DURANCE16S_14Ain1001Cn01A	ERS31168048	14Ain1001Cn01A	biological	host subject id	Ain1001	14Ain1001	identifiant rendu unique par prefixe de campagne (25 identifiants reutilises entre 2014 et 2015)
DURANCE16S_14Ain1001Cn02A	ERS31168624	14Ain1001Cn02A	biological	host subject id	Ain1001	14Ain1001	identifiant rendu unique par prefixe de campagne (25 identifiants reutilises entre 2014 et 2015)
DURANCE16S_14Ain1001Cn03A	ERS31168432	14Ain1001Cn03A	biological	host subject id	Ain1001	14Ain1001	identifiant rendu unique par prefixe de campagne (25 identifiants reutilises entre 2014 et 2015)
DURANCE16S_14Ain1001Cn05A	ERS31168240	14Ain1001Cn05A	biological	host subject id	Ain1001	14Ain1001	identifiant rendu unique par prefixe de campagne (25 identifiants reutilises entre 2014 et 2015)
DURANCE16S_14Ain1002Cn01A	ERS31168060	14Ain1002Cn01A	biological	host subject id	Ain1002	14Ain1002	identifiant rendu unique par prefixe de campagne (25 identifiants reutilises entre 2014 et 2015)
DURANCE16S_14Ain1002Cn02A	ERS31168636	14Ain1002Cn02A	biological	host subject id	Ain1002	14Ain1002	identifiant rendu unique par prefixe de campagne (25 identifiants reutilises entre 2014 et 2015)
DURANCE16S_14Ain1002Cn03A	ERS31168444	14Ain1002Cn03A	biological	host subject id	Ain1002	14Ain1002	identifiant rendu unique par prefixe de campagne (25 identifiants reutilises entre 2014 et 2015)
DURANCE16S_14Ain1002Cn05A	ERS31168252	14Ain1002Cn05A	biological	host subject id	Ain1002	14Ain1002	identifiant rendu unique par prefixe de campagne (25 identifiants reutilises entre 2014 et 2015)
DURANCE16S_14Ain1011Pt01A	ERS31168072	14Ain1011Pt01A	biological	host subject id	Ain1011	14Ain1011	identifiant rendu unique par prefixe de campagne (25 identifiants reutilises entre 2014 et 2015)
DURANCE16S_14Ain1011Pt02A	ERS31168648	14Ain1011Pt02A	biological	host subject id	Ain1011	14Ain1011	identifiant rendu unique par prefixe de campagne (25 identifiants reutilises entre 2014 et 2015)
DURANCE16S_14Ain1011Pt03A	ERS31168456	14Ain1011Pt03A	biological	host subject id	Ain1011	14Ain1011	identifiant rendu unique par prefixe de campagne (25 identifiants reutilises entre 2014 et 2015)
DURANCE16S_14Ain1011Pt05A	ERS31168264	14Ain1011Pt05A	biological	host subject id	Ain1011	14Ain1011	identifiant rendu unique par prefixe de campagne (25 identifiants reutilises entre 2014 et 2015)
DURANCE16S_14Ain1012Pt01A	ERS31168084	14Ain1012Pt01A	biological	host subject id	Ain1012	14Ain1012	identifiant rendu unique par prefixe de campagne (25 identifiants reutilises entre 2014 et 2015)
DURANCE16S_14Ain1012Pt02A	ERS31168660	14Ain1012Pt02A	biological	host subject id	Ain1012	14Ain1012	identifiant rendu unique par prefixe de campagne (25 identifiants reutilises entre 2014 et 2015)
DURANCE16S_14Ain1012Pt03A	ERS31168468	14Ain1012Pt03A	biological	host subject id	Ain1012	14Ain1012	identifiant rendu unique par prefixe de campagne (25 identifiants reutilises entre 2014 et 2015)
DURANCE16S_14Ain1012Pt05A	ERS31168276	14Ain1012Pt05A	biological	host subject id	Ain1012	14Ain1012	identifiant rendu unique par prefixe de campagne (25 identifiants reutilises entre 2014 et 2015)
DURANCE16S_14Ain1013Pt01A	ERS31168096	14Ain1013Pt01A	biological	host subject id	Ain1013	14Ain1013	identifiant rendu unique par prefixe de campagne (25 identifiants reutilises entre 2014 et 2015)
DURANCE16S_14Ain1013Pt02A	ERS31168672	14Ain1013Pt02A	biological	host subject id	Ain1013	14Ain1013	identifiant rendu unique par prefixe de campagne (25 identifiants reutilises entre 2014 et 2015)
DURANCE16S_14Ain1013Pt03A	ERS31168480	14Ain1013Pt03A	biological	host subject id	Ain1013	14Ain1013	identifiant rendu unique par prefixe de campagne (25 identifiants reutilises entre 2014 et 2015)
DURANCE16S_14Ain1013Pt05A	ERS31168288	14Ain1013Pt05A	biological	host subject id	Ain1013	14Ain1013	identifiant rendu unique par prefixe de campagne (25 identifiants reutilises entre 2014 et 2015)
DURANCE16S_14Ain1014Pt01A	ERS31168108	14Ain1014Pt01A	biological	host subject id	Ain1014	14Ain1014	identifiant rendu unique par prefixe de campagne (25 identifiants reutilises entre 2014 et 2015)
DURANCE16S_14Ain1014Pt02A	ERS31168684	14Ain1014Pt02A	biological	host subject id	Ain1014	14Ain1014	identifiant rendu unique par prefixe de campagne (25 identifiants reutilises entre 2014 et 2015)
DURANCE16S_14Ain1014Pt03A	ERS31168492	14Ain1014Pt03A	biological	host subject id	Ain1014	14Ain1014	identifiant rendu unique par prefixe de campagne (25 identifiants reutilises entre 2014 et 2015)
DURANCE16S_14Ain1014Pt05A	ERS31168300	14Ain1014Pt05A	biological	host subject id	Ain1014	14Ain1014	identifiant rendu unique par prefixe de campagne (25 identifiants reutilises entre 2014 et 2015)
DURANCE16S_14Ain1036Cn01A	ERS31168120	14Ain1036Cn01A	biological	host subject id	Ain1036	14Ain1036	identifiant rendu unique par prefixe de campagne (25 identifiants reutilises entre 2014 et 2015)
DURANCE16S_14Ain1036Cn02A	ERS31168696	14Ain1036Cn02A	biological	host subject id	Ain1036	14Ain1036	identifiant rendu unique par prefixe de campagne (25 identifiants reutilises entre 2014 et 2015)
DURANCE16S_14Ain1036Cn03A	ERS31168504	14Ain1036Cn03A	biological	host subject id	Ain1036	14Ain1036	identifiant rendu unique par prefixe de campagne (25 identifiants reutilises entre 2014 et 2015)
DURANCE16S_14Ain1036Cn05A	ERS31168312	14Ain1036Cn05A	biological	host subject id	Ain1036	14Ain1036	identifiant rendu unique par prefixe de campagne (25 identifiants reutilises entre 2014 et 2015)
DURANCE16S_14Ain1037Cn01A	ERS31168132	14Ain1037Cn01A	biological	host subject id	Ain1037	14Ain1037	identifiant rendu unique par prefixe de campagne (25 identifiants reutilises entre 2014 et 2015)
DURANCE16S_14Ain1037Cn02A	ERS31168708	14Ain1037Cn02A	biological	host subject id	Ain1037	14Ain1037	identifiant rendu unique par prefixe de campagne (25 identifiants reutilises entre 2014 et 2015)
DURANCE16S_14Ain1037Cn03A	ERS31168516	14Ain1037Cn03A	biological	host subject id	Ain1037	14Ain1037	identifiant rendu unique par prefixe de campagne (25 identifiants reutilises entre 2014 et 2015)
DURANCE16S_14Ain1037Cn05A	ERS31168324	14Ain1037Cn05A	biological	host subject id	Ain1037	14Ain1037	identifiant rendu unique par prefixe de campagne (25 identifiants reutilises entre 2014 et 2015)
DURANCE16S_14Ain1038Pt01A	ERS31168049	14Ain1038Pt01A	biological	host subject id	Ain1038	14Ain1038	identifiant rendu unique par prefixe de campagne (25 identifiants reutilises entre 2014 et 2015)
DURANCE16S_14Ain1038Pt03A	ERS31168433	14Ain1038Pt03A	biological	host subject id	Ain1038	14Ain1038	identifiant rendu unique par prefixe de campagne (25 identifiants reutilises entre 2014 et 2015)
DURANCE16S_14Ain1038Pt05A	ERS31168241	14Ain1038Pt05A	biological	host subject id	Ain1038	14Ain1038	identifiant rendu unique par prefixe de campagne (25 identifiants reutilises entre 2014 et 2015)
DURANCE16S_14Ain1039Pt01A	ERS31168061	14Ain1039Pt01A	biological	host subject id	Ain1039	14Ain1039	identifiant rendu unique par prefixe de campagne (25 identifiants reutilises entre 2014 et 2015)
DURANCE16S_14Ain1039Pt02A	ERS31168625	14Ain1039Pt02A	biological	host subject id	Ain1039	14Ain1039	identifiant rendu unique par prefixe de campagne (25 identifiants reutilises entre 2014 et 2015)
DURANCE16S_14Ain1039Pt03A	ERS31168445	14Ain1039Pt03A	biological	host subject id	Ain1039	14Ain1039	identifiant rendu unique par prefixe de campagne (25 identifiants reutilises entre 2014 et 2015)
DURANCE16S_14Ain1039Pt05A	ERS31168253	14Ain1039Pt05A	biological	host subject id	Ain1039	14Ain1039	identifiant rendu unique par prefixe de campagne (25 identifiants reutilises entre 2014 et 2015)
DURANCE16S_14Ain1040Pt01A	ERS31168073	14Ain1040Pt01A	biological	host subject id	Ain1040	14Ain1040	identifiant rendu unique par prefixe de campagne (25 identifiants reutilises entre 2014 et 2015)
DURANCE16S_14Ain1040Pt02A	ERS31168637	14Ain1040Pt02A	biological	host subject id	Ain1040	14Ain1040	identifiant rendu unique par prefixe de campagne (25 identifiants reutilises entre 2014 et 2015)
DURANCE16S_14Ain1040Pt03A	ERS31168457	14Ain1040Pt03A	biological	host subject id	Ain1040	14Ain1040	identifiant rendu unique par prefixe de campagne (25 identifiants reutilises entre 2014 et 2015)
DURANCE16S_14Ain1040Pt05A	ERS31168265	14Ain1040Pt05A	biological	host subject id	Ain1040	14Ain1040	identifiant rendu unique par prefixe de campagne (25 identifiants reutilises entre 2014 et 2015)
DURANCE16S_14Ain1041Pt01A	ERS31168085	14Ain1041Pt01A	biological	host subject id	Ain1041	14Ain1041	identifiant rendu unique par prefixe de campagne (25 identifiants reutilises entre 2014 et 2015)
DURANCE16S_14Ain1041Pt02A	ERS31168649	14Ain1041Pt02A	biological	host subject id	Ain1041	14Ain1041	identifiant rendu unique par prefixe de campagne (25 identifiants reutilises entre 2014 et 2015)
DURANCE16S_14Ain1041Pt03A	ERS31168469	14Ain1041Pt03A	biological	host subject id	Ain1041	14Ain1041	identifiant rendu unique par prefixe de campagne (25 identifiants reutilises entre 2014 et 2015)
DURANCE16S_14Ain1041Pt05A	ERS31168277	14Ain1041Pt05A	biological	host subject id	Ain1041	14Ain1041	identifiant rendu unique par prefixe de campagne (25 identifiants reutilises entre 2014 et 2015)
DURANCE16S_14Ain1042Pt01A	ERS31168097	14Ain1042Pt01A	biological	host subject id	Ain1042	14Ain1042	identifiant rendu unique par prefixe de campagne (25 identifiants reutilises entre 2014 et 2015)
DURANCE16S_14Ain1042Pt02A	ERS31168661	14Ain1042Pt02A	biological	host subject id	Ain1042	14Ain1042	identifiant rendu unique par prefixe de campagne (25 identifiants reutilises entre 2014 et 2015)
DURANCE16S_14Ain1042Pt03A	ERS31168481	14Ain1042Pt03A	biological	host subject id	Ain1042	14Ain1042	identifiant rendu unique par prefixe de campagne (25 identifiants reutilises entre 2014 et 2015)
DURANCE16S_14Ain1042Pt05A	ERS31168289	14Ain1042Pt05A	biological	host subject id	Ain1042	14Ain1042	identifiant rendu unique par prefixe de campagne (25 identifiants reutilises entre 2014 et 2015)
DURANCE16S_14Ain1043Pt01A	ERS31168109	14Ain1043Pt01A	biological	host subject id	Ain1043	14Ain1043	identifiant rendu unique par prefixe de campagne (25 identifiants reutilises entre 2014 et 2015)
DURANCE16S_14Ain1043Pt02A	ERS31168673	14Ain1043Pt02A	biological	host subject id	Ain1043	14Ain1043	identifiant rendu unique par prefixe de campagne (25 identifiants reutilises entre 2014 et 2015)
DURANCE16S_14Ain1043Pt03A	ERS31168493	14Ain1043Pt03A	biological	host subject id	Ain1043	14Ain1043	identifiant rendu unique par prefixe de campagne (25 identifiants reutilises entre 2014 et 2015)
DURANCE16S_14Ain1043Pt05A	ERS31168301	14Ain1043Pt05A	biological	host subject id	Ain1043	14Ain1043	identifiant rendu unique par prefixe de campagne (25 identifiants reutilises entre 2014 et 2015)
DURANCE16S_14Avi1001Cn01A	ERS31168064	14Avi1001Cn01A	biological	host subject id	Avi1001	14Avi1001	identifiant rendu unique par prefixe de campagne (25 identifiants reutilises entre 2014 et 2015)
DURANCE16S_14Avi1001Cn02A	ERS31168628	14Avi1001Cn02A	biological	host subject id	Avi1001	14Avi1001	identifiant rendu unique par prefixe de campagne (25 identifiants reutilises entre 2014 et 2015)
DURANCE16S_14Avi1001Cn03A	ERS31168448	14Avi1001Cn03A	biological	host subject id	Avi1001	14Avi1001	identifiant rendu unique par prefixe de campagne (25 identifiants reutilises entre 2014 et 2015)
DURANCE16S_14Avi1001Cn05A	ERS31168256	14Avi1001Cn05A	biological	host subject id	Avi1001	14Avi1001	identifiant rendu unique par prefixe de campagne (25 identifiants reutilises entre 2014 et 2015)
DURANCE16S_14Avi1002Cn01A	ERS31168076	14Avi1002Cn01A	biological	host subject id	Avi1002	14Avi1002	identifiant rendu unique par prefixe de campagne (25 identifiants reutilises entre 2014 et 2015)
DURANCE16S_14Avi1002Cn02A	ERS31168640	14Avi1002Cn02A	biological	host subject id	Avi1002	14Avi1002	identifiant rendu unique par prefixe de campagne (25 identifiants reutilises entre 2014 et 2015)
DURANCE16S_14Avi1002Cn03A	ERS31168460	14Avi1002Cn03A	biological	host subject id	Avi1002	14Avi1002	identifiant rendu unique par prefixe de campagne (25 identifiants reutilises entre 2014 et 2015)
DURANCE16S_14Avi1002Cn05A	ERS31168268	14Avi1002Cn05A	biological	host subject id	Avi1002	14Avi1002	identifiant rendu unique par prefixe de campagne (25 identifiants reutilises entre 2014 et 2015)
DURANCE16S_14Avi1003Cn01A	ERS31168088	14Avi1003Cn01A	biological	host subject id	Avi1003	14Avi1003	identifiant rendu unique par prefixe de campagne (25 identifiants reutilises entre 2014 et 2015)
DURANCE16S_14Avi1003Cn02A	ERS31168652	14Avi1003Cn02A	biological	host subject id	Avi1003	14Avi1003	identifiant rendu unique par prefixe de campagne (25 identifiants reutilises entre 2014 et 2015)
DURANCE16S_14Avi1003Cn03A	ERS31168472	14Avi1003Cn03A	biological	host subject id	Avi1003	14Avi1003	identifiant rendu unique par prefixe de campagne (25 identifiants reutilises entre 2014 et 2015)
DURANCE16S_14Avi1003Cn05A	ERS31168280	14Avi1003Cn05A	biological	host subject id	Avi1003	14Avi1003	identifiant rendu unique par prefixe de campagne (25 identifiants reutilises entre 2014 et 2015)
DURANCE16S_14Avi1004Cn01A	ERS31168100	14Avi1004Cn01A	biological	host subject id	Avi1004	14Avi1004	identifiant rendu unique par prefixe de campagne (25 identifiants reutilises entre 2014 et 2015)
DURANCE16S_14Avi1004Cn02A	ERS31168664	14Avi1004Cn02A	biological	host subject id	Avi1004	14Avi1004	identifiant rendu unique par prefixe de campagne (25 identifiants reutilises entre 2014 et 2015)
DURANCE16S_14Avi1004Cn03A	ERS31168484	14Avi1004Cn03A	biological	host subject id	Avi1004	14Avi1004	identifiant rendu unique par prefixe de campagne (25 identifiants reutilises entre 2014 et 2015)
DURANCE16S_14Avi1004Cn05A	ERS31168292	14Avi1004Cn05A	biological	host subject id	Avi1004	14Avi1004	identifiant rendu unique par prefixe de campagne (25 identifiants reutilises entre 2014 et 2015)
DURANCE16S_14Avi1005Cn01A	ERS31168112	14Avi1005Cn01A	biological	host subject id	Avi1005	14Avi1005	identifiant rendu unique par prefixe de campagne (25 identifiants reutilises entre 2014 et 2015)
DURANCE16S_14Avi1005Cn02A	ERS31168676	14Avi1005Cn02A	biological	host subject id	Avi1005	14Avi1005	identifiant rendu unique par prefixe de campagne (25 identifiants reutilises entre 2014 et 2015)
DURANCE16S_14Avi1005Cn03A	ERS31168496	14Avi1005Cn03A	biological	host subject id	Avi1005	14Avi1005	identifiant rendu unique par prefixe de campagne (25 identifiants reutilises entre 2014 et 2015)
DURANCE16S_14Avi1005Cn05A	ERS31168304	14Avi1005Cn05A	biological	host subject id	Avi1005	14Avi1005	identifiant rendu unique par prefixe de campagne (25 identifiants reutilises entre 2014 et 2015)
DURANCE16S_14Avi1006Cn01A	ERS31168124	14Avi1006Cn01A	biological	host subject id	Avi1006	14Avi1006	identifiant rendu unique par prefixe de campagne (25 identifiants reutilises entre 2014 et 2015)
DURANCE16S_14Avi1006Cn02A	ERS31168688	14Avi1006Cn02A	biological	host subject id	Avi1006	14Avi1006	identifiant rendu unique par prefixe de campagne (25 identifiants reutilises entre 2014 et 2015)
DURANCE16S_14Avi1006Cn03A	ERS31168508	14Avi1006Cn03A	biological	host subject id	Avi1006	14Avi1006	identifiant rendu unique par prefixe de campagne (25 identifiants reutilises entre 2014 et 2015)
DURANCE16S_14Avi1006Cn05A	ERS31168316	14Avi1006Cn05A	biological	host subject id	Avi1006	14Avi1006	identifiant rendu unique par prefixe de campagne (25 identifiants reutilises entre 2014 et 2015)
DURANCE16S_14Avi1007Cn01A	ERS31168136	14Avi1007Cn01A	biological	host subject id	Avi1007	14Avi1007	identifiant rendu unique par prefixe de campagne (25 identifiants reutilises entre 2014 et 2015)
DURANCE16S_14Avi1007Cn02A	ERS31168700	14Avi1007Cn02A	biological	host subject id	Avi1007	14Avi1007	identifiant rendu unique par prefixe de campagne (25 identifiants reutilises entre 2014 et 2015)
DURANCE16S_14Avi1007Cn03A	ERS31168520	14Avi1007Cn03A	biological	host subject id	Avi1007	14Avi1007	identifiant rendu unique par prefixe de campagne (25 identifiants reutilises entre 2014 et 2015)
DURANCE16S_14Avi1007Cn05A	ERS31168328	14Avi1007Cn05A	biological	host subject id	Avi1007	14Avi1007	identifiant rendu unique par prefixe de campagne (25 identifiants reutilises entre 2014 et 2015)
DURANCE16S_14Avi1008Cn01A	ERS31168053	14Avi1008Cn01A	biological	host subject id	Avi1008	14Avi1008	identifiant rendu unique par prefixe de campagne (25 identifiants reutilises entre 2014 et 2015)
DURANCE16S_14Avi1008Cn02A	ERS31168712	14Avi1008Cn02A	biological	host subject id	Avi1008	14Avi1008	identifiant rendu unique par prefixe de campagne (25 identifiants reutilises entre 2014 et 2015)
DURANCE16S_14Avi1008Cn03A	ERS31168437	14Avi1008Cn03A	biological	host subject id	Avi1008	14Avi1008	identifiant rendu unique par prefixe de campagne (25 identifiants reutilises entre 2014 et 2015)
DURANCE16S_14Avi1008Cn05A	ERS31168245	14Avi1008Cn05A	biological	host subject id	Avi1008	14Avi1008	identifiant rendu unique par prefixe de campagne (25 identifiants reutilises entre 2014 et 2015)
DURANCE16S_14Avi1036-Cn03A	ERS31168449	14Avi1036 Cn03A	biological	host subject id	Avi1036	14Avi1036	identifiant rendu unique par prefixe de campagne (25 identifiants reutilises entre 2014 et 2015)
DURANCE16S_14Avi1036Cn01A	ERS31168065	14Avi1036Cn01A	biological	host subject id	Avi1036	14Avi1036	identifiant rendu unique par prefixe de campagne (25 identifiants reutilises entre 2014 et 2015)
DURANCE16S_14Avi1036Cn02A	ERS31168629	14Avi1036Cn02A	biological	host subject id	Avi1036	14Avi1036	identifiant rendu unique par prefixe de campagne (25 identifiants reutilises entre 2014 et 2015)
DURANCE16S_14Avi1036Cn05A	ERS31168257	14Avi1036Cn05A	biological	host subject id	Avi1036	14Avi1036	identifiant rendu unique par prefixe de campagne (25 identifiants reutilises entre 2014 et 2015)
DURANCE16S_14Avi1037-01A	ERS31168077	14Avi1037 01A	biological	host subject id	Avi1037	14Avi1037	identifiant rendu unique par prefixe de campagne (25 identifiants reutilises entre 2014 et 2015)
DURANCE16S_14Avi1037Cn02A	ERS31168641	14Avi1037Cn02A	biological	host subject id	Avi1037	14Avi1037	identifiant rendu unique par prefixe de campagne (25 identifiants reutilises entre 2014 et 2015)
DURANCE16S_14Avi1037Cn03A	ERS31168461	14Avi1037Cn03A	biological	host subject id	Avi1037	14Avi1037	identifiant rendu unique par prefixe de campagne (25 identifiants reutilises entre 2014 et 2015)
DURANCE16S_14Avi1037Cn05A	ERS31168269	14Avi1037Cn05A	biological	host subject id	Avi1037	14Avi1037	identifiant rendu unique par prefixe de campagne (25 identifiants reutilises entre 2014 et 2015)
DURANCE16S_14Avi1038Cn01A	ERS31168089	14Avi1038Cn01A	biological	host subject id	Avi1038	14Avi1038	identifiant rendu unique par prefixe de campagne (25 identifiants reutilises entre 2014 et 2015)
DURANCE16S_14Avi1038Cn02A	ERS31168653	14Avi1038Cn02A	biological	host subject id	Avi1038	14Avi1038	identifiant rendu unique par prefixe de campagne (25 identifiants reutilises entre 2014 et 2015)
DURANCE16S_14Avi1038Cn03A	ERS31168473	14Avi1038Cn03A	biological	host subject id	Avi1038	14Avi1038	identifiant rendu unique par prefixe de campagne (25 identifiants reutilises entre 2014 et 2015)
DURANCE16S_14Avi1038Cn05A	ERS31168281	14Avi1038Cn05A	biological	host subject id	Avi1038	14Avi1038	identifiant rendu unique par prefixe de campagne (25 identifiants reutilises entre 2014 et 2015)
DURANCE16S_14Bue1001Cn01A	ERS31168101	14Bue1001Cn01A	biological	host subject id	Bue1001	14Bue1001	identifiant rendu unique par prefixe de campagne (25 identifiants reutilises entre 2014 et 2015)
DURANCE16S_14Bue1001Cn02A	ERS31168665	14Bue1001Cn02A	biological	host subject id	Bue1001	14Bue1001	identifiant rendu unique par prefixe de campagne (25 identifiants reutilises entre 2014 et 2015)
DURANCE16S_14Bue1001Cn03A	ERS31168485	14Bue1001Cn03A	biological	host subject id	Bue1001	14Bue1001	identifiant rendu unique par prefixe de campagne (25 identifiants reutilises entre 2014 et 2015)
DURANCE16S_14Bue1001Cn05A	ERS31168293	14Bue1001Cn05A	biological	host subject id	Bue1001	14Bue1001	identifiant rendu unique par prefixe de campagne (25 identifiants reutilises entre 2014 et 2015)
DURANCE16S_14Bue1002Cn01A	ERS31168113	14Bue1002Cn01A	biological	host subject id	Bue1002	14Bue1002	identifiant rendu unique par prefixe de campagne (25 identifiants reutilises entre 2014 et 2015)
DURANCE16S_14Bue1002Cn02A	ERS31168677	14Bue1002Cn02A	biological	host subject id	Bue1002	14Bue1002	identifiant rendu unique par prefixe de campagne (25 identifiants reutilises entre 2014 et 2015)
DURANCE16S_14Bue1002Cn03A	ERS31168497	14Bue1002Cn03A	biological	host subject id	Bue1002	14Bue1002	identifiant rendu unique par prefixe de campagne (25 identifiants reutilises entre 2014 et 2015)
DURANCE16S_14Bue1002Cn05A	ERS31168305	14Bue1002Cn05A	biological	host subject id	Bue1002	14Bue1002	identifiant rendu unique par prefixe de campagne (25 identifiants reutilises entre 2014 et 2015)
DURANCE16S_14Bue1003Cn01A	ERS31168125	14Bue1003Cn01A	biological	host subject id	Bue1003	14Bue1003	identifiant rendu unique par prefixe de campagne (25 identifiants reutilises entre 2014 et 2015)
DURANCE16S_14Bue1003Cn02A	ERS31168689	14Bue1003Cn02A	biological	host subject id	Bue1003	14Bue1003	identifiant rendu unique par prefixe de campagne (25 identifiants reutilises entre 2014 et 2015)
DURANCE16S_14Bue1003Cn03A	ERS31168509	14Bue1003Cn03A	biological	host subject id	Bue1003	14Bue1003	identifiant rendu unique par prefixe de campagne (25 identifiants reutilises entre 2014 et 2015)
DURANCE16S_14Bue1003Cn05A	ERS31168317	14Bue1003Cn05A	biological	host subject id	Bue1003	14Bue1003	identifiant rendu unique par prefixe de campagne (25 identifiants reutilises entre 2014 et 2015)
DURANCE16S_14Bue1004Cn01A	ERS31168137	14Bue1004Cn01A	biological	host subject id	Bue1004	14Bue1004	identifiant rendu unique par prefixe de campagne (25 identifiants reutilises entre 2014 et 2015)
DURANCE16S_14Bue1004Cn02A	ERS31168701	14Bue1004Cn02A	biological	host subject id	Bue1004	14Bue1004	identifiant rendu unique par prefixe de campagne (25 identifiants reutilises entre 2014 et 2015)
DURANCE16S_14Bue1004Cn03A	ERS31168521	14Bue1004Cn03A	biological	host subject id	Bue1004	14Bue1004	identifiant rendu unique par prefixe de campagne (25 identifiants reutilises entre 2014 et 2015)
DURANCE16S_14Bue1004Cn05A	ERS31168329	14Bue1004Cn05A	biological	host subject id	Bue1004	14Bue1004	identifiant rendu unique par prefixe de campagne (25 identifiants reutilises entre 2014 et 2015)
DURANCE16S_14Bue1005Cn01A	ERS31168054	14Bue1005Cn01A	biological	host subject id	Bue1005	14Bue1005	identifiant rendu unique par prefixe de campagne (25 identifiants reutilises entre 2014 et 2015)
DURANCE16S_14Bue1005Cn02A	ERS31168713	14Bue1005Cn02A	biological	host subject id	Bue1005	14Bue1005	identifiant rendu unique par prefixe de campagne (25 identifiants reutilises entre 2014 et 2015)
DURANCE16S_14Bue1005Cn03A	ERS31168438	14Bue1005Cn03A	biological	host subject id	Bue1005	14Bue1005	identifiant rendu unique par prefixe de campagne (25 identifiants reutilises entre 2014 et 2015)
DURANCE16S_14Bue1005Cn05A	ERS31168246	14Bue1005Cn05A	biological	host subject id	Bue1005	14Bue1005	identifiant rendu unique par prefixe de campagne (25 identifiants reutilises entre 2014 et 2015)
DURANCE16S_14Bue1006Cn01A	ERS31168066	14Bue1006Cn01A	biological	host subject id	Bue1006	14Bue1006	identifiant rendu unique par prefixe de campagne (25 identifiants reutilises entre 2014 et 2015)
DURANCE16S_14Bue1006Cn02A	ERS31168630	14Bue1006Cn02A	biological	host subject id	Bue1006	14Bue1006	identifiant rendu unique par prefixe de campagne (25 identifiants reutilises entre 2014 et 2015)
DURANCE16S_14Bue1006Cn03A	ERS31168450	14Bue1006Cn03A	biological	host subject id	Bue1006	14Bue1006	identifiant rendu unique par prefixe de campagne (25 identifiants reutilises entre 2014 et 2015)
DURANCE16S_14Bue1006Cn05A	ERS31168258	14Bue1006Cn05A	biological	host subject id	Bue1006	14Bue1006	identifiant rendu unique par prefixe de campagne (25 identifiants reutilises entre 2014 et 2015)
DURANCE16S_14Bue1006Cn05Abis	ERS31168270	14Bue1006Cn05Abis	biological	host subject id	Bue1006	14Bue1006	identifiant rendu unique par prefixe de campagne (25 identifiants reutilises entre 2014 et 2015)
DURANCE16S_14Bue1007Cn01A	ERS31168078	14Bue1007Cn01A	biological	host subject id	Bue1007	14Bue1007	identifiant rendu unique par prefixe de campagne (25 identifiants reutilises entre 2014 et 2015)
DURANCE16S_14Bue1007Cn02A	ERS31168642	14Bue1007Cn02A	biological	host subject id	Bue1007	14Bue1007	identifiant rendu unique par prefixe de campagne (25 identifiants reutilises entre 2014 et 2015)
DURANCE16S_14Bue1007Cn03A	ERS31168462	14Bue1007Cn03A	biological	host subject id	Bue1007	14Bue1007	identifiant rendu unique par prefixe de campagne (25 identifiants reutilises entre 2014 et 2015)
DURANCE16S_14Bue1007Cn05A	ERS31168282	14Bue1007Cn05A	biological	host subject id	Bue1007	14Bue1007	identifiant rendu unique par prefixe de campagne (25 identifiants reutilises entre 2014 et 2015)
DURANCE16S_14Bue1008Cn01A	ERS31168090	14Bue1008Cn01A	biological	host subject id	Bue1008	14Bue1008	identifiant rendu unique par prefixe de campagne (25 identifiants reutilises entre 2014 et 2015)
DURANCE16S_14Bue1008Cn02A	ERS31168654	14Bue1008Cn02A	biological	host subject id	Bue1008	14Bue1008	identifiant rendu unique par prefixe de campagne (25 identifiants reutilises entre 2014 et 2015)
DURANCE16S_14Bue1008Cn03A	ERS31168474	14Bue1008Cn03A	biological	host subject id	Bue1008	14Bue1008	identifiant rendu unique par prefixe de campagne (25 identifiants reutilises entre 2014 et 2015)
DURANCE16S_14Bue1008Cn05A	ERS31168294	14Bue1008Cn05A	biological	host subject id	Bue1008	14Bue1008	identifiant rendu unique par prefixe de campagne (25 identifiants reutilises entre 2014 et 2015)
DURANCE16S_14Bue1011Ch01A	ERS31168102	14Bue1011Ch01A	biological	host subject id	Bue1011	14Bue1011	identifiant rendu unique par prefixe de campagne (25 identifiants reutilises entre 2014 et 2015)
DURANCE16S_14Bue1011Ch02A	ERS31168666	14Bue1011Ch02A	biological	host subject id	Bue1011	14Bue1011	identifiant rendu unique par prefixe de campagne (25 identifiants reutilises entre 2014 et 2015)
DURANCE16S_14Bue1011Ch03A	ERS31168486	14Bue1011Ch03A	biological	host subject id	Bue1011	14Bue1011	identifiant rendu unique par prefixe de campagne (25 identifiants reutilises entre 2014 et 2015)
DURANCE16S_14Bue1011Ch05A	ERS31168306	14Bue1011Ch05A	biological	host subject id	Bue1011	14Bue1011	identifiant rendu unique par prefixe de campagne (25 identifiants reutilises entre 2014 et 2015)
DURANCE16S_14Bue1012Ch01A	ERS31168114	14Bue1012Ch01A	biological	host subject id	Bue1012	14Bue1012	identifiant rendu unique par prefixe de campagne (25 identifiants reutilises entre 2014 et 2015)
DURANCE16S_14Bue1012Ch02A	ERS31168678	14Bue1012Ch02A	biological	host subject id	Bue1012	14Bue1012	identifiant rendu unique par prefixe de campagne (25 identifiants reutilises entre 2014 et 2015)
DURANCE16S_14Bue1012Ch03A	ERS31168498	14Bue1012Ch03A	biological	host subject id	Bue1012	14Bue1012	identifiant rendu unique par prefixe de campagne (25 identifiants reutilises entre 2014 et 2015)
DURANCE16S_14Bue1012Ch05A	ERS31168318	14Bue1012Ch05A	biological	host subject id	Bue1012	14Bue1012	identifiant rendu unique par prefixe de campagne (25 identifiants reutilises entre 2014 et 2015)
DURANCE16S_14Bue1013Ch01A	ERS31168126	14Bue1013Ch01A	biological	host subject id	Bue1013	14Bue1013	identifiant rendu unique par prefixe de campagne (25 identifiants reutilises entre 2014 et 2015)
DURANCE16S_14Bue1013Ch02A	ERS31168690	14Bue1013Ch02A	biological	host subject id	Bue1013	14Bue1013	identifiant rendu unique par prefixe de campagne (25 identifiants reutilises entre 2014 et 2015)
DURANCE16S_14Bue1013Ch03A	ERS31168510	14Bue1013Ch03A	biological	host subject id	Bue1013	14Bue1013	identifiant rendu unique par prefixe de campagne (25 identifiants reutilises entre 2014 et 2015)
DURANCE16S_14Bue1013Ch05A	ERS31168330	14Bue1013Ch05A	biological	host subject id	Bue1013	14Bue1013	identifiant rendu unique par prefixe de campagne (25 identifiants reutilises entre 2014 et 2015)
DURANCE16S_14Bue1014Ch01A	ERS31168138	14Bue1014Ch01A	biological	host subject id	Bue1014	14Bue1014	identifiant rendu unique par prefixe de campagne (25 identifiants reutilises entre 2014 et 2015)
DURANCE16S_14Bue1014Ch02A	ERS31168702	14Bue1014Ch02A	biological	host subject id	Bue1014	14Bue1014	identifiant rendu unique par prefixe de campagne (25 identifiants reutilises entre 2014 et 2015)
DURANCE16S_14Bue1014Ch03A	ERS31168522	14Bue1014Ch03A	biological	host subject id	Bue1014	14Bue1014	identifiant rendu unique par prefixe de campagne (25 identifiants reutilises entre 2014 et 2015)
DURANCE16S_14Bue1014Ch05A	ERS31168247	14Bue1014Ch05A	biological	host subject id	Bue1014	14Bue1014	identifiant rendu unique par prefixe de campagne (25 identifiants reutilises entre 2014 et 2015)
DURANCE16S_14Bue1015Ch01A	ERS31168055	14Bue1015Ch01A	biological	host subject id	Bue1015	14Bue1015	identifiant rendu unique par prefixe de campagne (25 identifiants reutilises entre 2014 et 2015)
DURANCE16S_14Bue1015Ch02A	ERS31168714	14Bue1015Ch02A	biological	host subject id	Bue1015	14Bue1015	identifiant rendu unique par prefixe de campagne (25 identifiants reutilises entre 2014 et 2015)
DURANCE16S_14Bue1015Ch03A	ERS31168439	14Bue1015Ch03A	biological	host subject id	Bue1015	14Bue1015	identifiant rendu unique par prefixe de campagne (25 identifiants reutilises entre 2014 et 2015)
DURANCE16S_14Bue1015Ch05A	ERS31168259	14Bue1015Ch05A	biological	host subject id	Bue1015	14Bue1015	identifiant rendu unique par prefixe de campagne (25 identifiants reutilises entre 2014 et 2015)
DURANCE16S_14Bue1016Ch01A	ERS31168067	14Bue1016Ch01A	biological	host subject id	Bue1016	14Bue1016	identifiant rendu unique par prefixe de campagne (25 identifiants reutilises entre 2014 et 2015)
DURANCE16S_14Bue1016Ch02A	ERS31168631	14Bue1016Ch02A	biological	host subject id	Bue1016	14Bue1016	identifiant rendu unique par prefixe de campagne (25 identifiants reutilises entre 2014 et 2015)
DURANCE16S_14Bue1016Ch03A	ERS31168451	14Bue1016Ch03A	biological	host subject id	Bue1016	14Bue1016	identifiant rendu unique par prefixe de campagne (25 identifiants reutilises entre 2014 et 2015)
DURANCE16S_14Bue1017Ch01A	ERS31168079	14Bue1017Ch01A	biological	host subject id	Bue1017	14Bue1017	identifiant rendu unique par prefixe de campagne (25 identifiants reutilises entre 2014 et 2015)
DURANCE16S_14Bue1017Ch02A	ERS31168643	14Bue1017Ch02A	biological	host subject id	Bue1017	14Bue1017	identifiant rendu unique par prefixe de campagne (25 identifiants reutilises entre 2014 et 2015)
DURANCE16S_14Bue1017Ch03A	ERS31168463	14Bue1017Ch03A	biological	host subject id	Bue1017	14Bue1017	identifiant rendu unique par prefixe de campagne (25 identifiants reutilises entre 2014 et 2015)
DURANCE16S_14Bue1017Ch05A	ERS31168271	14Bue1017Ch05A	biological	host subject id	Bue1017	14Bue1017	identifiant rendu unique par prefixe de campagne (25 identifiants reutilises entre 2014 et 2015)
DURANCE16S_14Bue1018Ch01A	ERS31168091	14Bue1018Ch01A	biological	host subject id	Bue1018	14Bue1018	identifiant rendu unique par prefixe de campagne (25 identifiants reutilises entre 2014 et 2015)
DURANCE16S_14Bue1018Ch02A	ERS31168655	14Bue1018Ch02A	biological	host subject id	Bue1018	14Bue1018	identifiant rendu unique par prefixe de campagne (25 identifiants reutilises entre 2014 et 2015)
DURANCE16S_14Bue1018Ch03A	ERS31168475	14Bue1018Ch03A	biological	host subject id	Bue1018	14Bue1018	identifiant rendu unique par prefixe de campagne (25 identifiants reutilises entre 2014 et 2015)
DURANCE16S_14Bue1018Ch05A	ERS31168283	14Bue1018Ch05A	biological	host subject id	Bue1018	14Bue1018	identifiant rendu unique par prefixe de campagne (25 identifiants reutilises entre 2014 et 2015)
DURANCE16S_14Bue1019Ch01A	ERS31168103	14Bue1019Ch01A	biological	host subject id	Bue1019	14Bue1019	identifiant rendu unique par prefixe de campagne (25 identifiants reutilises entre 2014 et 2015)
DURANCE16S_14Bue1019Ch02A	ERS31168667	14Bue1019Ch02A	biological	host subject id	Bue1019	14Bue1019	identifiant rendu unique par prefixe de campagne (25 identifiants reutilises entre 2014 et 2015)
DURANCE16S_14Bue1019Ch03A	ERS31168487	14Bue1019Ch03A	biological	host subject id	Bue1019	14Bue1019	identifiant rendu unique par prefixe de campagne (25 identifiants reutilises entre 2014 et 2015)
DURANCE16S_14Bue1019Ch05A	ERS31168295	14Bue1019Ch05A	biological	host subject id	Bue1019	14Bue1019	identifiant rendu unique par prefixe de campagne (25 identifiants reutilises entre 2014 et 2015)
DURANCE16S_14Man1001Cn01A	ERS31168115	14Man1001Cn01A	biological	host subject id	Man1001	14Man1001	identifiant rendu unique par prefixe de campagne (25 identifiants reutilises entre 2014 et 2015)
DURANCE16S_14Man1001Cn02A	ERS31168679	14Man1001Cn02A	biological	host subject id	Man1001	14Man1001	identifiant rendu unique par prefixe de campagne (25 identifiants reutilises entre 2014 et 2015)
DURANCE16S_14Man1001Cn03A	ERS31168499	14Man1001Cn03A	biological	host subject id	Man1001	14Man1001	identifiant rendu unique par prefixe de campagne (25 identifiants reutilises entre 2014 et 2015)
DURANCE16S_14Man1001Cn05A	ERS31168307	14Man1001Cn05A	biological	host subject id	Man1001	14Man1001	identifiant rendu unique par prefixe de campagne (25 identifiants reutilises entre 2014 et 2015)
DURANCE16S_14Man1002Cn01A	ERS31168127	14Man1002Cn01A	biological	host subject id	Man1002	14Man1002	identifiant rendu unique par prefixe de campagne (25 identifiants reutilises entre 2014 et 2015)
DURANCE16S_14Man1002Cn02A	ERS31168691	14Man1002Cn02A	biological	host subject id	Man1002	14Man1002	identifiant rendu unique par prefixe de campagne (25 identifiants reutilises entre 2014 et 2015)
DURANCE16S_14Man1002Cn03A	ERS31168511	14Man1002Cn03A	biological	host subject id	Man1002	14Man1002	identifiant rendu unique par prefixe de campagne (25 identifiants reutilises entre 2014 et 2015)
DURANCE16S_14Man1002Cn05A	ERS31168319	14Man1002Cn05A	biological	host subject id	Man1002	14Man1002	identifiant rendu unique par prefixe de campagne (25 identifiants reutilises entre 2014 et 2015)
DURANCE16S_14Man1010Cn01A	ERS31168139	14Man1010Cn01A	biological	host subject id	Man1010	14Man1010	identifiant rendu unique par prefixe de campagne (25 identifiants reutilises entre 2014 et 2015)
DURANCE16S_14Man1010Cn02A	ERS31168703	14Man1010Cn02A	biological	host subject id	Man1010	14Man1010	identifiant rendu unique par prefixe de campagne (25 identifiants reutilises entre 2014 et 2015)
DURANCE16S_14Man1010Cn03A	ERS31168523	14Man1010Cn03A	biological	host subject id	Man1010	14Man1010	identifiant rendu unique par prefixe de campagne (25 identifiants reutilises entre 2014 et 2015)
DURANCE16S_14Man1010Cn05A	ERS31168331	14Man1010Cn05A	biological	host subject id	Man1010	14Man1010	identifiant rendu unique par prefixe de campagne (25 identifiants reutilises entre 2014 et 2015)
DURANCE16S_14Man1011Ch01A	ERS31168056	14Man1011Ch01A	biological	host subject id	Man1011	14Man1011	identifiant rendu unique par prefixe de campagne (25 identifiants reutilises entre 2014 et 2015)
DURANCE16S_14Man1011Ch02A	ERS31168715	14Man1011Ch02A	biological	host subject id	Man1011	14Man1011	identifiant rendu unique par prefixe de campagne (25 identifiants reutilises entre 2014 et 2015)
DURANCE16S_14Man1011Ch03A	ERS31168440	14Man1011Ch03A	biological	host subject id	Man1011	14Man1011	identifiant rendu unique par prefixe de campagne (25 identifiants reutilises entre 2014 et 2015)
DURANCE16S_14Man1011Ch05A	ERS31168248	14Man1011Ch05A	biological	host subject id	Man1011	14Man1011	identifiant rendu unique par prefixe de campagne (25 identifiants reutilises entre 2014 et 2015)
DURANCE16S_14Man1012Ch01A	ERS31168068	14Man1012Ch01A	biological	host subject id	Man1012	14Man1012	identifiant rendu unique par prefixe de campagne (25 identifiants reutilises entre 2014 et 2015)
DURANCE16S_14Man1012Ch02A	ERS31168632	14Man1012Ch02A	biological	host subject id	Man1012	14Man1012	identifiant rendu unique par prefixe de campagne (25 identifiants reutilises entre 2014 et 2015)
DURANCE16S_14Man1012Ch03A	ERS31168452	14Man1012Ch03A	biological	host subject id	Man1012	14Man1012	identifiant rendu unique par prefixe de campagne (25 identifiants reutilises entre 2014 et 2015)
DURANCE16S_14Man1012Ch05A	ERS31168260	14Man1012Ch05A	biological	host subject id	Man1012	14Man1012	identifiant rendu unique par prefixe de campagne (25 identifiants reutilises entre 2014 et 2015)
DURANCE16S_14Man1013Ch01A	ERS31168080	14Man1013Ch01A	biological	host subject id	Man1013	14Man1013	identifiant rendu unique par prefixe de campagne (25 identifiants reutilises entre 2014 et 2015)
DURANCE16S_14Man1013Ch02A	ERS31168644	14Man1013Ch02A	biological	host subject id	Man1013	14Man1013	identifiant rendu unique par prefixe de campagne (25 identifiants reutilises entre 2014 et 2015)
DURANCE16S_14Man1013Ch03A	ERS31168464	14Man1013Ch03A	biological	host subject id	Man1013	14Man1013	identifiant rendu unique par prefixe de campagne (25 identifiants reutilises entre 2014 et 2015)
DURANCE16S_14Man1013Ch05A	ERS31168272	14Man1013Ch05A	biological	host subject id	Man1013	14Man1013	identifiant rendu unique par prefixe de campagne (25 identifiants reutilises entre 2014 et 2015)
DURANCE16S_14Man1014Ch01A	ERS31168092	14Man1014Ch01A	biological	host subject id	Man1014	14Man1014	identifiant rendu unique par prefixe de campagne (25 identifiants reutilises entre 2014 et 2015)
DURANCE16S_14Man1014Ch02A	ERS31168656	14Man1014Ch02A	biological	host subject id	Man1014	14Man1014	identifiant rendu unique par prefixe de campagne (25 identifiants reutilises entre 2014 et 2015)
DURANCE16S_14Man1014Ch03A	ERS31168476	14Man1014Ch03A	biological	host subject id	Man1014	14Man1014	identifiant rendu unique par prefixe de campagne (25 identifiants reutilises entre 2014 et 2015)
DURANCE16S_14Man1014Ch05A	ERS31168284	14Man1014Ch05A	biological	host subject id	Man1014	14Man1014	identifiant rendu unique par prefixe de campagne (25 identifiants reutilises entre 2014 et 2015)
DURANCE16S_14Man1015Ch01A	ERS31168104	14Man1015Ch01A	biological	host subject id	Man1015	14Man1015	identifiant rendu unique par prefixe de campagne (25 identifiants reutilises entre 2014 et 2015)
DURANCE16S_14Man1015Ch02A	ERS31168668	14Man1015Ch02A	biological	host subject id	Man1015	14Man1015	identifiant rendu unique par prefixe de campagne (25 identifiants reutilises entre 2014 et 2015)
DURANCE16S_14Man1015Ch03A	ERS31168488	14Man1015Ch03A	biological	host subject id	Man1015	14Man1015	identifiant rendu unique par prefixe de campagne (25 identifiants reutilises entre 2014 et 2015)
DURANCE16S_14Man1015Ch05A	ERS31168296	14Man1015Ch05A	biological	host subject id	Man1015	14Man1015	identifiant rendu unique par prefixe de campagne (25 identifiants reutilises entre 2014 et 2015)
DURANCE16S_14Man1016Ch01A	ERS31168116	14Man1016Ch01A	biological	host subject id	Man1016	14Man1016	identifiant rendu unique par prefixe de campagne (25 identifiants reutilises entre 2014 et 2015)
DURANCE16S_14Man1016Ch02A	ERS31168680	14Man1016Ch02A	biological	host subject id	Man1016	14Man1016	identifiant rendu unique par prefixe de campagne (25 identifiants reutilises entre 2014 et 2015)
DURANCE16S_14Man1016Ch03A	ERS31168500	14Man1016Ch03A	biological	host subject id	Man1016	14Man1016	identifiant rendu unique par prefixe de campagne (25 identifiants reutilises entre 2014 et 2015)
DURANCE16S_14Man1016Ch05A	ERS31168308	14Man1016Ch05A	biological	host subject id	Man1016	14Man1016	identifiant rendu unique par prefixe de campagne (25 identifiants reutilises entre 2014 et 2015)
DURANCE16S_14Man1017Ch01A	ERS31168128	14Man1017Ch01A	biological	host subject id	Man1017	14Man1017	identifiant rendu unique par prefixe de campagne (25 identifiants reutilises entre 2014 et 2015)
DURANCE16S_14Man1017Ch02A	ERS31168692	14Man1017Ch02A	biological	host subject id	Man1017	14Man1017	identifiant rendu unique par prefixe de campagne (25 identifiants reutilises entre 2014 et 2015)
DURANCE16S_14Man1017Ch03A	ERS31168512	14Man1017Ch03A	biological	host subject id	Man1017	14Man1017	identifiant rendu unique par prefixe de campagne (25 identifiants reutilises entre 2014 et 2015)
DURANCE16S_14Man1017Ch05A	ERS31168320	14Man1017Ch05A	biological	host subject id	Man1017	14Man1017	identifiant rendu unique par prefixe de campagne (25 identifiants reutilises entre 2014 et 2015)
DURANCE16S_14Man1018Ch01A	ERS31168140	14Man1018Ch01A	biological	host subject id	Man1018	14Man1018	identifiant rendu unique par prefixe de campagne (25 identifiants reutilises entre 2014 et 2015)
DURANCE16S_14Man1018Ch02A	ERS31168704	14Man1018Ch02A	biological	host subject id	Man1018	14Man1018	identifiant rendu unique par prefixe de campagne (25 identifiants reutilises entre 2014 et 2015)
DURANCE16S_14Man1018Ch03A	ERS31168524	14Man1018Ch03A	biological	host subject id	Man1018	14Man1018	identifiant rendu unique par prefixe de campagne (25 identifiants reutilises entre 2014 et 2015)
DURANCE16S_14Man1018Ch05A	ERS31168332	14Man1018Ch05A	biological	host subject id	Man1018	14Man1018	identifiant rendu unique par prefixe de campagne (25 identifiants reutilises entre 2014 et 2015)
DURANCE16S_14Man1019Ch01A	ERS31168057	14Man1019Ch01A	biological	host subject id	Man1019	14Man1019	identifiant rendu unique par prefixe de campagne (25 identifiants reutilises entre 2014 et 2015)
DURANCE16S_14Man1019Ch02A	ERS31168716	14Man1019Ch02A	biological	host subject id	Man1019	14Man1019	identifiant rendu unique par prefixe de campagne (25 identifiants reutilises entre 2014 et 2015)
DURANCE16S_14Man1019Ch03A	ERS31168441	14Man1019Ch03A	biological	host subject id	Man1019	14Man1019	identifiant rendu unique par prefixe de campagne (25 identifiants reutilises entre 2014 et 2015)
DURANCE16S_14Man1019Ch05A	ERS31168249	14Man1019Ch05A	biological	host subject id	Man1019	14Man1019	identifiant rendu unique par prefixe de campagne (25 identifiants reutilises entre 2014 et 2015)
DURANCE16S_14Man1020Ch01A	ERS31168069	14Man1020Ch01A	biological	host subject id	Man1020	14Man1020	identifiant rendu unique par prefixe de campagne (25 identifiants reutilises entre 2014 et 2015)
DURANCE16S_14Man1020Ch02A	ERS31168633	14Man1020Ch02A	biological	host subject id	Man1020	14Man1020	identifiant rendu unique par prefixe de campagne (25 identifiants reutilises entre 2014 et 2015)
DURANCE16S_14Man1020Ch03A	ERS31168453	14Man1020Ch03A	biological	host subject id	Man1020	14Man1020	identifiant rendu unique par prefixe de campagne (25 identifiants reutilises entre 2014 et 2015)
DURANCE16S_14Man1020Ch05A	ERS31168261	14Man1020Ch05A	biological	host subject id	Man1020	14Man1020	identifiant rendu unique par prefixe de campagne (25 identifiants reutilises entre 2014 et 2015)
DURANCE16S_14Man1021Ch01A	ERS31168081	14Man1021Ch01A	biological	host subject id	Man1021	14Man1021	identifiant rendu unique par prefixe de campagne (25 identifiants reutilises entre 2014 et 2015)
DURANCE16S_14Man1021Ch02A	ERS31168645	14Man1021Ch02A	biological	host subject id	Man1021	14Man1021	identifiant rendu unique par prefixe de campagne (25 identifiants reutilises entre 2014 et 2015)
DURANCE16S_14Man1021Ch03A	ERS31168465	14Man1021Ch03A	biological	host subject id	Man1021	14Man1021	identifiant rendu unique par prefixe de campagne (25 identifiants reutilises entre 2014 et 2015)
DURANCE16S_14Man1021Ch05A	ERS31168273	14Man1021Ch05A	biological	host subject id	Man1021	14Man1021	identifiant rendu unique par prefixe de campagne (25 identifiants reutilises entre 2014 et 2015)
DURANCE16S_14Man1022Ch01A	ERS31168093	14Man1022Ch01A	biological	host subject id	Man1022	14Man1022	identifiant rendu unique par prefixe de campagne (25 identifiants reutilises entre 2014 et 2015)
DURANCE16S_14Man1022Ch02A	ERS31168657	14Man1022Ch02A	biological	host subject id	Man1022	14Man1022	identifiant rendu unique par prefixe de campagne (25 identifiants reutilises entre 2014 et 2015)
DURANCE16S_14Man1022Ch03A	ERS31168477	14Man1022Ch03A	biological	host subject id	Man1022	14Man1022	identifiant rendu unique par prefixe de campagne (25 identifiants reutilises entre 2014 et 2015)
DURANCE16S_14Man1022Ch05A	ERS31168285	14Man1022Ch05A	biological	host subject id	Man1022	14Man1022	identifiant rendu unique par prefixe de campagne (25 identifiants reutilises entre 2014 et 2015)
DURANCE16S_14Per1011Ch01A	ERS31168105	14Per1011Ch01A	biological	host subject id	Per1011	14Per1011	identifiant rendu unique par prefixe de campagne (25 identifiants reutilises entre 2014 et 2015)
DURANCE16S_14Per1011Ch03A	ERS31168489	14Per1011Ch03A	biological	host subject id	Per1011	14Per1011	identifiant rendu unique par prefixe de campagne (25 identifiants reutilises entre 2014 et 2015)
DURANCE16S_14Per1011Ch05A	ERS31168297	14Per1011Ch05A	biological	host subject id	Per1011	14Per1011	identifiant rendu unique par prefixe de campagne (25 identifiants reutilises entre 2014 et 2015)
DURANCE16S_14Per1012Ch02A	ERS31168681	14Per1012Ch02A	biological	host subject id	Per1012	14Per1012	identifiant rendu unique par prefixe de campagne (25 identifiants reutilises entre 2014 et 2015)
DURANCE16S_14Per1012Ch03A	ERS31168501	14Per1012Ch03A	biological	host subject id	Per1012	14Per1012	identifiant rendu unique par prefixe de campagne (25 identifiants reutilises entre 2014 et 2015)
DURANCE16S_14Per1012Ch05A	ERS31168309	14Per1012Ch05A	biological	host subject id	Per1012	14Per1012	identifiant rendu unique par prefixe de campagne (25 identifiants reutilises entre 2014 et 2015)
DURANCE16S_14Per1013Ch02A	ERS31168693	14Per1013Ch02A	biological	host subject id	Per1013	14Per1013	identifiant rendu unique par prefixe de campagne (25 identifiants reutilises entre 2014 et 2015)
DURANCE16S_14Per1013Ch03A	ERS31168513	14Per1013Ch03A	biological	host subject id	Per1013	14Per1013	identifiant rendu unique par prefixe de campagne (25 identifiants reutilises entre 2014 et 2015)
DURANCE16S_14Per1013Ch05A	ERS31168321	14Per1013Ch05A	biological	host subject id	Per1013	14Per1013	identifiant rendu unique par prefixe de campagne (25 identifiants reutilises entre 2014 et 2015)
DURANCE16S_14Per1014Ch02A	ERS31168705	14Per1014Ch02A	biological	host subject id	Per1014	14Per1014	identifiant rendu unique par prefixe de campagne (25 identifiants reutilises entre 2014 et 2015)
DURANCE16S_14Per1014Ch03A	ERS31168525	14Per1014Ch03A	biological	host subject id	Per1014	14Per1014	identifiant rendu unique par prefixe de campagne (25 identifiants reutilises entre 2014 et 2015)
DURANCE16S_14Per1014Ch05A	ERS31168333	14Per1014Ch05A	biological	host subject id	Per1014	14Per1014	identifiant rendu unique par prefixe de campagne (25 identifiants reutilises entre 2014 et 2015)
DURANCE16S_14Per2011Ch01A	ERS31168058	14Per2011Ch01A	biological	host subject id	Per2011	14Per2011	identifiant rendu unique par prefixe de campagne (25 identifiants reutilises entre 2014 et 2015)
DURANCE16S_14Per2011Ch01A-bis	ERS31168059	14Per2011Ch01A_bis	biological	host subject id	Per2011	14Per2011	identifiant rendu unique par prefixe de campagne (25 identifiants reutilises entre 2014 et 2015)
DURANCE16S_14Per2011Ch02A	ERS31168717	14Per2011Ch02A	biological	host subject id	Per2011	14Per2011	identifiant rendu unique par prefixe de campagne (25 identifiants reutilises entre 2014 et 2015)
DURANCE16S_14Per2011Ch03A	ERS31168442	14Per2011Ch03A	biological	host subject id	Per2011	14Per2011	identifiant rendu unique par prefixe de campagne (25 identifiants reutilises entre 2014 et 2015)
DURANCE16S_14Per2011Ch03A-bis	ERS31168443	14Per2011Ch03A_bis	biological	host subject id	Per2011	14Per2011	identifiant rendu unique par prefixe de campagne (25 identifiants reutilises entre 2014 et 2015)
DURANCE16S_14Per2011Ch05A	ERS31168250	14Per2011Ch05A	biological	host subject id	Per2011	14Per2011	identifiant rendu unique par prefixe de campagne (25 identifiants reutilises entre 2014 et 2015)
DURANCE16S_14Per2011Ch05A-bis	ERS31168251	14Per2011Ch05A_bis	biological	host subject id	Per2011	14Per2011	identifiant rendu unique par prefixe de campagne (25 identifiants reutilises entre 2014 et 2015)
DURANCE16S_14Per2012Ch01A	ERS31168070	14Per2012Ch01A	biological	host subject id	Per2012	14Per2012	identifiant rendu unique par prefixe de campagne (25 identifiants reutilises entre 2014 et 2015)
DURANCE16S_14Per2012Ch01A-bis	ERS31168071	14Per2012Ch01A_bis	biological	host subject id	Per2012	14Per2012	identifiant rendu unique par prefixe de campagne (25 identifiants reutilises entre 2014 et 2015)
DURANCE16S_14Per2012Ch02A	ERS31168634	14Per2012Ch02A	biological	host subject id	Per2012	14Per2012	identifiant rendu unique par prefixe de campagne (25 identifiants reutilises entre 2014 et 2015)
DURANCE16S_14Per2012Ch02A-bis	ERS31168635	14Per2012Ch02A_bis	biological	host subject id	Per2012	14Per2012	identifiant rendu unique par prefixe de campagne (25 identifiants reutilises entre 2014 et 2015)
DURANCE16S_14Per2012Ch03A	ERS31168454	14Per2012Ch03A	biological	host subject id	Per2012	14Per2012	identifiant rendu unique par prefixe de campagne (25 identifiants reutilises entre 2014 et 2015)
DURANCE16S_14Per2012Ch03A-bis	ERS31168455	14Per2012Ch03A_bis	biological	host subject id	Per2012	14Per2012	identifiant rendu unique par prefixe de campagne (25 identifiants reutilises entre 2014 et 2015)
DURANCE16S_14Per2012Ch05A	ERS31168262	14Per2012Ch05A	biological	host subject id	Per2012	14Per2012	identifiant rendu unique par prefixe de campagne (25 identifiants reutilises entre 2014 et 2015)
DURANCE16S_14Per2012Ch05A-bis	ERS31168263	14Per2012Ch05A_bis	biological	host subject id	Per2012	14Per2012	identifiant rendu unique par prefixe de campagne (25 identifiants reutilises entre 2014 et 2015)
DURANCE16S_14Per2013Ch01A	ERS31168082	14Per2013Ch01A	biological	host subject id	Per2013	14Per2013	identifiant rendu unique par prefixe de campagne (25 identifiants reutilises entre 2014 et 2015)
DURANCE16S_14Per2013Ch02A	ERS31168646	14Per2013Ch02A	biological	host subject id	Per2013	14Per2013	identifiant rendu unique par prefixe de campagne (25 identifiants reutilises entre 2014 et 2015)
DURANCE16S_14Per2013Ch02A-bis	ERS31168647	14Per2013Ch02A_bis	biological	host subject id	Per2013	14Per2013	identifiant rendu unique par prefixe de campagne (25 identifiants reutilises entre 2014 et 2015)
DURANCE16S_14Per2013Ch03A	ERS31168466	14Per2013Ch03A	biological	host subject id	Per2013	14Per2013	identifiant rendu unique par prefixe de campagne (25 identifiants reutilises entre 2014 et 2015)
DURANCE16S_14Per2013Ch05A	ERS31168274	14Per2013Ch05A	biological	host subject id	Per2013	14Per2013	identifiant rendu unique par prefixe de campagne (25 identifiants reutilises entre 2014 et 2015)
DURANCE16S_14Per2014Ch01A	ERS31168094	14Per2014Ch01A	biological	host subject id	Per2014	14Per2014	identifiant rendu unique par prefixe de campagne (25 identifiants reutilises entre 2014 et 2015)
DURANCE16S_14Per2014Ch02A	ERS31168658	14Per2014Ch02A	biological	host subject id	Per2014	14Per2014	identifiant rendu unique par prefixe de campagne (25 identifiants reutilises entre 2014 et 2015)
DURANCE16S_14Per2014Ch03A	ERS31168478	14Per2014Ch03A	biological	host subject id	Per2014	14Per2014	identifiant rendu unique par prefixe de campagne (25 identifiants reutilises entre 2014 et 2015)
DURANCE16S_14Per2014Ch05A	ERS31168286	14Per2014Ch05A	biological	host subject id	Per2014	14Per2014	identifiant rendu unique par prefixe de campagne (25 identifiants reutilises entre 2014 et 2015)
DURANCE16S_14Per2015Ch01A	ERS31168106	14Per2015Ch01A	biological	host subject id	Per2015	14Per2015	identifiant rendu unique par prefixe de campagne (25 identifiants reutilises entre 2014 et 2015)
DURANCE16S_14Per2015Ch02A	ERS31168670	14Per2015Ch02A	biological	host subject id	Per2015	14Per2015	identifiant rendu unique par prefixe de campagne (25 identifiants reutilises entre 2014 et 2015)
DURANCE16S_14Per2015Ch05A	ERS31168298	14Per2015Ch05A	biological	host subject id	Per2015	14Per2015	identifiant rendu unique par prefixe de campagne (25 identifiants reutilises entre 2014 et 2015)
DURANCE16S_14per1011Ch02A	ERS31168669	14per1011Ch02A	biological	host subject id	Per1011	14Per1011	identifiant rendu unique par prefixe de campagne (25 identifiants reutilises entre 2014 et 2015)
DURANCE16S_14per1012Ch01A	ERS31168117	14per1012Ch01A	biological	host subject id	Per1012	14Per1012	identifiant rendu unique par prefixe de campagne (25 identifiants reutilises entre 2014 et 2015)
DURANCE16S_14per1013Ch01A	ERS31168129	14per1013Ch01A	biological	host subject id	Per1013	14Per1013	identifiant rendu unique par prefixe de campagne (25 identifiants reutilises entre 2014 et 2015)
DURANCE16S_14per1014Ch01A	ERS31168141	14per1014Ch01A	biological	host subject id	Per1014	14Per1014	identifiant rendu unique par prefixe de campagne (25 identifiants reutilises entre 2014 et 2015)
DURANCE16S_15Avi1001Cn01A	ERS31168152	15Avi1001Cn01A	biological	host subject id	Avi1001	15Avi1001	identifiant rendu unique par prefixe de campagne (25 identifiants reutilises entre 2014 et 2015)
DURANCE16S_15Avi1001Cn02A	ERS31168728	15Avi1001Cn02A	biological	host subject id	Avi1001	15Avi1001	identifiant rendu unique par prefixe de campagne (25 identifiants reutilises entre 2014 et 2015)
DURANCE16S_15Avi1001Cn03A	ERS31168536	15Avi1001Cn03A	biological	host subject id	Avi1001	15Avi1001	identifiant rendu unique par prefixe de campagne (25 identifiants reutilises entre 2014 et 2015)
DURANCE16S_15Avi1001Cn05A	ERS31168344	15Avi1001Cn05A	biological	host subject id	Avi1001	15Avi1001	identifiant rendu unique par prefixe de campagne (25 identifiants reutilises entre 2014 et 2015)
DURANCE16S_15Avi1002Cn01A	ERS31168164	15Avi1002Cn01A	biological	host subject id	Avi1002	15Avi1002	identifiant rendu unique par prefixe de campagne (25 identifiants reutilises entre 2014 et 2015)
DURANCE16S_15Avi1002Cn02A	ERS31168740	15Avi1002Cn02A	biological	host subject id	Avi1002	15Avi1002	identifiant rendu unique par prefixe de campagne (25 identifiants reutilises entre 2014 et 2015)
DURANCE16S_15Avi1002Cn03A	ERS31168548	15Avi1002Cn03A	biological	host subject id	Avi1002	15Avi1002	identifiant rendu unique par prefixe de campagne (25 identifiants reutilises entre 2014 et 2015)
DURANCE16S_15Avi1002Cn05A	ERS31168356	15Avi1002Cn05A	biological	host subject id	Avi1002	15Avi1002	identifiant rendu unique par prefixe de campagne (25 identifiants reutilises entre 2014 et 2015)
DURANCE16S_15Avi1003Cn01A	ERS31168176	15Avi1003Cn01A	biological	host subject id	Avi1003	15Avi1003	identifiant rendu unique par prefixe de campagne (25 identifiants reutilises entre 2014 et 2015)
DURANCE16S_15Avi1003Cn02A	ERS31168752	15Avi1003Cn02A	biological	host subject id	Avi1003	15Avi1003	identifiant rendu unique par prefixe de campagne (25 identifiants reutilises entre 2014 et 2015)
DURANCE16S_15Avi1003Cn03A	ERS31168560	15Avi1003Cn03A	biological	host subject id	Avi1003	15Avi1003	identifiant rendu unique par prefixe de campagne (25 identifiants reutilises entre 2014 et 2015)
DURANCE16S_15Avi1003Cn05A	ERS31168368	15Avi1003Cn05A	biological	host subject id	Avi1003	15Avi1003	identifiant rendu unique par prefixe de campagne (25 identifiants reutilises entre 2014 et 2015)
DURANCE16S_15Avi1004Cn01A	ERS31168188	15Avi1004Cn01A	biological	host subject id	Avi1004	15Avi1004	identifiant rendu unique par prefixe de campagne (25 identifiants reutilises entre 2014 et 2015)
DURANCE16S_15Avi1004Cn02A	ERS31168764	15Avi1004Cn02A	biological	host subject id	Avi1004	15Avi1004	identifiant rendu unique par prefixe de campagne (25 identifiants reutilises entre 2014 et 2015)
DURANCE16S_15Avi1004Cn03A	ERS31168572	15Avi1004Cn03A	biological	host subject id	Avi1004	15Avi1004	identifiant rendu unique par prefixe de campagne (25 identifiants reutilises entre 2014 et 2015)
DURANCE16S_15Avi1004Cn05A	ERS31168380	15Avi1004Cn05A	biological	host subject id	Avi1004	15Avi1004	identifiant rendu unique par prefixe de campagne (25 identifiants reutilises entre 2014 et 2015)
DURANCE16S_15Avi1005Cn01A	ERS31168200	15Avi1005Cn01A	biological	host subject id	Avi1005	15Avi1005	identifiant rendu unique par prefixe de campagne (25 identifiants reutilises entre 2014 et 2015)
DURANCE16S_15Avi1005Cn02A	ERS31168776	15Avi1005Cn02A	biological	host subject id	Avi1005	15Avi1005	identifiant rendu unique par prefixe de campagne (25 identifiants reutilises entre 2014 et 2015)
DURANCE16S_15Avi1005Cn03A	ERS31168584	15Avi1005Cn03A	biological	host subject id	Avi1005	15Avi1005	identifiant rendu unique par prefixe de campagne (25 identifiants reutilises entre 2014 et 2015)
DURANCE16S_15Avi1005Cn05A	ERS31168392	15Avi1005Cn05A	biological	host subject id	Avi1005	15Avi1005	identifiant rendu unique par prefixe de campagne (25 identifiants reutilises entre 2014 et 2015)
DURANCE16S_15Avi1006Cn01A	ERS31168212	15Avi1006Cn01A	biological	host subject id	Avi1006	15Avi1006	identifiant rendu unique par prefixe de campagne (25 identifiants reutilises entre 2014 et 2015)
DURANCE16S_15Avi1006Cn02A	ERS31168788	15Avi1006Cn02A	biological	host subject id	Avi1006	15Avi1006	identifiant rendu unique par prefixe de campagne (25 identifiants reutilises entre 2014 et 2015)
DURANCE16S_15Avi1006Cn03A	ERS31168596	15Avi1006Cn03A	biological	host subject id	Avi1006	15Avi1006	identifiant rendu unique par prefixe de campagne (25 identifiants reutilises entre 2014 et 2015)
DURANCE16S_15Avi1006Cn05A	ERS31168404	15Avi1006Cn05A	biological	host subject id	Avi1006	15Avi1006	identifiant rendu unique par prefixe de campagne (25 identifiants reutilises entre 2014 et 2015)
DURANCE16S_15Avi1007Cn01A	ERS31168224	15Avi1007Cn01A	biological	host subject id	Avi1007	15Avi1007	identifiant rendu unique par prefixe de campagne (25 identifiants reutilises entre 2014 et 2015)
DURANCE16S_15Avi1007Cn02A	ERS31168800	15Avi1007Cn02A	biological	host subject id	Avi1007	15Avi1007	identifiant rendu unique par prefixe de campagne (25 identifiants reutilises entre 2014 et 2015)
DURANCE16S_15Avi1007Cn03A	ERS31168608	15Avi1007Cn03A	biological	host subject id	Avi1007	15Avi1007	identifiant rendu unique par prefixe de campagne (25 identifiants reutilises entre 2014 et 2015)
DURANCE16S_15Avi1007Cn05A	ERS31168416	15Avi1007Cn05A	biological	host subject id	Avi1007	15Avi1007	identifiant rendu unique par prefixe de campagne (25 identifiants reutilises entre 2014 et 2015)
DURANCE16S_15Avi1008Cn01A	ERS31168236	15Avi1008Cn01A	biological	host subject id	Avi1008	15Avi1008	identifiant rendu unique par prefixe de campagne (25 identifiants reutilises entre 2014 et 2015)
DURANCE16S_15Avi1008Cn02A	ERS31168812	15Avi1008Cn02A	biological	host subject id	Avi1008	15Avi1008	identifiant rendu unique par prefixe de campagne (25 identifiants reutilises entre 2014 et 2015)
DURANCE16S_15Avi1008Cn03A	ERS31168620	15Avi1008Cn03A	biological	host subject id	Avi1008	15Avi1008	identifiant rendu unique par prefixe de campagne (25 identifiants reutilises entre 2014 et 2015)
DURANCE16S_15Avi1008Cn05A	ERS31168428	15Avi1008Cn05A	biological	host subject id	Avi1008	15Avi1008	identifiant rendu unique par prefixe de campagne (25 identifiants reutilises entre 2014 et 2015)
DURANCE16S_15Avi1009Cn01A	ERS31168153	15Avi1009Cn01A	biological	host subject id	Avi1009	15Avi1009	identifiant rendu unique par prefixe de campagne (25 identifiants reutilises entre 2014 et 2015)
DURANCE16S_15Avi1009Cn02A	ERS31168729	15Avi1009Cn02A	biological	host subject id	Avi1009	15Avi1009	identifiant rendu unique par prefixe de campagne (25 identifiants reutilises entre 2014 et 2015)
DURANCE16S_15Avi1009Cn03A	ERS31168537	15Avi1009Cn03A	biological	host subject id	Avi1009	15Avi1009	identifiant rendu unique par prefixe de campagne (25 identifiants reutilises entre 2014 et 2015)
DURANCE16S_15Avi1009Cn05A	ERS31168345	15Avi1009Cn05A	biological	host subject id	Avi1009	15Avi1009	identifiant rendu unique par prefixe de campagne (25 identifiants reutilises entre 2014 et 2015)
DURANCE16S_15Avi1010Cn01A	ERS31168165	15Avi1010Cn01A	biological	host subject id	Avi1010	15Avi1010	identifiant rendu unique par prefixe de campagne (25 identifiants reutilises entre 2014 et 2015)
DURANCE16S_15Avi1010Cn02A	ERS31168741	15Avi1010Cn02A	biological	host subject id	Avi1010	15Avi1010	identifiant rendu unique par prefixe de campagne (25 identifiants reutilises entre 2014 et 2015)
DURANCE16S_15Avi1010Cn03A	ERS31168549	15Avi1010Cn03A	biological	host subject id	Avi1010	15Avi1010	identifiant rendu unique par prefixe de campagne (25 identifiants reutilises entre 2014 et 2015)
DURANCE16S_15Avi1010Cn05A	ERS31168357	15Avi1010Cn05A	biological	host subject id	Avi1010	15Avi1010	identifiant rendu unique par prefixe de campagne (25 identifiants reutilises entre 2014 et 2015)
DURANCE16S_15Avi1011Cn01A	ERS31168177	15Avi1011Cn01A	biological	host subject id	Avi1011	15Avi1011	identifiant rendu unique par prefixe de campagne (25 identifiants reutilises entre 2014 et 2015)
DURANCE16S_15Avi1011Cn02A	ERS31168753	15Avi1011Cn02A	biological	host subject id	Avi1011	15Avi1011	identifiant rendu unique par prefixe de campagne (25 identifiants reutilises entre 2014 et 2015)
DURANCE16S_15Avi1011Cn03A	ERS31168561	15Avi1011Cn03A	biological	host subject id	Avi1011	15Avi1011	identifiant rendu unique par prefixe de campagne (25 identifiants reutilises entre 2014 et 2015)
DURANCE16S_15Avi1011Cn05A	ERS31168369	15Avi1011Cn05A	biological	host subject id	Avi1011	15Avi1011	identifiant rendu unique par prefixe de campagne (25 identifiants reutilises entre 2014 et 2015)
DURANCE16S_15Avi1012Pt01A	ERS31168189	15Avi1012Pt01A	biological	host subject id	Avi1012	15Avi1012	identifiant rendu unique par prefixe de campagne (25 identifiants reutilises entre 2014 et 2015)
DURANCE16S_15Avi1012Pt02A	ERS31168765	15Avi1012Pt02A	biological	host subject id	Avi1012	15Avi1012	identifiant rendu unique par prefixe de campagne (25 identifiants reutilises entre 2014 et 2015)
DURANCE16S_15Avi1012Pt03A	ERS31168573	15Avi1012Pt03A	biological	host subject id	Avi1012	15Avi1012	identifiant rendu unique par prefixe de campagne (25 identifiants reutilises entre 2014 et 2015)
DURANCE16S_15Avi1012Pt05A	ERS31168381	15Avi1012Pt05A	biological	host subject id	Avi1012	15Avi1012	identifiant rendu unique par prefixe de campagne (25 identifiants reutilises entre 2014 et 2015)
DURANCE16S_15Avi1013Pt01A	ERS31168201	15Avi1013Pt01A	biological	host subject id	Avi1013	15Avi1013	identifiant rendu unique par prefixe de campagne (25 identifiants reutilises entre 2014 et 2015)
DURANCE16S_15Avi1013Pt02A	ERS31168777	15Avi1013Pt02A	biological	host subject id	Avi1013	15Avi1013	identifiant rendu unique par prefixe de campagne (25 identifiants reutilises entre 2014 et 2015)
DURANCE16S_15Avi1013Pt03A	ERS31168585	15Avi1013Pt03A	biological	host subject id	Avi1013	15Avi1013	identifiant rendu unique par prefixe de campagne (25 identifiants reutilises entre 2014 et 2015)
DURANCE16S_15Avi1013Pt05A	ERS31168393	15Avi1013Pt05A	biological	host subject id	Avi1013	15Avi1013	identifiant rendu unique par prefixe de campagne (25 identifiants reutilises entre 2014 et 2015)
DURANCE16S_15BUe1002Ch05A	ERS31168417	15BUe1002Ch05A	biological	host subject id	Bue1002	15Bue1002	identifiant rendu unique par prefixe de campagne (25 identifiants reutilises entre 2014 et 2015)
DURANCE16S_15BUe1003Ch05A	ERS31168429	15BUe1003Ch05A	biological	host subject id	Bue1003	15Bue1003	identifiant rendu unique par prefixe de campagne (25 identifiants reutilises entre 2014 et 2015)
DURANCE16S_15BUe1004Ch05A	ERS31168346	15BUe1004Ch05A	biological	host subject id	Bue1004	15Bue1004	identifiant rendu unique par prefixe de campagne (25 identifiants reutilises entre 2014 et 2015)
DURANCE16S_15BUe1005Ch05A	ERS31168358	15BUe1005Ch05A	biological	host subject id	Bue1005	15Bue1005	identifiant rendu unique par prefixe de campagne (25 identifiants reutilises entre 2014 et 2015)
DURANCE16S_15BUe1006Ch05A	ERS31168370	15BUe1006Ch05A	biological	host subject id	Bue1006	15Bue1006	identifiant rendu unique par prefixe de campagne (25 identifiants reutilises entre 2014 et 2015)
DURANCE16S_15BUe1007Ch05A	ERS31168382	15BUe1007Ch05A	biological	host subject id	Bue1007	15Bue1007	identifiant rendu unique par prefixe de campagne (25 identifiants reutilises entre 2014 et 2015)
DURANCE16S_15BUe1008Ch05A	ERS31168394	15BUe1008Ch05A	biological	host subject id	Bue1008	15Bue1008	identifiant rendu unique par prefixe de campagne (25 identifiants reutilises entre 2014 et 2015)
DURANCE16S_15BUe1009Ch05A	ERS31168406	15BUe1009Ch05A	biological	host subject id	Bue1009	15Bue1009	identifiant rendu unique par prefixe de campagne (25 identifiants reutilises entre 2014 et 2015)
DURANCE16S_15BUe1010Ch05A	ERS31168418	15BUe1010Ch05A	biological	host subject id	Bue1010	15Bue1010	identifiant rendu unique par prefixe de campagne (25 identifiants reutilises entre 2014 et 2015)
DURANCE16S_15BUe1011Ch05A	ERS31168430	15BUe1011Ch05A	biological	host subject id	Bue1011	15Bue1011	identifiant rendu unique par prefixe de campagne (25 identifiants reutilises entre 2014 et 2015)
DURANCE16S_15BUe1012Ch05A	ERS31168347	15BUe1012Ch05A	biological	host subject id	Bue1012	15Bue1012	identifiant rendu unique par prefixe de campagne (25 identifiants reutilises entre 2014 et 2015)
DURANCE16S_15BUe1013Ch05A	ERS31168359	15BUe1013Ch05A	biological	host subject id	Bue1013	15Bue1013	identifiant rendu unique par prefixe de campagne (25 identifiants reutilises entre 2014 et 2015)
DURANCE16S_15BUe1014Ch05A	ERS31168371	15BUe1014Ch05A	biological	host subject id	Bue1014	15Bue1014	identifiant rendu unique par prefixe de campagne (25 identifiants reutilises entre 2014 et 2015)
DURANCE16S_15BUe1015Ch05A	ERS31168383	15BUe1015Ch05A	biological	host subject id	Bue1015	15Bue1015	identifiant rendu unique par prefixe de campagne (25 identifiants reutilises entre 2014 et 2015)
DURANCE16S_15BUe1016Ch05A	ERS31168395	15BUe1016Ch05A	biological	host subject id	Bue1016	15Bue1016	identifiant rendu unique par prefixe de campagne (25 identifiants reutilises entre 2014 et 2015)
DURANCE16S_15BUe1017Ch05A	ERS31168407	15BUe1017Ch05A	biological	host subject id	Bue1017	15Bue1017	identifiant rendu unique par prefixe de campagne (25 identifiants reutilises entre 2014 et 2015)
DURANCE16S_15BUe1018Ch05A	ERS31168419	15BUe1018Ch05A	biological	host subject id	Bue1018	15Bue1018	identifiant rendu unique par prefixe de campagne (25 identifiants reutilises entre 2014 et 2015)
DURANCE16S_15Bau1001Ch01A	ERS31168144	15Bau1001Ch01A	biological	host subject id	Bau1001	15Bau1001	identifiant rendu unique par prefixe de campagne (25 identifiants reutilises entre 2014 et 2015)
DURANCE16S_15Bau1001Ch02A	ERS31168720	15Bau1001Ch02A	biological	host subject id	Bau1001	15Bau1001	identifiant rendu unique par prefixe de campagne (25 identifiants reutilises entre 2014 et 2015)
DURANCE16S_15Bau1001Ch03A	ERS31168528	15Bau1001Ch03A	biological	host subject id	Bau1001	15Bau1001	identifiant rendu unique par prefixe de campagne (25 identifiants reutilises entre 2014 et 2015)
DURANCE16S_15Bau1001Ch05A	ERS31168336	15Bau1001Ch05A	biological	host subject id	Bau1001	15Bau1001	identifiant rendu unique par prefixe de campagne (25 identifiants reutilises entre 2014 et 2015)
DURANCE16S_15Bau1002Ch01A	ERS31168156	15Bau1002Ch01A	biological	host subject id	Bau1002	15Bau1002	identifiant rendu unique par prefixe de campagne (25 identifiants reutilises entre 2014 et 2015)
DURANCE16S_15Bau1002Ch02A	ERS31168732	15Bau1002Ch02A	biological	host subject id	Bau1002	15Bau1002	identifiant rendu unique par prefixe de campagne (25 identifiants reutilises entre 2014 et 2015)
DURANCE16S_15Bau1002Ch03A	ERS31168540	15Bau1002Ch03A	biological	host subject id	Bau1002	15Bau1002	identifiant rendu unique par prefixe de campagne (25 identifiants reutilises entre 2014 et 2015)
DURANCE16S_15Bau1002Ch05A	ERS31168348	15Bau1002Ch05A	biological	host subject id	Bau1002	15Bau1002	identifiant rendu unique par prefixe de campagne (25 identifiants reutilises entre 2014 et 2015)
DURANCE16S_15Bau1003Ch01A	ERS31168168	15Bau1003Ch01A	biological	host subject id	Bau1003	15Bau1003	identifiant rendu unique par prefixe de campagne (25 identifiants reutilises entre 2014 et 2015)
DURANCE16S_15Bau1003Ch02A	ERS31168744	15Bau1003Ch02A	biological	host subject id	Bau1003	15Bau1003	identifiant rendu unique par prefixe de campagne (25 identifiants reutilises entre 2014 et 2015)
DURANCE16S_15Bau1003Ch03A	ERS31168552	15Bau1003Ch03A	biological	host subject id	Bau1003	15Bau1003	identifiant rendu unique par prefixe de campagne (25 identifiants reutilises entre 2014 et 2015)
DURANCE16S_15Bau1003Ch05A	ERS31168360	15Bau1003Ch05A	biological	host subject id	Bau1003	15Bau1003	identifiant rendu unique par prefixe de campagne (25 identifiants reutilises entre 2014 et 2015)
DURANCE16S_15Bau1004Ch01A	ERS31168180	15Bau1004Ch01A	biological	host subject id	Bau1004	15Bau1004	identifiant rendu unique par prefixe de campagne (25 identifiants reutilises entre 2014 et 2015)
DURANCE16S_15Bau1004Ch02A	ERS31168756	15Bau1004Ch02A	biological	host subject id	Bau1004	15Bau1004	identifiant rendu unique par prefixe de campagne (25 identifiants reutilises entre 2014 et 2015)
DURANCE16S_15Bau1004Ch03A	ERS31168564	15Bau1004Ch03A	biological	host subject id	Bau1004	15Bau1004	identifiant rendu unique par prefixe de campagne (25 identifiants reutilises entre 2014 et 2015)
DURANCE16S_15Bau1004Ch05A	ERS31168372	15Bau1004Ch05A	biological	host subject id	Bau1004	15Bau1004	identifiant rendu unique par prefixe de campagne (25 identifiants reutilises entre 2014 et 2015)
DURANCE16S_15Bau1005Ch01A	ERS31168192	15Bau1005Ch01A	biological	host subject id	Bau1005	15Bau1005	identifiant rendu unique par prefixe de campagne (25 identifiants reutilises entre 2014 et 2015)
DURANCE16S_15Bau1005Ch02A	ERS31168768	15Bau1005Ch02A	biological	host subject id	Bau1005	15Bau1005	identifiant rendu unique par prefixe de campagne (25 identifiants reutilises entre 2014 et 2015)
DURANCE16S_15Bau1005Ch03A	ERS31168576	15Bau1005Ch03A	biological	host subject id	Bau1005	15Bau1005	identifiant rendu unique par prefixe de campagne (25 identifiants reutilises entre 2014 et 2015)
DURANCE16S_15Bau1005Ch05A	ERS31168384	15Bau1005Ch05A	biological	host subject id	Bau1005	15Bau1005	identifiant rendu unique par prefixe de campagne (25 identifiants reutilises entre 2014 et 2015)
DURANCE16S_15Bau1006Ch01A	ERS31168204	15Bau1006Ch01A	biological	host subject id	Bau1006	15Bau1006	identifiant rendu unique par prefixe de campagne (25 identifiants reutilises entre 2014 et 2015)
DURANCE16S_15Bau1006Ch02A	ERS31168780	15Bau1006Ch02A	biological	host subject id	Bau1006	15Bau1006	identifiant rendu unique par prefixe de campagne (25 identifiants reutilises entre 2014 et 2015)
DURANCE16S_15Bau1006Ch03A	ERS31168588	15Bau1006Ch03A	biological	host subject id	Bau1006	15Bau1006	identifiant rendu unique par prefixe de campagne (25 identifiants reutilises entre 2014 et 2015)
DURANCE16S_15Bau1006Ch05A	ERS31168396	15Bau1006Ch05A	biological	host subject id	Bau1006	15Bau1006	identifiant rendu unique par prefixe de campagne (25 identifiants reutilises entre 2014 et 2015)
DURANCE16S_15Bau1007Ch01A	ERS31168216	15Bau1007Ch01A	biological	host subject id	Bau1007	15Bau1007	identifiant rendu unique par prefixe de campagne (25 identifiants reutilises entre 2014 et 2015)
DURANCE16S_15Bau1007Ch02A	ERS31168792	15Bau1007Ch02A	biological	host subject id	Bau1007	15Bau1007	identifiant rendu unique par prefixe de campagne (25 identifiants reutilises entre 2014 et 2015)
DURANCE16S_15Bau1007Ch03A	ERS31168600	15Bau1007Ch03A	biological	host subject id	Bau1007	15Bau1007	identifiant rendu unique par prefixe de campagne (25 identifiants reutilises entre 2014 et 2015)
DURANCE16S_15Bau1007Ch05A	ERS31168408	15Bau1007Ch05A	biological	host subject id	Bau1007	15Bau1007	identifiant rendu unique par prefixe de campagne (25 identifiants reutilises entre 2014 et 2015)
DURANCE16S_15Bau1008Ch01A	ERS31168228	15Bau1008Ch01A	biological	host subject id	Bau1008	15Bau1008	identifiant rendu unique par prefixe de campagne (25 identifiants reutilises entre 2014 et 2015)
DURANCE16S_15Bau1008Ch02A	ERS31168804	15Bau1008Ch02A	biological	host subject id	Bau1008	15Bau1008	identifiant rendu unique par prefixe de campagne (25 identifiants reutilises entre 2014 et 2015)
DURANCE16S_15Bau1008Ch03A	ERS31168612	15Bau1008Ch03A	biological	host subject id	Bau1008	15Bau1008	identifiant rendu unique par prefixe de campagne (25 identifiants reutilises entre 2014 et 2015)
DURANCE16S_15Bau1008Ch05A	ERS31168420	15Bau1008Ch05A	biological	host subject id	Bau1008	15Bau1008	identifiant rendu unique par prefixe de campagne (25 identifiants reutilises entre 2014 et 2015)
DURANCE16S_15Bau1009Ch01A	ERS31168145	15Bau1009Ch01A	biological	host subject id	Bau1009	15Bau1009	identifiant rendu unique par prefixe de campagne (25 identifiants reutilises entre 2014 et 2015)
DURANCE16S_15Bau1009Ch02A	ERS31168721	15Bau1009Ch02A	biological	host subject id	Bau1009	15Bau1009	identifiant rendu unique par prefixe de campagne (25 identifiants reutilises entre 2014 et 2015)
DURANCE16S_15Bau1009Ch03A	ERS31168529	15Bau1009Ch03A	biological	host subject id	Bau1009	15Bau1009	identifiant rendu unique par prefixe de campagne (25 identifiants reutilises entre 2014 et 2015)
DURANCE16S_15Bau1009Ch05A	ERS31168337	15Bau1009Ch05A	biological	host subject id	Bau1009	15Bau1009	identifiant rendu unique par prefixe de campagne (25 identifiants reutilises entre 2014 et 2015)
DURANCE16S_15Bau1010Ch01A	ERS31168157	15Bau1010Ch01A	biological	host subject id	Bau1010	15Bau1010	identifiant rendu unique par prefixe de campagne (25 identifiants reutilises entre 2014 et 2015)
DURANCE16S_15Bau1010Ch02A	ERS31168733	15Bau1010Ch02A	biological	host subject id	Bau1010	15Bau1010	identifiant rendu unique par prefixe de campagne (25 identifiants reutilises entre 2014 et 2015)
DURANCE16S_15Bau1010Ch03A	ERS31168541	15Bau1010Ch03A	biological	host subject id	Bau1010	15Bau1010	identifiant rendu unique par prefixe de campagne (25 identifiants reutilises entre 2014 et 2015)
DURANCE16S_15Bau1010Ch05A	ERS31168349	15Bau1010Ch05A	biological	host subject id	Bau1010	15Bau1010	identifiant rendu unique par prefixe de campagne (25 identifiants reutilises entre 2014 et 2015)
DURANCE16S_15Bau1011Ch01A	ERS31168169	15Bau1011Ch01A	biological	host subject id	Bau1011	15Bau1011	identifiant rendu unique par prefixe de campagne (25 identifiants reutilises entre 2014 et 2015)
DURANCE16S_15Bau1011Ch02A	ERS31168745	15Bau1011Ch02A	biological	host subject id	Bau1011	15Bau1011	identifiant rendu unique par prefixe de campagne (25 identifiants reutilises entre 2014 et 2015)
DURANCE16S_15Bau1011Ch03A	ERS31168553	15Bau1011Ch03A	biological	host subject id	Bau1011	15Bau1011	identifiant rendu unique par prefixe de campagne (25 identifiants reutilises entre 2014 et 2015)
DURANCE16S_15Bau1011Ch05A	ERS31168361	15Bau1011Ch05A	biological	host subject id	Bau1011	15Bau1011	identifiant rendu unique par prefixe de campagne (25 identifiants reutilises entre 2014 et 2015)
DURANCE16S_15Bau1012Ch01A	ERS31168181	15Bau1012Ch01A	biological	host subject id	Bau1012	15Bau1012	identifiant rendu unique par prefixe de campagne (25 identifiants reutilises entre 2014 et 2015)
DURANCE16S_15Bau1012Ch02A	ERS31168757	15Bau1012Ch02A	biological	host subject id	Bau1012	15Bau1012	identifiant rendu unique par prefixe de campagne (25 identifiants reutilises entre 2014 et 2015)
DURANCE16S_15Bau1012Ch03A	ERS31168565	15Bau1012Ch03A	biological	host subject id	Bau1012	15Bau1012	identifiant rendu unique par prefixe de campagne (25 identifiants reutilises entre 2014 et 2015)
DURANCE16S_15Bau1012Ch05A	ERS31168373	15Bau1012Ch05A	biological	host subject id	Bau1012	15Bau1012	identifiant rendu unique par prefixe de campagne (25 identifiants reutilises entre 2014 et 2015)
DURANCE16S_15Bau1013Ch01A	ERS31168193	15Bau1013Ch01A	biological	host subject id	Bau1013	15Bau1013	identifiant rendu unique par prefixe de campagne (25 identifiants reutilises entre 2014 et 2015)
DURANCE16S_15Bau1013Ch02A	ERS31168769	15Bau1013Ch02A	biological	host subject id	Bau1013	15Bau1013	identifiant rendu unique par prefixe de campagne (25 identifiants reutilises entre 2014 et 2015)
DURANCE16S_15Bau1013Ch03A	ERS31168577	15Bau1013Ch03A	biological	host subject id	Bau1013	15Bau1013	identifiant rendu unique par prefixe de campagne (25 identifiants reutilises entre 2014 et 2015)
DURANCE16S_15Bau1013Ch05A	ERS31168385	15Bau1013Ch05A	biological	host subject id	Bau1013	15Bau1013	identifiant rendu unique par prefixe de campagne (25 identifiants reutilises entre 2014 et 2015)
DURANCE16S_15Bau1014Ch01A	ERS31168205	15Bau1014Ch01A	biological	host subject id	Bau1014	15Bau1014	identifiant rendu unique par prefixe de campagne (25 identifiants reutilises entre 2014 et 2015)
DURANCE16S_15Bau1014Ch02A	ERS31168781	15Bau1014Ch02A	biological	host subject id	Bau1014	15Bau1014	identifiant rendu unique par prefixe de campagne (25 identifiants reutilises entre 2014 et 2015)
DURANCE16S_15Bau1014Ch03A	ERS31168589	15Bau1014Ch03A	biological	host subject id	Bau1014	15Bau1014	identifiant rendu unique par prefixe de campagne (25 identifiants reutilises entre 2014 et 2015)
DURANCE16S_15Bau1014Ch05A	ERS31168397	15Bau1014Ch05A	biological	host subject id	Bau1014	15Bau1014	identifiant rendu unique par prefixe de campagne (25 identifiants reutilises entre 2014 et 2015)
DURANCE16S_15Bau1015Ch01A	ERS31168217	15Bau1015Ch01A	biological	host subject id	Bau1015	15Bau1015	identifiant rendu unique par prefixe de campagne (25 identifiants reutilises entre 2014 et 2015)
DURANCE16S_15Bau1015Ch02A	ERS31168793	15Bau1015Ch02A	biological	host subject id	Bau1015	15Bau1015	identifiant rendu unique par prefixe de campagne (25 identifiants reutilises entre 2014 et 2015)
DURANCE16S_15Bau1015Ch03A	ERS31168601	15Bau1015Ch03A	biological	host subject id	Bau1015	15Bau1015	identifiant rendu unique par prefixe de campagne (25 identifiants reutilises entre 2014 et 2015)
DURANCE16S_15Bau1015Ch05A	ERS31168409	15Bau1015Ch05A	biological	host subject id	Bau1015	15Bau1015	identifiant rendu unique par prefixe de campagne (25 identifiants reutilises entre 2014 et 2015)
DURANCE16S_15Bau1016Ch01A	ERS31168229	15Bau1016Ch01A	biological	host subject id	Bau1016	15Bau1016	identifiant rendu unique par prefixe de campagne (25 identifiants reutilises entre 2014 et 2015)
DURANCE16S_15Bau1016Ch02A	ERS31168805	15Bau1016Ch02A	biological	host subject id	Bau1016	15Bau1016	identifiant rendu unique par prefixe de campagne (25 identifiants reutilises entre 2014 et 2015)
DURANCE16S_15Bau1016Ch03A	ERS31168613	15Bau1016Ch03A	biological	host subject id	Bau1016	15Bau1016	identifiant rendu unique par prefixe de campagne (25 identifiants reutilises entre 2014 et 2015)
DURANCE16S_15Bau1016Ch05A	ERS31168421	15Bau1016Ch05A	biological	host subject id	Bau1016	15Bau1016	identifiant rendu unique par prefixe de campagne (25 identifiants reutilises entre 2014 et 2015)
DURANCE16S_15Bau1017Ch01A	ERS31168146	15Bau1017Ch01A	biological	host subject id	Bau1017	15Bau1017	identifiant rendu unique par prefixe de campagne (25 identifiants reutilises entre 2014 et 2015)
DURANCE16S_15Bau1017Ch02A	ERS31168722	15Bau1017Ch02A	biological	host subject id	Bau1017	15Bau1017	identifiant rendu unique par prefixe de campagne (25 identifiants reutilises entre 2014 et 2015)
DURANCE16S_15Bau1017Ch03A	ERS31168530	15Bau1017Ch03A	biological	host subject id	Bau1017	15Bau1017	identifiant rendu unique par prefixe de campagne (25 identifiants reutilises entre 2014 et 2015)
DURANCE16S_15Bau1017Ch05A	ERS31168338	15Bau1017Ch05A	biological	host subject id	Bau1017	15Bau1017	identifiant rendu unique par prefixe de campagne (25 identifiants reutilises entre 2014 et 2015)
DURANCE16S_15Bau1018Ch01A	ERS31168158	15Bau1018Ch01A	biological	host subject id	Bau1018	15Bau1018	identifiant rendu unique par prefixe de campagne (25 identifiants reutilises entre 2014 et 2015)
DURANCE16S_15Bau1018Ch02A	ERS31168734	15Bau1018Ch02A	biological	host subject id	Bau1018	15Bau1018	identifiant rendu unique par prefixe de campagne (25 identifiants reutilises entre 2014 et 2015)
DURANCE16S_15Bau1018Ch03A	ERS31168542	15Bau1018Ch03A	biological	host subject id	Bau1018	15Bau1018	identifiant rendu unique par prefixe de campagne (25 identifiants reutilises entre 2014 et 2015)
DURANCE16S_15Bau1018Ch05A	ERS31168350	15Bau1018Ch05A	biological	host subject id	Bau1018	15Bau1018	identifiant rendu unique par prefixe de campagne (25 identifiants reutilises entre 2014 et 2015)
DURANCE16S_15Bau1019Ch01A	ERS31168170	15Bau1019Ch01A	biological	host subject id	Bau1019	15Bau1019	identifiant rendu unique par prefixe de campagne (25 identifiants reutilises entre 2014 et 2015)
DURANCE16S_15Bau1019Ch02A	ERS31168746	15Bau1019Ch02A	biological	host subject id	Bau1019	15Bau1019	identifiant rendu unique par prefixe de campagne (25 identifiants reutilises entre 2014 et 2015)
DURANCE16S_15Bau1019Ch03A	ERS31168554	15Bau1019Ch03A	biological	host subject id	Bau1019	15Bau1019	identifiant rendu unique par prefixe de campagne (25 identifiants reutilises entre 2014 et 2015)
DURANCE16S_15Bau1019Ch05A	ERS31168362	15Bau1019Ch05A	biological	host subject id	Bau1019	15Bau1019	identifiant rendu unique par prefixe de campagne (25 identifiants reutilises entre 2014 et 2015)
DURANCE16S_15Bau1020Ch01A	ERS31168182	15Bau1020Ch01A	biological	host subject id	Bau1020	15Bau1020	identifiant rendu unique par prefixe de campagne (25 identifiants reutilises entre 2014 et 2015)
DURANCE16S_15Bau1020Ch02A	ERS31168758	15Bau1020Ch02A	biological	host subject id	Bau1020	15Bau1020	identifiant rendu unique par prefixe de campagne (25 identifiants reutilises entre 2014 et 2015)
DURANCE16S_15Bau1020Ch03A	ERS31168566	15Bau1020Ch03A	biological	host subject id	Bau1020	15Bau1020	identifiant rendu unique par prefixe de campagne (25 identifiants reutilises entre 2014 et 2015)
DURANCE16S_15Bau1020Ch05A	ERS31168374	15Bau1020Ch05A	biological	host subject id	Bau1020	15Bau1020	identifiant rendu unique par prefixe de campagne (25 identifiants reutilises entre 2014 et 2015)
DURANCE16S_15Bau1021Ch01A	ERS31168194	15Bau1021Ch01A	biological	host subject id	Bau1021	15Bau1021	identifiant rendu unique par prefixe de campagne (25 identifiants reutilises entre 2014 et 2015)
DURANCE16S_15Bau1021Ch02A	ERS31168770	15Bau1021Ch02A	biological	host subject id	Bau1021	15Bau1021	identifiant rendu unique par prefixe de campagne (25 identifiants reutilises entre 2014 et 2015)
DURANCE16S_15Bau1021Ch03A	ERS31168578	15Bau1021Ch03A	biological	host subject id	Bau1021	15Bau1021	identifiant rendu unique par prefixe de campagne (25 identifiants reutilises entre 2014 et 2015)
DURANCE16S_15Bau1021Ch05A	ERS31168386	15Bau1021Ch05A	biological	host subject id	Bau1021	15Bau1021	identifiant rendu unique par prefixe de campagne (25 identifiants reutilises entre 2014 et 2015)
DURANCE16S_15Bau1022Ch01A	ERS31168206	15Bau1022Ch01A	biological	host subject id	Bau1022	15Bau1022	identifiant rendu unique par prefixe de campagne (25 identifiants reutilises entre 2014 et 2015)
DURANCE16S_15Bau1022Ch02A	ERS31168782	15Bau1022Ch02A	biological	host subject id	Bau1022	15Bau1022	identifiant rendu unique par prefixe de campagne (25 identifiants reutilises entre 2014 et 2015)
DURANCE16S_15Bau1022Ch03A	ERS31168590	15Bau1022Ch03A	biological	host subject id	Bau1022	15Bau1022	identifiant rendu unique par prefixe de campagne (25 identifiants reutilises entre 2014 et 2015)
DURANCE16S_15Bau1022Ch05A	ERS31168398	15Bau1022Ch05A	biological	host subject id	Bau1022	15Bau1022	identifiant rendu unique par prefixe de campagne (25 identifiants reutilises entre 2014 et 2015)
DURANCE16S_15Bau1023Ch01A	ERS31168218	15Bau1023Ch01A	biological	host subject id	Bau1023	15Bau1023	identifiant rendu unique par prefixe de campagne (25 identifiants reutilises entre 2014 et 2015)
DURANCE16S_15Bau1023Ch02A	ERS31168794	15Bau1023Ch02A	biological	host subject id	Bau1023	15Bau1023	identifiant rendu unique par prefixe de campagne (25 identifiants reutilises entre 2014 et 2015)
DURANCE16S_15Bau1023Ch03A	ERS31168602	15Bau1023Ch03A	biological	host subject id	Bau1023	15Bau1023	identifiant rendu unique par prefixe de campagne (25 identifiants reutilises entre 2014 et 2015)
DURANCE16S_15Bau1023Ch05A	ERS31168410	15Bau1023Ch05A	biological	host subject id	Bau1023	15Bau1023	identifiant rendu unique par prefixe de campagne (25 identifiants reutilises entre 2014 et 2015)
DURANCE16S_15Bau1024Ch01A	ERS31168230	15Bau1024Ch01A	biological	host subject id	Bau1024	15Bau1024	identifiant rendu unique par prefixe de campagne (25 identifiants reutilises entre 2014 et 2015)
DURANCE16S_15Bau1024Ch02A	ERS31168806	15Bau1024Ch02A	biological	host subject id	Bau1024	15Bau1024	identifiant rendu unique par prefixe de campagne (25 identifiants reutilises entre 2014 et 2015)
DURANCE16S_15Bau1024Ch03A	ERS31168614	15Bau1024Ch03A	biological	host subject id	Bau1024	15Bau1024	identifiant rendu unique par prefixe de campagne (25 identifiants reutilises entre 2014 et 2015)
DURANCE16S_15Bau1024Ch05A	ERS31168422	15Bau1024Ch05A	biological	host subject id	Bau1024	15Bau1024	identifiant rendu unique par prefixe de campagne (25 identifiants reutilises entre 2014 et 2015)
DURANCE16S_15Bau1025Ch01A	ERS31168147	15Bau1025Ch01A	biological	host subject id	Bau1025	15Bau1025	identifiant rendu unique par prefixe de campagne (25 identifiants reutilises entre 2014 et 2015)
DURANCE16S_15Bau1025Ch02A	ERS31168723	15Bau1025Ch02A	biological	host subject id	Bau1025	15Bau1025	identifiant rendu unique par prefixe de campagne (25 identifiants reutilises entre 2014 et 2015)
DURANCE16S_15Bau1025Ch03A	ERS31168531	15Bau1025Ch03A	biological	host subject id	Bau1025	15Bau1025	identifiant rendu unique par prefixe de campagne (25 identifiants reutilises entre 2014 et 2015)
DURANCE16S_15Bau1025Ch05A	ERS31168339	15Bau1025Ch05A	biological	host subject id	Bau1025	15Bau1025	identifiant rendu unique par prefixe de campagne (25 identifiants reutilises entre 2014 et 2015)
DURANCE16S_15Bue1001Ch01A	ERS31168213	15Bue1001Ch01A	biological	host subject id	Bue1001	15Bue1001	identifiant rendu unique par prefixe de campagne (25 identifiants reutilises entre 2014 et 2015)
DURANCE16S_15Bue1001Ch02A	ERS31168789	15Bue1001Ch02A	biological	host subject id	Bue1001	15Bue1001	identifiant rendu unique par prefixe de campagne (25 identifiants reutilises entre 2014 et 2015)
DURANCE16S_15Bue1001Ch03A	ERS31168597	15Bue1001Ch03A	biological	host subject id	Bue1001	15Bue1001	identifiant rendu unique par prefixe de campagne (25 identifiants reutilises entre 2014 et 2015)
DURANCE16S_15Bue1001Ch05A	ERS31168405	15Bue1001Ch05A	biological	host subject id	Bue1001	15Bue1001	identifiant rendu unique par prefixe de campagne (25 identifiants reutilises entre 2014 et 2015)
DURANCE16S_15Bue1002Ch01A	ERS31168225	15Bue1002Ch01A	biological	host subject id	Bue1002	15Bue1002	identifiant rendu unique par prefixe de campagne (25 identifiants reutilises entre 2014 et 2015)
DURANCE16S_15Bue1002Ch02A	ERS31168801	15Bue1002Ch02A	biological	host subject id	Bue1002	15Bue1002	identifiant rendu unique par prefixe de campagne (25 identifiants reutilises entre 2014 et 2015)
DURANCE16S_15Bue1002Ch03A	ERS31168609	15Bue1002Ch03A	biological	host subject id	Bue1002	15Bue1002	identifiant rendu unique par prefixe de campagne (25 identifiants reutilises entre 2014 et 2015)
DURANCE16S_15Bue1003Ch01A	ERS31168237	15Bue1003Ch01A	biological	host subject id	Bue1003	15Bue1003	identifiant rendu unique par prefixe de campagne (25 identifiants reutilises entre 2014 et 2015)
DURANCE16S_15Bue1003Ch02A	ERS31168813	15Bue1003Ch02A	biological	host subject id	Bue1003	15Bue1003	identifiant rendu unique par prefixe de campagne (25 identifiants reutilises entre 2014 et 2015)
DURANCE16S_15Bue1003Ch03A	ERS31168621	15Bue1003Ch03A	biological	host subject id	Bue1003	15Bue1003	identifiant rendu unique par prefixe de campagne (25 identifiants reutilises entre 2014 et 2015)
DURANCE16S_15Bue1004Ch01A	ERS31168154	15Bue1004Ch01A	biological	host subject id	Bue1004	15Bue1004	identifiant rendu unique par prefixe de campagne (25 identifiants reutilises entre 2014 et 2015)
DURANCE16S_15Bue1004Ch02A	ERS31168730	15Bue1004Ch02A	biological	host subject id	Bue1004	15Bue1004	identifiant rendu unique par prefixe de campagne (25 identifiants reutilises entre 2014 et 2015)
DURANCE16S_15Bue1004Ch03A	ERS31168538	15Bue1004Ch03A	biological	host subject id	Bue1004	15Bue1004	identifiant rendu unique par prefixe de campagne (25 identifiants reutilises entre 2014 et 2015)
DURANCE16S_15Bue1005Ch01A	ERS31168166	15Bue1005Ch01A	biological	host subject id	Bue1005	15Bue1005	identifiant rendu unique par prefixe de campagne (25 identifiants reutilises entre 2014 et 2015)
DURANCE16S_15Bue1005Ch02A	ERS31168742	15Bue1005Ch02A	biological	host subject id	Bue1005	15Bue1005	identifiant rendu unique par prefixe de campagne (25 identifiants reutilises entre 2014 et 2015)
DURANCE16S_15Bue1005Ch03A	ERS31168550	15Bue1005Ch03A	biological	host subject id	Bue1005	15Bue1005	identifiant rendu unique par prefixe de campagne (25 identifiants reutilises entre 2014 et 2015)
DURANCE16S_15Bue1006Ch01A	ERS31168178	15Bue1006Ch01A	biological	host subject id	Bue1006	15Bue1006	identifiant rendu unique par prefixe de campagne (25 identifiants reutilises entre 2014 et 2015)
DURANCE16S_15Bue1006Ch02A	ERS31168754	15Bue1006Ch02A	biological	host subject id	Bue1006	15Bue1006	identifiant rendu unique par prefixe de campagne (25 identifiants reutilises entre 2014 et 2015)
DURANCE16S_15Bue1006Ch03A	ERS31168562	15Bue1006Ch03A	biological	host subject id	Bue1006	15Bue1006	identifiant rendu unique par prefixe de campagne (25 identifiants reutilises entre 2014 et 2015)
DURANCE16S_15Bue1007Ch01A	ERS31168190	15Bue1007Ch01A	biological	host subject id	Bue1007	15Bue1007	identifiant rendu unique par prefixe de campagne (25 identifiants reutilises entre 2014 et 2015)
DURANCE16S_15Bue1007Ch02A	ERS31168766	15Bue1007Ch02A	biological	host subject id	Bue1007	15Bue1007	identifiant rendu unique par prefixe de campagne (25 identifiants reutilises entre 2014 et 2015)
DURANCE16S_15Bue1007Ch03A	ERS31168574	15Bue1007Ch03A	biological	host subject id	Bue1007	15Bue1007	identifiant rendu unique par prefixe de campagne (25 identifiants reutilises entre 2014 et 2015)
DURANCE16S_15Bue1008Ch01A	ERS31168202	15Bue1008Ch01A	biological	host subject id	Bue1008	15Bue1008	identifiant rendu unique par prefixe de campagne (25 identifiants reutilises entre 2014 et 2015)
DURANCE16S_15Bue1008Ch02A	ERS31168778	15Bue1008Ch02A	biological	host subject id	Bue1008	15Bue1008	identifiant rendu unique par prefixe de campagne (25 identifiants reutilises entre 2014 et 2015)
DURANCE16S_15Bue1008Ch03A	ERS31168586	15Bue1008Ch03A	biological	host subject id	Bue1008	15Bue1008	identifiant rendu unique par prefixe de campagne (25 identifiants reutilises entre 2014 et 2015)
DURANCE16S_15Bue1009Ch01A	ERS31168214	15Bue1009Ch01A	biological	host subject id	Bue1009	15Bue1009	identifiant rendu unique par prefixe de campagne (25 identifiants reutilises entre 2014 et 2015)
DURANCE16S_15Bue1009Ch02A	ERS31168790	15Bue1009Ch02A	biological	host subject id	Bue1009	15Bue1009	identifiant rendu unique par prefixe de campagne (25 identifiants reutilises entre 2014 et 2015)
DURANCE16S_15Bue1009Ch03A	ERS31168598	15Bue1009Ch03A	biological	host subject id	Bue1009	15Bue1009	identifiant rendu unique par prefixe de campagne (25 identifiants reutilises entre 2014 et 2015)
DURANCE16S_15Bue1010Ch01A	ERS31168226	15Bue1010Ch01A	biological	host subject id	Bue1010	15Bue1010	identifiant rendu unique par prefixe de campagne (25 identifiants reutilises entre 2014 et 2015)
DURANCE16S_15Bue1010Ch02A	ERS31168802	15Bue1010Ch02A	biological	host subject id	Bue1010	15Bue1010	identifiant rendu unique par prefixe de campagne (25 identifiants reutilises entre 2014 et 2015)
DURANCE16S_15Bue1010Ch03A	ERS31168610	15Bue1010Ch03A	biological	host subject id	Bue1010	15Bue1010	identifiant rendu unique par prefixe de campagne (25 identifiants reutilises entre 2014 et 2015)
DURANCE16S_15Bue1011Ch01A	ERS31168238	15Bue1011Ch01A	biological	host subject id	Bue1011	15Bue1011	identifiant rendu unique par prefixe de campagne (25 identifiants reutilises entre 2014 et 2015)
DURANCE16S_15Bue1011Ch02A	ERS31168814	15Bue1011Ch02A	biological	host subject id	Bue1011	15Bue1011	identifiant rendu unique par prefixe de campagne (25 identifiants reutilises entre 2014 et 2015)
DURANCE16S_15Bue1011Ch03A	ERS31168622	15Bue1011Ch03A	biological	host subject id	Bue1011	15Bue1011	identifiant rendu unique par prefixe de campagne (25 identifiants reutilises entre 2014 et 2015)
DURANCE16S_15Bue1012Ch01A	ERS31168155	15Bue1012Ch01A	biological	host subject id	Bue1012	15Bue1012	identifiant rendu unique par prefixe de campagne (25 identifiants reutilises entre 2014 et 2015)
DURANCE16S_15Bue1012Ch02A	ERS31168731	15Bue1012Ch02A	biological	host subject id	Bue1012	15Bue1012	identifiant rendu unique par prefixe de campagne (25 identifiants reutilises entre 2014 et 2015)
DURANCE16S_15Bue1012Ch03A	ERS31168539	15Bue1012Ch03A	biological	host subject id	Bue1012	15Bue1012	identifiant rendu unique par prefixe de campagne (25 identifiants reutilises entre 2014 et 2015)
DURANCE16S_15Bue1013Ch01A	ERS31168167	15Bue1013Ch01A	biological	host subject id	Bue1013	15Bue1013	identifiant rendu unique par prefixe de campagne (25 identifiants reutilises entre 2014 et 2015)
DURANCE16S_15Bue1013Ch02A	ERS31168743	15Bue1013Ch02A	biological	host subject id	Bue1013	15Bue1013	identifiant rendu unique par prefixe de campagne (25 identifiants reutilises entre 2014 et 2015)
DURANCE16S_15Bue1013Ch03A	ERS31168551	15Bue1013Ch03A	biological	host subject id	Bue1013	15Bue1013	identifiant rendu unique par prefixe de campagne (25 identifiants reutilises entre 2014 et 2015)
DURANCE16S_15Bue1014Ch01A	ERS31168179	15Bue1014Ch01A	biological	host subject id	Bue1014	15Bue1014	identifiant rendu unique par prefixe de campagne (25 identifiants reutilises entre 2014 et 2015)
DURANCE16S_15Bue1014Ch02A	ERS31168755	15Bue1014Ch02A	biological	host subject id	Bue1014	15Bue1014	identifiant rendu unique par prefixe de campagne (25 identifiants reutilises entre 2014 et 2015)
DURANCE16S_15Bue1014Ch03A	ERS31168563	15Bue1014Ch03A	biological	host subject id	Bue1014	15Bue1014	identifiant rendu unique par prefixe de campagne (25 identifiants reutilises entre 2014 et 2015)
DURANCE16S_15Bue1015Ch01A	ERS31168191	15Bue1015Ch01A	biological	host subject id	Bue1015	15Bue1015	identifiant rendu unique par prefixe de campagne (25 identifiants reutilises entre 2014 et 2015)
DURANCE16S_15Bue1015Ch02A	ERS31168767	15Bue1015Ch02A	biological	host subject id	Bue1015	15Bue1015	identifiant rendu unique par prefixe de campagne (25 identifiants reutilises entre 2014 et 2015)
DURANCE16S_15Bue1015Ch03A	ERS31168575	15Bue1015Ch03A	biological	host subject id	Bue1015	15Bue1015	identifiant rendu unique par prefixe de campagne (25 identifiants reutilises entre 2014 et 2015)
DURANCE16S_15Bue1016Ch01A	ERS31168203	15Bue1016Ch01A	biological	host subject id	Bue1016	15Bue1016	identifiant rendu unique par prefixe de campagne (25 identifiants reutilises entre 2014 et 2015)
DURANCE16S_15Bue1016Ch02A	ERS31168779	15Bue1016Ch02A	biological	host subject id	Bue1016	15Bue1016	identifiant rendu unique par prefixe de campagne (25 identifiants reutilises entre 2014 et 2015)
DURANCE16S_15Bue1016Ch03A	ERS31168587	15Bue1016Ch03A	biological	host subject id	Bue1016	15Bue1016	identifiant rendu unique par prefixe de campagne (25 identifiants reutilises entre 2014 et 2015)
DURANCE16S_15Bue1017Ch01A	ERS31168215	15Bue1017Ch01A	biological	host subject id	Bue1017	15Bue1017	identifiant rendu unique par prefixe de campagne (25 identifiants reutilises entre 2014 et 2015)
DURANCE16S_15Bue1017Ch02A	ERS31168791	15Bue1017Ch02A	biological	host subject id	Bue1017	15Bue1017	identifiant rendu unique par prefixe de campagne (25 identifiants reutilises entre 2014 et 2015)
DURANCE16S_15Bue1017Ch03A	ERS31168599	15Bue1017Ch03A	biological	host subject id	Bue1017	15Bue1017	identifiant rendu unique par prefixe de campagne (25 identifiants reutilises entre 2014 et 2015)
DURANCE16S_15Bue1018Ch01A	ERS31168227	15Bue1018Ch01A	biological	host subject id	Bue1018	15Bue1018	identifiant rendu unique par prefixe de campagne (25 identifiants reutilises entre 2014 et 2015)
DURANCE16S_15Bue1018Ch02A	ERS31168803	15Bue1018Ch02A	biological	host subject id	Bue1018	15Bue1018	identifiant rendu unique par prefixe de campagne (25 identifiants reutilises entre 2014 et 2015)
DURANCE16S_15Bue1018Ch03A	ERS31168611	15Bue1018Ch03A	biological	host subject id	Bue1018	15Bue1018	identifiant rendu unique par prefixe de campagne (25 identifiants reutilises entre 2014 et 2015)
DURANCE16S_15Caa1001CH03A	ERS31168581	15Caa1001CH03A	biological	host subject id	Caa1001	15Caa1001	identifiant rendu unique par prefixe de campagne (25 identifiants reutilises entre 2014 et 2015)
DURANCE16S_15Caa1001Ch01A	ERS31168197	15Caa1001Ch01A	biological	host subject id	Caa1001	15Caa1001	identifiant rendu unique par prefixe de campagne (25 identifiants reutilises entre 2014 et 2015)
DURANCE16S_15Caa1001Ch05A	ERS31168389	15Caa1001Ch05A	biological	host subject id	Caa1001	15Caa1001	identifiant rendu unique par prefixe de campagne (25 identifiants reutilises entre 2014 et 2015)
DURANCE16S_15Caa1001Ch0A	ERS31168773	15Caa1001Ch0A	biological	host subject id	Caa1001	15Caa1001	identifiant rendu unique par prefixe de campagne (25 identifiants reutilises entre 2014 et 2015)
DURANCE16S_15Caa1002Ch01A	ERS31168209	15Caa1002Ch01A	biological	host subject id	Caa1002	15Caa1002	identifiant rendu unique par prefixe de campagne (25 identifiants reutilises entre 2014 et 2015)
DURANCE16S_15Caa1002Ch03A	ERS31168593	15Caa1002Ch03A	biological	host subject id	Caa1002	15Caa1002	identifiant rendu unique par prefixe de campagne (25 identifiants reutilises entre 2014 et 2015)
DURANCE16S_15Caa1002Ch05A	ERS31168401	15Caa1002Ch05A	biological	host subject id	Caa1002	15Caa1002	identifiant rendu unique par prefixe de campagne (25 identifiants reutilises entre 2014 et 2015)
DURANCE16S_15Caa1002Ch0A	ERS31168785	15Caa1002Ch0A	biological	host subject id	Caa1002	15Caa1002	identifiant rendu unique par prefixe de campagne (25 identifiants reutilises entre 2014 et 2015)
DURANCE16S_15Caa1003Ch01A	ERS31168221	15Caa1003Ch01A	biological	host subject id	Caa1003	15Caa1003	identifiant rendu unique par prefixe de campagne (25 identifiants reutilises entre 2014 et 2015)
DURANCE16S_15Caa1003Ch03A	ERS31168605	15Caa1003Ch03A	biological	host subject id	Caa1003	15Caa1003	identifiant rendu unique par prefixe de campagne (25 identifiants reutilises entre 2014 et 2015)
DURANCE16S_15Caa1003Ch05A	ERS31168413	15Caa1003Ch05A	biological	host subject id	Caa1003	15Caa1003	identifiant rendu unique par prefixe de campagne (25 identifiants reutilises entre 2014 et 2015)
DURANCE16S_15Caa1003Ch0A	ERS31168797	15Caa1003Ch0A	biological	host subject id	Caa1003	15Caa1003	identifiant rendu unique par prefixe de campagne (25 identifiants reutilises entre 2014 et 2015)
DURANCE16S_15Caa1004Ch01A	ERS31168233	15Caa1004Ch01A	biological	host subject id	Caa1004	15Caa1004	identifiant rendu unique par prefixe de campagne (25 identifiants reutilises entre 2014 et 2015)
DURANCE16S_15Caa1004Ch03A	ERS31168617	15Caa1004Ch03A	biological	host subject id	Caa1004	15Caa1004	identifiant rendu unique par prefixe de campagne (25 identifiants reutilises entre 2014 et 2015)
DURANCE16S_15Caa1004Ch05A	ERS31168425	15Caa1004Ch05A	biological	host subject id	Caa1004	15Caa1004	identifiant rendu unique par prefixe de campagne (25 identifiants reutilises entre 2014 et 2015)
DURANCE16S_15Caa1004Ch0A	ERS31168809	15Caa1004Ch0A	biological	host subject id	Caa1004	15Caa1004	identifiant rendu unique par prefixe de campagne (25 identifiants reutilises entre 2014 et 2015)
DURANCE16S_15Caa1005Ch01A	ERS31168150	15Caa1005Ch01A	biological	host subject id	Caa1005	15Caa1005	identifiant rendu unique par prefixe de campagne (25 identifiants reutilises entre 2014 et 2015)
DURANCE16S_15Caa1005Ch03A	ERS31168534	15Caa1005Ch03A	biological	host subject id	Caa1005	15Caa1005	identifiant rendu unique par prefixe de campagne (25 identifiants reutilises entre 2014 et 2015)
DURANCE16S_15Caa1005Ch05A	ERS31168342	15Caa1005Ch05A	biological	host subject id	Caa1005	15Caa1005	identifiant rendu unique par prefixe de campagne (25 identifiants reutilises entre 2014 et 2015)
DURANCE16S_15Caa1005Ch0A	ERS31168726	15Caa1005Ch0A	biological	host subject id	Caa1005	15Caa1005	identifiant rendu unique par prefixe de campagne (25 identifiants reutilises entre 2014 et 2015)
DURANCE16S_15Caa1006Ch01A	ERS31168162	15Caa1006Ch01A	biological	host subject id	Caa1006	15Caa1006	identifiant rendu unique par prefixe de campagne (25 identifiants reutilises entre 2014 et 2015)
DURANCE16S_15Caa1006Ch03A	ERS31168546	15Caa1006Ch03A	biological	host subject id	Caa1006	15Caa1006	identifiant rendu unique par prefixe de campagne (25 identifiants reutilises entre 2014 et 2015)
DURANCE16S_15Caa1006Ch05A	ERS31168354	15Caa1006Ch05A	biological	host subject id	Caa1006	15Caa1006	identifiant rendu unique par prefixe de campagne (25 identifiants reutilises entre 2014 et 2015)
DURANCE16S_15Caa1006Ch0A	ERS31168738	15Caa1006Ch0A	biological	host subject id	Caa1006	15Caa1006	identifiant rendu unique par prefixe de campagne (25 identifiants reutilises entre 2014 et 2015)
DURANCE16S_15Caa1007Ch01A	ERS31168174	15Caa1007Ch01A	biological	host subject id	Caa1007	15Caa1007	identifiant rendu unique par prefixe de campagne (25 identifiants reutilises entre 2014 et 2015)
DURANCE16S_15Caa1007Ch03A	ERS31168558	15Caa1007Ch03A	biological	host subject id	Caa1007	15Caa1007	identifiant rendu unique par prefixe de campagne (25 identifiants reutilises entre 2014 et 2015)
DURANCE16S_15Caa1007Ch05A	ERS31168366	15Caa1007Ch05A	biological	host subject id	Caa1007	15Caa1007	identifiant rendu unique par prefixe de campagne (25 identifiants reutilises entre 2014 et 2015)
DURANCE16S_15Caa1007Ch0A	ERS31168750	15Caa1007Ch0A	biological	host subject id	Caa1007	15Caa1007	identifiant rendu unique par prefixe de campagne (25 identifiants reutilises entre 2014 et 2015)
DURANCE16S_15Caa1008Ch01A	ERS31168186	15Caa1008Ch01A	biological	host subject id	Caa1008	15Caa1008	identifiant rendu unique par prefixe de campagne (25 identifiants reutilises entre 2014 et 2015)
DURANCE16S_15Caa1008Ch03A	ERS31168570	15Caa1008Ch03A	biological	host subject id	Caa1008	15Caa1008	identifiant rendu unique par prefixe de campagne (25 identifiants reutilises entre 2014 et 2015)
DURANCE16S_15Caa1008Ch05A	ERS31168378	15Caa1008Ch05A	biological	host subject id	Caa1008	15Caa1008	identifiant rendu unique par prefixe de campagne (25 identifiants reutilises entre 2014 et 2015)
DURANCE16S_15Caa1008Ch0A	ERS31168762	15Caa1008Ch0A	biological	host subject id	Caa1008	15Caa1008	identifiant rendu unique par prefixe de campagne (25 identifiants reutilises entre 2014 et 2015)
DURANCE16S_15Caa1009Ch01A	ERS31168198	15Caa1009Ch01A	biological	host subject id	Caa1009	15Caa1009	identifiant rendu unique par prefixe de campagne (25 identifiants reutilises entre 2014 et 2015)
DURANCE16S_15Caa1009Ch03A	ERS31168582	15Caa1009Ch03A	biological	host subject id	Caa1009	15Caa1009	identifiant rendu unique par prefixe de campagne (25 identifiants reutilises entre 2014 et 2015)
DURANCE16S_15Caa1009Ch05A	ERS31168390	15Caa1009Ch05A	biological	host subject id	Caa1009	15Caa1009	identifiant rendu unique par prefixe de campagne (25 identifiants reutilises entre 2014 et 2015)
DURANCE16S_15Caa1009Ch0A	ERS31168774	15Caa1009Ch0A	biological	host subject id	Caa1009	15Caa1009	identifiant rendu unique par prefixe de campagne (25 identifiants reutilises entre 2014 et 2015)
DURANCE16S_15Caa1010Ch01A	ERS31168210	15Caa1010Ch01A	biological	host subject id	Caa1010	15Caa1010	identifiant rendu unique par prefixe de campagne (25 identifiants reutilises entre 2014 et 2015)
DURANCE16S_15Caa1010Ch03A	ERS31168594	15Caa1010Ch03A	biological	host subject id	Caa1010	15Caa1010	identifiant rendu unique par prefixe de campagne (25 identifiants reutilises entre 2014 et 2015)
DURANCE16S_15Caa1010Ch05A	ERS31168402	15Caa1010Ch05A	biological	host subject id	Caa1010	15Caa1010	identifiant rendu unique par prefixe de campagne (25 identifiants reutilises entre 2014 et 2015)
DURANCE16S_15Caa1010Ch0A	ERS31168786	15Caa1010Ch0A	biological	host subject id	Caa1010	15Caa1010	identifiant rendu unique par prefixe de campagne (25 identifiants reutilises entre 2014 et 2015)
DURANCE16S_15Caa1011Ch01A	ERS31168222	15Caa1011Ch01A	biological	host subject id	Caa1011	15Caa1011	identifiant rendu unique par prefixe de campagne (25 identifiants reutilises entre 2014 et 2015)
DURANCE16S_15Caa1011Ch03A	ERS31168606	15Caa1011Ch03A	biological	host subject id	Caa1011	15Caa1011	identifiant rendu unique par prefixe de campagne (25 identifiants reutilises entre 2014 et 2015)
DURANCE16S_15Caa1011Ch05A	ERS31168414	15Caa1011Ch05A	biological	host subject id	Caa1011	15Caa1011	identifiant rendu unique par prefixe de campagne (25 identifiants reutilises entre 2014 et 2015)
DURANCE16S_15Caa1011Ch0A	ERS31168798	15Caa1011Ch0A	biological	host subject id	Caa1011	15Caa1011	identifiant rendu unique par prefixe de campagne (25 identifiants reutilises entre 2014 et 2015)
DURANCE16S_15Caa1012Ch01A	ERS31168234	15Caa1012Ch01A	biological	host subject id	Caa1012	15Caa1012	identifiant rendu unique par prefixe de campagne (25 identifiants reutilises entre 2014 et 2015)
DURANCE16S_15Caa1012Ch03A	ERS31168618	15Caa1012Ch03A	biological	host subject id	Caa1012	15Caa1012	identifiant rendu unique par prefixe de campagne (25 identifiants reutilises entre 2014 et 2015)
DURANCE16S_15Caa1012Ch05A	ERS31168426	15Caa1012Ch05A	biological	host subject id	Caa1012	15Caa1012	identifiant rendu unique par prefixe de campagne (25 identifiants reutilises entre 2014 et 2015)
DURANCE16S_15Caa1012Ch0A	ERS31168810	15Caa1012Ch0A	biological	host subject id	Caa1012	15Caa1012	identifiant rendu unique par prefixe de campagne (25 identifiants reutilises entre 2014 et 2015)
DURANCE16S_15Caa1013Ch01A	ERS31168151	15Caa1013Ch01A	biological	host subject id	Caa1013	15Caa1013	identifiant rendu unique par prefixe de campagne (25 identifiants reutilises entre 2014 et 2015)
DURANCE16S_15Caa1013Ch03A	ERS31168535	15Caa1013Ch03A	biological	host subject id	Caa1013	15Caa1013	identifiant rendu unique par prefixe de campagne (25 identifiants reutilises entre 2014 et 2015)
DURANCE16S_15Caa1013Ch05A	ERS31168343	15Caa1013Ch05A	biological	host subject id	Caa1013	15Caa1013	identifiant rendu unique par prefixe de campagne (25 identifiants reutilises entre 2014 et 2015)
DURANCE16S_15Caa1013Ch0A	ERS31168727	15Caa1013Ch0A	biological	host subject id	Caa1013	15Caa1013	identifiant rendu unique par prefixe de campagne (25 identifiants reutilises entre 2014 et 2015)
DURANCE16S_15Caa1014Ch01A	ERS31168163	15Caa1014Ch01A	biological	host subject id	Caa1014	15Caa1014	identifiant rendu unique par prefixe de campagne (25 identifiants reutilises entre 2014 et 2015)
DURANCE16S_15Caa1014Ch03A	ERS31168547	15Caa1014Ch03A	biological	host subject id	Caa1014	15Caa1014	identifiant rendu unique par prefixe de campagne (25 identifiants reutilises entre 2014 et 2015)
DURANCE16S_15Caa1014Ch05A	ERS31168355	15Caa1014Ch05A	biological	host subject id	Caa1014	15Caa1014	identifiant rendu unique par prefixe de campagne (25 identifiants reutilises entre 2014 et 2015)
DURANCE16S_15Caa1014Ch0A	ERS31168739	15Caa1014Ch0A	biological	host subject id	Caa1014	15Caa1014	identifiant rendu unique par prefixe de campagne (25 identifiants reutilises entre 2014 et 2015)
DURANCE16S_15Caa1015Ch01A	ERS31168175	15Caa1015Ch01A	biological	host subject id	Caa1015	15Caa1015	identifiant rendu unique par prefixe de campagne (25 identifiants reutilises entre 2014 et 2015)
DURANCE16S_15Caa1015Ch03A	ERS31168559	15Caa1015Ch03A	biological	host subject id	Caa1015	15Caa1015	identifiant rendu unique par prefixe de campagne (25 identifiants reutilises entre 2014 et 2015)
DURANCE16S_15Caa1015Ch05A	ERS31168367	15Caa1015Ch05A	biological	host subject id	Caa1015	15Caa1015	identifiant rendu unique par prefixe de campagne (25 identifiants reutilises entre 2014 et 2015)
DURANCE16S_15Caa1015Ch0A	ERS31168751	15Caa1015Ch0A	biological	host subject id	Caa1015	15Caa1015	identifiant rendu unique par prefixe de campagne (25 identifiants reutilises entre 2014 et 2015)
DURANCE16S_15Caa1016Ch01A	ERS31168187	15Caa1016Ch01A	biological	host subject id	Caa1016	15Caa1016	identifiant rendu unique par prefixe de campagne (25 identifiants reutilises entre 2014 et 2015)
DURANCE16S_15Caa1016Ch03A	ERS31168571	15Caa1016Ch03A	biological	host subject id	Caa1016	15Caa1016	identifiant rendu unique par prefixe de campagne (25 identifiants reutilises entre 2014 et 2015)
DURANCE16S_15Caa1016Ch05A	ERS31168379	15Caa1016Ch05A	biological	host subject id	Caa1016	15Caa1016	identifiant rendu unique par prefixe de campagne (25 identifiants reutilises entre 2014 et 2015)
DURANCE16S_15Caa1016Ch0A	ERS31168763	15Caa1016Ch0A	biological	host subject id	Caa1016	15Caa1016	identifiant rendu unique par prefixe de campagne (25 identifiants reutilises entre 2014 et 2015)
DURANCE16S_15Caa1017Ch01A	ERS31168199	15Caa1017Ch01A	biological	host subject id	Caa1017	15Caa1017	identifiant rendu unique par prefixe de campagne (25 identifiants reutilises entre 2014 et 2015)
DURANCE16S_15Caa1017Ch03A	ERS31168583	15Caa1017Ch03A	biological	host subject id	Caa1017	15Caa1017	identifiant rendu unique par prefixe de campagne (25 identifiants reutilises entre 2014 et 2015)
DURANCE16S_15Caa1017Ch05A	ERS31168391	15Caa1017Ch05A	biological	host subject id	Caa1017	15Caa1017	identifiant rendu unique par prefixe de campagne (25 identifiants reutilises entre 2014 et 2015)
DURANCE16S_15Caa1017Ch0A	ERS31168775	15Caa1017Ch0A	biological	host subject id	Caa1017	15Caa1017	identifiant rendu unique par prefixe de campagne (25 identifiants reutilises entre 2014 et 2015)
DURANCE16S_15Caa1018Ch01A	ERS31168211	15Caa1018Ch01A	biological	host subject id	Caa1018	15Caa1018	identifiant rendu unique par prefixe de campagne (25 identifiants reutilises entre 2014 et 2015)
DURANCE16S_15Caa1018Ch03A	ERS31168595	15Caa1018Ch03A	biological	host subject id	Caa1018	15Caa1018	identifiant rendu unique par prefixe de campagne (25 identifiants reutilises entre 2014 et 2015)
DURANCE16S_15Caa1018Ch05A	ERS31168403	15Caa1018Ch05A	biological	host subject id	Caa1018	15Caa1018	identifiant rendu unique par prefixe de campagne (25 identifiants reutilises entre 2014 et 2015)
DURANCE16S_15Caa1018Ch0A	ERS31168787	15Caa1018Ch0A	biological	host subject id	Caa1018	15Caa1018	identifiant rendu unique par prefixe de campagne (25 identifiants reutilises entre 2014 et 2015)
DURANCE16S_15Caa1019Ch01A	ERS31168223	15Caa1019Ch01A	biological	host subject id	Caa1019	15Caa1019	identifiant rendu unique par prefixe de campagne (25 identifiants reutilises entre 2014 et 2015)
DURANCE16S_15Caa1019Ch03A	ERS31168607	15Caa1019Ch03A	biological	host subject id	Caa1019	15Caa1019	identifiant rendu unique par prefixe de campagne (25 identifiants reutilises entre 2014 et 2015)
DURANCE16S_15Caa1019Ch05A	ERS31168415	15Caa1019Ch05A	biological	host subject id	Caa1019	15Caa1019	identifiant rendu unique par prefixe de campagne (25 identifiants reutilises entre 2014 et 2015)
DURANCE16S_15Caa1019Ch0A	ERS31168799	15Caa1019Ch0A	biological	host subject id	Caa1019	15Caa1019	identifiant rendu unique par prefixe de campagne (25 identifiants reutilises entre 2014 et 2015)
DURANCE16S_15Caa1020Ch01A	ERS31168235	15Caa1020Ch01A	biological	host subject id	Caa1020	15Caa1020	identifiant rendu unique par prefixe de campagne (25 identifiants reutilises entre 2014 et 2015)
DURANCE16S_15Caa1020Ch03A	ERS31168619	15Caa1020Ch03A	biological	host subject id	Caa1020	15Caa1020	identifiant rendu unique par prefixe de campagne (25 identifiants reutilises entre 2014 et 2015)
DURANCE16S_15Caa1020Ch05A	ERS31168427	15Caa1020Ch05A	biological	host subject id	Caa1020	15Caa1020	identifiant rendu unique par prefixe de campagne (25 identifiants reutilises entre 2014 et 2015)
DURANCE16S_15Caa1020Ch0A	ERS31168811	15Caa1020Ch0A	biological	host subject id	Caa1020	15Caa1020	identifiant rendu unique par prefixe de campagne (25 identifiants reutilises entre 2014 et 2015)
DURANCE16S_15Cab1001Ch01A	ERS31168121	15Cab1001Ch01A	biological	host subject id	Cab1001	15Cab1001	identifiant rendu unique par prefixe de campagne (25 identifiants reutilises entre 2014 et 2015)
DURANCE16S_15Cab1001Ch02A	ERS31168685	15Cab1001Ch02A	biological	host subject id	Cab1001	15Cab1001	identifiant rendu unique par prefixe de campagne (25 identifiants reutilises entre 2014 et 2015)
DURANCE16S_15Cab1001Ch03A	ERS31168505	15Cab1001Ch03A	biological	host subject id	Cab1001	15Cab1001	identifiant rendu unique par prefixe de campagne (25 identifiants reutilises entre 2014 et 2015)
DURANCE16S_15Cab1001Ch05A	ERS31168313	15Cab1001Ch05A	biological	host subject id	Cab1001	15Cab1001	identifiant rendu unique par prefixe de campagne (25 identifiants reutilises entre 2014 et 2015)
DURANCE16S_15Cab1002Ch01A	ERS31168133	15Cab1002Ch01A	biological	host subject id	Cab1002	15Cab1002	identifiant rendu unique par prefixe de campagne (25 identifiants reutilises entre 2014 et 2015)
DURANCE16S_15Cab1002Ch02A	ERS31168697	15Cab1002Ch02A	biological	host subject id	Cab1002	15Cab1002	identifiant rendu unique par prefixe de campagne (25 identifiants reutilises entre 2014 et 2015)
DURANCE16S_15Cab1002Ch03A	ERS31168517	15Cab1002Ch03A	biological	host subject id	Cab1002	15Cab1002	identifiant rendu unique par prefixe de campagne (25 identifiants reutilises entre 2014 et 2015)
DURANCE16S_15Cab1002Ch05A	ERS31168325	15Cab1002Ch05A	biological	host subject id	Cab1002	15Cab1002	identifiant rendu unique par prefixe de campagne (25 identifiants reutilises entre 2014 et 2015)
DURANCE16S_15Cab1003Ch01A	ERS31168050	15Cab1003Ch01A	biological	host subject id	Cab1003	15Cab1003	identifiant rendu unique par prefixe de campagne (25 identifiants reutilises entre 2014 et 2015)
DURANCE16S_15Cab1003Ch02A	ERS31168709	15Cab1003Ch02A	biological	host subject id	Cab1003	15Cab1003	identifiant rendu unique par prefixe de campagne (25 identifiants reutilises entre 2014 et 2015)
DURANCE16S_15Cab1003Ch03A	ERS31168434	15Cab1003Ch03A	biological	host subject id	Cab1003	15Cab1003	identifiant rendu unique par prefixe de campagne (25 identifiants reutilises entre 2014 et 2015)
DURANCE16S_15Cab1003Ch05A	ERS31168242	15Cab1003Ch05A	biological	host subject id	Cab1003	15Cab1003	identifiant rendu unique par prefixe de campagne (25 identifiants reutilises entre 2014 et 2015)
DURANCE16S_15Cab1004Ch01A	ERS31168062	15Cab1004Ch01A	biological	host subject id	Cab1004	15Cab1004	identifiant rendu unique par prefixe de campagne (25 identifiants reutilises entre 2014 et 2015)
DURANCE16S_15Cab1004Ch02A	ERS31168626	15Cab1004Ch02A	biological	host subject id	Cab1004	15Cab1004	identifiant rendu unique par prefixe de campagne (25 identifiants reutilises entre 2014 et 2015)
DURANCE16S_15Cab1004Ch03A	ERS31168446	15Cab1004Ch03A	biological	host subject id	Cab1004	15Cab1004	identifiant rendu unique par prefixe de campagne (25 identifiants reutilises entre 2014 et 2015)
DURANCE16S_15Cab1004Ch05A	ERS31168254	15Cab1004Ch05A	biological	host subject id	Cab1004	15Cab1004	identifiant rendu unique par prefixe de campagne (25 identifiants reutilises entre 2014 et 2015)
DURANCE16S_15Cab1005Ch01A	ERS31168074	15Cab1005Ch01A	biological	host subject id	Cab1005	15Cab1005	identifiant rendu unique par prefixe de campagne (25 identifiants reutilises entre 2014 et 2015)
DURANCE16S_15Cab1005Ch02A	ERS31168638	15Cab1005Ch02A	biological	host subject id	Cab1005	15Cab1005	identifiant rendu unique par prefixe de campagne (25 identifiants reutilises entre 2014 et 2015)
DURANCE16S_15Cab1005Ch03A	ERS31168458	15Cab1005Ch03A	biological	host subject id	Cab1005	15Cab1005	identifiant rendu unique par prefixe de campagne (25 identifiants reutilises entre 2014 et 2015)
DURANCE16S_15Cab1005Ch05A	ERS31168266	15Cab1005Ch05A	biological	host subject id	Cab1005	15Cab1005	identifiant rendu unique par prefixe de campagne (25 identifiants reutilises entre 2014 et 2015)
DURANCE16S_15Cab1006Ch01A	ERS31168086	15Cab1006Ch01A	biological	host subject id	Cab1006	15Cab1006	identifiant rendu unique par prefixe de campagne (25 identifiants reutilises entre 2014 et 2015)
DURANCE16S_15Cab1006Ch02A	ERS31168650	15Cab1006Ch02A	biological	host subject id	Cab1006	15Cab1006	identifiant rendu unique par prefixe de campagne (25 identifiants reutilises entre 2014 et 2015)
DURANCE16S_15Cab1006Ch03A	ERS31168470	15Cab1006Ch03A	biological	host subject id	Cab1006	15Cab1006	identifiant rendu unique par prefixe de campagne (25 identifiants reutilises entre 2014 et 2015)
DURANCE16S_15Cab1006Ch05A	ERS31168278	15Cab1006Ch05A	biological	host subject id	Cab1006	15Cab1006	identifiant rendu unique par prefixe de campagne (25 identifiants reutilises entre 2014 et 2015)
DURANCE16S_15Cab1007Ch01A	ERS31168098	15Cab1007Ch01A	biological	host subject id	Cab1007	15Cab1007	identifiant rendu unique par prefixe de campagne (25 identifiants reutilises entre 2014 et 2015)
DURANCE16S_15Cab1007Ch02A	ERS31168662	15Cab1007Ch02A	biological	host subject id	Cab1007	15Cab1007	identifiant rendu unique par prefixe de campagne (25 identifiants reutilises entre 2014 et 2015)
DURANCE16S_15Cab1007Ch03A	ERS31168482	15Cab1007Ch03A	biological	host subject id	Cab1007	15Cab1007	identifiant rendu unique par prefixe de campagne (25 identifiants reutilises entre 2014 et 2015)
DURANCE16S_15Cab1007Ch05A	ERS31168290	15Cab1007Ch05A	biological	host subject id	Cab1007	15Cab1007	identifiant rendu unique par prefixe de campagne (25 identifiants reutilises entre 2014 et 2015)
DURANCE16S_15Cab1008Ch01A	ERS31168110	15Cab1008Ch01A	biological	host subject id	Cab1008	15Cab1008	identifiant rendu unique par prefixe de campagne (25 identifiants reutilises entre 2014 et 2015)
DURANCE16S_15Cab1008Ch02A	ERS31168674	15Cab1008Ch02A	biological	host subject id	Cab1008	15Cab1008	identifiant rendu unique par prefixe de campagne (25 identifiants reutilises entre 2014 et 2015)
DURANCE16S_15Cab1008Ch03A	ERS31168494	15Cab1008Ch03A	biological	host subject id	Cab1008	15Cab1008	identifiant rendu unique par prefixe de campagne (25 identifiants reutilises entre 2014 et 2015)
DURANCE16S_15Cab1008Ch05A	ERS31168302	15Cab1008Ch05A	biological	host subject id	Cab1008	15Cab1008	identifiant rendu unique par prefixe de campagne (25 identifiants reutilises entre 2014 et 2015)
DURANCE16S_15Cab1009Ch01A	ERS31168122	15Cab1009Ch01A	biological	host subject id	Cab1009	15Cab1009	identifiant rendu unique par prefixe de campagne (25 identifiants reutilises entre 2014 et 2015)
DURANCE16S_15Cab1009Ch02A	ERS31168686	15Cab1009Ch02A	biological	host subject id	Cab1009	15Cab1009	identifiant rendu unique par prefixe de campagne (25 identifiants reutilises entre 2014 et 2015)
DURANCE16S_15Cab1009Ch03A	ERS31168506	15Cab1009Ch03A	biological	host subject id	Cab1009	15Cab1009	identifiant rendu unique par prefixe de campagne (25 identifiants reutilises entre 2014 et 2015)
DURANCE16S_15Cab1009Ch05A	ERS31168314	15Cab1009Ch05A	biological	host subject id	Cab1009	15Cab1009	identifiant rendu unique par prefixe de campagne (25 identifiants reutilises entre 2014 et 2015)
DURANCE16S_15Cab1010Ch01A	ERS31168134	15Cab1010Ch01A	biological	host subject id	Cab1010	15Cab1010	identifiant rendu unique par prefixe de campagne (25 identifiants reutilises entre 2014 et 2015)
DURANCE16S_15Cab1010Ch02A	ERS31168698	15Cab1010Ch02A	biological	host subject id	Cab1010	15Cab1010	identifiant rendu unique par prefixe de campagne (25 identifiants reutilises entre 2014 et 2015)
DURANCE16S_15Cab1010Ch03A	ERS31168518	15Cab1010Ch03A	biological	host subject id	Cab1010	15Cab1010	identifiant rendu unique par prefixe de campagne (25 identifiants reutilises entre 2014 et 2015)
DURANCE16S_15Cab1010Ch05A	ERS31168326	15Cab1010Ch05A	biological	host subject id	Cab1010	15Cab1010	identifiant rendu unique par prefixe de campagne (25 identifiants reutilises entre 2014 et 2015)
DURANCE16S_15Cab1011Ch01A	ERS31168051	15Cab1011Ch01A	biological	host subject id	Cab1011	15Cab1011	identifiant rendu unique par prefixe de campagne (25 identifiants reutilises entre 2014 et 2015)
DURANCE16S_15Cab1011Ch02A	ERS31168710	15Cab1011Ch02A	biological	host subject id	Cab1011	15Cab1011	identifiant rendu unique par prefixe de campagne (25 identifiants reutilises entre 2014 et 2015)
DURANCE16S_15Cab1011Ch03A	ERS31168435	15Cab1011Ch03A	biological	host subject id	Cab1011	15Cab1011	identifiant rendu unique par prefixe de campagne (25 identifiants reutilises entre 2014 et 2015)
DURANCE16S_15Cab1011Ch05A	ERS31168243	15Cab1011Ch05A	biological	host subject id	Cab1011	15Cab1011	identifiant rendu unique par prefixe de campagne (25 identifiants reutilises entre 2014 et 2015)
DURANCE16S_15Cab1012Ch01A	ERS31168063	15Cab1012Ch01A	biological	host subject id	Cab1012	15Cab1012	identifiant rendu unique par prefixe de campagne (25 identifiants reutilises entre 2014 et 2015)
DURANCE16S_15Cab1012Ch02A	ERS31168627	15Cab1012Ch02A	biological	host subject id	Cab1012	15Cab1012	identifiant rendu unique par prefixe de campagne (25 identifiants reutilises entre 2014 et 2015)
DURANCE16S_15Cab1012Ch03A	ERS31168447	15Cab1012Ch03A	biological	host subject id	Cab1012	15Cab1012	identifiant rendu unique par prefixe de campagne (25 identifiants reutilises entre 2014 et 2015)
DURANCE16S_15Cab1012Ch05A	ERS31168255	15Cab1012Ch05A	biological	host subject id	Cab1012	15Cab1012	identifiant rendu unique par prefixe de campagne (25 identifiants reutilises entre 2014 et 2015)
DURANCE16S_15Cab1013Ch01A	ERS31168075	15Cab1013Ch01A	biological	host subject id	Cab1013	15Cab1013	identifiant rendu unique par prefixe de campagne (25 identifiants reutilises entre 2014 et 2015)
DURANCE16S_15Cab1013Ch02A	ERS31168639	15Cab1013Ch02A	biological	host subject id	Cab1013	15Cab1013	identifiant rendu unique par prefixe de campagne (25 identifiants reutilises entre 2014 et 2015)
DURANCE16S_15Cab1013Ch03A	ERS31168459	15Cab1013Ch03A	biological	host subject id	Cab1013	15Cab1013	identifiant rendu unique par prefixe de campagne (25 identifiants reutilises entre 2014 et 2015)
DURANCE16S_15Cab1013Ch05A	ERS31168267	15Cab1013Ch05A	biological	host subject id	Cab1013	15Cab1013	identifiant rendu unique par prefixe de campagne (25 identifiants reutilises entre 2014 et 2015)
DURANCE16S_15Cab1014Ch01A	ERS31168087	15Cab1014Ch01A	biological	host subject id	Cab1014	15Cab1014	identifiant rendu unique par prefixe de campagne (25 identifiants reutilises entre 2014 et 2015)
DURANCE16S_15Cab1014Ch02A	ERS31168651	15Cab1014Ch02A	biological	host subject id	Cab1014	15Cab1014	identifiant rendu unique par prefixe de campagne (25 identifiants reutilises entre 2014 et 2015)
DURANCE16S_15Cab1014Ch03A	ERS31168471	15Cab1014Ch03A	biological	host subject id	Cab1014	15Cab1014	identifiant rendu unique par prefixe de campagne (25 identifiants reutilises entre 2014 et 2015)
DURANCE16S_15Cab1014Ch05A	ERS31168279	15Cab1014Ch05A	biological	host subject id	Cab1014	15Cab1014	identifiant rendu unique par prefixe de campagne (25 identifiants reutilises entre 2014 et 2015)
DURANCE16S_15Cab1015Ch01A	ERS31168099	15Cab1015Ch01A	biological	host subject id	Cab1015	15Cab1015	identifiant rendu unique par prefixe de campagne (25 identifiants reutilises entre 2014 et 2015)
DURANCE16S_15Cab1015Ch02A	ERS31168663	15Cab1015Ch02A	biological	host subject id	Cab1015	15Cab1015	identifiant rendu unique par prefixe de campagne (25 identifiants reutilises entre 2014 et 2015)
DURANCE16S_15Cab1015Ch03A	ERS31168483	15Cab1015Ch03A	biological	host subject id	Cab1015	15Cab1015	identifiant rendu unique par prefixe de campagne (25 identifiants reutilises entre 2014 et 2015)
DURANCE16S_15Cab1015Ch05A	ERS31168291	15Cab1015Ch05A	biological	host subject id	Cab1015	15Cab1015	identifiant rendu unique par prefixe de campagne (25 identifiants reutilises entre 2014 et 2015)
DURANCE16S_15Cab1016Ch01A	ERS31168111	15Cab1016Ch01A	biological	host subject id	Cab1016	15Cab1016	identifiant rendu unique par prefixe de campagne (25 identifiants reutilises entre 2014 et 2015)
DURANCE16S_15Cab1016Ch02A	ERS31168675	15Cab1016Ch02A	biological	host subject id	Cab1016	15Cab1016	identifiant rendu unique par prefixe de campagne (25 identifiants reutilises entre 2014 et 2015)
DURANCE16S_15Cab1016Ch03A	ERS31168495	15Cab1016Ch03A	biological	host subject id	Cab1016	15Cab1016	identifiant rendu unique par prefixe de campagne (25 identifiants reutilises entre 2014 et 2015)
DURANCE16S_15Cab1016Ch05A	ERS31168303	15Cab1016Ch05A	biological	host subject id	Cab1016	15Cab1016	identifiant rendu unique par prefixe de campagne (25 identifiants reutilises entre 2014 et 2015)
DURANCE16S_15Cab1017Ch01A	ERS31168123	15Cab1017Ch01A	biological	host subject id	Cab1017	15Cab1017	identifiant rendu unique par prefixe de campagne (25 identifiants reutilises entre 2014 et 2015)
DURANCE16S_15Cab1017Ch02A	ERS31168687	15Cab1017Ch02A	biological	host subject id	Cab1017	15Cab1017	identifiant rendu unique par prefixe de campagne (25 identifiants reutilises entre 2014 et 2015)
DURANCE16S_15Cab1017Ch03A	ERS31168507	15Cab1017Ch03A	biological	host subject id	Cab1017	15Cab1017	identifiant rendu unique par prefixe de campagne (25 identifiants reutilises entre 2014 et 2015)
DURANCE16S_15Cab1017Ch05A	ERS31168315	15Cab1017Ch05A	biological	host subject id	Cab1017	15Cab1017	identifiant rendu unique par prefixe de campagne (25 identifiants reutilises entre 2014 et 2015)
DURANCE16S_15Cab1018Ch01A	ERS31168135	15Cab1018Ch01A	biological	host subject id	Cab1018	15Cab1018	identifiant rendu unique par prefixe de campagne (25 identifiants reutilises entre 2014 et 2015)
DURANCE16S_15Cab1018Ch02A	ERS31168699	15Cab1018Ch02A	biological	host subject id	Cab1018	15Cab1018	identifiant rendu unique par prefixe de campagne (25 identifiants reutilises entre 2014 et 2015)
DURANCE16S_15Cab1018Ch03A	ERS31168519	15Cab1018Ch03A	biological	host subject id	Cab1018	15Cab1018	identifiant rendu unique par prefixe de campagne (25 identifiants reutilises entre 2014 et 2015)
DURANCE16S_15Cab1018Ch05A	ERS31168327	15Cab1018Ch05A	biological	host subject id	Cab1018	15Cab1018	identifiant rendu unique par prefixe de campagne (25 identifiants reutilises entre 2014 et 2015)
DURANCE16S_15Cab1019Ch01A	ERS31168052	15Cab1019Ch01A	biological	host subject id	Cab1019	15Cab1019	identifiant rendu unique par prefixe de campagne (25 identifiants reutilises entre 2014 et 2015)
DURANCE16S_15Cab1019Ch02A	ERS31168711	15Cab1019Ch02A	biological	host subject id	Cab1019	15Cab1019	identifiant rendu unique par prefixe de campagne (25 identifiants reutilises entre 2014 et 2015)
DURANCE16S_15Cab1019Ch03A	ERS31168436	15Cab1019Ch03A	biological	host subject id	Cab1019	15Cab1019	identifiant rendu unique par prefixe de campagne (25 identifiants reutilises entre 2014 et 2015)
DURANCE16S_15Cab1019Ch05A	ERS31168244	15Cab1019Ch05A	biological	host subject id	Cab1019	15Cab1019	identifiant rendu unique par prefixe de campagne (25 identifiants reutilises entre 2014 et 2015)
DURANCE16S_15Jus1001CH02A	ERS31168735	15Jus1001CH02A	biological	host subject id	Jus1001	15Jus1001	identifiant rendu unique par prefixe de campagne (25 identifiants reutilises entre 2014 et 2015)
DURANCE16S_15Jus1001Ch01A	ERS31168159	15Jus1001Ch01A	biological	host subject id	Jus1001	15Jus1001	identifiant rendu unique par prefixe de campagne (25 identifiants reutilises entre 2014 et 2015)
DURANCE16S_15Jus1001Ch03A	ERS31168543	15Jus1001Ch03A	biological	host subject id	Jus1001	15Jus1001	identifiant rendu unique par prefixe de campagne (25 identifiants reutilises entre 2014 et 2015)
DURANCE16S_15Jus1001Ch05A	ERS31168351	15Jus1001Ch05A	biological	host subject id	Jus1001	15Jus1001	identifiant rendu unique par prefixe de campagne (25 identifiants reutilises entre 2014 et 2015)
DURANCE16S_15Jus1002Ch01A	ERS31168171	15Jus1002Ch01A	biological	host subject id	Jus1002	15Jus1002	identifiant rendu unique par prefixe de campagne (25 identifiants reutilises entre 2014 et 2015)
DURANCE16S_15Jus1002Ch03A	ERS31168555	15Jus1002Ch03A	biological	host subject id	Jus1002	15Jus1002	identifiant rendu unique par prefixe de campagne (25 identifiants reutilises entre 2014 et 2015)
DURANCE16S_15Jus1002Ch05A	ERS31168363	15Jus1002Ch05A	biological	host subject id	Jus1002	15Jus1002	identifiant rendu unique par prefixe de campagne (25 identifiants reutilises entre 2014 et 2015)
DURANCE16S_15Jus1002Ch0A	ERS31168747	15Jus1002Ch0A	biological	host subject id	Jus1002	15Jus1002	identifiant rendu unique par prefixe de campagne (25 identifiants reutilises entre 2014 et 2015)
DURANCE16S_15Jus1003Ch01A	ERS31168183	15Jus1003Ch01A	biological	host subject id	Jus1003	15Jus1003	identifiant rendu unique par prefixe de campagne (25 identifiants reutilises entre 2014 et 2015)
DURANCE16S_15Jus1003Ch03A	ERS31168567	15Jus1003Ch03A	biological	host subject id	Jus1003	15Jus1003	identifiant rendu unique par prefixe de campagne (25 identifiants reutilises entre 2014 et 2015)
DURANCE16S_15Jus1003Ch05A	ERS31168375	15Jus1003Ch05A	biological	host subject id	Jus1003	15Jus1003	identifiant rendu unique par prefixe de campagne (25 identifiants reutilises entre 2014 et 2015)
DURANCE16S_15Jus1003Ch0A	ERS31168759	15Jus1003Ch0A	biological	host subject id	Jus1003	15Jus1003	identifiant rendu unique par prefixe de campagne (25 identifiants reutilises entre 2014 et 2015)
DURANCE16S_15Jus1004Ch01A	ERS31168195	15Jus1004Ch01A	biological	host subject id	Jus1004	15Jus1004	identifiant rendu unique par prefixe de campagne (25 identifiants reutilises entre 2014 et 2015)
DURANCE16S_15Jus1004Ch03A	ERS31168579	15Jus1004Ch03A	biological	host subject id	Jus1004	15Jus1004	identifiant rendu unique par prefixe de campagne (25 identifiants reutilises entre 2014 et 2015)
DURANCE16S_15Jus1004Ch05A	ERS31168387	15Jus1004Ch05A	biological	host subject id	Jus1004	15Jus1004	identifiant rendu unique par prefixe de campagne (25 identifiants reutilises entre 2014 et 2015)
DURANCE16S_15Jus1004Ch0A	ERS31168771	15Jus1004Ch0A	biological	host subject id	Jus1004	15Jus1004	identifiant rendu unique par prefixe de campagne (25 identifiants reutilises entre 2014 et 2015)
DURANCE16S_15Jus1005Ch01A	ERS31168207	15Jus1005Ch01A	biological	host subject id	Jus1005	15Jus1005	identifiant rendu unique par prefixe de campagne (25 identifiants reutilises entre 2014 et 2015)
DURANCE16S_15Jus1005Ch03A	ERS31168591	15Jus1005Ch03A	biological	host subject id	Jus1005	15Jus1005	identifiant rendu unique par prefixe de campagne (25 identifiants reutilises entre 2014 et 2015)
DURANCE16S_15Jus1005Ch05A	ERS31168399	15Jus1005Ch05A	biological	host subject id	Jus1005	15Jus1005	identifiant rendu unique par prefixe de campagne (25 identifiants reutilises entre 2014 et 2015)
DURANCE16S_15Jus1005Ch0A	ERS31168783	15Jus1005Ch0A	biological	host subject id	Jus1005	15Jus1005	identifiant rendu unique par prefixe de campagne (25 identifiants reutilises entre 2014 et 2015)
DURANCE16S_15Jus1006Ch01A	ERS31168219	15Jus1006Ch01A	biological	host subject id	Jus1006	15Jus1006	identifiant rendu unique par prefixe de campagne (25 identifiants reutilises entre 2014 et 2015)
DURANCE16S_15Jus1006Ch03A	ERS31168603	15Jus1006Ch03A	biological	host subject id	Jus1006	15Jus1006	identifiant rendu unique par prefixe de campagne (25 identifiants reutilises entre 2014 et 2015)
DURANCE16S_15Jus1006Ch05A	ERS31168411	15Jus1006Ch05A	biological	host subject id	Jus1006	15Jus1006	identifiant rendu unique par prefixe de campagne (25 identifiants reutilises entre 2014 et 2015)
DURANCE16S_15Jus1006Ch0A	ERS31168795	15Jus1006Ch0A	biological	host subject id	Jus1006	15Jus1006	identifiant rendu unique par prefixe de campagne (25 identifiants reutilises entre 2014 et 2015)
DURANCE16S_15Jus1007Ch01A	ERS31168231	15Jus1007Ch01A	biological	host subject id	Jus1007	15Jus1007	identifiant rendu unique par prefixe de campagne (25 identifiants reutilises entre 2014 et 2015)
DURANCE16S_15Jus1007Ch03A	ERS31168615	15Jus1007Ch03A	biological	host subject id	Jus1007	15Jus1007	identifiant rendu unique par prefixe de campagne (25 identifiants reutilises entre 2014 et 2015)
DURANCE16S_15Jus1007Ch05A	ERS31168423	15Jus1007Ch05A	biological	host subject id	Jus1007	15Jus1007	identifiant rendu unique par prefixe de campagne (25 identifiants reutilises entre 2014 et 2015)
DURANCE16S_15Jus1007Ch0A	ERS31168807	15Jus1007Ch0A	biological	host subject id	Jus1007	15Jus1007	identifiant rendu unique par prefixe de campagne (25 identifiants reutilises entre 2014 et 2015)
DURANCE16S_15Jus1008Ch01A	ERS31168148	15Jus1008Ch01A	biological	host subject id	Jus1008	15Jus1008	identifiant rendu unique par prefixe de campagne (25 identifiants reutilises entre 2014 et 2015)
DURANCE16S_15Jus1008Ch03A	ERS31168532	15Jus1008Ch03A	biological	host subject id	Jus1008	15Jus1008	identifiant rendu unique par prefixe de campagne (25 identifiants reutilises entre 2014 et 2015)
DURANCE16S_15Jus1008Ch05A	ERS31168340	15Jus1008Ch05A	biological	host subject id	Jus1008	15Jus1008	identifiant rendu unique par prefixe de campagne (25 identifiants reutilises entre 2014 et 2015)
DURANCE16S_15Jus1008Ch0A	ERS31168724	15Jus1008Ch0A	biological	host subject id	Jus1008	15Jus1008	identifiant rendu unique par prefixe de campagne (25 identifiants reutilises entre 2014 et 2015)
DURANCE16S_15Jus1009Ch01A	ERS31168160	15Jus1009Ch01A	biological	host subject id	Jus1009	15Jus1009	identifiant rendu unique par prefixe de campagne (25 identifiants reutilises entre 2014 et 2015)
DURANCE16S_15Jus1009Ch03A	ERS31168544	15Jus1009Ch03A	biological	host subject id	Jus1009	15Jus1009	identifiant rendu unique par prefixe de campagne (25 identifiants reutilises entre 2014 et 2015)
DURANCE16S_15Jus1009Ch05A	ERS31168352	15Jus1009Ch05A	biological	host subject id	Jus1009	15Jus1009	identifiant rendu unique par prefixe de campagne (25 identifiants reutilises entre 2014 et 2015)
DURANCE16S_15Jus1009Ch0A	ERS31168736	15Jus1009Ch0A	biological	host subject id	Jus1009	15Jus1009	identifiant rendu unique par prefixe de campagne (25 identifiants reutilises entre 2014 et 2015)
DURANCE16S_15Jus1010Ch01A	ERS31168172	15Jus1010Ch01A	biological	host subject id	Jus1010	15Jus1010	identifiant rendu unique par prefixe de campagne (25 identifiants reutilises entre 2014 et 2015)
DURANCE16S_15Jus1010Ch03A	ERS31168556	15Jus1010Ch03A	biological	host subject id	Jus1010	15Jus1010	identifiant rendu unique par prefixe de campagne (25 identifiants reutilises entre 2014 et 2015)
DURANCE16S_15Jus1010Ch05A	ERS31168364	15Jus1010Ch05A	biological	host subject id	Jus1010	15Jus1010	identifiant rendu unique par prefixe de campagne (25 identifiants reutilises entre 2014 et 2015)
DURANCE16S_15Jus1010Ch0A	ERS31168748	15Jus1010Ch0A	biological	host subject id	Jus1010	15Jus1010	identifiant rendu unique par prefixe de campagne (25 identifiants reutilises entre 2014 et 2015)
DURANCE16S_15Jus1011Ch01A	ERS31168184	15Jus1011Ch01A	biological	host subject id	Jus1011	15Jus1011	identifiant rendu unique par prefixe de campagne (25 identifiants reutilises entre 2014 et 2015)
DURANCE16S_15Jus1011Ch03A	ERS31168568	15Jus1011Ch03A	biological	host subject id	Jus1011	15Jus1011	identifiant rendu unique par prefixe de campagne (25 identifiants reutilises entre 2014 et 2015)
DURANCE16S_15Jus1011Ch05A	ERS31168376	15Jus1011Ch05A	biological	host subject id	Jus1011	15Jus1011	identifiant rendu unique par prefixe de campagne (25 identifiants reutilises entre 2014 et 2015)
DURANCE16S_15Jus1011Ch0A	ERS31168760	15Jus1011Ch0A	biological	host subject id	Jus1011	15Jus1011	identifiant rendu unique par prefixe de campagne (25 identifiants reutilises entre 2014 et 2015)
DURANCE16S_15Jus1012Ch01A	ERS31168196	15Jus1012Ch01A	biological	host subject id	Jus1012	15Jus1012	identifiant rendu unique par prefixe de campagne (25 identifiants reutilises entre 2014 et 2015)
DURANCE16S_15Jus1012Ch03A	ERS31168580	15Jus1012Ch03A	biological	host subject id	Jus1012	15Jus1012	identifiant rendu unique par prefixe de campagne (25 identifiants reutilises entre 2014 et 2015)
DURANCE16S_15Jus1012Ch05A	ERS31168388	15Jus1012Ch05A	biological	host subject id	Jus1012	15Jus1012	identifiant rendu unique par prefixe de campagne (25 identifiants reutilises entre 2014 et 2015)
DURANCE16S_15Jus1012Ch0A	ERS31168772	15Jus1012Ch0A	biological	host subject id	Jus1012	15Jus1012	identifiant rendu unique par prefixe de campagne (25 identifiants reutilises entre 2014 et 2015)
DURANCE16S_15Jus1013Ch01A	ERS31168208	15Jus1013Ch01A	biological	host subject id	Jus1013	15Jus1013	identifiant rendu unique par prefixe de campagne (25 identifiants reutilises entre 2014 et 2015)
DURANCE16S_15Jus1013Ch03A	ERS31168592	15Jus1013Ch03A	biological	host subject id	Jus1013	15Jus1013	identifiant rendu unique par prefixe de campagne (25 identifiants reutilises entre 2014 et 2015)
DURANCE16S_15Jus1013Ch05A	ERS31168400	15Jus1013Ch05A	biological	host subject id	Jus1013	15Jus1013	identifiant rendu unique par prefixe de campagne (25 identifiants reutilises entre 2014 et 2015)
DURANCE16S_15Jus1013Ch0A	ERS31168784	15Jus1013Ch0A	biological	host subject id	Jus1013	15Jus1013	identifiant rendu unique par prefixe de campagne (25 identifiants reutilises entre 2014 et 2015)
DURANCE16S_15Jus1014Ch01A	ERS31168220	15Jus1014Ch01A	biological	host subject id	Jus1014	15Jus1014	identifiant rendu unique par prefixe de campagne (25 identifiants reutilises entre 2014 et 2015)
DURANCE16S_15Jus1014Ch03A	ERS31168604	15Jus1014Ch03A	biological	host subject id	Jus1014	15Jus1014	identifiant rendu unique par prefixe de campagne (25 identifiants reutilises entre 2014 et 2015)
DURANCE16S_15Jus1014Ch05A	ERS31168412	15Jus1014Ch05A	biological	host subject id	Jus1014	15Jus1014	identifiant rendu unique par prefixe de campagne (25 identifiants reutilises entre 2014 et 2015)
DURANCE16S_15Jus1014Ch0A	ERS31168796	15Jus1014Ch0A	biological	host subject id	Jus1014	15Jus1014	identifiant rendu unique par prefixe de campagne (25 identifiants reutilises entre 2014 et 2015)
DURANCE16S_15Jus1015Ch01A	ERS31168232	15Jus1015Ch01A	biological	host subject id	Jus1015	15Jus1015	identifiant rendu unique par prefixe de campagne (25 identifiants reutilises entre 2014 et 2015)
DURANCE16S_15Jus1015Ch03A	ERS31168616	15Jus1015Ch03A	biological	host subject id	Jus1015	15Jus1015	identifiant rendu unique par prefixe de campagne (25 identifiants reutilises entre 2014 et 2015)
DURANCE16S_15Jus1015Ch05A	ERS31168424	15Jus1015Ch05A	biological	host subject id	Jus1015	15Jus1015	identifiant rendu unique par prefixe de campagne (25 identifiants reutilises entre 2014 et 2015)
DURANCE16S_15Jus1015Ch0A	ERS31168808	15Jus1015Ch0A	biological	host subject id	Jus1015	15Jus1015	identifiant rendu unique par prefixe de campagne (25 identifiants reutilises entre 2014 et 2015)
DURANCE16S_15Jus1016Ch01A	ERS31168149	15Jus1016Ch01A	biological	host subject id	Jus1016	15Jus1016	identifiant rendu unique par prefixe de campagne (25 identifiants reutilises entre 2014 et 2015)
DURANCE16S_15Jus1016Ch03A	ERS31168533	15Jus1016Ch03A	biological	host subject id	Jus1016	15Jus1016	identifiant rendu unique par prefixe de campagne (25 identifiants reutilises entre 2014 et 2015)
DURANCE16S_15Jus1016Ch05A	ERS31168341	15Jus1016Ch05A	biological	host subject id	Jus1016	15Jus1016	identifiant rendu unique par prefixe de campagne (25 identifiants reutilises entre 2014 et 2015)
DURANCE16S_15Jus1016Ch0A	ERS31168725	15Jus1016Ch0A	biological	host subject id	Jus1016	15Jus1016	identifiant rendu unique par prefixe de campagne (25 identifiants reutilises entre 2014 et 2015)
DURANCE16S_15Jus1017Ch01A	ERS31168161	15Jus1017Ch01A	biological	host subject id	Jus1017	15Jus1017	identifiant rendu unique par prefixe de campagne (25 identifiants reutilises entre 2014 et 2015)
DURANCE16S_15Jus1017Ch03A	ERS31168545	15Jus1017Ch03A	biological	host subject id	Jus1017	15Jus1017	identifiant rendu unique par prefixe de campagne (25 identifiants reutilises entre 2014 et 2015)
DURANCE16S_15Jus1017Ch05A	ERS31168353	15Jus1017Ch05A	biological	host subject id	Jus1017	15Jus1017	identifiant rendu unique par prefixe de campagne (25 identifiants reutilises entre 2014 et 2015)
DURANCE16S_15Jus1017Ch0A	ERS31168737	15Jus1017Ch0A	biological	host subject id	Jus1017	15Jus1017	identifiant rendu unique par prefixe de campagne (25 identifiants reutilises entre 2014 et 2015)
DURANCE16S_15Jus1018Ch01A	ERS31168173	15Jus1018Ch01A	biological	host subject id	Jus1018	15Jus1018	identifiant rendu unique par prefixe de campagne (25 identifiants reutilises entre 2014 et 2015)
DURANCE16S_15Jus1018Ch03A	ERS31168557	15Jus1018Ch03A	biological	host subject id	Jus1018	15Jus1018	identifiant rendu unique par prefixe de campagne (25 identifiants reutilises entre 2014 et 2015)
DURANCE16S_15Jus1018Ch05A	ERS31168365	15Jus1018Ch05A	biological	host subject id	Jus1018	15Jus1018	identifiant rendu unique par prefixe de campagne (25 identifiants reutilises entre 2014 et 2015)
DURANCE16S_15Jus1018Ch0A	ERS31168749	15Jus1018Ch0A	biological	host subject id	Jus1018	15Jus1018	identifiant rendu unique par prefixe de campagne (25 identifiants reutilises entre 2014 et 2015)
DURANCE16S_15Jus1019Ch01A	ERS31168185	15Jus1019Ch01A	biological	host subject id	Jus1019	15Jus1019	identifiant rendu unique par prefixe de campagne (25 identifiants reutilises entre 2014 et 2015)
DURANCE16S_15Jus1019Ch03A	ERS31168569	15Jus1019Ch03A	biological	host subject id	Jus1019	15Jus1019	identifiant rendu unique par prefixe de campagne (25 identifiants reutilises entre 2014 et 2015)
DURANCE16S_15Jus1019Ch05A	ERS31168377	15Jus1019Ch05A	biological	host subject id	Jus1019	15Jus1019	identifiant rendu unique par prefixe de campagne (25 identifiants reutilises entre 2014 et 2015)
DURANCE16S_15Jus1019Ch0A	ERS31168761	15Jus1019Ch0A	biological	host subject id	Jus1019	15Jus1019	identifiant rendu unique par prefixe de campagne (25 identifiants reutilises entre 2014 et 2015)
DURANCE16S_15Per2015Ch03A	ERS31168490	15Per2015Ch03A	biological	host subject id	Per2015	15Per2015	identifiant rendu unique par prefixe de campagne (25 identifiants reutilises entre 2014 et 2015)
