accession	champ	valeur
ERS31168048	collection date	2014-08-12
ERS31168048	geographic location (latitude)	46.048
ERS31168048	geographic location (longitude)	5.324
ERS31168048	geographic location (region and locality)	Pont-d'Ain, Suran
ERS31168048	host subject id	14Ain1001
ERS31168049	collection date	2014-08-12
ERS31168049	geographic location (latitude)	46.264389
ERS31168049	geographic location (longitude)	5.429444
ERS31168049	geographic location (region and locality)	Chavannes-sur-Suran, Suran
ERS31168049	host subject id	14Ain1038
ERS31168050	TITLE	Chondrostoma nasus caudal fin bacterial microbiota, Cab 2015, individual 1003
ERS31168050	collection date	2015-08-26
ERS31168050	geographic location (latitude)	46.048
ERS31168050	geographic location (longitude)	5.324
ERS31168050	geographic location (region and locality)	Pont-d'Ain, Suran
ERS31168050	host common name	nase
ERS31168050	host scientific name	Chondrostoma nasus
ERS31168050	host subject id	15Cab1003
ERS31168051	TITLE	Parachondrostoma toxostoma caudal fin bacterial microbiota, Cab 2015, individual 1011
ERS31168051	collection date	2015-08-26
ERS31168051	geographic location (latitude)	46.264389
ERS31168051	geographic location (longitude)	5.429444
ERS31168051	geographic location (region and locality)	Chavannes-sur-Suran, Suran
ERS31168051	host common name	toxostome
ERS31168051	host scientific name	Parachondrostoma toxostoma
ERS31168051	host subject id	15Cab1011
ERS31168052	TITLE	Parachondrostoma toxostoma caudal fin bacterial microbiota, Cab 2015, individual 1019
ERS31168052	collection date	2015-08-26
ERS31168052	geographic location (latitude)	46.264389
ERS31168052	geographic location (longitude)	5.429444
ERS31168052	geographic location (region and locality)	Chavannes-sur-Suran, Suran
ERS31168052	host common name	toxostome
ERS31168052	host scientific name	Parachondrostoma toxostoma
ERS31168052	host subject id	15Cab1019
ERS31168053	collection date	2014-07-17
ERS31168053	geographic location (latitude)	43.913
ERS31168053	geographic location (longitude)	4.820722
ERS31168053	geographic location (region and locality)	Avignon, Durance
ERS31168053	host subject id	14Avi1008
ERS31168054	collection date	2014-07-03
ERS31168054	geographic location (latitude)	44.262
ERS31168054	geographic location (longitude)	5.828
ERS31168054	geographic location (region and locality)	Confluence Buech-Meouge, Buech
ERS31168054	host subject id	14Bue1005
ERS31168055	TITLE	Parachondrostoma toxostoma caudal fin bacterial microbiota, Bue 2014, individual 1015
ERS31168055	collection date	2014-07-03
ERS31168055	geographic location (latitude)	44.262
ERS31168055	geographic location (longitude)	5.828
ERS31168055	geographic location (region and locality)	Confluence Buech-Meouge, Buech
ERS31168055	host common name	toxostome
ERS31168055	host scientific name	Parachondrostoma toxostoma
ERS31168055	host subject id	14Bue1015
ERS31168056	TITLE	Chondrostoma nasus x Parachondrostoma toxostoma caudal fin bacterial microbiota, Man 2014, individual 1011
ERS31168056	collection date	2014-07-23
ERS31168056	geographic location (latitude)	43.919667
ERS31168056	geographic location (longitude)	5.896278
ERS31168056	geographic location (region and locality)	Manosque-Oraison, Durance
ERS31168056	host common name	nasus x toxostoma
ERS31168056	host scientific name	Chondrostoma nasus x Parachondrostoma toxostoma
ERS31168056	host subject id	14Man1011
ERS31168057	TITLE	Parachondrostoma toxostoma caudal fin bacterial microbiota, Man 2014, individual 1019
ERS31168057	collection date	2014-07-23
ERS31168057	geographic location (latitude)	43.919667
ERS31168057	geographic location (longitude)	5.896278
ERS31168057	geographic location (region and locality)	Manosque-Oraison, Durance
ERS31168057	host common name	toxostome
ERS31168057	host scientific name	Parachondrostoma toxostoma
ERS31168057	host subject id	14Man1019
ERS31168058	TITLE	Parachondrostoma toxostoma caudal fin bacterial microbiota, Per 2014, individual 2011
ERS31168058	collection date	2014-08-20
ERS31168058	geographic location (latitude)	43.668139
ERS31168058	geographic location (longitude)	5.493
ERS31168058	geographic location (region and locality)	Pertuis, Durance
ERS31168058	host common name	toxostome
ERS31168058	host scientific name	Parachondrostoma toxostoma
ERS31168058	host subject id	14Per2011
ERS31168059	TITLE	Parachondrostoma toxostoma caudal fin bacterial microbiota, Per 2014, individual 2011
ERS31168059	collection date	2014-08-20
ERS31168059	geographic location (latitude)	43.668139
ERS31168059	geographic location (longitude)	5.493
ERS31168059	geographic location (region and locality)	Pertuis, Durance
ERS31168059	host common name	toxostome
ERS31168059	host scientific name	Parachondrostoma toxostoma
ERS31168059	host subject id	14Per2011
ERS31168060	collection date	2014-08-12
ERS31168060	geographic location (latitude)	46.048
ERS31168060	geographic location (longitude)	5.324
ERS31168060	geographic location (region and locality)	Pont-d'Ain, Suran
ERS31168060	host subject id	14Ain1002
ERS31168061	collection date	2014-08-12
ERS31168061	geographic location (latitude)	46.264389
ERS31168061	geographic location (longitude)	5.429444
ERS31168061	geographic location (region and locality)	Chavannes-sur-Suran, Suran
ERS31168061	host subject id	14Ain1039
ERS31168062	TITLE	Chondrostoma nasus caudal fin bacterial microbiota, Cab 2015, individual 1004
ERS31168062	collection date	2015-08-26
ERS31168062	geographic location (latitude)	46.048
ERS31168062	geographic location (longitude)	5.324
ERS31168062	geographic location (region and locality)	Pont-d'Ain, Suran
ERS31168062	host common name	nase
ERS31168062	host scientific name	Chondrostoma nasus
ERS31168062	host subject id	15Cab1004
ERS31168063	TITLE	Parachondrostoma toxostoma caudal fin bacterial microbiota, Cab 2015, individual 1012
ERS31168063	collection date	2015-08-26
ERS31168063	geographic location (latitude)	46.264389
ERS31168063	geographic location (longitude)	5.429444
ERS31168063	geographic location (region and locality)	Chavannes-sur-Suran, Suran
ERS31168063	host common name	toxostome
ERS31168063	host scientific name	Parachondrostoma toxostoma
ERS31168063	host subject id	15Cab1012
ERS31168064	collection date	2014-07-17
ERS31168064	geographic location (latitude)	43.913
ERS31168064	geographic location (longitude)	4.820722
ERS31168064	geographic location (region and locality)	Avignon, Durance
ERS31168064	host subject id	14Avi1001
ERS31168065	collection date	2014-07-17
ERS31168065	geographic location (latitude)	43.913
ERS31168065	geographic location (longitude)	4.820722
ERS31168065	geographic location (region and locality)	Avignon, Durance
ERS31168065	host subject id	14Avi1036
ERS31168066	TITLE	Chondrostoma nasus x Parachondrostoma toxostoma caudal fin bacterial microbiota, Bue 2014, individual 1006
ERS31168066	collection date	2014-07-03
ERS31168066	geographic location (latitude)	44.262
ERS31168066	geographic location (longitude)	5.828
ERS31168066	geographic location (region and locality)	Confluence Buech-Meouge, Buech
ERS31168066	host common name	nasus x toxostoma
ERS31168066	host scientific name	Chondrostoma nasus x Parachondrostoma toxostoma
ERS31168066	host subject id	14Bue1006
ERS31168067	TITLE	Chondrostoma nasus x Parachondrostoma toxostoma caudal fin bacterial microbiota, Bue 2014, individual 1016
ERS31168067	collection date	2014-07-03
ERS31168067	geographic location (latitude)	44.262
ERS31168067	geographic location (longitude)	5.828
ERS31168067	geographic location (region and locality)	Confluence Buech-Meouge, Buech
ERS31168067	host common name	nasus x toxostoma
ERS31168067	host scientific name	Chondrostoma nasus x Parachondrostoma toxostoma
ERS31168067	host subject id	14Bue1016
ERS31168068	TITLE	Parachondrostoma toxostoma caudal fin bacterial microbiota, Man 2014, individual 1012
ERS31168068	collection date	2014-07-23
ERS31168068	geographic location (latitude)	43.919667
ERS31168068	geographic location (longitude)	5.896278
ERS31168068	geographic location (region and locality)	Manosque-Oraison, Durance
ERS31168068	host common name	toxostome
ERS31168068	host scientific name	Parachondrostoma toxostoma
ERS31168068	host subject id	14Man1012
ERS31168069	TITLE	Chondrostoma nasus x Parachondrostoma toxostoma caudal fin bacterial microbiota, Man 2014, individual 1020
ERS31168069	collection date	2014-07-23
ERS31168069	geographic location (latitude)	43.919667
ERS31168069	geographic location (longitude)	5.896278
ERS31168069	geographic location (region and locality)	Manosque-Oraison, Durance
ERS31168069	host common name	nasus x toxostoma
ERS31168069	host scientific name	Chondrostoma nasus x Parachondrostoma toxostoma
ERS31168069	host subject id	14Man1020
ERS31168070	TITLE	Parachondrostoma toxostoma caudal fin bacterial microbiota, Per 2014, individual 2012
ERS31168070	collection date	2014-08-20
ERS31168070	geographic location (latitude)	43.668139
ERS31168070	geographic location (longitude)	5.493
ERS31168070	geographic location (region and locality)	Pertuis, Durance
ERS31168070	host common name	toxostome
ERS31168070	host scientific name	Parachondrostoma toxostoma
ERS31168070	host subject id	14Per2012
ERS31168071	TITLE	Parachondrostoma toxostoma caudal fin bacterial microbiota, Per 2014, individual 2012
ERS31168071	collection date	2014-08-20
ERS31168071	geographic location (latitude)	43.668139
ERS31168071	geographic location (longitude)	5.493
ERS31168071	geographic location (region and locality)	Pertuis, Durance
ERS31168071	host common name	toxostome
ERS31168071	host scientific name	Parachondrostoma toxostoma
ERS31168071	host subject id	14Per2012
ERS31168072	collection date	2014-08-12
ERS31168072	geographic location (latitude)	46.264389
ERS31168072	geographic location (longitude)	5.429444
ERS31168072	geographic location (region and locality)	Chavannes-sur-Suran, Suran
ERS31168072	host subject id	14Ain1011
ERS31168073	collection date	2014-08-12
ERS31168073	geographic location (latitude)	46.264389
ERS31168073	geographic location (longitude)	5.429444
ERS31168073	geographic location (region and locality)	Chavannes-sur-Suran, Suran
ERS31168073	host subject id	14Ain1040
ERS31168074	TITLE	Chondrostoma nasus caudal fin bacterial microbiota, Cab 2015, individual 1005
ERS31168074	collection date	2015-08-26
ERS31168074	geographic location (latitude)	46.048
ERS31168074	geographic location (longitude)	5.324
ERS31168074	geographic location (region and locality)	Pont-d'Ain, Suran
ERS31168074	host common name	nase
ERS31168074	host scientific name	Chondrostoma nasus
ERS31168074	host subject id	15Cab1005
ERS31168075	TITLE	Parachondrostoma toxostoma caudal fin bacterial microbiota, Cab 2015, individual 1013
ERS31168075	collection date	2015-08-26
ERS31168075	geographic location (latitude)	46.264389
ERS31168075	geographic location (longitude)	5.429444
ERS31168075	geographic location (region and locality)	Chavannes-sur-Suran, Suran
ERS31168075	host common name	toxostome
ERS31168075	host scientific name	Parachondrostoma toxostoma
ERS31168075	host subject id	15Cab1013
ERS31168076	collection date	2014-07-17
ERS31168076	geographic location (latitude)	43.913
ERS31168076	geographic location (longitude)	4.820722
ERS31168076	geographic location (region and locality)	Avignon, Durance
ERS31168076	host subject id	14Avi1002
ERS31168077	collection date	2014-07-17
ERS31168077	geographic location (latitude)	43.913
ERS31168077	geographic location (longitude)	4.820722
ERS31168077	geographic location (region and locality)	Avignon, Durance
ERS31168077	host subject id	14Avi1037
ERS31168078	collection date	2014-07-03
ERS31168078	geographic location (latitude)	44.262
ERS31168078	geographic location (longitude)	5.828
ERS31168078	geographic location (region and locality)	Confluence Buech-Meouge, Buech
ERS31168078	host subject id	14Bue1007
ERS31168079	TITLE	Parachondrostoma toxostoma caudal fin bacterial microbiota, Bue 2014, individual 1017
ERS31168079	collection date	2014-07-03
ERS31168079	geographic location (latitude)	44.262
ERS31168079	geographic location (longitude)	5.828
ERS31168079	geographic location (region and locality)	Confluence Buech-Meouge, Buech
ERS31168079	host common name	toxostome
ERS31168079	host scientific name	Parachondrostoma toxostoma
ERS31168079	host subject id	14Bue1017
ERS31168080	TITLE	Parachondrostoma toxostoma caudal fin bacterial microbiota, Man 2014, individual 1013
ERS31168080	collection date	2014-07-23
ERS31168080	geographic location (latitude)	43.919667
ERS31168080	geographic location (longitude)	5.896278
ERS31168080	geographic location (region and locality)	Manosque-Oraison, Durance
ERS31168080	host common name	toxostome
ERS31168080	host scientific name	Parachondrostoma toxostoma
ERS31168080	host subject id	14Man1013
ERS31168081	TITLE	Chondrostoma nasus x Parachondrostoma toxostoma caudal fin bacterial microbiota, Man 2014, individual 1021
ERS31168081	collection date	2014-07-23
ERS31168081	geographic location (latitude)	43.919667
ERS31168081	geographic location (longitude)	5.896278
ERS31168081	geographic location (region and locality)	Manosque-Oraison, Durance
ERS31168081	host common name	nasus x toxostoma
ERS31168081	host scientific name	Chondrostoma nasus x Parachondrostoma toxostoma
ERS31168081	host subject id	14Man1021
ERS31168082	TITLE	Chondrostoma nasus x Parachondrostoma toxostoma caudal fin bacterial microbiota, Per 2014, individual 2013
ERS31168082	collection date	2014-08-20
ERS31168082	geographic location (latitude)	43.668139
ERS31168082	geographic location (longitude)	5.493
ERS31168082	geographic location (region and locality)	Pertuis, Durance
ERS31168082	host common name	nasus x toxostoma
ERS31168082	host scientific name	Chondrostoma nasus x Parachondrostoma toxostoma
ERS31168082	host subject id	14Per2013
ERS31168084	collection date	2014-08-12
ERS31168084	geographic location (latitude)	46.264389
ERS31168084	geographic location (longitude)	5.429444
ERS31168084	geographic location (region and locality)	Chavannes-sur-Suran, Suran
ERS31168084	host subject id	14Ain1012
ERS31168085	collection date	2014-08-12
ERS31168085	geographic location (latitude)	46.264389
ERS31168085	geographic location (longitude)	5.429444
ERS31168085	geographic location (region and locality)	Chavannes-sur-Suran, Suran
ERS31168085	host subject id	14Ain1041
ERS31168086	TITLE	Chondrostoma nasus caudal fin bacterial microbiota, Cab 2015, individual 1006
ERS31168086	collection date	2015-08-26
ERS31168086	geographic location (latitude)	46.048
ERS31168086	geographic location (longitude)	5.324
ERS31168086	geographic location (region and locality)	Pont-d'Ain, Suran
ERS31168086	host common name	nase
ERS31168086	host scientific name	Chondrostoma nasus
ERS31168086	host subject id	15Cab1006
ERS31168087	TITLE	Parachondrostoma toxostoma caudal fin bacterial microbiota, Cab 2015, individual 1014
ERS31168087	collection date	2015-08-26
ERS31168087	geographic location (latitude)	46.264389
ERS31168087	geographic location (longitude)	5.429444
ERS31168087	geographic location (region and locality)	Chavannes-sur-Suran, Suran
ERS31168087	host common name	toxostome
ERS31168087	host scientific name	Parachondrostoma toxostoma
ERS31168087	host subject id	15Cab1014
ERS31168088	collection date	2014-07-17
ERS31168088	geographic location (latitude)	43.913
ERS31168088	geographic location (longitude)	4.820722
ERS31168088	geographic location (region and locality)	Avignon, Durance
ERS31168088	host subject id	14Avi1003
ERS31168089	collection date	2014-07-17
ERS31168089	geographic location (latitude)	43.913
ERS31168089	geographic location (longitude)	4.820722
ERS31168089	geographic location (region and locality)	Avignon, Durance
ERS31168089	host subject id	14Avi1038
ERS31168090	collection date	2014-07-03
ERS31168090	geographic location (latitude)	44.262
ERS31168090	geographic location (longitude)	5.828
ERS31168090	geographic location (region and locality)	Confluence Buech-Meouge, Buech
ERS31168090	host subject id	14Bue1008
ERS31168091	TITLE	Parachondrostoma toxostoma caudal fin bacterial microbiota, Bue 2014, individual 1018
ERS31168091	collection date	2014-07-03
ERS31168091	geographic location (latitude)	44.262
ERS31168091	geographic location (longitude)	5.828
ERS31168091	geographic location (region and locality)	Confluence Buech-Meouge, Buech
ERS31168091	host common name	toxostome
ERS31168091	host scientific name	Parachondrostoma toxostoma
ERS31168091	host subject id	14Bue1018
ERS31168092	TITLE	Parachondrostoma toxostoma caudal fin bacterial microbiota, Man 2014, individual 1014
ERS31168092	collection date	2014-07-23
ERS31168092	geographic location (latitude)	43.919667
ERS31168092	geographic location (longitude)	5.896278
ERS31168092	geographic location (region and locality)	Manosque-Oraison, Durance
ERS31168092	host common name	toxostome
ERS31168092	host scientific name	Parachondrostoma toxostoma
ERS31168092	host subject id	14Man1014
ERS31168093	TITLE	Parachondrostoma toxostoma caudal fin bacterial microbiota, Man 2014, individual 1022
ERS31168093	collection date	2014-07-23
ERS31168093	geographic location (latitude)	43.919667
ERS31168093	geographic location (longitude)	5.896278
ERS31168093	geographic location (region and locality)	Manosque-Oraison, Durance
ERS31168093	host common name	toxostome
ERS31168093	host scientific name	Parachondrostoma toxostoma
ERS31168093	host subject id	14Man1022
ERS31168094	TITLE	Parachondrostoma toxostoma caudal fin bacterial microbiota, Per 2014, individual 2014
ERS31168094	collection date	2014-08-20
ERS31168094	geographic location (latitude)	43.668139
ERS31168094	geographic location (longitude)	5.493
ERS31168094	geographic location (region and locality)	Pertuis, Durance
ERS31168094	host common name	toxostome
ERS31168094	host scientific name	Parachondrostoma toxostoma
ERS31168094	host subject id	14Per2014
ERS31168096	collection date	2014-08-12
ERS31168096	geographic location (latitude)	46.264389
ERS31168096	geographic location (longitude)	5.429444
ERS31168096	geographic location (region and locality)	Chavannes-sur-Suran, Suran
ERS31168096	host subject id	14Ain1013
ERS31168097	collection date	2014-08-12
ERS31168097	geographic location (latitude)	46.264389
ERS31168097	geographic location (longitude)	5.429444
ERS31168097	geographic location (region and locality)	Chavannes-sur-Suran, Suran
ERS31168097	host subject id	14Ain1042
ERS31168098	TITLE	Chondrostoma nasus caudal fin bacterial microbiota, Cab 2015, individual 1007
ERS31168098	collection date	2015-08-26
ERS31168098	geographic location (latitude)	46.048
ERS31168098	geographic location (longitude)	5.324
ERS31168098	geographic location (region and locality)	Pont-d'Ain, Suran
ERS31168098	host common name	nase
ERS31168098	host scientific name	Chondrostoma nasus
ERS31168098	host subject id	15Cab1007
ERS31168099	TITLE	Parachondrostoma toxostoma caudal fin bacterial microbiota, Cab 2015, individual 1015
ERS31168099	collection date	2015-08-26
ERS31168099	geographic location (latitude)	46.264389
ERS31168099	geographic location (longitude)	5.429444
ERS31168099	geographic location (region and locality)	Chavannes-sur-Suran, Suran
ERS31168099	host common name	toxostome
ERS31168099	host scientific name	Parachondrostoma toxostoma
ERS31168099	host subject id	15Cab1015
ERS31168100	collection date	2014-07-17
ERS31168100	geographic location (latitude)	43.913
ERS31168100	geographic location (longitude)	4.820722
ERS31168100	geographic location (region and locality)	Avignon, Durance
ERS31168100	host subject id	14Avi1004
ERS31168101	collection date	2014-07-03
ERS31168101	geographic location (latitude)	44.262
ERS31168101	geographic location (longitude)	5.828
ERS31168101	geographic location (region and locality)	Confluence Buech-Meouge, Buech
ERS31168101	host subject id	14Bue1001
ERS31168102	TITLE	Parachondrostoma toxostoma caudal fin bacterial microbiota, Bue 2014, individual 1011
ERS31168102	collection date	2014-07-03
ERS31168102	geographic location (latitude)	44.262
ERS31168102	geographic location (longitude)	5.828
ERS31168102	geographic location (region and locality)	Confluence Buech-Meouge, Buech
ERS31168102	host common name	toxostome
ERS31168102	host scientific name	Parachondrostoma toxostoma
ERS31168102	host subject id	14Bue1011
ERS31168103	TITLE	Parachondrostoma toxostoma caudal fin bacterial microbiota, Bue 2014, individual 1019
ERS31168103	collection date	2014-07-03
ERS31168103	geographic location (latitude)	44.262
ERS31168103	geographic location (longitude)	5.828
ERS31168103	geographic location (region and locality)	Confluence Buech-Meouge, Buech
ERS31168103	host common name	toxostome
ERS31168103	host scientific name	Parachondrostoma toxostoma
ERS31168103	host subject id	14Bue1019
ERS31168104	TITLE	Parachondrostoma toxostoma caudal fin bacterial microbiota, Man 2014, individual 1015
ERS31168104	collection date	2014-07-23
ERS31168104	geographic location (latitude)	43.919667
ERS31168104	geographic location (longitude)	5.896278
ERS31168104	geographic location (region and locality)	Manosque-Oraison, Durance
ERS31168104	host common name	toxostome
ERS31168104	host scientific name	Parachondrostoma toxostoma
ERS31168104	host subject id	14Man1015
ERS31168105	TITLE	Parachondrostoma toxostoma caudal fin bacterial microbiota, Per 2014, individual 1011
ERS31168105	collection date	2014-07-07
ERS31168105	geographic location (latitude)	43.668139
ERS31168105	geographic location (longitude)	5.493
ERS31168105	geographic location (region and locality)	Pertuis, Durance
ERS31168105	host common name	toxostome
ERS31168105	host scientific name	Parachondrostoma toxostoma
ERS31168105	host subject id	14Per1011
ERS31168106	TITLE	Parachondrostoma toxostoma caudal fin bacterial microbiota, Per 2014, individual 2015
ERS31168106	collection date	2014-08-20
ERS31168106	geographic location (latitude)	43.668139
ERS31168106	geographic location (longitude)	5.493
ERS31168106	geographic location (region and locality)	Pertuis, Durance
ERS31168106	host common name	toxostome
ERS31168106	host scientific name	Parachondrostoma toxostoma
ERS31168106	host subject id	14Per2015
ERS31168108	collection date	2014-08-12
ERS31168108	geographic location (latitude)	46.264389
ERS31168108	geographic location (longitude)	5.429444
ERS31168108	geographic location (region and locality)	Chavannes-sur-Suran, Suran
ERS31168108	host subject id	14Ain1014
ERS31168109	collection date	2014-08-12
ERS31168109	geographic location (latitude)	46.264389
ERS31168109	geographic location (longitude)	5.429444
ERS31168109	geographic location (region and locality)	Chavannes-sur-Suran, Suran
ERS31168109	host subject id	14Ain1043
ERS31168110	TITLE	Chondrostoma nasus caudal fin bacterial microbiota, Cab 2015, individual 1008
ERS31168110	collection date	2015-08-26
ERS31168110	geographic location (latitude)	46.048
ERS31168110	geographic location (longitude)	5.324
ERS31168110	geographic location (region and locality)	Pont-d'Ain, Suran
ERS31168110	host common name	nase
ERS31168110	host scientific name	Chondrostoma nasus
ERS31168110	host subject id	15Cab1008
ERS31168111	TITLE	Parachondrostoma toxostoma caudal fin bacterial microbiota, Cab 2015, individual 1016
ERS31168111	collection date	2015-08-26
ERS31168111	geographic location (latitude)	46.264389
ERS31168111	geographic location (longitude)	5.429444
ERS31168111	geographic location (region and locality)	Chavannes-sur-Suran, Suran
ERS31168111	host common name	toxostome
ERS31168111	host scientific name	Parachondrostoma toxostoma
ERS31168111	host subject id	15Cab1016
ERS31168112	collection date	2014-07-17
ERS31168112	geographic location (latitude)	43.913
ERS31168112	geographic location (longitude)	4.820722
ERS31168112	geographic location (region and locality)	Avignon, Durance
ERS31168112	host subject id	14Avi1005
ERS31168113	collection date	2014-07-03
ERS31168113	geographic location (latitude)	44.262
ERS31168113	geographic location (longitude)	5.828
ERS31168113	geographic location (region and locality)	Confluence Buech-Meouge, Buech
ERS31168113	host subject id	14Bue1002
ERS31168114	TITLE	Parachondrostoma toxostoma caudal fin bacterial microbiota, Bue 2014, individual 1012
ERS31168114	collection date	2014-07-03
ERS31168114	geographic location (latitude)	44.262
ERS31168114	geographic location (longitude)	5.828
ERS31168114	geographic location (region and locality)	Confluence Buech-Meouge, Buech
ERS31168114	host common name	toxostome
ERS31168114	host scientific name	Parachondrostoma toxostoma
ERS31168114	host subject id	14Bue1012
ERS31168115	TITLE	Parachondrostoma toxostoma caudal fin bacterial microbiota, Man 2014, individual 1001
ERS31168115	collection date	2014-07-23
ERS31168115	geographic location (latitude)	43.919667
ERS31168115	geographic location (longitude)	5.896278
ERS31168115	geographic location (region and locality)	Manosque-Oraison, Durance
ERS31168115	host common name	toxostome
ERS31168115	host scientific name	Parachondrostoma toxostoma
ERS31168115	host subject id	14Man1001
ERS31168116	TITLE	Parachondrostoma toxostoma caudal fin bacterial microbiota, Man 2014, individual 1016
ERS31168116	collection date	2014-07-23
ERS31168116	geographic location (latitude)	43.919667
ERS31168116	geographic location (longitude)	5.896278
ERS31168116	geographic location (region and locality)	Manosque-Oraison, Durance
ERS31168116	host common name	toxostome
ERS31168116	host scientific name	Parachondrostoma toxostoma
ERS31168116	host subject id	14Man1016
ERS31168117	TITLE	Parachondrostoma toxostoma caudal fin bacterial microbiota, Per 2014, individual 1012
ERS31168117	collection date	2014-07-07
ERS31168117	geographic location (latitude)	43.668139
ERS31168117	geographic location (longitude)	5.493
ERS31168117	geographic location (region and locality)	Pertuis, Durance
ERS31168117	host common name	toxostome
ERS31168117	host scientific name	Parachondrostoma toxostoma
ERS31168117	host subject id	14Per1012
ERS31168120	collection date	2014-08-12
ERS31168120	geographic location (latitude)	46.048
ERS31168120	geographic location (longitude)	5.324
ERS31168120	geographic location (region and locality)	Pont-d'Ain, Suran
ERS31168120	host subject id	14Ain1036
ERS31168121	TITLE	Chondrostoma nasus caudal fin bacterial microbiota, Cab 2015, individual 1001
ERS31168121	collection date	2015-08-26
ERS31168121	geographic location (latitude)	46.048
ERS31168121	geographic location (longitude)	5.324
ERS31168121	geographic location (region and locality)	Pont-d'Ain, Suran
ERS31168121	host common name	nase
ERS31168121	host scientific name	Chondrostoma nasus
ERS31168121	host subject id	15Cab1001
ERS31168122	TITLE	Chondrostoma nasus x Parachondrostoma toxostoma caudal fin bacterial microbiota, Cab 2015, individual 1009
ERS31168122	collection date	2015-08-26
ERS31168122	geographic location (latitude)	46.048
ERS31168122	geographic location (longitude)	5.324
ERS31168122	geographic location (region and locality)	Pont-d'Ain, Suran
ERS31168122	host common name	nasus x toxostoma
ERS31168122	host scientific name	Chondrostoma nasus x Parachondrostoma toxostoma
ERS31168122	host subject id	15Cab1009
ERS31168123	TITLE	Parachondrostoma toxostoma caudal fin bacterial microbiota, Cab 2015, individual 1017
ERS31168123	collection date	2015-08-26
ERS31168123	geographic location (latitude)	46.264389
ERS31168123	geographic location (longitude)	5.429444
ERS31168123	geographic location (region and locality)	Chavannes-sur-Suran, Suran
ERS31168123	host common name	toxostome
ERS31168123	host scientific name	Parachondrostoma toxostoma
ERS31168123	host subject id	15Cab1017
ERS31168124	collection date	2014-07-17
ERS31168124	geographic location (latitude)	43.913
ERS31168124	geographic location (longitude)	4.820722
ERS31168124	geographic location (region and locality)	Avignon, Durance
ERS31168124	host subject id	14Avi1006
ERS31168125	collection date	2014-07-03
ERS31168125	geographic location (latitude)	44.262
ERS31168125	geographic location (longitude)	5.828
ERS31168125	geographic location (region and locality)	Confluence Buech-Meouge, Buech
ERS31168125	host subject id	14Bue1003
ERS31168126	TITLE	Parachondrostoma toxostoma caudal fin bacterial microbiota, Bue 2014, individual 1013
ERS31168126	collection date	2014-07-03
ERS31168126	geographic location (latitude)	44.262
ERS31168126	geographic location (longitude)	5.828
ERS31168126	geographic location (region and locality)	Confluence Buech-Meouge, Buech
ERS31168126	host common name	toxostome
ERS31168126	host scientific name	Parachondrostoma toxostoma
ERS31168126	host subject id	14Bue1013
ERS31168127	TITLE	Chondrostoma nasus x Parachondrostoma toxostoma caudal fin bacterial microbiota, Man 2014, individual 1002
ERS31168127	collection date	2014-07-23
ERS31168127	geographic location (latitude)	43.919667
ERS31168127	geographic location (longitude)	5.896278
ERS31168127	geographic location (region and locality)	Manosque-Oraison, Durance
ERS31168127	host common name	nasus x toxostoma
ERS31168127	host scientific name	Chondrostoma nasus x Parachondrostoma toxostoma
ERS31168127	host subject id	14Man1002
ERS31168128	TITLE	Parachondrostoma toxostoma caudal fin bacterial microbiota, Man 2014, individual 1017
ERS31168128	collection date	2014-07-23
ERS31168128	geographic location (latitude)	43.919667
ERS31168128	geographic location (longitude)	5.896278
ERS31168128	geographic location (region and locality)	Manosque-Oraison, Durance
ERS31168128	host common name	toxostome
ERS31168128	host scientific name	Parachondrostoma toxostoma
ERS31168128	host subject id	14Man1017
ERS31168129	TITLE	Parachondrostoma toxostoma caudal fin bacterial microbiota, Per 2014, individual 1013
ERS31168129	collection date	2014-07-07
ERS31168129	geographic location (latitude)	43.668139
ERS31168129	geographic location (longitude)	5.493
ERS31168129	geographic location (region and locality)	Pertuis, Durance
ERS31168129	host common name	toxostome
ERS31168129	host scientific name	Parachondrostoma toxostoma
ERS31168129	host subject id	14Per1013
ERS31168132	collection date	2014-08-12
ERS31168132	geographic location (latitude)	46.048
ERS31168132	geographic location (longitude)	5.324
ERS31168132	geographic location (region and locality)	Pont-d'Ain, Suran
ERS31168132	host subject id	14Ain1037
ERS31168133	TITLE	Chondrostoma nasus caudal fin bacterial microbiota, Cab 2015, individual 1002
ERS31168133	collection date	2015-08-26
ERS31168133	geographic location (latitude)	46.048
ERS31168133	geographic location (longitude)	5.324
ERS31168133	geographic location (region and locality)	Pont-d'Ain, Suran
ERS31168133	host common name	nase
ERS31168133	host scientific name	Chondrostoma nasus
ERS31168133	host subject id	15Cab1002
ERS31168134	TITLE	Chondrostoma nasus x Parachondrostoma toxostoma caudal fin bacterial microbiota, Cab 2015, individual 1010
ERS31168134	collection date	2015-08-26
ERS31168134	geographic location (latitude)	46.048
ERS31168134	geographic location (longitude)	5.324
ERS31168134	geographic location (region and locality)	Pont-d'Ain, Suran
ERS31168134	host common name	nasus x toxostoma
ERS31168134	host scientific name	Chondrostoma nasus x Parachondrostoma toxostoma
ERS31168134	host subject id	15Cab1010
ERS31168135	TITLE	Parachondrostoma toxostoma caudal fin bacterial microbiota, Cab 2015, individual 1018
ERS31168135	collection date	2015-08-26
ERS31168135	geographic location (latitude)	46.264389
ERS31168135	geographic location (longitude)	5.429444
ERS31168135	geographic location (region and locality)	Chavannes-sur-Suran, Suran
ERS31168135	host common name	toxostome
ERS31168135	host scientific name	Parachondrostoma toxostoma
ERS31168135	host subject id	15Cab1018
ERS31168136	collection date	2014-07-17
ERS31168136	geographic location (latitude)	43.913
ERS31168136	geographic location (longitude)	4.820722
ERS31168136	geographic location (region and locality)	Avignon, Durance
ERS31168136	host subject id	14Avi1007
ERS31168137	collection date	2014-07-03
ERS31168137	geographic location (latitude)	44.262
ERS31168137	geographic location (longitude)	5.828
ERS31168137	geographic location (region and locality)	Confluence Buech-Meouge, Buech
ERS31168137	host subject id	14Bue1004
ERS31168138	TITLE	Parachondrostoma toxostoma caudal fin bacterial microbiota, Bue 2014, individual 1014
ERS31168138	collection date	2014-07-03
ERS31168138	geographic location (latitude)	44.262
ERS31168138	geographic location (longitude)	5.828
ERS31168138	geographic location (region and locality)	Confluence Buech-Meouge, Buech
ERS31168138	host common name	toxostome
ERS31168138	host scientific name	Parachondrostoma toxostoma
ERS31168138	host subject id	14Bue1014
ERS31168139	TITLE	Chondrostoma nasus x Parachondrostoma toxostoma caudal fin bacterial microbiota, Man 2014, individual 1010
ERS31168139	collection date	2014-07-23
ERS31168139	geographic location (latitude)	43.919667
ERS31168139	geographic location (longitude)	5.896278
ERS31168139	geographic location (region and locality)	Manosque-Oraison, Durance
ERS31168139	host common name	nasus x toxostoma
ERS31168139	host scientific name	Chondrostoma nasus x Parachondrostoma toxostoma
ERS31168139	host subject id	14Man1010
ERS31168140	TITLE	Parachondrostoma toxostoma caudal fin bacterial microbiota, Man 2014, individual 1018
ERS31168140	collection date	2014-07-23
ERS31168140	geographic location (latitude)	43.919667
ERS31168140	geographic location (longitude)	5.896278
ERS31168140	geographic location (region and locality)	Manosque-Oraison, Durance
ERS31168140	host common name	toxostome
ERS31168140	host scientific name	Parachondrostoma toxostoma
ERS31168140	host subject id	14Man1018
ERS31168141	TITLE	Parachondrostoma toxostoma caudal fin bacterial microbiota, Per 2014, individual 1014
ERS31168141	collection date	2014-07-07
ERS31168141	geographic location (latitude)	43.668139
ERS31168141	geographic location (longitude)	5.493
ERS31168141	geographic location (region and locality)	Pertuis, Durance
ERS31168141	host common name	toxostome
ERS31168141	host scientific name	Parachondrostoma toxostoma
ERS31168141	host subject id	14Per1014
ERS31168144	TITLE	Parachondrostoma toxostoma caudal fin bacterial microbiota, Bau 2015, individual 1001
ERS31168144	collection date	2015-07-22
ERS31168144	geographic location (latitude)	44.475
ERS31168144	geographic location (longitude)	4.264
ERS31168144	geographic location (region and locality)	Rosieres, Beaume
ERS31168144	host common name	toxostome
ERS31168144	host scientific name	Parachondrostoma toxostoma
ERS31168144	host subject id	15Bau1001
ERS31168145	TITLE	Parachondrostoma toxostoma caudal fin bacterial microbiota, Bau 2015, individual 1009
ERS31168145	collection date	2015-07-22
ERS31168145	geographic location (latitude)	44.475
ERS31168145	geographic location (longitude)	4.264
ERS31168145	geographic location (region and locality)	Rosieres, Beaume
ERS31168145	host common name	toxostome
ERS31168145	host scientific name	Parachondrostoma toxostoma
ERS31168145	host subject id	15Bau1009
ERS31168146	TITLE	Parachondrostoma toxostoma caudal fin bacterial microbiota, Bau 2015, individual 1017
ERS31168146	collection date	2015-07-22
ERS31168146	geographic location (latitude)	44.475
ERS31168146	geographic location (longitude)	4.264
ERS31168146	geographic location (region and locality)	Rosieres, Beaume
ERS31168146	host common name	toxostome
ERS31168146	host scientific name	Parachondrostoma toxostoma
ERS31168146	host subject id	15Bau1017
ERS31168147	TITLE	Parachondrostoma toxostoma caudal fin bacterial microbiota, Bau 2015, individual 1025
ERS31168147	collection date	2015-07-22
ERS31168147	geographic location (latitude)	44.475
ERS31168147	geographic location (longitude)	4.264
ERS31168147	geographic location (region and locality)	Rosieres, Beaume
ERS31168147	host common name	toxostome
ERS31168147	host scientific name	Parachondrostoma toxostoma
ERS31168147	host subject id	15Bau1025
ERS31168148	TITLE	Parachondrostoma toxostoma caudal fin bacterial microbiota, Jus 2015, individual 1008
ERS31168148	collection date	2015-07-21
ERS31168148	geographic location (latitude)	44.286
ERS31168148	geographic location (longitude)	4.597833
ERS31168148	geographic location (region and locality)	Saint-Just-d'Ardeche, Ardeche
ERS31168148	host common name	toxostome
ERS31168148	host scientific name	Parachondrostoma toxostoma
ERS31168148	host subject id	15Jus1008
ERS31168149	TITLE	Chondrostoma nasus x Parachondrostoma toxostoma caudal fin bacterial microbiota, Jus 2015, individual 1016
ERS31168149	collection date	2015-07-21
ERS31168149	geographic location (latitude)	44.286
ERS31168149	geographic location (longitude)	4.597833
ERS31168149	geographic location (region and locality)	Saint-Just-d'Ardeche, Ardeche
ERS31168149	host common name	nasus x toxostoma
ERS31168149	host scientific name	Chondrostoma nasus x Parachondrostoma toxostoma
ERS31168149	host subject id	15Jus1016
ERS31168150	TITLE	Chondrostoma nasus caudal fin bacterial microbiota, Caa 2015, individual 1005
ERS31168150	collection date	2015-09-08
ERS31168150	geographic location (latitude)	43.853389
ERS31168150	geographic location (longitude)	5.858444
ERS31168150	geographic location (region and locality)	Canal (usine du Largue), Canal
ERS31168150	host common name	nase
ERS31168150	host scientific name	Chondrostoma nasus
ERS31168150	host subject id	15Caa1005
ERS31168151	TITLE	Parachondrostoma toxostoma caudal fin bacterial microbiota, Caa 2015, individual 1013
ERS31168151	collection date	2015-09-08
ERS31168151	geographic location (latitude)	43.853389
ERS31168151	geographic location (longitude)	5.858444
ERS31168151	geographic location (region and locality)	Canal (usine du Largue), Canal
ERS31168151	host common name	toxostome
ERS31168151	host scientific name	Parachondrostoma toxostoma
ERS31168151	host subject id	15Caa1013
ERS31168152	TITLE	Chondrostoma nasus x Parachondrostoma toxostoma caudal fin bacterial microbiota, Avi 2015, individual 1001
ERS31168152	collection date	2015-07-10
ERS31168152	geographic location (latitude)	43.913
ERS31168152	geographic location (longitude)	4.820722
ERS31168152	geographic location (region and locality)	Avignon, Durance
ERS31168152	host common name	nasus x toxostoma
ERS31168152	host scientific name	Chondrostoma nasus x Parachondrostoma toxostoma
ERS31168152	host subject id	15Avi1001
ERS31168153	collection date	2015-07-10
ERS31168153	geographic location (latitude)	43.913
ERS31168153	geographic location (longitude)	4.820722
ERS31168153	geographic location (region and locality)	Avignon, Durance
ERS31168153	host subject id	15Avi1009
ERS31168154	TITLE	Parachondrostoma toxostoma caudal fin bacterial microbiota, Bue 2015, individual 1004
ERS31168154	collection date	2015-07-17
ERS31168154	geographic location (latitude)	44.262
ERS31168154	geographic location (longitude)	5.828
ERS31168154	geographic location (region and locality)	Confluence Buech-Meouge, Buech
ERS31168154	host common name	toxostome
ERS31168154	host scientific name	Parachondrostoma toxostoma
ERS31168154	host subject id	15Bue1004
ERS31168155	TITLE	Chondrostoma nasus x Parachondrostoma toxostoma caudal fin bacterial microbiota, Bue 2015, individual 1012
ERS31168155	collection date	2015-07-17
ERS31168155	geographic location (latitude)	44.262
ERS31168155	geographic location (longitude)	5.828
ERS31168155	geographic location (region and locality)	Confluence Buech-Meouge, Buech
ERS31168155	host common name	nasus x toxostoma
ERS31168155	host scientific name	Chondrostoma nasus x Parachondrostoma toxostoma
ERS31168155	host subject id	15Bue1012
ERS31168156	TITLE	Parachondrostoma toxostoma caudal fin bacterial microbiota, Bau 2015, individual 1002
ERS31168156	collection date	2015-07-22
ERS31168156	geographic location (latitude)	44.475
ERS31168156	geographic location (longitude)	4.264
ERS31168156	geographic location (region and locality)	Rosieres, Beaume
ERS31168156	host common name	toxostome
ERS31168156	host scientific name	Parachondrostoma toxostoma
ERS31168156	host subject id	15Bau1002
ERS31168157	TITLE	Chondrostoma nasus x Parachondrostoma toxostoma caudal fin bacterial microbiota, Bau 2015, individual 1010
ERS31168157	collection date	2015-07-22
ERS31168157	geographic location (latitude)	44.475
ERS31168157	geographic location (longitude)	4.264
ERS31168157	geographic location (region and locality)	Rosieres, Beaume
ERS31168157	host common name	nasus x toxostoma
ERS31168157	host scientific name	Chondrostoma nasus x Parachondrostoma toxostoma
ERS31168157	host subject id	15Bau1010
ERS31168158	TITLE	Parachondrostoma toxostoma caudal fin bacterial microbiota, Bau 2015, individual 1018
ERS31168158	collection date	2015-07-22
ERS31168158	geographic location (latitude)	44.475
ERS31168158	geographic location (longitude)	4.264
ERS31168158	geographic location (region and locality)	Rosieres, Beaume
ERS31168158	host common name	toxostome
ERS31168158	host scientific name	Parachondrostoma toxostoma
ERS31168158	host subject id	15Bau1018
ERS31168159	TITLE	Parachondrostoma toxostoma caudal fin bacterial microbiota, Jus 2015, individual 1001
ERS31168159	collection date	2015-07-21
ERS31168159	geographic location (latitude)	44.286
ERS31168159	geographic location (longitude)	4.597833
ERS31168159	geographic location (region and locality)	Saint-Just-d'Ardeche, Ardeche
ERS31168159	host common name	toxostome
ERS31168159	host scientific name	Parachondrostoma toxostoma
ERS31168159	host subject id	15Jus1001
ERS31168160	TITLE	Chondrostoma nasus x Parachondrostoma toxostoma caudal fin bacterial microbiota, Jus 2015, individual 1009
ERS31168160	collection date	2015-07-21
ERS31168160	geographic location (latitude)	44.286
ERS31168160	geographic location (longitude)	4.597833
ERS31168160	geographic location (region and locality)	Saint-Just-d'Ardeche, Ardeche
ERS31168160	host common name	nasus x toxostoma
ERS31168160	host scientific name	Chondrostoma nasus x Parachondrostoma toxostoma
ERS31168160	host subject id	15Jus1009
ERS31168161	TITLE	Chondrostoma nasus caudal fin bacterial microbiota, Jus 2015, individual 1017
ERS31168161	collection date	2015-07-21
ERS31168161	geographic location (latitude)	44.286
ERS31168161	geographic location (longitude)	4.597833
ERS31168161	geographic location (region and locality)	Saint-Just-d'Ardeche, Ardeche
ERS31168161	host common name	nase
ERS31168161	host scientific name	Chondrostoma nasus
ERS31168161	host subject id	15Jus1017
ERS31168162	TITLE	Chondrostoma nasus x Parachondrostoma toxostoma caudal fin bacterial microbiota, Caa 2015, individual 1006
ERS31168162	collection date	2015-09-08
ERS31168162	geographic location (latitude)	43.853389
ERS31168162	geographic location (longitude)	5.858444
ERS31168162	geographic location (region and locality)	Canal (usine du Largue), Canal
ERS31168162	host common name	nasus x toxostoma
ERS31168162	host scientific name	Chondrostoma nasus x Parachondrostoma toxostoma
ERS31168162	host subject id	15Caa1006
ERS31168163	TITLE	Parachondrostoma toxostoma caudal fin bacterial microbiota, Caa 2015, individual 1014
ERS31168163	collection date	2015-09-08
ERS31168163	geographic location (latitude)	43.853389
ERS31168163	geographic location (longitude)	5.858444
ERS31168163	geographic location (region and locality)	Canal (usine du Largue), Canal
ERS31168163	host common name	toxostome
ERS31168163	host scientific name	Parachondrostoma toxostoma
ERS31168163	host subject id	15Caa1014
ERS31168164	TITLE	Chondrostoma nasus x Parachondrostoma toxostoma caudal fin bacterial microbiota, Avi 2015, individual 1002
ERS31168164	collection date	2015-07-10
ERS31168164	geographic location (latitude)	43.913
ERS31168164	geographic location (longitude)	4.820722
ERS31168164	geographic location (region and locality)	Avignon, Durance
ERS31168164	host common name	nasus x toxostoma
ERS31168164	host scientific name	Chondrostoma nasus x Parachondrostoma toxostoma
ERS31168164	host subject id	15Avi1002
ERS31168165	collection date	2015-07-10
ERS31168165	geographic location (latitude)	43.913
ERS31168165	geographic location (longitude)	4.820722
ERS31168165	geographic location (region and locality)	Avignon, Durance
ERS31168165	host subject id	15Avi1010
ERS31168166	TITLE	Chondrostoma nasus x Parachondrostoma toxostoma caudal fin bacterial microbiota, Bue 2015, individual 1005
ERS31168166	collection date	2015-07-17
ERS31168166	geographic location (latitude)	44.262
ERS31168166	geographic location (longitude)	5.828
ERS31168166	geographic location (region and locality)	Confluence Buech-Meouge, Buech
ERS31168166	host common name	nasus x toxostoma
ERS31168166	host scientific name	Chondrostoma nasus x Parachondrostoma toxostoma
ERS31168166	host subject id	15Bue1005
ERS31168167	TITLE	Parachondrostoma toxostoma caudal fin bacterial microbiota, Bue 2015, individual 1013
ERS31168167	collection date	2015-07-17
ERS31168167	geographic location (latitude)	44.262
ERS31168167	geographic location (longitude)	5.828
ERS31168167	geographic location (region and locality)	Confluence Buech-Meouge, Buech
ERS31168167	host common name	toxostome
ERS31168167	host scientific name	Parachondrostoma toxostoma
ERS31168167	host subject id	15Bue1013
ERS31168168	TITLE	Parachondrostoma toxostoma caudal fin bacterial microbiota, Bau 2015, individual 1003
ERS31168168	collection date	2015-07-22
ERS31168168	geographic location (latitude)	44.475
ERS31168168	geographic location (longitude)	4.264
ERS31168168	geographic location (region and locality)	Rosieres, Beaume
ERS31168168	host common name	toxostome
ERS31168168	host scientific name	Parachondrostoma toxostoma
ERS31168168	host subject id	15Bau1003
ERS31168169	TITLE	Parachondrostoma toxostoma caudal fin bacterial microbiota, Bau 2015, individual 1011
ERS31168169	collection date	2015-07-22
ERS31168169	geographic location (latitude)	44.475
ERS31168169	geographic location (longitude)	4.264
ERS31168169	geographic location (region and locality)	Rosieres, Beaume
ERS31168169	host common name	toxostome
ERS31168169	host scientific name	Parachondrostoma toxostoma
ERS31168169	host subject id	15Bau1011
ERS31168170	TITLE	Chondrostoma nasus x Parachondrostoma toxostoma caudal fin bacterial microbiota, Bau 2015, individual 1019
ERS31168170	collection date	2015-07-22
ERS31168170	geographic location (latitude)	44.475
ERS31168170	geographic location (longitude)	4.264
ERS31168170	geographic location (region and locality)	Rosieres, Beaume
ERS31168170	host common name	nasus x toxostoma
ERS31168170	host scientific name	Chondrostoma nasus x Parachondrostoma toxostoma
ERS31168170	host subject id	15Bau1019
ERS31168171	TITLE	Chondrostoma nasus x Parachondrostoma toxostoma caudal fin bacterial microbiota, Jus 2015, individual 1002
ERS31168171	collection date	2015-07-21
ERS31168171	geographic location (latitude)	44.286
ERS31168171	geographic location (longitude)	4.597833
ERS31168171	geographic location (region and locality)	Saint-Just-d'Ardeche, Ardeche
ERS31168171	host common name	nasus x toxostoma
ERS31168171	host scientific name	Chondrostoma nasus x Parachondrostoma toxostoma
ERS31168171	host subject id	15Jus1002
ERS31168172	TITLE	Chondrostoma nasus caudal fin bacterial microbiota, Jus 2015, individual 1010
ERS31168172	collection date	2015-07-21
ERS31168172	geographic location (latitude)	44.286
ERS31168172	geographic location (longitude)	4.597833
ERS31168172	geographic location (region and locality)	Saint-Just-d'Ardeche, Ardeche
ERS31168172	host common name	nase
ERS31168172	host scientific name	Chondrostoma nasus
ERS31168172	host subject id	15Jus1010
ERS31168173	TITLE	Chondrostoma nasus caudal fin bacterial microbiota, Jus 2015, individual 1018
ERS31168173	collection date	2015-07-21
ERS31168173	geographic location (latitude)	44.286
ERS31168173	geographic location (longitude)	4.597833
ERS31168173	geographic location (region and locality)	Saint-Just-d'Ardeche, Ardeche
ERS31168173	host common name	nase
ERS31168173	host scientific name	Chondrostoma nasus
ERS31168173	host subject id	15Jus1018
ERS31168174	TITLE	Chondrostoma nasus caudal fin bacterial microbiota, Caa 2015, individual 1007
ERS31168174	collection date	2015-09-08
ERS31168174	geographic location (latitude)	43.853389
ERS31168174	geographic location (longitude)	5.858444
ERS31168174	geographic location (region and locality)	Canal (usine du Largue), Canal
ERS31168174	host common name	nase
ERS31168174	host scientific name	Chondrostoma nasus
ERS31168174	host subject id	15Caa1007
ERS31168175	TITLE	Chondrostoma nasus x Parachondrostoma toxostoma caudal fin bacterial microbiota, Caa 2015, individual 1015
ERS31168175	collection date	2015-09-08
ERS31168175	geographic location (latitude)	43.853389
ERS31168175	geographic location (longitude)	5.858444
ERS31168175	geographic location (region and locality)	Canal (usine du Largue), Canal
ERS31168175	host common name	nasus x toxostoma
ERS31168175	host scientific name	Chondrostoma nasus x Parachondrostoma toxostoma
ERS31168175	host subject id	15Caa1015
ERS31168176	collection date	2015-07-10
ERS31168176	geographic location (latitude)	43.913
ERS31168176	geographic location (longitude)	4.820722
ERS31168176	geographic location (region and locality)	Avignon, Durance
ERS31168176	host subject id	15Avi1003
ERS31168177	TITLE	Chondrostoma nasus x Parachondrostoma toxostoma caudal fin bacterial microbiota, Avi 2015, individual 1011
ERS31168177	collection date	2015-07-10
ERS31168177	geographic location (latitude)	43.913
ERS31168177	geographic location (longitude)	4.820722
ERS31168177	geographic location (region and locality)	Avignon, Durance
ERS31168177	host common name	nasus x toxostoma
ERS31168177	host scientific name	Chondrostoma nasus x Parachondrostoma toxostoma
ERS31168177	host subject id	15Avi1011
ERS31168178	TITLE	Parachondrostoma toxostoma caudal fin bacterial microbiota, Bue 2015, individual 1006
ERS31168178	collection date	2015-07-17
ERS31168178	geographic location (latitude)	44.262
ERS31168178	geographic location (longitude)	5.828
ERS31168178	geographic location (region and locality)	Confluence Buech-Meouge, Buech
ERS31168178	host common name	toxostome
ERS31168178	host scientific name	Parachondrostoma toxostoma
ERS31168178	host subject id	15Bue1006
ERS31168179	TITLE	Parachondrostoma toxostoma caudal fin bacterial microbiota, Bue 2015, individual 1014
ERS31168179	collection date	2015-07-17
ERS31168179	geographic location (latitude)	44.262
ERS31168179	geographic location (longitude)	5.828
ERS31168179	geographic location (region and locality)	Confluence Buech-Meouge, Buech
ERS31168179	host common name	toxostome
ERS31168179	host scientific name	Parachondrostoma toxostoma
ERS31168179	host subject id	15Bue1014
ERS31168180	TITLE	Chondrostoma nasus x Parachondrostoma toxostoma caudal fin bacterial microbiota, Bau 2015, individual 1004
ERS31168180	collection date	2015-07-22
ERS31168180	geographic location (latitude)	44.475
ERS31168180	geographic location (longitude)	4.264
ERS31168180	geographic location (region and locality)	Rosieres, Beaume
ERS31168180	host common name	nasus x toxostoma
ERS31168180	host scientific name	Chondrostoma nasus x Parachondrostoma toxostoma
ERS31168180	host subject id	15Bau1004
ERS31168181	TITLE	Parachondrostoma toxostoma caudal fin bacterial microbiota, Bau 2015, individual 1012
ERS31168181	collection date	2015-07-22
ERS31168181	geographic location (latitude)	44.475
ERS31168181	geographic location (longitude)	4.264
ERS31168181	geographic location (region and locality)	Rosieres, Beaume
ERS31168181	host common name	toxostome
ERS31168181	host scientific name	Parachondrostoma toxostoma
ERS31168181	host subject id	15Bau1012
ERS31168182	TITLE	Chondrostoma nasus x Parachondrostoma toxostoma caudal fin bacterial microbiota, Bau 2015, individual 1020
ERS31168182	collection date	2015-07-22
ERS31168182	geographic location (latitude)	44.475
ERS31168182	geographic location (longitude)	4.264
ERS31168182	geographic location (region and locality)	Rosieres, Beaume
ERS31168182	host common name	nasus x toxostoma
ERS31168182	host scientific name	Chondrostoma nasus x Parachondrostoma toxostoma
ERS31168182	host subject id	15Bau1020
ERS31168183	TITLE	Chondrostoma nasus x Parachondrostoma toxostoma caudal fin bacterial microbiota, Jus 2015, individual 1003
ERS31168183	collection date	2015-07-21
ERS31168183	geographic location (latitude)	44.286
ERS31168183	geographic location (longitude)	4.597833
ERS31168183	geographic location (region and locality)	Saint-Just-d'Ardeche, Ardeche
ERS31168183	host common name	nasus x toxostoma
ERS31168183	host scientific name	Chondrostoma nasus x Parachondrostoma toxostoma
ERS31168183	host subject id	15Jus1003
ERS31168184	TITLE	Chondrostoma nasus caudal fin bacterial microbiota, Jus 2015, individual 1011
ERS31168184	collection date	2015-07-21
ERS31168184	geographic location (latitude)	44.286
ERS31168184	geographic location (longitude)	4.597833
ERS31168184	geographic location (region and locality)	Saint-Just-d'Ardeche, Ardeche
ERS31168184	host common name	nase
ERS31168184	host scientific name	Chondrostoma nasus
ERS31168184	host subject id	15Jus1011
ERS31168185	TITLE	Chondrostoma nasus caudal fin bacterial microbiota, Jus 2015, individual 1019
ERS31168185	collection date	2015-07-21
ERS31168185	geographic location (latitude)	44.286
ERS31168185	geographic location (longitude)	4.597833
ERS31168185	geographic location (region and locality)	Saint-Just-d'Ardeche, Ardeche
ERS31168185	host common name	nase
ERS31168185	host scientific name	Chondrostoma nasus
ERS31168185	host subject id	15Jus1019
ERS31168186	TITLE	Chondrostoma nasus x Parachondrostoma toxostoma caudal fin bacterial microbiota, Caa 2015, individual 1008
ERS31168186	collection date	2015-09-08
ERS31168186	geographic location (latitude)	43.853389
ERS31168186	geographic location (longitude)	5.858444
ERS31168186	geographic location (region and locality)	Canal (usine du Largue), Canal
ERS31168186	host common name	nasus x toxostoma
ERS31168186	host scientific name	Chondrostoma nasus x Parachondrostoma toxostoma
ERS31168186	host subject id	15Caa1008
ERS31168187	TITLE	Chondrostoma nasus x Parachondrostoma toxostoma caudal fin bacterial microbiota, Caa 2015, individual 1016
ERS31168187	collection date	2015-09-08
ERS31168187	geographic location (latitude)	43.853389
ERS31168187	geographic location (longitude)	5.858444
ERS31168187	geographic location (region and locality)	Canal (usine du Largue), Canal
ERS31168187	host common name	nasus x toxostoma
ERS31168187	host scientific name	Chondrostoma nasus x Parachondrostoma toxostoma
ERS31168187	host subject id	15Caa1016
ERS31168188	collection date	2015-07-10
ERS31168188	geographic location (latitude)	43.913
ERS31168188	geographic location (longitude)	4.820722
ERS31168188	geographic location (region and locality)	Avignon, Durance
ERS31168188	host subject id	15Avi1004
ERS31168189	TITLE	Chondrostoma nasus x Parachondrostoma toxostoma caudal fin bacterial microbiota, Avi 2015, individual 1012
ERS31168189	collection date	2015-07-10
ERS31168189	geographic location (latitude)	43.913
ERS31168189	geographic location (longitude)	4.820722
ERS31168189	geographic location (region and locality)	Avignon, Durance
ERS31168189	host common name	nasus x toxostoma
ERS31168189	host scientific name	Chondrostoma nasus x Parachondrostoma toxostoma
ERS31168189	host subject id	15Avi1012
ERS31168190	TITLE	Chondrostoma nasus x Parachondrostoma toxostoma caudal fin bacterial microbiota, Bue 2015, individual 1007
ERS31168190	collection date	2015-07-17
ERS31168190	geographic location (latitude)	44.262
ERS31168190	geographic location (longitude)	5.828
ERS31168190	geographic location (region and locality)	Confluence Buech-Meouge, Buech
ERS31168190	host common name	nasus x toxostoma
ERS31168190	host scientific name	Chondrostoma nasus x Parachondrostoma toxostoma
ERS31168190	host subject id	15Bue1007
ERS31168191	TITLE	Parachondrostoma toxostoma caudal fin bacterial microbiota, Bue 2015, individual 1015
ERS31168191	collection date	2015-07-17
ERS31168191	geographic location (latitude)	44.262
ERS31168191	geographic location (longitude)	5.828
ERS31168191	geographic location (region and locality)	Confluence Buech-Meouge, Buech
ERS31168191	host common name	toxostome
ERS31168191	host scientific name	Parachondrostoma toxostoma
ERS31168191	host subject id	15Bue1015
ERS31168192	TITLE	Parachondrostoma toxostoma caudal fin bacterial microbiota, Bau 2015, individual 1005
ERS31168192	collection date	2015-07-22
ERS31168192	geographic location (latitude)	44.475
ERS31168192	geographic location (longitude)	4.264
ERS31168192	geographic location (region and locality)	Rosieres, Beaume
ERS31168192	host common name	toxostome
ERS31168192	host scientific name	Parachondrostoma toxostoma
ERS31168192	host subject id	15Bau1005
ERS31168193	TITLE	Parachondrostoma toxostoma caudal fin bacterial microbiota, Bau 2015, individual 1013
ERS31168193	collection date	2015-07-22
ERS31168193	geographic location (latitude)	44.475
ERS31168193	geographic location (longitude)	4.264
ERS31168193	geographic location (region and locality)	Rosieres, Beaume
ERS31168193	host common name	toxostome
ERS31168193	host scientific name	Parachondrostoma toxostoma
ERS31168193	host subject id	15Bau1013
ERS31168194	TITLE	Chondrostoma nasus x Parachondrostoma toxostoma caudal fin bacterial microbiota, Bau 2015, individual 1021
ERS31168194	collection date	2015-07-22
ERS31168194	geographic location (latitude)	44.475
ERS31168194	geographic location (longitude)	4.264
ERS31168194	geographic location (region and locality)	Rosieres, Beaume
ERS31168194	host common name	nasus x toxostoma
ERS31168194	host scientific name	Chondrostoma nasus x Parachondrostoma toxostoma
ERS31168194	host subject id	15Bau1021
ERS31168195	TITLE	Chondrostoma nasus x Parachondrostoma toxostoma caudal fin bacterial microbiota, Jus 2015, individual 1004
ERS31168195	collection date	2015-07-21
ERS31168195	geographic location (latitude)	44.286
ERS31168195	geographic location (longitude)	4.597833
ERS31168195	geographic location (region and locality)	Saint-Just-d'Ardeche, Ardeche
ERS31168195	host common name	nasus x toxostoma
ERS31168195	host scientific name	Chondrostoma nasus x Parachondrostoma toxostoma
ERS31168195	host subject id	15Jus1004
ERS31168196	TITLE	Chondrostoma nasus caudal fin bacterial microbiota, Jus 2015, individual 1012
ERS31168196	collection date	2015-07-21
ERS31168196	geographic location (latitude)	44.286
ERS31168196	geographic location (longitude)	4.597833
ERS31168196	geographic location (region and locality)	Saint-Just-d'Ardeche, Ardeche
ERS31168196	host common name	nase
ERS31168196	host scientific name	Chondrostoma nasus
ERS31168196	host subject id	15Jus1012
ERS31168197	TITLE	Chondrostoma nasus caudal fin bacterial microbiota, Caa 2015, individual 1001
ERS31168197	collection date	2015-09-08
ERS31168197	geographic location (latitude)	43.853389
ERS31168197	geographic location (longitude)	5.858444
ERS31168197	geographic location (region and locality)	Canal (usine du Largue), Canal
ERS31168197	host common name	nase
ERS31168197	host scientific name	Chondrostoma nasus
ERS31168197	host subject id	15Caa1001
ERS31168198	TITLE	Chondrostoma nasus caudal fin bacterial microbiota, Caa 2015, individual 1009
ERS31168198	collection date	2015-09-08
ERS31168198	geographic location (latitude)	43.853389
ERS31168198	geographic location (longitude)	5.858444
ERS31168198	geographic location (region and locality)	Canal (usine du Largue), Canal
ERS31168198	host common name	nase
ERS31168198	host scientific name	Chondrostoma nasus
ERS31168198	host subject id	15Caa1009
ERS31168199	TITLE	Chondrostoma nasus x Parachondrostoma toxostoma caudal fin bacterial microbiota, Caa 2015, individual 1017
ERS31168199	collection date	2015-09-08
ERS31168199	geographic location (latitude)	43.853389
ERS31168199	geographic location (longitude)	5.858444
ERS31168199	geographic location (region and locality)	Canal (usine du Largue), Canal
ERS31168199	host common name	nasus x toxostoma
ERS31168199	host scientific name	Chondrostoma nasus x Parachondrostoma toxostoma
ERS31168199	host subject id	15Caa1017
ERS31168200	collection date	2015-07-10
ERS31168200	geographic location (latitude)	43.913
ERS31168200	geographic location (longitude)	4.820722
ERS31168200	geographic location (region and locality)	Avignon, Durance
ERS31168200	host subject id	15Avi1005
ERS31168201	TITLE	Chondrostoma nasus x Parachondrostoma toxostoma caudal fin bacterial microbiota, Avi 2015, individual 1013
ERS31168201	collection date	2015-07-10
ERS31168201	geographic location (latitude)	43.913
ERS31168201	geographic location (longitude)	4.820722
ERS31168201	geographic location (region and locality)	Avignon, Durance
ERS31168201	host common name	nasus x toxostoma
ERS31168201	host scientific name	Chondrostoma nasus x Parachondrostoma toxostoma
ERS31168201	host subject id	15Avi1013
ERS31168202	TITLE	Parachondrostoma toxostoma caudal fin bacterial microbiota, Bue 2015, individual 1008
ERS31168202	collection date	2015-07-17
ERS31168202	geographic location (latitude)	44.262
ERS31168202	geographic location (longitude)	5.828
ERS31168202	geographic location (region and locality)	Confluence Buech-Meouge, Buech
ERS31168202	host common name	toxostome
ERS31168202	host scientific name	Parachondrostoma toxostoma
ERS31168202	host subject id	15Bue1008
ERS31168203	TITLE	Chondrostoma nasus x Parachondrostoma toxostoma caudal fin bacterial microbiota, Bue 2015, individual 1016
ERS31168203	collection date	2015-07-17
ERS31168203	geographic location (latitude)	44.262
ERS31168203	geographic location (longitude)	5.828
ERS31168203	geographic location (region and locality)	Confluence Buech-Meouge, Buech
ERS31168203	host common name	nasus x toxostoma
ERS31168203	host scientific name	Chondrostoma nasus x Parachondrostoma toxostoma
ERS31168203	host subject id	15Bue1016
ERS31168204	TITLE	Chondrostoma nasus x Parachondrostoma toxostoma caudal fin bacterial microbiota, Bau 2015, individual 1006
ERS31168204	collection date	2015-07-22
ERS31168204	geographic location (latitude)	44.475
ERS31168204	geographic location (longitude)	4.264
ERS31168204	geographic location (region and locality)	Rosieres, Beaume
ERS31168204	host common name	nasus x toxostoma
ERS31168204	host scientific name	Chondrostoma nasus x Parachondrostoma toxostoma
ERS31168204	host subject id	15Bau1006
ERS31168205	TITLE	Parachondrostoma toxostoma caudal fin bacterial microbiota, Bau 2015, individual 1014
ERS31168205	collection date	2015-07-22
ERS31168205	geographic location (latitude)	44.475
ERS31168205	geographic location (longitude)	4.264
ERS31168205	geographic location (region and locality)	Rosieres, Beaume
ERS31168205	host common name	toxostome
ERS31168205	host scientific name	Parachondrostoma toxostoma
ERS31168205	host subject id	15Bau1014
ERS31168206	TITLE	Parachondrostoma toxostoma caudal fin bacterial microbiota, Bau 2015, individual 1022
ERS31168206	collection date	2015-07-22
ERS31168206	geographic location (latitude)	44.475
ERS31168206	geographic location (longitude)	4.264
ERS31168206	geographic location (region and locality)	Rosieres, Beaume
ERS31168206	host common name	toxostome
ERS31168206	host scientific name	Parachondrostoma toxostoma
ERS31168206	host subject id	15Bau1022
ERS31168207	TITLE	Chondrostoma nasus x Parachondrostoma toxostoma caudal fin bacterial microbiota, Jus 2015, individual 1005
ERS31168207	collection date	2015-07-21
ERS31168207	geographic location (latitude)	44.286
ERS31168207	geographic location (longitude)	4.597833
ERS31168207	geographic location (region and locality)	Saint-Just-d'Ardeche, Ardeche
ERS31168207	host common name	nasus x toxostoma
ERS31168207	host scientific name	Chondrostoma nasus x Parachondrostoma toxostoma
ERS31168207	host subject id	15Jus1005
ERS31168208	TITLE	Chondrostoma nasus caudal fin bacterial microbiota, Jus 2015, individual 1013
ERS31168208	collection date	2015-07-21
ERS31168208	geographic location (latitude)	44.286
ERS31168208	geographic location (longitude)	4.597833
ERS31168208	geographic location (region and locality)	Saint-Just-d'Ardeche, Ardeche
ERS31168208	host common name	nase
ERS31168208	host scientific name	Chondrostoma nasus
ERS31168208	host subject id	15Jus1013
ERS31168209	TITLE	Chondrostoma nasus caudal fin bacterial microbiota, Caa 2015, individual 1002
ERS31168209	collection date	2015-09-08
ERS31168209	geographic location (latitude)	43.853389
ERS31168209	geographic location (longitude)	5.858444
ERS31168209	geographic location (region and locality)	Canal (usine du Largue), Canal
ERS31168209	host common name	nase
ERS31168209	host scientific name	Chondrostoma nasus
ERS31168209	host subject id	15Caa1002
ERS31168210	TITLE	Chondrostoma nasus caudal fin bacterial microbiota, Caa 2015, individual 1010
ERS31168210	collection date	2015-09-08
ERS31168210	geographic location (latitude)	43.853389
ERS31168210	geographic location (longitude)	5.858444
ERS31168210	geographic location (region and locality)	Canal (usine du Largue), Canal
ERS31168210	host common name	nase
ERS31168210	host scientific name	Chondrostoma nasus
ERS31168210	host subject id	15Caa1010
ERS31168211	TITLE	Parachondrostoma toxostoma caudal fin bacterial microbiota, Caa 2015, individual 1018
ERS31168211	collection date	2015-09-08
ERS31168211	geographic location (latitude)	43.853389
ERS31168211	geographic location (longitude)	5.858444
ERS31168211	geographic location (region and locality)	Canal (usine du Largue), Canal
ERS31168211	host common name	toxostome
ERS31168211	host scientific name	Parachondrostoma toxostoma
ERS31168211	host subject id	15Caa1018
ERS31168212	collection date	2015-07-10
ERS31168212	geographic location (latitude)	43.913
ERS31168212	geographic location (longitude)	4.820722
ERS31168212	geographic location (region and locality)	Avignon, Durance
ERS31168212	host subject id	15Avi1006
ERS31168213	TITLE	Chondrostoma nasus caudal fin bacterial microbiota, Bue 2015, individual 1001
ERS31168213	collection date	2015-07-17
ERS31168213	geographic location (latitude)	44.262
ERS31168213	geographic location (longitude)	5.828
ERS31168213	geographic location (region and locality)	Confluence Buech-Meouge, Buech
ERS31168213	host common name	nase
ERS31168213	host scientific name	Chondrostoma nasus
ERS31168213	host subject id	15Bue1001
ERS31168214	TITLE	Chondrostoma nasus x Parachondrostoma toxostoma caudal fin bacterial microbiota, Bue 2015, individual 1009
ERS31168214	collection date	2015-07-17
ERS31168214	geographic location (latitude)	44.262
ERS31168214	geographic location (longitude)	5.828
ERS31168214	geographic location (region and locality)	Confluence Buech-Meouge, Buech
ERS31168214	host common name	nasus x toxostoma
ERS31168214	host scientific name	Chondrostoma nasus x Parachondrostoma toxostoma
ERS31168214	host subject id	15Bue1009
ERS31168215	TITLE	Chondrostoma nasus caudal fin bacterial microbiota, Bue 2015, individual 1017
ERS31168215	collection date	2015-07-17
ERS31168215	geographic location (latitude)	44.262
ERS31168215	geographic location (longitude)	5.828
ERS31168215	geographic location (region and locality)	Confluence Buech-Meouge, Buech
ERS31168215	host common name	nase
ERS31168215	host scientific name	Chondrostoma nasus
ERS31168215	host subject id	15Bue1017
ERS31168216	TITLE	Parachondrostoma toxostoma caudal fin bacterial microbiota, Bau 2015, individual 1007
ERS31168216	collection date	2015-07-22
ERS31168216	geographic location (latitude)	44.475
ERS31168216	geographic location (longitude)	4.264
ERS31168216	geographic location (region and locality)	Rosieres, Beaume
ERS31168216	host common name	toxostome
ERS31168216	host scientific name	Parachondrostoma toxostoma
ERS31168216	host subject id	15Bau1007
ERS31168217	TITLE	Parachondrostoma toxostoma caudal fin bacterial microbiota, Bau 2015, individual 1015
ERS31168217	collection date	2015-07-22
ERS31168217	geographic location (latitude)	44.475
ERS31168217	geographic location (longitude)	4.264
ERS31168217	geographic location (region and locality)	Rosieres, Beaume
ERS31168217	host common name	toxostome
ERS31168217	host scientific name	Parachondrostoma toxostoma
ERS31168217	host subject id	15Bau1015
ERS31168218	TITLE	Parachondrostoma toxostoma caudal fin bacterial microbiota, Bau 2015, individual 1023
ERS31168218	collection date	2015-07-22
ERS31168218	geographic location (latitude)	44.475
ERS31168218	geographic location (longitude)	4.264
ERS31168218	geographic location (region and locality)	Rosieres, Beaume
ERS31168218	host common name	toxostome
ERS31168218	host scientific name	Parachondrostoma toxostoma
ERS31168218	host subject id	15Bau1023
ERS31168219	TITLE	Parachondrostoma toxostoma caudal fin bacterial microbiota, Jus 2015, individual 1006
ERS31168219	collection date	2015-07-21
ERS31168219	geographic location (latitude)	44.286
ERS31168219	geographic location (longitude)	4.597833
ERS31168219	geographic location (region and locality)	Saint-Just-d'Ardeche, Ardeche
ERS31168219	host common name	toxostome
ERS31168219	host scientific name	Parachondrostoma toxostoma
ERS31168219	host subject id	15Jus1006
ERS31168220	TITLE	Chondrostoma nasus caudal fin bacterial microbiota, Jus 2015, individual 1014
ERS31168220	collection date	2015-07-21
ERS31168220	geographic location (latitude)	44.286
ERS31168220	geographic location (longitude)	4.597833
ERS31168220	geographic location (region and locality)	Saint-Just-d'Ardeche, Ardeche
ERS31168220	host common name	nase
ERS31168220	host scientific name	Chondrostoma nasus
ERS31168220	host subject id	15Jus1014
ERS31168221	TITLE	Chondrostoma nasus caudal fin bacterial microbiota, Caa 2015, individual 1003
ERS31168221	collection date	2015-09-08
ERS31168221	geographic location (latitude)	43.853389
ERS31168221	geographic location (longitude)	5.858444
ERS31168221	geographic location (region and locality)	Canal (usine du Largue), Canal
ERS31168221	host common name	nase
ERS31168221	host scientific name	Chondrostoma nasus
ERS31168221	host subject id	15Caa1003
ERS31168222	TITLE	Parachondrostoma toxostoma caudal fin bacterial microbiota, Caa 2015, individual 1011
ERS31168222	collection date	2015-09-08
ERS31168222	geographic location (latitude)	43.853389
ERS31168222	geographic location (longitude)	5.858444
ERS31168222	geographic location (region and locality)	Canal (usine du Largue), Canal
ERS31168222	host common name	toxostome
ERS31168222	host scientific name	Parachondrostoma toxostoma
ERS31168222	host subject id	15Caa1011
ERS31168223	TITLE	Chondrostoma nasus x Parachondrostoma toxostoma caudal fin bacterial microbiota, Caa 2015, individual 1019
ERS31168223	collection date	2015-09-08
ERS31168223	geographic location (latitude)	43.853389
ERS31168223	geographic location (longitude)	5.858444
ERS31168223	geographic location (region and locality)	Canal (usine du Largue), Canal
ERS31168223	host common name	nasus x toxostoma
ERS31168223	host scientific name	Chondrostoma nasus x Parachondrostoma toxostoma
ERS31168223	host subject id	15Caa1019
ERS31168224	collection date	2015-07-10
ERS31168224	geographic location (latitude)	43.913
ERS31168224	geographic location (longitude)	4.820722
ERS31168224	geographic location (region and locality)	Avignon, Durance
ERS31168224	host subject id	15Avi1007
ERS31168225	TITLE	Chondrostoma nasus caudal fin bacterial microbiota, Bue 2015, individual 1002
ERS31168225	collection date	2015-07-17
ERS31168225	geographic location (latitude)	44.262
ERS31168225	geographic location (longitude)	5.828
ERS31168225	geographic location (region and locality)	Confluence Buech-Meouge, Buech
ERS31168225	host common name	nase
ERS31168225	host scientific name	Chondrostoma nasus
ERS31168225	host subject id	15Bue1002
ERS31168226	TITLE	Chondrostoma nasus x Parachondrostoma toxostoma caudal fin bacterial microbiota, Bue 2015, individual 1010
ERS31168226	collection date	2015-07-17
ERS31168226	geographic location (latitude)	44.262
ERS31168226	geographic location (longitude)	5.828
ERS31168226	geographic location (region and locality)	Confluence Buech-Meouge, Buech
ERS31168226	host common name	nasus x toxostoma
ERS31168226	host scientific name	Chondrostoma nasus x Parachondrostoma toxostoma
ERS31168226	host subject id	15Bue1010
ERS31168227	TITLE	Chondrostoma nasus x Parachondrostoma toxostoma caudal fin bacterial microbiota, Bue 2015, individual 1018
ERS31168227	collection date	2015-07-17
ERS31168227	geographic location (latitude)	44.262
ERS31168227	geographic location (longitude)	5.828
ERS31168227	geographic location (region and locality)	Confluence Buech-Meouge, Buech
ERS31168227	host common name	nasus x toxostoma
ERS31168227	host scientific name	Chondrostoma nasus x Parachondrostoma toxostoma
ERS31168227	host subject id	15Bue1018
ERS31168228	TITLE	Parachondrostoma toxostoma caudal fin bacterial microbiota, Bau 2015, individual 1008
ERS31168228	collection date	2015-07-22
ERS31168228	geographic location (latitude)	44.475
ERS31168228	geographic location (longitude)	4.264
ERS31168228	geographic location (region and locality)	Rosieres, Beaume
ERS31168228	host common name	toxostome
ERS31168228	host scientific name	Parachondrostoma toxostoma
ERS31168228	host subject id	15Bau1008
ERS31168229	TITLE	Chondrostoma nasus x Parachondrostoma toxostoma caudal fin bacterial microbiota, Bau 2015, individual 1016
ERS31168229	collection date	2015-07-22
ERS31168229	geographic location (latitude)	44.475
ERS31168229	geographic location (longitude)	4.264
ERS31168229	geographic location (region and locality)	Rosieres, Beaume
ERS31168229	host common name	nasus x toxostoma
ERS31168229	host scientific name	Chondrostoma nasus x Parachondrostoma toxostoma
ERS31168229	host subject id	15Bau1016
ERS31168230	TITLE	Parachondrostoma toxostoma caudal fin bacterial microbiota, Bau 2015, individual 1024
ERS31168230	collection date	2015-07-22
ERS31168230	geographic location (latitude)	44.475
ERS31168230	geographic location (longitude)	4.264
ERS31168230	geographic location (region and locality)	Rosieres, Beaume
ERS31168230	host common name	toxostome
ERS31168230	host scientific name	Parachondrostoma toxostoma
ERS31168230	host subject id	15Bau1024
ERS31168231	TITLE	Parachondrostoma toxostoma caudal fin bacterial microbiota, Jus 2015, individual 1007
ERS31168231	collection date	2015-07-21
ERS31168231	geographic location (latitude)	44.286
ERS31168231	geographic location (longitude)	4.597833
ERS31168231	geographic location (region and locality)	Saint-Just-d'Ardeche, Ardeche
ERS31168231	host common name	toxostome
ERS31168231	host scientific name	Parachondrostoma toxostoma
ERS31168231	host subject id	15Jus1007
ERS31168232	TITLE	Chondrostoma nasus caudal fin bacterial microbiota, Jus 2015, individual 1015
ERS31168232	collection date	2015-07-21
ERS31168232	geographic location (latitude)	44.286
ERS31168232	geographic location (longitude)	4.597833
ERS31168232	geographic location (region and locality)	Saint-Just-d'Ardeche, Ardeche
ERS31168232	host common name	nase
ERS31168232	host scientific name	Chondrostoma nasus
ERS31168232	host subject id	15Jus1015
ERS31168233	TITLE	Chondrostoma nasus caudal fin bacterial microbiota, Caa 2015, individual 1004
ERS31168233	collection date	2015-09-08
ERS31168233	geographic location (latitude)	43.853389
ERS31168233	geographic location (longitude)	5.858444
ERS31168233	geographic location (region and locality)	Canal (usine du Largue), Canal
ERS31168233	host common name	nase
ERS31168233	host scientific name	Chondrostoma nasus
ERS31168233	host subject id	15Caa1004
ERS31168234	TITLE	Parachondrostoma toxostoma caudal fin bacterial microbiota, Caa 2015, individual 1012
ERS31168234	collection date	2015-09-08
ERS31168234	geographic location (latitude)	43.853389
ERS31168234	geographic location (longitude)	5.858444
ERS31168234	geographic location (region and locality)	Canal (usine du Largue), Canal
ERS31168234	host common name	toxostome
ERS31168234	host scientific name	Parachondrostoma toxostoma
ERS31168234	host subject id	15Caa1012
ERS31168235	TITLE	Parachondrostoma toxostoma caudal fin bacterial microbiota, Caa 2015, individual 1020
ERS31168235	collection date	2015-09-08
ERS31168235	geographic location (latitude)	43.853389
ERS31168235	geographic location (longitude)	5.858444
ERS31168235	geographic location (region and locality)	Canal (usine du Largue), Canal
ERS31168235	host common name	toxostome
ERS31168235	host scientific name	Parachondrostoma toxostoma
ERS31168235	host subject id	15Caa1020
ERS31168236	collection date	2015-07-10
ERS31168236	geographic location (latitude)	43.913
ERS31168236	geographic location (longitude)	4.820722
ERS31168236	geographic location (region and locality)	Avignon, Durance
ERS31168236	host subject id	15Avi1008
ERS31168237	TITLE	Chondrostoma nasus caudal fin bacterial microbiota, Bue 2015, individual 1003
ERS31168237	collection date	2015-07-17
ERS31168237	geographic location (latitude)	44.262
ERS31168237	geographic location (longitude)	5.828
ERS31168237	geographic location (region and locality)	Confluence Buech-Meouge, Buech
ERS31168237	host common name	nase
ERS31168237	host scientific name	Chondrostoma nasus
ERS31168237	host subject id	15Bue1003
ERS31168238	TITLE	Chondrostoma nasus x Parachondrostoma toxostoma caudal fin bacterial microbiota, Bue 2015, individual 1011
ERS31168238	collection date	2015-07-17
ERS31168238	geographic location (latitude)	44.262
ERS31168238	geographic location (longitude)	5.828
ERS31168238	geographic location (region and locality)	Confluence Buech-Meouge, Buech
ERS31168238	host common name	nasus x toxostoma
ERS31168238	host scientific name	Chondrostoma nasus x Parachondrostoma toxostoma
ERS31168238	host subject id	15Bue1011
ERS31168240	collection date	2014-08-12
ERS31168240	geographic location (latitude)	46.048
ERS31168240	geographic location (longitude)	5.324
ERS31168240	geographic location (region and locality)	Pont-d'Ain, Suran
ERS31168240	host subject id	14Ain1001
ERS31168241	collection date	2014-08-12
ERS31168241	geographic location (latitude)	46.264389
ERS31168241	geographic location (longitude)	5.429444
ERS31168241	geographic location (region and locality)	Chavannes-sur-Suran, Suran
ERS31168241	host subject id	14Ain1038
ERS31168242	TITLE	Chondrostoma nasus gill bacterial microbiota, Cab 2015, individual 1003
ERS31168242	collection date	2015-08-26
ERS31168242	geographic location (latitude)	46.048
ERS31168242	geographic location (longitude)	5.324
ERS31168242	geographic location (region and locality)	Pont-d'Ain, Suran
ERS31168242	host common name	nase
ERS31168242	host scientific name	Chondrostoma nasus
ERS31168242	host subject id	15Cab1003
ERS31168243	TITLE	Parachondrostoma toxostoma gill bacterial microbiota, Cab 2015, individual 1011
ERS31168243	collection date	2015-08-26
ERS31168243	geographic location (latitude)	46.264389
ERS31168243	geographic location (longitude)	5.429444
ERS31168243	geographic location (region and locality)	Chavannes-sur-Suran, Suran
ERS31168243	host common name	toxostome
ERS31168243	host scientific name	Parachondrostoma toxostoma
ERS31168243	host subject id	15Cab1011
ERS31168244	TITLE	Parachondrostoma toxostoma gill bacterial microbiota, Cab 2015, individual 1019
ERS31168244	collection date	2015-08-26
ERS31168244	geographic location (latitude)	46.264389
ERS31168244	geographic location (longitude)	5.429444
ERS31168244	geographic location (region and locality)	Chavannes-sur-Suran, Suran
ERS31168244	host common name	toxostome
ERS31168244	host scientific name	Parachondrostoma toxostoma
ERS31168244	host subject id	15Cab1019
ERS31168245	collection date	2014-07-17
ERS31168245	geographic location (latitude)	43.913
ERS31168245	geographic location (longitude)	4.820722
ERS31168245	geographic location (region and locality)	Avignon, Durance
ERS31168245	host subject id	14Avi1008
ERS31168246	collection date	2014-07-03
ERS31168246	geographic location (latitude)	44.262
ERS31168246	geographic location (longitude)	5.828
ERS31168246	geographic location (region and locality)	Confluence Buech-Meouge, Buech
ERS31168246	host subject id	14Bue1005
ERS31168247	TITLE	Parachondrostoma toxostoma gill bacterial microbiota, Bue 2014, individual 1014
ERS31168247	collection date	2014-07-03
ERS31168247	geographic location (latitude)	44.262
ERS31168247	geographic location (longitude)	5.828
ERS31168247	geographic location (region and locality)	Confluence Buech-Meouge, Buech
ERS31168247	host common name	toxostome
ERS31168247	host scientific name	Parachondrostoma toxostoma
ERS31168247	host subject id	14Bue1014
ERS31168248	TITLE	Chondrostoma nasus x Parachondrostoma toxostoma gill bacterial microbiota, Man 2014, individual 1011
ERS31168248	collection date	2014-07-23
ERS31168248	geographic location (latitude)	43.919667
ERS31168248	geographic location (longitude)	5.896278
ERS31168248	geographic location (region and locality)	Manosque-Oraison, Durance
ERS31168248	host common name	nasus x toxostoma
ERS31168248	host scientific name	Chondrostoma nasus x Parachondrostoma toxostoma
ERS31168248	host subject id	14Man1011
ERS31168249	TITLE	Parachondrostoma toxostoma gill bacterial microbiota, Man 2014, individual 1019
ERS31168249	collection date	2014-07-23
ERS31168249	geographic location (latitude)	43.919667
ERS31168249	geographic location (longitude)	5.896278
ERS31168249	geographic location (region and locality)	Manosque-Oraison, Durance
ERS31168249	host common name	toxostome
ERS31168249	host scientific name	Parachondrostoma toxostoma
ERS31168249	host subject id	14Man1019
ERS31168250	TITLE	Parachondrostoma toxostoma gill bacterial microbiota, Per 2014, individual 2011
ERS31168250	collection date	2014-08-20
ERS31168250	geographic location (latitude)	43.668139
ERS31168250	geographic location (longitude)	5.493
ERS31168250	geographic location (region and locality)	Pertuis, Durance
ERS31168250	host common name	toxostome
ERS31168250	host scientific name	Parachondrostoma toxostoma
ERS31168250	host subject id	14Per2011
ERS31168251	TITLE	Parachondrostoma toxostoma gill bacterial microbiota, Per 2014, individual 2011
ERS31168251	collection date	2014-08-20
ERS31168251	geographic location (latitude)	43.668139
ERS31168251	geographic location (longitude)	5.493
ERS31168251	geographic location (region and locality)	Pertuis, Durance
ERS31168251	host common name	toxostome
ERS31168251	host scientific name	Parachondrostoma toxostoma
ERS31168251	host subject id	14Per2011
ERS31168252	collection date	2014-08-12
ERS31168252	geographic location (latitude)	46.048
ERS31168252	geographic location (longitude)	5.324
ERS31168252	geographic location (region and locality)	Pont-d'Ain, Suran
ERS31168252	host subject id	14Ain1002
ERS31168253	collection date	2014-08-12
ERS31168253	geographic location (latitude)	46.264389
ERS31168253	geographic location (longitude)	5.429444
ERS31168253	geographic location (region and locality)	Chavannes-sur-Suran, Suran
ERS31168253	host subject id	14Ain1039
ERS31168254	TITLE	Chondrostoma nasus gill bacterial microbiota, Cab 2015, individual 1004
ERS31168254	collection date	2015-08-26
ERS31168254	geographic location (latitude)	46.048
ERS31168254	geographic location (longitude)	5.324
ERS31168254	geographic location (region and locality)	Pont-d'Ain, Suran
ERS31168254	host common name	nase
ERS31168254	host scientific name	Chondrostoma nasus
ERS31168254	host subject id	15Cab1004
ERS31168255	TITLE	Parachondrostoma toxostoma gill bacterial microbiota, Cab 2015, individual 1012
ERS31168255	collection date	2015-08-26
ERS31168255	geographic location (latitude)	46.264389
ERS31168255	geographic location (longitude)	5.429444
ERS31168255	geographic location (region and locality)	Chavannes-sur-Suran, Suran
ERS31168255	host common name	toxostome
ERS31168255	host scientific name	Parachondrostoma toxostoma
ERS31168255	host subject id	15Cab1012
ERS31168256	collection date	2014-07-17
ERS31168256	geographic location (latitude)	43.913
ERS31168256	geographic location (longitude)	4.820722
ERS31168256	geographic location (region and locality)	Avignon, Durance
ERS31168256	host subject id	14Avi1001
ERS31168257	collection date	2014-07-17
ERS31168257	geographic location (latitude)	43.913
ERS31168257	geographic location (longitude)	4.820722
ERS31168257	geographic location (region and locality)	Avignon, Durance
ERS31168257	host subject id	14Avi1036
ERS31168258	TITLE	Chondrostoma nasus x Parachondrostoma toxostoma gill bacterial microbiota, Bue 2014, individual 1006
ERS31168258	collection date	2014-07-03
ERS31168258	geographic location (latitude)	44.262
ERS31168258	geographic location (longitude)	5.828
ERS31168258	geographic location (region and locality)	Confluence Buech-Meouge, Buech
ERS31168258	host common name	nasus x toxostoma
ERS31168258	host scientific name	Chondrostoma nasus x Parachondrostoma toxostoma
ERS31168258	host subject id	14Bue1006
ERS31168259	TITLE	Parachondrostoma toxostoma gill bacterial microbiota, Bue 2014, individual 1015
ERS31168259	collection date	2014-07-03
ERS31168259	geographic location (latitude)	44.262
ERS31168259	geographic location (longitude)	5.828
ERS31168259	geographic location (region and locality)	Confluence Buech-Meouge, Buech
ERS31168259	host common name	toxostome
ERS31168259	host scientific name	Parachondrostoma toxostoma
ERS31168259	host subject id	14Bue1015
ERS31168260	TITLE	Parachondrostoma toxostoma gill bacterial microbiota, Man 2014, individual 1012
ERS31168260	collection date	2014-07-23
ERS31168260	geographic location (latitude)	43.919667
ERS31168260	geographic location (longitude)	5.896278
ERS31168260	geographic location (region and locality)	Manosque-Oraison, Durance
ERS31168260	host common name	toxostome
ERS31168260	host scientific name	Parachondrostoma toxostoma
ERS31168260	host subject id	14Man1012
ERS31168261	TITLE	Chondrostoma nasus x Parachondrostoma toxostoma gill bacterial microbiota, Man 2014, individual 1020
ERS31168261	collection date	2014-07-23
ERS31168261	geographic location (latitude)	43.919667
ERS31168261	geographic location (longitude)	5.896278
ERS31168261	geographic location (region and locality)	Manosque-Oraison, Durance
ERS31168261	host common name	nasus x toxostoma
ERS31168261	host scientific name	Chondrostoma nasus x Parachondrostoma toxostoma
ERS31168261	host subject id	14Man1020
ERS31168262	TITLE	Parachondrostoma toxostoma gill bacterial microbiota, Per 2014, individual 2012
ERS31168262	collection date	2014-08-20
ERS31168262	geographic location (latitude)	43.668139
ERS31168262	geographic location (longitude)	5.493
ERS31168262	geographic location (region and locality)	Pertuis, Durance
ERS31168262	host common name	toxostome
ERS31168262	host scientific name	Parachondrostoma toxostoma
ERS31168262	host subject id	14Per2012
ERS31168263	TITLE	Parachondrostoma toxostoma gill bacterial microbiota, Per 2014, individual 2012
ERS31168263	collection date	2014-08-20
ERS31168263	geographic location (latitude)	43.668139
ERS31168263	geographic location (longitude)	5.493
ERS31168263	geographic location (region and locality)	Pertuis, Durance
ERS31168263	host common name	toxostome
ERS31168263	host scientific name	Parachondrostoma toxostoma
ERS31168263	host subject id	14Per2012
ERS31168264	collection date	2014-08-12
ERS31168264	geographic location (latitude)	46.264389
ERS31168264	geographic location (longitude)	5.429444
ERS31168264	geographic location (region and locality)	Chavannes-sur-Suran, Suran
ERS31168264	host subject id	14Ain1011
ERS31168265	collection date	2014-08-12
ERS31168265	geographic location (latitude)	46.264389
ERS31168265	geographic location (longitude)	5.429444
ERS31168265	geographic location (region and locality)	Chavannes-sur-Suran, Suran
ERS31168265	host subject id	14Ain1040
ERS31168266	TITLE	Chondrostoma nasus gill bacterial microbiota, Cab 2015, individual 1005
ERS31168266	collection date	2015-08-26
ERS31168266	geographic location (latitude)	46.048
ERS31168266	geographic location (longitude)	5.324
ERS31168266	geographic location (region and locality)	Pont-d'Ain, Suran
ERS31168266	host common name	nase
ERS31168266	host scientific name	Chondrostoma nasus
ERS31168266	host subject id	15Cab1005
ERS31168267	TITLE	Parachondrostoma toxostoma gill bacterial microbiota, Cab 2015, individual 1013
ERS31168267	collection date	2015-08-26
ERS31168267	geographic location (latitude)	46.264389
ERS31168267	geographic location (longitude)	5.429444
ERS31168267	geographic location (region and locality)	Chavannes-sur-Suran, Suran
ERS31168267	host common name	toxostome
ERS31168267	host scientific name	Parachondrostoma toxostoma
ERS31168267	host subject id	15Cab1013
ERS31168268	collection date	2014-07-17
ERS31168268	geographic location (latitude)	43.913
ERS31168268	geographic location (longitude)	4.820722
ERS31168268	geographic location (region and locality)	Avignon, Durance
ERS31168268	host subject id	14Avi1002
ERS31168269	collection date	2014-07-17
ERS31168269	geographic location (latitude)	43.913
ERS31168269	geographic location (longitude)	4.820722
ERS31168269	geographic location (region and locality)	Avignon, Durance
ERS31168269	host subject id	14Avi1037
ERS31168270	TITLE	Chondrostoma nasus x Parachondrostoma toxostoma gill bacterial microbiota, Bue 2014, individual 1006
ERS31168270	collection date	2014-07-03
ERS31168270	geographic location (latitude)	44.262
ERS31168270	geographic location (longitude)	5.828
ERS31168270	geographic location (region and locality)	Confluence Buech-Meouge, Buech
ERS31168270	host common name	nasus x toxostoma
ERS31168270	host scientific name	Chondrostoma nasus x Parachondrostoma toxostoma
ERS31168270	host subject id	14Bue1006
ERS31168271	TITLE	Parachondrostoma toxostoma gill bacterial microbiota, Bue 2014, individual 1017
ERS31168271	collection date	2014-07-03
ERS31168271	geographic location (latitude)	44.262
ERS31168271	geographic location (longitude)	5.828
ERS31168271	geographic location (region and locality)	Confluence Buech-Meouge, Buech
ERS31168271	host common name	toxostome
ERS31168271	host scientific name	Parachondrostoma toxostoma
ERS31168271	host subject id	14Bue1017
ERS31168272	TITLE	Parachondrostoma toxostoma gill bacterial microbiota, Man 2014, individual 1013
ERS31168272	collection date	2014-07-23
ERS31168272	geographic location (latitude)	43.919667
ERS31168272	geographic location (longitude)	5.896278
ERS31168272	geographic location (region and locality)	Manosque-Oraison, Durance
ERS31168272	host common name	toxostome
ERS31168272	host scientific name	Parachondrostoma toxostoma
ERS31168272	host subject id	14Man1013
ERS31168273	TITLE	Chondrostoma nasus x Parachondrostoma toxostoma gill bacterial microbiota, Man 2014, individual 1021
ERS31168273	collection date	2014-07-23
ERS31168273	geographic location (latitude)	43.919667
ERS31168273	geographic location (longitude)	5.896278
ERS31168273	geographic location (region and locality)	Manosque-Oraison, Durance
ERS31168273	host common name	nasus x toxostoma
ERS31168273	host scientific name	Chondrostoma nasus x Parachondrostoma toxostoma
ERS31168273	host subject id	14Man1021
ERS31168274	TITLE	Chondrostoma nasus x Parachondrostoma toxostoma gill bacterial microbiota, Per 2014, individual 2013
ERS31168274	collection date	2014-08-20
ERS31168274	geographic location (latitude)	43.668139
ERS31168274	geographic location (longitude)	5.493
ERS31168274	geographic location (region and locality)	Pertuis, Durance
ERS31168274	host common name	nasus x toxostoma
ERS31168274	host scientific name	Chondrostoma nasus x Parachondrostoma toxostoma
ERS31168274	host subject id	14Per2013
ERS31168276	collection date	2014-08-12
ERS31168276	geographic location (latitude)	46.264389
ERS31168276	geographic location (longitude)	5.429444
ERS31168276	geographic location (region and locality)	Chavannes-sur-Suran, Suran
ERS31168276	host subject id	14Ain1012
ERS31168277	collection date	2014-08-12
ERS31168277	geographic location (latitude)	46.264389
ERS31168277	geographic location (longitude)	5.429444
ERS31168277	geographic location (region and locality)	Chavannes-sur-Suran, Suran
ERS31168277	host subject id	14Ain1041
ERS31168278	TITLE	Chondrostoma nasus gill bacterial microbiota, Cab 2015, individual 1006
ERS31168278	collection date	2015-08-26
ERS31168278	geographic location (latitude)	46.048
ERS31168278	geographic location (longitude)	5.324
ERS31168278	geographic location (region and locality)	Pont-d'Ain, Suran
ERS31168278	host common name	nase
ERS31168278	host scientific name	Chondrostoma nasus
ERS31168278	host subject id	15Cab1006
ERS31168279	TITLE	Parachondrostoma toxostoma gill bacterial microbiota, Cab 2015, individual 1014
ERS31168279	collection date	2015-08-26
ERS31168279	geographic location (latitude)	46.264389
ERS31168279	geographic location (longitude)	5.429444
ERS31168279	geographic location (region and locality)	Chavannes-sur-Suran, Suran
ERS31168279	host common name	toxostome
ERS31168279	host scientific name	Parachondrostoma toxostoma
ERS31168279	host subject id	15Cab1014
ERS31168280	collection date	2014-07-17
ERS31168280	geographic location (latitude)	43.913
ERS31168280	geographic location (longitude)	4.820722
ERS31168280	geographic location (region and locality)	Avignon, Durance
ERS31168280	host subject id	14Avi1003
ERS31168281	collection date	2014-07-17
ERS31168281	geographic location (latitude)	43.913
ERS31168281	geographic location (longitude)	4.820722
ERS31168281	geographic location (region and locality)	Avignon, Durance
ERS31168281	host subject id	14Avi1038
ERS31168282	collection date	2014-07-03
ERS31168282	geographic location (latitude)	44.262
ERS31168282	geographic location (longitude)	5.828
ERS31168282	geographic location (region and locality)	Confluence Buech-Meouge, Buech
ERS31168282	host subject id	14Bue1007
ERS31168283	TITLE	Parachondrostoma toxostoma gill bacterial microbiota, Bue 2014, individual 1018
ERS31168283	collection date	2014-07-03
ERS31168283	geographic location (latitude)	44.262
ERS31168283	geographic location (longitude)	5.828
ERS31168283	geographic location (region and locality)	Confluence Buech-Meouge, Buech
ERS31168283	host common name	toxostome
ERS31168283	host scientific name	Parachondrostoma toxostoma
ERS31168283	host subject id	14Bue1018
ERS31168284	TITLE	Parachondrostoma toxostoma gill bacterial microbiota, Man 2014, individual 1014
ERS31168284	collection date	2014-07-23
ERS31168284	geographic location (latitude)	43.919667
ERS31168284	geographic location (longitude)	5.896278
ERS31168284	geographic location (region and locality)	Manosque-Oraison, Durance
ERS31168284	host common name	toxostome
ERS31168284	host scientific name	Parachondrostoma toxostoma
ERS31168284	host subject id	14Man1014
ERS31168285	TITLE	Parachondrostoma toxostoma gill bacterial microbiota, Man 2014, individual 1022
ERS31168285	collection date	2014-07-23
ERS31168285	geographic location (latitude)	43.919667
ERS31168285	geographic location (longitude)	5.896278
ERS31168285	geographic location (region and locality)	Manosque-Oraison, Durance
ERS31168285	host common name	toxostome
ERS31168285	host scientific name	Parachondrostoma toxostoma
ERS31168285	host subject id	14Man1022
ERS31168286	TITLE	Parachondrostoma toxostoma gill bacterial microbiota, Per 2014, individual 2014
ERS31168286	collection date	2014-08-20
ERS31168286	geographic location (latitude)	43.668139
ERS31168286	geographic location (longitude)	5.493
ERS31168286	geographic location (region and locality)	Pertuis, Durance
ERS31168286	host common name	toxostome
ERS31168286	host scientific name	Parachondrostoma toxostoma
ERS31168286	host subject id	14Per2014
ERS31168288	collection date	2014-08-12
ERS31168288	geographic location (latitude)	46.264389
ERS31168288	geographic location (longitude)	5.429444
ERS31168288	geographic location (region and locality)	Chavannes-sur-Suran, Suran
ERS31168288	host subject id	14Ain1013
ERS31168289	collection date	2014-08-12
ERS31168289	geographic location (latitude)	46.264389
ERS31168289	geographic location (longitude)	5.429444
ERS31168289	geographic location (region and locality)	Chavannes-sur-Suran, Suran
ERS31168289	host subject id	14Ain1042
ERS31168290	TITLE	Chondrostoma nasus gill bacterial microbiota, Cab 2015, individual 1007
ERS31168290	collection date	2015-08-26
ERS31168290	geographic location (latitude)	46.048
ERS31168290	geographic location (longitude)	5.324
ERS31168290	geographic location (region and locality)	Pont-d'Ain, Suran
ERS31168290	host common name	nase
ERS31168290	host scientific name	Chondrostoma nasus
ERS31168290	host subject id	15Cab1007
ERS31168291	TITLE	Parachondrostoma toxostoma gill bacterial microbiota, Cab 2015, individual 1015
ERS31168291	collection date	2015-08-26
ERS31168291	geographic location (latitude)	46.264389
ERS31168291	geographic location (longitude)	5.429444
ERS31168291	geographic location (region and locality)	Chavannes-sur-Suran, Suran
ERS31168291	host common name	toxostome
ERS31168291	host scientific name	Parachondrostoma toxostoma
ERS31168291	host subject id	15Cab1015
ERS31168292	collection date	2014-07-17
ERS31168292	geographic location (latitude)	43.913
ERS31168292	geographic location (longitude)	4.820722
ERS31168292	geographic location (region and locality)	Avignon, Durance
ERS31168292	host subject id	14Avi1004
ERS31168293	collection date	2014-07-03
ERS31168293	geographic location (latitude)	44.262
ERS31168293	geographic location (longitude)	5.828
ERS31168293	geographic location (region and locality)	Confluence Buech-Meouge, Buech
ERS31168293	host subject id	14Bue1001
ERS31168294	collection date	2014-07-03
ERS31168294	geographic location (latitude)	44.262
ERS31168294	geographic location (longitude)	5.828
ERS31168294	geographic location (region and locality)	Confluence Buech-Meouge, Buech
ERS31168294	host subject id	14Bue1008
ERS31168295	TITLE	Parachondrostoma toxostoma gill bacterial microbiota, Bue 2014, individual 1019
ERS31168295	collection date	2014-07-03
ERS31168295	geographic location (latitude)	44.262
ERS31168295	geographic location (longitude)	5.828
ERS31168295	geographic location (region and locality)	Confluence Buech-Meouge, Buech
ERS31168295	host common name	toxostome
ERS31168295	host scientific name	Parachondrostoma toxostoma
ERS31168295	host subject id	14Bue1019
ERS31168296	TITLE	Parachondrostoma toxostoma gill bacterial microbiota, Man 2014, individual 1015
ERS31168296	collection date	2014-07-23
ERS31168296	geographic location (latitude)	43.919667
ERS31168296	geographic location (longitude)	5.896278
ERS31168296	geographic location (region and locality)	Manosque-Oraison, Durance
ERS31168296	host common name	toxostome
ERS31168296	host scientific name	Parachondrostoma toxostoma
ERS31168296	host subject id	14Man1015
ERS31168297	TITLE	Parachondrostoma toxostoma gill bacterial microbiota, Per 2014, individual 1011
ERS31168297	collection date	2014-07-07
ERS31168297	geographic location (latitude)	43.668139
ERS31168297	geographic location (longitude)	5.493
ERS31168297	geographic location (region and locality)	Pertuis, Durance
ERS31168297	host common name	toxostome
ERS31168297	host scientific name	Parachondrostoma toxostoma
ERS31168297	host subject id	14Per1011
ERS31168298	TITLE	Parachondrostoma toxostoma gill bacterial microbiota, Per 2014, individual 2015
ERS31168298	collection date	2014-08-20
ERS31168298	geographic location (latitude)	43.668139
ERS31168298	geographic location (longitude)	5.493
ERS31168298	geographic location (region and locality)	Pertuis, Durance
ERS31168298	host common name	toxostome
ERS31168298	host scientific name	Parachondrostoma toxostoma
ERS31168298	host subject id	14Per2015
ERS31168300	collection date	2014-08-12
ERS31168300	geographic location (latitude)	46.264389
ERS31168300	geographic location (longitude)	5.429444
ERS31168300	geographic location (region and locality)	Chavannes-sur-Suran, Suran
ERS31168300	host subject id	14Ain1014
ERS31168301	collection date	2014-08-12
ERS31168301	geographic location (latitude)	46.264389
ERS31168301	geographic location (longitude)	5.429444
ERS31168301	geographic location (region and locality)	Chavannes-sur-Suran, Suran
ERS31168301	host subject id	14Ain1043
ERS31168302	TITLE	Chondrostoma nasus gill bacterial microbiota, Cab 2015, individual 1008
ERS31168302	collection date	2015-08-26
ERS31168302	geographic location (latitude)	46.048
ERS31168302	geographic location (longitude)	5.324
ERS31168302	geographic location (region and locality)	Pont-d'Ain, Suran
ERS31168302	host common name	nase
ERS31168302	host scientific name	Chondrostoma nasus
ERS31168302	host subject id	15Cab1008
ERS31168303	TITLE	Parachondrostoma toxostoma gill bacterial microbiota, Cab 2015, individual 1016
ERS31168303	collection date	2015-08-26
ERS31168303	geographic location (latitude)	46.264389
ERS31168303	geographic location (longitude)	5.429444
ERS31168303	geographic location (region and locality)	Chavannes-sur-Suran, Suran
ERS31168303	host common name	toxostome
ERS31168303	host scientific name	Parachondrostoma toxostoma
ERS31168303	host subject id	15Cab1016
ERS31168304	collection date	2014-07-17
ERS31168304	geographic location (latitude)	43.913
ERS31168304	geographic location (longitude)	4.820722
ERS31168304	geographic location (region and locality)	Avignon, Durance
ERS31168304	host subject id	14Avi1005
ERS31168305	collection date	2014-07-03
ERS31168305	geographic location (latitude)	44.262
ERS31168305	geographic location (longitude)	5.828
ERS31168305	geographic location (region and locality)	Confluence Buech-Meouge, Buech
ERS31168305	host subject id	14Bue1002
ERS31168306	TITLE	Parachondrostoma toxostoma gill bacterial microbiota, Bue 2014, individual 1011
ERS31168306	collection date	2014-07-03
ERS31168306	geographic location (latitude)	44.262
ERS31168306	geographic location (longitude)	5.828
ERS31168306	geographic location (region and locality)	Confluence Buech-Meouge, Buech
ERS31168306	host common name	toxostome
ERS31168306	host scientific name	Parachondrostoma toxostoma
ERS31168306	host subject id	14Bue1011
ERS31168307	TITLE	Parachondrostoma toxostoma gill bacterial microbiota, Man 2014, individual 1001
ERS31168307	collection date	2014-07-23
ERS31168307	geographic location (latitude)	43.919667
ERS31168307	geographic location (longitude)	5.896278
ERS31168307	geographic location (region and locality)	Manosque-Oraison, Durance
ERS31168307	host common name	toxostome
ERS31168307	host scientific name	Parachondrostoma toxostoma
ERS31168307	host subject id	14Man1001
ERS31168308	TITLE	Parachondrostoma toxostoma gill bacterial microbiota, Man 2014, individual 1016
ERS31168308	collection date	2014-07-23
ERS31168308	geographic location (latitude)	43.919667
ERS31168308	geographic location (longitude)	5.896278
ERS31168308	geographic location (region and locality)	Manosque-Oraison, Durance
ERS31168308	host common name	toxostome
ERS31168308	host scientific name	Parachondrostoma toxostoma
ERS31168308	host subject id	14Man1016
ERS31168309	TITLE	Parachondrostoma toxostoma gill bacterial microbiota, Per 2014, individual 1012
ERS31168309	collection date	2014-07-07
ERS31168309	geographic location (latitude)	43.668139
ERS31168309	geographic location (longitude)	5.493
ERS31168309	geographic location (region and locality)	Pertuis, Durance
ERS31168309	host common name	toxostome
ERS31168309	host scientific name	Parachondrostoma toxostoma
ERS31168309	host subject id	14Per1012
ERS31168312	collection date	2014-08-12
ERS31168312	geographic location (latitude)	46.048
ERS31168312	geographic location (longitude)	5.324
ERS31168312	geographic location (region and locality)	Pont-d'Ain, Suran
ERS31168312	host subject id	14Ain1036
ERS31168313	TITLE	Chondrostoma nasus gill bacterial microbiota, Cab 2015, individual 1001
ERS31168313	collection date	2015-08-26
ERS31168313	geographic location (latitude)	46.048
ERS31168313	geographic location (longitude)	5.324
ERS31168313	geographic location (region and locality)	Pont-d'Ain, Suran
ERS31168313	host common name	nase
ERS31168313	host scientific name	Chondrostoma nasus
ERS31168313	host subject id	15Cab1001
ERS31168314	TITLE	Chondrostoma nasus x Parachondrostoma toxostoma gill bacterial microbiota, Cab 2015, individual 1009
ERS31168314	collection date	2015-08-26
ERS31168314	geographic location (latitude)	46.048
ERS31168314	geographic location (longitude)	5.324
ERS31168314	geographic location (region and locality)	Pont-d'Ain, Suran
ERS31168314	host common name	nasus x toxostoma
ERS31168314	host scientific name	Chondrostoma nasus x Parachondrostoma toxostoma
ERS31168314	host subject id	15Cab1009
ERS31168315	TITLE	Parachondrostoma toxostoma gill bacterial microbiota, Cab 2015, individual 1017
ERS31168315	collection date	2015-08-26
ERS31168315	geographic location (latitude)	46.264389
ERS31168315	geographic location (longitude)	5.429444
ERS31168315	geographic location (region and locality)	Chavannes-sur-Suran, Suran
ERS31168315	host common name	toxostome
ERS31168315	host scientific name	Parachondrostoma toxostoma
ERS31168315	host subject id	15Cab1017
ERS31168316	collection date	2014-07-17
ERS31168316	geographic location (latitude)	43.913
ERS31168316	geographic location (longitude)	4.820722
ERS31168316	geographic location (region and locality)	Avignon, Durance
ERS31168316	host subject id	14Avi1006
ERS31168317	collection date	2014-07-03
ERS31168317	geographic location (latitude)	44.262
ERS31168317	geographic location (longitude)	5.828
ERS31168317	geographic location (region and locality)	Confluence Buech-Meouge, Buech
ERS31168317	host subject id	14Bue1003
ERS31168318	TITLE	Parachondrostoma toxostoma gill bacterial microbiota, Bue 2014, individual 1012
ERS31168318	collection date	2014-07-03
ERS31168318	geographic location (latitude)	44.262
ERS31168318	geographic location (longitude)	5.828
ERS31168318	geographic location (region and locality)	Confluence Buech-Meouge, Buech
ERS31168318	host common name	toxostome
ERS31168318	host scientific name	Parachondrostoma toxostoma
ERS31168318	host subject id	14Bue1012
ERS31168319	TITLE	Chondrostoma nasus x Parachondrostoma toxostoma gill bacterial microbiota, Man 2014, individual 1002
ERS31168319	collection date	2014-07-23
ERS31168319	geographic location (latitude)	43.919667
ERS31168319	geographic location (longitude)	5.896278
ERS31168319	geographic location (region and locality)	Manosque-Oraison, Durance
ERS31168319	host common name	nasus x toxostoma
ERS31168319	host scientific name	Chondrostoma nasus x Parachondrostoma toxostoma
ERS31168319	host subject id	14Man1002
ERS31168320	TITLE	Parachondrostoma toxostoma gill bacterial microbiota, Man 2014, individual 1017
ERS31168320	collection date	2014-07-23
ERS31168320	geographic location (latitude)	43.919667
ERS31168320	geographic location (longitude)	5.896278
ERS31168320	geographic location (region and locality)	Manosque-Oraison, Durance
ERS31168320	host common name	toxostome
ERS31168320	host scientific name	Parachondrostoma toxostoma
ERS31168320	host subject id	14Man1017
ERS31168321	TITLE	Parachondrostoma toxostoma gill bacterial microbiota, Per 2014, individual 1013
ERS31168321	collection date	2014-07-07
ERS31168321	geographic location (latitude)	43.668139
ERS31168321	geographic location (longitude)	5.493
ERS31168321	geographic location (region and locality)	Pertuis, Durance
ERS31168321	host common name	toxostome
ERS31168321	host scientific name	Parachondrostoma toxostoma
ERS31168321	host subject id	14Per1013
ERS31168324	collection date	2014-08-12
ERS31168324	geographic location (latitude)	46.048
ERS31168324	geographic location (longitude)	5.324
ERS31168324	geographic location (region and locality)	Pont-d'Ain, Suran
ERS31168324	host subject id	14Ain1037
ERS31168325	TITLE	Chondrostoma nasus gill bacterial microbiota, Cab 2015, individual 1002
ERS31168325	collection date	2015-08-26
ERS31168325	geographic location (latitude)	46.048
ERS31168325	geographic location (longitude)	5.324
ERS31168325	geographic location (region and locality)	Pont-d'Ain, Suran
ERS31168325	host common name	nase
ERS31168325	host scientific name	Chondrostoma nasus
ERS31168325	host subject id	15Cab1002
ERS31168326	TITLE	Chondrostoma nasus x Parachondrostoma toxostoma gill bacterial microbiota, Cab 2015, individual 1010
ERS31168326	collection date	2015-08-26
ERS31168326	geographic location (latitude)	46.048
ERS31168326	geographic location (longitude)	5.324
ERS31168326	geographic location (region and locality)	Pont-d'Ain, Suran
ERS31168326	host common name	nasus x toxostoma
ERS31168326	host scientific name	Chondrostoma nasus x Parachondrostoma toxostoma
ERS31168326	host subject id	15Cab1010
ERS31168327	TITLE	Parachondrostoma toxostoma gill bacterial microbiota, Cab 2015, individual 1018
ERS31168327	collection date	2015-08-26
ERS31168327	geographic location (latitude)	46.264389
ERS31168327	geographic location (longitude)	5.429444
ERS31168327	geographic location (region and locality)	Chavannes-sur-Suran, Suran
ERS31168327	host common name	toxostome
ERS31168327	host scientific name	Parachondrostoma toxostoma
ERS31168327	host subject id	15Cab1018
ERS31168328	collection date	2014-07-17
ERS31168328	geographic location (latitude)	43.913
ERS31168328	geographic location (longitude)	4.820722
ERS31168328	geographic location (region and locality)	Avignon, Durance
ERS31168328	host subject id	14Avi1007
ERS31168329	collection date	2014-07-03
ERS31168329	geographic location (latitude)	44.262
ERS31168329	geographic location (longitude)	5.828
ERS31168329	geographic location (region and locality)	Confluence Buech-Meouge, Buech
ERS31168329	host subject id	14Bue1004
ERS31168330	TITLE	Parachondrostoma toxostoma gill bacterial microbiota, Bue 2014, individual 1013
ERS31168330	collection date	2014-07-03
ERS31168330	geographic location (latitude)	44.262
ERS31168330	geographic location (longitude)	5.828
ERS31168330	geographic location (region and locality)	Confluence Buech-Meouge, Buech
ERS31168330	host common name	toxostome
ERS31168330	host scientific name	Parachondrostoma toxostoma
ERS31168330	host subject id	14Bue1013
ERS31168331	TITLE	Chondrostoma nasus x Parachondrostoma toxostoma gill bacterial microbiota, Man 2014, individual 1010
ERS31168331	collection date	2014-07-23
ERS31168331	geographic location (latitude)	43.919667
ERS31168331	geographic location (longitude)	5.896278
ERS31168331	geographic location (region and locality)	Manosque-Oraison, Durance
ERS31168331	host common name	nasus x toxostoma
ERS31168331	host scientific name	Chondrostoma nasus x Parachondrostoma toxostoma
ERS31168331	host subject id	14Man1010
ERS31168332	TITLE	Parachondrostoma toxostoma gill bacterial microbiota, Man 2014, individual 1018
ERS31168332	collection date	2014-07-23
ERS31168332	geographic location (latitude)	43.919667
ERS31168332	geographic location (longitude)	5.896278
ERS31168332	geographic location (region and locality)	Manosque-Oraison, Durance
ERS31168332	host common name	toxostome
ERS31168332	host scientific name	Parachondrostoma toxostoma
ERS31168332	host subject id	14Man1018
ERS31168333	TITLE	Parachondrostoma toxostoma gill bacterial microbiota, Per 2014, individual 1014
ERS31168333	collection date	2014-07-07
ERS31168333	geographic location (latitude)	43.668139
ERS31168333	geographic location (longitude)	5.493
ERS31168333	geographic location (region and locality)	Pertuis, Durance
ERS31168333	host common name	toxostome
ERS31168333	host scientific name	Parachondrostoma toxostoma
ERS31168333	host subject id	14Per1014
ERS31168336	TITLE	Parachondrostoma toxostoma gill bacterial microbiota, Bau 2015, individual 1001
ERS31168336	collection date	2015-07-22
ERS31168336	geographic location (latitude)	44.475
ERS31168336	geographic location (longitude)	4.264
ERS31168336	geographic location (region and locality)	Rosieres, Beaume
ERS31168336	host common name	toxostome
ERS31168336	host scientific name	Parachondrostoma toxostoma
ERS31168336	host subject id	15Bau1001
ERS31168337	TITLE	Parachondrostoma toxostoma gill bacterial microbiota, Bau 2015, individual 1009
ERS31168337	collection date	2015-07-22
ERS31168337	geographic location (latitude)	44.475
ERS31168337	geographic location (longitude)	4.264
ERS31168337	geographic location (region and locality)	Rosieres, Beaume
ERS31168337	host common name	toxostome
ERS31168337	host scientific name	Parachondrostoma toxostoma
ERS31168337	host subject id	15Bau1009
ERS31168338	TITLE	Parachondrostoma toxostoma gill bacterial microbiota, Bau 2015, individual 1017
ERS31168338	collection date	2015-07-22
ERS31168338	geographic location (latitude)	44.475
ERS31168338	geographic location (longitude)	4.264
ERS31168338	geographic location (region and locality)	Rosieres, Beaume
ERS31168338	host common name	toxostome
ERS31168338	host scientific name	Parachondrostoma toxostoma
ERS31168338	host subject id	15Bau1017
ERS31168339	TITLE	Parachondrostoma toxostoma gill bacterial microbiota, Bau 2015, individual 1025
ERS31168339	collection date	2015-07-22
ERS31168339	geographic location (latitude)	44.475
ERS31168339	geographic location (longitude)	4.264
ERS31168339	geographic location (region and locality)	Rosieres, Beaume
ERS31168339	host common name	toxostome
ERS31168339	host scientific name	Parachondrostoma toxostoma
ERS31168339	host subject id	15Bau1025
ERS31168340	TITLE	Parachondrostoma toxostoma gill bacterial microbiota, Jus 2015, individual 1008
ERS31168340	collection date	2015-07-21
ERS31168340	geographic location (latitude)	44.286
ERS31168340	geographic location (longitude)	4.597833
ERS31168340	geographic location (region and locality)	Saint-Just-d'Ardeche, Ardeche
ERS31168340	host common name	toxostome
ERS31168340	host scientific name	Parachondrostoma toxostoma
ERS31168340	host subject id	15Jus1008
ERS31168341	TITLE	Chondrostoma nasus x Parachondrostoma toxostoma gill bacterial microbiota, Jus 2015, individual 1016
ERS31168341	collection date	2015-07-21
ERS31168341	geographic location (latitude)	44.286
ERS31168341	geographic location (longitude)	4.597833
ERS31168341	geographic location (region and locality)	Saint-Just-d'Ardeche, Ardeche
ERS31168341	host common name	nasus x toxostoma
ERS31168341	host scientific name	Chondrostoma nasus x Parachondrostoma toxostoma
ERS31168341	host subject id	15Jus1016
ERS31168342	TITLE	Chondrostoma nasus gill bacterial microbiota, Caa 2015, individual 1005
ERS31168342	collection date	2015-09-08
ERS31168342	geographic location (latitude)	43.853389
ERS31168342	geographic location (longitude)	5.858444
ERS31168342	geographic location (region and locality)	Canal (usine du Largue), Canal
ERS31168342	host common name	nase
ERS31168342	host scientific name	Chondrostoma nasus
ERS31168342	host subject id	15Caa1005
ERS31168343	TITLE	Parachondrostoma toxostoma gill bacterial microbiota, Caa 2015, individual 1013
ERS31168343	collection date	2015-09-08
ERS31168343	geographic location (latitude)	43.853389
ERS31168343	geographic location (longitude)	5.858444
ERS31168343	geographic location (region and locality)	Canal (usine du Largue), Canal
ERS31168343	host common name	toxostome
ERS31168343	host scientific name	Parachondrostoma toxostoma
ERS31168343	host subject id	15Caa1013
ERS31168344	TITLE	Chondrostoma nasus x Parachondrostoma toxostoma gill bacterial microbiota, Avi 2015, individual 1001
ERS31168344	collection date	2015-07-10
ERS31168344	geographic location (latitude)	43.913
ERS31168344	geographic location (longitude)	4.820722
ERS31168344	geographic location (region and locality)	Avignon, Durance
ERS31168344	host common name	nasus x toxostoma
ERS31168344	host scientific name	Chondrostoma nasus x Parachondrostoma toxostoma
ERS31168344	host subject id	15Avi1001
ERS31168345	collection date	2015-07-10
ERS31168345	geographic location (latitude)	43.913
ERS31168345	geographic location (longitude)	4.820722
ERS31168345	geographic location (region and locality)	Avignon, Durance
ERS31168345	host subject id	15Avi1009
ERS31168346	TITLE	Parachondrostoma toxostoma gill bacterial microbiota, Bue 2015, individual 1004
ERS31168346	collection date	2015-07-17
ERS31168346	geographic location (latitude)	44.262
ERS31168346	geographic location (longitude)	5.828
ERS31168346	geographic location (region and locality)	Confluence Buech-Meouge, Buech
ERS31168346	host common name	toxostome
ERS31168346	host scientific name	Parachondrostoma toxostoma
ERS31168346	host subject id	15Bue1004
ERS31168347	TITLE	Chondrostoma nasus x Parachondrostoma toxostoma gill bacterial microbiota, Bue 2015, individual 1012
ERS31168347	collection date	2015-07-17
ERS31168347	geographic location (latitude)	44.262
ERS31168347	geographic location (longitude)	5.828
ERS31168347	geographic location (region and locality)	Confluence Buech-Meouge, Buech
ERS31168347	host common name	nasus x toxostoma
ERS31168347	host scientific name	Chondrostoma nasus x Parachondrostoma toxostoma
ERS31168347	host subject id	15Bue1012
ERS31168348	TITLE	Parachondrostoma toxostoma gill bacterial microbiota, Bau 2015, individual 1002
ERS31168348	collection date	2015-07-22
ERS31168348	geographic location (latitude)	44.475
ERS31168348	geographic location (longitude)	4.264
ERS31168348	geographic location (region and locality)	Rosieres, Beaume
ERS31168348	host common name	toxostome
ERS31168348	host scientific name	Parachondrostoma toxostoma
ERS31168348	host subject id	15Bau1002
ERS31168349	TITLE	Chondrostoma nasus x Parachondrostoma toxostoma gill bacterial microbiota, Bau 2015, individual 1010
ERS31168349	collection date	2015-07-22
ERS31168349	geographic location (latitude)	44.475
ERS31168349	geographic location (longitude)	4.264
ERS31168349	geographic location (region and locality)	Rosieres, Beaume
ERS31168349	host common name	nasus x toxostoma
ERS31168349	host scientific name	Chondrostoma nasus x Parachondrostoma toxostoma
ERS31168349	host subject id	15Bau1010
ERS31168350	TITLE	Parachondrostoma toxostoma gill bacterial microbiota, Bau 2015, individual 1018
ERS31168350	collection date	2015-07-22
ERS31168350	geographic location (latitude)	44.475
ERS31168350	geographic location (longitude)	4.264
ERS31168350	geographic location (region and locality)	Rosieres, Beaume
ERS31168350	host common name	toxostome
ERS31168350	host scientific name	Parachondrostoma toxostoma
ERS31168350	host subject id	15Bau1018
ERS31168351	TITLE	Parachondrostoma toxostoma gill bacterial microbiota, Jus 2015, individual 1001
ERS31168351	collection date	2015-07-21
ERS31168351	geographic location (latitude)	44.286
ERS31168351	geographic location (longitude)	4.597833
ERS31168351	geographic location (region and locality)	Saint-Just-d'Ardeche, Ardeche
ERS31168351	host common name	toxostome
ERS31168351	host scientific name	Parachondrostoma toxostoma
ERS31168351	host subject id	15Jus1001
ERS31168352	TITLE	Chondrostoma nasus x Parachondrostoma toxostoma gill bacterial microbiota, Jus 2015, individual 1009
ERS31168352	collection date	2015-07-21
ERS31168352	geographic location (latitude)	44.286
ERS31168352	geographic location (longitude)	4.597833
ERS31168352	geographic location (region and locality)	Saint-Just-d'Ardeche, Ardeche
ERS31168352	host common name	nasus x toxostoma
ERS31168352	host scientific name	Chondrostoma nasus x Parachondrostoma toxostoma
ERS31168352	host subject id	15Jus1009
ERS31168353	TITLE	Chondrostoma nasus gill bacterial microbiota, Jus 2015, individual 1017
ERS31168353	collection date	2015-07-21
ERS31168353	geographic location (latitude)	44.286
ERS31168353	geographic location (longitude)	4.597833
ERS31168353	geographic location (region and locality)	Saint-Just-d'Ardeche, Ardeche
ERS31168353	host common name	nase
ERS31168353	host scientific name	Chondrostoma nasus
ERS31168353	host subject id	15Jus1017
ERS31168354	TITLE	Chondrostoma nasus x Parachondrostoma toxostoma gill bacterial microbiota, Caa 2015, individual 1006
ERS31168354	collection date	2015-09-08
ERS31168354	geographic location (latitude)	43.853389
ERS31168354	geographic location (longitude)	5.858444
ERS31168354	geographic location (region and locality)	Canal (usine du Largue), Canal
ERS31168354	host common name	nasus x toxostoma
ERS31168354	host scientific name	Chondrostoma nasus x Parachondrostoma toxostoma
ERS31168354	host subject id	15Caa1006
ERS31168355	TITLE	Parachondrostoma toxostoma gill bacterial microbiota, Caa 2015, individual 1014
ERS31168355	collection date	2015-09-08
ERS31168355	geographic location (latitude)	43.853389
ERS31168355	geographic location (longitude)	5.858444
ERS31168355	geographic location (region and locality)	Canal (usine du Largue), Canal
ERS31168355	host common name	toxostome
ERS31168355	host scientific name	Parachondrostoma toxostoma
ERS31168355	host subject id	15Caa1014
ERS31168356	TITLE	Chondrostoma nasus x Parachondrostoma toxostoma gill bacterial microbiota, Avi 2015, individual 1002
ERS31168356	collection date	2015-07-10
ERS31168356	geographic location (latitude)	43.913
ERS31168356	geographic location (longitude)	4.820722
ERS31168356	geographic location (region and locality)	Avignon, Durance
ERS31168356	host common name	nasus x toxostoma
ERS31168356	host scientific name	Chondrostoma nasus x Parachondrostoma toxostoma
ERS31168356	host subject id	15Avi1002
ERS31168357	collection date	2015-07-10
ERS31168357	geographic location (latitude)	43.913
ERS31168357	geographic location (longitude)	4.820722
ERS31168357	geographic location (region and locality)	Avignon, Durance
ERS31168357	host subject id	15Avi1010
ERS31168358	TITLE	Chondrostoma nasus x Parachondrostoma toxostoma gill bacterial microbiota, Bue 2015, individual 1005
ERS31168358	collection date	2015-07-17
ERS31168358	geographic location (latitude)	44.262
ERS31168358	geographic location (longitude)	5.828
ERS31168358	geographic location (region and locality)	Confluence Buech-Meouge, Buech
ERS31168358	host common name	nasus x toxostoma
ERS31168358	host scientific name	Chondrostoma nasus x Parachondrostoma toxostoma
ERS31168358	host subject id	15Bue1005
ERS31168359	TITLE	Parachondrostoma toxostoma gill bacterial microbiota, Bue 2015, individual 1013
ERS31168359	collection date	2015-07-17
ERS31168359	geographic location (latitude)	44.262
ERS31168359	geographic location (longitude)	5.828
ERS31168359	geographic location (region and locality)	Confluence Buech-Meouge, Buech
ERS31168359	host common name	toxostome
ERS31168359	host scientific name	Parachondrostoma toxostoma
ERS31168359	host subject id	15Bue1013
ERS31168360	TITLE	Parachondrostoma toxostoma gill bacterial microbiota, Bau 2015, individual 1003
ERS31168360	collection date	2015-07-22
ERS31168360	geographic location (latitude)	44.475
ERS31168360	geographic location (longitude)	4.264
ERS31168360	geographic location (region and locality)	Rosieres, Beaume
ERS31168360	host common name	toxostome
ERS31168360	host scientific name	Parachondrostoma toxostoma
ERS31168360	host subject id	15Bau1003
ERS31168361	TITLE	Parachondrostoma toxostoma gill bacterial microbiota, Bau 2015, individual 1011
ERS31168361	collection date	2015-07-22
ERS31168361	geographic location (latitude)	44.475
ERS31168361	geographic location (longitude)	4.264
ERS31168361	geographic location (region and locality)	Rosieres, Beaume
ERS31168361	host common name	toxostome
ERS31168361	host scientific name	Parachondrostoma toxostoma
ERS31168361	host subject id	15Bau1011
ERS31168362	TITLE	Chondrostoma nasus x Parachondrostoma toxostoma gill bacterial microbiota, Bau 2015, individual 1019
ERS31168362	collection date	2015-07-22
ERS31168362	geographic location (latitude)	44.475
ERS31168362	geographic location (longitude)	4.264
ERS31168362	geographic location (region and locality)	Rosieres, Beaume
ERS31168362	host common name	nasus x toxostoma
ERS31168362	host scientific name	Chondrostoma nasus x Parachondrostoma toxostoma
ERS31168362	host subject id	15Bau1019
ERS31168363	TITLE	Chondrostoma nasus x Parachondrostoma toxostoma gill bacterial microbiota, Jus 2015, individual 1002
ERS31168363	collection date	2015-07-21
ERS31168363	geographic location (latitude)	44.286
ERS31168363	geographic location (longitude)	4.597833
ERS31168363	geographic location (region and locality)	Saint-Just-d'Ardeche, Ardeche
ERS31168363	host common name	nasus x toxostoma
ERS31168363	host scientific name	Chondrostoma nasus x Parachondrostoma toxostoma
ERS31168363	host subject id	15Jus1002
ERS31168364	TITLE	Chondrostoma nasus gill bacterial microbiota, Jus 2015, individual 1010
ERS31168364	collection date	2015-07-21
ERS31168364	geographic location (latitude)	44.286
ERS31168364	geographic location (longitude)	4.597833
ERS31168364	geographic location (region and locality)	Saint-Just-d'Ardeche, Ardeche
ERS31168364	host common name	nase
ERS31168364	host scientific name	Chondrostoma nasus
ERS31168364	host subject id	15Jus1010
ERS31168365	TITLE	Chondrostoma nasus gill bacterial microbiota, Jus 2015, individual 1018
ERS31168365	collection date	2015-07-21
ERS31168365	geographic location (latitude)	44.286
ERS31168365	geographic location (longitude)	4.597833
ERS31168365	geographic location (region and locality)	Saint-Just-d'Ardeche, Ardeche
ERS31168365	host common name	nase
ERS31168365	host scientific name	Chondrostoma nasus
ERS31168365	host subject id	15Jus1018
ERS31168366	TITLE	Chondrostoma nasus gill bacterial microbiota, Caa 2015, individual 1007
ERS31168366	collection date	2015-09-08
ERS31168366	geographic location (latitude)	43.853389
ERS31168366	geographic location (longitude)	5.858444
ERS31168366	geographic location (region and locality)	Canal (usine du Largue), Canal
ERS31168366	host common name	nase
ERS31168366	host scientific name	Chondrostoma nasus
ERS31168366	host subject id	15Caa1007
ERS31168367	TITLE	Chondrostoma nasus x Parachondrostoma toxostoma gill bacterial microbiota, Caa 2015, individual 1015
ERS31168367	collection date	2015-09-08
ERS31168367	geographic location (latitude)	43.853389
ERS31168367	geographic location (longitude)	5.858444
ERS31168367	geographic location (region and locality)	Canal (usine du Largue), Canal
ERS31168367	host common name	nasus x toxostoma
ERS31168367	host scientific name	Chondrostoma nasus x Parachondrostoma toxostoma
ERS31168367	host subject id	15Caa1015
ERS31168368	collection date	2015-07-10
ERS31168368	geographic location (latitude)	43.913
ERS31168368	geographic location (longitude)	4.820722
ERS31168368	geographic location (region and locality)	Avignon, Durance
ERS31168368	host subject id	15Avi1003
ERS31168369	TITLE	Chondrostoma nasus x Parachondrostoma toxostoma gill bacterial microbiota, Avi 2015, individual 1011
ERS31168369	collection date	2015-07-10
ERS31168369	geographic location (latitude)	43.913
ERS31168369	geographic location (longitude)	4.820722
ERS31168369	geographic location (region and locality)	Avignon, Durance
ERS31168369	host common name	nasus x toxostoma
ERS31168369	host scientific name	Chondrostoma nasus x Parachondrostoma toxostoma
ERS31168369	host subject id	15Avi1011
ERS31168370	TITLE	Parachondrostoma toxostoma gill bacterial microbiota, Bue 2015, individual 1006
ERS31168370	collection date	2015-07-17
ERS31168370	geographic location (latitude)	44.262
ERS31168370	geographic location (longitude)	5.828
ERS31168370	geographic location (region and locality)	Confluence Buech-Meouge, Buech
ERS31168370	host common name	toxostome
ERS31168370	host scientific name	Parachondrostoma toxostoma
ERS31168370	host subject id	15Bue1006
ERS31168371	TITLE	Parachondrostoma toxostoma gill bacterial microbiota, Bue 2015, individual 1014
ERS31168371	collection date	2015-07-17
ERS31168371	geographic location (latitude)	44.262
ERS31168371	geographic location (longitude)	5.828
ERS31168371	geographic location (region and locality)	Confluence Buech-Meouge, Buech
ERS31168371	host common name	toxostome
ERS31168371	host scientific name	Parachondrostoma toxostoma
ERS31168371	host subject id	15Bue1014
ERS31168372	TITLE	Chondrostoma nasus x Parachondrostoma toxostoma gill bacterial microbiota, Bau 2015, individual 1004
ERS31168372	collection date	2015-07-22
ERS31168372	geographic location (latitude)	44.475
ERS31168372	geographic location (longitude)	4.264
ERS31168372	geographic location (region and locality)	Rosieres, Beaume
ERS31168372	host common name	nasus x toxostoma
ERS31168372	host scientific name	Chondrostoma nasus x Parachondrostoma toxostoma
ERS31168372	host subject id	15Bau1004
ERS31168373	TITLE	Parachondrostoma toxostoma gill bacterial microbiota, Bau 2015, individual 1012
ERS31168373	collection date	2015-07-22
ERS31168373	geographic location (latitude)	44.475
ERS31168373	geographic location (longitude)	4.264
ERS31168373	geographic location (region and locality)	Rosieres, Beaume
ERS31168373	host common name	toxostome
ERS31168373	host scientific name	Parachondrostoma toxostoma
ERS31168373	host subject id	15Bau1012
ERS31168374	TITLE	Chondrostoma nasus x Parachondrostoma toxostoma gill bacterial microbiota, Bau 2015, individual 1020
ERS31168374	collection date	2015-07-22
ERS31168374	geographic location (latitude)	44.475
ERS31168374	geographic location (longitude)	4.264
ERS31168374	geographic location (region and locality)	Rosieres, Beaume
ERS31168374	host common name	nasus x toxostoma
ERS31168374	host scientific name	Chondrostoma nasus x Parachondrostoma toxostoma
ERS31168374	host subject id	15Bau1020
ERS31168375	TITLE	Chondrostoma nasus x Parachondrostoma toxostoma gill bacterial microbiota, Jus 2015, individual 1003
ERS31168375	collection date	2015-07-21
ERS31168375	geographic location (latitude)	44.286
ERS31168375	geographic location (longitude)	4.597833
ERS31168375	geographic location (region and locality)	Saint-Just-d'Ardeche, Ardeche
ERS31168375	host common name	nasus x toxostoma
ERS31168375	host scientific name	Chondrostoma nasus x Parachondrostoma toxostoma
ERS31168375	host subject id	15Jus1003
ERS31168376	TITLE	Chondrostoma nasus gill bacterial microbiota, Jus 2015, individual 1011
ERS31168376	collection date	2015-07-21
ERS31168376	geographic location (latitude)	44.286
ERS31168376	geographic location (longitude)	4.597833
ERS31168376	geographic location (region and locality)	Saint-Just-d'Ardeche, Ardeche
ERS31168376	host common name	nase
ERS31168376	host scientific name	Chondrostoma nasus
ERS31168376	host subject id	15Jus1011
ERS31168377	TITLE	Chondrostoma nasus gill bacterial microbiota, Jus 2015, individual 1019
ERS31168377	collection date	2015-07-21
ERS31168377	geographic location (latitude)	44.286
ERS31168377	geographic location (longitude)	4.597833
ERS31168377	geographic location (region and locality)	Saint-Just-d'Ardeche, Ardeche
ERS31168377	host common name	nase
ERS31168377	host scientific name	Chondrostoma nasus
ERS31168377	host subject id	15Jus1019
ERS31168378	TITLE	Chondrostoma nasus x Parachondrostoma toxostoma gill bacterial microbiota, Caa 2015, individual 1008
ERS31168378	collection date	2015-09-08
ERS31168378	geographic location (latitude)	43.853389
ERS31168378	geographic location (longitude)	5.858444
ERS31168378	geographic location (region and locality)	Canal (usine du Largue), Canal
ERS31168378	host common name	nasus x toxostoma
ERS31168378	host scientific name	Chondrostoma nasus x Parachondrostoma toxostoma
ERS31168378	host subject id	15Caa1008
ERS31168379	TITLE	Chondrostoma nasus x Parachondrostoma toxostoma gill bacterial microbiota, Caa 2015, individual 1016
ERS31168379	collection date	2015-09-08
ERS31168379	geographic location (latitude)	43.853389
ERS31168379	geographic location (longitude)	5.858444
ERS31168379	geographic location (region and locality)	Canal (usine du Largue), Canal
ERS31168379	host common name	nasus x toxostoma
ERS31168379	host scientific name	Chondrostoma nasus x Parachondrostoma toxostoma
ERS31168379	host subject id	15Caa1016
ERS31168380	collection date	2015-07-10
ERS31168380	geographic location (latitude)	43.913
ERS31168380	geographic location (longitude)	4.820722
ERS31168380	geographic location (region and locality)	Avignon, Durance
ERS31168380	host subject id	15Avi1004
ERS31168381	TITLE	Chondrostoma nasus x Parachondrostoma toxostoma gill bacterial microbiota, Avi 2015, individual 1012
ERS31168381	collection date	2015-07-10
ERS31168381	geographic location (latitude)	43.913
ERS31168381	geographic location (longitude)	4.820722
ERS31168381	geographic location (region and locality)	Avignon, Durance
ERS31168381	host common name	nasus x toxostoma
ERS31168381	host scientific name	Chondrostoma nasus x Parachondrostoma toxostoma
ERS31168381	host subject id	15Avi1012
ERS31168382	TITLE	Chondrostoma nasus x Parachondrostoma toxostoma gill bacterial microbiota, Bue 2015, individual 1007
ERS31168382	collection date	2015-07-17
ERS31168382	geographic location (latitude)	44.262
ERS31168382	geographic location (longitude)	5.828
ERS31168382	geographic location (region and locality)	Confluence Buech-Meouge, Buech
ERS31168382	host common name	nasus x toxostoma
ERS31168382	host scientific name	Chondrostoma nasus x Parachondrostoma toxostoma
ERS31168382	host subject id	15Bue1007
ERS31168383	TITLE	Parachondrostoma toxostoma gill bacterial microbiota, Bue 2015, individual 1015
ERS31168383	collection date	2015-07-17
ERS31168383	geographic location (latitude)	44.262
ERS31168383	geographic location (longitude)	5.828
ERS31168383	geographic location (region and locality)	Confluence Buech-Meouge, Buech
ERS31168383	host common name	toxostome
ERS31168383	host scientific name	Parachondrostoma toxostoma
ERS31168383	host subject id	15Bue1015
ERS31168384	TITLE	Parachondrostoma toxostoma gill bacterial microbiota, Bau 2015, individual 1005
ERS31168384	collection date	2015-07-22
ERS31168384	geographic location (latitude)	44.475
ERS31168384	geographic location (longitude)	4.264
ERS31168384	geographic location (region and locality)	Rosieres, Beaume
ERS31168384	host common name	toxostome
ERS31168384	host scientific name	Parachondrostoma toxostoma
ERS31168384	host subject id	15Bau1005
ERS31168385	TITLE	Parachondrostoma toxostoma gill bacterial microbiota, Bau 2015, individual 1013
ERS31168385	collection date	2015-07-22
ERS31168385	geographic location (latitude)	44.475
ERS31168385	geographic location (longitude)	4.264
ERS31168385	geographic location (region and locality)	Rosieres, Beaume
ERS31168385	host common name	toxostome
ERS31168385	host scientific name	Parachondrostoma toxostoma
ERS31168385	host subject id	15Bau1013
ERS31168386	TITLE	Chondrostoma nasus x Parachondrostoma toxostoma gill bacterial microbiota, Bau 2015, individual 1021
ERS31168386	collection date	2015-07-22
ERS31168386	geographic location (latitude)	44.475
ERS31168386	geographic location (longitude)	4.264
ERS31168386	geographic location (region and locality)	Rosieres, Beaume
ERS31168386	host common name	nasus x toxostoma
ERS31168386	host scientific name	Chondrostoma nasus x Parachondrostoma toxostoma
ERS31168386	host subject id	15Bau1021
ERS31168387	TITLE	Chondrostoma nasus x Parachondrostoma toxostoma gill bacterial microbiota, Jus 2015, individual 1004
ERS31168387	collection date	2015-07-21
ERS31168387	geographic location (latitude)	44.286
ERS31168387	geographic location (longitude)	4.597833
ERS31168387	geographic location (region and locality)	Saint-Just-d'Ardeche, Ardeche
ERS31168387	host common name	nasus x toxostoma
ERS31168387	host scientific name	Chondrostoma nasus x Parachondrostoma toxostoma
ERS31168387	host subject id	15Jus1004
ERS31168388	TITLE	Chondrostoma nasus gill bacterial microbiota, Jus 2015, individual 1012
ERS31168388	collection date	2015-07-21
ERS31168388	geographic location (latitude)	44.286
ERS31168388	geographic location (longitude)	4.597833
ERS31168388	geographic location (region and locality)	Saint-Just-d'Ardeche, Ardeche
ERS31168388	host common name	nase
ERS31168388	host scientific name	Chondrostoma nasus
ERS31168388	host subject id	15Jus1012
ERS31168389	TITLE	Chondrostoma nasus gill bacterial microbiota, Caa 2015, individual 1001
ERS31168389	collection date	2015-09-08
ERS31168389	geographic location (latitude)	43.853389
ERS31168389	geographic location (longitude)	5.858444
ERS31168389	geographic location (region and locality)	Canal (usine du Largue), Canal
ERS31168389	host common name	nase
ERS31168389	host scientific name	Chondrostoma nasus
ERS31168389	host subject id	15Caa1001
ERS31168390	TITLE	Chondrostoma nasus gill bacterial microbiota, Caa 2015, individual 1009
ERS31168390	collection date	2015-09-08
ERS31168390	geographic location (latitude)	43.853389
ERS31168390	geographic location (longitude)	5.858444
ERS31168390	geographic location (region and locality)	Canal (usine du Largue), Canal
ERS31168390	host common name	nase
ERS31168390	host scientific name	Chondrostoma nasus
ERS31168390	host subject id	15Caa1009
ERS31168391	TITLE	Chondrostoma nasus x Parachondrostoma toxostoma gill bacterial microbiota, Caa 2015, individual 1017
ERS31168391	collection date	2015-09-08
ERS31168391	geographic location (latitude)	43.853389
ERS31168391	geographic location (longitude)	5.858444
ERS31168391	geographic location (region and locality)	Canal (usine du Largue), Canal
ERS31168391	host common name	nasus x toxostoma
ERS31168391	host scientific name	Chondrostoma nasus x Parachondrostoma toxostoma
ERS31168391	host subject id	15Caa1017
ERS31168392	collection date	2015-07-10
ERS31168392	geographic location (latitude)	43.913
ERS31168392	geographic location (longitude)	4.820722
ERS31168392	geographic location (region and locality)	Avignon, Durance
ERS31168392	host subject id	15Avi1005
ERS31168393	TITLE	Chondrostoma nasus x Parachondrostoma toxostoma gill bacterial microbiota, Avi 2015, individual 1013
ERS31168393	collection date	2015-07-10
ERS31168393	geographic location (latitude)	43.913
ERS31168393	geographic location (longitude)	4.820722
ERS31168393	geographic location (region and locality)	Avignon, Durance
ERS31168393	host common name	nasus x toxostoma
ERS31168393	host scientific name	Chondrostoma nasus x Parachondrostoma toxostoma
ERS31168393	host subject id	15Avi1013
ERS31168394	TITLE	Parachondrostoma toxostoma gill bacterial microbiota, Bue 2015, individual 1008
ERS31168394	collection date	2015-07-17
ERS31168394	geographic location (latitude)	44.262
ERS31168394	geographic location (longitude)	5.828
ERS31168394	geographic location (region and locality)	Confluence Buech-Meouge, Buech
ERS31168394	host common name	toxostome
ERS31168394	host scientific name	Parachondrostoma toxostoma
ERS31168394	host subject id	15Bue1008
ERS31168395	TITLE	Chondrostoma nasus x Parachondrostoma toxostoma gill bacterial microbiota, Bue 2015, individual 1016
ERS31168395	collection date	2015-07-17
ERS31168395	geographic location (latitude)	44.262
ERS31168395	geographic location (longitude)	5.828
ERS31168395	geographic location (region and locality)	Confluence Buech-Meouge, Buech
ERS31168395	host common name	nasus x toxostoma
ERS31168395	host scientific name	Chondrostoma nasus x Parachondrostoma toxostoma
ERS31168395	host subject id	15Bue1016
ERS31168396	TITLE	Chondrostoma nasus x Parachondrostoma toxostoma gill bacterial microbiota, Bau 2015, individual 1006
ERS31168396	collection date	2015-07-22
ERS31168396	geographic location (latitude)	44.475
ERS31168396	geographic location (longitude)	4.264
ERS31168396	geographic location (region and locality)	Rosieres, Beaume
ERS31168396	host common name	nasus x toxostoma
ERS31168396	host scientific name	Chondrostoma nasus x Parachondrostoma toxostoma
ERS31168396	host subject id	15Bau1006
ERS31168397	TITLE	Parachondrostoma toxostoma gill bacterial microbiota, Bau 2015, individual 1014
ERS31168397	collection date	2015-07-22
ERS31168397	geographic location (latitude)	44.475
ERS31168397	geographic location (longitude)	4.264
ERS31168397	geographic location (region and locality)	Rosieres, Beaume
ERS31168397	host common name	toxostome
ERS31168397	host scientific name	Parachondrostoma toxostoma
ERS31168397	host subject id	15Bau1014
ERS31168398	TITLE	Parachondrostoma toxostoma gill bacterial microbiota, Bau 2015, individual 1022
ERS31168398	collection date	2015-07-22
ERS31168398	geographic location (latitude)	44.475
ERS31168398	geographic location (longitude)	4.264
ERS31168398	geographic location (region and locality)	Rosieres, Beaume
ERS31168398	host common name	toxostome
ERS31168398	host scientific name	Parachondrostoma toxostoma
ERS31168398	host subject id	15Bau1022
ERS31168399	TITLE	Chondrostoma nasus x Parachondrostoma toxostoma gill bacterial microbiota, Jus 2015, individual 1005
ERS31168399	collection date	2015-07-21
ERS31168399	geographic location (latitude)	44.286
ERS31168399	geographic location (longitude)	4.597833
ERS31168399	geographic location (region and locality)	Saint-Just-d'Ardeche, Ardeche
ERS31168399	host common name	nasus x toxostoma
ERS31168399	host scientific name	Chondrostoma nasus x Parachondrostoma toxostoma
ERS31168399	host subject id	15Jus1005
ERS31168400	TITLE	Chondrostoma nasus gill bacterial microbiota, Jus 2015, individual 1013
ERS31168400	collection date	2015-07-21
ERS31168400	geographic location (latitude)	44.286
ERS31168400	geographic location (longitude)	4.597833
ERS31168400	geographic location (region and locality)	Saint-Just-d'Ardeche, Ardeche
ERS31168400	host common name	nase
ERS31168400	host scientific name	Chondrostoma nasus
ERS31168400	host subject id	15Jus1013
ERS31168401	TITLE	Chondrostoma nasus gill bacterial microbiota, Caa 2015, individual 1002
ERS31168401	collection date	2015-09-08
ERS31168401	geographic location (latitude)	43.853389
ERS31168401	geographic location (longitude)	5.858444
ERS31168401	geographic location (region and locality)	Canal (usine du Largue), Canal
ERS31168401	host common name	nase
ERS31168401	host scientific name	Chondrostoma nasus
ERS31168401	host subject id	15Caa1002
ERS31168402	TITLE	Chondrostoma nasus gill bacterial microbiota, Caa 2015, individual 1010
ERS31168402	collection date	2015-09-08
ERS31168402	geographic location (latitude)	43.853389
ERS31168402	geographic location (longitude)	5.858444
ERS31168402	geographic location (region and locality)	Canal (usine du Largue), Canal
ERS31168402	host common name	nase
ERS31168402	host scientific name	Chondrostoma nasus
ERS31168402	host subject id	15Caa1010
ERS31168403	TITLE	Parachondrostoma toxostoma gill bacterial microbiota, Caa 2015, individual 1018
ERS31168403	collection date	2015-09-08
ERS31168403	geographic location (latitude)	43.853389
ERS31168403	geographic location (longitude)	5.858444
ERS31168403	geographic location (region and locality)	Canal (usine du Largue), Canal
ERS31168403	host common name	toxostome
ERS31168403	host scientific name	Parachondrostoma toxostoma
ERS31168403	host subject id	15Caa1018
ERS31168404	collection date	2015-07-10
ERS31168404	geographic location (latitude)	43.913
ERS31168404	geographic location (longitude)	4.820722
ERS31168404	geographic location (region and locality)	Avignon, Durance
ERS31168404	host subject id	15Avi1006
ERS31168405	TITLE	Chondrostoma nasus gill bacterial microbiota, Bue 2015, individual 1001
ERS31168405	collection date	2015-07-17
ERS31168405	geographic location (latitude)	44.262
ERS31168405	geographic location (longitude)	5.828
ERS31168405	geographic location (region and locality)	Confluence Buech-Meouge, Buech
ERS31168405	host common name	nase
ERS31168405	host scientific name	Chondrostoma nasus
ERS31168405	host subject id	15Bue1001
ERS31168406	TITLE	Chondrostoma nasus x Parachondrostoma toxostoma gill bacterial microbiota, Bue 2015, individual 1009
ERS31168406	collection date	2015-07-17
ERS31168406	geographic location (latitude)	44.262
ERS31168406	geographic location (longitude)	5.828
ERS31168406	geographic location (region and locality)	Confluence Buech-Meouge, Buech
ERS31168406	host common name	nasus x toxostoma
ERS31168406	host scientific name	Chondrostoma nasus x Parachondrostoma toxostoma
ERS31168406	host subject id	15Bue1009
ERS31168407	TITLE	Chondrostoma nasus gill bacterial microbiota, Bue 2015, individual 1017
ERS31168407	collection date	2015-07-17
ERS31168407	geographic location (latitude)	44.262
ERS31168407	geographic location (longitude)	5.828
ERS31168407	geographic location (region and locality)	Confluence Buech-Meouge, Buech
ERS31168407	host common name	nase
ERS31168407	host scientific name	Chondrostoma nasus
ERS31168407	host subject id	15Bue1017
ERS31168408	TITLE	Parachondrostoma toxostoma gill bacterial microbiota, Bau 2015, individual 1007
ERS31168408	collection date	2015-07-22
ERS31168408	geographic location (latitude)	44.475
ERS31168408	geographic location (longitude)	4.264
ERS31168408	geographic location (region and locality)	Rosieres, Beaume
ERS31168408	host common name	toxostome
ERS31168408	host scientific name	Parachondrostoma toxostoma
ERS31168408	host subject id	15Bau1007
ERS31168409	TITLE	Parachondrostoma toxostoma gill bacterial microbiota, Bau 2015, individual 1015
ERS31168409	collection date	2015-07-22
ERS31168409	geographic location (latitude)	44.475
ERS31168409	geographic location (longitude)	4.264
ERS31168409	geographic location (region and locality)	Rosieres, Beaume
ERS31168409	host common name	toxostome
ERS31168409	host scientific name	Parachondrostoma toxostoma
ERS31168409	host subject id	15Bau1015
ERS31168410	TITLE	Parachondrostoma toxostoma gill bacterial microbiota, Bau 2015, individual 1023
ERS31168410	collection date	2015-07-22
ERS31168410	geographic location (latitude)	44.475
ERS31168410	geographic location (longitude)	4.264
ERS31168410	geographic location (region and locality)	Rosieres, Beaume
ERS31168410	host common name	toxostome
ERS31168410	host scientific name	Parachondrostoma toxostoma
ERS31168410	host subject id	15Bau1023
ERS31168411	TITLE	Parachondrostoma toxostoma gill bacterial microbiota, Jus 2015, individual 1006
ERS31168411	collection date	2015-07-21
ERS31168411	geographic location (latitude)	44.286
ERS31168411	geographic location (longitude)	4.597833
ERS31168411	geographic location (region and locality)	Saint-Just-d'Ardeche, Ardeche
ERS31168411	host common name	toxostome
ERS31168411	host scientific name	Parachondrostoma toxostoma
ERS31168411	host subject id	15Jus1006
ERS31168412	TITLE	Chondrostoma nasus gill bacterial microbiota, Jus 2015, individual 1014
ERS31168412	collection date	2015-07-21
ERS31168412	geographic location (latitude)	44.286
ERS31168412	geographic location (longitude)	4.597833
ERS31168412	geographic location (region and locality)	Saint-Just-d'Ardeche, Ardeche
ERS31168412	host common name	nase
ERS31168412	host scientific name	Chondrostoma nasus
ERS31168412	host subject id	15Jus1014
ERS31168413	TITLE	Chondrostoma nasus gill bacterial microbiota, Caa 2015, individual 1003
ERS31168413	collection date	2015-09-08
ERS31168413	geographic location (latitude)	43.853389
ERS31168413	geographic location (longitude)	5.858444
ERS31168413	geographic location (region and locality)	Canal (usine du Largue), Canal
ERS31168413	host common name	nase
ERS31168413	host scientific name	Chondrostoma nasus
ERS31168413	host subject id	15Caa1003
ERS31168414	TITLE	Parachondrostoma toxostoma gill bacterial microbiota, Caa 2015, individual 1011
ERS31168414	collection date	2015-09-08
ERS31168414	geographic location (latitude)	43.853389
ERS31168414	geographic location (longitude)	5.858444
ERS31168414	geographic location (region and locality)	Canal (usine du Largue), Canal
ERS31168414	host common name	toxostome
ERS31168414	host scientific name	Parachondrostoma toxostoma
ERS31168414	host subject id	15Caa1011
ERS31168415	TITLE	Chondrostoma nasus x Parachondrostoma toxostoma gill bacterial microbiota, Caa 2015, individual 1019
ERS31168415	collection date	2015-09-08
ERS31168415	geographic location (latitude)	43.853389
ERS31168415	geographic location (longitude)	5.858444
ERS31168415	geographic location (region and locality)	Canal (usine du Largue), Canal
ERS31168415	host common name	nasus x toxostoma
ERS31168415	host scientific name	Chondrostoma nasus x Parachondrostoma toxostoma
ERS31168415	host subject id	15Caa1019
ERS31168416	collection date	2015-07-10
ERS31168416	geographic location (latitude)	43.913
ERS31168416	geographic location (longitude)	4.820722
ERS31168416	geographic location (region and locality)	Avignon, Durance
ERS31168416	host subject id	15Avi1007
ERS31168417	TITLE	Chondrostoma nasus gill bacterial microbiota, Bue 2015, individual 1002
ERS31168417	collection date	2015-07-17
ERS31168417	geographic location (latitude)	44.262
ERS31168417	geographic location (longitude)	5.828
ERS31168417	geographic location (region and locality)	Confluence Buech-Meouge, Buech
ERS31168417	host common name	nase
ERS31168417	host scientific name	Chondrostoma nasus
ERS31168417	host subject id	15Bue1002
ERS31168418	TITLE	Chondrostoma nasus x Parachondrostoma toxostoma gill bacterial microbiota, Bue 2015, individual 1010
ERS31168418	collection date	2015-07-17
ERS31168418	geographic location (latitude)	44.262
ERS31168418	geographic location (longitude)	5.828
ERS31168418	geographic location (region and locality)	Confluence Buech-Meouge, Buech
ERS31168418	host common name	nasus x toxostoma
ERS31168418	host scientific name	Chondrostoma nasus x Parachondrostoma toxostoma
ERS31168418	host subject id	15Bue1010
ERS31168419	TITLE	Chondrostoma nasus x Parachondrostoma toxostoma gill bacterial microbiota, Bue 2015, individual 1018
ERS31168419	collection date	2015-07-17
ERS31168419	geographic location (latitude)	44.262
ERS31168419	geographic location (longitude)	5.828
ERS31168419	geographic location (region and locality)	Confluence Buech-Meouge, Buech
ERS31168419	host common name	nasus x toxostoma
ERS31168419	host scientific name	Chondrostoma nasus x Parachondrostoma toxostoma
ERS31168419	host subject id	15Bue1018
ERS31168420	TITLE	Parachondrostoma toxostoma gill bacterial microbiota, Bau 2015, individual 1008
ERS31168420	collection date	2015-07-22
ERS31168420	geographic location (latitude)	44.475
ERS31168420	geographic location (longitude)	4.264
ERS31168420	geographic location (region and locality)	Rosieres, Beaume
ERS31168420	host common name	toxostome
ERS31168420	host scientific name	Parachondrostoma toxostoma
ERS31168420	host subject id	15Bau1008
ERS31168421	TITLE	Chondrostoma nasus x Parachondrostoma toxostoma gill bacterial microbiota, Bau 2015, individual 1016
ERS31168421	collection date	2015-07-22
ERS31168421	geographic location (latitude)	44.475
ERS31168421	geographic location (longitude)	4.264
ERS31168421	geographic location (region and locality)	Rosieres, Beaume
ERS31168421	host common name	nasus x toxostoma
ERS31168421	host scientific name	Chondrostoma nasus x Parachondrostoma toxostoma
ERS31168421	host subject id	15Bau1016
ERS31168422	TITLE	Parachondrostoma toxostoma gill bacterial microbiota, Bau 2015, individual 1024
ERS31168422	collection date	2015-07-22
ERS31168422	geographic location (latitude)	44.475
ERS31168422	geographic location (longitude)	4.264
ERS31168422	geographic location (region and locality)	Rosieres, Beaume
ERS31168422	host common name	toxostome
ERS31168422	host scientific name	Parachondrostoma toxostoma
ERS31168422	host subject id	15Bau1024
ERS31168423	TITLE	Parachondrostoma toxostoma gill bacterial microbiota, Jus 2015, individual 1007
ERS31168423	collection date	2015-07-21
ERS31168423	geographic location (latitude)	44.286
ERS31168423	geographic location (longitude)	4.597833
ERS31168423	geographic location (region and locality)	Saint-Just-d'Ardeche, Ardeche
ERS31168423	host common name	toxostome
ERS31168423	host scientific name	Parachondrostoma toxostoma
ERS31168423	host subject id	15Jus1007
ERS31168424	TITLE	Chondrostoma nasus gill bacterial microbiota, Jus 2015, individual 1015
ERS31168424	collection date	2015-07-21
ERS31168424	geographic location (latitude)	44.286
ERS31168424	geographic location (longitude)	4.597833
ERS31168424	geographic location (region and locality)	Saint-Just-d'Ardeche, Ardeche
ERS31168424	host common name	nase
ERS31168424	host scientific name	Chondrostoma nasus
ERS31168424	host subject id	15Jus1015
ERS31168425	TITLE	Chondrostoma nasus gill bacterial microbiota, Caa 2015, individual 1004
ERS31168425	collection date	2015-09-08
ERS31168425	geographic location (latitude)	43.853389
ERS31168425	geographic location (longitude)	5.858444
ERS31168425	geographic location (region and locality)	Canal (usine du Largue), Canal
ERS31168425	host common name	nase
ERS31168425	host scientific name	Chondrostoma nasus
ERS31168425	host subject id	15Caa1004
ERS31168426	TITLE	Parachondrostoma toxostoma gill bacterial microbiota, Caa 2015, individual 1012
ERS31168426	collection date	2015-09-08
ERS31168426	geographic location (latitude)	43.853389
ERS31168426	geographic location (longitude)	5.858444
ERS31168426	geographic location (region and locality)	Canal (usine du Largue), Canal
ERS31168426	host common name	toxostome
ERS31168426	host scientific name	Parachondrostoma toxostoma
ERS31168426	host subject id	15Caa1012
ERS31168427	TITLE	Parachondrostoma toxostoma gill bacterial microbiota, Caa 2015, individual 1020
ERS31168427	collection date	2015-09-08
ERS31168427	geographic location (latitude)	43.853389
ERS31168427	geographic location (longitude)	5.858444
ERS31168427	geographic location (region and locality)	Canal (usine du Largue), Canal
ERS31168427	host common name	toxostome
ERS31168427	host scientific name	Parachondrostoma toxostoma
ERS31168427	host subject id	15Caa1020
ERS31168428	collection date	2015-07-10
ERS31168428	geographic location (latitude)	43.913
ERS31168428	geographic location (longitude)	4.820722
ERS31168428	geographic location (region and locality)	Avignon, Durance
ERS31168428	host subject id	15Avi1008
ERS31168429	TITLE	Chondrostoma nasus gill bacterial microbiota, Bue 2015, individual 1003
ERS31168429	collection date	2015-07-17
ERS31168429	geographic location (latitude)	44.262
ERS31168429	geographic location (longitude)	5.828
ERS31168429	geographic location (region and locality)	Confluence Buech-Meouge, Buech
ERS31168429	host common name	nase
ERS31168429	host scientific name	Chondrostoma nasus
ERS31168429	host subject id	15Bue1003
ERS31168430	TITLE	Chondrostoma nasus x Parachondrostoma toxostoma gill bacterial microbiota, Bue 2015, individual 1011
ERS31168430	collection date	2015-07-17
ERS31168430	geographic location (latitude)	44.262
ERS31168430	geographic location (longitude)	5.828
ERS31168430	geographic location (region and locality)	Confluence Buech-Meouge, Buech
ERS31168430	host common name	nasus x toxostoma
ERS31168430	host scientific name	Chondrostoma nasus x Parachondrostoma toxostoma
ERS31168430	host subject id	15Bue1011
ERS31168432	collection date	2014-08-12
ERS31168432	geographic location (latitude)	46.048
ERS31168432	geographic location (longitude)	5.324
ERS31168432	geographic location (region and locality)	Pont-d'Ain, Suran
ERS31168432	host subject id	14Ain1001
ERS31168433	collection date	2014-08-12
ERS31168433	geographic location (latitude)	46.264389
ERS31168433	geographic location (longitude)	5.429444
ERS31168433	geographic location (region and locality)	Chavannes-sur-Suran, Suran
ERS31168433	host subject id	14Ain1038
ERS31168434	TITLE	Chondrostoma nasus hindgut bacterial microbiota, Cab 2015, individual 1003
ERS31168434	collection date	2015-08-26
ERS31168434	geographic location (latitude)	46.048
ERS31168434	geographic location (longitude)	5.324
ERS31168434	geographic location (region and locality)	Pont-d'Ain, Suran
ERS31168434	host common name	nase
ERS31168434	host scientific name	Chondrostoma nasus
ERS31168434	host subject id	15Cab1003
ERS31168435	TITLE	Parachondrostoma toxostoma hindgut bacterial microbiota, Cab 2015, individual 1011
ERS31168435	collection date	2015-08-26
ERS31168435	geographic location (latitude)	46.264389
ERS31168435	geographic location (longitude)	5.429444
ERS31168435	geographic location (region and locality)	Chavannes-sur-Suran, Suran
ERS31168435	host common name	toxostome
ERS31168435	host scientific name	Parachondrostoma toxostoma
ERS31168435	host subject id	15Cab1011
ERS31168436	TITLE	Parachondrostoma toxostoma hindgut bacterial microbiota, Cab 2015, individual 1019
ERS31168436	collection date	2015-08-26
ERS31168436	geographic location (latitude)	46.264389
ERS31168436	geographic location (longitude)	5.429444
ERS31168436	geographic location (region and locality)	Chavannes-sur-Suran, Suran
ERS31168436	host common name	toxostome
ERS31168436	host scientific name	Parachondrostoma toxostoma
ERS31168436	host subject id	15Cab1019
ERS31168437	collection date	2014-07-17
ERS31168437	geographic location (latitude)	43.913
ERS31168437	geographic location (longitude)	4.820722
ERS31168437	geographic location (region and locality)	Avignon, Durance
ERS31168437	host subject id	14Avi1008
ERS31168438	collection date	2014-07-03
ERS31168438	geographic location (latitude)	44.262
ERS31168438	geographic location (longitude)	5.828
ERS31168438	geographic location (region and locality)	Confluence Buech-Meouge, Buech
ERS31168438	host subject id	14Bue1005
ERS31168439	TITLE	Parachondrostoma toxostoma hindgut bacterial microbiota, Bue 2014, individual 1015
ERS31168439	collection date	2014-07-03
ERS31168439	geographic location (latitude)	44.262
ERS31168439	geographic location (longitude)	5.828
ERS31168439	geographic location (region and locality)	Confluence Buech-Meouge, Buech
ERS31168439	host common name	toxostome
ERS31168439	host scientific name	Parachondrostoma toxostoma
ERS31168439	host subject id	14Bue1015
ERS31168440	TITLE	Chondrostoma nasus x Parachondrostoma toxostoma hindgut bacterial microbiota, Man 2014, individual 1011
ERS31168440	collection date	2014-07-23
ERS31168440	geographic location (latitude)	43.919667
ERS31168440	geographic location (longitude)	5.896278
ERS31168440	geographic location (region and locality)	Manosque-Oraison, Durance
ERS31168440	host common name	nasus x toxostoma
ERS31168440	host scientific name	Chondrostoma nasus x Parachondrostoma toxostoma
ERS31168440	host subject id	14Man1011
ERS31168441	TITLE	Parachondrostoma toxostoma hindgut bacterial microbiota, Man 2014, individual 1019
ERS31168441	collection date	2014-07-23
ERS31168441	geographic location (latitude)	43.919667
ERS31168441	geographic location (longitude)	5.896278
ERS31168441	geographic location (region and locality)	Manosque-Oraison, Durance
ERS31168441	host common name	toxostome
ERS31168441	host scientific name	Parachondrostoma toxostoma
ERS31168441	host subject id	14Man1019
ERS31168442	TITLE	Parachondrostoma toxostoma hindgut bacterial microbiota, Per 2014, individual 2011
ERS31168442	collection date	2014-08-20
ERS31168442	geographic location (latitude)	43.668139
ERS31168442	geographic location (longitude)	5.493
ERS31168442	geographic location (region and locality)	Pertuis, Durance
ERS31168442	host common name	toxostome
ERS31168442	host scientific name	Parachondrostoma toxostoma
ERS31168442	host subject id	14Per2011
ERS31168443	TITLE	Parachondrostoma toxostoma hindgut bacterial microbiota, Per 2014, individual 2011
ERS31168443	collection date	2014-08-20
ERS31168443	geographic location (latitude)	43.668139
ERS31168443	geographic location (longitude)	5.493
ERS31168443	geographic location (region and locality)	Pertuis, Durance
ERS31168443	host common name	toxostome
ERS31168443	host scientific name	Parachondrostoma toxostoma
ERS31168443	host subject id	14Per2011
ERS31168444	collection date	2014-08-12
ERS31168444	geographic location (latitude)	46.048
ERS31168444	geographic location (longitude)	5.324
ERS31168444	geographic location (region and locality)	Pont-d'Ain, Suran
ERS31168444	host subject id	14Ain1002
ERS31168445	collection date	2014-08-12
ERS31168445	geographic location (latitude)	46.264389
ERS31168445	geographic location (longitude)	5.429444
ERS31168445	geographic location (region and locality)	Chavannes-sur-Suran, Suran
ERS31168445	host subject id	14Ain1039
ERS31168446	TITLE	Chondrostoma nasus hindgut bacterial microbiota, Cab 2015, individual 1004
ERS31168446	collection date	2015-08-26
ERS31168446	geographic location (latitude)	46.048
ERS31168446	geographic location (longitude)	5.324
ERS31168446	geographic location (region and locality)	Pont-d'Ain, Suran
ERS31168446	host common name	nase
ERS31168446	host scientific name	Chondrostoma nasus
ERS31168446	host subject id	15Cab1004
ERS31168447	TITLE	Parachondrostoma toxostoma hindgut bacterial microbiota, Cab 2015, individual 1012
ERS31168447	collection date	2015-08-26
ERS31168447	geographic location (latitude)	46.264389
ERS31168447	geographic location (longitude)	5.429444
ERS31168447	geographic location (region and locality)	Chavannes-sur-Suran, Suran
ERS31168447	host common name	toxostome
ERS31168447	host scientific name	Parachondrostoma toxostoma
ERS31168447	host subject id	15Cab1012
ERS31168448	collection date	2014-07-17
ERS31168448	geographic location (latitude)	43.913
ERS31168448	geographic location (longitude)	4.820722
ERS31168448	geographic location (region and locality)	Avignon, Durance
ERS31168448	host subject id	14Avi1001
ERS31168449	collection date	2014-07-17
ERS31168449	geographic location (latitude)	43.913
ERS31168449	geographic location (longitude)	4.820722
ERS31168449	geographic location (region and locality)	Avignon, Durance
ERS31168449	host subject id	14Avi1036
ERS31168450	TITLE	Chondrostoma nasus x Parachondrostoma toxostoma hindgut bacterial microbiota, Bue 2014, individual 1006
ERS31168450	collection date	2014-07-03
ERS31168450	geographic location (latitude)	44.262
ERS31168450	geographic location (longitude)	5.828
ERS31168450	geographic location (region and locality)	Confluence Buech-Meouge, Buech
ERS31168450	host common name	nasus x toxostoma
ERS31168450	host scientific name	Chondrostoma nasus x Parachondrostoma toxostoma
ERS31168450	host subject id	14Bue1006
ERS31168451	TITLE	Chondrostoma nasus x Parachondrostoma toxostoma hindgut bacterial microbiota, Bue 2014, individual 1016
ERS31168451	collection date	2014-07-03
ERS31168451	geographic location (latitude)	44.262
ERS31168451	geographic location (longitude)	5.828
ERS31168451	geographic location (region and locality)	Confluence Buech-Meouge, Buech
ERS31168451	host common name	nasus x toxostoma
ERS31168451	host scientific name	Chondrostoma nasus x Parachondrostoma toxostoma
ERS31168451	host subject id	14Bue1016
ERS31168452	TITLE	Parachondrostoma toxostoma hindgut bacterial microbiota, Man 2014, individual 1012
ERS31168452	collection date	2014-07-23
ERS31168452	geographic location (latitude)	43.919667
ERS31168452	geographic location (longitude)	5.896278
ERS31168452	geographic location (region and locality)	Manosque-Oraison, Durance
ERS31168452	host common name	toxostome
ERS31168452	host scientific name	Parachondrostoma toxostoma
ERS31168452	host subject id	14Man1012
ERS31168453	TITLE	Chondrostoma nasus x Parachondrostoma toxostoma hindgut bacterial microbiota, Man 2014, individual 1020
ERS31168453	collection date	2014-07-23
ERS31168453	geographic location (latitude)	43.919667
ERS31168453	geographic location (longitude)	5.896278
ERS31168453	geographic location (region and locality)	Manosque-Oraison, Durance
ERS31168453	host common name	nasus x toxostoma
ERS31168453	host scientific name	Chondrostoma nasus x Parachondrostoma toxostoma
ERS31168453	host subject id	14Man1020
ERS31168454	TITLE	Parachondrostoma toxostoma hindgut bacterial microbiota, Per 2014, individual 2012
ERS31168454	collection date	2014-08-20
ERS31168454	geographic location (latitude)	43.668139
ERS31168454	geographic location (longitude)	5.493
ERS31168454	geographic location (region and locality)	Pertuis, Durance
ERS31168454	host common name	toxostome
ERS31168454	host scientific name	Parachondrostoma toxostoma
ERS31168454	host subject id	14Per2012
ERS31168455	TITLE	Parachondrostoma toxostoma hindgut bacterial microbiota, Per 2014, individual 2012
ERS31168455	collection date	2014-08-20
ERS31168455	geographic location (latitude)	43.668139
ERS31168455	geographic location (longitude)	5.493
ERS31168455	geographic location (region and locality)	Pertuis, Durance
ERS31168455	host common name	toxostome
ERS31168455	host scientific name	Parachondrostoma toxostoma
ERS31168455	host subject id	14Per2012
ERS31168456	collection date	2014-08-12
ERS31168456	geographic location (latitude)	46.264389
ERS31168456	geographic location (longitude)	5.429444
ERS31168456	geographic location (region and locality)	Chavannes-sur-Suran, Suran
ERS31168456	host subject id	14Ain1011
ERS31168457	collection date	2014-08-12
ERS31168457	geographic location (latitude)	46.264389
ERS31168457	geographic location (longitude)	5.429444
ERS31168457	geographic location (region and locality)	Chavannes-sur-Suran, Suran
ERS31168457	host subject id	14Ain1040
ERS31168458	TITLE	Chondrostoma nasus hindgut bacterial microbiota, Cab 2015, individual 1005
ERS31168458	collection date	2015-08-26
ERS31168458	geographic location (latitude)	46.048
ERS31168458	geographic location (longitude)	5.324
ERS31168458	geographic location (region and locality)	Pont-d'Ain, Suran
ERS31168458	host common name	nase
ERS31168458	host scientific name	Chondrostoma nasus
ERS31168458	host subject id	15Cab1005
ERS31168459	TITLE	Parachondrostoma toxostoma hindgut bacterial microbiota, Cab 2015, individual 1013
ERS31168459	collection date	2015-08-26
ERS31168459	geographic location (latitude)	46.264389
ERS31168459	geographic location (longitude)	5.429444
ERS31168459	geographic location (region and locality)	Chavannes-sur-Suran, Suran
ERS31168459	host common name	toxostome
ERS31168459	host scientific name	Parachondrostoma toxostoma
ERS31168459	host subject id	15Cab1013
ERS31168460	collection date	2014-07-17
ERS31168460	geographic location (latitude)	43.913
ERS31168460	geographic location (longitude)	4.820722
ERS31168460	geographic location (region and locality)	Avignon, Durance
ERS31168460	host subject id	14Avi1002
ERS31168461	collection date	2014-07-17
ERS31168461	geographic location (latitude)	43.913
ERS31168461	geographic location (longitude)	4.820722
ERS31168461	geographic location (region and locality)	Avignon, Durance
ERS31168461	host subject id	14Avi1037
ERS31168462	collection date	2014-07-03
ERS31168462	geographic location (latitude)	44.262
ERS31168462	geographic location (longitude)	5.828
ERS31168462	geographic location (region and locality)	Confluence Buech-Meouge, Buech
ERS31168462	host subject id	14Bue1007
ERS31168463	TITLE	Parachondrostoma toxostoma hindgut bacterial microbiota, Bue 2014, individual 1017
ERS31168463	collection date	2014-07-03
ERS31168463	geographic location (latitude)	44.262
ERS31168463	geographic location (longitude)	5.828
ERS31168463	geographic location (region and locality)	Confluence Buech-Meouge, Buech
ERS31168463	host common name	toxostome
ERS31168463	host scientific name	Parachondrostoma toxostoma
ERS31168463	host subject id	14Bue1017
ERS31168464	TITLE	Parachondrostoma toxostoma hindgut bacterial microbiota, Man 2014, individual 1013
ERS31168464	collection date	2014-07-23
ERS31168464	geographic location (latitude)	43.919667
ERS31168464	geographic location (longitude)	5.896278
ERS31168464	geographic location (region and locality)	Manosque-Oraison, Durance
ERS31168464	host common name	toxostome
ERS31168464	host scientific name	Parachondrostoma toxostoma
ERS31168464	host subject id	14Man1013
ERS31168465	TITLE	Chondrostoma nasus x Parachondrostoma toxostoma hindgut bacterial microbiota, Man 2014, individual 1021
ERS31168465	collection date	2014-07-23
ERS31168465	geographic location (latitude)	43.919667
ERS31168465	geographic location (longitude)	5.896278
ERS31168465	geographic location (region and locality)	Manosque-Oraison, Durance
ERS31168465	host common name	nasus x toxostoma
ERS31168465	host scientific name	Chondrostoma nasus x Parachondrostoma toxostoma
ERS31168465	host subject id	14Man1021
ERS31168466	TITLE	Chondrostoma nasus x Parachondrostoma toxostoma hindgut bacterial microbiota, Per 2014, individual 2013
ERS31168466	collection date	2014-08-20
ERS31168466	geographic location (latitude)	43.668139
ERS31168466	geographic location (longitude)	5.493
ERS31168466	geographic location (region and locality)	Pertuis, Durance
ERS31168466	host common name	nasus x toxostoma
ERS31168466	host scientific name	Chondrostoma nasus x Parachondrostoma toxostoma
ERS31168466	host subject id	14Per2013
ERS31168468	collection date	2014-08-12
ERS31168468	geographic location (latitude)	46.264389
ERS31168468	geographic location (longitude)	5.429444
ERS31168468	geographic location (region and locality)	Chavannes-sur-Suran, Suran
ERS31168468	host subject id	14Ain1012
ERS31168469	collection date	2014-08-12
ERS31168469	geographic location (latitude)	46.264389
ERS31168469	geographic location (longitude)	5.429444
ERS31168469	geographic location (region and locality)	Chavannes-sur-Suran, Suran
ERS31168469	host subject id	14Ain1041
ERS31168470	TITLE	Chondrostoma nasus hindgut bacterial microbiota, Cab 2015, individual 1006
ERS31168470	collection date	2015-08-26
ERS31168470	geographic location (latitude)	46.048
ERS31168470	geographic location (longitude)	5.324
ERS31168470	geographic location (region and locality)	Pont-d'Ain, Suran
ERS31168470	host common name	nase
ERS31168470	host scientific name	Chondrostoma nasus
ERS31168470	host subject id	15Cab1006
ERS31168471	TITLE	Parachondrostoma toxostoma hindgut bacterial microbiota, Cab 2015, individual 1014
ERS31168471	collection date	2015-08-26
ERS31168471	geographic location (latitude)	46.264389
ERS31168471	geographic location (longitude)	5.429444
ERS31168471	geographic location (region and locality)	Chavannes-sur-Suran, Suran
ERS31168471	host common name	toxostome
ERS31168471	host scientific name	Parachondrostoma toxostoma
ERS31168471	host subject id	15Cab1014
ERS31168472	collection date	2014-07-17
ERS31168472	geographic location (latitude)	43.913
ERS31168472	geographic location (longitude)	4.820722
ERS31168472	geographic location (region and locality)	Avignon, Durance
ERS31168472	host subject id	14Avi1003
ERS31168473	collection date	2014-07-17
ERS31168473	geographic location (latitude)	43.913
ERS31168473	geographic location (longitude)	4.820722
ERS31168473	geographic location (region and locality)	Avignon, Durance
ERS31168473	host subject id	14Avi1038
ERS31168474	collection date	2014-07-03
ERS31168474	geographic location (latitude)	44.262
ERS31168474	geographic location (longitude)	5.828
ERS31168474	geographic location (region and locality)	Confluence Buech-Meouge, Buech
ERS31168474	host subject id	14Bue1008
ERS31168475	TITLE	Parachondrostoma toxostoma hindgut bacterial microbiota, Bue 2014, individual 1018
ERS31168475	collection date	2014-07-03
ERS31168475	geographic location (latitude)	44.262
ERS31168475	geographic location (longitude)	5.828
ERS31168475	geographic location (region and locality)	Confluence Buech-Meouge, Buech
ERS31168475	host common name	toxostome
ERS31168475	host scientific name	Parachondrostoma toxostoma
ERS31168475	host subject id	14Bue1018
ERS31168476	TITLE	Parachondrostoma toxostoma hindgut bacterial microbiota, Man 2014, individual 1014
ERS31168476	collection date	2014-07-23
ERS31168476	geographic location (latitude)	43.919667
ERS31168476	geographic location (longitude)	5.896278
ERS31168476	geographic location (region and locality)	Manosque-Oraison, Durance
ERS31168476	host common name	toxostome
ERS31168476	host scientific name	Parachondrostoma toxostoma
ERS31168476	host subject id	14Man1014
ERS31168477	TITLE	Parachondrostoma toxostoma hindgut bacterial microbiota, Man 2014, individual 1022
ERS31168477	collection date	2014-07-23
ERS31168477	geographic location (latitude)	43.919667
ERS31168477	geographic location (longitude)	5.896278
ERS31168477	geographic location (region and locality)	Manosque-Oraison, Durance
ERS31168477	host common name	toxostome
ERS31168477	host scientific name	Parachondrostoma toxostoma
ERS31168477	host subject id	14Man1022
ERS31168478	TITLE	Parachondrostoma toxostoma hindgut bacterial microbiota, Per 2014, individual 2014
ERS31168478	collection date	2014-08-20
ERS31168478	geographic location (latitude)	43.668139
ERS31168478	geographic location (longitude)	5.493
ERS31168478	geographic location (region and locality)	Pertuis, Durance
ERS31168478	host common name	toxostome
ERS31168478	host scientific name	Parachondrostoma toxostoma
ERS31168478	host subject id	14Per2014
ERS31168480	collection date	2014-08-12
ERS31168480	geographic location (latitude)	46.264389
ERS31168480	geographic location (longitude)	5.429444
ERS31168480	geographic location (region and locality)	Chavannes-sur-Suran, Suran
ERS31168480	host subject id	14Ain1013
ERS31168481	collection date	2014-08-12
ERS31168481	geographic location (latitude)	46.264389
ERS31168481	geographic location (longitude)	5.429444
ERS31168481	geographic location (region and locality)	Chavannes-sur-Suran, Suran
ERS31168481	host subject id	14Ain1042
ERS31168482	TITLE	Chondrostoma nasus hindgut bacterial microbiota, Cab 2015, individual 1007
ERS31168482	collection date	2015-08-26
ERS31168482	geographic location (latitude)	46.048
ERS31168482	geographic location (longitude)	5.324
ERS31168482	geographic location (region and locality)	Pont-d'Ain, Suran
ERS31168482	host common name	nase
ERS31168482	host scientific name	Chondrostoma nasus
ERS31168482	host subject id	15Cab1007
ERS31168483	TITLE	Parachondrostoma toxostoma hindgut bacterial microbiota, Cab 2015, individual 1015
ERS31168483	collection date	2015-08-26
ERS31168483	geographic location (latitude)	46.264389
ERS31168483	geographic location (longitude)	5.429444
ERS31168483	geographic location (region and locality)	Chavannes-sur-Suran, Suran
ERS31168483	host common name	toxostome
ERS31168483	host scientific name	Parachondrostoma toxostoma
ERS31168483	host subject id	15Cab1015
ERS31168484	collection date	2014-07-17
ERS31168484	geographic location (latitude)	43.913
ERS31168484	geographic location (longitude)	4.820722
ERS31168484	geographic location (region and locality)	Avignon, Durance
ERS31168484	host subject id	14Avi1004
ERS31168485	collection date	2014-07-03
ERS31168485	geographic location (latitude)	44.262
ERS31168485	geographic location (longitude)	5.828
ERS31168485	geographic location (region and locality)	Confluence Buech-Meouge, Buech
ERS31168485	host subject id	14Bue1001
ERS31168486	TITLE	Parachondrostoma toxostoma hindgut bacterial microbiota, Bue 2014, individual 1011
ERS31168486	collection date	2014-07-03
ERS31168486	geographic location (latitude)	44.262
ERS31168486	geographic location (longitude)	5.828
ERS31168486	geographic location (region and locality)	Confluence Buech-Meouge, Buech
ERS31168486	host common name	toxostome
ERS31168486	host scientific name	Parachondrostoma toxostoma
ERS31168486	host subject id	14Bue1011
ERS31168487	TITLE	Parachondrostoma toxostoma hindgut bacterial microbiota, Bue 2014, individual 1019
ERS31168487	collection date	2014-07-03
ERS31168487	geographic location (latitude)	44.262
ERS31168487	geographic location (longitude)	5.828
ERS31168487	geographic location (region and locality)	Confluence Buech-Meouge, Buech
ERS31168487	host common name	toxostome
ERS31168487	host scientific name	Parachondrostoma toxostoma
ERS31168487	host subject id	14Bue1019
ERS31168488	TITLE	Parachondrostoma toxostoma hindgut bacterial microbiota, Man 2014, individual 1015
ERS31168488	collection date	2014-07-23
ERS31168488	geographic location (latitude)	43.919667
ERS31168488	geographic location (longitude)	5.896278
ERS31168488	geographic location (region and locality)	Manosque-Oraison, Durance
ERS31168488	host common name	toxostome
ERS31168488	host scientific name	Parachondrostoma toxostoma
ERS31168488	host subject id	14Man1015
ERS31168489	TITLE	Parachondrostoma toxostoma hindgut bacterial microbiota, Per 2014, individual 1011
ERS31168489	collection date	2014-07-07
ERS31168489	geographic location (latitude)	43.668139
ERS31168489	geographic location (longitude)	5.493
ERS31168489	geographic location (region and locality)	Pertuis, Durance
ERS31168489	host common name	toxostome
ERS31168489	host scientific name	Parachondrostoma toxostoma
ERS31168489	host subject id	14Per1011
ERS31168490	TITLE	Parachondrostoma toxostoma hindgut bacterial microbiota, Per 2015, individual 2015
ERS31168490	collection date	2014-08-20
ERS31168490	geographic location (latitude)	43.668139
ERS31168490	geographic location (longitude)	5.493
ERS31168490	geographic location (region and locality)	Pertuis, Durance
ERS31168490	host common name	toxostome
ERS31168490	host scientific name	Parachondrostoma toxostoma
ERS31168490	host subject id	14Per2015
ERS31168492	collection date	2014-08-12
ERS31168492	geographic location (latitude)	46.264389
ERS31168492	geographic location (longitude)	5.429444
ERS31168492	geographic location (region and locality)	Chavannes-sur-Suran, Suran
ERS31168492	host subject id	14Ain1014
ERS31168493	collection date	2014-08-12
ERS31168493	geographic location (latitude)	46.264389
ERS31168493	geographic location (longitude)	5.429444
ERS31168493	geographic location (region and locality)	Chavannes-sur-Suran, Suran
ERS31168493	host subject id	14Ain1043
ERS31168494	TITLE	Chondrostoma nasus hindgut bacterial microbiota, Cab 2015, individual 1008
ERS31168494	collection date	2015-08-26
ERS31168494	geographic location (latitude)	46.048
ERS31168494	geographic location (longitude)	5.324
ERS31168494	geographic location (region and locality)	Pont-d'Ain, Suran
ERS31168494	host common name	nase
ERS31168494	host scientific name	Chondrostoma nasus
ERS31168494	host subject id	15Cab1008
ERS31168495	TITLE	Parachondrostoma toxostoma hindgut bacterial microbiota, Cab 2015, individual 1016
ERS31168495	collection date	2015-08-26
ERS31168495	geographic location (latitude)	46.264389
ERS31168495	geographic location (longitude)	5.429444
ERS31168495	geographic location (region and locality)	Chavannes-sur-Suran, Suran
ERS31168495	host common name	toxostome
ERS31168495	host scientific name	Parachondrostoma toxostoma
ERS31168495	host subject id	15Cab1016
ERS31168496	collection date	2014-07-17
ERS31168496	geographic location (latitude)	43.913
ERS31168496	geographic location (longitude)	4.820722
ERS31168496	geographic location (region and locality)	Avignon, Durance
ERS31168496	host subject id	14Avi1005
ERS31168497	collection date	2014-07-03
ERS31168497	geographic location (latitude)	44.262
ERS31168497	geographic location (longitude)	5.828
ERS31168497	geographic location (region and locality)	Confluence Buech-Meouge, Buech
ERS31168497	host subject id	14Bue1002
ERS31168498	TITLE	Parachondrostoma toxostoma hindgut bacterial microbiota, Bue 2014, individual 1012
ERS31168498	collection date	2014-07-03
ERS31168498	geographic location (latitude)	44.262
ERS31168498	geographic location (longitude)	5.828
ERS31168498	geographic location (region and locality)	Confluence Buech-Meouge, Buech
ERS31168498	host common name	toxostome
ERS31168498	host scientific name	Parachondrostoma toxostoma
ERS31168498	host subject id	14Bue1012
ERS31168499	TITLE	Parachondrostoma toxostoma hindgut bacterial microbiota, Man 2014, individual 1001
ERS31168499	collection date	2014-07-23
ERS31168499	geographic location (latitude)	43.919667
ERS31168499	geographic location (longitude)	5.896278
ERS31168499	geographic location (region and locality)	Manosque-Oraison, Durance
ERS31168499	host common name	toxostome
ERS31168499	host scientific name	Parachondrostoma toxostoma
ERS31168499	host subject id	14Man1001
ERS31168500	TITLE	Parachondrostoma toxostoma hindgut bacterial microbiota, Man 2014, individual 1016
ERS31168500	collection date	2014-07-23
ERS31168500	geographic location (latitude)	43.919667
ERS31168500	geographic location (longitude)	5.896278
ERS31168500	geographic location (region and locality)	Manosque-Oraison, Durance
ERS31168500	host common name	toxostome
ERS31168500	host scientific name	Parachondrostoma toxostoma
ERS31168500	host subject id	14Man1016
ERS31168501	TITLE	Parachondrostoma toxostoma hindgut bacterial microbiota, Per 2014, individual 1012
ERS31168501	collection date	2014-07-07
ERS31168501	geographic location (latitude)	43.668139
ERS31168501	geographic location (longitude)	5.493
ERS31168501	geographic location (region and locality)	Pertuis, Durance
ERS31168501	host common name	toxostome
ERS31168501	host scientific name	Parachondrostoma toxostoma
ERS31168501	host subject id	14Per1012
ERS31168504	collection date	2014-08-12
ERS31168504	geographic location (latitude)	46.048
ERS31168504	geographic location (longitude)	5.324
ERS31168504	geographic location (region and locality)	Pont-d'Ain, Suran
ERS31168504	host subject id	14Ain1036
ERS31168505	TITLE	Chondrostoma nasus hindgut bacterial microbiota, Cab 2015, individual 1001
ERS31168505	collection date	2015-08-26
ERS31168505	geographic location (latitude)	46.048
ERS31168505	geographic location (longitude)	5.324
ERS31168505	geographic location (region and locality)	Pont-d'Ain, Suran
ERS31168505	host common name	nase
ERS31168505	host scientific name	Chondrostoma nasus
ERS31168505	host subject id	15Cab1001
ERS31168506	TITLE	Chondrostoma nasus x Parachondrostoma toxostoma hindgut bacterial microbiota, Cab 2015, individual 1009
ERS31168506	collection date	2015-08-26
ERS31168506	geographic location (latitude)	46.048
ERS31168506	geographic location (longitude)	5.324
ERS31168506	geographic location (region and locality)	Pont-d'Ain, Suran
ERS31168506	host common name	nasus x toxostoma
ERS31168506	host scientific name	Chondrostoma nasus x Parachondrostoma toxostoma
ERS31168506	host subject id	15Cab1009
ERS31168507	TITLE	Parachondrostoma toxostoma hindgut bacterial microbiota, Cab 2015, individual 1017
ERS31168507	collection date	2015-08-26
ERS31168507	geographic location (latitude)	46.264389
ERS31168507	geographic location (longitude)	5.429444
ERS31168507	geographic location (region and locality)	Chavannes-sur-Suran, Suran
ERS31168507	host common name	toxostome
ERS31168507	host scientific name	Parachondrostoma toxostoma
ERS31168507	host subject id	15Cab1017
ERS31168508	collection date	2014-07-17
ERS31168508	geographic location (latitude)	43.913
ERS31168508	geographic location (longitude)	4.820722
ERS31168508	geographic location (region and locality)	Avignon, Durance
ERS31168508	host subject id	14Avi1006
ERS31168509	collection date	2014-07-03
ERS31168509	geographic location (latitude)	44.262
ERS31168509	geographic location (longitude)	5.828
ERS31168509	geographic location (region and locality)	Confluence Buech-Meouge, Buech
ERS31168509	host subject id	14Bue1003
ERS31168510	TITLE	Parachondrostoma toxostoma hindgut bacterial microbiota, Bue 2014, individual 1013
ERS31168510	collection date	2014-07-03
ERS31168510	geographic location (latitude)	44.262
ERS31168510	geographic location (longitude)	5.828
ERS31168510	geographic location (region and locality)	Confluence Buech-Meouge, Buech
ERS31168510	host common name	toxostome
ERS31168510	host scientific name	Parachondrostoma toxostoma
ERS31168510	host subject id	14Bue1013
ERS31168511	TITLE	Chondrostoma nasus x Parachondrostoma toxostoma hindgut bacterial microbiota, Man 2014, individual 1002
ERS31168511	collection date	2014-07-23
ERS31168511	geographic location (latitude)	43.919667
ERS31168511	geographic location (longitude)	5.896278
ERS31168511	geographic location (region and locality)	Manosque-Oraison, Durance
ERS31168511	host common name	nasus x toxostoma
ERS31168511	host scientific name	Chondrostoma nasus x Parachondrostoma toxostoma
ERS31168511	host subject id	14Man1002
ERS31168512	TITLE	Parachondrostoma toxostoma hindgut bacterial microbiota, Man 2014, individual 1017
ERS31168512	collection date	2014-07-23
ERS31168512	geographic location (latitude)	43.919667
ERS31168512	geographic location (longitude)	5.896278
ERS31168512	geographic location (region and locality)	Manosque-Oraison, Durance
ERS31168512	host common name	toxostome
ERS31168512	host scientific name	Parachondrostoma toxostoma
ERS31168512	host subject id	14Man1017
ERS31168513	TITLE	Parachondrostoma toxostoma hindgut bacterial microbiota, Per 2014, individual 1013
ERS31168513	collection date	2014-07-07
ERS31168513	geographic location (latitude)	43.668139
ERS31168513	geographic location (longitude)	5.493
ERS31168513	geographic location (region and locality)	Pertuis, Durance
ERS31168513	host common name	toxostome
ERS31168513	host scientific name	Parachondrostoma toxostoma
ERS31168513	host subject id	14Per1013
ERS31168516	collection date	2014-08-12
ERS31168516	geographic location (latitude)	46.048
ERS31168516	geographic location (longitude)	5.324
ERS31168516	geographic location (region and locality)	Pont-d'Ain, Suran
ERS31168516	host subject id	14Ain1037
ERS31168517	TITLE	Chondrostoma nasus hindgut bacterial microbiota, Cab 2015, individual 1002
ERS31168517	collection date	2015-08-26
ERS31168517	geographic location (latitude)	46.048
ERS31168517	geographic location (longitude)	5.324
ERS31168517	geographic location (region and locality)	Pont-d'Ain, Suran
ERS31168517	host common name	nase
ERS31168517	host scientific name	Chondrostoma nasus
ERS31168517	host subject id	15Cab1002
ERS31168518	TITLE	Chondrostoma nasus x Parachondrostoma toxostoma hindgut bacterial microbiota, Cab 2015, individual 1010
ERS31168518	collection date	2015-08-26
ERS31168518	geographic location (latitude)	46.048
ERS31168518	geographic location (longitude)	5.324
ERS31168518	geographic location (region and locality)	Pont-d'Ain, Suran
ERS31168518	host common name	nasus x toxostoma
ERS31168518	host scientific name	Chondrostoma nasus x Parachondrostoma toxostoma
ERS31168518	host subject id	15Cab1010
ERS31168519	TITLE	Parachondrostoma toxostoma hindgut bacterial microbiota, Cab 2015, individual 1018
ERS31168519	collection date	2015-08-26
ERS31168519	geographic location (latitude)	46.264389
ERS31168519	geographic location (longitude)	5.429444
ERS31168519	geographic location (region and locality)	Chavannes-sur-Suran, Suran
ERS31168519	host common name	toxostome
ERS31168519	host scientific name	Parachondrostoma toxostoma
ERS31168519	host subject id	15Cab1018
ERS31168520	collection date	2014-07-17
ERS31168520	geographic location (latitude)	43.913
ERS31168520	geographic location (longitude)	4.820722
ERS31168520	geographic location (region and locality)	Avignon, Durance
ERS31168520	host subject id	14Avi1007
ERS31168521	collection date	2014-07-03
ERS31168521	geographic location (latitude)	44.262
ERS31168521	geographic location (longitude)	5.828
ERS31168521	geographic location (region and locality)	Confluence Buech-Meouge, Buech
ERS31168521	host subject id	14Bue1004
ERS31168522	TITLE	Parachondrostoma toxostoma hindgut bacterial microbiota, Bue 2014, individual 1014
ERS31168522	collection date	2014-07-03
ERS31168522	geographic location (latitude)	44.262
ERS31168522	geographic location (longitude)	5.828
ERS31168522	geographic location (region and locality)	Confluence Buech-Meouge, Buech
ERS31168522	host common name	toxostome
ERS31168522	host scientific name	Parachondrostoma toxostoma
ERS31168522	host subject id	14Bue1014
ERS31168523	TITLE	Chondrostoma nasus x Parachondrostoma toxostoma hindgut bacterial microbiota, Man 2014, individual 1010
ERS31168523	collection date	2014-07-23
ERS31168523	geographic location (latitude)	43.919667
ERS31168523	geographic location (longitude)	5.896278
ERS31168523	geographic location (region and locality)	Manosque-Oraison, Durance
ERS31168523	host common name	nasus x toxostoma
ERS31168523	host scientific name	Chondrostoma nasus x Parachondrostoma toxostoma
ERS31168523	host subject id	14Man1010
ERS31168524	TITLE	Parachondrostoma toxostoma hindgut bacterial microbiota, Man 2014, individual 1018
ERS31168524	collection date	2014-07-23
ERS31168524	geographic location (latitude)	43.919667
ERS31168524	geographic location (longitude)	5.896278
ERS31168524	geographic location (region and locality)	Manosque-Oraison, Durance
ERS31168524	host common name	toxostome
ERS31168524	host scientific name	Parachondrostoma toxostoma
ERS31168524	host subject id	14Man1018
ERS31168525	TITLE	Parachondrostoma toxostoma hindgut bacterial microbiota, Per 2014, individual 1014
ERS31168525	collection date	2014-07-07
ERS31168525	geographic location (latitude)	43.668139
ERS31168525	geographic location (longitude)	5.493
ERS31168525	geographic location (region and locality)	Pertuis, Durance
ERS31168525	host common name	toxostome
ERS31168525	host scientific name	Parachondrostoma toxostoma
ERS31168525	host subject id	14Per1014
ERS31168528	TITLE	Parachondrostoma toxostoma hindgut bacterial microbiota, Bau 2015, individual 1001
ERS31168528	collection date	2015-07-22
ERS31168528	geographic location (latitude)	44.475
ERS31168528	geographic location (longitude)	4.264
ERS31168528	geographic location (region and locality)	Rosieres, Beaume
ERS31168528	host common name	toxostome
ERS31168528	host scientific name	Parachondrostoma toxostoma
ERS31168528	host subject id	15Bau1001
ERS31168529	TITLE	Parachondrostoma toxostoma hindgut bacterial microbiota, Bau 2015, individual 1009
ERS31168529	collection date	2015-07-22
ERS31168529	geographic location (latitude)	44.475
ERS31168529	geographic location (longitude)	4.264
ERS31168529	geographic location (region and locality)	Rosieres, Beaume
ERS31168529	host common name	toxostome
ERS31168529	host scientific name	Parachondrostoma toxostoma
ERS31168529	host subject id	15Bau1009
ERS31168530	TITLE	Parachondrostoma toxostoma hindgut bacterial microbiota, Bau 2015, individual 1017
ERS31168530	collection date	2015-07-22
ERS31168530	geographic location (latitude)	44.475
ERS31168530	geographic location (longitude)	4.264
ERS31168530	geographic location (region and locality)	Rosieres, Beaume
ERS31168530	host common name	toxostome
ERS31168530	host scientific name	Parachondrostoma toxostoma
ERS31168530	host subject id	15Bau1017
ERS31168531	TITLE	Parachondrostoma toxostoma hindgut bacterial microbiota, Bau 2015, individual 1025
ERS31168531	collection date	2015-07-22
ERS31168531	geographic location (latitude)	44.475
ERS31168531	geographic location (longitude)	4.264
ERS31168531	geographic location (region and locality)	Rosieres, Beaume
ERS31168531	host common name	toxostome
ERS31168531	host scientific name	Parachondrostoma toxostoma
ERS31168531	host subject id	15Bau1025
ERS31168532	TITLE	Parachondrostoma toxostoma hindgut bacterial microbiota, Jus 2015, individual 1008
ERS31168532	collection date	2015-07-21
ERS31168532	geographic location (latitude)	44.286
ERS31168532	geographic location (longitude)	4.597833
ERS31168532	geographic location (region and locality)	Saint-Just-d'Ardeche, Ardeche
ERS31168532	host common name	toxostome
ERS31168532	host scientific name	Parachondrostoma toxostoma
ERS31168532	host subject id	15Jus1008
ERS31168533	TITLE	Chondrostoma nasus x Parachondrostoma toxostoma hindgut bacterial microbiota, Jus 2015, individual 1016
ERS31168533	collection date	2015-07-21
ERS31168533	geographic location (latitude)	44.286
ERS31168533	geographic location (longitude)	4.597833
ERS31168533	geographic location (region and locality)	Saint-Just-d'Ardeche, Ardeche
ERS31168533	host common name	nasus x toxostoma
ERS31168533	host scientific name	Chondrostoma nasus x Parachondrostoma toxostoma
ERS31168533	host subject id	15Jus1016
ERS31168534	TITLE	Chondrostoma nasus hindgut bacterial microbiota, Caa 2015, individual 1005
ERS31168534	collection date	2015-09-08
ERS31168534	geographic location (latitude)	43.853389
ERS31168534	geographic location (longitude)	5.858444
ERS31168534	geographic location (region and locality)	Canal (usine du Largue), Canal
ERS31168534	host common name	nase
ERS31168534	host scientific name	Chondrostoma nasus
ERS31168534	host subject id	15Caa1005
ERS31168535	TITLE	Parachondrostoma toxostoma hindgut bacterial microbiota, Caa 2015, individual 1013
ERS31168535	collection date	2015-09-08
ERS31168535	geographic location (latitude)	43.853389
ERS31168535	geographic location (longitude)	5.858444
ERS31168535	geographic location (region and locality)	Canal (usine du Largue), Canal
ERS31168535	host common name	toxostome
ERS31168535	host scientific name	Parachondrostoma toxostoma
ERS31168535	host subject id	15Caa1013
ERS31168536	TITLE	Chondrostoma nasus x Parachondrostoma toxostoma hindgut bacterial microbiota, Avi 2015, individual 1001
ERS31168536	collection date	2015-07-10
ERS31168536	geographic location (latitude)	43.913
ERS31168536	geographic location (longitude)	4.820722
ERS31168536	geographic location (region and locality)	Avignon, Durance
ERS31168536	host common name	nasus x toxostoma
ERS31168536	host scientific name	Chondrostoma nasus x Parachondrostoma toxostoma
ERS31168536	host subject id	15Avi1001
ERS31168537	collection date	2015-07-10
ERS31168537	geographic location (latitude)	43.913
ERS31168537	geographic location (longitude)	4.820722
ERS31168537	geographic location (region and locality)	Avignon, Durance
ERS31168537	host subject id	15Avi1009
ERS31168538	TITLE	Parachondrostoma toxostoma hindgut bacterial microbiota, Bue 2015, individual 1004
ERS31168538	collection date	2015-07-17
ERS31168538	geographic location (latitude)	44.262
ERS31168538	geographic location (longitude)	5.828
ERS31168538	geographic location (region and locality)	Confluence Buech-Meouge, Buech
ERS31168538	host common name	toxostome
ERS31168538	host scientific name	Parachondrostoma toxostoma
ERS31168538	host subject id	15Bue1004
ERS31168539	TITLE	Chondrostoma nasus x Parachondrostoma toxostoma hindgut bacterial microbiota, Bue 2015, individual 1012
ERS31168539	collection date	2015-07-17
ERS31168539	geographic location (latitude)	44.262
ERS31168539	geographic location (longitude)	5.828
ERS31168539	geographic location (region and locality)	Confluence Buech-Meouge, Buech
ERS31168539	host common name	nasus x toxostoma
ERS31168539	host scientific name	Chondrostoma nasus x Parachondrostoma toxostoma
ERS31168539	host subject id	15Bue1012
ERS31168540	TITLE	Parachondrostoma toxostoma hindgut bacterial microbiota, Bau 2015, individual 1002
ERS31168540	collection date	2015-07-22
ERS31168540	geographic location (latitude)	44.475
ERS31168540	geographic location (longitude)	4.264
ERS31168540	geographic location (region and locality)	Rosieres, Beaume
ERS31168540	host common name	toxostome
ERS31168540	host scientific name	Parachondrostoma toxostoma
ERS31168540	host subject id	15Bau1002
ERS31168541	TITLE	Chondrostoma nasus x Parachondrostoma toxostoma hindgut bacterial microbiota, Bau 2015, individual 1010
ERS31168541	collection date	2015-07-22
ERS31168541	geographic location (latitude)	44.475
ERS31168541	geographic location (longitude)	4.264
ERS31168541	geographic location (region and locality)	Rosieres, Beaume
ERS31168541	host common name	nasus x toxostoma
ERS31168541	host scientific name	Chondrostoma nasus x Parachondrostoma toxostoma
ERS31168541	host subject id	15Bau1010
ERS31168542	TITLE	Parachondrostoma toxostoma hindgut bacterial microbiota, Bau 2015, individual 1018
ERS31168542	collection date	2015-07-22
ERS31168542	geographic location (latitude)	44.475
ERS31168542	geographic location (longitude)	4.264
ERS31168542	geographic location (region and locality)	Rosieres, Beaume
ERS31168542	host common name	toxostome
ERS31168542	host scientific name	Parachondrostoma toxostoma
ERS31168542	host subject id	15Bau1018
ERS31168543	TITLE	Parachondrostoma toxostoma hindgut bacterial microbiota, Jus 2015, individual 1001
ERS31168543	collection date	2015-07-21
ERS31168543	geographic location (latitude)	44.286
ERS31168543	geographic location (longitude)	4.597833
ERS31168543	geographic location (region and locality)	Saint-Just-d'Ardeche, Ardeche
ERS31168543	host common name	toxostome
ERS31168543	host scientific name	Parachondrostoma toxostoma
ERS31168543	host subject id	15Jus1001
ERS31168544	TITLE	Chondrostoma nasus x Parachondrostoma toxostoma hindgut bacterial microbiota, Jus 2015, individual 1009
ERS31168544	collection date	2015-07-21
ERS31168544	geographic location (latitude)	44.286
ERS31168544	geographic location (longitude)	4.597833
ERS31168544	geographic location (region and locality)	Saint-Just-d'Ardeche, Ardeche
ERS31168544	host common name	nasus x toxostoma
ERS31168544	host scientific name	Chondrostoma nasus x Parachondrostoma toxostoma
ERS31168544	host subject id	15Jus1009
ERS31168545	TITLE	Chondrostoma nasus hindgut bacterial microbiota, Jus 2015, individual 1017
ERS31168545	collection date	2015-07-21
ERS31168545	geographic location (latitude)	44.286
ERS31168545	geographic location (longitude)	4.597833
ERS31168545	geographic location (region and locality)	Saint-Just-d'Ardeche, Ardeche
ERS31168545	host common name	nase
ERS31168545	host scientific name	Chondrostoma nasus
ERS31168545	host subject id	15Jus1017
ERS31168546	TITLE	Chondrostoma nasus x Parachondrostoma toxostoma hindgut bacterial microbiota, Caa 2015, individual 1006
ERS31168546	collection date	2015-09-08
ERS31168546	geographic location (latitude)	43.853389
ERS31168546	geographic location (longitude)	5.858444
ERS31168546	geographic location (region and locality)	Canal (usine du Largue), Canal
ERS31168546	host common name	nasus x toxostoma
ERS31168546	host scientific name	Chondrostoma nasus x Parachondrostoma toxostoma
ERS31168546	host subject id	15Caa1006
ERS31168547	TITLE	Parachondrostoma toxostoma hindgut bacterial microbiota, Caa 2015, individual 1014
ERS31168547	collection date	2015-09-08
ERS31168547	geographic location (latitude)	43.853389
ERS31168547	geographic location (longitude)	5.858444
ERS31168547	geographic location (region and locality)	Canal (usine du Largue), Canal
ERS31168547	host common name	toxostome
ERS31168547	host scientific name	Parachondrostoma toxostoma
ERS31168547	host subject id	15Caa1014
ERS31168548	TITLE	Chondrostoma nasus x Parachondrostoma toxostoma hindgut bacterial microbiota, Avi 2015, individual 1002
ERS31168548	collection date	2015-07-10
ERS31168548	geographic location (latitude)	43.913
ERS31168548	geographic location (longitude)	4.820722
ERS31168548	geographic location (region and locality)	Avignon, Durance
ERS31168548	host common name	nasus x toxostoma
ERS31168548	host scientific name	Chondrostoma nasus x Parachondrostoma toxostoma
ERS31168548	host subject id	15Avi1002
ERS31168549	collection date	2015-07-10
ERS31168549	geographic location (latitude)	43.913
ERS31168549	geographic location (longitude)	4.820722
ERS31168549	geographic location (region and locality)	Avignon, Durance
ERS31168549	host subject id	15Avi1010
ERS31168550	TITLE	Chondrostoma nasus x Parachondrostoma toxostoma hindgut bacterial microbiota, Bue 2015, individual 1005
ERS31168550	collection date	2015-07-17
ERS31168550	geographic location (latitude)	44.262
ERS31168550	geographic location (longitude)	5.828
ERS31168550	geographic location (region and locality)	Confluence Buech-Meouge, Buech
ERS31168550	host common name	nasus x toxostoma
ERS31168550	host scientific name	Chondrostoma nasus x Parachondrostoma toxostoma
ERS31168550	host subject id	15Bue1005
ERS31168551	TITLE	Parachondrostoma toxostoma hindgut bacterial microbiota, Bue 2015, individual 1013
ERS31168551	collection date	2015-07-17
ERS31168551	geographic location (latitude)	44.262
ERS31168551	geographic location (longitude)	5.828
ERS31168551	geographic location (region and locality)	Confluence Buech-Meouge, Buech
ERS31168551	host common name	toxostome
ERS31168551	host scientific name	Parachondrostoma toxostoma
ERS31168551	host subject id	15Bue1013
ERS31168552	TITLE	Parachondrostoma toxostoma hindgut bacterial microbiota, Bau 2015, individual 1003
ERS31168552	collection date	2015-07-22
ERS31168552	geographic location (latitude)	44.475
ERS31168552	geographic location (longitude)	4.264
ERS31168552	geographic location (region and locality)	Rosieres, Beaume
ERS31168552	host common name	toxostome
ERS31168552	host scientific name	Parachondrostoma toxostoma
ERS31168552	host subject id	15Bau1003
ERS31168553	TITLE	Parachondrostoma toxostoma hindgut bacterial microbiota, Bau 2015, individual 1011
ERS31168553	collection date	2015-07-22
ERS31168553	geographic location (latitude)	44.475
ERS31168553	geographic location (longitude)	4.264
ERS31168553	geographic location (region and locality)	Rosieres, Beaume
ERS31168553	host common name	toxostome
ERS31168553	host scientific name	Parachondrostoma toxostoma
ERS31168553	host subject id	15Bau1011
ERS31168554	TITLE	Chondrostoma nasus x Parachondrostoma toxostoma hindgut bacterial microbiota, Bau 2015, individual 1019
ERS31168554	collection date	2015-07-22
ERS31168554	geographic location (latitude)	44.475
ERS31168554	geographic location (longitude)	4.264
ERS31168554	geographic location (region and locality)	Rosieres, Beaume
ERS31168554	host common name	nasus x toxostoma
ERS31168554	host scientific name	Chondrostoma nasus x Parachondrostoma toxostoma
ERS31168554	host subject id	15Bau1019
ERS31168555	TITLE	Chondrostoma nasus x Parachondrostoma toxostoma hindgut bacterial microbiota, Jus 2015, individual 1002
ERS31168555	collection date	2015-07-21
ERS31168555	geographic location (latitude)	44.286
ERS31168555	geographic location (longitude)	4.597833
ERS31168555	geographic location (region and locality)	Saint-Just-d'Ardeche, Ardeche
ERS31168555	host common name	nasus x toxostoma
ERS31168555	host scientific name	Chondrostoma nasus x Parachondrostoma toxostoma
ERS31168555	host subject id	15Jus1002
ERS31168556	TITLE	Chondrostoma nasus hindgut bacterial microbiota, Jus 2015, individual 1010
ERS31168556	collection date	2015-07-21
ERS31168556	geographic location (latitude)	44.286
ERS31168556	geographic location (longitude)	4.597833
ERS31168556	geographic location (region and locality)	Saint-Just-d'Ardeche, Ardeche
ERS31168556	host common name	nase
ERS31168556	host scientific name	Chondrostoma nasus
ERS31168556	host subject id	15Jus1010
ERS31168557	TITLE	Chondrostoma nasus hindgut bacterial microbiota, Jus 2015, individual 1018
ERS31168557	collection date	2015-07-21
ERS31168557	geographic location (latitude)	44.286
ERS31168557	geographic location (longitude)	4.597833
ERS31168557	geographic location (region and locality)	Saint-Just-d'Ardeche, Ardeche
ERS31168557	host common name	nase
ERS31168557	host scientific name	Chondrostoma nasus
ERS31168557	host subject id	15Jus1018
ERS31168558	TITLE	Chondrostoma nasus hindgut bacterial microbiota, Caa 2015, individual 1007
ERS31168558	collection date	2015-09-08
ERS31168558	geographic location (latitude)	43.853389
ERS31168558	geographic location (longitude)	5.858444
ERS31168558	geographic location (region and locality)	Canal (usine du Largue), Canal
ERS31168558	host common name	nase
ERS31168558	host scientific name	Chondrostoma nasus
ERS31168558	host subject id	15Caa1007
ERS31168559	TITLE	Chondrostoma nasus x Parachondrostoma toxostoma hindgut bacterial microbiota, Caa 2015, individual 1015
ERS31168559	collection date	2015-09-08
ERS31168559	geographic location (latitude)	43.853389
ERS31168559	geographic location (longitude)	5.858444
ERS31168559	geographic location (region and locality)	Canal (usine du Largue), Canal
ERS31168559	host common name	nasus x toxostoma
ERS31168559	host scientific name	Chondrostoma nasus x Parachondrostoma toxostoma
ERS31168559	host subject id	15Caa1015
ERS31168560	collection date	2015-07-10
ERS31168560	geographic location (latitude)	43.913
ERS31168560	geographic location (longitude)	4.820722
ERS31168560	geographic location (region and locality)	Avignon, Durance
ERS31168560	host subject id	15Avi1003
ERS31168561	TITLE	Chondrostoma nasus x Parachondrostoma toxostoma hindgut bacterial microbiota, Avi 2015, individual 1011
ERS31168561	collection date	2015-07-10
ERS31168561	geographic location (latitude)	43.913
ERS31168561	geographic location (longitude)	4.820722
ERS31168561	geographic location (region and locality)	Avignon, Durance
ERS31168561	host common name	nasus x toxostoma
ERS31168561	host scientific name	Chondrostoma nasus x Parachondrostoma toxostoma
ERS31168561	host subject id	15Avi1011
ERS31168562	TITLE	Parachondrostoma toxostoma hindgut bacterial microbiota, Bue 2015, individual 1006
ERS31168562	collection date	2015-07-17
ERS31168562	geographic location (latitude)	44.262
ERS31168562	geographic location (longitude)	5.828
ERS31168562	geographic location (region and locality)	Confluence Buech-Meouge, Buech
ERS31168562	host common name	toxostome
ERS31168562	host scientific name	Parachondrostoma toxostoma
ERS31168562	host subject id	15Bue1006
ERS31168563	TITLE	Parachondrostoma toxostoma hindgut bacterial microbiota, Bue 2015, individual 1014
ERS31168563	collection date	2015-07-17
ERS31168563	geographic location (latitude)	44.262
ERS31168563	geographic location (longitude)	5.828
ERS31168563	geographic location (region and locality)	Confluence Buech-Meouge, Buech
ERS31168563	host common name	toxostome
ERS31168563	host scientific name	Parachondrostoma toxostoma
ERS31168563	host subject id	15Bue1014
ERS31168564	TITLE	Chondrostoma nasus x Parachondrostoma toxostoma hindgut bacterial microbiota, Bau 2015, individual 1004
ERS31168564	collection date	2015-07-22
ERS31168564	geographic location (latitude)	44.475
ERS31168564	geographic location (longitude)	4.264
ERS31168564	geographic location (region and locality)	Rosieres, Beaume
ERS31168564	host common name	nasus x toxostoma
ERS31168564	host scientific name	Chondrostoma nasus x Parachondrostoma toxostoma
ERS31168564	host subject id	15Bau1004
ERS31168565	TITLE	Parachondrostoma toxostoma hindgut bacterial microbiota, Bau 2015, individual 1012
ERS31168565	collection date	2015-07-22
ERS31168565	geographic location (latitude)	44.475
ERS31168565	geographic location (longitude)	4.264
ERS31168565	geographic location (region and locality)	Rosieres, Beaume
ERS31168565	host common name	toxostome
ERS31168565	host scientific name	Parachondrostoma toxostoma
ERS31168565	host subject id	15Bau1012
ERS31168566	TITLE	Chondrostoma nasus x Parachondrostoma toxostoma hindgut bacterial microbiota, Bau 2015, individual 1020
ERS31168566	collection date	2015-07-22
ERS31168566	geographic location (latitude)	44.475
ERS31168566	geographic location (longitude)	4.264
ERS31168566	geographic location (region and locality)	Rosieres, Beaume
ERS31168566	host common name	nasus x toxostoma
ERS31168566	host scientific name	Chondrostoma nasus x Parachondrostoma toxostoma
ERS31168566	host subject id	15Bau1020
ERS31168567	TITLE	Chondrostoma nasus x Parachondrostoma toxostoma hindgut bacterial microbiota, Jus 2015, individual 1003
ERS31168567	collection date	2015-07-21
ERS31168567	geographic location (latitude)	44.286
ERS31168567	geographic location (longitude)	4.597833
ERS31168567	geographic location (region and locality)	Saint-Just-d'Ardeche, Ardeche
ERS31168567	host common name	nasus x toxostoma
ERS31168567	host scientific name	Chondrostoma nasus x Parachondrostoma toxostoma
ERS31168567	host subject id	15Jus1003
ERS31168568	TITLE	Chondrostoma nasus hindgut bacterial microbiota, Jus 2015, individual 1011
ERS31168568	collection date	2015-07-21
ERS31168568	geographic location (latitude)	44.286
ERS31168568	geographic location (longitude)	4.597833
ERS31168568	geographic location (region and locality)	Saint-Just-d'Ardeche, Ardeche
ERS31168568	host common name	nase
ERS31168568	host scientific name	Chondrostoma nasus
ERS31168568	host subject id	15Jus1011
ERS31168569	TITLE	Chondrostoma nasus hindgut bacterial microbiota, Jus 2015, individual 1019
ERS31168569	collection date	2015-07-21
ERS31168569	geographic location (latitude)	44.286
ERS31168569	geographic location (longitude)	4.597833
ERS31168569	geographic location (region and locality)	Saint-Just-d'Ardeche, Ardeche
ERS31168569	host common name	nase
ERS31168569	host scientific name	Chondrostoma nasus
ERS31168569	host subject id	15Jus1019
ERS31168570	TITLE	Chondrostoma nasus x Parachondrostoma toxostoma hindgut bacterial microbiota, Caa 2015, individual 1008
ERS31168570	collection date	2015-09-08
ERS31168570	geographic location (latitude)	43.853389
ERS31168570	geographic location (longitude)	5.858444
ERS31168570	geographic location (region and locality)	Canal (usine du Largue), Canal
ERS31168570	host common name	nasus x toxostoma
ERS31168570	host scientific name	Chondrostoma nasus x Parachondrostoma toxostoma
ERS31168570	host subject id	15Caa1008
ERS31168571	TITLE	Chondrostoma nasus x Parachondrostoma toxostoma hindgut bacterial microbiota, Caa 2015, individual 1016
ERS31168571	collection date	2015-09-08
ERS31168571	geographic location (latitude)	43.853389
ERS31168571	geographic location (longitude)	5.858444
ERS31168571	geographic location (region and locality)	Canal (usine du Largue), Canal
ERS31168571	host common name	nasus x toxostoma
ERS31168571	host scientific name	Chondrostoma nasus x Parachondrostoma toxostoma
ERS31168571	host subject id	15Caa1016
ERS31168572	collection date	2015-07-10
ERS31168572	geographic location (latitude)	43.913
ERS31168572	geographic location (longitude)	4.820722
ERS31168572	geographic location (region and locality)	Avignon, Durance
ERS31168572	host subject id	15Avi1004
ERS31168573	TITLE	Chondrostoma nasus x Parachondrostoma toxostoma hindgut bacterial microbiota, Avi 2015, individual 1012
ERS31168573	collection date	2015-07-10
ERS31168573	geographic location (latitude)	43.913
ERS31168573	geographic location (longitude)	4.820722
ERS31168573	geographic location (region and locality)	Avignon, Durance
ERS31168573	host common name	nasus x toxostoma
ERS31168573	host scientific name	Chondrostoma nasus x Parachondrostoma toxostoma
ERS31168573	host subject id	15Avi1012
ERS31168574	TITLE	Chondrostoma nasus x Parachondrostoma toxostoma hindgut bacterial microbiota, Bue 2015, individual 1007
ERS31168574	collection date	2015-07-17
ERS31168574	geographic location (latitude)	44.262
ERS31168574	geographic location (longitude)	5.828
ERS31168574	geographic location (region and locality)	Confluence Buech-Meouge, Buech
ERS31168574	host common name	nasus x toxostoma
ERS31168574	host scientific name	Chondrostoma nasus x Parachondrostoma toxostoma
ERS31168574	host subject id	15Bue1007
ERS31168575	TITLE	Parachondrostoma toxostoma hindgut bacterial microbiota, Bue 2015, individual 1015
ERS31168575	collection date	2015-07-17
ERS31168575	geographic location (latitude)	44.262
ERS31168575	geographic location (longitude)	5.828
ERS31168575	geographic location (region and locality)	Confluence Buech-Meouge, Buech
ERS31168575	host common name	toxostome
ERS31168575	host scientific name	Parachondrostoma toxostoma
ERS31168575	host subject id	15Bue1015
ERS31168576	TITLE	Parachondrostoma toxostoma hindgut bacterial microbiota, Bau 2015, individual 1005
ERS31168576	collection date	2015-07-22
ERS31168576	geographic location (latitude)	44.475
ERS31168576	geographic location (longitude)	4.264
ERS31168576	geographic location (region and locality)	Rosieres, Beaume
ERS31168576	host common name	toxostome
ERS31168576	host scientific name	Parachondrostoma toxostoma
ERS31168576	host subject id	15Bau1005
ERS31168577	TITLE	Parachondrostoma toxostoma hindgut bacterial microbiota, Bau 2015, individual 1013
ERS31168577	collection date	2015-07-22
ERS31168577	geographic location (latitude)	44.475
ERS31168577	geographic location (longitude)	4.264
ERS31168577	geographic location (region and locality)	Rosieres, Beaume
ERS31168577	host common name	toxostome
ERS31168577	host scientific name	Parachondrostoma toxostoma
ERS31168577	host subject id	15Bau1013
ERS31168578	TITLE	Chondrostoma nasus x Parachondrostoma toxostoma hindgut bacterial microbiota, Bau 2015, individual 1021
ERS31168578	collection date	2015-07-22
ERS31168578	geographic location (latitude)	44.475
ERS31168578	geographic location (longitude)	4.264
ERS31168578	geographic location (region and locality)	Rosieres, Beaume
ERS31168578	host common name	nasus x toxostoma
ERS31168578	host scientific name	Chondrostoma nasus x Parachondrostoma toxostoma
ERS31168578	host subject id	15Bau1021
ERS31168579	TITLE	Chondrostoma nasus x Parachondrostoma toxostoma hindgut bacterial microbiota, Jus 2015, individual 1004
ERS31168579	collection date	2015-07-21
ERS31168579	geographic location (latitude)	44.286
ERS31168579	geographic location (longitude)	4.597833
ERS31168579	geographic location (region and locality)	Saint-Just-d'Ardeche, Ardeche
ERS31168579	host common name	nasus x toxostoma
ERS31168579	host scientific name	Chondrostoma nasus x Parachondrostoma toxostoma
ERS31168579	host subject id	15Jus1004
ERS31168580	TITLE	Chondrostoma nasus hindgut bacterial microbiota, Jus 2015, individual 1012
ERS31168580	collection date	2015-07-21
ERS31168580	geographic location (latitude)	44.286
ERS31168580	geographic location (longitude)	4.597833
ERS31168580	geographic location (region and locality)	Saint-Just-d'Ardeche, Ardeche
ERS31168580	host common name	nase
ERS31168580	host scientific name	Chondrostoma nasus
ERS31168580	host subject id	15Jus1012
ERS31168581	TITLE	Chondrostoma nasus hindgut bacterial microbiota, Caa 2015, individual 1001
ERS31168581	collection date	2015-09-08
ERS31168581	geographic location (latitude)	43.853389
ERS31168581	geographic location (longitude)	5.858444
ERS31168581	geographic location (region and locality)	Canal (usine du Largue), Canal
ERS31168581	host common name	nase
ERS31168581	host scientific name	Chondrostoma nasus
ERS31168581	host subject id	15Caa1001
ERS31168582	TITLE	Chondrostoma nasus hindgut bacterial microbiota, Caa 2015, individual 1009
ERS31168582	collection date	2015-09-08
ERS31168582	geographic location (latitude)	43.853389
ERS31168582	geographic location (longitude)	5.858444
ERS31168582	geographic location (region and locality)	Canal (usine du Largue), Canal
ERS31168582	host common name	nase
ERS31168582	host scientific name	Chondrostoma nasus
ERS31168582	host subject id	15Caa1009
ERS31168583	TITLE	Chondrostoma nasus x Parachondrostoma toxostoma hindgut bacterial microbiota, Caa 2015, individual 1017
ERS31168583	collection date	2015-09-08
ERS31168583	geographic location (latitude)	43.853389
ERS31168583	geographic location (longitude)	5.858444
ERS31168583	geographic location (region and locality)	Canal (usine du Largue), Canal
ERS31168583	host common name	nasus x toxostoma
ERS31168583	host scientific name	Chondrostoma nasus x Parachondrostoma toxostoma
ERS31168583	host subject id	15Caa1017
ERS31168584	collection date	2015-07-10
ERS31168584	geographic location (latitude)	43.913
ERS31168584	geographic location (longitude)	4.820722
ERS31168584	geographic location (region and locality)	Avignon, Durance
ERS31168584	host subject id	15Avi1005
ERS31168585	TITLE	Chondrostoma nasus x Parachondrostoma toxostoma hindgut bacterial microbiota, Avi 2015, individual 1013
ERS31168585	collection date	2015-07-10
ERS31168585	geographic location (latitude)	43.913
ERS31168585	geographic location (longitude)	4.820722
ERS31168585	geographic location (region and locality)	Avignon, Durance
ERS31168585	host common name	nasus x toxostoma
ERS31168585	host scientific name	Chondrostoma nasus x Parachondrostoma toxostoma
ERS31168585	host subject id	15Avi1013
ERS31168586	TITLE	Parachondrostoma toxostoma hindgut bacterial microbiota, Bue 2015, individual 1008
ERS31168586	collection date	2015-07-17
ERS31168586	geographic location (latitude)	44.262
ERS31168586	geographic location (longitude)	5.828
ERS31168586	geographic location (region and locality)	Confluence Buech-Meouge, Buech
ERS31168586	host common name	toxostome
ERS31168586	host scientific name	Parachondrostoma toxostoma
ERS31168586	host subject id	15Bue1008
ERS31168587	TITLE	Chondrostoma nasus x Parachondrostoma toxostoma hindgut bacterial microbiota, Bue 2015, individual 1016
ERS31168587	collection date	2015-07-17
ERS31168587	geographic location (latitude)	44.262
ERS31168587	geographic location (longitude)	5.828
ERS31168587	geographic location (region and locality)	Confluence Buech-Meouge, Buech
ERS31168587	host common name	nasus x toxostoma
ERS31168587	host scientific name	Chondrostoma nasus x Parachondrostoma toxostoma
ERS31168587	host subject id	15Bue1016
ERS31168588	TITLE	Chondrostoma nasus x Parachondrostoma toxostoma hindgut bacterial microbiota, Bau 2015, individual 1006
ERS31168588	collection date	2015-07-22
ERS31168588	geographic location (latitude)	44.475
ERS31168588	geographic location (longitude)	4.264
ERS31168588	geographic location (region and locality)	Rosieres, Beaume
ERS31168588	host common name	nasus x toxostoma
ERS31168588	host scientific name	Chondrostoma nasus x Parachondrostoma toxostoma
ERS31168588	host subject id	15Bau1006
ERS31168589	TITLE	Parachondrostoma toxostoma hindgut bacterial microbiota, Bau 2015, individual 1014
ERS31168589	collection date	2015-07-22
ERS31168589	geographic location (latitude)	44.475
ERS31168589	geographic location (longitude)	4.264
ERS31168589	geographic location (region and locality)	Rosieres, Beaume
ERS31168589	host common name	toxostome
ERS31168589	host scientific name	Parachondrostoma toxostoma
ERS31168589	host subject id	15Bau1014
ERS31168590	TITLE	Parachondrostoma toxostoma hindgut bacterial microbiota, Bau 2015, individual 1022
ERS31168590	collection date	2015-07-22
ERS31168590	geographic location (latitude)	44.475
ERS31168590	geographic location (longitude)	4.264
ERS31168590	geographic location (region and locality)	Rosieres, Beaume
ERS31168590	host common name	toxostome
ERS31168590	host scientific name	Parachondrostoma toxostoma
ERS31168590	host subject id	15Bau1022
ERS31168591	TITLE	Chondrostoma nasus x Parachondrostoma toxostoma hindgut bacterial microbiota, Jus 2015, individual 1005
ERS31168591	collection date	2015-07-21
ERS31168591	geographic location (latitude)	44.286
ERS31168591	geographic location (longitude)	4.597833
ERS31168591	geographic location (region and locality)	Saint-Just-d'Ardeche, Ardeche
ERS31168591	host common name	nasus x toxostoma
ERS31168591	host scientific name	Chondrostoma nasus x Parachondrostoma toxostoma
ERS31168591	host subject id	15Jus1005
ERS31168592	TITLE	Chondrostoma nasus hindgut bacterial microbiota, Jus 2015, individual 1013
ERS31168592	collection date	2015-07-21
ERS31168592	geographic location (latitude)	44.286
ERS31168592	geographic location (longitude)	4.597833
ERS31168592	geographic location (region and locality)	Saint-Just-d'Ardeche, Ardeche
ERS31168592	host common name	nase
ERS31168592	host scientific name	Chondrostoma nasus
ERS31168592	host subject id	15Jus1013
ERS31168593	TITLE	Chondrostoma nasus hindgut bacterial microbiota, Caa 2015, individual 1002
ERS31168593	collection date	2015-09-08
ERS31168593	geographic location (latitude)	43.853389
ERS31168593	geographic location (longitude)	5.858444
ERS31168593	geographic location (region and locality)	Canal (usine du Largue), Canal
ERS31168593	host common name	nase
ERS31168593	host scientific name	Chondrostoma nasus
ERS31168593	host subject id	15Caa1002
ERS31168594	TITLE	Chondrostoma nasus hindgut bacterial microbiota, Caa 2015, individual 1010
ERS31168594	collection date	2015-09-08
ERS31168594	geographic location (latitude)	43.853389
ERS31168594	geographic location (longitude)	5.858444
ERS31168594	geographic location (region and locality)	Canal (usine du Largue), Canal
ERS31168594	host common name	nase
ERS31168594	host scientific name	Chondrostoma nasus
ERS31168594	host subject id	15Caa1010
ERS31168595	TITLE	Parachondrostoma toxostoma hindgut bacterial microbiota, Caa 2015, individual 1018
ERS31168595	collection date	2015-09-08
ERS31168595	geographic location (latitude)	43.853389
ERS31168595	geographic location (longitude)	5.858444
ERS31168595	geographic location (region and locality)	Canal (usine du Largue), Canal
ERS31168595	host common name	toxostome
ERS31168595	host scientific name	Parachondrostoma toxostoma
ERS31168595	host subject id	15Caa1018
ERS31168596	collection date	2015-07-10
ERS31168596	geographic location (latitude)	43.913
ERS31168596	geographic location (longitude)	4.820722
ERS31168596	geographic location (region and locality)	Avignon, Durance
ERS31168596	host subject id	15Avi1006
ERS31168597	TITLE	Chondrostoma nasus hindgut bacterial microbiota, Bue 2015, individual 1001
ERS31168597	collection date	2015-07-17
ERS31168597	geographic location (latitude)	44.262
ERS31168597	geographic location (longitude)	5.828
ERS31168597	geographic location (region and locality)	Confluence Buech-Meouge, Buech
ERS31168597	host common name	nase
ERS31168597	host scientific name	Chondrostoma nasus
ERS31168597	host subject id	15Bue1001
ERS31168598	TITLE	Chondrostoma nasus x Parachondrostoma toxostoma hindgut bacterial microbiota, Bue 2015, individual 1009
ERS31168598	collection date	2015-07-17
ERS31168598	geographic location (latitude)	44.262
ERS31168598	geographic location (longitude)	5.828
ERS31168598	geographic location (region and locality)	Confluence Buech-Meouge, Buech
ERS31168598	host common name	nasus x toxostoma
ERS31168598	host scientific name	Chondrostoma nasus x Parachondrostoma toxostoma
ERS31168598	host subject id	15Bue1009
ERS31168599	TITLE	Chondrostoma nasus hindgut bacterial microbiota, Bue 2015, individual 1017
ERS31168599	collection date	2015-07-17
ERS31168599	geographic location (latitude)	44.262
ERS31168599	geographic location (longitude)	5.828
ERS31168599	geographic location (region and locality)	Confluence Buech-Meouge, Buech
ERS31168599	host common name	nase
ERS31168599	host scientific name	Chondrostoma nasus
ERS31168599	host subject id	15Bue1017
ERS31168600	TITLE	Parachondrostoma toxostoma hindgut bacterial microbiota, Bau 2015, individual 1007
ERS31168600	collection date	2015-07-22
ERS31168600	geographic location (latitude)	44.475
ERS31168600	geographic location (longitude)	4.264
ERS31168600	geographic location (region and locality)	Rosieres, Beaume
ERS31168600	host common name	toxostome
ERS31168600	host scientific name	Parachondrostoma toxostoma
ERS31168600	host subject id	15Bau1007
ERS31168601	TITLE	Parachondrostoma toxostoma hindgut bacterial microbiota, Bau 2015, individual 1015
ERS31168601	collection date	2015-07-22
ERS31168601	geographic location (latitude)	44.475
ERS31168601	geographic location (longitude)	4.264
ERS31168601	geographic location (region and locality)	Rosieres, Beaume
ERS31168601	host common name	toxostome
ERS31168601	host scientific name	Parachondrostoma toxostoma
ERS31168601	host subject id	15Bau1015
ERS31168602	TITLE	Parachondrostoma toxostoma hindgut bacterial microbiota, Bau 2015, individual 1023
ERS31168602	collection date	2015-07-22
ERS31168602	geographic location (latitude)	44.475
ERS31168602	geographic location (longitude)	4.264
ERS31168602	geographic location (region and locality)	Rosieres, Beaume
ERS31168602	host common name	toxostome
ERS31168602	host scientific name	Parachondrostoma toxostoma
ERS31168602	host subject id	15Bau1023
ERS31168603	TITLE	Parachondrostoma toxostoma hindgut bacterial microbiota, Jus 2015, individual 1006
ERS31168603	collection date	2015-07-21
ERS31168603	geographic location (latitude)	44.286
ERS31168603	geographic location (longitude)	4.597833
ERS31168603	geographic location (region and locality)	Saint-Just-d'Ardeche, Ardeche
ERS31168603	host common name	toxostome
ERS31168603	host scientific name	Parachondrostoma toxostoma
ERS31168603	host subject id	15Jus1006
ERS31168604	TITLE	Chondrostoma nasus hindgut bacterial microbiota, Jus 2015, individual 1014
ERS31168604	collection date	2015-07-21
ERS31168604	geographic location (latitude)	44.286
ERS31168604	geographic location (longitude)	4.597833
ERS31168604	geographic location (region and locality)	Saint-Just-d'Ardeche, Ardeche
ERS31168604	host common name	nase
ERS31168604	host scientific name	Chondrostoma nasus
ERS31168604	host subject id	15Jus1014
ERS31168605	TITLE	Chondrostoma nasus hindgut bacterial microbiota, Caa 2015, individual 1003
ERS31168605	collection date	2015-09-08
ERS31168605	geographic location (latitude)	43.853389
ERS31168605	geographic location (longitude)	5.858444
ERS31168605	geographic location (region and locality)	Canal (usine du Largue), Canal
ERS31168605	host common name	nase
ERS31168605	host scientific name	Chondrostoma nasus
ERS31168605	host subject id	15Caa1003
ERS31168606	TITLE	Parachondrostoma toxostoma hindgut bacterial microbiota, Caa 2015, individual 1011
ERS31168606	collection date	2015-09-08
ERS31168606	geographic location (latitude)	43.853389
ERS31168606	geographic location (longitude)	5.858444
ERS31168606	geographic location (region and locality)	Canal (usine du Largue), Canal
ERS31168606	host common name	toxostome
ERS31168606	host scientific name	Parachondrostoma toxostoma
ERS31168606	host subject id	15Caa1011
ERS31168607	TITLE	Chondrostoma nasus x Parachondrostoma toxostoma hindgut bacterial microbiota, Caa 2015, individual 1019
ERS31168607	collection date	2015-09-08
ERS31168607	geographic location (latitude)	43.853389
ERS31168607	geographic location (longitude)	5.858444
ERS31168607	geographic location (region and locality)	Canal (usine du Largue), Canal
ERS31168607	host common name	nasus x toxostoma
ERS31168607	host scientific name	Chondrostoma nasus x Parachondrostoma toxostoma
ERS31168607	host subject id	15Caa1019
ERS31168608	collection date	2015-07-10
ERS31168608	geographic location (latitude)	43.913
ERS31168608	geographic location (longitude)	4.820722
ERS31168608	geographic location (region and locality)	Avignon, Durance
ERS31168608	host subject id	15Avi1007
ERS31168609	TITLE	Chondrostoma nasus hindgut bacterial microbiota, Bue 2015, individual 1002
ERS31168609	collection date	2015-07-17
ERS31168609	geographic location (latitude)	44.262
ERS31168609	geographic location (longitude)	5.828
ERS31168609	geographic location (region and locality)	Confluence Buech-Meouge, Buech
ERS31168609	host common name	nase
ERS31168609	host scientific name	Chondrostoma nasus
ERS31168609	host subject id	15Bue1002
ERS31168610	TITLE	Chondrostoma nasus x Parachondrostoma toxostoma hindgut bacterial microbiota, Bue 2015, individual 1010
ERS31168610	collection date	2015-07-17
ERS31168610	geographic location (latitude)	44.262
ERS31168610	geographic location (longitude)	5.828
ERS31168610	geographic location (region and locality)	Confluence Buech-Meouge, Buech
ERS31168610	host common name	nasus x toxostoma
ERS31168610	host scientific name	Chondrostoma nasus x Parachondrostoma toxostoma
ERS31168610	host subject id	15Bue1010
ERS31168611	TITLE	Chondrostoma nasus x Parachondrostoma toxostoma hindgut bacterial microbiota, Bue 2015, individual 1018
ERS31168611	collection date	2015-07-17
ERS31168611	geographic location (latitude)	44.262
ERS31168611	geographic location (longitude)	5.828
ERS31168611	geographic location (region and locality)	Confluence Buech-Meouge, Buech
ERS31168611	host common name	nasus x toxostoma
ERS31168611	host scientific name	Chondrostoma nasus x Parachondrostoma toxostoma
ERS31168611	host subject id	15Bue1018
ERS31168612	TITLE	Parachondrostoma toxostoma hindgut bacterial microbiota, Bau 2015, individual 1008
ERS31168612	collection date	2015-07-22
ERS31168612	geographic location (latitude)	44.475
ERS31168612	geographic location (longitude)	4.264
ERS31168612	geographic location (region and locality)	Rosieres, Beaume
ERS31168612	host common name	toxostome
ERS31168612	host scientific name	Parachondrostoma toxostoma
ERS31168612	host subject id	15Bau1008
ERS31168613	TITLE	Chondrostoma nasus x Parachondrostoma toxostoma hindgut bacterial microbiota, Bau 2015, individual 1016
ERS31168613	collection date	2015-07-22
ERS31168613	geographic location (latitude)	44.475
ERS31168613	geographic location (longitude)	4.264
ERS31168613	geographic location (region and locality)	Rosieres, Beaume
ERS31168613	host common name	nasus x toxostoma
ERS31168613	host scientific name	Chondrostoma nasus x Parachondrostoma toxostoma
ERS31168613	host subject id	15Bau1016
ERS31168614	TITLE	Parachondrostoma toxostoma hindgut bacterial microbiota, Bau 2015, individual 1024
ERS31168614	collection date	2015-07-22
ERS31168614	geographic location (latitude)	44.475
ERS31168614	geographic location (longitude)	4.264
ERS31168614	geographic location (region and locality)	Rosieres, Beaume
ERS31168614	host common name	toxostome
ERS31168614	host scientific name	Parachondrostoma toxostoma
ERS31168614	host subject id	15Bau1024
ERS31168615	TITLE	Parachondrostoma toxostoma hindgut bacterial microbiota, Jus 2015, individual 1007
ERS31168615	collection date	2015-07-21
ERS31168615	geographic location (latitude)	44.286
ERS31168615	geographic location (longitude)	4.597833
ERS31168615	geographic location (region and locality)	Saint-Just-d'Ardeche, Ardeche
ERS31168615	host common name	toxostome
ERS31168615	host scientific name	Parachondrostoma toxostoma
ERS31168615	host subject id	15Jus1007
ERS31168616	TITLE	Chondrostoma nasus hindgut bacterial microbiota, Jus 2015, individual 1015
ERS31168616	collection date	2015-07-21
ERS31168616	geographic location (latitude)	44.286
ERS31168616	geographic location (longitude)	4.597833
ERS31168616	geographic location (region and locality)	Saint-Just-d'Ardeche, Ardeche
ERS31168616	host common name	nase
ERS31168616	host scientific name	Chondrostoma nasus
ERS31168616	host subject id	15Jus1015
ERS31168617	TITLE	Chondrostoma nasus hindgut bacterial microbiota, Caa 2015, individual 1004
ERS31168617	collection date	2015-09-08
ERS31168617	geographic location (latitude)	43.853389
ERS31168617	geographic location (longitude)	5.858444
ERS31168617	geographic location (region and locality)	Canal (usine du Largue), Canal
ERS31168617	host common name	nase
ERS31168617	host scientific name	Chondrostoma nasus
ERS31168617	host subject id	15Caa1004
ERS31168618	TITLE	Parachondrostoma toxostoma hindgut bacterial microbiota, Caa 2015, individual 1012
ERS31168618	collection date	2015-09-08
ERS31168618	geographic location (latitude)	43.853389
ERS31168618	geographic location (longitude)	5.858444
ERS31168618	geographic location (region and locality)	Canal (usine du Largue), Canal
ERS31168618	host common name	toxostome
ERS31168618	host scientific name	Parachondrostoma toxostoma
ERS31168618	host subject id	15Caa1012
ERS31168619	TITLE	Parachondrostoma toxostoma hindgut bacterial microbiota, Caa 2015, individual 1020
ERS31168619	collection date	2015-09-08
ERS31168619	geographic location (latitude)	43.853389
ERS31168619	geographic location (longitude)	5.858444
ERS31168619	geographic location (region and locality)	Canal (usine du Largue), Canal
ERS31168619	host common name	toxostome
ERS31168619	host scientific name	Parachondrostoma toxostoma
ERS31168619	host subject id	15Caa1020
ERS31168620	collection date	2015-07-10
ERS31168620	geographic location (latitude)	43.913
ERS31168620	geographic location (longitude)	4.820722
ERS31168620	geographic location (region and locality)	Avignon, Durance
ERS31168620	host subject id	15Avi1008
ERS31168621	TITLE	Chondrostoma nasus hindgut bacterial microbiota, Bue 2015, individual 1003
ERS31168621	collection date	2015-07-17
ERS31168621	geographic location (latitude)	44.262
ERS31168621	geographic location (longitude)	5.828
ERS31168621	geographic location (region and locality)	Confluence Buech-Meouge, Buech
ERS31168621	host common name	nase
ERS31168621	host scientific name	Chondrostoma nasus
ERS31168621	host subject id	15Bue1003
ERS31168622	TITLE	Chondrostoma nasus x Parachondrostoma toxostoma hindgut bacterial microbiota, Bue 2015, individual 1011
ERS31168622	collection date	2015-07-17
ERS31168622	geographic location (latitude)	44.262
ERS31168622	geographic location (longitude)	5.828
ERS31168622	geographic location (region and locality)	Confluence Buech-Meouge, Buech
ERS31168622	host common name	nasus x toxostoma
ERS31168622	host scientific name	Chondrostoma nasus x Parachondrostoma toxostoma
ERS31168622	host subject id	15Bue1011
ERS31168624	collection date	2014-08-12
ERS31168624	geographic location (latitude)	46.048
ERS31168624	geographic location (longitude)	5.324
ERS31168624	geographic location (region and locality)	Pont-d'Ain, Suran
ERS31168624	host subject id	14Ain1001
ERS31168625	collection date	2014-08-12
ERS31168625	geographic location (latitude)	46.264389
ERS31168625	geographic location (longitude)	5.429444
ERS31168625	geographic location (region and locality)	Chavannes-sur-Suran, Suran
ERS31168625	host subject id	14Ain1039
ERS31168626	TITLE	Chondrostoma nasus midgut bacterial microbiota, Cab 2015, individual 1004
ERS31168626	collection date	2015-08-26
ERS31168626	geographic location (latitude)	46.048
ERS31168626	geographic location (longitude)	5.324
ERS31168626	geographic location (region and locality)	Pont-d'Ain, Suran
ERS31168626	host common name	nase
ERS31168626	host scientific name	Chondrostoma nasus
ERS31168626	host subject id	15Cab1004
ERS31168627	TITLE	Parachondrostoma toxostoma midgut bacterial microbiota, Cab 2015, individual 1012
ERS31168627	collection date	2015-08-26
ERS31168627	geographic location (latitude)	46.264389
ERS31168627	geographic location (longitude)	5.429444
ERS31168627	geographic location (region and locality)	Chavannes-sur-Suran, Suran
ERS31168627	host common name	toxostome
ERS31168627	host scientific name	Parachondrostoma toxostoma
ERS31168627	host subject id	15Cab1012
ERS31168628	collection date	2014-07-17
ERS31168628	geographic location (latitude)	43.913
ERS31168628	geographic location (longitude)	4.820722
ERS31168628	geographic location (region and locality)	Avignon, Durance
ERS31168628	host subject id	14Avi1001
ERS31168629	collection date	2014-07-17
ERS31168629	geographic location (latitude)	43.913
ERS31168629	geographic location (longitude)	4.820722
ERS31168629	geographic location (region and locality)	Avignon, Durance
ERS31168629	host subject id	14Avi1036
ERS31168630	TITLE	Chondrostoma nasus x Parachondrostoma toxostoma midgut bacterial microbiota, Bue 2014, individual 1006
ERS31168630	collection date	2014-07-03
ERS31168630	geographic location (latitude)	44.262
ERS31168630	geographic location (longitude)	5.828
ERS31168630	geographic location (region and locality)	Confluence Buech-Meouge, Buech
ERS31168630	host common name	nasus x toxostoma
ERS31168630	host scientific name	Chondrostoma nasus x Parachondrostoma toxostoma
ERS31168630	host subject id	14Bue1006
ERS31168631	TITLE	Chondrostoma nasus x Parachondrostoma toxostoma midgut bacterial microbiota, Bue 2014, individual 1016
ERS31168631	collection date	2014-07-03
ERS31168631	geographic location (latitude)	44.262
ERS31168631	geographic location (longitude)	5.828
ERS31168631	geographic location (region and locality)	Confluence Buech-Meouge, Buech
ERS31168631	host common name	nasus x toxostoma
ERS31168631	host scientific name	Chondrostoma nasus x Parachondrostoma toxostoma
ERS31168631	host subject id	14Bue1016
ERS31168632	TITLE	Parachondrostoma toxostoma midgut bacterial microbiota, Man 2014, individual 1012
ERS31168632	collection date	2014-07-23
ERS31168632	geographic location (latitude)	43.919667
ERS31168632	geographic location (longitude)	5.896278
ERS31168632	geographic location (region and locality)	Manosque-Oraison, Durance
ERS31168632	host common name	toxostome
ERS31168632	host scientific name	Parachondrostoma toxostoma
ERS31168632	host subject id	14Man1012
ERS31168633	TITLE	Chondrostoma nasus x Parachondrostoma toxostoma midgut bacterial microbiota, Man 2014, individual 1020
ERS31168633	collection date	2014-07-23
ERS31168633	geographic location (latitude)	43.919667
ERS31168633	geographic location (longitude)	5.896278
ERS31168633	geographic location (region and locality)	Manosque-Oraison, Durance
ERS31168633	host common name	nasus x toxostoma
ERS31168633	host scientific name	Chondrostoma nasus x Parachondrostoma toxostoma
ERS31168633	host subject id	14Man1020
ERS31168634	TITLE	Parachondrostoma toxostoma midgut bacterial microbiota, Per 2014, individual 2012
ERS31168634	collection date	2014-08-20
ERS31168634	geographic location (latitude)	43.668139
ERS31168634	geographic location (longitude)	5.493
ERS31168634	geographic location (region and locality)	Pertuis, Durance
ERS31168634	host common name	toxostome
ERS31168634	host scientific name	Parachondrostoma toxostoma
ERS31168634	host subject id	14Per2012
ERS31168635	TITLE	Parachondrostoma toxostoma midgut bacterial microbiota, Per 2014, individual 2012
ERS31168635	collection date	2014-08-20
ERS31168635	geographic location (latitude)	43.668139
ERS31168635	geographic location (longitude)	5.493
ERS31168635	geographic location (region and locality)	Pertuis, Durance
ERS31168635	host common name	toxostome
ERS31168635	host scientific name	Parachondrostoma toxostoma
ERS31168635	host subject id	14Per2012
ERS31168636	collection date	2014-08-12
ERS31168636	geographic location (latitude)	46.048
ERS31168636	geographic location (longitude)	5.324
ERS31168636	geographic location (region and locality)	Pont-d'Ain, Suran
ERS31168636	host subject id	14Ain1002
ERS31168637	collection date	2014-08-12
ERS31168637	geographic location (latitude)	46.264389
ERS31168637	geographic location (longitude)	5.429444
ERS31168637	geographic location (region and locality)	Chavannes-sur-Suran, Suran
ERS31168637	host subject id	14Ain1040
ERS31168638	TITLE	Chondrostoma nasus midgut bacterial microbiota, Cab 2015, individual 1005
ERS31168638	collection date	2015-08-26
ERS31168638	geographic location (latitude)	46.048
ERS31168638	geographic location (longitude)	5.324
ERS31168638	geographic location (region and locality)	Pont-d'Ain, Suran
ERS31168638	host common name	nase
ERS31168638	host scientific name	Chondrostoma nasus
ERS31168638	host subject id	15Cab1005
ERS31168639	TITLE	Parachondrostoma toxostoma midgut bacterial microbiota, Cab 2015, individual 1013
ERS31168639	collection date	2015-08-26
ERS31168639	geographic location (latitude)	46.264389
ERS31168639	geographic location (longitude)	5.429444
ERS31168639	geographic location (region and locality)	Chavannes-sur-Suran, Suran
ERS31168639	host common name	toxostome
ERS31168639	host scientific name	Parachondrostoma toxostoma
ERS31168639	host subject id	15Cab1013
ERS31168640	collection date	2014-07-17
ERS31168640	geographic location (latitude)	43.913
ERS31168640	geographic location (longitude)	4.820722
ERS31168640	geographic location (region and locality)	Avignon, Durance
ERS31168640	host subject id	14Avi1002
ERS31168641	collection date	2014-07-17
ERS31168641	geographic location (latitude)	43.913
ERS31168641	geographic location (longitude)	4.820722
ERS31168641	geographic location (region and locality)	Avignon, Durance
ERS31168641	host subject id	14Avi1037
ERS31168642	collection date	2014-07-03
ERS31168642	geographic location (latitude)	44.262
ERS31168642	geographic location (longitude)	5.828
ERS31168642	geographic location (region and locality)	Confluence Buech-Meouge, Buech
ERS31168642	host subject id	14Bue1007
ERS31168643	TITLE	Parachondrostoma toxostoma midgut bacterial microbiota, Bue 2014, individual 1017
ERS31168643	collection date	2014-07-03
ERS31168643	geographic location (latitude)	44.262
ERS31168643	geographic location (longitude)	5.828
ERS31168643	geographic location (region and locality)	Confluence Buech-Meouge, Buech
ERS31168643	host common name	toxostome
ERS31168643	host scientific name	Parachondrostoma toxostoma
ERS31168643	host subject id	14Bue1017
ERS31168644	TITLE	Parachondrostoma toxostoma midgut bacterial microbiota, Man 2014, individual 1013
ERS31168644	collection date	2014-07-23
ERS31168644	geographic location (latitude)	43.919667
ERS31168644	geographic location (longitude)	5.896278
ERS31168644	geographic location (region and locality)	Manosque-Oraison, Durance
ERS31168644	host common name	toxostome
ERS31168644	host scientific name	Parachondrostoma toxostoma
ERS31168644	host subject id	14Man1013
ERS31168645	TITLE	Chondrostoma nasus x Parachondrostoma toxostoma midgut bacterial microbiota, Man 2014, individual 1021
ERS31168645	collection date	2014-07-23
ERS31168645	geographic location (latitude)	43.919667
ERS31168645	geographic location (longitude)	5.896278
ERS31168645	geographic location (region and locality)	Manosque-Oraison, Durance
ERS31168645	host common name	nasus x toxostoma
ERS31168645	host scientific name	Chondrostoma nasus x Parachondrostoma toxostoma
ERS31168645	host subject id	14Man1021
ERS31168646	TITLE	Chondrostoma nasus x Parachondrostoma toxostoma midgut bacterial microbiota, Per 2014, individual 2013
ERS31168646	collection date	2014-08-20
ERS31168646	geographic location (latitude)	43.668139
ERS31168646	geographic location (longitude)	5.493
ERS31168646	geographic location (region and locality)	Pertuis, Durance
ERS31168646	host common name	nasus x toxostoma
ERS31168646	host scientific name	Chondrostoma nasus x Parachondrostoma toxostoma
ERS31168646	host subject id	14Per2013
ERS31168647	TITLE	Chondrostoma nasus x Parachondrostoma toxostoma midgut bacterial microbiota, Per 2014, individual 2013
ERS31168647	collection date	2014-08-20
ERS31168647	geographic location (latitude)	43.668139
ERS31168647	geographic location (longitude)	5.493
ERS31168647	geographic location (region and locality)	Pertuis, Durance
ERS31168647	host common name	nasus x toxostoma
ERS31168647	host scientific name	Chondrostoma nasus x Parachondrostoma toxostoma
ERS31168647	host subject id	14Per2013
ERS31168648	collection date	2014-08-12
ERS31168648	geographic location (latitude)	46.264389
ERS31168648	geographic location (longitude)	5.429444
ERS31168648	geographic location (region and locality)	Chavannes-sur-Suran, Suran
ERS31168648	host subject id	14Ain1011
ERS31168649	collection date	2014-08-12
ERS31168649	geographic location (latitude)	46.264389
ERS31168649	geographic location (longitude)	5.429444
ERS31168649	geographic location (region and locality)	Chavannes-sur-Suran, Suran
ERS31168649	host subject id	14Ain1041
ERS31168650	TITLE	Chondrostoma nasus midgut bacterial microbiota, Cab 2015, individual 1006
ERS31168650	collection date	2015-08-26
ERS31168650	geographic location (latitude)	46.048
ERS31168650	geographic location (longitude)	5.324
ERS31168650	geographic location (region and locality)	Pont-d'Ain, Suran
ERS31168650	host common name	nase
ERS31168650	host scientific name	Chondrostoma nasus
ERS31168650	host subject id	15Cab1006
ERS31168651	TITLE	Parachondrostoma toxostoma midgut bacterial microbiota, Cab 2015, individual 1014
ERS31168651	collection date	2015-08-26
ERS31168651	geographic location (latitude)	46.264389
ERS31168651	geographic location (longitude)	5.429444
ERS31168651	geographic location (region and locality)	Chavannes-sur-Suran, Suran
ERS31168651	host common name	toxostome
ERS31168651	host scientific name	Parachondrostoma toxostoma
ERS31168651	host subject id	15Cab1014
ERS31168652	collection date	2014-07-17
ERS31168652	geographic location (latitude)	43.913
ERS31168652	geographic location (longitude)	4.820722
ERS31168652	geographic location (region and locality)	Avignon, Durance
ERS31168652	host subject id	14Avi1003
ERS31168653	collection date	2014-07-17
ERS31168653	geographic location (latitude)	43.913
ERS31168653	geographic location (longitude)	4.820722
ERS31168653	geographic location (region and locality)	Avignon, Durance
ERS31168653	host subject id	14Avi1038
ERS31168654	collection date	2014-07-03
ERS31168654	geographic location (latitude)	44.262
ERS31168654	geographic location (longitude)	5.828
ERS31168654	geographic location (region and locality)	Confluence Buech-Meouge, Buech
ERS31168654	host subject id	14Bue1008
ERS31168655	TITLE	Parachondrostoma toxostoma midgut bacterial microbiota, Bue 2014, individual 1018
ERS31168655	collection date	2014-07-03
ERS31168655	geographic location (latitude)	44.262
ERS31168655	geographic location (longitude)	5.828
ERS31168655	geographic location (region and locality)	Confluence Buech-Meouge, Buech
ERS31168655	host common name	toxostome
ERS31168655	host scientific name	Parachondrostoma toxostoma
ERS31168655	host subject id	14Bue1018
ERS31168656	TITLE	Parachondrostoma toxostoma midgut bacterial microbiota, Man 2014, individual 1014
ERS31168656	collection date	2014-07-23
ERS31168656	geographic location (latitude)	43.919667
ERS31168656	geographic location (longitude)	5.896278
ERS31168656	geographic location (region and locality)	Manosque-Oraison, Durance
ERS31168656	host common name	toxostome
ERS31168656	host scientific name	Parachondrostoma toxostoma
ERS31168656	host subject id	14Man1014
ERS31168657	TITLE	Parachondrostoma toxostoma midgut bacterial microbiota, Man 2014, individual 1022
ERS31168657	collection date	2014-07-23
ERS31168657	geographic location (latitude)	43.919667
ERS31168657	geographic location (longitude)	5.896278
ERS31168657	geographic location (region and locality)	Manosque-Oraison, Durance
ERS31168657	host common name	toxostome
ERS31168657	host scientific name	Parachondrostoma toxostoma
ERS31168657	host subject id	14Man1022
ERS31168658	TITLE	Parachondrostoma toxostoma midgut bacterial microbiota, Per 2014, individual 2014
ERS31168658	collection date	2014-08-20
ERS31168658	geographic location (latitude)	43.668139
ERS31168658	geographic location (longitude)	5.493
ERS31168658	geographic location (region and locality)	Pertuis, Durance
ERS31168658	host common name	toxostome
ERS31168658	host scientific name	Parachondrostoma toxostoma
ERS31168658	host subject id	14Per2014
ERS31168660	collection date	2014-08-12
ERS31168660	geographic location (latitude)	46.264389
ERS31168660	geographic location (longitude)	5.429444
ERS31168660	geographic location (region and locality)	Chavannes-sur-Suran, Suran
ERS31168660	host subject id	14Ain1012
ERS31168661	collection date	2014-08-12
ERS31168661	geographic location (latitude)	46.264389
ERS31168661	geographic location (longitude)	5.429444
ERS31168661	geographic location (region and locality)	Chavannes-sur-Suran, Suran
ERS31168661	host subject id	14Ain1042
ERS31168662	TITLE	Chondrostoma nasus midgut bacterial microbiota, Cab 2015, individual 1007
ERS31168662	collection date	2015-08-26
ERS31168662	geographic location (latitude)	46.048
ERS31168662	geographic location (longitude)	5.324
ERS31168662	geographic location (region and locality)	Pont-d'Ain, Suran
ERS31168662	host common name	nase
ERS31168662	host scientific name	Chondrostoma nasus
ERS31168662	host subject id	15Cab1007
ERS31168663	TITLE	Parachondrostoma toxostoma midgut bacterial microbiota, Cab 2015, individual 1015
ERS31168663	collection date	2015-08-26
ERS31168663	geographic location (latitude)	46.264389
ERS31168663	geographic location (longitude)	5.429444
ERS31168663	geographic location (region and locality)	Chavannes-sur-Suran, Suran
ERS31168663	host common name	toxostome
ERS31168663	host scientific name	Parachondrostoma toxostoma
ERS31168663	host subject id	15Cab1015
ERS31168664	collection date	2014-07-17
ERS31168664	geographic location (latitude)	43.913
ERS31168664	geographic location (longitude)	4.820722
ERS31168664	geographic location (region and locality)	Avignon, Durance
ERS31168664	host subject id	14Avi1004
ERS31168665	collection date	2014-07-03
ERS31168665	geographic location (latitude)	44.262
ERS31168665	geographic location (longitude)	5.828
ERS31168665	geographic location (region and locality)	Confluence Buech-Meouge, Buech
ERS31168665	host subject id	14Bue1001
ERS31168666	TITLE	Parachondrostoma toxostoma midgut bacterial microbiota, Bue 2014, individual 1011
ERS31168666	collection date	2014-07-03
ERS31168666	geographic location (latitude)	44.262
ERS31168666	geographic location (longitude)	5.828
ERS31168666	geographic location (region and locality)	Confluence Buech-Meouge, Buech
ERS31168666	host common name	toxostome
ERS31168666	host scientific name	Parachondrostoma toxostoma
ERS31168666	host subject id	14Bue1011
ERS31168667	TITLE	Parachondrostoma toxostoma midgut bacterial microbiota, Bue 2014, individual 1019
ERS31168667	collection date	2014-07-03
ERS31168667	geographic location (latitude)	44.262
ERS31168667	geographic location (longitude)	5.828
ERS31168667	geographic location (region and locality)	Confluence Buech-Meouge, Buech
ERS31168667	host common name	toxostome
ERS31168667	host scientific name	Parachondrostoma toxostoma
ERS31168667	host subject id	14Bue1019
ERS31168668	TITLE	Parachondrostoma toxostoma midgut bacterial microbiota, Man 2014, individual 1015
ERS31168668	collection date	2014-07-23
ERS31168668	geographic location (latitude)	43.919667
ERS31168668	geographic location (longitude)	5.896278
ERS31168668	geographic location (region and locality)	Manosque-Oraison, Durance
ERS31168668	host common name	toxostome
ERS31168668	host scientific name	Parachondrostoma toxostoma
ERS31168668	host subject id	14Man1015
ERS31168669	TITLE	Parachondrostoma toxostoma midgut bacterial microbiota, Per 2014, individual 1011
ERS31168669	collection date	2014-07-07
ERS31168669	geographic location (latitude)	43.668139
ERS31168669	geographic location (longitude)	5.493
ERS31168669	geographic location (region and locality)	Pertuis, Durance
ERS31168669	host common name	toxostome
ERS31168669	host scientific name	Parachondrostoma toxostoma
ERS31168669	host subject id	14Per1011
ERS31168670	TITLE	Parachondrostoma toxostoma midgut bacterial microbiota, Per 2014, individual 2015
ERS31168670	collection date	2014-08-20
ERS31168670	geographic location (latitude)	43.668139
ERS31168670	geographic location (longitude)	5.493
ERS31168670	geographic location (region and locality)	Pertuis, Durance
ERS31168670	host common name	toxostome
ERS31168670	host scientific name	Parachondrostoma toxostoma
ERS31168670	host subject id	14Per2015
ERS31168672	collection date	2014-08-12
ERS31168672	geographic location (latitude)	46.264389
ERS31168672	geographic location (longitude)	5.429444
ERS31168672	geographic location (region and locality)	Chavannes-sur-Suran, Suran
ERS31168672	host subject id	14Ain1013
ERS31168673	collection date	2014-08-12
ERS31168673	geographic location (latitude)	46.264389
ERS31168673	geographic location (longitude)	5.429444
ERS31168673	geographic location (region and locality)	Chavannes-sur-Suran, Suran
ERS31168673	host subject id	14Ain1043
ERS31168674	TITLE	Chondrostoma nasus midgut bacterial microbiota, Cab 2015, individual 1008
ERS31168674	collection date	2015-08-26
ERS31168674	geographic location (latitude)	46.048
ERS31168674	geographic location (longitude)	5.324
ERS31168674	geographic location (region and locality)	Pont-d'Ain, Suran
ERS31168674	host common name	nase
ERS31168674	host scientific name	Chondrostoma nasus
ERS31168674	host subject id	15Cab1008
ERS31168675	TITLE	Parachondrostoma toxostoma midgut bacterial microbiota, Cab 2015, individual 1016
ERS31168675	collection date	2015-08-26
ERS31168675	geographic location (latitude)	46.264389
ERS31168675	geographic location (longitude)	5.429444
ERS31168675	geographic location (region and locality)	Chavannes-sur-Suran, Suran
ERS31168675	host common name	toxostome
ERS31168675	host scientific name	Parachondrostoma toxostoma
ERS31168675	host subject id	15Cab1016
ERS31168676	collection date	2014-07-17
ERS31168676	geographic location (latitude)	43.913
ERS31168676	geographic location (longitude)	4.820722
ERS31168676	geographic location (region and locality)	Avignon, Durance
ERS31168676	host subject id	14Avi1005
ERS31168677	collection date	2014-07-03
ERS31168677	geographic location (latitude)	44.262
ERS31168677	geographic location (longitude)	5.828
ERS31168677	geographic location (region and locality)	Confluence Buech-Meouge, Buech
ERS31168677	host subject id	14Bue1002
ERS31168678	TITLE	Parachondrostoma toxostoma midgut bacterial microbiota, Bue 2014, individual 1012
ERS31168678	collection date	2014-07-03
ERS31168678	geographic location (latitude)	44.262
ERS31168678	geographic location (longitude)	5.828
ERS31168678	geographic location (region and locality)	Confluence Buech-Meouge, Buech
ERS31168678	host common name	toxostome
ERS31168678	host scientific name	Parachondrostoma toxostoma
ERS31168678	host subject id	14Bue1012
ERS31168679	TITLE	Parachondrostoma toxostoma midgut bacterial microbiota, Man 2014, individual 1001
ERS31168679	collection date	2014-07-23
ERS31168679	geographic location (latitude)	43.919667
ERS31168679	geographic location (longitude)	5.896278
ERS31168679	geographic location (region and locality)	Manosque-Oraison, Durance
ERS31168679	host common name	toxostome
ERS31168679	host scientific name	Parachondrostoma toxostoma
ERS31168679	host subject id	14Man1001
ERS31168680	TITLE	Parachondrostoma toxostoma midgut bacterial microbiota, Man 2014, individual 1016
ERS31168680	collection date	2014-07-23
ERS31168680	geographic location (latitude)	43.919667
ERS31168680	geographic location (longitude)	5.896278
ERS31168680	geographic location (region and locality)	Manosque-Oraison, Durance
ERS31168680	host common name	toxostome
ERS31168680	host scientific name	Parachondrostoma toxostoma
ERS31168680	host subject id	14Man1016
ERS31168681	TITLE	Parachondrostoma toxostoma midgut bacterial microbiota, Per 2014, individual 1012
ERS31168681	collection date	2014-07-07
ERS31168681	geographic location (latitude)	43.668139
ERS31168681	geographic location (longitude)	5.493
ERS31168681	geographic location (region and locality)	Pertuis, Durance
ERS31168681	host common name	toxostome
ERS31168681	host scientific name	Parachondrostoma toxostoma
ERS31168681	host subject id	14Per1012
ERS31168684	collection date	2014-08-12
ERS31168684	geographic location (latitude)	46.264389
ERS31168684	geographic location (longitude)	5.429444
ERS31168684	geographic location (region and locality)	Chavannes-sur-Suran, Suran
ERS31168684	host subject id	14Ain1014
ERS31168685	TITLE	Chondrostoma nasus midgut bacterial microbiota, Cab 2015, individual 1001
ERS31168685	collection date	2015-08-26
ERS31168685	geographic location (latitude)	46.048
ERS31168685	geographic location (longitude)	5.324
ERS31168685	geographic location (region and locality)	Pont-d'Ain, Suran
ERS31168685	host common name	nase
ERS31168685	host scientific name	Chondrostoma nasus
ERS31168685	host subject id	15Cab1001
ERS31168686	TITLE	Chondrostoma nasus x Parachondrostoma toxostoma midgut bacterial microbiota, Cab 2015, individual 1009
ERS31168686	collection date	2015-08-26
ERS31168686	geographic location (latitude)	46.048
ERS31168686	geographic location (longitude)	5.324
ERS31168686	geographic location (region and locality)	Pont-d'Ain, Suran
ERS31168686	host common name	nasus x toxostoma
ERS31168686	host scientific name	Chondrostoma nasus x Parachondrostoma toxostoma
ERS31168686	host subject id	15Cab1009
ERS31168687	TITLE	Parachondrostoma toxostoma midgut bacterial microbiota, Cab 2015, individual 1017
ERS31168687	collection date	2015-08-26
ERS31168687	geographic location (latitude)	46.264389
ERS31168687	geographic location (longitude)	5.429444
ERS31168687	geographic location (region and locality)	Chavannes-sur-Suran, Suran
ERS31168687	host common name	toxostome
ERS31168687	host scientific name	Parachondrostoma toxostoma
ERS31168687	host subject id	15Cab1017
ERS31168688	collection date	2014-07-17
ERS31168688	geographic location (latitude)	43.913
ERS31168688	geographic location (longitude)	4.820722
ERS31168688	geographic location (region and locality)	Avignon, Durance
ERS31168688	host subject id	14Avi1006
ERS31168689	collection date	2014-07-03
ERS31168689	geographic location (latitude)	44.262
ERS31168689	geographic location (longitude)	5.828
ERS31168689	geographic location (region and locality)	Confluence Buech-Meouge, Buech
ERS31168689	host subject id	14Bue1003
ERS31168690	TITLE	Parachondrostoma toxostoma midgut bacterial microbiota, Bue 2014, individual 1013
ERS31168690	collection date	2014-07-03
ERS31168690	geographic location (latitude)	44.262
ERS31168690	geographic location (longitude)	5.828
ERS31168690	geographic location (region and locality)	Confluence Buech-Meouge, Buech
ERS31168690	host common name	toxostome
ERS31168690	host scientific name	Parachondrostoma toxostoma
ERS31168690	host subject id	14Bue1013
ERS31168691	TITLE	Chondrostoma nasus x Parachondrostoma toxostoma midgut bacterial microbiota, Man 2014, individual 1002
ERS31168691	collection date	2014-07-23
ERS31168691	geographic location (latitude)	43.919667
ERS31168691	geographic location (longitude)	5.896278
ERS31168691	geographic location (region and locality)	Manosque-Oraison, Durance
ERS31168691	host common name	nasus x toxostoma
ERS31168691	host scientific name	Chondrostoma nasus x Parachondrostoma toxostoma
ERS31168691	host subject id	14Man1002
ERS31168692	TITLE	Parachondrostoma toxostoma midgut bacterial microbiota, Man 2014, individual 1017
ERS31168692	collection date	2014-07-23
ERS31168692	geographic location (latitude)	43.919667
ERS31168692	geographic location (longitude)	5.896278
ERS31168692	geographic location (region and locality)	Manosque-Oraison, Durance
ERS31168692	host common name	toxostome
ERS31168692	host scientific name	Parachondrostoma toxostoma
ERS31168692	host subject id	14Man1017
ERS31168693	TITLE	Parachondrostoma toxostoma midgut bacterial microbiota, Per 2014, individual 1013
ERS31168693	collection date	2014-07-07
ERS31168693	geographic location (latitude)	43.668139
ERS31168693	geographic location (longitude)	5.493
ERS31168693	geographic location (region and locality)	Pertuis, Durance
ERS31168693	host common name	toxostome
ERS31168693	host scientific name	Parachondrostoma toxostoma
ERS31168693	host subject id	14Per1013
ERS31168696	collection date	2014-08-12
ERS31168696	geographic location (latitude)	46.048
ERS31168696	geographic location (longitude)	5.324
ERS31168696	geographic location (region and locality)	Pont-d'Ain, Suran
ERS31168696	host subject id	14Ain1036
ERS31168697	TITLE	Chondrostoma nasus midgut bacterial microbiota, Cab 2015, individual 1002
ERS31168697	collection date	2015-08-26
ERS31168697	geographic location (latitude)	46.048
ERS31168697	geographic location (longitude)	5.324
ERS31168697	geographic location (region and locality)	Pont-d'Ain, Suran
ERS31168697	host common name	nase
ERS31168697	host scientific name	Chondrostoma nasus
ERS31168697	host subject id	15Cab1002
ERS31168698	TITLE	Chondrostoma nasus x Parachondrostoma toxostoma midgut bacterial microbiota, Cab 2015, individual 1010
ERS31168698	collection date	2015-08-26
ERS31168698	geographic location (latitude)	46.048
ERS31168698	geographic location (longitude)	5.324
ERS31168698	geographic location (region and locality)	Pont-d'Ain, Suran
ERS31168698	host common name	nasus x toxostoma
ERS31168698	host scientific name	Chondrostoma nasus x Parachondrostoma toxostoma
ERS31168698	host subject id	15Cab1010
ERS31168699	TITLE	Parachondrostoma toxostoma midgut bacterial microbiota, Cab 2015, individual 1018
ERS31168699	collection date	2015-08-26
ERS31168699	geographic location (latitude)	46.264389
ERS31168699	geographic location (longitude)	5.429444
ERS31168699	geographic location (region and locality)	Chavannes-sur-Suran, Suran
ERS31168699	host common name	toxostome
ERS31168699	host scientific name	Parachondrostoma toxostoma
ERS31168699	host subject id	15Cab1018
ERS31168700	collection date	2014-07-17
ERS31168700	geographic location (latitude)	43.913
ERS31168700	geographic location (longitude)	4.820722
ERS31168700	geographic location (region and locality)	Avignon, Durance
ERS31168700	host subject id	14Avi1007
ERS31168701	collection date	2014-07-03
ERS31168701	geographic location (latitude)	44.262
ERS31168701	geographic location (longitude)	5.828
ERS31168701	geographic location (region and locality)	Confluence Buech-Meouge, Buech
ERS31168701	host subject id	14Bue1004
ERS31168702	TITLE	Parachondrostoma toxostoma midgut bacterial microbiota, Bue 2014, individual 1014
ERS31168702	collection date	2014-07-03
ERS31168702	geographic location (latitude)	44.262
ERS31168702	geographic location (longitude)	5.828
ERS31168702	geographic location (region and locality)	Confluence Buech-Meouge, Buech
ERS31168702	host common name	toxostome
ERS31168702	host scientific name	Parachondrostoma toxostoma
ERS31168702	host subject id	14Bue1014
ERS31168703	TITLE	Chondrostoma nasus x Parachondrostoma toxostoma midgut bacterial microbiota, Man 2014, individual 1010
ERS31168703	collection date	2014-07-23
ERS31168703	geographic location (latitude)	43.919667
ERS31168703	geographic location (longitude)	5.896278
ERS31168703	geographic location (region and locality)	Manosque-Oraison, Durance
ERS31168703	host common name	nasus x toxostoma
ERS31168703	host scientific name	Chondrostoma nasus x Parachondrostoma toxostoma
ERS31168703	host subject id	14Man1010
ERS31168704	TITLE	Parachondrostoma toxostoma midgut bacterial microbiota, Man 2014, individual 1018
ERS31168704	collection date	2014-07-23
ERS31168704	geographic location (latitude)	43.919667
ERS31168704	geographic location (longitude)	5.896278
ERS31168704	geographic location (region and locality)	Manosque-Oraison, Durance
ERS31168704	host common name	toxostome
ERS31168704	host scientific name	Parachondrostoma toxostoma
ERS31168704	host subject id	14Man1018
ERS31168705	TITLE	Parachondrostoma toxostoma midgut bacterial microbiota, Per 2014, individual 1014
ERS31168705	collection date	2014-07-07
ERS31168705	geographic location (latitude)	43.668139
ERS31168705	geographic location (longitude)	5.493
ERS31168705	geographic location (region and locality)	Pertuis, Durance
ERS31168705	host common name	toxostome
ERS31168705	host scientific name	Parachondrostoma toxostoma
ERS31168705	host subject id	14Per1014
ERS31168708	collection date	2014-08-12
ERS31168708	geographic location (latitude)	46.048
ERS31168708	geographic location (longitude)	5.324
ERS31168708	geographic location (region and locality)	Pont-d'Ain, Suran
ERS31168708	host subject id	14Ain1037
ERS31168709	TITLE	Chondrostoma nasus midgut bacterial microbiota, Cab 2015, individual 1003
ERS31168709	collection date	2015-08-26
ERS31168709	geographic location (latitude)	46.048
ERS31168709	geographic location (longitude)	5.324
ERS31168709	geographic location (region and locality)	Pont-d'Ain, Suran
ERS31168709	host common name	nase
ERS31168709	host scientific name	Chondrostoma nasus
ERS31168709	host subject id	15Cab1003
ERS31168710	TITLE	Parachondrostoma toxostoma midgut bacterial microbiota, Cab 2015, individual 1011
ERS31168710	collection date	2015-08-26
ERS31168710	geographic location (latitude)	46.264389
ERS31168710	geographic location (longitude)	5.429444
ERS31168710	geographic location (region and locality)	Chavannes-sur-Suran, Suran
ERS31168710	host common name	toxostome
ERS31168710	host scientific name	Parachondrostoma toxostoma
ERS31168710	host subject id	15Cab1011
ERS31168711	TITLE	Parachondrostoma toxostoma midgut bacterial microbiota, Cab 2015, individual 1019
ERS31168711	collection date	2015-08-26
ERS31168711	geographic location (latitude)	46.264389
ERS31168711	geographic location (longitude)	5.429444
ERS31168711	geographic location (region and locality)	Chavannes-sur-Suran, Suran
ERS31168711	host common name	toxostome
ERS31168711	host scientific name	Parachondrostoma toxostoma
ERS31168711	host subject id	15Cab1019
ERS31168712	collection date	2014-07-17
ERS31168712	geographic location (latitude)	43.913
ERS31168712	geographic location (longitude)	4.820722
ERS31168712	geographic location (region and locality)	Avignon, Durance
ERS31168712	host subject id	14Avi1008
ERS31168713	collection date	2014-07-03
ERS31168713	geographic location (latitude)	44.262
ERS31168713	geographic location (longitude)	5.828
ERS31168713	geographic location (region and locality)	Confluence Buech-Meouge, Buech
ERS31168713	host subject id	14Bue1005
ERS31168714	TITLE	Parachondrostoma toxostoma midgut bacterial microbiota, Bue 2014, individual 1015
ERS31168714	collection date	2014-07-03
ERS31168714	geographic location (latitude)	44.262
ERS31168714	geographic location (longitude)	5.828
ERS31168714	geographic location (region and locality)	Confluence Buech-Meouge, Buech
ERS31168714	host common name	toxostome
ERS31168714	host scientific name	Parachondrostoma toxostoma
ERS31168714	host subject id	14Bue1015
ERS31168715	TITLE	Chondrostoma nasus x Parachondrostoma toxostoma midgut bacterial microbiota, Man 2014, individual 1011
ERS31168715	collection date	2014-07-23
ERS31168715	geographic location (latitude)	43.919667
ERS31168715	geographic location (longitude)	5.896278
ERS31168715	geographic location (region and locality)	Manosque-Oraison, Durance
ERS31168715	host common name	nasus x toxostoma
ERS31168715	host scientific name	Chondrostoma nasus x Parachondrostoma toxostoma
ERS31168715	host subject id	14Man1011
ERS31168716	TITLE	Parachondrostoma toxostoma midgut bacterial microbiota, Man 2014, individual 1019
ERS31168716	collection date	2014-07-23
ERS31168716	geographic location (latitude)	43.919667
ERS31168716	geographic location (longitude)	5.896278
ERS31168716	geographic location (region and locality)	Manosque-Oraison, Durance
ERS31168716	host common name	toxostome
ERS31168716	host scientific name	Parachondrostoma toxostoma
ERS31168716	host subject id	14Man1019
ERS31168717	TITLE	Parachondrostoma toxostoma midgut bacterial microbiota, Per 2014, individual 2011
ERS31168717	collection date	2014-08-20
ERS31168717	geographic location (latitude)	43.668139
ERS31168717	geographic location (longitude)	5.493
ERS31168717	geographic location (region and locality)	Pertuis, Durance
ERS31168717	host common name	toxostome
ERS31168717	host scientific name	Parachondrostoma toxostoma
ERS31168717	host subject id	14Per2011
ERS31168720	TITLE	Parachondrostoma toxostoma midgut bacterial microbiota, Bau 2015, individual 1001
ERS31168720	collection date	2015-07-22
ERS31168720	geographic location (latitude)	44.475
ERS31168720	geographic location (longitude)	4.264
ERS31168720	geographic location (region and locality)	Rosieres, Beaume
ERS31168720	host common name	toxostome
ERS31168720	host scientific name	Parachondrostoma toxostoma
ERS31168720	host subject id	15Bau1001
ERS31168721	TITLE	Parachondrostoma toxostoma midgut bacterial microbiota, Bau 2015, individual 1009
ERS31168721	collection date	2015-07-22
ERS31168721	geographic location (latitude)	44.475
ERS31168721	geographic location (longitude)	4.264
ERS31168721	geographic location (region and locality)	Rosieres, Beaume
ERS31168721	host common name	toxostome
ERS31168721	host scientific name	Parachondrostoma toxostoma
ERS31168721	host subject id	15Bau1009
ERS31168722	TITLE	Parachondrostoma toxostoma midgut bacterial microbiota, Bau 2015, individual 1017
ERS31168722	collection date	2015-07-22
ERS31168722	geographic location (latitude)	44.475
ERS31168722	geographic location (longitude)	4.264
ERS31168722	geographic location (region and locality)	Rosieres, Beaume
ERS31168722	host common name	toxostome
ERS31168722	host scientific name	Parachondrostoma toxostoma
ERS31168722	host subject id	15Bau1017
ERS31168723	TITLE	Parachondrostoma toxostoma midgut bacterial microbiota, Bau 2015, individual 1025
ERS31168723	collection date	2015-07-22
ERS31168723	geographic location (latitude)	44.475
ERS31168723	geographic location (longitude)	4.264
ERS31168723	geographic location (region and locality)	Rosieres, Beaume
ERS31168723	host common name	toxostome
ERS31168723	host scientific name	Parachondrostoma toxostoma
ERS31168723	host subject id	15Bau1025
ERS31168724	TITLE	Parachondrostoma toxostoma midgut bacterial microbiota, Jus 2015, individual 1008
ERS31168724	collection date	2015-07-21
ERS31168724	geographic location (latitude)	44.286
ERS31168724	geographic location (longitude)	4.597833
ERS31168724	geographic location (region and locality)	Saint-Just-d'Ardeche, Ardeche
ERS31168724	host common name	toxostome
ERS31168724	host scientific name	Parachondrostoma toxostoma
ERS31168724	host subject id	15Jus1008
ERS31168725	TITLE	Chondrostoma nasus x Parachondrostoma toxostoma midgut bacterial microbiota, Jus 2015, individual 1016
ERS31168725	collection date	2015-07-21
ERS31168725	geographic location (latitude)	44.286
ERS31168725	geographic location (longitude)	4.597833
ERS31168725	geographic location (region and locality)	Saint-Just-d'Ardeche, Ardeche
ERS31168725	host common name	nasus x toxostoma
ERS31168725	host scientific name	Chondrostoma nasus x Parachondrostoma toxostoma
ERS31168725	host subject id	15Jus1016
ERS31168726	TITLE	Chondrostoma nasus midgut bacterial microbiota, Caa 2015, individual 1005
ERS31168726	collection date	2015-09-08
ERS31168726	geographic location (latitude)	43.853389
ERS31168726	geographic location (longitude)	5.858444
ERS31168726	geographic location (region and locality)	Canal (usine du Largue), Canal
ERS31168726	host common name	nase
ERS31168726	host scientific name	Chondrostoma nasus
ERS31168726	host subject id	15Caa1005
ERS31168727	TITLE	Parachondrostoma toxostoma midgut bacterial microbiota, Caa 2015, individual 1013
ERS31168727	collection date	2015-09-08
ERS31168727	geographic location (latitude)	43.853389
ERS31168727	geographic location (longitude)	5.858444
ERS31168727	geographic location (region and locality)	Canal (usine du Largue), Canal
ERS31168727	host common name	toxostome
ERS31168727	host scientific name	Parachondrostoma toxostoma
ERS31168727	host subject id	15Caa1013
ERS31168728	TITLE	Chondrostoma nasus x Parachondrostoma toxostoma midgut bacterial microbiota, Avi 2015, individual 1001
ERS31168728	collection date	2015-07-10
ERS31168728	geographic location (latitude)	43.913
ERS31168728	geographic location (longitude)	4.820722
ERS31168728	geographic location (region and locality)	Avignon, Durance
ERS31168728	host common name	nasus x toxostoma
ERS31168728	host scientific name	Chondrostoma nasus x Parachondrostoma toxostoma
ERS31168728	host subject id	15Avi1001
ERS31168729	collection date	2015-07-10
ERS31168729	geographic location (latitude)	43.913
ERS31168729	geographic location (longitude)	4.820722
ERS31168729	geographic location (region and locality)	Avignon, Durance
ERS31168729	host subject id	15Avi1009
ERS31168730	TITLE	Parachondrostoma toxostoma midgut bacterial microbiota, Bue 2015, individual 1004
ERS31168730	collection date	2015-07-17
ERS31168730	geographic location (latitude)	44.262
ERS31168730	geographic location (longitude)	5.828
ERS31168730	geographic location (region and locality)	Confluence Buech-Meouge, Buech
ERS31168730	host common name	toxostome
ERS31168730	host scientific name	Parachondrostoma toxostoma
ERS31168730	host subject id	15Bue1004
ERS31168731	TITLE	Chondrostoma nasus x Parachondrostoma toxostoma midgut bacterial microbiota, Bue 2015, individual 1012
ERS31168731	collection date	2015-07-17
ERS31168731	geographic location (latitude)	44.262
ERS31168731	geographic location (longitude)	5.828
ERS31168731	geographic location (region and locality)	Confluence Buech-Meouge, Buech
ERS31168731	host common name	nasus x toxostoma
ERS31168731	host scientific name	Chondrostoma nasus x Parachondrostoma toxostoma
ERS31168731	host subject id	15Bue1012
ERS31168732	TITLE	Parachondrostoma toxostoma midgut bacterial microbiota, Bau 2015, individual 1002
ERS31168732	collection date	2015-07-22
ERS31168732	geographic location (latitude)	44.475
ERS31168732	geographic location (longitude)	4.264
ERS31168732	geographic location (region and locality)	Rosieres, Beaume
ERS31168732	host common name	toxostome
ERS31168732	host scientific name	Parachondrostoma toxostoma
ERS31168732	host subject id	15Bau1002
ERS31168733	TITLE	Chondrostoma nasus x Parachondrostoma toxostoma midgut bacterial microbiota, Bau 2015, individual 1010
ERS31168733	collection date	2015-07-22
ERS31168733	geographic location (latitude)	44.475
ERS31168733	geographic location (longitude)	4.264
ERS31168733	geographic location (region and locality)	Rosieres, Beaume
ERS31168733	host common name	nasus x toxostoma
ERS31168733	host scientific name	Chondrostoma nasus x Parachondrostoma toxostoma
ERS31168733	host subject id	15Bau1010
ERS31168734	TITLE	Parachondrostoma toxostoma midgut bacterial microbiota, Bau 2015, individual 1018
ERS31168734	collection date	2015-07-22
ERS31168734	geographic location (latitude)	44.475
ERS31168734	geographic location (longitude)	4.264
ERS31168734	geographic location (region and locality)	Rosieres, Beaume
ERS31168734	host common name	toxostome
ERS31168734	host scientific name	Parachondrostoma toxostoma
ERS31168734	host subject id	15Bau1018
ERS31168735	TITLE	Parachondrostoma toxostoma midgut bacterial microbiota, Jus 2015, individual 1001
ERS31168735	collection date	2015-07-21
ERS31168735	geographic location (latitude)	44.286
ERS31168735	geographic location (longitude)	4.597833
ERS31168735	geographic location (region and locality)	Saint-Just-d'Ardeche, Ardeche
ERS31168735	host common name	toxostome
ERS31168735	host scientific name	Parachondrostoma toxostoma
ERS31168735	host subject id	15Jus1001
ERS31168736	TITLE	Chondrostoma nasus x Parachondrostoma toxostoma midgut bacterial microbiota, Jus 2015, individual 1009
ERS31168736	collection date	2015-07-21
ERS31168736	geographic location (latitude)	44.286
ERS31168736	geographic location (longitude)	4.597833
ERS31168736	geographic location (region and locality)	Saint-Just-d'Ardeche, Ardeche
ERS31168736	host common name	nasus x toxostoma
ERS31168736	host scientific name	Chondrostoma nasus x Parachondrostoma toxostoma
ERS31168736	host subject id	15Jus1009
ERS31168737	TITLE	Chondrostoma nasus midgut bacterial microbiota, Jus 2015, individual 1017
ERS31168737	collection date	2015-07-21
ERS31168737	geographic location (latitude)	44.286
ERS31168737	geographic location (longitude)	4.597833
ERS31168737	geographic location (region and locality)	Saint-Just-d'Ardeche, Ardeche
ERS31168737	host common name	nase
ERS31168737	host scientific name	Chondrostoma nasus
ERS31168737	host subject id	15Jus1017
ERS31168738	TITLE	Chondrostoma nasus x Parachondrostoma toxostoma midgut bacterial microbiota, Caa 2015, individual 1006
ERS31168738	collection date	2015-09-08
ERS31168738	geographic location (latitude)	43.853389
ERS31168738	geographic location (longitude)	5.858444
ERS31168738	geographic location (region and locality)	Canal (usine du Largue), Canal
ERS31168738	host common name	nasus x toxostoma
ERS31168738	host scientific name	Chondrostoma nasus x Parachondrostoma toxostoma
ERS31168738	host subject id	15Caa1006
ERS31168739	TITLE	Parachondrostoma toxostoma midgut bacterial microbiota, Caa 2015, individual 1014
ERS31168739	collection date	2015-09-08
ERS31168739	geographic location (latitude)	43.853389
ERS31168739	geographic location (longitude)	5.858444
ERS31168739	geographic location (region and locality)	Canal (usine du Largue), Canal
ERS31168739	host common name	toxostome
ERS31168739	host scientific name	Parachondrostoma toxostoma
ERS31168739	host subject id	15Caa1014
ERS31168740	TITLE	Chondrostoma nasus x Parachondrostoma toxostoma midgut bacterial microbiota, Avi 2015, individual 1002
ERS31168740	collection date	2015-07-10
ERS31168740	geographic location (latitude)	43.913
ERS31168740	geographic location (longitude)	4.820722
ERS31168740	geographic location (region and locality)	Avignon, Durance
ERS31168740	host common name	nasus x toxostoma
ERS31168740	host scientific name	Chondrostoma nasus x Parachondrostoma toxostoma
ERS31168740	host subject id	15Avi1002
ERS31168741	collection date	2015-07-10
ERS31168741	geographic location (latitude)	43.913
ERS31168741	geographic location (longitude)	4.820722
ERS31168741	geographic location (region and locality)	Avignon, Durance
ERS31168741	host subject id	15Avi1010
ERS31168742	TITLE	Chondrostoma nasus x Parachondrostoma toxostoma midgut bacterial microbiota, Bue 2015, individual 1005
ERS31168742	collection date	2015-07-17
ERS31168742	geographic location (latitude)	44.262
ERS31168742	geographic location (longitude)	5.828
ERS31168742	geographic location (region and locality)	Confluence Buech-Meouge, Buech
ERS31168742	host common name	nasus x toxostoma
ERS31168742	host scientific name	Chondrostoma nasus x Parachondrostoma toxostoma
ERS31168742	host subject id	15Bue1005
ERS31168743	TITLE	Parachondrostoma toxostoma midgut bacterial microbiota, Bue 2015, individual 1013
ERS31168743	collection date	2015-07-17
ERS31168743	geographic location (latitude)	44.262
ERS31168743	geographic location (longitude)	5.828
ERS31168743	geographic location (region and locality)	Confluence Buech-Meouge, Buech
ERS31168743	host common name	toxostome
ERS31168743	host scientific name	Parachondrostoma toxostoma
ERS31168743	host subject id	15Bue1013
ERS31168744	TITLE	Parachondrostoma toxostoma midgut bacterial microbiota, Bau 2015, individual 1003
ERS31168744	collection date	2015-07-22
ERS31168744	geographic location (latitude)	44.475
ERS31168744	geographic location (longitude)	4.264
ERS31168744	geographic location (region and locality)	Rosieres, Beaume
ERS31168744	host common name	toxostome
ERS31168744	host scientific name	Parachondrostoma toxostoma
ERS31168744	host subject id	15Bau1003
ERS31168745	TITLE	Parachondrostoma toxostoma midgut bacterial microbiota, Bau 2015, individual 1011
ERS31168745	collection date	2015-07-22
ERS31168745	geographic location (latitude)	44.475
ERS31168745	geographic location (longitude)	4.264
ERS31168745	geographic location (region and locality)	Rosieres, Beaume
ERS31168745	host common name	toxostome
ERS31168745	host scientific name	Parachondrostoma toxostoma
ERS31168745	host subject id	15Bau1011
ERS31168746	TITLE	Chondrostoma nasus x Parachondrostoma toxostoma midgut bacterial microbiota, Bau 2015, individual 1019
ERS31168746	collection date	2015-07-22
ERS31168746	geographic location (latitude)	44.475
ERS31168746	geographic location (longitude)	4.264
ERS31168746	geographic location (region and locality)	Rosieres, Beaume
ERS31168746	host common name	nasus x toxostoma
ERS31168746	host scientific name	Chondrostoma nasus x Parachondrostoma toxostoma
ERS31168746	host subject id	15Bau1019
ERS31168747	TITLE	Chondrostoma nasus x Parachondrostoma toxostoma midgut bacterial microbiota, Jus 2015, individual 1002
ERS31168747	collection date	2015-07-21
ERS31168747	geographic location (latitude)	44.286
ERS31168747	geographic location (longitude)	4.597833
ERS31168747	geographic location (region and locality)	Saint-Just-d'Ardeche, Ardeche
ERS31168747	host common name	nasus x toxostoma
ERS31168747	host scientific name	Chondrostoma nasus x Parachondrostoma toxostoma
ERS31168747	host subject id	15Jus1002
ERS31168748	TITLE	Chondrostoma nasus midgut bacterial microbiota, Jus 2015, individual 1010
ERS31168748	collection date	2015-07-21
ERS31168748	geographic location (latitude)	44.286
ERS31168748	geographic location (longitude)	4.597833
ERS31168748	geographic location (region and locality)	Saint-Just-d'Ardeche, Ardeche
ERS31168748	host common name	nase
ERS31168748	host scientific name	Chondrostoma nasus
ERS31168748	host subject id	15Jus1010
ERS31168749	TITLE	Chondrostoma nasus midgut bacterial microbiota, Jus 2015, individual 1018
ERS31168749	collection date	2015-07-21
ERS31168749	geographic location (latitude)	44.286
ERS31168749	geographic location (longitude)	4.597833
ERS31168749	geographic location (region and locality)	Saint-Just-d'Ardeche, Ardeche
ERS31168749	host common name	nase
ERS31168749	host scientific name	Chondrostoma nasus
ERS31168749	host subject id	15Jus1018
ERS31168750	TITLE	Chondrostoma nasus midgut bacterial microbiota, Caa 2015, individual 1007
ERS31168750	collection date	2015-09-08
ERS31168750	geographic location (latitude)	43.853389
ERS31168750	geographic location (longitude)	5.858444
ERS31168750	geographic location (region and locality)	Canal (usine du Largue), Canal
ERS31168750	host common name	nase
ERS31168750	host scientific name	Chondrostoma nasus
ERS31168750	host subject id	15Caa1007
ERS31168751	TITLE	Chondrostoma nasus x Parachondrostoma toxostoma midgut bacterial microbiota, Caa 2015, individual 1015
ERS31168751	collection date	2015-09-08
ERS31168751	geographic location (latitude)	43.853389
ERS31168751	geographic location (longitude)	5.858444
ERS31168751	geographic location (region and locality)	Canal (usine du Largue), Canal
ERS31168751	host common name	nasus x toxostoma
ERS31168751	host scientific name	Chondrostoma nasus x Parachondrostoma toxostoma
ERS31168751	host subject id	15Caa1015
ERS31168752	collection date	2015-07-10
ERS31168752	geographic location (latitude)	43.913
ERS31168752	geographic location (longitude)	4.820722
ERS31168752	geographic location (region and locality)	Avignon, Durance
ERS31168752	host subject id	15Avi1003
ERS31168753	TITLE	Chondrostoma nasus x Parachondrostoma toxostoma midgut bacterial microbiota, Avi 2015, individual 1011
ERS31168753	collection date	2015-07-10
ERS31168753	geographic location (latitude)	43.913
ERS31168753	geographic location (longitude)	4.820722
ERS31168753	geographic location (region and locality)	Avignon, Durance
ERS31168753	host common name	nasus x toxostoma
ERS31168753	host scientific name	Chondrostoma nasus x Parachondrostoma toxostoma
ERS31168753	host subject id	15Avi1011
ERS31168754	TITLE	Parachondrostoma toxostoma midgut bacterial microbiota, Bue 2015, individual 1006
ERS31168754	collection date	2015-07-17
ERS31168754	geographic location (latitude)	44.262
ERS31168754	geographic location (longitude)	5.828
ERS31168754	geographic location (region and locality)	Confluence Buech-Meouge, Buech
ERS31168754	host common name	toxostome
ERS31168754	host scientific name	Parachondrostoma toxostoma
ERS31168754	host subject id	15Bue1006
ERS31168755	TITLE	Parachondrostoma toxostoma midgut bacterial microbiota, Bue 2015, individual 1014
ERS31168755	collection date	2015-07-17
ERS31168755	geographic location (latitude)	44.262
ERS31168755	geographic location (longitude)	5.828
ERS31168755	geographic location (region and locality)	Confluence Buech-Meouge, Buech
ERS31168755	host common name	toxostome
ERS31168755	host scientific name	Parachondrostoma toxostoma
ERS31168755	host subject id	15Bue1014
ERS31168756	TITLE	Chondrostoma nasus x Parachondrostoma toxostoma midgut bacterial microbiota, Bau 2015, individual 1004
ERS31168756	collection date	2015-07-22
ERS31168756	geographic location (latitude)	44.475
ERS31168756	geographic location (longitude)	4.264
ERS31168756	geographic location (region and locality)	Rosieres, Beaume
ERS31168756	host common name	nasus x toxostoma
ERS31168756	host scientific name	Chondrostoma nasus x Parachondrostoma toxostoma
ERS31168756	host subject id	15Bau1004
ERS31168757	TITLE	Parachondrostoma toxostoma midgut bacterial microbiota, Bau 2015, individual 1012
ERS31168757	collection date	2015-07-22
ERS31168757	geographic location (latitude)	44.475
ERS31168757	geographic location (longitude)	4.264
ERS31168757	geographic location (region and locality)	Rosieres, Beaume
ERS31168757	host common name	toxostome
ERS31168757	host scientific name	Parachondrostoma toxostoma
ERS31168757	host subject id	15Bau1012
ERS31168758	TITLE	Chondrostoma nasus x Parachondrostoma toxostoma midgut bacterial microbiota, Bau 2015, individual 1020
ERS31168758	collection date	2015-07-22
ERS31168758	geographic location (latitude)	44.475
ERS31168758	geographic location (longitude)	4.264
ERS31168758	geographic location (region and locality)	Rosieres, Beaume
ERS31168758	host common name	nasus x toxostoma
ERS31168758	host scientific name	Chondrostoma nasus x Parachondrostoma toxostoma
ERS31168758	host subject id	15Bau1020
ERS31168759	TITLE	Chondrostoma nasus x Parachondrostoma toxostoma midgut bacterial microbiota, Jus 2015, individual 1003
ERS31168759	collection date	2015-07-21
ERS31168759	geographic location (latitude)	44.286
ERS31168759	geographic location (longitude)	4.597833
ERS31168759	geographic location (region and locality)	Saint-Just-d'Ardeche, Ardeche
ERS31168759	host common name	nasus x toxostoma
ERS31168759	host scientific name	Chondrostoma nasus x Parachondrostoma toxostoma
ERS31168759	host subject id	15Jus1003
ERS31168760	TITLE	Chondrostoma nasus midgut bacterial microbiota, Jus 2015, individual 1011
ERS31168760	collection date	2015-07-21
ERS31168760	geographic location (latitude)	44.286
ERS31168760	geographic location (longitude)	4.597833
ERS31168760	geographic location (region and locality)	Saint-Just-d'Ardeche, Ardeche
ERS31168760	host common name	nase
ERS31168760	host scientific name	Chondrostoma nasus
ERS31168760	host subject id	15Jus1011
ERS31168761	TITLE	Chondrostoma nasus midgut bacterial microbiota, Jus 2015, individual 1019
ERS31168761	collection date	2015-07-21
ERS31168761	geographic location (latitude)	44.286
ERS31168761	geographic location (longitude)	4.597833
ERS31168761	geographic location (region and locality)	Saint-Just-d'Ardeche, Ardeche
ERS31168761	host common name	nase
ERS31168761	host scientific name	Chondrostoma nasus
ERS31168761	host subject id	15Jus1019
ERS31168762	TITLE	Chondrostoma nasus x Parachondrostoma toxostoma midgut bacterial microbiota, Caa 2015, individual 1008
ERS31168762	collection date	2015-09-08
ERS31168762	geographic location (latitude)	43.853389
ERS31168762	geographic location (longitude)	5.858444
ERS31168762	geographic location (region and locality)	Canal (usine du Largue), Canal
ERS31168762	host common name	nasus x toxostoma
ERS31168762	host scientific name	Chondrostoma nasus x Parachondrostoma toxostoma
ERS31168762	host subject id	15Caa1008
ERS31168763	TITLE	Chondrostoma nasus x Parachondrostoma toxostoma midgut bacterial microbiota, Caa 2015, individual 1016
ERS31168763	collection date	2015-09-08
ERS31168763	geographic location (latitude)	43.853389
ERS31168763	geographic location (longitude)	5.858444
ERS31168763	geographic location (region and locality)	Canal (usine du Largue), Canal
ERS31168763	host common name	nasus x toxostoma
ERS31168763	host scientific name	Chondrostoma nasus x Parachondrostoma toxostoma
ERS31168763	host subject id	15Caa1016
ERS31168764	collection date	2015-07-10
ERS31168764	geographic location (latitude)	43.913
ERS31168764	geographic location (longitude)	4.820722
ERS31168764	geographic location (region and locality)	Avignon, Durance
ERS31168764	host subject id	15Avi1004
ERS31168765	TITLE	Chondrostoma nasus x Parachondrostoma toxostoma midgut bacterial microbiota, Avi 2015, individual 1012
ERS31168765	collection date	2015-07-10
ERS31168765	geographic location (latitude)	43.913
ERS31168765	geographic location (longitude)	4.820722
ERS31168765	geographic location (region and locality)	Avignon, Durance
ERS31168765	host common name	nasus x toxostoma
ERS31168765	host scientific name	Chondrostoma nasus x Parachondrostoma toxostoma
ERS31168765	host subject id	15Avi1012
ERS31168766	TITLE	Chondrostoma nasus x Parachondrostoma toxostoma midgut bacterial microbiota, Bue 2015, individual 1007
ERS31168766	collection date	2015-07-17
ERS31168766	geographic location (latitude)	44.262
ERS31168766	geographic location (longitude)	5.828
ERS31168766	geographic location (region and locality)	Confluence Buech-Meouge, Buech
ERS31168766	host common name	nasus x toxostoma
ERS31168766	host scientific name	Chondrostoma nasus x Parachondrostoma toxostoma
ERS31168766	host subject id	15Bue1007
ERS31168767	TITLE	Parachondrostoma toxostoma midgut bacterial microbiota, Bue 2015, individual 1015
ERS31168767	collection date	2015-07-17
ERS31168767	geographic location (latitude)	44.262
ERS31168767	geographic location (longitude)	5.828
ERS31168767	geographic location (region and locality)	Confluence Buech-Meouge, Buech
ERS31168767	host common name	toxostome
ERS31168767	host scientific name	Parachondrostoma toxostoma
ERS31168767	host subject id	15Bue1015
ERS31168768	TITLE	Parachondrostoma toxostoma midgut bacterial microbiota, Bau 2015, individual 1005
ERS31168768	collection date	2015-07-22
ERS31168768	geographic location (latitude)	44.475
ERS31168768	geographic location (longitude)	4.264
ERS31168768	geographic location (region and locality)	Rosieres, Beaume
ERS31168768	host common name	toxostome
ERS31168768	host scientific name	Parachondrostoma toxostoma
ERS31168768	host subject id	15Bau1005
ERS31168769	TITLE	Parachondrostoma toxostoma midgut bacterial microbiota, Bau 2015, individual 1013
ERS31168769	collection date	2015-07-22
ERS31168769	geographic location (latitude)	44.475
ERS31168769	geographic location (longitude)	4.264
ERS31168769	geographic location (region and locality)	Rosieres, Beaume
ERS31168769	host common name	toxostome
ERS31168769	host scientific name	Parachondrostoma toxostoma
ERS31168769	host subject id	15Bau1013
ERS31168770	TITLE	Chondrostoma nasus x Parachondrostoma toxostoma midgut bacterial microbiota, Bau 2015, individual 1021
ERS31168770	collection date	2015-07-22
ERS31168770	geographic location (latitude)	44.475
ERS31168770	geographic location (longitude)	4.264
ERS31168770	geographic location (region and locality)	Rosieres, Beaume
ERS31168770	host common name	nasus x toxostoma
ERS31168770	host scientific name	Chondrostoma nasus x Parachondrostoma toxostoma
ERS31168770	host subject id	15Bau1021
ERS31168771	TITLE	Chondrostoma nasus x Parachondrostoma toxostoma midgut bacterial microbiota, Jus 2015, individual 1004
ERS31168771	collection date	2015-07-21
ERS31168771	geographic location (latitude)	44.286
ERS31168771	geographic location (longitude)	4.597833
ERS31168771	geographic location (region and locality)	Saint-Just-d'Ardeche, Ardeche
ERS31168771	host common name	nasus x toxostoma
ERS31168771	host scientific name	Chondrostoma nasus x Parachondrostoma toxostoma
ERS31168771	host subject id	15Jus1004
ERS31168772	TITLE	Chondrostoma nasus midgut bacterial microbiota, Jus 2015, individual 1012
ERS31168772	collection date	2015-07-21
ERS31168772	geographic location (latitude)	44.286
ERS31168772	geographic location (longitude)	4.597833
ERS31168772	geographic location (region and locality)	Saint-Just-d'Ardeche, Ardeche
ERS31168772	host common name	nase
ERS31168772	host scientific name	Chondrostoma nasus
ERS31168772	host subject id	15Jus1012
ERS31168773	TITLE	Chondrostoma nasus midgut bacterial microbiota, Caa 2015, individual 1001
ERS31168773	collection date	2015-09-08
ERS31168773	geographic location (latitude)	43.853389
ERS31168773	geographic location (longitude)	5.858444
ERS31168773	geographic location (region and locality)	Canal (usine du Largue), Canal
ERS31168773	host common name	nase
ERS31168773	host scientific name	Chondrostoma nasus
ERS31168773	host subject id	15Caa1001
ERS31168774	TITLE	Chondrostoma nasus midgut bacterial microbiota, Caa 2015, individual 1009
ERS31168774	collection date	2015-09-08
ERS31168774	geographic location (latitude)	43.853389
ERS31168774	geographic location (longitude)	5.858444
ERS31168774	geographic location (region and locality)	Canal (usine du Largue), Canal
ERS31168774	host common name	nase
ERS31168774	host scientific name	Chondrostoma nasus
ERS31168774	host subject id	15Caa1009
ERS31168775	TITLE	Chondrostoma nasus x Parachondrostoma toxostoma midgut bacterial microbiota, Caa 2015, individual 1017
ERS31168775	collection date	2015-09-08
ERS31168775	geographic location (latitude)	43.853389
ERS31168775	geographic location (longitude)	5.858444
ERS31168775	geographic location (region and locality)	Canal (usine du Largue), Canal
ERS31168775	host common name	nasus x toxostoma
ERS31168775	host scientific name	Chondrostoma nasus x Parachondrostoma toxostoma
ERS31168775	host subject id	15Caa1017
ERS31168776	collection date	2015-07-10
ERS31168776	geographic location (latitude)	43.913
ERS31168776	geographic location (longitude)	4.820722
ERS31168776	geographic location (region and locality)	Avignon, Durance
ERS31168776	host subject id	15Avi1005
ERS31168777	TITLE	Chondrostoma nasus x Parachondrostoma toxostoma midgut bacterial microbiota, Avi 2015, individual 1013
ERS31168777	collection date	2015-07-10
ERS31168777	geographic location (latitude)	43.913
ERS31168777	geographic location (longitude)	4.820722
ERS31168777	geographic location (region and locality)	Avignon, Durance
ERS31168777	host common name	nasus x toxostoma
ERS31168777	host scientific name	Chondrostoma nasus x Parachondrostoma toxostoma
ERS31168777	host subject id	15Avi1013
ERS31168778	TITLE	Parachondrostoma toxostoma midgut bacterial microbiota, Bue 2015, individual 1008
ERS31168778	collection date	2015-07-17
ERS31168778	geographic location (latitude)	44.262
ERS31168778	geographic location (longitude)	5.828
ERS31168778	geographic location (region and locality)	Confluence Buech-Meouge, Buech
ERS31168778	host common name	toxostome
ERS31168778	host scientific name	Parachondrostoma toxostoma
ERS31168778	host subject id	15Bue1008
ERS31168779	TITLE	Chondrostoma nasus x Parachondrostoma toxostoma midgut bacterial microbiota, Bue 2015, individual 1016
ERS31168779	collection date	2015-07-17
ERS31168779	geographic location (latitude)	44.262
ERS31168779	geographic location (longitude)	5.828
ERS31168779	geographic location (region and locality)	Confluence Buech-Meouge, Buech
ERS31168779	host common name	nasus x toxostoma
ERS31168779	host scientific name	Chondrostoma nasus x Parachondrostoma toxostoma
ERS31168779	host subject id	15Bue1016
ERS31168780	TITLE	Chondrostoma nasus x Parachondrostoma toxostoma midgut bacterial microbiota, Bau 2015, individual 1006
ERS31168780	collection date	2015-07-22
ERS31168780	geographic location (latitude)	44.475
ERS31168780	geographic location (longitude)	4.264
ERS31168780	geographic location (region and locality)	Rosieres, Beaume
ERS31168780	host common name	nasus x toxostoma
ERS31168780	host scientific name	Chondrostoma nasus x Parachondrostoma toxostoma
ERS31168780	host subject id	15Bau1006
ERS31168781	TITLE	Parachondrostoma toxostoma midgut bacterial microbiota, Bau 2015, individual 1014
ERS31168781	collection date	2015-07-22
ERS31168781	geographic location (latitude)	44.475
ERS31168781	geographic location (longitude)	4.264
ERS31168781	geographic location (region and locality)	Rosieres, Beaume
ERS31168781	host common name	toxostome
ERS31168781	host scientific name	Parachondrostoma toxostoma
ERS31168781	host subject id	15Bau1014
ERS31168782	TITLE	Parachondrostoma toxostoma midgut bacterial microbiota, Bau 2015, individual 1022
ERS31168782	collection date	2015-07-22
ERS31168782	geographic location (latitude)	44.475
ERS31168782	geographic location (longitude)	4.264
ERS31168782	geographic location (region and locality)	Rosieres, Beaume
ERS31168782	host common name	toxostome
ERS31168782	host scientific name	Parachondrostoma toxostoma
ERS31168782	host subject id	15Bau1022
ERS31168783	TITLE	Chondrostoma nasus x Parachondrostoma toxostoma midgut bacterial microbiota, Jus 2015, individual 1005
ERS31168783	collection date	2015-07-21
ERS31168783	geographic location (latitude)	44.286
ERS31168783	geographic location (longitude)	4.597833
ERS31168783	geographic location (region and locality)	Saint-Just-d'Ardeche, Ardeche
ERS31168783	host common name	nasus x toxostoma
ERS31168783	host scientific name	Chondrostoma nasus x Parachondrostoma toxostoma
ERS31168783	host subject id	15Jus1005
ERS31168784	TITLE	Chondrostoma nasus midgut bacterial microbiota, Jus 2015, individual 1013
ERS31168784	collection date	2015-07-21
ERS31168784	geographic location (latitude)	44.286
ERS31168784	geographic location (longitude)	4.597833
ERS31168784	geographic location (region and locality)	Saint-Just-d'Ardeche, Ardeche
ERS31168784	host common name	nase
ERS31168784	host scientific name	Chondrostoma nasus
ERS31168784	host subject id	15Jus1013
ERS31168785	TITLE	Chondrostoma nasus midgut bacterial microbiota, Caa 2015, individual 1002
ERS31168785	collection date	2015-09-08
ERS31168785	geographic location (latitude)	43.853389
ERS31168785	geographic location (longitude)	5.858444
ERS31168785	geographic location (region and locality)	Canal (usine du Largue), Canal
ERS31168785	host common name	nase
ERS31168785	host scientific name	Chondrostoma nasus
ERS31168785	host subject id	15Caa1002
ERS31168786	TITLE	Chondrostoma nasus midgut bacterial microbiota, Caa 2015, individual 1010
ERS31168786	collection date	2015-09-08
ERS31168786	geographic location (latitude)	43.853389
ERS31168786	geographic location (longitude)	5.858444
ERS31168786	geographic location (region and locality)	Canal (usine du Largue), Canal
ERS31168786	host common name	nase
ERS31168786	host scientific name	Chondrostoma nasus
ERS31168786	host subject id	15Caa1010
ERS31168787	TITLE	Parachondrostoma toxostoma midgut bacterial microbiota, Caa 2015, individual 1018
ERS31168787	collection date	2015-09-08
ERS31168787	geographic location (latitude)	43.853389
ERS31168787	geographic location (longitude)	5.858444
ERS31168787	geographic location (region and locality)	Canal (usine du Largue), Canal
ERS31168787	host common name	toxostome
ERS31168787	host scientific name	Parachondrostoma toxostoma
ERS31168787	host subject id	15Caa1018
ERS31168788	collection date	2015-07-10
ERS31168788	geographic location (latitude)	43.913
ERS31168788	geographic location (longitude)	4.820722
ERS31168788	geographic location (region and locality)	Avignon, Durance
ERS31168788	host subject id	15Avi1006
ERS31168789	TITLE	Chondrostoma nasus midgut bacterial microbiota, Bue 2015, individual 1001
ERS31168789	collection date	2015-07-17
ERS31168789	geographic location (latitude)	44.262
ERS31168789	geographic location (longitude)	5.828
ERS31168789	geographic location (region and locality)	Confluence Buech-Meouge, Buech
ERS31168789	host common name	nase
ERS31168789	host scientific name	Chondrostoma nasus
ERS31168789	host subject id	15Bue1001
ERS31168790	TITLE	Chondrostoma nasus x Parachondrostoma toxostoma midgut bacterial microbiota, Bue 2015, individual 1009
ERS31168790	collection date	2015-07-17
ERS31168790	geographic location (latitude)	44.262
ERS31168790	geographic location (longitude)	5.828
ERS31168790	geographic location (region and locality)	Confluence Buech-Meouge, Buech
ERS31168790	host common name	nasus x toxostoma
ERS31168790	host scientific name	Chondrostoma nasus x Parachondrostoma toxostoma
ERS31168790	host subject id	15Bue1009
ERS31168791	TITLE	Chondrostoma nasus midgut bacterial microbiota, Bue 2015, individual 1017
ERS31168791	collection date	2015-07-17
ERS31168791	geographic location (latitude)	44.262
ERS31168791	geographic location (longitude)	5.828
ERS31168791	geographic location (region and locality)	Confluence Buech-Meouge, Buech
ERS31168791	host common name	nase
ERS31168791	host scientific name	Chondrostoma nasus
ERS31168791	host subject id	15Bue1017
ERS31168792	TITLE	Parachondrostoma toxostoma midgut bacterial microbiota, Bau 2015, individual 1007
ERS31168792	collection date	2015-07-22
ERS31168792	geographic location (latitude)	44.475
ERS31168792	geographic location (longitude)	4.264
ERS31168792	geographic location (region and locality)	Rosieres, Beaume
ERS31168792	host common name	toxostome
ERS31168792	host scientific name	Parachondrostoma toxostoma
ERS31168792	host subject id	15Bau1007
ERS31168793	TITLE	Parachondrostoma toxostoma midgut bacterial microbiota, Bau 2015, individual 1015
ERS31168793	collection date	2015-07-22
ERS31168793	geographic location (latitude)	44.475
ERS31168793	geographic location (longitude)	4.264
ERS31168793	geographic location (region and locality)	Rosieres, Beaume
ERS31168793	host common name	toxostome
ERS31168793	host scientific name	Parachondrostoma toxostoma
ERS31168793	host subject id	15Bau1015
ERS31168794	TITLE	Parachondrostoma toxostoma midgut bacterial microbiota, Bau 2015, individual 1023
ERS31168794	collection date	2015-07-22
ERS31168794	geographic location (latitude)	44.475
ERS31168794	geographic location (longitude)	4.264
ERS31168794	geographic location (region and locality)	Rosieres, Beaume
ERS31168794	host common name	toxostome
ERS31168794	host scientific name	Parachondrostoma toxostoma
ERS31168794	host subject id	15Bau1023
ERS31168795	TITLE	Parachondrostoma toxostoma midgut bacterial microbiota, Jus 2015, individual 1006
ERS31168795	collection date	2015-07-21
ERS31168795	geographic location (latitude)	44.286
ERS31168795	geographic location (longitude)	4.597833
ERS31168795	geographic location (region and locality)	Saint-Just-d'Ardeche, Ardeche
ERS31168795	host common name	toxostome
ERS31168795	host scientific name	Parachondrostoma toxostoma
ERS31168795	host subject id	15Jus1006
ERS31168796	TITLE	Chondrostoma nasus midgut bacterial microbiota, Jus 2015, individual 1014
ERS31168796	collection date	2015-07-21
ERS31168796	geographic location (latitude)	44.286
ERS31168796	geographic location (longitude)	4.597833
ERS31168796	geographic location (region and locality)	Saint-Just-d'Ardeche, Ardeche
ERS31168796	host common name	nase
ERS31168796	host scientific name	Chondrostoma nasus
ERS31168796	host subject id	15Jus1014
ERS31168797	TITLE	Chondrostoma nasus midgut bacterial microbiota, Caa 2015, individual 1003
ERS31168797	collection date	2015-09-08
ERS31168797	geographic location (latitude)	43.853389
ERS31168797	geographic location (longitude)	5.858444
ERS31168797	geographic location (region and locality)	Canal (usine du Largue), Canal
ERS31168797	host common name	nase
ERS31168797	host scientific name	Chondrostoma nasus
ERS31168797	host subject id	15Caa1003
ERS31168798	TITLE	Parachondrostoma toxostoma midgut bacterial microbiota, Caa 2015, individual 1011
ERS31168798	collection date	2015-09-08
ERS31168798	geographic location (latitude)	43.853389
ERS31168798	geographic location (longitude)	5.858444
ERS31168798	geographic location (region and locality)	Canal (usine du Largue), Canal
ERS31168798	host common name	toxostome
ERS31168798	host scientific name	Parachondrostoma toxostoma
ERS31168798	host subject id	15Caa1011
ERS31168799	TITLE	Chondrostoma nasus x Parachondrostoma toxostoma midgut bacterial microbiota, Caa 2015, individual 1019
ERS31168799	collection date	2015-09-08
ERS31168799	geographic location (latitude)	43.853389
ERS31168799	geographic location (longitude)	5.858444
ERS31168799	geographic location (region and locality)	Canal (usine du Largue), Canal
ERS31168799	host common name	nasus x toxostoma
ERS31168799	host scientific name	Chondrostoma nasus x Parachondrostoma toxostoma
ERS31168799	host subject id	15Caa1019
ERS31168800	collection date	2015-07-10
ERS31168800	geographic location (latitude)	43.913
ERS31168800	geographic location (longitude)	4.820722
ERS31168800	geographic location (region and locality)	Avignon, Durance
ERS31168800	host subject id	15Avi1007
ERS31168801	TITLE	Chondrostoma nasus midgut bacterial microbiota, Bue 2015, individual 1002
ERS31168801	collection date	2015-07-17
ERS31168801	geographic location (latitude)	44.262
ERS31168801	geographic location (longitude)	5.828
ERS31168801	geographic location (region and locality)	Confluence Buech-Meouge, Buech
ERS31168801	host common name	nase
ERS31168801	host scientific name	Chondrostoma nasus
ERS31168801	host subject id	15Bue1002
ERS31168802	TITLE	Chondrostoma nasus x Parachondrostoma toxostoma midgut bacterial microbiota, Bue 2015, individual 1010
ERS31168802	collection date	2015-07-17
ERS31168802	geographic location (latitude)	44.262
ERS31168802	geographic location (longitude)	5.828
ERS31168802	geographic location (region and locality)	Confluence Buech-Meouge, Buech
ERS31168802	host common name	nasus x toxostoma
ERS31168802	host scientific name	Chondrostoma nasus x Parachondrostoma toxostoma
ERS31168802	host subject id	15Bue1010
ERS31168803	TITLE	Chondrostoma nasus x Parachondrostoma toxostoma midgut bacterial microbiota, Bue 2015, individual 1018
ERS31168803	collection date	2015-07-17
ERS31168803	geographic location (latitude)	44.262
ERS31168803	geographic location (longitude)	5.828
ERS31168803	geographic location (region and locality)	Confluence Buech-Meouge, Buech
ERS31168803	host common name	nasus x toxostoma
ERS31168803	host scientific name	Chondrostoma nasus x Parachondrostoma toxostoma
ERS31168803	host subject id	15Bue1018
ERS31168804	TITLE	Parachondrostoma toxostoma midgut bacterial microbiota, Bau 2015, individual 1008
ERS31168804	collection date	2015-07-22
ERS31168804	geographic location (latitude)	44.475
ERS31168804	geographic location (longitude)	4.264
ERS31168804	geographic location (region and locality)	Rosieres, Beaume
ERS31168804	host common name	toxostome
ERS31168804	host scientific name	Parachondrostoma toxostoma
ERS31168804	host subject id	15Bau1008
ERS31168805	TITLE	Chondrostoma nasus x Parachondrostoma toxostoma midgut bacterial microbiota, Bau 2015, individual 1016
ERS31168805	collection date	2015-07-22
ERS31168805	geographic location (latitude)	44.475
ERS31168805	geographic location (longitude)	4.264
ERS31168805	geographic location (region and locality)	Rosieres, Beaume
ERS31168805	host common name	nasus x toxostoma
ERS31168805	host scientific name	Chondrostoma nasus x Parachondrostoma toxostoma
ERS31168805	host subject id	15Bau1016
ERS31168806	TITLE	Parachondrostoma toxostoma midgut bacterial microbiota, Bau 2015, individual 1024
ERS31168806	collection date	2015-07-22
ERS31168806	geographic location (latitude)	44.475
ERS31168806	geographic location (longitude)	4.264
ERS31168806	geographic location (region and locality)	Rosieres, Beaume
ERS31168806	host common name	toxostome
ERS31168806	host scientific name	Parachondrostoma toxostoma
ERS31168806	host subject id	15Bau1024
ERS31168807	TITLE	Parachondrostoma toxostoma midgut bacterial microbiota, Jus 2015, individual 1007
ERS31168807	collection date	2015-07-21
ERS31168807	geographic location (latitude)	44.286
ERS31168807	geographic location (longitude)	4.597833
ERS31168807	geographic location (region and locality)	Saint-Just-d'Ardeche, Ardeche
ERS31168807	host common name	toxostome
ERS31168807	host scientific name	Parachondrostoma toxostoma
ERS31168807	host subject id	15Jus1007
ERS31168808	TITLE	Chondrostoma nasus midgut bacterial microbiota, Jus 2015, individual 1015
ERS31168808	collection date	2015-07-21
ERS31168808	geographic location (latitude)	44.286
ERS31168808	geographic location (longitude)	4.597833
ERS31168808	geographic location (region and locality)	Saint-Just-d'Ardeche, Ardeche
ERS31168808	host common name	nase
ERS31168808	host scientific name	Chondrostoma nasus
ERS31168808	host subject id	15Jus1015
ERS31168809	TITLE	Chondrostoma nasus midgut bacterial microbiota, Caa 2015, individual 1004
ERS31168809	collection date	2015-09-08
ERS31168809	geographic location (latitude)	43.853389
ERS31168809	geographic location (longitude)	5.858444
ERS31168809	geographic location (region and locality)	Canal (usine du Largue), Canal
ERS31168809	host common name	nase
ERS31168809	host scientific name	Chondrostoma nasus
ERS31168809	host subject id	15Caa1004
ERS31168810	TITLE	Parachondrostoma toxostoma midgut bacterial microbiota, Caa 2015, individual 1012
ERS31168810	collection date	2015-09-08
ERS31168810	geographic location (latitude)	43.853389
ERS31168810	geographic location (longitude)	5.858444
ERS31168810	geographic location (region and locality)	Canal (usine du Largue), Canal
ERS31168810	host common name	toxostome
ERS31168810	host scientific name	Parachondrostoma toxostoma
ERS31168810	host subject id	15Caa1012
ERS31168811	TITLE	Parachondrostoma toxostoma midgut bacterial microbiota, Caa 2015, individual 1020
ERS31168811	collection date	2015-09-08
ERS31168811	geographic location (latitude)	43.853389
ERS31168811	geographic location (longitude)	5.858444
ERS31168811	geographic location (region and locality)	Canal (usine du Largue), Canal
ERS31168811	host common name	toxostome
ERS31168811	host scientific name	Parachondrostoma toxostoma
ERS31168811	host subject id	15Caa1020
ERS31168812	collection date	2015-07-10
ERS31168812	geographic location (latitude)	43.913
ERS31168812	geographic location (longitude)	4.820722
ERS31168812	geographic location (region and locality)	Avignon, Durance
ERS31168812	host subject id	15Avi1008
ERS31168813	TITLE	Chondrostoma nasus midgut bacterial microbiota, Bue 2015, individual 1003
ERS31168813	collection date	2015-07-17
ERS31168813	geographic location (latitude)	44.262
ERS31168813	geographic location (longitude)	5.828
ERS31168813	geographic location (region and locality)	Confluence Buech-Meouge, Buech
ERS31168813	host common name	nase
ERS31168813	host scientific name	Chondrostoma nasus
ERS31168813	host subject id	15Bue1003
ERS31168814	TITLE	Chondrostoma nasus x Parachondrostoma toxostoma midgut bacterial microbiota, Bue 2015, individual 1011
ERS31168814	collection date	2015-07-17
ERS31168814	geographic location (latitude)	44.262
ERS31168814	geographic location (longitude)	5.828
ERS31168814	geographic location (region and locality)	Confluence Buech-Meouge, Buech
ERS31168814	host common name	nasus x toxostoma
ERS31168814	host scientific name	Chondrostoma nasus x Parachondrostoma toxostoma
ERS31168814	host subject id	15Bue1011
