accession	TITLE	host scientific name	host common name
ERS31168048	Chondrostoma nasus caudal fin bacterial microbiota, Ain 2014, individual 1001	Chondrostoma nasus	nase
ERS31168049	Parachondrostoma toxostoma caudal fin bacterial microbiota, Ain 2014, individual 1038	Parachondrostoma toxostoma	toxostome
ERS31168050	Chondrostoma nasus caudal fin bacterial microbiota, Cab 2015, individual 1003	Chondrostoma nasus	nase
ERS31168051	Parachondrostoma toxostoma caudal fin bacterial microbiota, Cab 2015, individual 1011	Parachondrostoma toxostoma	toxostome
ERS31168052	Parachondrostoma toxostoma caudal fin bacterial microbiota, Cab 2015, individual 1019	Parachondrostoma toxostoma	toxostome
ERS31168053	Chondrostoma nasus caudal fin bacterial microbiota, Avi 2014, individual 1008	Chondrostoma nasus	nase
ERS31168054	Chondrostoma nasus caudal fin bacterial microbiota, Bue 2014, individual 1005	Chondrostoma nasus	nase
ERS31168055	Parachondrostoma toxostoma caudal fin bacterial microbiota, Bue 2014, individual 1015	Parachondrostoma toxostoma	toxostome
ERS31168056	Chondrostoma nasus x Parachondrostoma toxostoma caudal fin bacterial microbiota, Man 2014, individual 1011	Chondrostoma nasus x Parachondrostoma toxostoma	nase x toxostome hybrid
ERS31168057	Parachondrostoma toxostoma caudal fin bacterial microbiota, Man 2014, individual 1019	Parachondrostoma toxostoma	toxostome
ERS31168058	Parachondrostoma toxostoma caudal fin bacterial microbiota, Per 2014, individual 2011	Parachondrostoma toxostoma	toxostome
ERS31168059	Parachondrostoma toxostoma caudal fin bacterial microbiota, Per 2014, individual 2011	Parachondrostoma toxostoma	toxostome
ERS31168060	Chondrostoma nasus caudal fin bacterial microbiota, Ain 2014, individual 1002	Chondrostoma nasus	nase
ERS31168061	Parachondrostoma toxostoma caudal fin bacterial microbiota, Ain 2014, individual 1039	Parachondrostoma toxostoma	toxostome
ERS31168062	Chondrostoma nasus caudal fin bacterial microbiota, Cab 2015, individual 1004	Chondrostoma nasus	nase
ERS31168063	Parachondrostoma toxostoma caudal fin bacterial microbiota, Cab 2015, individual 1012	Parachondrostoma toxostoma	toxostome
ERS31168064	Chondrostoma nasus caudal fin bacterial microbiota, Avi 2014, individual 1001	Chondrostoma nasus	nase
ERS31168065	Chondrostoma nasus caudal fin bacterial microbiota, Avi 2014, individual 1036	Chondrostoma nasus	nase
ERS31168066	Chondrostoma nasus x Parachondrostoma toxostoma caudal fin bacterial microbiota, Bue 2014, individual 1006	Chondrostoma nasus x Parachondrostoma toxostoma	nase x toxostome hybrid
ERS31168067	Chondrostoma nasus x Parachondrostoma toxostoma caudal fin bacterial microbiota, Bue 2014, individual 1016	Chondrostoma nasus x Parachondrostoma toxostoma	nase x toxostome hybrid
ERS31168068	Parachondrostoma toxostoma caudal fin bacterial microbiota, Man 2014, individual 1012	Parachondrostoma toxostoma	toxostome
ERS31168069	Chondrostoma nasus x Parachondrostoma toxostoma caudal fin bacterial microbiota, Man 2014, individual 1020	Chondrostoma nasus x Parachondrostoma toxostoma	nase x toxostome hybrid
ERS31168070	Parachondrostoma toxostoma caudal fin bacterial microbiota, Per 2014, individual 2012	Parachondrostoma toxostoma	toxostome
ERS31168071	Parachondrostoma toxostoma caudal fin bacterial microbiota, Per 2014, individual 2012	Parachondrostoma toxostoma	toxostome
ERS31168072	Parachondrostoma toxostoma caudal fin bacterial microbiota, Ain 2014, individual 1011	Parachondrostoma toxostoma	toxostome
ERS31168073	Parachondrostoma toxostoma caudal fin bacterial microbiota, Ain 2014, individual 1040	Parachondrostoma toxostoma	toxostome
ERS31168074	Chondrostoma nasus caudal fin bacterial microbiota, Cab 2015, individual 1005	Chondrostoma nasus	nase
ERS31168075	Parachondrostoma toxostoma caudal fin bacterial microbiota, Cab 2015, individual 1013	Parachondrostoma toxostoma	toxostome
ERS31168076	Chondrostoma nasus caudal fin bacterial microbiota, Avi 2014, individual 1002	Chondrostoma nasus	nase
ERS31168077	Chondrostoma nasus caudal fin bacterial microbiota, Avi 2014, individual 1037	Chondrostoma nasus	nase
ERS31168078	Chondrostoma nasus caudal fin bacterial microbiota, Bue 2014, individual 1007	Chondrostoma nasus	nase
ERS31168079	Parachondrostoma toxostoma caudal fin bacterial microbiota, Bue 2014, individual 1017	Parachondrostoma toxostoma	toxostome
ERS31168080	Parachondrostoma toxostoma caudal fin bacterial microbiota, Man 2014, individual 1013	Parachondrostoma toxostoma	toxostome
ERS31168081	Chondrostoma nasus x Parachondrostoma toxostoma caudal fin bacterial microbiota, Man 2014, individual 1021	Chondrostoma nasus x Parachondrostoma toxostoma	nase x toxostome hybrid
ERS31168082	Chondrostoma nasus x Parachondrostoma toxostoma caudal fin bacterial microbiota, Per 2014, individual 2013	Chondrostoma nasus x Parachondrostoma toxostoma	nase x toxostome hybrid
ERS31168084	Parachondrostoma toxostoma caudal fin bacterial microbiota, Ain 2014, individual 1012	Parachondrostoma toxostoma	toxostome
ERS31168085	Parachondrostoma toxostoma caudal fin bacterial microbiota, Ain 2014, individual 1041	Parachondrostoma toxostoma	toxostome
ERS31168086	Chondrostoma nasus caudal fin bacterial microbiota, Cab 2015, individual 1006	Chondrostoma nasus	nase
ERS31168087	Parachondrostoma toxostoma caudal fin bacterial microbiota, Cab 2015, individual 1014	Parachondrostoma toxostoma	toxostome
ERS31168088	Chondrostoma nasus caudal fin bacterial microbiota, Avi 2014, individual 1003	Chondrostoma nasus	nase
ERS31168089	Chondrostoma nasus caudal fin bacterial microbiota, Avi 2014, individual 1038	Chondrostoma nasus	nase
ERS31168090	Chondrostoma nasus caudal fin bacterial microbiota, Bue 2014, individual 1008	Chondrostoma nasus	nase
ERS31168091	Parachondrostoma toxostoma caudal fin bacterial microbiota, Bue 2014, individual 1018	Parachondrostoma toxostoma	toxostome
ERS31168092	Parachondrostoma toxostoma caudal fin bacterial microbiota, Man 2014, individual 1014	Parachondrostoma toxostoma	toxostome
ERS31168093	Parachondrostoma toxostoma caudal fin bacterial microbiota, Man 2014, individual 1022	Parachondrostoma toxostoma	toxostome
ERS31168094	Parachondrostoma toxostoma caudal fin bacterial microbiota, Per 2014, individual 2014	Parachondrostoma toxostoma	toxostome
ERS31168096	Parachondrostoma toxostoma caudal fin bacterial microbiota, Ain 2014, individual 1013	Parachondrostoma toxostoma	toxostome
ERS31168097	Parachondrostoma toxostoma caudal fin bacterial microbiota, Ain 2014, individual 1042	Parachondrostoma toxostoma	toxostome
ERS31168098	Chondrostoma nasus caudal fin bacterial microbiota, Cab 2015, individual 1007	Chondrostoma nasus	nase
ERS31168099	Parachondrostoma toxostoma caudal fin bacterial microbiota, Cab 2015, individual 1015	Parachondrostoma toxostoma	toxostome
ERS31168100	Chondrostoma nasus caudal fin bacterial microbiota, Avi 2014, individual 1004	Chondrostoma nasus	nase
ERS31168101	Chondrostoma nasus caudal fin bacterial microbiota, Bue 2014, individual 1001	Chondrostoma nasus	nase
ERS31168102	Parachondrostoma toxostoma caudal fin bacterial microbiota, Bue 2014, individual 1011	Parachondrostoma toxostoma	toxostome
ERS31168103	Parachondrostoma toxostoma caudal fin bacterial microbiota, Bue 2014, individual 1019	Parachondrostoma toxostoma	toxostome
ERS31168104	Parachondrostoma toxostoma caudal fin bacterial microbiota, Man 2014, individual 1015	Parachondrostoma toxostoma	toxostome
ERS31168105	Parachondrostoma toxostoma caudal fin bacterial microbiota, Per 2014, individual 1011	Parachondrostoma toxostoma	toxostome
ERS31168106	Parachondrostoma toxostoma caudal fin bacterial microbiota, Per 2014, individual 2015	Parachondrostoma toxostoma	toxostome
ERS31168108	Parachondrostoma toxostoma caudal fin bacterial microbiota, Ain 2014, individual 1014	Parachondrostoma toxostoma	toxostome
ERS31168109	Parachondrostoma toxostoma caudal fin bacterial microbiota, Ain 2014, individual 1043	Parachondrostoma toxostoma	toxostome
ERS31168110	Chondrostoma nasus caudal fin bacterial microbiota, Cab 2015, individual 1008	Chondrostoma nasus	nase
ERS31168111	Parachondrostoma toxostoma caudal fin bacterial microbiota, Cab 2015, individual 1016	Parachondrostoma toxostoma	toxostome
ERS31168112	Chondrostoma nasus caudal fin bacterial microbiota, Avi 2014, individual 1005	Chondrostoma nasus	nase
ERS31168113	Chondrostoma nasus caudal fin bacterial microbiota, Bue 2014, individual 1002	Chondrostoma nasus	nase
ERS31168114	Parachondrostoma toxostoma caudal fin bacterial microbiota, Bue 2014, individual 1012	Parachondrostoma toxostoma	toxostome
ERS31168115	Parachondrostoma toxostoma caudal fin bacterial microbiota, Man 2014, individual 1001	Parachondrostoma toxostoma	toxostome
ERS31168116	Parachondrostoma toxostoma caudal fin bacterial microbiota, Man 2014, individual 1016	Parachondrostoma toxostoma	toxostome
ERS31168117	Parachondrostoma toxostoma caudal fin bacterial microbiota, Per 2014, individual 1012	Parachondrostoma toxostoma	toxostome
ERS31168120	Chondrostoma nasus caudal fin bacterial microbiota, Ain 2014, individual 1036	Chondrostoma nasus	nase
ERS31168121	Chondrostoma nasus caudal fin bacterial microbiota, Cab 2015, individual 1001	Chondrostoma nasus	nase
ERS31168122	Chondrostoma nasus x Parachondrostoma toxostoma caudal fin bacterial microbiota, Cab 2015, individual 1009	Chondrostoma nasus x Parachondrostoma toxostoma	nase x toxostome hybrid
ERS31168123	Parachondrostoma toxostoma caudal fin bacterial microbiota, Cab 2015, individual 1017	Parachondrostoma toxostoma	toxostome
ERS31168124	Chondrostoma nasus caudal fin bacterial microbiota, Avi 2014, individual 1006	Chondrostoma nasus	nase
ERS31168125	Chondrostoma nasus caudal fin bacterial microbiota, Bue 2014, individual 1003	Chondrostoma nasus	nase
ERS31168126	Parachondrostoma toxostoma caudal fin bacterial microbiota, Bue 2014, individual 1013	Parachondrostoma toxostoma	toxostome
ERS31168127	Chondrostoma nasus x Parachondrostoma toxostoma caudal fin bacterial microbiota, Man 2014, individual 1002	Chondrostoma nasus x Parachondrostoma toxostoma	nase x toxostome hybrid
ERS31168128	Parachondrostoma toxostoma caudal fin bacterial microbiota, Man 2014, individual 1017	Parachondrostoma toxostoma	toxostome
ERS31168129	Parachondrostoma toxostoma caudal fin bacterial microbiota, Per 2014, individual 1013	Parachondrostoma toxostoma	toxostome
ERS31168132	Chondrostoma nasus caudal fin bacterial microbiota, Ain 2014, individual 1037	Chondrostoma nasus	nase
ERS31168133	Chondrostoma nasus caudal fin bacterial microbiota, Cab 2015, individual 1002	Chondrostoma nasus	nase
ERS31168134	Chondrostoma nasus x Parachondrostoma toxostoma caudal fin bacterial microbiota, Cab 2015, individual 1010	Chondrostoma nasus x Parachondrostoma toxostoma	nase x toxostome hybrid
ERS31168135	Parachondrostoma toxostoma caudal fin bacterial microbiota, Cab 2015, individual 1018	Parachondrostoma toxostoma	toxostome
ERS31168136	Chondrostoma nasus caudal fin bacterial microbiota, Avi 2014, individual 1007	Chondrostoma nasus	nase
ERS31168137	Chondrostoma nasus caudal fin bacterial microbiota, Bue 2014, individual 1004	Chondrostoma nasus	nase
ERS31168138	Parachondrostoma toxostoma caudal fin bacterial microbiota, Bue 2014, individual 1014	Parachondrostoma toxostoma	toxostome
ERS31168139	Chondrostoma nasus x Parachondrostoma toxostoma caudal fin bacterial microbiota, Man 2014, individual 1010	Chondrostoma nasus x Parachondrostoma toxostoma	nase x toxostome hybrid
ERS31168140	Parachondrostoma toxostoma caudal fin bacterial microbiota, Man 2014, individual 1018	Parachondrostoma toxostoma	toxostome
ERS31168141	Parachondrostoma toxostoma caudal fin bacterial microbiota, Per 2014, individual 1014	Parachondrostoma toxostoma	toxostome
ERS31168144	Parachondrostoma toxostoma caudal fin bacterial microbiota, Bau 2015, individual 1001	Parachondrostoma toxostoma	toxostome
ERS31168145	Parachondrostoma toxostoma caudal fin bacterial microbiota, Bau 2015, individual 1009	Parachondrostoma toxostoma	toxostome
ERS31168146	Parachondrostoma toxostoma caudal fin bacterial microbiota, Bau 2015, individual 1017	Parachondrostoma toxostoma	toxostome
ERS31168147	Parachondrostoma toxostoma caudal fin bacterial microbiota, Bau 2015, individual 1025	Parachondrostoma toxostoma	toxostome
ERS31168148	Parachondrostoma toxostoma caudal fin bacterial microbiota, Jus 2015, individual 1008	Parachondrostoma toxostoma	toxostome
ERS31168149	Chondrostoma nasus x Parachondrostoma toxostoma caudal fin bacterial microbiota, Jus 2015, individual 1016	Chondrostoma nasus x Parachondrostoma toxostoma	nase x toxostome hybrid
ERS31168150	Chondrostoma nasus caudal fin bacterial microbiota, Caa 2015, individual 1005	Chondrostoma nasus	nase
ERS31168151	Parachondrostoma toxostoma caudal fin bacterial microbiota, Caa 2015, individual 1013	Parachondrostoma toxostoma	toxostome
ERS31168152	Chondrostoma nasus x Parachondrostoma toxostoma caudal fin bacterial microbiota, Avi 2015, individual 1001	Chondrostoma nasus x Parachondrostoma toxostoma	nase x toxostome hybrid
ERS31168153	Chondrostoma nasus caudal fin bacterial microbiota, Avi 2015, individual 1009	Chondrostoma nasus	nase
ERS31168154	Parachondrostoma toxostoma caudal fin bacterial microbiota, Bue 2015, individual 1004	Parachondrostoma toxostoma	toxostome
ERS31168155	Chondrostoma nasus x Parachondrostoma toxostoma caudal fin bacterial microbiota, Bue 2015, individual 1012	Chondrostoma nasus x Parachondrostoma toxostoma	nase x toxostome hybrid
ERS31168156	Parachondrostoma toxostoma caudal fin bacterial microbiota, Bau 2015, individual 1002	Parachondrostoma toxostoma	toxostome
ERS31168157	Chondrostoma nasus x Parachondrostoma toxostoma caudal fin bacterial microbiota, Bau 2015, individual 1010	Chondrostoma nasus x Parachondrostoma toxostoma	nase x toxostome hybrid
ERS31168158	Parachondrostoma toxostoma caudal fin bacterial microbiota, Bau 2015, individual 1018	Parachondrostoma toxostoma	toxostome
ERS31168159	Parachondrostoma toxostoma caudal fin bacterial microbiota, Jus 2015, individual 1001	Parachondrostoma toxostoma	toxostome
ERS31168160	Chondrostoma nasus x Parachondrostoma toxostoma caudal fin bacterial microbiota, Jus 2015, individual 1009	Chondrostoma nasus x Parachondrostoma toxostoma	nase x toxostome hybrid
ERS31168161	Chondrostoma nasus caudal fin bacterial microbiota, Jus 2015, individual 1017	Chondrostoma nasus	nase
ERS31168162	Chondrostoma nasus x Parachondrostoma toxostoma caudal fin bacterial microbiota, Caa 2015, individual 1006	Chondrostoma nasus x Parachondrostoma toxostoma	nase x toxostome hybrid
ERS31168163	Parachondrostoma toxostoma caudal fin bacterial microbiota, Caa 2015, individual 1014	Parachondrostoma toxostoma	toxostome
ERS31168164	Chondrostoma nasus x Parachondrostoma toxostoma caudal fin bacterial microbiota, Avi 2015, individual 1002	Chondrostoma nasus x Parachondrostoma toxostoma	nase x toxostome hybrid
ERS31168165	Chondrostoma nasus caudal fin bacterial microbiota, Avi 2015, individual 1010	Chondrostoma nasus	nase
ERS31168166	Chondrostoma nasus x Parachondrostoma toxostoma caudal fin bacterial microbiota, Bue 2015, individual 1005	Chondrostoma nasus x Parachondrostoma toxostoma	nase x toxostome hybrid
ERS31168167	Parachondrostoma toxostoma caudal fin bacterial microbiota, Bue 2015, individual 1013	Parachondrostoma toxostoma	toxostome
ERS31168168	Parachondrostoma toxostoma caudal fin bacterial microbiota, Bau 2015, individual 1003	Parachondrostoma toxostoma	toxostome
ERS31168169	Parachondrostoma toxostoma caudal fin bacterial microbiota, Bau 2015, individual 1011	Parachondrostoma toxostoma	toxostome
ERS31168170	Chondrostoma nasus x Parachondrostoma toxostoma caudal fin bacterial microbiota, Bau 2015, individual 1019	Chondrostoma nasus x Parachondrostoma toxostoma	nase x toxostome hybrid
ERS31168171	Chondrostoma nasus x Parachondrostoma toxostoma caudal fin bacterial microbiota, Jus 2015, individual 1002	Chondrostoma nasus x Parachondrostoma toxostoma	nase x toxostome hybrid
ERS31168172	Chondrostoma nasus caudal fin bacterial microbiota, Jus 2015, individual 1010	Chondrostoma nasus	nase
ERS31168173	Chondrostoma nasus caudal fin bacterial microbiota, Jus 2015, individual 1018	Chondrostoma nasus	nase
ERS31168174	Chondrostoma nasus caudal fin bacterial microbiota, Caa 2015, individual 1007	Chondrostoma nasus	nase
ERS31168175	Chondrostoma nasus x Parachondrostoma toxostoma caudal fin bacterial microbiota, Caa 2015, individual 1015	Chondrostoma nasus x Parachondrostoma toxostoma	nase x toxostome hybrid
ERS31168176	Chondrostoma nasus caudal fin bacterial microbiota, Avi 2015, individual 1003	Chondrostoma nasus	nase
ERS31168177	Chondrostoma nasus x Parachondrostoma toxostoma caudal fin bacterial microbiota, Avi 2015, individual 1011	Chondrostoma nasus x Parachondrostoma toxostoma	nase x toxostome hybrid
ERS31168178	Parachondrostoma toxostoma caudal fin bacterial microbiota, Bue 2015, individual 1006	Parachondrostoma toxostoma	toxostome
ERS31168179	Parachondrostoma toxostoma caudal fin bacterial microbiota, Bue 2015, individual 1014	Parachondrostoma toxostoma	toxostome
ERS31168180	Chondrostoma nasus x Parachondrostoma toxostoma caudal fin bacterial microbiota, Bau 2015, individual 1004	Chondrostoma nasus x Parachondrostoma toxostoma	nase x toxostome hybrid
ERS31168181	Parachondrostoma toxostoma caudal fin bacterial microbiota, Bau 2015, individual 1012	Parachondrostoma toxostoma	toxostome
ERS31168182	Chondrostoma nasus x Parachondrostoma toxostoma caudal fin bacterial microbiota, Bau 2015, individual 1020	Chondrostoma nasus x Parachondrostoma toxostoma	nase x toxostome hybrid
ERS31168183	Chondrostoma nasus x Parachondrostoma toxostoma caudal fin bacterial microbiota, Jus 2015, individual 1003	Chondrostoma nasus x Parachondrostoma toxostoma	nase x toxostome hybrid
ERS31168184	Chondrostoma nasus caudal fin bacterial microbiota, Jus 2015, individual 1011	Chondrostoma nasus	nase
ERS31168185	Chondrostoma nasus caudal fin bacterial microbiota, Jus 2015, individual 1019	Chondrostoma nasus	nase
ERS31168186	Chondrostoma nasus x Parachondrostoma toxostoma caudal fin bacterial microbiota, Caa 2015, individual 1008	Chondrostoma nasus x Parachondrostoma toxostoma	nase x toxostome hybrid
ERS31168187	Chondrostoma nasus x Parachondrostoma toxostoma caudal fin bacterial microbiota, Caa 2015, individual 1016	Chondrostoma nasus x Parachondrostoma toxostoma	nase x toxostome hybrid
ERS31168188	Chondrostoma nasus caudal fin bacterial microbiota, Avi 2015, individual 1004	Chondrostoma nasus	nase
ERS31168189	Chondrostoma nasus x Parachondrostoma toxostoma caudal fin bacterial microbiota, Avi 2015, individual 1012	Chondrostoma nasus x Parachondrostoma toxostoma	nase x toxostome hybrid
ERS31168190	Chondrostoma nasus x Parachondrostoma toxostoma caudal fin bacterial microbiota, Bue 2015, individual 1007	Chondrostoma nasus x Parachondrostoma toxostoma	nase x toxostome hybrid
ERS31168191	Parachondrostoma toxostoma caudal fin bacterial microbiota, Bue 2015, individual 1015	Parachondrostoma toxostoma	toxostome
ERS31168192	Parachondrostoma toxostoma caudal fin bacterial microbiota, Bau 2015, individual 1005	Parachondrostoma toxostoma	toxostome
ERS31168193	Parachondrostoma toxostoma caudal fin bacterial microbiota, Bau 2015, individual 1013	Parachondrostoma toxostoma	toxostome
ERS31168194	Chondrostoma nasus x Parachondrostoma toxostoma caudal fin bacterial microbiota, Bau 2015, individual 1021	Chondrostoma nasus x Parachondrostoma toxostoma	nase x toxostome hybrid
ERS31168195	Chondrostoma nasus x Parachondrostoma toxostoma caudal fin bacterial microbiota, Jus 2015, individual 1004	Chondrostoma nasus x Parachondrostoma toxostoma	nase x toxostome hybrid
ERS31168196	Chondrostoma nasus caudal fin bacterial microbiota, Jus 2015, individual 1012	Chondrostoma nasus	nase
ERS31168197	Chondrostoma nasus caudal fin bacterial microbiota, Caa 2015, individual 1001	Chondrostoma nasus	nase
ERS31168198	Chondrostoma nasus caudal fin bacterial microbiota, Caa 2015, individual 1009	Chondrostoma nasus	nase
ERS31168199	Chondrostoma nasus x Parachondrostoma toxostoma caudal fin bacterial microbiota, Caa 2015, individual 1017	Chondrostoma nasus x Parachondrostoma toxostoma	nase x toxostome hybrid
ERS31168200	Chondrostoma nasus caudal fin bacterial microbiota, Avi 2015, individual 1005	Chondrostoma nasus	nase
ERS31168201	Chondrostoma nasus x Parachondrostoma toxostoma caudal fin bacterial microbiota, Avi 2015, individual 1013	Chondrostoma nasus x Parachondrostoma toxostoma	nase x toxostome hybrid
ERS31168202	Parachondrostoma toxostoma caudal fin bacterial microbiota, Bue 2015, individual 1008	Parachondrostoma toxostoma	toxostome
ERS31168203	Chondrostoma nasus x Parachondrostoma toxostoma caudal fin bacterial microbiota, Bue 2015, individual 1016	Chondrostoma nasus x Parachondrostoma toxostoma	nase x toxostome hybrid
ERS31168204	Chondrostoma nasus x Parachondrostoma toxostoma caudal fin bacterial microbiota, Bau 2015, individual 1006	Chondrostoma nasus x Parachondrostoma toxostoma	nase x toxostome hybrid
ERS31168205	Parachondrostoma toxostoma caudal fin bacterial microbiota, Bau 2015, individual 1014	Parachondrostoma toxostoma	toxostome
ERS31168206	Parachondrostoma toxostoma caudal fin bacterial microbiota, Bau 2015, individual 1022	Parachondrostoma toxostoma	toxostome
ERS31168207	Chondrostoma nasus x Parachondrostoma toxostoma caudal fin bacterial microbiota, Jus 2015, individual 1005	Chondrostoma nasus x Parachondrostoma toxostoma	nase x toxostome hybrid
ERS31168208	Chondrostoma nasus caudal fin bacterial microbiota, Jus 2015, individual 1013	Chondrostoma nasus	nase
ERS31168209	Chondrostoma nasus caudal fin bacterial microbiota, Caa 2015, individual 1002	Chondrostoma nasus	nase
ERS31168210	Chondrostoma nasus caudal fin bacterial microbiota, Caa 2015, individual 1010	Chondrostoma nasus	nase
ERS31168211	Parachondrostoma toxostoma caudal fin bacterial microbiota, Caa 2015, individual 1018	Parachondrostoma toxostoma	toxostome
ERS31168212	Chondrostoma nasus caudal fin bacterial microbiota, Avi 2015, individual 1006	Chondrostoma nasus	nase
ERS31168213	Chondrostoma nasus caudal fin bacterial microbiota, Bue 2015, individual 1001	Chondrostoma nasus	nase
ERS31168214	Chondrostoma nasus x Parachondrostoma toxostoma caudal fin bacterial microbiota, Bue 2015, individual 1009	Chondrostoma nasus x Parachondrostoma toxostoma	nase x toxostome hybrid
ERS31168215	Chondrostoma nasus caudal fin bacterial microbiota, Bue 2015, individual 1017	Chondrostoma nasus	nase
ERS31168216	Parachondrostoma toxostoma caudal fin bacterial microbiota, Bau 2015, individual 1007	Parachondrostoma toxostoma	toxostome
ERS31168217	Parachondrostoma toxostoma caudal fin bacterial microbiota, Bau 2015, individual 1015	Parachondrostoma toxostoma	toxostome
ERS31168218	Parachondrostoma toxostoma caudal fin bacterial microbiota, Bau 2015, individual 1023	Parachondrostoma toxostoma	toxostome
ERS31168219	Parachondrostoma toxostoma caudal fin bacterial microbiota, Jus 2015, individual 1006	Parachondrostoma toxostoma	toxostome
ERS31168220	Chondrostoma nasus caudal fin bacterial microbiota, Jus 2015, individual 1014	Chondrostoma nasus	nase
ERS31168221	Chondrostoma nasus caudal fin bacterial microbiota, Caa 2015, individual 1003	Chondrostoma nasus	nase
ERS31168222	Parachondrostoma toxostoma caudal fin bacterial microbiota, Caa 2015, individual 1011	Parachondrostoma toxostoma	toxostome
ERS31168223	Chondrostoma nasus x Parachondrostoma toxostoma caudal fin bacterial microbiota, Caa 2015, individual 1019	Chondrostoma nasus x Parachondrostoma toxostoma	nase x toxostome hybrid
ERS31168224	Chondrostoma nasus caudal fin bacterial microbiota, Avi 2015, individual 1007	Chondrostoma nasus	nase
ERS31168225	Chondrostoma nasus caudal fin bacterial microbiota, Bue 2015, individual 1002	Chondrostoma nasus	nase
ERS31168226	Chondrostoma nasus x Parachondrostoma toxostoma caudal fin bacterial microbiota, Bue 2015, individual 1010	Chondrostoma nasus x Parachondrostoma toxostoma	nase x toxostome hybrid
ERS31168227	Chondrostoma nasus x Parachondrostoma toxostoma caudal fin bacterial microbiota, Bue 2015, individual 1018	Chondrostoma nasus x Parachondrostoma toxostoma	nase x toxostome hybrid
ERS31168228	Parachondrostoma toxostoma caudal fin bacterial microbiota, Bau 2015, individual 1008	Parachondrostoma toxostoma	toxostome
ERS31168229	Chondrostoma nasus x Parachondrostoma toxostoma caudal fin bacterial microbiota, Bau 2015, individual 1016	Chondrostoma nasus x Parachondrostoma toxostoma	nase x toxostome hybrid
ERS31168230	Parachondrostoma toxostoma caudal fin bacterial microbiota, Bau 2015, individual 1024	Parachondrostoma toxostoma	toxostome
ERS31168231	Parachondrostoma toxostoma caudal fin bacterial microbiota, Jus 2015, individual 1007	Parachondrostoma toxostoma	toxostome
ERS31168232	Chondrostoma nasus caudal fin bacterial microbiota, Jus 2015, individual 1015	Chondrostoma nasus	nase
ERS31168233	Chondrostoma nasus caudal fin bacterial microbiota, Caa 2015, individual 1004	Chondrostoma nasus	nase
ERS31168234	Parachondrostoma toxostoma caudal fin bacterial microbiota, Caa 2015, individual 1012	Parachondrostoma toxostoma	toxostome
ERS31168235	Parachondrostoma toxostoma caudal fin bacterial microbiota, Caa 2015, individual 1020	Parachondrostoma toxostoma	toxostome
ERS31168236	Chondrostoma nasus caudal fin bacterial microbiota, Avi 2015, individual 1008	Chondrostoma nasus	nase
ERS31168237	Chondrostoma nasus caudal fin bacterial microbiota, Bue 2015, individual 1003	Chondrostoma nasus	nase
ERS31168238	Chondrostoma nasus x Parachondrostoma toxostoma caudal fin bacterial microbiota, Bue 2015, individual 1011	Chondrostoma nasus x Parachondrostoma toxostoma	nase x toxostome hybrid
ERS31168240	Chondrostoma nasus gill bacterial microbiota, Ain 2014, individual 1001	Chondrostoma nasus	nase
ERS31168241	Parachondrostoma toxostoma gill bacterial microbiota, Ain 2014, individual 1038	Parachondrostoma toxostoma	toxostome
ERS31168242	Chondrostoma nasus gill bacterial microbiota, Cab 2015, individual 1003	Chondrostoma nasus	nase
ERS31168243	Parachondrostoma toxostoma gill bacterial microbiota, Cab 2015, individual 1011	Parachondrostoma toxostoma	toxostome
ERS31168244	Parachondrostoma toxostoma gill bacterial microbiota, Cab 2015, individual 1019	Parachondrostoma toxostoma	toxostome
ERS31168245	Chondrostoma nasus gill bacterial microbiota, Avi 2014, individual 1008	Chondrostoma nasus	nase
ERS31168246	Chondrostoma nasus gill bacterial microbiota, Bue 2014, individual 1005	Chondrostoma nasus	nase
ERS31168247	Parachondrostoma toxostoma gill bacterial microbiota, Bue 2014, individual 1014	Parachondrostoma toxostoma	toxostome
ERS31168248	Chondrostoma nasus x Parachondrostoma toxostoma gill bacterial microbiota, Man 2014, individual 1011	Chondrostoma nasus x Parachondrostoma toxostoma	nase x toxostome hybrid
ERS31168249	Parachondrostoma toxostoma gill bacterial microbiota, Man 2014, individual 1019	Parachondrostoma toxostoma	toxostome
ERS31168250	Parachondrostoma toxostoma gill bacterial microbiota, Per 2014, individual 2011	Parachondrostoma toxostoma	toxostome
ERS31168251	Parachondrostoma toxostoma gill bacterial microbiota, Per 2014, individual 2011	Parachondrostoma toxostoma	toxostome
ERS31168252	Chondrostoma nasus gill bacterial microbiota, Ain 2014, individual 1002	Chondrostoma nasus	nase
ERS31168253	Parachondrostoma toxostoma gill bacterial microbiota, Ain 2014, individual 1039	Parachondrostoma toxostoma	toxostome
ERS31168254	Chondrostoma nasus gill bacterial microbiota, Cab 2015, individual 1004	Chondrostoma nasus	nase
ERS31168255	Parachondrostoma toxostoma gill bacterial microbiota, Cab 2015, individual 1012	Parachondrostoma toxostoma	toxostome
ERS31168256	Chondrostoma nasus gill bacterial microbiota, Avi 2014, individual 1001	Chondrostoma nasus	nase
ERS31168257	Chondrostoma nasus gill bacterial microbiota, Avi 2014, individual 1036	Chondrostoma nasus	nase
ERS31168258	Chondrostoma nasus x Parachondrostoma toxostoma gill bacterial microbiota, Bue 2014, individual 1006	Chondrostoma nasus x Parachondrostoma toxostoma	nase x toxostome hybrid
ERS31168259	Parachondrostoma toxostoma gill bacterial microbiota, Bue 2014, individual 1015	Parachondrostoma toxostoma	toxostome
ERS31168260	Parachondrostoma toxostoma gill bacterial microbiota, Man 2014, individual 1012	Parachondrostoma toxostoma	toxostome
ERS31168261	Chondrostoma nasus x Parachondrostoma toxostoma gill bacterial microbiota, Man 2014, individual 1020	Chondrostoma nasus x Parachondrostoma toxostoma	nase x toxostome hybrid
ERS31168262	Parachondrostoma toxostoma gill bacterial microbiota, Per 2014, individual 2012	Parachondrostoma toxostoma	toxostome
ERS31168263	Parachondrostoma toxostoma gill bacterial microbiota, Per 2014, individual 2012	Parachondrostoma toxostoma	toxostome
ERS31168264	Parachondrostoma toxostoma gill bacterial microbiota, Ain 2014, individual 1011	Parachondrostoma toxostoma	toxostome
ERS31168265	Parachondrostoma toxostoma gill bacterial microbiota, Ain 2014, individual 1040	Parachondrostoma toxostoma	toxostome
ERS31168266	Chondrostoma nasus gill bacterial microbiota, Cab 2015, individual 1005	Chondrostoma nasus	nase
ERS31168267	Parachondrostoma toxostoma gill bacterial microbiota, Cab 2015, individual 1013	Parachondrostoma toxostoma	toxostome
ERS31168268	Chondrostoma nasus gill bacterial microbiota, Avi 2014, individual 1002	Chondrostoma nasus	nase
ERS31168269	Chondrostoma nasus gill bacterial microbiota, Avi 2014, individual 1037	Chondrostoma nasus	nase
ERS31168270	Chondrostoma nasus x Parachondrostoma toxostoma gill bacterial microbiota, Bue 2014, individual 1006	Chondrostoma nasus x Parachondrostoma toxostoma	nase x toxostome hybrid
ERS31168271	Parachondrostoma toxostoma gill bacterial microbiota, Bue 2014, individual 1017	Parachondrostoma toxostoma	toxostome
ERS31168272	Parachondrostoma toxostoma gill bacterial microbiota, Man 2014, individual 1013	Parachondrostoma toxostoma	toxostome
ERS31168273	Chondrostoma nasus x Parachondrostoma toxostoma gill bacterial microbiota, Man 2014, individual 1021	Chondrostoma nasus x Parachondrostoma toxostoma	nase x toxostome hybrid
ERS31168274	Chondrostoma nasus x Parachondrostoma toxostoma gill bacterial microbiota, Per 2014, individual 2013	Chondrostoma nasus x Parachondrostoma toxostoma	nase x toxostome hybrid
ERS31168276	Parachondrostoma toxostoma gill bacterial microbiota, Ain 2014, individual 1012	Parachondrostoma toxostoma	toxostome
ERS31168277	Parachondrostoma toxostoma gill bacterial microbiota, Ain 2014, individual 1041	Parachondrostoma toxostoma	toxostome
ERS31168278	Chondrostoma nasus gill bacterial microbiota, Cab 2015, individual 1006	Chondrostoma nasus	nase
ERS31168279	Parachondrostoma toxostoma gill bacterial microbiota, Cab 2015, individual 1014	Parachondrostoma toxostoma	toxostome
ERS31168280	Chondrostoma nasus gill bacterial microbiota, Avi 2014, individual 1003	Chondrostoma nasus	nase
ERS31168281	Chondrostoma nasus gill bacterial microbiota, Avi 2014, individual 1038	Chondrostoma nasus	nase
ERS31168282	Chondrostoma nasus gill bacterial microbiota, Bue 2014, individual 1007	Chondrostoma nasus	nase
ERS31168283	Parachondrostoma toxostoma gill bacterial microbiota, Bue 2014, individual 1018	Parachondrostoma toxostoma	toxostome
ERS31168284	Parachondrostoma toxostoma gill bacterial microbiota, Man 2014, individual 1014	Parachondrostoma toxostoma	toxostome
ERS31168285	Parachondrostoma toxostoma gill bacterial microbiota, Man 2014, individual 1022	Parachondrostoma toxostoma	toxostome
ERS31168286	Parachondrostoma toxostoma gill bacterial microbiota, Per 2014, individual 2014	Parachondrostoma toxostoma	toxostome
ERS31168288	Parachondrostoma toxostoma gill bacterial microbiota, Ain 2014, individual 1013	Parachondrostoma toxostoma	toxostome
ERS31168289	Parachondrostoma toxostoma gill bacterial microbiota, Ain 2014, individual 1042	Parachondrostoma toxostoma	toxostome
ERS31168290	Chondrostoma nasus gill bacterial microbiota, Cab 2015, individual 1007	Chondrostoma nasus	nase
ERS31168291	Parachondrostoma toxostoma gill bacterial microbiota, Cab 2015, individual 1015	Parachondrostoma toxostoma	toxostome
ERS31168292	Chondrostoma nasus gill bacterial microbiota, Avi 2014, individual 1004	Chondrostoma nasus	nase
ERS31168293	Chondrostoma nasus gill bacterial microbiota, Bue 2014, individual 1001	Chondrostoma nasus	nase
ERS31168294	Chondrostoma nasus gill bacterial microbiota, Bue 2014, individual 1008	Chondrostoma nasus	nase
ERS31168295	Parachondrostoma toxostoma gill bacterial microbiota, Bue 2014, individual 1019	Parachondrostoma toxostoma	toxostome
ERS31168296	Parachondrostoma toxostoma gill bacterial microbiota, Man 2014, individual 1015	Parachondrostoma toxostoma	toxostome
ERS31168297	Parachondrostoma toxostoma gill bacterial microbiota, Per 2014, individual 1011	Parachondrostoma toxostoma	toxostome
ERS31168298	Parachondrostoma toxostoma gill bacterial microbiota, Per 2014, individual 2015	Parachondrostoma toxostoma	toxostome
ERS31168300	Parachondrostoma toxostoma gill bacterial microbiota, Ain 2014, individual 1014	Parachondrostoma toxostoma	toxostome
ERS31168301	Parachondrostoma toxostoma gill bacterial microbiota, Ain 2014, individual 1043	Parachondrostoma toxostoma	toxostome
ERS31168302	Chondrostoma nasus gill bacterial microbiota, Cab 2015, individual 1008	Chondrostoma nasus	nase
ERS31168303	Parachondrostoma toxostoma gill bacterial microbiota, Cab 2015, individual 1016	Parachondrostoma toxostoma	toxostome
ERS31168304	Chondrostoma nasus gill bacterial microbiota, Avi 2014, individual 1005	Chondrostoma nasus	nase
ERS31168305	Chondrostoma nasus gill bacterial microbiota, Bue 2014, individual 1002	Chondrostoma nasus	nase
ERS31168306	Parachondrostoma toxostoma gill bacterial microbiota, Bue 2014, individual 1011	Parachondrostoma toxostoma	toxostome
ERS31168307	Parachondrostoma toxostoma gill bacterial microbiota, Man 2014, individual 1001	Parachondrostoma toxostoma	toxostome
ERS31168308	Parachondrostoma toxostoma gill bacterial microbiota, Man 2014, individual 1016	Parachondrostoma toxostoma	toxostome
ERS31168309	Parachondrostoma toxostoma gill bacterial microbiota, Per 2014, individual 1012	Parachondrostoma toxostoma	toxostome
ERS31168312	Chondrostoma nasus gill bacterial microbiota, Ain 2014, individual 1036	Chondrostoma nasus	nase
ERS31168313	Chondrostoma nasus gill bacterial microbiota, Cab 2015, individual 1001	Chondrostoma nasus	nase
ERS31168314	Chondrostoma nasus x Parachondrostoma toxostoma gill bacterial microbiota, Cab 2015, individual 1009	Chondrostoma nasus x Parachondrostoma toxostoma	nase x toxostome hybrid
ERS31168315	Parachondrostoma toxostoma gill bacterial microbiota, Cab 2015, individual 1017	Parachondrostoma toxostoma	toxostome
ERS31168316	Chondrostoma nasus gill bacterial microbiota, Avi 2014, individual 1006	Chondrostoma nasus	nase
ERS31168317	Chondrostoma nasus gill bacterial microbiota, Bue 2014, individual 1003	Chondrostoma nasus	nase
ERS31168318	Parachondrostoma toxostoma gill bacterial microbiota, Bue 2014, individual 1012	Parachondrostoma toxostoma	toxostome
ERS31168319	Chondrostoma nasus x Parachondrostoma toxostoma gill bacterial microbiota, Man 2014, individual 1002	Chondrostoma nasus x Parachondrostoma toxostoma	nase x toxostome hybrid
ERS31168320	Parachondrostoma toxostoma gill bacterial microbiota, Man 2014, individual 1017	Parachondrostoma toxostoma	toxostome
ERS31168321	Parachondrostoma toxostoma gill bacterial microbiota, Per 2014, individual 1013	Parachondrostoma toxostoma	toxostome
ERS31168324	Chondrostoma nasus gill bacterial microbiota, Ain 2014, individual 1037	Chondrostoma nasus	nase
ERS31168325	Chondrostoma nasus gill bacterial microbiota, Cab 2015, individual 1002	Chondrostoma nasus	nase
ERS31168326	Chondrostoma nasus x Parachondrostoma toxostoma gill bacterial microbiota, Cab 2015, individual 1010	Chondrostoma nasus x Parachondrostoma toxostoma	nase x toxostome hybrid
ERS31168327	Parachondrostoma toxostoma gill bacterial microbiota, Cab 2015, individual 1018	Parachondrostoma toxostoma	toxostome
ERS31168328	Chondrostoma nasus gill bacterial microbiota, Avi 2014, individual 1007	Chondrostoma nasus	nase
ERS31168329	Chondrostoma nasus gill bacterial microbiota, Bue 2014, individual 1004	Chondrostoma nasus	nase
ERS31168330	Parachondrostoma toxostoma gill bacterial microbiota, Bue 2014, individual 1013	Parachondrostoma toxostoma	toxostome
ERS31168331	Chondrostoma nasus x Parachondrostoma toxostoma gill bacterial microbiota, Man 2014, individual 1010	Chondrostoma nasus x Parachondrostoma toxostoma	nase x toxostome hybrid
ERS31168332	Parachondrostoma toxostoma gill bacterial microbiota, Man 2014, individual 1018	Parachondrostoma toxostoma	toxostome
ERS31168333	Parachondrostoma toxostoma gill bacterial microbiota, Per 2014, individual 1014	Parachondrostoma toxostoma	toxostome
ERS31168336	Parachondrostoma toxostoma gill bacterial microbiota, Bau 2015, individual 1001	Parachondrostoma toxostoma	toxostome
ERS31168337	Parachondrostoma toxostoma gill bacterial microbiota, Bau 2015, individual 1009	Parachondrostoma toxostoma	toxostome
ERS31168338	Parachondrostoma toxostoma gill bacterial microbiota, Bau 2015, individual 1017	Parachondrostoma toxostoma	toxostome
ERS31168339	Parachondrostoma toxostoma gill bacterial microbiota, Bau 2015, individual 1025	Parachondrostoma toxostoma	toxostome
ERS31168340	Parachondrostoma toxostoma gill bacterial microbiota, Jus 2015, individual 1008	Parachondrostoma toxostoma	toxostome
ERS31168341	Chondrostoma nasus x Parachondrostoma toxostoma gill bacterial microbiota, Jus 2015, individual 1016	Chondrostoma nasus x Parachondrostoma toxostoma	nase x toxostome hybrid
ERS31168342	Chondrostoma nasus gill bacterial microbiota, Caa 2015, individual 1005	Chondrostoma nasus	nase
ERS31168343	Parachondrostoma toxostoma gill bacterial microbiota, Caa 2015, individual 1013	Parachondrostoma toxostoma	toxostome
ERS31168344	Chondrostoma nasus x Parachondrostoma toxostoma gill bacterial microbiota, Avi 2015, individual 1001	Chondrostoma nasus x Parachondrostoma toxostoma	nase x toxostome hybrid
ERS31168345	Chondrostoma nasus gill bacterial microbiota, Avi 2015, individual 1009	Chondrostoma nasus	nase
ERS31168346	Parachondrostoma toxostoma gill bacterial microbiota, Bue 2015, individual 1004	Parachondrostoma toxostoma	toxostome
ERS31168347	Chondrostoma nasus x Parachondrostoma toxostoma gill bacterial microbiota, Bue 2015, individual 1012	Chondrostoma nasus x Parachondrostoma toxostoma	nase x toxostome hybrid
ERS31168348	Parachondrostoma toxostoma gill bacterial microbiota, Bau 2015, individual 1002	Parachondrostoma toxostoma	toxostome
ERS31168349	Chondrostoma nasus x Parachondrostoma toxostoma gill bacterial microbiota, Bau 2015, individual 1010	Chondrostoma nasus x Parachondrostoma toxostoma	nase x toxostome hybrid
ERS31168350	Parachondrostoma toxostoma gill bacterial microbiota, Bau 2015, individual 1018	Parachondrostoma toxostoma	toxostome
ERS31168351	Parachondrostoma toxostoma gill bacterial microbiota, Jus 2015, individual 1001	Parachondrostoma toxostoma	toxostome
ERS31168352	Chondrostoma nasus x Parachondrostoma toxostoma gill bacterial microbiota, Jus 2015, individual 1009	Chondrostoma nasus x Parachondrostoma toxostoma	nase x toxostome hybrid
ERS31168353	Chondrostoma nasus gill bacterial microbiota, Jus 2015, individual 1017	Chondrostoma nasus	nase
ERS31168354	Chondrostoma nasus x Parachondrostoma toxostoma gill bacterial microbiota, Caa 2015, individual 1006	Chondrostoma nasus x Parachondrostoma toxostoma	nase x toxostome hybrid
ERS31168355	Parachondrostoma toxostoma gill bacterial microbiota, Caa 2015, individual 1014	Parachondrostoma toxostoma	toxostome
ERS31168356	Chondrostoma nasus x Parachondrostoma toxostoma gill bacterial microbiota, Avi 2015, individual 1002	Chondrostoma nasus x Parachondrostoma toxostoma	nase x toxostome hybrid
ERS31168357	Chondrostoma nasus gill bacterial microbiota, Avi 2015, individual 1010	Chondrostoma nasus	nase
ERS31168358	Chondrostoma nasus x Parachondrostoma toxostoma gill bacterial microbiota, Bue 2015, individual 1005	Chondrostoma nasus x Parachondrostoma toxostoma	nase x toxostome hybrid
ERS31168359	Parachondrostoma toxostoma gill bacterial microbiota, Bue 2015, individual 1013	Parachondrostoma toxostoma	toxostome
ERS31168360	Parachondrostoma toxostoma gill bacterial microbiota, Bau 2015, individual 1003	Parachondrostoma toxostoma	toxostome
ERS31168361	Parachondrostoma toxostoma gill bacterial microbiota, Bau 2015, individual 1011	Parachondrostoma toxostoma	toxostome
ERS31168362	Chondrostoma nasus x Parachondrostoma toxostoma gill bacterial microbiota, Bau 2015, individual 1019	Chondrostoma nasus x Parachondrostoma toxostoma	nase x toxostome hybrid
ERS31168363	Chondrostoma nasus x Parachondrostoma toxostoma gill bacterial microbiota, Jus 2015, individual 1002	Chondrostoma nasus x Parachondrostoma toxostoma	nase x toxostome hybrid
ERS31168364	Chondrostoma nasus gill bacterial microbiota, Jus 2015, individual 1010	Chondrostoma nasus	nase
ERS31168365	Chondrostoma nasus gill bacterial microbiota, Jus 2015, individual 1018	Chondrostoma nasus	nase
ERS31168366	Chondrostoma nasus gill bacterial microbiota, Caa 2015, individual 1007	Chondrostoma nasus	nase
ERS31168367	Chondrostoma nasus x Parachondrostoma toxostoma gill bacterial microbiota, Caa 2015, individual 1015	Chondrostoma nasus x Parachondrostoma toxostoma	nase x toxostome hybrid
ERS31168368	Chondrostoma nasus gill bacterial microbiota, Avi 2015, individual 1003	Chondrostoma nasus	nase
ERS31168369	Chondrostoma nasus x Parachondrostoma toxostoma gill bacterial microbiota, Avi 2015, individual 1011	Chondrostoma nasus x Parachondrostoma toxostoma	nase x toxostome hybrid
ERS31168370	Parachondrostoma toxostoma gill bacterial microbiota, Bue 2015, individual 1006	Parachondrostoma toxostoma	toxostome
ERS31168371	Parachondrostoma toxostoma gill bacterial microbiota, Bue 2015, individual 1014	Parachondrostoma toxostoma	toxostome
ERS31168372	Chondrostoma nasus x Parachondrostoma toxostoma gill bacterial microbiota, Bau 2015, individual 1004	Chondrostoma nasus x Parachondrostoma toxostoma	nase x toxostome hybrid
ERS31168373	Parachondrostoma toxostoma gill bacterial microbiota, Bau 2015, individual 1012	Parachondrostoma toxostoma	toxostome
ERS31168374	Chondrostoma nasus x Parachondrostoma toxostoma gill bacterial microbiota, Bau 2015, individual 1020	Chondrostoma nasus x Parachondrostoma toxostoma	nase x toxostome hybrid
ERS31168375	Chondrostoma nasus x Parachondrostoma toxostoma gill bacterial microbiota, Jus 2015, individual 1003	Chondrostoma nasus x Parachondrostoma toxostoma	nase x toxostome hybrid
ERS31168376	Chondrostoma nasus gill bacterial microbiota, Jus 2015, individual 1011	Chondrostoma nasus	nase
ERS31168377	Chondrostoma nasus gill bacterial microbiota, Jus 2015, individual 1019	Chondrostoma nasus	nase
ERS31168378	Chondrostoma nasus x Parachondrostoma toxostoma gill bacterial microbiota, Caa 2015, individual 1008	Chondrostoma nasus x Parachondrostoma toxostoma	nase x toxostome hybrid
ERS31168379	Chondrostoma nasus x Parachondrostoma toxostoma gill bacterial microbiota, Caa 2015, individual 1016	Chondrostoma nasus x Parachondrostoma toxostoma	nase x toxostome hybrid
ERS31168380	Chondrostoma nasus gill bacterial microbiota, Avi 2015, individual 1004	Chondrostoma nasus	nase
ERS31168381	Chondrostoma nasus x Parachondrostoma toxostoma gill bacterial microbiota, Avi 2015, individual 1012	Chondrostoma nasus x Parachondrostoma toxostoma	nase x toxostome hybrid
ERS31168382	Chondrostoma nasus x Parachondrostoma toxostoma gill bacterial microbiota, Bue 2015, individual 1007	Chondrostoma nasus x Parachondrostoma toxostoma	nase x toxostome hybrid
ERS31168383	Parachondrostoma toxostoma gill bacterial microbiota, Bue 2015, individual 1015	Parachondrostoma toxostoma	toxostome
ERS31168384	Parachondrostoma toxostoma gill bacterial microbiota, Bau 2015, individual 1005	Parachondrostoma toxostoma	toxostome
ERS31168385	Parachondrostoma toxostoma gill bacterial microbiota, Bau 2015, individual 1013	Parachondrostoma toxostoma	toxostome
ERS31168386	Chondrostoma nasus x Parachondrostoma toxostoma gill bacterial microbiota, Bau 2015, individual 1021	Chondrostoma nasus x Parachondrostoma toxostoma	nase x toxostome hybrid
ERS31168387	Chondrostoma nasus x Parachondrostoma toxostoma gill bacterial microbiota, Jus 2015, individual 1004	Chondrostoma nasus x Parachondrostoma toxostoma	nase x toxostome hybrid
ERS31168388	Chondrostoma nasus gill bacterial microbiota, Jus 2015, individual 1012	Chondrostoma nasus	nase
ERS31168389	Chondrostoma nasus gill bacterial microbiota, Caa 2015, individual 1001	Chondrostoma nasus	nase
ERS31168390	Chondrostoma nasus gill bacterial microbiota, Caa 2015, individual 1009	Chondrostoma nasus	nase
ERS31168391	Chondrostoma nasus x Parachondrostoma toxostoma gill bacterial microbiota, Caa 2015, individual 1017	Chondrostoma nasus x Parachondrostoma toxostoma	nase x toxostome hybrid
ERS31168392	Chondrostoma nasus gill bacterial microbiota, Avi 2015, individual 1005	Chondrostoma nasus	nase
ERS31168393	Chondrostoma nasus x Parachondrostoma toxostoma gill bacterial microbiota, Avi 2015, individual 1013	Chondrostoma nasus x Parachondrostoma toxostoma	nase x toxostome hybrid
ERS31168394	Parachondrostoma toxostoma gill bacterial microbiota, Bue 2015, individual 1008	Parachondrostoma toxostoma	toxostome
ERS31168395	Chondrostoma nasus x Parachondrostoma toxostoma gill bacterial microbiota, Bue 2015, individual 1016	Chondrostoma nasus x Parachondrostoma toxostoma	nase x toxostome hybrid
ERS31168396	Chondrostoma nasus x Parachondrostoma toxostoma gill bacterial microbiota, Bau 2015, individual 1006	Chondrostoma nasus x Parachondrostoma toxostoma	nase x toxostome hybrid
ERS31168397	Parachondrostoma toxostoma gill bacterial microbiota, Bau 2015, individual 1014	Parachondrostoma toxostoma	toxostome
ERS31168398	Parachondrostoma toxostoma gill bacterial microbiota, Bau 2015, individual 1022	Parachondrostoma toxostoma	toxostome
ERS31168399	Chondrostoma nasus x Parachondrostoma toxostoma gill bacterial microbiota, Jus 2015, individual 1005	Chondrostoma nasus x Parachondrostoma toxostoma	nase x toxostome hybrid
ERS31168400	Chondrostoma nasus gill bacterial microbiota, Jus 2015, individual 1013	Chondrostoma nasus	nase
ERS31168401	Chondrostoma nasus gill bacterial microbiota, Caa 2015, individual 1002	Chondrostoma nasus	nase
ERS31168402	Chondrostoma nasus gill bacterial microbiota, Caa 2015, individual 1010	Chondrostoma nasus	nase
ERS31168403	Parachondrostoma toxostoma gill bacterial microbiota, Caa 2015, individual 1018	Parachondrostoma toxostoma	toxostome
ERS31168404	Chondrostoma nasus gill bacterial microbiota, Avi 2015, individual 1006	Chondrostoma nasus	nase
ERS31168405	Chondrostoma nasus gill bacterial microbiota, Bue 2015, individual 1001	Chondrostoma nasus	nase
ERS31168406	Chondrostoma nasus x Parachondrostoma toxostoma gill bacterial microbiota, Bue 2015, individual 1009	Chondrostoma nasus x Parachondrostoma toxostoma	nase x toxostome hybrid
ERS31168407	Chondrostoma nasus gill bacterial microbiota, Bue 2015, individual 1017	Chondrostoma nasus	nase
ERS31168408	Parachondrostoma toxostoma gill bacterial microbiota, Bau 2015, individual 1007	Parachondrostoma toxostoma	toxostome
ERS31168409	Parachondrostoma toxostoma gill bacterial microbiota, Bau 2015, individual 1015	Parachondrostoma toxostoma	toxostome
ERS31168410	Parachondrostoma toxostoma gill bacterial microbiota, Bau 2015, individual 1023	Parachondrostoma toxostoma	toxostome
ERS31168411	Parachondrostoma toxostoma gill bacterial microbiota, Jus 2015, individual 1006	Parachondrostoma toxostoma	toxostome
ERS31168412	Chondrostoma nasus gill bacterial microbiota, Jus 2015, individual 1014	Chondrostoma nasus	nase
ERS31168413	Chondrostoma nasus gill bacterial microbiota, Caa 2015, individual 1003	Chondrostoma nasus	nase
ERS31168414	Parachondrostoma toxostoma gill bacterial microbiota, Caa 2015, individual 1011	Parachondrostoma toxostoma	toxostome
ERS31168415	Chondrostoma nasus x Parachondrostoma toxostoma gill bacterial microbiota, Caa 2015, individual 1019	Chondrostoma nasus x Parachondrostoma toxostoma	nase x toxostome hybrid
ERS31168416	Chondrostoma nasus gill bacterial microbiota, Avi 2015, individual 1007	Chondrostoma nasus	nase
ERS31168417	Chondrostoma nasus gill bacterial microbiota, Bue 2015, individual 1002	Chondrostoma nasus	nase
ERS31168418	Chondrostoma nasus x Parachondrostoma toxostoma gill bacterial microbiota, Bue 2015, individual 1010	Chondrostoma nasus x Parachondrostoma toxostoma	nase x toxostome hybrid
ERS31168419	Chondrostoma nasus x Parachondrostoma toxostoma gill bacterial microbiota, Bue 2015, individual 1018	Chondrostoma nasus x Parachondrostoma toxostoma	nase x toxostome hybrid
ERS31168420	Parachondrostoma toxostoma gill bacterial microbiota, Bau 2015, individual 1008	Parachondrostoma toxostoma	toxostome
ERS31168421	Chondrostoma nasus x Parachondrostoma toxostoma gill bacterial microbiota, Bau 2015, individual 1016	Chondrostoma nasus x Parachondrostoma toxostoma	nase x toxostome hybrid
ERS31168422	Parachondrostoma toxostoma gill bacterial microbiota, Bau 2015, individual 1024	Parachondrostoma toxostoma	toxostome
ERS31168423	Parachondrostoma toxostoma gill bacterial microbiota, Jus 2015, individual 1007	Parachondrostoma toxostoma	toxostome
ERS31168424	Chondrostoma nasus gill bacterial microbiota, Jus 2015, individual 1015	Chondrostoma nasus	nase
ERS31168425	Chondrostoma nasus gill bacterial microbiota, Caa 2015, individual 1004	Chondrostoma nasus	nase
ERS31168426	Parachondrostoma toxostoma gill bacterial microbiota, Caa 2015, individual 1012	Parachondrostoma toxostoma	toxostome
ERS31168427	Parachondrostoma toxostoma gill bacterial microbiota, Caa 2015, individual 1020	Parachondrostoma toxostoma	toxostome
ERS31168428	Chondrostoma nasus gill bacterial microbiota, Avi 2015, individual 1008	Chondrostoma nasus	nase
ERS31168429	Chondrostoma nasus gill bacterial microbiota, Bue 2015, individual 1003	Chondrostoma nasus	nase
ERS31168430	Chondrostoma nasus x Parachondrostoma toxostoma gill bacterial microbiota, Bue 2015, individual 1011	Chondrostoma nasus x Parachondrostoma toxostoma	nase x toxostome hybrid
ERS31168432	Chondrostoma nasus hindgut bacterial microbiota, Ain 2014, individual 1001	Chondrostoma nasus	nase
ERS31168433	Parachondrostoma toxostoma hindgut bacterial microbiota, Ain 2014, individual 1038	Parachondrostoma toxostoma	toxostome
ERS31168434	Chondrostoma nasus hindgut bacterial microbiota, Cab 2015, individual 1003	Chondrostoma nasus	nase
ERS31168435	Parachondrostoma toxostoma hindgut bacterial microbiota, Cab 2015, individual 1011	Parachondrostoma toxostoma	toxostome
ERS31168436	Parachondrostoma toxostoma hindgut bacterial microbiota, Cab 2015, individual 1019	Parachondrostoma toxostoma	toxostome
ERS31168437	Chondrostoma nasus hindgut bacterial microbiota, Avi 2014, individual 1008	Chondrostoma nasus	nase
ERS31168438	Chondrostoma nasus hindgut bacterial microbiota, Bue 2014, individual 1005	Chondrostoma nasus	nase
ERS31168439	Parachondrostoma toxostoma hindgut bacterial microbiota, Bue 2014, individual 1015	Parachondrostoma toxostoma	toxostome
ERS31168440	Chondrostoma nasus x Parachondrostoma toxostoma hindgut bacterial microbiota, Man 2014, individual 1011	Chondrostoma nasus x Parachondrostoma toxostoma	nase x toxostome hybrid
ERS31168441	Parachondrostoma toxostoma hindgut bacterial microbiota, Man 2014, individual 1019	Parachondrostoma toxostoma	toxostome
ERS31168442	Parachondrostoma toxostoma hindgut bacterial microbiota, Per 2014, individual 2011	Parachondrostoma toxostoma	toxostome
ERS31168443	Parachondrostoma toxostoma hindgut bacterial microbiota, Per 2014, individual 2011	Parachondrostoma toxostoma	toxostome
ERS31168444	Chondrostoma nasus hindgut bacterial microbiota, Ain 2014, individual 1002	Chondrostoma nasus	nase
ERS31168445	Parachondrostoma toxostoma hindgut bacterial microbiota, Ain 2014, individual 1039	Parachondrostoma toxostoma	toxostome
ERS31168446	Chondrostoma nasus hindgut bacterial microbiota, Cab 2015, individual 1004	Chondrostoma nasus	nase
ERS31168447	Parachondrostoma toxostoma hindgut bacterial microbiota, Cab 2015, individual 1012	Parachondrostoma toxostoma	toxostome
ERS31168448	Chondrostoma nasus hindgut bacterial microbiota, Avi 2014, individual 1001	Chondrostoma nasus	nase
ERS31168449	Chondrostoma nasus hindgut bacterial microbiota, Avi 2014, individual 1036	Chondrostoma nasus	nase
ERS31168450	Chondrostoma nasus x Parachondrostoma toxostoma hindgut bacterial microbiota, Bue 2014, individual 1006	Chondrostoma nasus x Parachondrostoma toxostoma	nase x toxostome hybrid
ERS31168451	Chondrostoma nasus x Parachondrostoma toxostoma hindgut bacterial microbiota, Bue 2014, individual 1016	Chondrostoma nasus x Parachondrostoma toxostoma	nase x toxostome hybrid
ERS31168452	Parachondrostoma toxostoma hindgut bacterial microbiota, Man 2014, individual 1012	Parachondrostoma toxostoma	toxostome
ERS31168453	Chondrostoma nasus x Parachondrostoma toxostoma hindgut bacterial microbiota, Man 2014, individual 1020	Chondrostoma nasus x Parachondrostoma toxostoma	nase x toxostome hybrid
ERS31168454	Parachondrostoma toxostoma hindgut bacterial microbiota, Per 2014, individual 2012	Parachondrostoma toxostoma	toxostome
ERS31168455	Parachondrostoma toxostoma hindgut bacterial microbiota, Per 2014, individual 2012	Parachondrostoma toxostoma	toxostome
ERS31168456	Parachondrostoma toxostoma hindgut bacterial microbiota, Ain 2014, individual 1011	Parachondrostoma toxostoma	toxostome
ERS31168457	Parachondrostoma toxostoma hindgut bacterial microbiota, Ain 2014, individual 1040	Parachondrostoma toxostoma	toxostome
ERS31168458	Chondrostoma nasus hindgut bacterial microbiota, Cab 2015, individual 1005	Chondrostoma nasus	nase
ERS31168459	Parachondrostoma toxostoma hindgut bacterial microbiota, Cab 2015, individual 1013	Parachondrostoma toxostoma	toxostome
ERS31168460	Chondrostoma nasus hindgut bacterial microbiota, Avi 2014, individual 1002	Chondrostoma nasus	nase
ERS31168461	Chondrostoma nasus hindgut bacterial microbiota, Avi 2014, individual 1037	Chondrostoma nasus	nase
ERS31168462	Chondrostoma nasus hindgut bacterial microbiota, Bue 2014, individual 1007	Chondrostoma nasus	nase
ERS31168463	Parachondrostoma toxostoma hindgut bacterial microbiota, Bue 2014, individual 1017	Parachondrostoma toxostoma	toxostome
ERS31168464	Parachondrostoma toxostoma hindgut bacterial microbiota, Man 2014, individual 1013	Parachondrostoma toxostoma	toxostome
ERS31168465	Chondrostoma nasus x Parachondrostoma toxostoma hindgut bacterial microbiota, Man 2014, individual 1021	Chondrostoma nasus x Parachondrostoma toxostoma	nase x toxostome hybrid
ERS31168466	Chondrostoma nasus x Parachondrostoma toxostoma hindgut bacterial microbiota, Per 2014, individual 2013	Chondrostoma nasus x Parachondrostoma toxostoma	nase x toxostome hybrid
ERS31168468	Parachondrostoma toxostoma hindgut bacterial microbiota, Ain 2014, individual 1012	Parachondrostoma toxostoma	toxostome
ERS31168469	Parachondrostoma toxostoma hindgut bacterial microbiota, Ain 2014, individual 1041	Parachondrostoma toxostoma	toxostome
ERS31168470	Chondrostoma nasus hindgut bacterial microbiota, Cab 2015, individual 1006	Chondrostoma nasus	nase
ERS31168471	Parachondrostoma toxostoma hindgut bacterial microbiota, Cab 2015, individual 1014	Parachondrostoma toxostoma	toxostome
ERS31168472	Chondrostoma nasus hindgut bacterial microbiota, Avi 2014, individual 1003	Chondrostoma nasus	nase
ERS31168473	Chondrostoma nasus hindgut bacterial microbiota, Avi 2014, individual 1038	Chondrostoma nasus	nase
ERS31168474	Chondrostoma nasus hindgut bacterial microbiota, Bue 2014, individual 1008	Chondrostoma nasus	nase
ERS31168475	Parachondrostoma toxostoma hindgut bacterial microbiota, Bue 2014, individual 1018	Parachondrostoma toxostoma	toxostome
ERS31168476	Parachondrostoma toxostoma hindgut bacterial microbiota, Man 2014, individual 1014	Parachondrostoma toxostoma	toxostome
ERS31168477	Parachondrostoma toxostoma hindgut bacterial microbiota, Man 2014, individual 1022	Parachondrostoma toxostoma	toxostome
ERS31168478	Parachondrostoma toxostoma hindgut bacterial microbiota, Per 2014, individual 2014	Parachondrostoma toxostoma	toxostome
ERS31168480	Parachondrostoma toxostoma hindgut bacterial microbiota, Ain 2014, individual 1013	Parachondrostoma toxostoma	toxostome
ERS31168481	Parachondrostoma toxostoma hindgut bacterial microbiota, Ain 2014, individual 1042	Parachondrostoma toxostoma	toxostome
ERS31168482	Chondrostoma nasus hindgut bacterial microbiota, Cab 2015, individual 1007	Chondrostoma nasus	nase
ERS31168483	Parachondrostoma toxostoma hindgut bacterial microbiota, Cab 2015, individual 1015	Parachondrostoma toxostoma	toxostome
ERS31168484	Chondrostoma nasus hindgut bacterial microbiota, Avi 2014, individual 1004	Chondrostoma nasus	nase
ERS31168485	Chondrostoma nasus hindgut bacterial microbiota, Bue 2014, individual 1001	Chondrostoma nasus	nase
ERS31168486	Parachondrostoma toxostoma hindgut bacterial microbiota, Bue 2014, individual 1011	Parachondrostoma toxostoma	toxostome
ERS31168487	Parachondrostoma toxostoma hindgut bacterial microbiota, Bue 2014, individual 1019	Parachondrostoma toxostoma	toxostome
ERS31168488	Parachondrostoma toxostoma hindgut bacterial microbiota, Man 2014, individual 1015	Parachondrostoma toxostoma	toxostome
ERS31168489	Parachondrostoma toxostoma hindgut bacterial microbiota, Per 2014, individual 1011	Parachondrostoma toxostoma	toxostome
ERS31168490	Parachondrostoma toxostoma hindgut bacterial microbiota, Per 2015, individual 2015	Parachondrostoma toxostoma	toxostome
ERS31168492	Parachondrostoma toxostoma hindgut bacterial microbiota, Ain 2014, individual 1014	Parachondrostoma toxostoma	toxostome
ERS31168493	Parachondrostoma toxostoma hindgut bacterial microbiota, Ain 2014, individual 1043	Parachondrostoma toxostoma	toxostome
ERS31168494	Chondrostoma nasus hindgut bacterial microbiota, Cab 2015, individual 1008	Chondrostoma nasus	nase
ERS31168495	Parachondrostoma toxostoma hindgut bacterial microbiota, Cab 2015, individual 1016	Parachondrostoma toxostoma	toxostome
ERS31168496	Chondrostoma nasus hindgut bacterial microbiota, Avi 2014, individual 1005	Chondrostoma nasus	nase
ERS31168497	Chondrostoma nasus hindgut bacterial microbiota, Bue 2014, individual 1002	Chondrostoma nasus	nase
ERS31168498	Parachondrostoma toxostoma hindgut bacterial microbiota, Bue 2014, individual 1012	Parachondrostoma toxostoma	toxostome
ERS31168499	Parachondrostoma toxostoma hindgut bacterial microbiota, Man 2014, individual 1001	Parachondrostoma toxostoma	toxostome
ERS31168500	Parachondrostoma toxostoma hindgut bacterial microbiota, Man 2014, individual 1016	Parachondrostoma toxostoma	toxostome
ERS31168501	Parachondrostoma toxostoma hindgut bacterial microbiota, Per 2014, individual 1012	Parachondrostoma toxostoma	toxostome
ERS31168504	Chondrostoma nasus hindgut bacterial microbiota, Ain 2014, individual 1036	Chondrostoma nasus	nase
ERS31168505	Chondrostoma nasus hindgut bacterial microbiota, Cab 2015, individual 1001	Chondrostoma nasus	nase
ERS31168506	Chondrostoma nasus x Parachondrostoma toxostoma hindgut bacterial microbiota, Cab 2015, individual 1009	Chondrostoma nasus x Parachondrostoma toxostoma	nase x toxostome hybrid
ERS31168507	Parachondrostoma toxostoma hindgut bacterial microbiota, Cab 2015, individual 1017	Parachondrostoma toxostoma	toxostome
ERS31168508	Chondrostoma nasus hindgut bacterial microbiota, Avi 2014, individual 1006	Chondrostoma nasus	nase
ERS31168509	Chondrostoma nasus hindgut bacterial microbiota, Bue 2014, individual 1003	Chondrostoma nasus	nase
ERS31168510	Parachondrostoma toxostoma hindgut bacterial microbiota, Bue 2014, individual 1013	Parachondrostoma toxostoma	toxostome
ERS31168511	Chondrostoma nasus x Parachondrostoma toxostoma hindgut bacterial microbiota, Man 2014, individual 1002	Chondrostoma nasus x Parachondrostoma toxostoma	nase x toxostome hybrid
ERS31168512	Parachondrostoma toxostoma hindgut bacterial microbiota, Man 2014, individual 1017	Parachondrostoma toxostoma	toxostome
ERS31168513	Parachondrostoma toxostoma hindgut bacterial microbiota, Per 2014, individual 1013	Parachondrostoma toxostoma	toxostome
ERS31168516	Chondrostoma nasus hindgut bacterial microbiota, Ain 2014, individual 1037	Chondrostoma nasus	nase
ERS31168517	Chondrostoma nasus hindgut bacterial microbiota, Cab 2015, individual 1002	Chondrostoma nasus	nase
ERS31168518	Chondrostoma nasus x Parachondrostoma toxostoma hindgut bacterial microbiota, Cab 2015, individual 1010	Chondrostoma nasus x Parachondrostoma toxostoma	nase x toxostome hybrid
ERS31168519	Parachondrostoma toxostoma hindgut bacterial microbiota, Cab 2015, individual 1018	Parachondrostoma toxostoma	toxostome
ERS31168520	Chondrostoma nasus hindgut bacterial microbiota, Avi 2014, individual 1007	Chondrostoma nasus	nase
ERS31168521	Chondrostoma nasus hindgut bacterial microbiota, Bue 2014, individual 1004	Chondrostoma nasus	nase
ERS31168522	Parachondrostoma toxostoma hindgut bacterial microbiota, Bue 2014, individual 1014	Parachondrostoma toxostoma	toxostome
ERS31168523	Chondrostoma nasus x Parachondrostoma toxostoma hindgut bacterial microbiota, Man 2014, individual 1010	Chondrostoma nasus x Parachondrostoma toxostoma	nase x toxostome hybrid
ERS31168524	Parachondrostoma toxostoma hindgut bacterial microbiota, Man 2014, individual 1018	Parachondrostoma toxostoma	toxostome
ERS31168525	Parachondrostoma toxostoma hindgut bacterial microbiota, Per 2014, individual 1014	Parachondrostoma toxostoma	toxostome
ERS31168528	Parachondrostoma toxostoma hindgut bacterial microbiota, Bau 2015, individual 1001	Parachondrostoma toxostoma	toxostome
ERS31168529	Parachondrostoma toxostoma hindgut bacterial microbiota, Bau 2015, individual 1009	Parachondrostoma toxostoma	toxostome
ERS31168530	Parachondrostoma toxostoma hindgut bacterial microbiota, Bau 2015, individual 1017	Parachondrostoma toxostoma	toxostome
ERS31168531	Parachondrostoma toxostoma hindgut bacterial microbiota, Bau 2015, individual 1025	Parachondrostoma toxostoma	toxostome
ERS31168532	Parachondrostoma toxostoma hindgut bacterial microbiota, Jus 2015, individual 1008	Parachondrostoma toxostoma	toxostome
ERS31168533	Chondrostoma nasus x Parachondrostoma toxostoma hindgut bacterial microbiota, Jus 2015, individual 1016	Chondrostoma nasus x Parachondrostoma toxostoma	nase x toxostome hybrid
ERS31168534	Chondrostoma nasus hindgut bacterial microbiota, Caa 2015, individual 1005	Chondrostoma nasus	nase
ERS31168535	Parachondrostoma toxostoma hindgut bacterial microbiota, Caa 2015, individual 1013	Parachondrostoma toxostoma	toxostome
ERS31168536	Chondrostoma nasus x Parachondrostoma toxostoma hindgut bacterial microbiota, Avi 2015, individual 1001	Chondrostoma nasus x Parachondrostoma toxostoma	nase x toxostome hybrid
ERS31168537	Chondrostoma nasus hindgut bacterial microbiota, Avi 2015, individual 1009	Chondrostoma nasus	nase
ERS31168538	Parachondrostoma toxostoma hindgut bacterial microbiota, Bue 2015, individual 1004	Parachondrostoma toxostoma	toxostome
ERS31168539	Chondrostoma nasus x Parachondrostoma toxostoma hindgut bacterial microbiota, Bue 2015, individual 1012	Chondrostoma nasus x Parachondrostoma toxostoma	nase x toxostome hybrid
ERS31168540	Parachondrostoma toxostoma hindgut bacterial microbiota, Bau 2015, individual 1002	Parachondrostoma toxostoma	toxostome
ERS31168541	Chondrostoma nasus x Parachondrostoma toxostoma hindgut bacterial microbiota, Bau 2015, individual 1010	Chondrostoma nasus x Parachondrostoma toxostoma	nase x toxostome hybrid
ERS31168542	Parachondrostoma toxostoma hindgut bacterial microbiota, Bau 2015, individual 1018	Parachondrostoma toxostoma	toxostome
ERS31168543	Parachondrostoma toxostoma hindgut bacterial microbiota, Jus 2015, individual 1001	Parachondrostoma toxostoma	toxostome
ERS31168544	Chondrostoma nasus x Parachondrostoma toxostoma hindgut bacterial microbiota, Jus 2015, individual 1009	Chondrostoma nasus x Parachondrostoma toxostoma	nase x toxostome hybrid
ERS31168545	Chondrostoma nasus hindgut bacterial microbiota, Jus 2015, individual 1017	Chondrostoma nasus	nase
ERS31168546	Chondrostoma nasus x Parachondrostoma toxostoma hindgut bacterial microbiota, Caa 2015, individual 1006	Chondrostoma nasus x Parachondrostoma toxostoma	nase x toxostome hybrid
ERS31168547	Parachondrostoma toxostoma hindgut bacterial microbiota, Caa 2015, individual 1014	Parachondrostoma toxostoma	toxostome
ERS31168548	Chondrostoma nasus x Parachondrostoma toxostoma hindgut bacterial microbiota, Avi 2015, individual 1002	Chondrostoma nasus x Parachondrostoma toxostoma	nase x toxostome hybrid
ERS31168549	Chondrostoma nasus hindgut bacterial microbiota, Avi 2015, individual 1010	Chondrostoma nasus	nase
ERS31168550	Chondrostoma nasus x Parachondrostoma toxostoma hindgut bacterial microbiota, Bue 2015, individual 1005	Chondrostoma nasus x Parachondrostoma toxostoma	nase x toxostome hybrid
ERS31168551	Parachondrostoma toxostoma hindgut bacterial microbiota, Bue 2015, individual 1013	Parachondrostoma toxostoma	toxostome
ERS31168552	Parachondrostoma toxostoma hindgut bacterial microbiota, Bau 2015, individual 1003	Parachondrostoma toxostoma	toxostome
ERS31168553	Parachondrostoma toxostoma hindgut bacterial microbiota, Bau 2015, individual 1011	Parachondrostoma toxostoma	toxostome
ERS31168554	Chondrostoma nasus x Parachondrostoma toxostoma hindgut bacterial microbiota, Bau 2015, individual 1019	Chondrostoma nasus x Parachondrostoma toxostoma	nase x toxostome hybrid
ERS31168555	Chondrostoma nasus x Parachondrostoma toxostoma hindgut bacterial microbiota, Jus 2015, individual 1002	Chondrostoma nasus x Parachondrostoma toxostoma	nase x toxostome hybrid
ERS31168556	Chondrostoma nasus hindgut bacterial microbiota, Jus 2015, individual 1010	Chondrostoma nasus	nase
ERS31168557	Chondrostoma nasus hindgut bacterial microbiota, Jus 2015, individual 1018	Chondrostoma nasus	nase
ERS31168558	Chondrostoma nasus hindgut bacterial microbiota, Caa 2015, individual 1007	Chondrostoma nasus	nase
ERS31168559	Chondrostoma nasus x Parachondrostoma toxostoma hindgut bacterial microbiota, Caa 2015, individual 1015	Chondrostoma nasus x Parachondrostoma toxostoma	nase x toxostome hybrid
ERS31168560	Chondrostoma nasus hindgut bacterial microbiota, Avi 2015, individual 1003	Chondrostoma nasus	nase
ERS31168561	Chondrostoma nasus x Parachondrostoma toxostoma hindgut bacterial microbiota, Avi 2015, individual 1011	Chondrostoma nasus x Parachondrostoma toxostoma	nase x toxostome hybrid
ERS31168562	Parachondrostoma toxostoma hindgut bacterial microbiota, Bue 2015, individual 1006	Parachondrostoma toxostoma	toxostome
ERS31168563	Parachondrostoma toxostoma hindgut bacterial microbiota, Bue 2015, individual 1014	Parachondrostoma toxostoma	toxostome
ERS31168564	Chondrostoma nasus x Parachondrostoma toxostoma hindgut bacterial microbiota, Bau 2015, individual 1004	Chondrostoma nasus x Parachondrostoma toxostoma	nase x toxostome hybrid
ERS31168565	Parachondrostoma toxostoma hindgut bacterial microbiota, Bau 2015, individual 1012	Parachondrostoma toxostoma	toxostome
ERS31168566	Chondrostoma nasus x Parachondrostoma toxostoma hindgut bacterial microbiota, Bau 2015, individual 1020	Chondrostoma nasus x Parachondrostoma toxostoma	nase x toxostome hybrid
ERS31168567	Chondrostoma nasus x Parachondrostoma toxostoma hindgut bacterial microbiota, Jus 2015, individual 1003	Chondrostoma nasus x Parachondrostoma toxostoma	nase x toxostome hybrid
ERS31168568	Chondrostoma nasus hindgut bacterial microbiota, Jus 2015, individual 1011	Chondrostoma nasus	nase
ERS31168569	Chondrostoma nasus hindgut bacterial microbiota, Jus 2015, individual 1019	Chondrostoma nasus	nase
ERS31168570	Chondrostoma nasus x Parachondrostoma toxostoma hindgut bacterial microbiota, Caa 2015, individual 1008	Chondrostoma nasus x Parachondrostoma toxostoma	nase x toxostome hybrid
ERS31168571	Chondrostoma nasus x Parachondrostoma toxostoma hindgut bacterial microbiota, Caa 2015, individual 1016	Chondrostoma nasus x Parachondrostoma toxostoma	nase x toxostome hybrid
ERS31168572	Chondrostoma nasus hindgut bacterial microbiota, Avi 2015, individual 1004	Chondrostoma nasus	nase
ERS31168573	Chondrostoma nasus x Parachondrostoma toxostoma hindgut bacterial microbiota, Avi 2015, individual 1012	Chondrostoma nasus x Parachondrostoma toxostoma	nase x toxostome hybrid
ERS31168574	Chondrostoma nasus x Parachondrostoma toxostoma hindgut bacterial microbiota, Bue 2015, individual 1007	Chondrostoma nasus x Parachondrostoma toxostoma	nase x toxostome hybrid
ERS31168575	Parachondrostoma toxostoma hindgut bacterial microbiota, Bue 2015, individual 1015	Parachondrostoma toxostoma	toxostome
ERS31168576	Parachondrostoma toxostoma hindgut bacterial microbiota, Bau 2015, individual 1005	Parachondrostoma toxostoma	toxostome
ERS31168577	Parachondrostoma toxostoma hindgut bacterial microbiota, Bau 2015, individual 1013	Parachondrostoma toxostoma	toxostome
ERS31168578	Chondrostoma nasus x Parachondrostoma toxostoma hindgut bacterial microbiota, Bau 2015, individual 1021	Chondrostoma nasus x Parachondrostoma toxostoma	nase x toxostome hybrid
ERS31168579	Chondrostoma nasus x Parachondrostoma toxostoma hindgut bacterial microbiota, Jus 2015, individual 1004	Chondrostoma nasus x Parachondrostoma toxostoma	nase x toxostome hybrid
ERS31168580	Chondrostoma nasus hindgut bacterial microbiota, Jus 2015, individual 1012	Chondrostoma nasus	nase
ERS31168581	Chondrostoma nasus hindgut bacterial microbiota, Caa 2015, individual 1001	Chondrostoma nasus	nase
ERS31168582	Chondrostoma nasus hindgut bacterial microbiota, Caa 2015, individual 1009	Chondrostoma nasus	nase
ERS31168583	Chondrostoma nasus x Parachondrostoma toxostoma hindgut bacterial microbiota, Caa 2015, individual 1017	Chondrostoma nasus x Parachondrostoma toxostoma	nase x toxostome hybrid
ERS31168584	Chondrostoma nasus hindgut bacterial microbiota, Avi 2015, individual 1005	Chondrostoma nasus	nase
ERS31168585	Chondrostoma nasus x Parachondrostoma toxostoma hindgut bacterial microbiota, Avi 2015, individual 1013	Chondrostoma nasus x Parachondrostoma toxostoma	nase x toxostome hybrid
ERS31168586	Parachondrostoma toxostoma hindgut bacterial microbiota, Bue 2015, individual 1008	Parachondrostoma toxostoma	toxostome
ERS31168587	Chondrostoma nasus x Parachondrostoma toxostoma hindgut bacterial microbiota, Bue 2015, individual 1016	Chondrostoma nasus x Parachondrostoma toxostoma	nase x toxostome hybrid
ERS31168588	Chondrostoma nasus x Parachondrostoma toxostoma hindgut bacterial microbiota, Bau 2015, individual 1006	Chondrostoma nasus x Parachondrostoma toxostoma	nase x toxostome hybrid
ERS31168589	Parachondrostoma toxostoma hindgut bacterial microbiota, Bau 2015, individual 1014	Parachondrostoma toxostoma	toxostome
ERS31168590	Parachondrostoma toxostoma hindgut bacterial microbiota, Bau 2015, individual 1022	Parachondrostoma toxostoma	toxostome
ERS31168591	Chondrostoma nasus x Parachondrostoma toxostoma hindgut bacterial microbiota, Jus 2015, individual 1005	Chondrostoma nasus x Parachondrostoma toxostoma	nase x toxostome hybrid
ERS31168592	Chondrostoma nasus hindgut bacterial microbiota, Jus 2015, individual 1013	Chondrostoma nasus	nase
ERS31168593	Chondrostoma nasus hindgut bacterial microbiota, Caa 2015, individual 1002	Chondrostoma nasus	nase
ERS31168594	Chondrostoma nasus hindgut bacterial microbiota, Caa 2015, individual 1010	Chondrostoma nasus	nase
ERS31168595	Parachondrostoma toxostoma hindgut bacterial microbiota, Caa 2015, individual 1018	Parachondrostoma toxostoma	toxostome
ERS31168596	Chondrostoma nasus hindgut bacterial microbiota, Avi 2015, individual 1006	Chondrostoma nasus	nase
ERS31168597	Chondrostoma nasus hindgut bacterial microbiota, Bue 2015, individual 1001	Chondrostoma nasus	nase
ERS31168598	Chondrostoma nasus x Parachondrostoma toxostoma hindgut bacterial microbiota, Bue 2015, individual 1009	Chondrostoma nasus x Parachondrostoma toxostoma	nase x toxostome hybrid
ERS31168599	Chondrostoma nasus hindgut bacterial microbiota, Bue 2015, individual 1017	Chondrostoma nasus	nase
ERS31168600	Parachondrostoma toxostoma hindgut bacterial microbiota, Bau 2015, individual 1007	Parachondrostoma toxostoma	toxostome
ERS31168601	Parachondrostoma toxostoma hindgut bacterial microbiota, Bau 2015, individual 1015	Parachondrostoma toxostoma	toxostome
ERS31168602	Parachondrostoma toxostoma hindgut bacterial microbiota, Bau 2015, individual 1023	Parachondrostoma toxostoma	toxostome
ERS31168603	Parachondrostoma toxostoma hindgut bacterial microbiota, Jus 2015, individual 1006	Parachondrostoma toxostoma	toxostome
ERS31168604	Chondrostoma nasus hindgut bacterial microbiota, Jus 2015, individual 1014	Chondrostoma nasus	nase
ERS31168605	Chondrostoma nasus hindgut bacterial microbiota, Caa 2015, individual 1003	Chondrostoma nasus	nase
ERS31168606	Parachondrostoma toxostoma hindgut bacterial microbiota, Caa 2015, individual 1011	Parachondrostoma toxostoma	toxostome
ERS31168607	Chondrostoma nasus x Parachondrostoma toxostoma hindgut bacterial microbiota, Caa 2015, individual 1019	Chondrostoma nasus x Parachondrostoma toxostoma	nase x toxostome hybrid
ERS31168608	Chondrostoma nasus hindgut bacterial microbiota, Avi 2015, individual 1007	Chondrostoma nasus	nase
ERS31168609	Chondrostoma nasus hindgut bacterial microbiota, Bue 2015, individual 1002	Chondrostoma nasus	nase
ERS31168610	Chondrostoma nasus x Parachondrostoma toxostoma hindgut bacterial microbiota, Bue 2015, individual 1010	Chondrostoma nasus x Parachondrostoma toxostoma	nase x toxostome hybrid
ERS31168611	Chondrostoma nasus x Parachondrostoma toxostoma hindgut bacterial microbiota, Bue 2015, individual 1018	Chondrostoma nasus x Parachondrostoma toxostoma	nase x toxostome hybrid
ERS31168612	Parachondrostoma toxostoma hindgut bacterial microbiota, Bau 2015, individual 1008	Parachondrostoma toxostoma	toxostome
ERS31168613	Chondrostoma nasus x Parachondrostoma toxostoma hindgut bacterial microbiota, Bau 2015, individual 1016	Chondrostoma nasus x Parachondrostoma toxostoma	nase x toxostome hybrid
ERS31168614	Parachondrostoma toxostoma hindgut bacterial microbiota, Bau 2015, individual 1024	Parachondrostoma toxostoma	toxostome
ERS31168615	Parachondrostoma toxostoma hindgut bacterial microbiota, Jus 2015, individual 1007	Parachondrostoma toxostoma	toxostome
ERS31168616	Chondrostoma nasus hindgut bacterial microbiota, Jus 2015, individual 1015	Chondrostoma nasus	nase
ERS31168617	Chondrostoma nasus hindgut bacterial microbiota, Caa 2015, individual 1004	Chondrostoma nasus	nase
ERS31168618	Parachondrostoma toxostoma hindgut bacterial microbiota, Caa 2015, individual 1012	Parachondrostoma toxostoma	toxostome
ERS31168619	Parachondrostoma toxostoma hindgut bacterial microbiota, Caa 2015, individual 1020	Parachondrostoma toxostoma	toxostome
ERS31168620	Chondrostoma nasus hindgut bacterial microbiota, Avi 2015, individual 1008	Chondrostoma nasus	nase
ERS31168621	Chondrostoma nasus hindgut bacterial microbiota, Bue 2015, individual 1003	Chondrostoma nasus	nase
ERS31168622	Chondrostoma nasus x Parachondrostoma toxostoma hindgut bacterial microbiota, Bue 2015, individual 1011	Chondrostoma nasus x Parachondrostoma toxostoma	nase x toxostome hybrid
ERS31168624	Chondrostoma nasus midgut bacterial microbiota, Ain 2014, individual 1001	Chondrostoma nasus	nase
ERS31168625	Parachondrostoma toxostoma midgut bacterial microbiota, Ain 2014, individual 1039	Parachondrostoma toxostoma	toxostome
ERS31168626	Chondrostoma nasus midgut bacterial microbiota, Cab 2015, individual 1004	Chondrostoma nasus	nase
ERS31168627	Parachondrostoma toxostoma midgut bacterial microbiota, Cab 2015, individual 1012	Parachondrostoma toxostoma	toxostome
ERS31168628	Chondrostoma nasus midgut bacterial microbiota, Avi 2014, individual 1001	Chondrostoma nasus	nase
ERS31168629	Chondrostoma nasus midgut bacterial microbiota, Avi 2014, individual 1036	Chondrostoma nasus	nase
ERS31168630	Chondrostoma nasus x Parachondrostoma toxostoma midgut bacterial microbiota, Bue 2014, individual 1006	Chondrostoma nasus x Parachondrostoma toxostoma	nase x toxostome hybrid
ERS31168631	Chondrostoma nasus x Parachondrostoma toxostoma midgut bacterial microbiota, Bue 2014, individual 1016	Chondrostoma nasus x Parachondrostoma toxostoma	nase x toxostome hybrid
ERS31168632	Parachondrostoma toxostoma midgut bacterial microbiota, Man 2014, individual 1012	Parachondrostoma toxostoma	toxostome
ERS31168633	Chondrostoma nasus x Parachondrostoma toxostoma midgut bacterial microbiota, Man 2014, individual 1020	Chondrostoma nasus x Parachondrostoma toxostoma	nase x toxostome hybrid
ERS31168634	Parachondrostoma toxostoma midgut bacterial microbiota, Per 2014, individual 2012	Parachondrostoma toxostoma	toxostome
ERS31168635	Parachondrostoma toxostoma midgut bacterial microbiota, Per 2014, individual 2012	Parachondrostoma toxostoma	toxostome
ERS31168636	Chondrostoma nasus midgut bacterial microbiota, Ain 2014, individual 1002	Chondrostoma nasus	nase
ERS31168637	Parachondrostoma toxostoma midgut bacterial microbiota, Ain 2014, individual 1040	Parachondrostoma toxostoma	toxostome
ERS31168638	Chondrostoma nasus midgut bacterial microbiota, Cab 2015, individual 1005	Chondrostoma nasus	nase
ERS31168639	Parachondrostoma toxostoma midgut bacterial microbiota, Cab 2015, individual 1013	Parachondrostoma toxostoma	toxostome
ERS31168640	Chondrostoma nasus midgut bacterial microbiota, Avi 2014, individual 1002	Chondrostoma nasus	nase
ERS31168641	Chondrostoma nasus midgut bacterial microbiota, Avi 2014, individual 1037	Chondrostoma nasus	nase
ERS31168642	Chondrostoma nasus midgut bacterial microbiota, Bue 2014, individual 1007	Chondrostoma nasus	nase
ERS31168643	Parachondrostoma toxostoma midgut bacterial microbiota, Bue 2014, individual 1017	Parachondrostoma toxostoma	toxostome
ERS31168644	Parachondrostoma toxostoma midgut bacterial microbiota, Man 2014, individual 1013	Parachondrostoma toxostoma	toxostome
ERS31168645	Chondrostoma nasus x Parachondrostoma toxostoma midgut bacterial microbiota, Man 2014, individual 1021	Chondrostoma nasus x Parachondrostoma toxostoma	nase x toxostome hybrid
ERS31168646	Chondrostoma nasus x Parachondrostoma toxostoma midgut bacterial microbiota, Per 2014, individual 2013	Chondrostoma nasus x Parachondrostoma toxostoma	nase x toxostome hybrid
ERS31168647	Chondrostoma nasus x Parachondrostoma toxostoma midgut bacterial microbiota, Per 2014, individual 2013	Chondrostoma nasus x Parachondrostoma toxostoma	nase x toxostome hybrid
ERS31168648	Parachondrostoma toxostoma midgut bacterial microbiota, Ain 2014, individual 1011	Parachondrostoma toxostoma	toxostome
ERS31168649	Parachondrostoma toxostoma midgut bacterial microbiota, Ain 2014, individual 1041	Parachondrostoma toxostoma	toxostome
ERS31168650	Chondrostoma nasus midgut bacterial microbiota, Cab 2015, individual 1006	Chondrostoma nasus	nase
ERS31168651	Parachondrostoma toxostoma midgut bacterial microbiota, Cab 2015, individual 1014	Parachondrostoma toxostoma	toxostome
ERS31168652	Chondrostoma nasus midgut bacterial microbiota, Avi 2014, individual 1003	Chondrostoma nasus	nase
ERS31168653	Chondrostoma nasus midgut bacterial microbiota, Avi 2014, individual 1038	Chondrostoma nasus	nase
ERS31168654	Chondrostoma nasus midgut bacterial microbiota, Bue 2014, individual 1008	Chondrostoma nasus	nase
ERS31168655	Parachondrostoma toxostoma midgut bacterial microbiota, Bue 2014, individual 1018	Parachondrostoma toxostoma	toxostome
ERS31168656	Parachondrostoma toxostoma midgut bacterial microbiota, Man 2014, individual 1014	Parachondrostoma toxostoma	toxostome
ERS31168657	Parachondrostoma toxostoma midgut bacterial microbiota, Man 2014, individual 1022	Parachondrostoma toxostoma	toxostome
ERS31168658	Parachondrostoma toxostoma midgut bacterial microbiota, Per 2014, individual 2014	Parachondrostoma toxostoma	toxostome
ERS31168660	Parachondrostoma toxostoma midgut bacterial microbiota, Ain 2014, individual 1012	Parachondrostoma toxostoma	toxostome
ERS31168661	Parachondrostoma toxostoma midgut bacterial microbiota, Ain 2014, individual 1042	Parachondrostoma toxostoma	toxostome
ERS31168662	Chondrostoma nasus midgut bacterial microbiota, Cab 2015, individual 1007	Chondrostoma nasus	nase
ERS31168663	Parachondrostoma toxostoma midgut bacterial microbiota, Cab 2015, individual 1015	Parachondrostoma toxostoma	toxostome
ERS31168664	Chondrostoma nasus midgut bacterial microbiota, Avi 2014, individual 1004	Chondrostoma nasus	nase
ERS31168665	Chondrostoma nasus midgut bacterial microbiota, Bue 2014, individual 1001	Chondrostoma nasus	nase
ERS31168666	Parachondrostoma toxostoma midgut bacterial microbiota, Bue 2014, individual 1011	Parachondrostoma toxostoma	toxostome
ERS31168667	Parachondrostoma toxostoma midgut bacterial microbiota, Bue 2014, individual 1019	Parachondrostoma toxostoma	toxostome
ERS31168668	Parachondrostoma toxostoma midgut bacterial microbiota, Man 2014, individual 1015	Parachondrostoma toxostoma	toxostome
ERS31168669	Parachondrostoma toxostoma midgut bacterial microbiota, Per 2014, individual 1011	Parachondrostoma toxostoma	toxostome
ERS31168670	Parachondrostoma toxostoma midgut bacterial microbiota, Per 2014, individual 2015	Parachondrostoma toxostoma	toxostome
ERS31168672	Parachondrostoma toxostoma midgut bacterial microbiota, Ain 2014, individual 1013	Parachondrostoma toxostoma	toxostome
ERS31168673	Parachondrostoma toxostoma midgut bacterial microbiota, Ain 2014, individual 1043	Parachondrostoma toxostoma	toxostome
ERS31168674	Chondrostoma nasus midgut bacterial microbiota, Cab 2015, individual 1008	Chondrostoma nasus	nase
ERS31168675	Parachondrostoma toxostoma midgut bacterial microbiota, Cab 2015, individual 1016	Parachondrostoma toxostoma	toxostome
ERS31168676	Chondrostoma nasus midgut bacterial microbiota, Avi 2014, individual 1005	Chondrostoma nasus	nase
ERS31168677	Chondrostoma nasus midgut bacterial microbiota, Bue 2014, individual 1002	Chondrostoma nasus	nase
ERS31168678	Parachondrostoma toxostoma midgut bacterial microbiota, Bue 2014, individual 1012	Parachondrostoma toxostoma	toxostome
ERS31168679	Parachondrostoma toxostoma midgut bacterial microbiota, Man 2014, individual 1001	Parachondrostoma toxostoma	toxostome
ERS31168680	Parachondrostoma toxostoma midgut bacterial microbiota, Man 2014, individual 1016	Parachondrostoma toxostoma	toxostome
ERS31168681	Parachondrostoma toxostoma midgut bacterial microbiota, Per 2014, individual 1012	Parachondrostoma toxostoma	toxostome
ERS31168684	Parachondrostoma toxostoma midgut bacterial microbiota, Ain 2014, individual 1014	Parachondrostoma toxostoma	toxostome
ERS31168685	Chondrostoma nasus midgut bacterial microbiota, Cab 2015, individual 1001	Chondrostoma nasus	nase
ERS31168686	Chondrostoma nasus x Parachondrostoma toxostoma midgut bacterial microbiota, Cab 2015, individual 1009	Chondrostoma nasus x Parachondrostoma toxostoma	nase x toxostome hybrid
ERS31168687	Parachondrostoma toxostoma midgut bacterial microbiota, Cab 2015, individual 1017	Parachondrostoma toxostoma	toxostome
ERS31168688	Chondrostoma nasus midgut bacterial microbiota, Avi 2014, individual 1006	Chondrostoma nasus	nase
ERS31168689	Chondrostoma nasus midgut bacterial microbiota, Bue 2014, individual 1003	Chondrostoma nasus	nase
ERS31168690	Parachondrostoma toxostoma midgut bacterial microbiota, Bue 2014, individual 1013	Parachondrostoma toxostoma	toxostome
ERS31168691	Chondrostoma nasus x Parachondrostoma toxostoma midgut bacterial microbiota, Man 2014, individual 1002	Chondrostoma nasus x Parachondrostoma toxostoma	nase x toxostome hybrid
ERS31168692	Parachondrostoma toxostoma midgut bacterial microbiota, Man 2014, individual 1017	Parachondrostoma toxostoma	toxostome
ERS31168693	Parachondrostoma toxostoma midgut bacterial microbiota, Per 2014, individual 1013	Parachondrostoma toxostoma	toxostome
ERS31168696	Chondrostoma nasus midgut bacterial microbiota, Ain 2014, individual 1036	Chondrostoma nasus	nase
ERS31168697	Chondrostoma nasus midgut bacterial microbiota, Cab 2015, individual 1002	Chondrostoma nasus	nase
ERS31168698	Chondrostoma nasus x Parachondrostoma toxostoma midgut bacterial microbiota, Cab 2015, individual 1010	Chondrostoma nasus x Parachondrostoma toxostoma	nase x toxostome hybrid
ERS31168699	Parachondrostoma toxostoma midgut bacterial microbiota, Cab 2015, individual 1018	Parachondrostoma toxostoma	toxostome
ERS31168700	Chondrostoma nasus midgut bacterial microbiota, Avi 2014, individual 1007	Chondrostoma nasus	nase
ERS31168701	Chondrostoma nasus midgut bacterial microbiota, Bue 2014, individual 1004	Chondrostoma nasus	nase
ERS31168702	Parachondrostoma toxostoma midgut bacterial microbiota, Bue 2014, individual 1014	Parachondrostoma toxostoma	toxostome
ERS31168703	Chondrostoma nasus x Parachondrostoma toxostoma midgut bacterial microbiota, Man 2014, individual 1010	Chondrostoma nasus x Parachondrostoma toxostoma	nase x toxostome hybrid
ERS31168704	Parachondrostoma toxostoma midgut bacterial microbiota, Man 2014, individual 1018	Parachondrostoma toxostoma	toxostome
ERS31168705	Parachondrostoma toxostoma midgut bacterial microbiota, Per 2014, individual 1014	Parachondrostoma toxostoma	toxostome
ERS31168708	Chondrostoma nasus midgut bacterial microbiota, Ain 2014, individual 1037	Chondrostoma nasus	nase
ERS31168709	Chondrostoma nasus midgut bacterial microbiota, Cab 2015, individual 1003	Chondrostoma nasus	nase
ERS31168710	Parachondrostoma toxostoma midgut bacterial microbiota, Cab 2015, individual 1011	Parachondrostoma toxostoma	toxostome
ERS31168711	Parachondrostoma toxostoma midgut bacterial microbiota, Cab 2015, individual 1019	Parachondrostoma toxostoma	toxostome
ERS31168712	Chondrostoma nasus midgut bacterial microbiota, Avi 2014, individual 1008	Chondrostoma nasus	nase
ERS31168713	Chondrostoma nasus midgut bacterial microbiota, Bue 2014, individual 1005	Chondrostoma nasus	nase
ERS31168714	Parachondrostoma toxostoma midgut bacterial microbiota, Bue 2014, individual 1015	Parachondrostoma toxostoma	toxostome
ERS31168715	Chondrostoma nasus x Parachondrostoma toxostoma midgut bacterial microbiota, Man 2014, individual 1011	Chondrostoma nasus x Parachondrostoma toxostoma	nase x toxostome hybrid
ERS31168716	Parachondrostoma toxostoma midgut bacterial microbiota, Man 2014, individual 1019	Parachondrostoma toxostoma	toxostome
ERS31168717	Parachondrostoma toxostoma midgut bacterial microbiota, Per 2014, individual 2011	Parachondrostoma toxostoma	toxostome
ERS31168720	Parachondrostoma toxostoma midgut bacterial microbiota, Bau 2015, individual 1001	Parachondrostoma toxostoma	toxostome
ERS31168721	Parachondrostoma toxostoma midgut bacterial microbiota, Bau 2015, individual 1009	Parachondrostoma toxostoma	toxostome
ERS31168722	Parachondrostoma toxostoma midgut bacterial microbiota, Bau 2015, individual 1017	Parachondrostoma toxostoma	toxostome
ERS31168723	Parachondrostoma toxostoma midgut bacterial microbiota, Bau 2015, individual 1025	Parachondrostoma toxostoma	toxostome
ERS31168724	Parachondrostoma toxostoma midgut bacterial microbiota, Jus 2015, individual 1008	Parachondrostoma toxostoma	toxostome
ERS31168725	Chondrostoma nasus x Parachondrostoma toxostoma midgut bacterial microbiota, Jus 2015, individual 1016	Chondrostoma nasus x Parachondrostoma toxostoma	nase x toxostome hybrid
ERS31168726	Chondrostoma nasus midgut bacterial microbiota, Caa 2015, individual 1005	Chondrostoma nasus	nase
ERS31168727	Parachondrostoma toxostoma midgut bacterial microbiota, Caa 2015, individual 1013	Parachondrostoma toxostoma	toxostome
ERS31168728	Chondrostoma nasus x Parachondrostoma toxostoma midgut bacterial microbiota, Avi 2015, individual 1001	Chondrostoma nasus x Parachondrostoma toxostoma	nase x toxostome hybrid
ERS31168729	Chondrostoma nasus midgut bacterial microbiota, Avi 2015, individual 1009	Chondrostoma nasus	nase
ERS31168730	Parachondrostoma toxostoma midgut bacterial microbiota, Bue 2015, individual 1004	Parachondrostoma toxostoma	toxostome
ERS31168731	Chondrostoma nasus x Parachondrostoma toxostoma midgut bacterial microbiota, Bue 2015, individual 1012	Chondrostoma nasus x Parachondrostoma toxostoma	nase x toxostome hybrid
ERS31168732	Parachondrostoma toxostoma midgut bacterial microbiota, Bau 2015, individual 1002	Parachondrostoma toxostoma	toxostome
ERS31168733	Chondrostoma nasus x Parachondrostoma toxostoma midgut bacterial microbiota, Bau 2015, individual 1010	Chondrostoma nasus x Parachondrostoma toxostoma	nase x toxostome hybrid
ERS31168734	Parachondrostoma toxostoma midgut bacterial microbiota, Bau 2015, individual 1018	Parachondrostoma toxostoma	toxostome
ERS31168735	Parachondrostoma toxostoma midgut bacterial microbiota, Jus 2015, individual 1001	Parachondrostoma toxostoma	toxostome
ERS31168736	Chondrostoma nasus x Parachondrostoma toxostoma midgut bacterial microbiota, Jus 2015, individual 1009	Chondrostoma nasus x Parachondrostoma toxostoma	nase x toxostome hybrid
ERS31168737	Chondrostoma nasus midgut bacterial microbiota, Jus 2015, individual 1017	Chondrostoma nasus	nase
ERS31168738	Chondrostoma nasus x Parachondrostoma toxostoma midgut bacterial microbiota, Caa 2015, individual 1006	Chondrostoma nasus x Parachondrostoma toxostoma	nase x toxostome hybrid
ERS31168739	Parachondrostoma toxostoma midgut bacterial microbiota, Caa 2015, individual 1014	Parachondrostoma toxostoma	toxostome
ERS31168740	Chondrostoma nasus x Parachondrostoma toxostoma midgut bacterial microbiota, Avi 2015, individual 1002	Chondrostoma nasus x Parachondrostoma toxostoma	nase x toxostome hybrid
ERS31168741	Chondrostoma nasus midgut bacterial microbiota, Avi 2015, individual 1010	Chondrostoma nasus	nase
ERS31168742	Chondrostoma nasus x Parachondrostoma toxostoma midgut bacterial microbiota, Bue 2015, individual 1005	Chondrostoma nasus x Parachondrostoma toxostoma	nase x toxostome hybrid
ERS31168743	Parachondrostoma toxostoma midgut bacterial microbiota, Bue 2015, individual 1013	Parachondrostoma toxostoma	toxostome
ERS31168744	Parachondrostoma toxostoma midgut bacterial microbiota, Bau 2015, individual 1003	Parachondrostoma toxostoma	toxostome
ERS31168745	Parachondrostoma toxostoma midgut bacterial microbiota, Bau 2015, individual 1011	Parachondrostoma toxostoma	toxostome
ERS31168746	Chondrostoma nasus x Parachondrostoma toxostoma midgut bacterial microbiota, Bau 2015, individual 1019	Chondrostoma nasus x Parachondrostoma toxostoma	nase x toxostome hybrid
ERS31168747	Chondrostoma nasus x Parachondrostoma toxostoma midgut bacterial microbiota, Jus 2015, individual 1002	Chondrostoma nasus x Parachondrostoma toxostoma	nase x toxostome hybrid
ERS31168748	Chondrostoma nasus midgut bacterial microbiota, Jus 2015, individual 1010	Chondrostoma nasus	nase
ERS31168749	Chondrostoma nasus midgut bacterial microbiota, Jus 2015, individual 1018	Chondrostoma nasus	nase
ERS31168750	Chondrostoma nasus midgut bacterial microbiota, Caa 2015, individual 1007	Chondrostoma nasus	nase
ERS31168751	Chondrostoma nasus x Parachondrostoma toxostoma midgut bacterial microbiota, Caa 2015, individual 1015	Chondrostoma nasus x Parachondrostoma toxostoma	nase x toxostome hybrid
ERS31168752	Chondrostoma nasus midgut bacterial microbiota, Avi 2015, individual 1003	Chondrostoma nasus	nase
ERS31168753	Chondrostoma nasus x Parachondrostoma toxostoma midgut bacterial microbiota, Avi 2015, individual 1011	Chondrostoma nasus x Parachondrostoma toxostoma	nase x toxostome hybrid
ERS31168754	Parachondrostoma toxostoma midgut bacterial microbiota, Bue 2015, individual 1006	Parachondrostoma toxostoma	toxostome
ERS31168755	Parachondrostoma toxostoma midgut bacterial microbiota, Bue 2015, individual 1014	Parachondrostoma toxostoma	toxostome
ERS31168756	Chondrostoma nasus x Parachondrostoma toxostoma midgut bacterial microbiota, Bau 2015, individual 1004	Chondrostoma nasus x Parachondrostoma toxostoma	nase x toxostome hybrid
ERS31168757	Parachondrostoma toxostoma midgut bacterial microbiota, Bau 2015, individual 1012	Parachondrostoma toxostoma	toxostome
ERS31168758	Chondrostoma nasus x Parachondrostoma toxostoma midgut bacterial microbiota, Bau 2015, individual 1020	Chondrostoma nasus x Parachondrostoma toxostoma	nase x toxostome hybrid
ERS31168759	Chondrostoma nasus x Parachondrostoma toxostoma midgut bacterial microbiota, Jus 2015, individual 1003	Chondrostoma nasus x Parachondrostoma toxostoma	nase x toxostome hybrid
ERS31168760	Chondrostoma nasus midgut bacterial microbiota, Jus 2015, individual 1011	Chondrostoma nasus	nase
ERS31168761	Chondrostoma nasus midgut bacterial microbiota, Jus 2015, individual 1019	Chondrostoma nasus	nase
ERS31168762	Chondrostoma nasus x Parachondrostoma toxostoma midgut bacterial microbiota, Caa 2015, individual 1008	Chondrostoma nasus x Parachondrostoma toxostoma	nase x toxostome hybrid
ERS31168763	Chondrostoma nasus x Parachondrostoma toxostoma midgut bacterial microbiota, Caa 2015, individual 1016	Chondrostoma nasus x Parachondrostoma toxostoma	nase x toxostome hybrid
ERS31168764	Chondrostoma nasus midgut bacterial microbiota, Avi 2015, individual 1004	Chondrostoma nasus	nase
ERS31168765	Chondrostoma nasus x Parachondrostoma toxostoma midgut bacterial microbiota, Avi 2015, individual 1012	Chondrostoma nasus x Parachondrostoma toxostoma	nase x toxostome hybrid
ERS31168766	Chondrostoma nasus x Parachondrostoma toxostoma midgut bacterial microbiota, Bue 2015, individual 1007	Chondrostoma nasus x Parachondrostoma toxostoma	nase x toxostome hybrid
ERS31168767	Parachondrostoma toxostoma midgut bacterial microbiota, Bue 2015, individual 1015	Parachondrostoma toxostoma	toxostome
ERS31168768	Parachondrostoma toxostoma midgut bacterial microbiota, Bau 2015, individual 1005	Parachondrostoma toxostoma	toxostome
ERS31168769	Parachondrostoma toxostoma midgut bacterial microbiota, Bau 2015, individual 1013	Parachondrostoma toxostoma	toxostome
ERS31168770	Chondrostoma nasus x Parachondrostoma toxostoma midgut bacterial microbiota, Bau 2015, individual 1021	Chondrostoma nasus x Parachondrostoma toxostoma	nase x toxostome hybrid
ERS31168771	Chondrostoma nasus x Parachondrostoma toxostoma midgut bacterial microbiota, Jus 2015, individual 1004	Chondrostoma nasus x Parachondrostoma toxostoma	nase x toxostome hybrid
ERS31168772	Chondrostoma nasus midgut bacterial microbiota, Jus 2015, individual 1012	Chondrostoma nasus	nase
ERS31168773	Chondrostoma nasus midgut bacterial microbiota, Caa 2015, individual 1001	Chondrostoma nasus	nase
ERS31168774	Chondrostoma nasus midgut bacterial microbiota, Caa 2015, individual 1009	Chondrostoma nasus	nase
ERS31168775	Chondrostoma nasus x Parachondrostoma toxostoma midgut bacterial microbiota, Caa 2015, individual 1017	Chondrostoma nasus x Parachondrostoma toxostoma	nase x toxostome hybrid
ERS31168776	Chondrostoma nasus midgut bacterial microbiota, Avi 2015, individual 1005	Chondrostoma nasus	nase
ERS31168777	Chondrostoma nasus x Parachondrostoma toxostoma midgut bacterial microbiota, Avi 2015, individual 1013	Chondrostoma nasus x Parachondrostoma toxostoma	nase x toxostome hybrid
ERS31168778	Parachondrostoma toxostoma midgut bacterial microbiota, Bue 2015, individual 1008	Parachondrostoma toxostoma	toxostome
ERS31168779	Chondrostoma nasus x Parachondrostoma toxostoma midgut bacterial microbiota, Bue 2015, individual 1016	Chondrostoma nasus x Parachondrostoma toxostoma	nase x toxostome hybrid
ERS31168780	Chondrostoma nasus x Parachondrostoma toxostoma midgut bacterial microbiota, Bau 2015, individual 1006	Chondrostoma nasus x Parachondrostoma toxostoma	nase x toxostome hybrid
ERS31168781	Parachondrostoma toxostoma midgut bacterial microbiota, Bau 2015, individual 1014	Parachondrostoma toxostoma	toxostome
ERS31168782	Parachondrostoma toxostoma midgut bacterial microbiota, Bau 2015, individual 1022	Parachondrostoma toxostoma	toxostome
ERS31168783	Chondrostoma nasus x Parachondrostoma toxostoma midgut bacterial microbiota, Jus 2015, individual 1005	Chondrostoma nasus x Parachondrostoma toxostoma	nase x toxostome hybrid
ERS31168784	Chondrostoma nasus midgut bacterial microbiota, Jus 2015, individual 1013	Chondrostoma nasus	nase
ERS31168785	Chondrostoma nasus midgut bacterial microbiota, Caa 2015, individual 1002	Chondrostoma nasus	nase
ERS31168786	Chondrostoma nasus midgut bacterial microbiota, Caa 2015, individual 1010	Chondrostoma nasus	nase
ERS31168787	Parachondrostoma toxostoma midgut bacterial microbiota, Caa 2015, individual 1018	Parachondrostoma toxostoma	toxostome
ERS31168788	Chondrostoma nasus midgut bacterial microbiota, Avi 2015, individual 1006	Chondrostoma nasus	nase
ERS31168789	Chondrostoma nasus midgut bacterial microbiota, Bue 2015, individual 1001	Chondrostoma nasus	nase
ERS31168790	Chondrostoma nasus x Parachondrostoma toxostoma midgut bacterial microbiota, Bue 2015, individual 1009	Chondrostoma nasus x Parachondrostoma toxostoma	nase x toxostome hybrid
ERS31168791	Chondrostoma nasus midgut bacterial microbiota, Bue 2015, individual 1017	Chondrostoma nasus	nase
ERS31168792	Parachondrostoma toxostoma midgut bacterial microbiota, Bau 2015, individual 1007	Parachondrostoma toxostoma	toxostome
ERS31168793	Parachondrostoma toxostoma midgut bacterial microbiota, Bau 2015, individual 1015	Parachondrostoma toxostoma	toxostome
ERS31168794	Parachondrostoma toxostoma midgut bacterial microbiota, Bau 2015, individual 1023	Parachondrostoma toxostoma	toxostome
ERS31168795	Parachondrostoma toxostoma midgut bacterial microbiota, Jus 2015, individual 1006	Parachondrostoma toxostoma	toxostome
ERS31168796	Chondrostoma nasus midgut bacterial microbiota, Jus 2015, individual 1014	Chondrostoma nasus	nase
ERS31168797	Chondrostoma nasus midgut bacterial microbiota, Caa 2015, individual 1003	Chondrostoma nasus	nase
ERS31168798	Parachondrostoma toxostoma midgut bacterial microbiota, Caa 2015, individual 1011	Parachondrostoma toxostoma	toxostome
ERS31168799	Chondrostoma nasus x Parachondrostoma toxostoma midgut bacterial microbiota, Caa 2015, individual 1019	Chondrostoma nasus x Parachondrostoma toxostoma	nase x toxostome hybrid
ERS31168800	Chondrostoma nasus midgut bacterial microbiota, Avi 2015, individual 1007	Chondrostoma nasus	nase
ERS31168801	Chondrostoma nasus midgut bacterial microbiota, Bue 2015, individual 1002	Chondrostoma nasus	nase
ERS31168802	Chondrostoma nasus x Parachondrostoma toxostoma midgut bacterial microbiota, Bue 2015, individual 1010	Chondrostoma nasus x Parachondrostoma toxostoma	nase x toxostome hybrid
ERS31168803	Chondrostoma nasus x Parachondrostoma toxostoma midgut bacterial microbiota, Bue 2015, individual 1018	Chondrostoma nasus x Parachondrostoma toxostoma	nase x toxostome hybrid
ERS31168804	Parachondrostoma toxostoma midgut bacterial microbiota, Bau 2015, individual 1008	Parachondrostoma toxostoma	toxostome
ERS31168805	Chondrostoma nasus x Parachondrostoma toxostoma midgut bacterial microbiota, Bau 2015, individual 1016	Chondrostoma nasus x Parachondrostoma toxostoma	nase x toxostome hybrid
ERS31168806	Parachondrostoma toxostoma midgut bacterial microbiota, Bau 2015, individual 1024	Parachondrostoma toxostoma	toxostome
ERS31168807	Parachondrostoma toxostoma midgut bacterial microbiota, Jus 2015, individual 1007	Parachondrostoma toxostoma	toxostome
ERS31168808	Chondrostoma nasus midgut bacterial microbiota, Jus 2015, individual 1015	Chondrostoma nasus	nase
ERS31168809	Chondrostoma nasus midgut bacterial microbiota, Caa 2015, individual 1004	Chondrostoma nasus	nase
ERS31168810	Parachondrostoma toxostoma midgut bacterial microbiota, Caa 2015, individual 1012	Parachondrostoma toxostoma	toxostome
ERS31168811	Parachondrostoma toxostoma midgut bacterial microbiota, Caa 2015, individual 1020	Parachondrostoma toxostoma	toxostome
ERS31168812	Chondrostoma nasus midgut bacterial microbiota, Avi 2015, individual 1008	Chondrostoma nasus	nase
ERS31168813	Chondrostoma nasus midgut bacterial microbiota, Bue 2015, individual 1003	Chondrostoma nasus	nase
ERS31168814	Chondrostoma nasus x Parachondrostoma toxostoma midgut bacterial microbiota, Bue 2015, individual 1011	Chondrostoma nasus x Parachondrostoma toxostoma	nase x toxostome hybrid
