alias	accession	stem	individual_id	champ	valeur_deposee	valeur_corrigee	motif
DURANCE16S_15Cab1003Ch01A	ERS31168050	15Cab1003Ch01A	2015_Cab_1003	TITLE	Chondrostoma sp. caudal fin bacterial microbiota, Cab 2015, individual 1003	Chondrostoma nasus caudal fin bacterial microbiota, Cab 2015, individual 1003	classification a 25 chromosomes (sept. 2026) : Cn ; depot du 2026-08-31 = Cn (12 chr) pour le nom scientifique, titre et nom commun restes a l'identification morphologique
DURANCE16S_15Cab1003Ch01A	ERS31168050	15Cab1003Ch01A	2015_Cab_1003	host common name	Chondrostoma sp.	nase	classification a 25 chromosomes (sept. 2026) : Cn ; depot du 2026-08-31 = Cn (12 chr) pour le nom scientifique, titre et nom commun restes a l'identification morphologique
DURANCE16S_15Cab1011Ch01A	ERS31168051	15Cab1011Ch01A	2015_Cab_1011	TITLE	Chondrostoma sp. caudal fin bacterial microbiota, Cab 2015, individual 1011	Parachondrostoma toxostoma caudal fin bacterial microbiota, Cab 2015, individual 1011	classification a 25 chromosomes (sept. 2026) : Pt ; depot du 2026-08-31 = Pt (12 chr) pour le nom scientifique, titre et nom commun restes a l'identification morphologique
DURANCE16S_15Cab1011Ch01A	ERS31168051	15Cab1011Ch01A	2015_Cab_1011	host common name	Chondrostoma sp.	toxostome	classification a 25 chromosomes (sept. 2026) : Pt ; depot du 2026-08-31 = Pt (12 chr) pour le nom scientifique, titre et nom commun restes a l'identification morphologique
DURANCE16S_15Cab1019Ch01A	ERS31168052	15Cab1019Ch01A	2015_Cab_1019	TITLE	Chondrostoma sp. caudal fin bacterial microbiota, Cab 2015, individual 1019	Parachondrostoma toxostoma caudal fin bacterial microbiota, Cab 2015, individual 1019	classification a 25 chromosomes (sept. 2026) : Pt ; depot du 2026-08-31 = Pt (12 chr) pour le nom scientifique, titre et nom commun restes a l'identification morphologique
DURANCE16S_15Cab1019Ch01A	ERS31168052	15Cab1019Ch01A	2015_Cab_1019	host common name	Chondrostoma sp.	toxostome	classification a 25 chromosomes (sept. 2026) : Pt ; depot du 2026-08-31 = Pt (12 chr) pour le nom scientifique, titre et nom commun restes a l'identification morphologique
DURANCE16S_14Bue1015Ch01A	ERS31168055	14Bue1015Ch01A	2014_Bue_1015	TITLE	Chondrostoma sp. caudal fin bacterial microbiota, Bue 2014, individual 1015	Parachondrostoma toxostoma caudal fin bacterial microbiota, Bue 2014, individual 1015	classification a 25 chromosomes (sept. 2026) : Pt ; depot du 2026-08-31 = Pt (12 chr) pour le nom scientifique, titre et nom commun restes a l'identification morphologique
DURANCE16S_14Bue1015Ch01A	ERS31168055	14Bue1015Ch01A	2014_Bue_1015	host common name	Chondrostoma sp.	toxostome	classification a 25 chromosomes (sept. 2026) : Pt ; depot du 2026-08-31 = Pt (12 chr) pour le nom scientifique, titre et nom commun restes a l'identification morphologique
DURANCE16S_14Man1011Ch01A	ERS31168056	14Man1011Ch01A	2014_Man_1011	TITLE	Chondrostoma sp. caudal fin bacterial microbiota, Man 2014, individual 1011	Chondrostoma nasus x Parachondrostoma toxostoma caudal fin bacterial microbiota, Man 2014, individual 1011	classification a 25 chromosomes (sept. 2026) : Hy ; depot du 2026-08-31 = Pt (12 chr) pour le nom scientifique, titre et nom commun restes a l'identification morphologique
DURANCE16S_14Man1011Ch01A	ERS31168056	14Man1011Ch01A	2014_Man_1011	host scientific name	Parachondrostoma toxostoma	Chondrostoma nasus x Parachondrostoma toxostoma	classification a 25 chromosomes (sept. 2026) : Hy ; depot du 2026-08-31 = Pt (12 chr) pour le nom scientifique, titre et nom commun restes a l'identification morphologique
DURANCE16S_14Man1011Ch01A	ERS31168056	14Man1011Ch01A	2014_Man_1011	host common name	Chondrostoma sp.	nasus x toxostoma	classification a 25 chromosomes (sept. 2026) : Hy ; depot du 2026-08-31 = Pt (12 chr) pour le nom scientifique, titre et nom commun restes a l'identification morphologique
DURANCE16S_14Man1019Ch01A	ERS31168057	14Man1019Ch01A	2014_Man_1019	TITLE	Chondrostoma sp. caudal fin bacterial microbiota, Man 2014, individual 1019	Parachondrostoma toxostoma caudal fin bacterial microbiota, Man 2014, individual 1019	classification a 25 chromosomes (sept. 2026) : Pt ; depot du 2026-08-31 = Pt (12 chr) pour le nom scientifique, titre et nom commun restes a l'identification morphologique
DURANCE16S_14Man1019Ch01A	ERS31168057	14Man1019Ch01A	2014_Man_1019	host common name	Chondrostoma sp.	toxostome	classification a 25 chromosomes (sept. 2026) : Pt ; depot du 2026-08-31 = Pt (12 chr) pour le nom scientifique, titre et nom commun restes a l'identification morphologique
DURANCE16S_14Per2011Ch01A	ERS31168058	14Per2011Ch01A	2014_Per_2011	TITLE	Chondrostoma sp. caudal fin bacterial microbiota, Per 2014, individual 2011	Parachondrostoma toxostoma caudal fin bacterial microbiota, Per 2014, individual 2011	classification a 25 chromosomes (sept. 2026) : Pt ; depot du 2026-08-31 = Pt (12 chr) pour le nom scientifique, titre et nom commun restes a l'identification morphologique
DURANCE16S_14Per2011Ch01A	ERS31168058	14Per2011Ch01A	2014_Per_2011	host common name	Chondrostoma sp.	toxostome	classification a 25 chromosomes (sept. 2026) : Pt ; depot du 2026-08-31 = Pt (12 chr) pour le nom scientifique, titre et nom commun restes a l'identification morphologique
DURANCE16S_14Per2011Ch01A-bis	ERS31168059	14Per2011Ch01A-bis	2014_Per_2011	TITLE	Chondrostoma sp. caudal fin bacterial microbiota, Per 2014, individual 2011	Parachondrostoma toxostoma caudal fin bacterial microbiota, Per 2014, individual 2011	classification a 25 chromosomes (sept. 2026) : Pt ; depot du 2026-08-31 = Pt (12 chr) pour le nom scientifique, titre et nom commun restes a l'identification morphologique
DURANCE16S_14Per2011Ch01A-bis	ERS31168059	14Per2011Ch01A-bis	2014_Per_2011	host common name	Chondrostoma sp.	toxostome	classification a 25 chromosomes (sept. 2026) : Pt ; depot du 2026-08-31 = Pt (12 chr) pour le nom scientifique, titre et nom commun restes a l'identification morphologique
DURANCE16S_15Cab1004Ch01A	ERS31168062	15Cab1004Ch01A	2015_Cab_1004	TITLE	Chondrostoma sp. caudal fin bacterial microbiota, Cab 2015, individual 1004	Chondrostoma nasus caudal fin bacterial microbiota, Cab 2015, individual 1004	classification a 25 chromosomes (sept. 2026) : Cn ; depot du 2026-08-31 = Cn (12 chr) pour le nom scientifique, titre et nom commun restes a l'identification morphologique
DURANCE16S_15Cab1004Ch01A	ERS31168062	15Cab1004Ch01A	2015_Cab_1004	host common name	Chondrostoma sp.	nase	classification a 25 chromosomes (sept. 2026) : Cn ; depot du 2026-08-31 = Cn (12 chr) pour le nom scientifique, titre et nom commun restes a l'identification morphologique
DURANCE16S_15Cab1012Ch01A	ERS31168063	15Cab1012Ch01A	2015_Cab_1012	TITLE	Chondrostoma sp. caudal fin bacterial microbiota, Cab 2015, individual 1012	Parachondrostoma toxostoma caudal fin bacterial microbiota, Cab 2015, individual 1012	classification a 25 chromosomes (sept. 2026) : Pt ; depot du 2026-08-31 = Pt (12 chr) pour le nom scientifique, titre et nom commun restes a l'identification morphologique
DURANCE16S_15Cab1012Ch01A	ERS31168063	15Cab1012Ch01A	2015_Cab_1012	host common name	Chondrostoma sp.	toxostome	classification a 25 chromosomes (sept. 2026) : Pt ; depot du 2026-08-31 = Pt (12 chr) pour le nom scientifique, titre et nom commun restes a l'identification morphologique
DURANCE16S_14Bue1006Cn01A	ERS31168066	14Bue1006Cn01A	2014_Bue_1006	TITLE	Chondrostoma nasus caudal fin bacterial microbiota, Bue 2014, individual 1006	Chondrostoma nasus x Parachondrostoma toxostoma caudal fin bacterial microbiota, Bue 2014, individual 1006	classification a 25 chromosomes (sept. 2026) : Hy ; depot du 2026-08-31 = Hy (12 chr) pour le nom scientifique, titre et nom commun restes a l'identification morphologique
DURANCE16S_14Bue1006Cn01A	ERS31168066	14Bue1006Cn01A	2014_Bue_1006	host common name	nase	nasus x toxostoma	classification a 25 chromosomes (sept. 2026) : Hy ; depot du 2026-08-31 = Hy (12 chr) pour le nom scientifique, titre et nom commun restes a l'identification morphologique
DURANCE16S_14Bue1016Ch01A	ERS31168067	14Bue1016Ch01A	2014_Bue_1016	TITLE	Chondrostoma sp. caudal fin bacterial microbiota, Bue 2014, individual 1016	Chondrostoma nasus x Parachondrostoma toxostoma caudal fin bacterial microbiota, Bue 2014, individual 1016	classification a 25 chromosomes (sept. 2026) : Hy ; depot du 2026-08-31 = Pt (12 chr) pour le nom scientifique, titre et nom commun restes a l'identification morphologique
DURANCE16S_14Bue1016Ch01A	ERS31168067	14Bue1016Ch01A	2014_Bue_1016	host scientific name	Parachondrostoma toxostoma	Chondrostoma nasus x Parachondrostoma toxostoma	classification a 25 chromosomes (sept. 2026) : Hy ; depot du 2026-08-31 = Pt (12 chr) pour le nom scientifique, titre et nom commun restes a l'identification morphologique
DURANCE16S_14Bue1016Ch01A	ERS31168067	14Bue1016Ch01A	2014_Bue_1016	host common name	Chondrostoma sp.	nasus x toxostoma	classification a 25 chromosomes (sept. 2026) : Hy ; depot du 2026-08-31 = Pt (12 chr) pour le nom scientifique, titre et nom commun restes a l'identification morphologique
DURANCE16S_14Man1012Ch01A	ERS31168068	14Man1012Ch01A	2014_Man_1012	TITLE	Chondrostoma sp. caudal fin bacterial microbiota, Man 2014, individual 1012	Parachondrostoma toxostoma caudal fin bacterial microbiota, Man 2014, individual 1012	classification a 25 chromosomes (sept. 2026) : Pt ; depot du 2026-08-31 = Pt (12 chr) pour le nom scientifique, titre et nom commun restes a l'identification morphologique
DURANCE16S_14Man1012Ch01A	ERS31168068	14Man1012Ch01A	2014_Man_1012	host common name	Chondrostoma sp.	toxostome	classification a 25 chromosomes (sept. 2026) : Pt ; depot du 2026-08-31 = Pt (12 chr) pour le nom scientifique, titre et nom commun restes a l'identification morphologique
DURANCE16S_14Man1020Ch01A	ERS31168069	14Man1020Ch01A	2014_Man_1020	TITLE	Chondrostoma sp. caudal fin bacterial microbiota, Man 2014, individual 1020	Chondrostoma nasus x Parachondrostoma toxostoma caudal fin bacterial microbiota, Man 2014, individual 1020	classification a 25 chromosomes (sept. 2026) : Hy ; depot du 2026-08-31 = Pt (12 chr) pour le nom scientifique, titre et nom commun restes a l'identification morphologique
DURANCE16S_14Man1020Ch01A	ERS31168069	14Man1020Ch01A	2014_Man_1020	host scientific name	Parachondrostoma toxostoma	Chondrostoma nasus x Parachondrostoma toxostoma	classification a 25 chromosomes (sept. 2026) : Hy ; depot du 2026-08-31 = Pt (12 chr) pour le nom scientifique, titre et nom commun restes a l'identification morphologique
DURANCE16S_14Man1020Ch01A	ERS31168069	14Man1020Ch01A	2014_Man_1020	host common name	Chondrostoma sp.	nasus x toxostoma	classification a 25 chromosomes (sept. 2026) : Hy ; depot du 2026-08-31 = Pt (12 chr) pour le nom scientifique, titre et nom commun restes a l'identification morphologique
DURANCE16S_14Per2012Ch01A	ERS31168070	14Per2012Ch01A	2014_Per_2012	TITLE	Chondrostoma sp. caudal fin bacterial microbiota, Per 2014, individual 2012	Parachondrostoma toxostoma caudal fin bacterial microbiota, Per 2014, individual 2012	classification a 25 chromosomes (sept. 2026) : Pt ; depot du 2026-08-31 = Pt (12 chr) pour le nom scientifique, titre et nom commun restes a l'identification morphologique
DURANCE16S_14Per2012Ch01A	ERS31168070	14Per2012Ch01A	2014_Per_2012	host common name	Chondrostoma sp.	toxostome	classification a 25 chromosomes (sept. 2026) : Pt ; depot du 2026-08-31 = Pt (12 chr) pour le nom scientifique, titre et nom commun restes a l'identification morphologique
DURANCE16S_14Per2012Ch01A-bis	ERS31168071	14Per2012Ch01A-bis	2014_Per_2012	TITLE	Chondrostoma sp. caudal fin bacterial microbiota, Per 2014, individual 2012	Parachondrostoma toxostoma caudal fin bacterial microbiota, Per 2014, individual 2012	classification a 25 chromosomes (sept. 2026) : Pt ; depot du 2026-08-31 = Pt (12 chr) pour le nom scientifique, titre et nom commun restes a l'identification morphologique
DURANCE16S_14Per2012Ch01A-bis	ERS31168071	14Per2012Ch01A-bis	2014_Per_2012	host common name	Chondrostoma sp.	toxostome	classification a 25 chromosomes (sept. 2026) : Pt ; depot du 2026-08-31 = Pt (12 chr) pour le nom scientifique, titre et nom commun restes a l'identification morphologique
DURANCE16S_15Cab1005Ch01A	ERS31168074	15Cab1005Ch01A	2015_Cab_1005	TITLE	Chondrostoma sp. caudal fin bacterial microbiota, Cab 2015, individual 1005	Chondrostoma nasus caudal fin bacterial microbiota, Cab 2015, individual 1005	classification a 25 chromosomes (sept. 2026) : Cn ; depot du 2026-08-31 = Cn (12 chr) pour le nom scientifique, titre et nom commun restes a l'identification morphologique
DURANCE16S_15Cab1005Ch01A	ERS31168074	15Cab1005Ch01A	2015_Cab_1005	host common name	Chondrostoma sp.	nase	classification a 25 chromosomes (sept. 2026) : Cn ; depot du 2026-08-31 = Cn (12 chr) pour le nom scientifique, titre et nom commun restes a l'identification morphologique
DURANCE16S_15Cab1013Ch01A	ERS31168075	15Cab1013Ch01A	2015_Cab_1013	TITLE	Chondrostoma sp. caudal fin bacterial microbiota, Cab 2015, individual 1013	Parachondrostoma toxostoma caudal fin bacterial microbiota, Cab 2015, individual 1013	classification a 25 chromosomes (sept. 2026) : Pt ; depot du 2026-08-31 = Pt (12 chr) pour le nom scientifique, titre et nom commun restes a l'identification morphologique
DURANCE16S_15Cab1013Ch01A	ERS31168075	15Cab1013Ch01A	2015_Cab_1013	host common name	Chondrostoma sp.	toxostome	classification a 25 chromosomes (sept. 2026) : Pt ; depot du 2026-08-31 = Pt (12 chr) pour le nom scientifique, titre et nom commun restes a l'identification morphologique
DURANCE16S_14Bue1017Ch01A	ERS31168079	14Bue1017Ch01A	2014_Bue_1017	TITLE	Chondrostoma sp. caudal fin bacterial microbiota, Bue 2014, individual 1017	Parachondrostoma toxostoma caudal fin bacterial microbiota, Bue 2014, individual 1017	classification a 25 chromosomes (sept. 2026) : Pt ; depot du 2026-08-31 = Pt (12 chr) pour le nom scientifique, titre et nom commun restes a l'identification morphologique
DURANCE16S_14Bue1017Ch01A	ERS31168079	14Bue1017Ch01A	2014_Bue_1017	host common name	Chondrostoma sp.	toxostome	classification a 25 chromosomes (sept. 2026) : Pt ; depot du 2026-08-31 = Pt (12 chr) pour le nom scientifique, titre et nom commun restes a l'identification morphologique
DURANCE16S_14Man1013Ch01A	ERS31168080	14Man1013Ch01A	2014_Man_1013	TITLE	Chondrostoma sp. caudal fin bacterial microbiota, Man 2014, individual 1013	Parachondrostoma toxostoma caudal fin bacterial microbiota, Man 2014, individual 1013	classification a 25 chromosomes (sept. 2026) : Pt ; depot du 2026-08-31 = Pt (12 chr) pour le nom scientifique, titre et nom commun restes a l'identification morphologique
DURANCE16S_14Man1013Ch01A	ERS31168080	14Man1013Ch01A	2014_Man_1013	host common name	Chondrostoma sp.	toxostome	classification a 25 chromosomes (sept. 2026) : Pt ; depot du 2026-08-31 = Pt (12 chr) pour le nom scientifique, titre et nom commun restes a l'identification morphologique
DURANCE16S_14Man1021Ch01A	ERS31168081	14Man1021Ch01A	2014_Man_1021	TITLE	Chondrostoma sp. caudal fin bacterial microbiota, Man 2014, individual 1021	Chondrostoma nasus x Parachondrostoma toxostoma caudal fin bacterial microbiota, Man 2014, individual 1021	classification a 25 chromosomes (sept. 2026) : Hy ; depot du 2026-08-31 = Hy (12 chr) pour le nom scientifique, titre et nom commun restes a l'identification morphologique
DURANCE16S_14Man1021Ch01A	ERS31168081	14Man1021Ch01A	2014_Man_1021	host common name	Chondrostoma sp.	nasus x toxostoma	classification a 25 chromosomes (sept. 2026) : Hy ; depot du 2026-08-31 = Hy (12 chr) pour le nom scientifique, titre et nom commun restes a l'identification morphologique
DURANCE16S_14Per2013Ch01A	ERS31168082	14Per2013Ch01A	2014_Per_2013	TITLE	Chondrostoma sp. caudal fin bacterial microbiota, Per 2014, individual 2013	Chondrostoma nasus x Parachondrostoma toxostoma caudal fin bacterial microbiota, Per 2014, individual 2013	classification a 25 chromosomes (sept. 2026) : Hy ; depot du 2026-08-31 = Hy (12 chr) pour le nom scientifique, titre et nom commun restes a l'identification morphologique
DURANCE16S_14Per2013Ch01A	ERS31168082	14Per2013Ch01A	2014_Per_2013	host common name	Chondrostoma sp.	nasus x toxostoma	classification a 25 chromosomes (sept. 2026) : Hy ; depot du 2026-08-31 = Hy (12 chr) pour le nom scientifique, titre et nom commun restes a l'identification morphologique
DURANCE16S_15Cab1006Ch01A	ERS31168086	15Cab1006Ch01A	2015_Cab_1006	TITLE	Chondrostoma sp. caudal fin bacterial microbiota, Cab 2015, individual 1006	Chondrostoma nasus caudal fin bacterial microbiota, Cab 2015, individual 1006	classification a 25 chromosomes (sept. 2026) : Cn ; depot du 2026-08-31 = Cn (12 chr) pour le nom scientifique, titre et nom commun restes a l'identification morphologique
DURANCE16S_15Cab1006Ch01A	ERS31168086	15Cab1006Ch01A	2015_Cab_1006	host common name	Chondrostoma sp.	nase	classification a 25 chromosomes (sept. 2026) : Cn ; depot du 2026-08-31 = Cn (12 chr) pour le nom scientifique, titre et nom commun restes a l'identification morphologique
DURANCE16S_15Cab1014Ch01A	ERS31168087	15Cab1014Ch01A	2015_Cab_1014	TITLE	Chondrostoma sp. caudal fin bacterial microbiota, Cab 2015, individual 1014	Parachondrostoma toxostoma caudal fin bacterial microbiota, Cab 2015, individual 1014	classification a 25 chromosomes (sept. 2026) : Pt ; depot du 2026-08-31 = Pt (12 chr) pour le nom scientifique, titre et nom commun restes a l'identification morphologique
DURANCE16S_15Cab1014Ch01A	ERS31168087	15Cab1014Ch01A	2015_Cab_1014	host common name	Chondrostoma sp.	toxostome	classification a 25 chromosomes (sept. 2026) : Pt ; depot du 2026-08-31 = Pt (12 chr) pour le nom scientifique, titre et nom commun restes a l'identification morphologique
DURANCE16S_14Bue1018Ch01A	ERS31168091	14Bue1018Ch01A	2014_Bue_1018	TITLE	Chondrostoma sp. caudal fin bacterial microbiota, Bue 2014, individual 1018	Parachondrostoma toxostoma caudal fin bacterial microbiota, Bue 2014, individual 1018	classification a 25 chromosomes (sept. 2026) : Pt ; depot du 2026-08-31 = Pt (12 chr) pour le nom scientifique, titre et nom commun restes a l'identification morphologique
DURANCE16S_14Bue1018Ch01A	ERS31168091	14Bue1018Ch01A	2014_Bue_1018	host common name	Chondrostoma sp.	toxostome	classification a 25 chromosomes (sept. 2026) : Pt ; depot du 2026-08-31 = Pt (12 chr) pour le nom scientifique, titre et nom commun restes a l'identification morphologique
DURANCE16S_14Man1014Ch01A	ERS31168092	14Man1014Ch01A	2014_Man_1014	TITLE	Chondrostoma sp. caudal fin bacterial microbiota, Man 2014, individual 1014	Parachondrostoma toxostoma caudal fin bacterial microbiota, Man 2014, individual 1014	classification a 25 chromosomes (sept. 2026) : Pt ; depot du 2026-08-31 = Pt (12 chr) pour le nom scientifique, titre et nom commun restes a l'identification morphologique
DURANCE16S_14Man1014Ch01A	ERS31168092	14Man1014Ch01A	2014_Man_1014	host common name	Chondrostoma sp.	toxostome	classification a 25 chromosomes (sept. 2026) : Pt ; depot du 2026-08-31 = Pt (12 chr) pour le nom scientifique, titre et nom commun restes a l'identification morphologique
DURANCE16S_14Man1022Ch01A	ERS31168093	14Man1022Ch01A	2014_Man_1022	TITLE	Chondrostoma sp. caudal fin bacterial microbiota, Man 2014, individual 1022	Parachondrostoma toxostoma caudal fin bacterial microbiota, Man 2014, individual 1022	classification a 25 chromosomes (sept. 2026) : Pt ; depot du 2026-08-31 = Pt (12 chr) pour le nom scientifique, titre et nom commun restes a l'identification morphologique
DURANCE16S_14Man1022Ch01A	ERS31168093	14Man1022Ch01A	2014_Man_1022	host common name	Chondrostoma sp.	toxostome	classification a 25 chromosomes (sept. 2026) : Pt ; depot du 2026-08-31 = Pt (12 chr) pour le nom scientifique, titre et nom commun restes a l'identification morphologique
DURANCE16S_14Per2014Ch01A	ERS31168094	14Per2014Ch01A	2014_Per_2014	TITLE	Chondrostoma sp. caudal fin bacterial microbiota, Per 2014, individual 2014	Parachondrostoma toxostoma caudal fin bacterial microbiota, Per 2014, individual 2014	classification a 25 chromosomes (sept. 2026) : Pt ; depot du 2026-08-31 = Pt (12 chr) pour le nom scientifique, titre et nom commun restes a l'identification morphologique
DURANCE16S_14Per2014Ch01A	ERS31168094	14Per2014Ch01A	2014_Per_2014	host common name	Chondrostoma sp.	toxostome	classification a 25 chromosomes (sept. 2026) : Pt ; depot du 2026-08-31 = Pt (12 chr) pour le nom scientifique, titre et nom commun restes a l'identification morphologique
DURANCE16S_15Cab1007Ch01A	ERS31168098	15Cab1007Ch01A	2015_Cab_1007	TITLE	Chondrostoma sp. caudal fin bacterial microbiota, Cab 2015, individual 1007	Chondrostoma nasus caudal fin bacterial microbiota, Cab 2015, individual 1007	classification a 25 chromosomes (sept. 2026) : Cn ; depot du 2026-08-31 = Cn (12 chr) pour le nom scientifique, titre et nom commun restes a l'identification morphologique
DURANCE16S_15Cab1007Ch01A	ERS31168098	15Cab1007Ch01A	2015_Cab_1007	host common name	Chondrostoma sp.	nase	classification a 25 chromosomes (sept. 2026) : Cn ; depot du 2026-08-31 = Cn (12 chr) pour le nom scientifique, titre et nom commun restes a l'identification morphologique
DURANCE16S_15Cab1015Ch01A	ERS31168099	15Cab1015Ch01A	2015_Cab_1015	TITLE	Chondrostoma sp. caudal fin bacterial microbiota, Cab 2015, individual 1015	Parachondrostoma toxostoma caudal fin bacterial microbiota, Cab 2015, individual 1015	classification a 25 chromosomes (sept. 2026) : Pt ; depot du 2026-08-31 = Pt (12 chr) pour le nom scientifique, titre et nom commun restes a l'identification morphologique
DURANCE16S_15Cab1015Ch01A	ERS31168099	15Cab1015Ch01A	2015_Cab_1015	host common name	Chondrostoma sp.	toxostome	classification a 25 chromosomes (sept. 2026) : Pt ; depot du 2026-08-31 = Pt (12 chr) pour le nom scientifique, titre et nom commun restes a l'identification morphologique
DURANCE16S_14Bue1011Ch01A	ERS31168102	14Bue1011Ch01A	2014_Bue_1011	TITLE	Chondrostoma sp. caudal fin bacterial microbiota, Bue 2014, individual 1011	Parachondrostoma toxostoma caudal fin bacterial microbiota, Bue 2014, individual 1011	classification a 25 chromosomes (sept. 2026) : Pt ; depot du 2026-08-31 = Pt (12 chr) pour le nom scientifique, titre et nom commun restes a l'identification morphologique
DURANCE16S_14Bue1011Ch01A	ERS31168102	14Bue1011Ch01A	2014_Bue_1011	host common name	Chondrostoma sp.	toxostome	classification a 25 chromosomes (sept. 2026) : Pt ; depot du 2026-08-31 = Pt (12 chr) pour le nom scientifique, titre et nom commun restes a l'identification morphologique
DURANCE16S_14Bue1019Ch01A	ERS31168103	14Bue1019Ch01A	2014_Bue_1019	TITLE	Chondrostoma sp. caudal fin bacterial microbiota, Bue 2014, individual 1019	Parachondrostoma toxostoma caudal fin bacterial microbiota, Bue 2014, individual 1019	classification a 25 chromosomes (sept. 2026) : Pt ; depot du 2026-08-31 = Pt (12 chr) pour le nom scientifique, titre et nom commun restes a l'identification morphologique
DURANCE16S_14Bue1019Ch01A	ERS31168103	14Bue1019Ch01A	2014_Bue_1019	host common name	Chondrostoma sp.	toxostome	classification a 25 chromosomes (sept. 2026) : Pt ; depot du 2026-08-31 = Pt (12 chr) pour le nom scientifique, titre et nom commun restes a l'identification morphologique
DURANCE16S_14Man1015Ch01A	ERS31168104	14Man1015Ch01A	2014_Man_1015	TITLE	Chondrostoma sp. caudal fin bacterial microbiota, Man 2014, individual 1015	Parachondrostoma toxostoma caudal fin bacterial microbiota, Man 2014, individual 1015	classification a 25 chromosomes (sept. 2026) : Pt ; depot du 2026-08-31 = Pt (12 chr) pour le nom scientifique, titre et nom commun restes a l'identification morphologique
DURANCE16S_14Man1015Ch01A	ERS31168104	14Man1015Ch01A	2014_Man_1015	host common name	Chondrostoma sp.	toxostome	classification a 25 chromosomes (sept. 2026) : Pt ; depot du 2026-08-31 = Pt (12 chr) pour le nom scientifique, titre et nom commun restes a l'identification morphologique
DURANCE16S_14Per1011Ch01A	ERS31168105	14Per1011Ch01A	2014_Per_1011	TITLE	Chondrostoma sp. caudal fin bacterial microbiota, Per 2014, individual 1011	Parachondrostoma toxostoma caudal fin bacterial microbiota, Per 2014, individual 1011	classification a 25 chromosomes (sept. 2026) : Pt ; depot du 2026-08-31 = Pt (12 chr) pour le nom scientifique, titre et nom commun restes a l'identification morphologique
DURANCE16S_14Per1011Ch01A	ERS31168105	14Per1011Ch01A	2014_Per_1011	host common name	Chondrostoma sp.	toxostome	classification a 25 chromosomes (sept. 2026) : Pt ; depot du 2026-08-31 = Pt (12 chr) pour le nom scientifique, titre et nom commun restes a l'identification morphologique
DURANCE16S_14Per2015Ch01A	ERS31168106	14Per2015Ch01A	2014_Per_2015	TITLE	Chondrostoma sp. caudal fin bacterial microbiota, Per 2014, individual 2015	Parachondrostoma toxostoma caudal fin bacterial microbiota, Per 2014, individual 2015	classification a 25 chromosomes (sept. 2026) : Pt ; depot du 2026-08-31 = Pt (12 chr) pour le nom scientifique, titre et nom commun restes a l'identification morphologique
DURANCE16S_14Per2015Ch01A	ERS31168106	14Per2015Ch01A	2014_Per_2015	host common name	Chondrostoma sp.	toxostome	classification a 25 chromosomes (sept. 2026) : Pt ; depot du 2026-08-31 = Pt (12 chr) pour le nom scientifique, titre et nom commun restes a l'identification morphologique
DURANCE16S_15Cab1008Ch01A	ERS31168110	15Cab1008Ch01A	2015_Cab_1008	TITLE	Chondrostoma sp. caudal fin bacterial microbiota, Cab 2015, individual 1008	Chondrostoma nasus caudal fin bacterial microbiota, Cab 2015, individual 1008	classification a 25 chromosomes (sept. 2026) : Cn ; depot du 2026-08-31 = Cn (12 chr) pour le nom scientifique, titre et nom commun restes a l'identification morphologique
DURANCE16S_15Cab1008Ch01A	ERS31168110	15Cab1008Ch01A	2015_Cab_1008	host common name	Chondrostoma sp.	nase	classification a 25 chromosomes (sept. 2026) : Cn ; depot du 2026-08-31 = Cn (12 chr) pour le nom scientifique, titre et nom commun restes a l'identification morphologique
DURANCE16S_15Cab1016Ch01A	ERS31168111	15Cab1016Ch01A	2015_Cab_1016	TITLE	Chondrostoma sp. caudal fin bacterial microbiota, Cab 2015, individual 1016	Parachondrostoma toxostoma caudal fin bacterial microbiota, Cab 2015, individual 1016	classification a 25 chromosomes (sept. 2026) : Pt ; depot du 2026-08-31 = Pt (12 chr) pour le nom scientifique, titre et nom commun restes a l'identification morphologique
DURANCE16S_15Cab1016Ch01A	ERS31168111	15Cab1016Ch01A	2015_Cab_1016	host common name	Chondrostoma sp.	toxostome	classification a 25 chromosomes (sept. 2026) : Pt ; depot du 2026-08-31 = Pt (12 chr) pour le nom scientifique, titre et nom commun restes a l'identification morphologique
DURANCE16S_14Bue1012Ch01A	ERS31168114	14Bue1012Ch01A	2014_Bue_1012	TITLE	Chondrostoma sp. caudal fin bacterial microbiota, Bue 2014, individual 1012	Parachondrostoma toxostoma caudal fin bacterial microbiota, Bue 2014, individual 1012	classification a 25 chromosomes (sept. 2026) : Pt ; depot du 2026-08-31 = Pt (12 chr) pour le nom scientifique, titre et nom commun restes a l'identification morphologique
DURANCE16S_14Bue1012Ch01A	ERS31168114	14Bue1012Ch01A	2014_Bue_1012	host common name	Chondrostoma sp.	toxostome	classification a 25 chromosomes (sept. 2026) : Pt ; depot du 2026-08-31 = Pt (12 chr) pour le nom scientifique, titre et nom commun restes a l'identification morphologique
DURANCE16S_14Man1001Cn01A	ERS31168115	14Man1001Cn01A	2014_Man_1001	TITLE	Chondrostoma nasus caudal fin bacterial microbiota, Man 2014, individual 1001	Parachondrostoma toxostoma caudal fin bacterial microbiota, Man 2014, individual 1001	classification a 25 chromosomes (sept. 2026) : Pt ; depot du 2026-08-31 = Pt (12 chr) pour le nom scientifique, titre et nom commun restes a l'identification morphologique
DURANCE16S_14Man1001Cn01A	ERS31168115	14Man1001Cn01A	2014_Man_1001	host common name	nase	toxostome	classification a 25 chromosomes (sept. 2026) : Pt ; depot du 2026-08-31 = Pt (12 chr) pour le nom scientifique, titre et nom commun restes a l'identification morphologique
DURANCE16S_14Man1016Ch01A	ERS31168116	14Man1016Ch01A	2014_Man_1016	TITLE	Chondrostoma sp. caudal fin bacterial microbiota, Man 2014, individual 1016	Parachondrostoma toxostoma caudal fin bacterial microbiota, Man 2014, individual 1016	classification a 25 chromosomes (sept. 2026) : Pt ; depot du 2026-08-31 = Pt (12 chr) pour le nom scientifique, titre et nom commun restes a l'identification morphologique
DURANCE16S_14Man1016Ch01A	ERS31168116	14Man1016Ch01A	2014_Man_1016	host common name	Chondrostoma sp.	toxostome	classification a 25 chromosomes (sept. 2026) : Pt ; depot du 2026-08-31 = Pt (12 chr) pour le nom scientifique, titre et nom commun restes a l'identification morphologique
DURANCE16S_14per1012Ch01A	ERS31168117	14per1012Ch01A	2014_Per_1012	TITLE	Chondrostoma sp. caudal fin bacterial microbiota, Per 2014, individual 1012	Parachondrostoma toxostoma caudal fin bacterial microbiota, Per 2014, individual 1012	classification a 25 chromosomes (sept. 2026) : Pt ; depot du 2026-08-31 = Pt (12 chr) pour le nom scientifique, titre et nom commun restes a l'identification morphologique
DURANCE16S_14per1012Ch01A	ERS31168117	14per1012Ch01A	2014_Per_1012	host common name	Chondrostoma sp.	toxostome	classification a 25 chromosomes (sept. 2026) : Pt ; depot du 2026-08-31 = Pt (12 chr) pour le nom scientifique, titre et nom commun restes a l'identification morphologique
DURANCE16S_15Cab1001Ch01A	ERS31168121	15Cab1001Ch01A	2015_Cab_1001	TITLE	Chondrostoma sp. caudal fin bacterial microbiota, Cab 2015, individual 1001	Chondrostoma nasus caudal fin bacterial microbiota, Cab 2015, individual 1001	classification a 25 chromosomes (sept. 2026) : Cn ; depot du 2026-08-31 = Cn (12 chr) pour le nom scientifique, titre et nom commun restes a l'identification morphologique
DURANCE16S_15Cab1001Ch01A	ERS31168121	15Cab1001Ch01A	2015_Cab_1001	host common name	Chondrostoma sp.	nase	classification a 25 chromosomes (sept. 2026) : Cn ; depot du 2026-08-31 = Cn (12 chr) pour le nom scientifique, titre et nom commun restes a l'identification morphologique
DURANCE16S_15Cab1009Ch01A	ERS31168122	15Cab1009Ch01A	2015_Cab_1009	TITLE	Chondrostoma sp. caudal fin bacterial microbiota, Cab 2015, individual 1009	Chondrostoma nasus x Parachondrostoma toxostoma caudal fin bacterial microbiota, Cab 2015, individual 1009	classification a 25 chromosomes (sept. 2026) : Hy ; depot du 2026-08-31 = Hy (12 chr) pour le nom scientifique, titre et nom commun restes a l'identification morphologique
DURANCE16S_15Cab1009Ch01A	ERS31168122	15Cab1009Ch01A	2015_Cab_1009	host common name	Chondrostoma sp.	nasus x toxostoma	classification a 25 chromosomes (sept. 2026) : Hy ; depot du 2026-08-31 = Hy (12 chr) pour le nom scientifique, titre et nom commun restes a l'identification morphologique
DURANCE16S_15Cab1017Ch01A	ERS31168123	15Cab1017Ch01A	2015_Cab_1017	TITLE	Chondrostoma sp. caudal fin bacterial microbiota, Cab 2015, individual 1017	Parachondrostoma toxostoma caudal fin bacterial microbiota, Cab 2015, individual 1017	classification a 25 chromosomes (sept. 2026) : Pt ; depot du 2026-08-31 = Pt (12 chr) pour le nom scientifique, titre et nom commun restes a l'identification morphologique
DURANCE16S_15Cab1017Ch01A	ERS31168123	15Cab1017Ch01A	2015_Cab_1017	host common name	Chondrostoma sp.	toxostome	classification a 25 chromosomes (sept. 2026) : Pt ; depot du 2026-08-31 = Pt (12 chr) pour le nom scientifique, titre et nom commun restes a l'identification morphologique
DURANCE16S_14Bue1013Ch01A	ERS31168126	14Bue1013Ch01A	2014_Bue_1013	TITLE	Chondrostoma sp. caudal fin bacterial microbiota, Bue 2014, individual 1013	Parachondrostoma toxostoma caudal fin bacterial microbiota, Bue 2014, individual 1013	classification a 25 chromosomes (sept. 2026) : Pt ; depot du 2026-08-31 = Pt (12 chr) pour le nom scientifique, titre et nom commun restes a l'identification morphologique
DURANCE16S_14Bue1013Ch01A	ERS31168126	14Bue1013Ch01A	2014_Bue_1013	host common name	Chondrostoma sp.	toxostome	classification a 25 chromosomes (sept. 2026) : Pt ; depot du 2026-08-31 = Pt (12 chr) pour le nom scientifique, titre et nom commun restes a l'identification morphologique
DURANCE16S_14Man1002Cn01A	ERS31168127	14Man1002Cn01A	2014_Man_1002	TITLE	Chondrostoma nasus caudal fin bacterial microbiota, Man 2014, individual 1002	Chondrostoma nasus x Parachondrostoma toxostoma caudal fin bacterial microbiota, Man 2014, individual 1002	classification a 25 chromosomes (sept. 2026) : Hy ; depot du 2026-08-31 = Hy (12 chr) pour le nom scientifique, titre et nom commun restes a l'identification morphologique
DURANCE16S_14Man1002Cn01A	ERS31168127	14Man1002Cn01A	2014_Man_1002	host common name	nase	nasus x toxostoma	classification a 25 chromosomes (sept. 2026) : Hy ; depot du 2026-08-31 = Hy (12 chr) pour le nom scientifique, titre et nom commun restes a l'identification morphologique
DURANCE16S_14Man1017Ch01A	ERS31168128	14Man1017Ch01A	2014_Man_1017	TITLE	Chondrostoma sp. caudal fin bacterial microbiota, Man 2014, individual 1017	Parachondrostoma toxostoma caudal fin bacterial microbiota, Man 2014, individual 1017	classification a 25 chromosomes (sept. 2026) : Pt ; depot du 2026-08-31 = Pt (12 chr) pour le nom scientifique, titre et nom commun restes a l'identification morphologique
DURANCE16S_14Man1017Ch01A	ERS31168128	14Man1017Ch01A	2014_Man_1017	host common name	Chondrostoma sp.	toxostome	classification a 25 chromosomes (sept. 2026) : Pt ; depot du 2026-08-31 = Pt (12 chr) pour le nom scientifique, titre et nom commun restes a l'identification morphologique
DURANCE16S_14per1013Ch01A	ERS31168129	14per1013Ch01A	2014_Per_1013	TITLE	Chondrostoma sp. caudal fin bacterial microbiota, Per 2014, individual 1013	Parachondrostoma toxostoma caudal fin bacterial microbiota, Per 2014, individual 1013	classification a 25 chromosomes (sept. 2026) : Pt ; depot du 2026-08-31 = Pt (12 chr) pour le nom scientifique, titre et nom commun restes a l'identification morphologique
DURANCE16S_14per1013Ch01A	ERS31168129	14per1013Ch01A	2014_Per_1013	host common name	Chondrostoma sp.	toxostome	classification a 25 chromosomes (sept. 2026) : Pt ; depot du 2026-08-31 = Pt (12 chr) pour le nom scientifique, titre et nom commun restes a l'identification morphologique
DURANCE16S_15Cab1002Ch01A	ERS31168133	15Cab1002Ch01A	2015_Cab_1002	TITLE	Chondrostoma sp. caudal fin bacterial microbiota, Cab 2015, individual 1002	Chondrostoma nasus caudal fin bacterial microbiota, Cab 2015, individual 1002	classification a 25 chromosomes (sept. 2026) : Cn ; depot du 2026-08-31 = Cn (12 chr) pour le nom scientifique, titre et nom commun restes a l'identification morphologique
DURANCE16S_15Cab1002Ch01A	ERS31168133	15Cab1002Ch01A	2015_Cab_1002	host common name	Chondrostoma sp.	nase	classification a 25 chromosomes (sept. 2026) : Cn ; depot du 2026-08-31 = Cn (12 chr) pour le nom scientifique, titre et nom commun restes a l'identification morphologique
DURANCE16S_15Cab1010Ch01A	ERS31168134	15Cab1010Ch01A	2015_Cab_1010	TITLE	Chondrostoma sp. caudal fin bacterial microbiota, Cab 2015, individual 1010	Chondrostoma nasus x Parachondrostoma toxostoma caudal fin bacterial microbiota, Cab 2015, individual 1010	classification a 25 chromosomes (sept. 2026) : Hy ; depot du 2026-08-31 = Hy (12 chr) pour le nom scientifique, titre et nom commun restes a l'identification morphologique
DURANCE16S_15Cab1010Ch01A	ERS31168134	15Cab1010Ch01A	2015_Cab_1010	host common name	Chondrostoma sp.	nasus x toxostoma	classification a 25 chromosomes (sept. 2026) : Hy ; depot du 2026-08-31 = Hy (12 chr) pour le nom scientifique, titre et nom commun restes a l'identification morphologique
DURANCE16S_15Cab1018Ch01A	ERS31168135	15Cab1018Ch01A	2015_Cab_1018	TITLE	Chondrostoma sp. caudal fin bacterial microbiota, Cab 2015, individual 1018	Parachondrostoma toxostoma caudal fin bacterial microbiota, Cab 2015, individual 1018	classification a 25 chromosomes (sept. 2026) : Pt ; depot du 2026-08-31 = Pt (12 chr) pour le nom scientifique, titre et nom commun restes a l'identification morphologique
DURANCE16S_15Cab1018Ch01A	ERS31168135	15Cab1018Ch01A	2015_Cab_1018	host common name	Chondrostoma sp.	toxostome	classification a 25 chromosomes (sept. 2026) : Pt ; depot du 2026-08-31 = Pt (12 chr) pour le nom scientifique, titre et nom commun restes a l'identification morphologique
DURANCE16S_14Bue1014Ch01A	ERS31168138	14Bue1014Ch01A	2014_Bue_1014	TITLE	Chondrostoma sp. caudal fin bacterial microbiota, Bue 2014, individual 1014	Parachondrostoma toxostoma caudal fin bacterial microbiota, Bue 2014, individual 1014	classification a 25 chromosomes (sept. 2026) : Pt ; depot du 2026-08-31 = Pt (12 chr) pour le nom scientifique, titre et nom commun restes a l'identification morphologique
DURANCE16S_14Bue1014Ch01A	ERS31168138	14Bue1014Ch01A	2014_Bue_1014	host common name	Chondrostoma sp.	toxostome	classification a 25 chromosomes (sept. 2026) : Pt ; depot du 2026-08-31 = Pt (12 chr) pour le nom scientifique, titre et nom commun restes a l'identification morphologique
DURANCE16S_14Man1010Cn01A	ERS31168139	14Man1010Cn01A	2014_Man_1010	TITLE	Chondrostoma nasus caudal fin bacterial microbiota, Man 2014, individual 1010	Chondrostoma nasus x Parachondrostoma toxostoma caudal fin bacterial microbiota, Man 2014, individual 1010	classification a 25 chromosomes (sept. 2026) : Hy ; depot du 2026-08-31 = Pt (12 chr) pour le nom scientifique, titre et nom commun restes a l'identification morphologique
DURANCE16S_14Man1010Cn01A	ERS31168139	14Man1010Cn01A	2014_Man_1010	host scientific name	Parachondrostoma toxostoma	Chondrostoma nasus x Parachondrostoma toxostoma	classification a 25 chromosomes (sept. 2026) : Hy ; depot du 2026-08-31 = Pt (12 chr) pour le nom scientifique, titre et nom commun restes a l'identification morphologique
DURANCE16S_14Man1010Cn01A	ERS31168139	14Man1010Cn01A	2014_Man_1010	host common name	nase	nasus x toxostoma	classification a 25 chromosomes (sept. 2026) : Hy ; depot du 2026-08-31 = Pt (12 chr) pour le nom scientifique, titre et nom commun restes a l'identification morphologique
DURANCE16S_14Man1018Ch01A	ERS31168140	14Man1018Ch01A	2014_Man_1018	TITLE	Chondrostoma sp. caudal fin bacterial microbiota, Man 2014, individual 1018	Parachondrostoma toxostoma caudal fin bacterial microbiota, Man 2014, individual 1018	classification a 25 chromosomes (sept. 2026) : Pt ; depot du 2026-08-31 = Pt (12 chr) pour le nom scientifique, titre et nom commun restes a l'identification morphologique
DURANCE16S_14Man1018Ch01A	ERS31168140	14Man1018Ch01A	2014_Man_1018	host common name	Chondrostoma sp.	toxostome	classification a 25 chromosomes (sept. 2026) : Pt ; depot du 2026-08-31 = Pt (12 chr) pour le nom scientifique, titre et nom commun restes a l'identification morphologique
DURANCE16S_14per1014Ch01A	ERS31168141	14per1014Ch01A	2014_Per_1014	TITLE	Chondrostoma sp. caudal fin bacterial microbiota, Per 2014, individual 1014	Parachondrostoma toxostoma caudal fin bacterial microbiota, Per 2014, individual 1014	classification a 25 chromosomes (sept. 2026) : Pt ; depot du 2026-08-31 = Pt (12 chr) pour le nom scientifique, titre et nom commun restes a l'identification morphologique
DURANCE16S_14per1014Ch01A	ERS31168141	14per1014Ch01A	2014_Per_1014	host common name	Chondrostoma sp.	toxostome	classification a 25 chromosomes (sept. 2026) : Pt ; depot du 2026-08-31 = Pt (12 chr) pour le nom scientifique, titre et nom commun restes a l'identification morphologique
DURANCE16S_15Bau1001Ch01A	ERS31168144	15Bau1001Ch01A	2015_Bau_1001	TITLE	Chondrostoma sp. caudal fin bacterial microbiota, Bau 2015, individual 1001	Parachondrostoma toxostoma caudal fin bacterial microbiota, Bau 2015, individual 1001	classification a 25 chromosomes (sept. 2026) : Pt ; depot du 2026-08-31 = Pt (12 chr) pour le nom scientifique, titre et nom commun restes a l'identification morphologique
DURANCE16S_15Bau1001Ch01A	ERS31168144	15Bau1001Ch01A	2015_Bau_1001	host common name	Chondrostoma sp.	toxostome	classification a 25 chromosomes (sept. 2026) : Pt ; depot du 2026-08-31 = Pt (12 chr) pour le nom scientifique, titre et nom commun restes a l'identification morphologique
DURANCE16S_15Bau1009Ch01A	ERS31168145	15Bau1009Ch01A	2015_Bau_1009	TITLE	Chondrostoma sp. caudal fin bacterial microbiota, Bau 2015, individual 1009	Parachondrostoma toxostoma caudal fin bacterial microbiota, Bau 2015, individual 1009	classification a 25 chromosomes (sept. 2026) : Pt ; depot du 2026-08-31 = Pt (12 chr) pour le nom scientifique, titre et nom commun restes a l'identification morphologique
DURANCE16S_15Bau1009Ch01A	ERS31168145	15Bau1009Ch01A	2015_Bau_1009	host common name	Chondrostoma sp.	toxostome	classification a 25 chromosomes (sept. 2026) : Pt ; depot du 2026-08-31 = Pt (12 chr) pour le nom scientifique, titre et nom commun restes a l'identification morphologique
DURANCE16S_15Bau1017Ch01A	ERS31168146	15Bau1017Ch01A	2015_Bau_1017	TITLE	Chondrostoma sp. caudal fin bacterial microbiota, Bau 2015, individual 1017	Parachondrostoma toxostoma caudal fin bacterial microbiota, Bau 2015, individual 1017	classification a 25 chromosomes (sept. 2026) : Pt ; depot du 2026-08-31 = Pt (12 chr) pour le nom scientifique, titre et nom commun restes a l'identification morphologique
DURANCE16S_15Bau1017Ch01A	ERS31168146	15Bau1017Ch01A	2015_Bau_1017	host common name	Chondrostoma sp.	toxostome	classification a 25 chromosomes (sept. 2026) : Pt ; depot du 2026-08-31 = Pt (12 chr) pour le nom scientifique, titre et nom commun restes a l'identification morphologique
DURANCE16S_15Bau1025Ch01A	ERS31168147	15Bau1025Ch01A	2015_Bau_1025	TITLE	Chondrostoma sp. caudal fin bacterial microbiota, Bau 2015, individual 1025	Parachondrostoma toxostoma caudal fin bacterial microbiota, Bau 2015, individual 1025	classification a 25 chromosomes (sept. 2026) : Pt ; depot du 2026-08-31 = Pt (12 chr) pour le nom scientifique, titre et nom commun restes a l'identification morphologique
DURANCE16S_15Bau1025Ch01A	ERS31168147	15Bau1025Ch01A	2015_Bau_1025	host common name	Chondrostoma sp.	toxostome	classification a 25 chromosomes (sept. 2026) : Pt ; depot du 2026-08-31 = Pt (12 chr) pour le nom scientifique, titre et nom commun restes a l'identification morphologique
DURANCE16S_15Jus1008Ch01A	ERS31168148	15Jus1008Ch01A	2015_Jus_1008	TITLE	Chondrostoma sp. caudal fin bacterial microbiota, Jus 2015, individual 1008	Parachondrostoma toxostoma caudal fin bacterial microbiota, Jus 2015, individual 1008	classification a 25 chromosomes (sept. 2026) : Pt ; depot du 2026-08-31 = Pt (12 chr) pour le nom scientifique, titre et nom commun restes a l'identification morphologique
DURANCE16S_15Jus1008Ch01A	ERS31168148	15Jus1008Ch01A	2015_Jus_1008	host common name	Chondrostoma sp.	toxostome	classification a 25 chromosomes (sept. 2026) : Pt ; depot du 2026-08-31 = Pt (12 chr) pour le nom scientifique, titre et nom commun restes a l'identification morphologique
DURANCE16S_15Jus1016Ch01A	ERS31168149	15Jus1016Ch01A	2015_Jus_1016	TITLE	Chondrostoma sp. caudal fin bacterial microbiota, Jus 2015, individual 1016	Chondrostoma nasus x Parachondrostoma toxostoma caudal fin bacterial microbiota, Jus 2015, individual 1016	classification a 25 chromosomes (sept. 2026) : Hy ; depot du 2026-08-31 = Hy (12 chr) pour le nom scientifique, titre et nom commun restes a l'identification morphologique
DURANCE16S_15Jus1016Ch01A	ERS31168149	15Jus1016Ch01A	2015_Jus_1016	host common name	Chondrostoma sp.	nasus x toxostoma	classification a 25 chromosomes (sept. 2026) : Hy ; depot du 2026-08-31 = Hy (12 chr) pour le nom scientifique, titre et nom commun restes a l'identification morphologique
DURANCE16S_15Caa1005Ch01A	ERS31168150	15Caa1005Ch01A	2015_Caa_1005	TITLE	Chondrostoma sp. caudal fin bacterial microbiota, Caa 2015, individual 1005	Chondrostoma nasus caudal fin bacterial microbiota, Caa 2015, individual 1005	classification a 25 chromosomes (sept. 2026) : Cn ; depot du 2026-08-31 = Cn (12 chr) pour le nom scientifique, titre et nom commun restes a l'identification morphologique
DURANCE16S_15Caa1005Ch01A	ERS31168150	15Caa1005Ch01A	2015_Caa_1005	host common name	Chondrostoma sp.	nase	classification a 25 chromosomes (sept. 2026) : Cn ; depot du 2026-08-31 = Cn (12 chr) pour le nom scientifique, titre et nom commun restes a l'identification morphologique
DURANCE16S_15Caa1013Ch01A	ERS31168151	15Caa1013Ch01A	2015_Caa_1013	TITLE	Chondrostoma sp. caudal fin bacterial microbiota, Caa 2015, individual 1013	Parachondrostoma toxostoma caudal fin bacterial microbiota, Caa 2015, individual 1013	classification a 25 chromosomes (sept. 2026) : Pt ; depot du 2026-08-31 = Pt (12 chr) pour le nom scientifique, titre et nom commun restes a l'identification morphologique
DURANCE16S_15Caa1013Ch01A	ERS31168151	15Caa1013Ch01A	2015_Caa_1013	host common name	Chondrostoma sp.	toxostome	classification a 25 chromosomes (sept. 2026) : Pt ; depot du 2026-08-31 = Pt (12 chr) pour le nom scientifique, titre et nom commun restes a l'identification morphologique
DURANCE16S_15Avi1001Cn01A	ERS31168152	15Avi1001Cn01A	2015_Avi_1001	TITLE	Chondrostoma nasus caudal fin bacterial microbiota, Avi 2015, individual 1001	Chondrostoma nasus x Parachondrostoma toxostoma caudal fin bacterial microbiota, Avi 2015, individual 1001	classification a 25 chromosomes (sept. 2026) : Hy ; depot du 2026-08-31 = Hy (12 chr) pour le nom scientifique, titre et nom commun restes a l'identification morphologique
DURANCE16S_15Avi1001Cn01A	ERS31168152	15Avi1001Cn01A	2015_Avi_1001	host common name	nase	nasus x toxostoma	classification a 25 chromosomes (sept. 2026) : Hy ; depot du 2026-08-31 = Hy (12 chr) pour le nom scientifique, titre et nom commun restes a l'identification morphologique
DURANCE16S_15Bue1004Ch01A	ERS31168154	15Bue1004Ch01A	2015_Bue_1004	TITLE	Chondrostoma sp. caudal fin bacterial microbiota, Bue 2015, individual 1004	Parachondrostoma toxostoma caudal fin bacterial microbiota, Bue 2015, individual 1004	classification a 25 chromosomes (sept. 2026) : Pt ; depot du 2026-08-31 = Pt (12 chr) pour le nom scientifique, titre et nom commun restes a l'identification morphologique
DURANCE16S_15Bue1004Ch01A	ERS31168154	15Bue1004Ch01A	2015_Bue_1004	host common name	Chondrostoma sp.	toxostome	classification a 25 chromosomes (sept. 2026) : Pt ; depot du 2026-08-31 = Pt (12 chr) pour le nom scientifique, titre et nom commun restes a l'identification morphologique
DURANCE16S_15Bue1012Ch01A	ERS31168155	15Bue1012Ch01A	2015_Bue_1012	TITLE	Chondrostoma sp. caudal fin bacterial microbiota, Bue 2015, individual 1012	Chondrostoma nasus x Parachondrostoma toxostoma caudal fin bacterial microbiota, Bue 2015, individual 1012	classification a 25 chromosomes (sept. 2026) : Hy ; depot du 2026-08-31 = Hy (12 chr) pour le nom scientifique, titre et nom commun restes a l'identification morphologique
DURANCE16S_15Bue1012Ch01A	ERS31168155	15Bue1012Ch01A	2015_Bue_1012	host common name	Chondrostoma sp.	nasus x toxostoma	classification a 25 chromosomes (sept. 2026) : Hy ; depot du 2026-08-31 = Hy (12 chr) pour le nom scientifique, titre et nom commun restes a l'identification morphologique
DURANCE16S_15Bau1002Ch01A	ERS31168156	15Bau1002Ch01A	2015_Bau_1002	TITLE	Chondrostoma sp. caudal fin bacterial microbiota, Bau 2015, individual 1002	Parachondrostoma toxostoma caudal fin bacterial microbiota, Bau 2015, individual 1002	classification a 25 chromosomes (sept. 2026) : Pt ; depot du 2026-08-31 = Pt (12 chr) pour le nom scientifique, titre et nom commun restes a l'identification morphologique
DURANCE16S_15Bau1002Ch01A	ERS31168156	15Bau1002Ch01A	2015_Bau_1002	host common name	Chondrostoma sp.	toxostome	classification a 25 chromosomes (sept. 2026) : Pt ; depot du 2026-08-31 = Pt (12 chr) pour le nom scientifique, titre et nom commun restes a l'identification morphologique
DURANCE16S_15Bau1010Ch01A	ERS31168157	15Bau1010Ch01A	2015_Bau_1010	TITLE	Chondrostoma sp. caudal fin bacterial microbiota, Bau 2015, individual 1010	Chondrostoma nasus x Parachondrostoma toxostoma caudal fin bacterial microbiota, Bau 2015, individual 1010	classification a 25 chromosomes (sept. 2026) : Hy ; depot du 2026-08-31 = Hy (12 chr) pour le nom scientifique, titre et nom commun restes a l'identification morphologique
DURANCE16S_15Bau1010Ch01A	ERS31168157	15Bau1010Ch01A	2015_Bau_1010	host common name	Chondrostoma sp.	nasus x toxostoma	classification a 25 chromosomes (sept. 2026) : Hy ; depot du 2026-08-31 = Hy (12 chr) pour le nom scientifique, titre et nom commun restes a l'identification morphologique
DURANCE16S_15Bau1018Ch01A	ERS31168158	15Bau1018Ch01A	2015_Bau_1018	TITLE	Chondrostoma sp. caudal fin bacterial microbiota, Bau 2015, individual 1018	Parachondrostoma toxostoma caudal fin bacterial microbiota, Bau 2015, individual 1018	classification a 25 chromosomes (sept. 2026) : Pt ; depot du 2026-08-31 = Pt (12 chr) pour le nom scientifique, titre et nom commun restes a l'identification morphologique
DURANCE16S_15Bau1018Ch01A	ERS31168158	15Bau1018Ch01A	2015_Bau_1018	host common name	Chondrostoma sp.	toxostome	classification a 25 chromosomes (sept. 2026) : Pt ; depot du 2026-08-31 = Pt (12 chr) pour le nom scientifique, titre et nom commun restes a l'identification morphologique
DURANCE16S_15Jus1001Ch01A	ERS31168159	15Jus1001Ch01A	2015_Jus_1001	TITLE	Chondrostoma sp. caudal fin bacterial microbiota, Jus 2015, individual 1001	Parachondrostoma toxostoma caudal fin bacterial microbiota, Jus 2015, individual 1001	classification a 25 chromosomes (sept. 2026) : Pt ; depot du 2026-08-31 = Pt (12 chr) pour le nom scientifique, titre et nom commun restes a l'identification morphologique
DURANCE16S_15Jus1001Ch01A	ERS31168159	15Jus1001Ch01A	2015_Jus_1001	host common name	Chondrostoma sp.	toxostome	classification a 25 chromosomes (sept. 2026) : Pt ; depot du 2026-08-31 = Pt (12 chr) pour le nom scientifique, titre et nom commun restes a l'identification morphologique
DURANCE16S_15Jus1009Ch01A	ERS31168160	15Jus1009Ch01A	2015_Jus_1009	TITLE	Chondrostoma sp. caudal fin bacterial microbiota, Jus 2015, individual 1009	Chondrostoma nasus x Parachondrostoma toxostoma caudal fin bacterial microbiota, Jus 2015, individual 1009	classification a 25 chromosomes (sept. 2026) : Hy ; depot du 2026-08-31 = Hy (12 chr) pour le nom scientifique, titre et nom commun restes a l'identification morphologique
DURANCE16S_15Jus1009Ch01A	ERS31168160	15Jus1009Ch01A	2015_Jus_1009	host common name	Chondrostoma sp.	nasus x toxostoma	classification a 25 chromosomes (sept. 2026) : Hy ; depot du 2026-08-31 = Hy (12 chr) pour le nom scientifique, titre et nom commun restes a l'identification morphologique
DURANCE16S_15Jus1017Ch01A	ERS31168161	15Jus1017Ch01A	2015_Jus_1017	TITLE	Chondrostoma sp. caudal fin bacterial microbiota, Jus 2015, individual 1017	Chondrostoma nasus caudal fin bacterial microbiota, Jus 2015, individual 1017	classification a 25 chromosomes (sept. 2026) : Cn ; depot du 2026-08-31 = Cn (12 chr) pour le nom scientifique, titre et nom commun restes a l'identification morphologique
DURANCE16S_15Jus1017Ch01A	ERS31168161	15Jus1017Ch01A	2015_Jus_1017	host common name	Chondrostoma sp.	nase	classification a 25 chromosomes (sept. 2026) : Cn ; depot du 2026-08-31 = Cn (12 chr) pour le nom scientifique, titre et nom commun restes a l'identification morphologique
DURANCE16S_15Caa1006Ch01A	ERS31168162	15Caa1006Ch01A	2015_Caa_1006	TITLE	Chondrostoma sp. caudal fin bacterial microbiota, Caa 2015, individual 1006	Chondrostoma nasus x Parachondrostoma toxostoma caudal fin bacterial microbiota, Caa 2015, individual 1006	classification a 25 chromosomes (sept. 2026) : Hy ; depot du 2026-08-31 = Hy (12 chr) pour le nom scientifique, titre et nom commun restes a l'identification morphologique
DURANCE16S_15Caa1006Ch01A	ERS31168162	15Caa1006Ch01A	2015_Caa_1006	host common name	Chondrostoma sp.	nasus x toxostoma	classification a 25 chromosomes (sept. 2026) : Hy ; depot du 2026-08-31 = Hy (12 chr) pour le nom scientifique, titre et nom commun restes a l'identification morphologique
DURANCE16S_15Caa1014Ch01A	ERS31168163	15Caa1014Ch01A	2015_Caa_1014	TITLE	Chondrostoma sp. caudal fin bacterial microbiota, Caa 2015, individual 1014	Parachondrostoma toxostoma caudal fin bacterial microbiota, Caa 2015, individual 1014	classification a 25 chromosomes (sept. 2026) : Pt ; depot du 2026-08-31 = Pt (12 chr) pour le nom scientifique, titre et nom commun restes a l'identification morphologique
DURANCE16S_15Caa1014Ch01A	ERS31168163	15Caa1014Ch01A	2015_Caa_1014	host common name	Chondrostoma sp.	toxostome	classification a 25 chromosomes (sept. 2026) : Pt ; depot du 2026-08-31 = Pt (12 chr) pour le nom scientifique, titre et nom commun restes a l'identification morphologique
DURANCE16S_15Avi1002Cn01A	ERS31168164	15Avi1002Cn01A	2015_Avi_1002	TITLE	Chondrostoma nasus caudal fin bacterial microbiota, Avi 2015, individual 1002	Chondrostoma nasus x Parachondrostoma toxostoma caudal fin bacterial microbiota, Avi 2015, individual 1002	classification a 25 chromosomes (sept. 2026) : Hy ; depot du 2026-08-31 = Hy (12 chr) pour le nom scientifique, titre et nom commun restes a l'identification morphologique
DURANCE16S_15Avi1002Cn01A	ERS31168164	15Avi1002Cn01A	2015_Avi_1002	host common name	nase	nasus x toxostoma	classification a 25 chromosomes (sept. 2026) : Hy ; depot du 2026-08-31 = Hy (12 chr) pour le nom scientifique, titre et nom commun restes a l'identification morphologique
DURANCE16S_15Bue1005Ch01A	ERS31168166	15Bue1005Ch01A	2015_Bue_1005	TITLE	Chondrostoma sp. caudal fin bacterial microbiota, Bue 2015, individual 1005	Chondrostoma nasus x Parachondrostoma toxostoma caudal fin bacterial microbiota, Bue 2015, individual 1005	classification a 25 chromosomes (sept. 2026) : Hy ; depot du 2026-08-31 = Hy (12 chr) pour le nom scientifique, titre et nom commun restes a l'identification morphologique
DURANCE16S_15Bue1005Ch01A	ERS31168166	15Bue1005Ch01A	2015_Bue_1005	host common name	Chondrostoma sp.	nasus x toxostoma	classification a 25 chromosomes (sept. 2026) : Hy ; depot du 2026-08-31 = Hy (12 chr) pour le nom scientifique, titre et nom commun restes a l'identification morphologique
DURANCE16S_15Bue1013Ch01A	ERS31168167	15Bue1013Ch01A	2015_Bue_1013	TITLE	Chondrostoma sp. caudal fin bacterial microbiota, Bue 2015, individual 1013	Parachondrostoma toxostoma caudal fin bacterial microbiota, Bue 2015, individual 1013	classification a 25 chromosomes (sept. 2026) : Pt ; depot du 2026-08-31 = Pt (12 chr) pour le nom scientifique, titre et nom commun restes a l'identification morphologique
DURANCE16S_15Bue1013Ch01A	ERS31168167	15Bue1013Ch01A	2015_Bue_1013	host common name	Chondrostoma sp.	toxostome	classification a 25 chromosomes (sept. 2026) : Pt ; depot du 2026-08-31 = Pt (12 chr) pour le nom scientifique, titre et nom commun restes a l'identification morphologique
DURANCE16S_15Bau1003Ch01A	ERS31168168	15Bau1003Ch01A	2015_Bau_1003	TITLE	Chondrostoma sp. caudal fin bacterial microbiota, Bau 2015, individual 1003	Parachondrostoma toxostoma caudal fin bacterial microbiota, Bau 2015, individual 1003	classification a 25 chromosomes (sept. 2026) : Pt ; depot du 2026-08-31 = Pt (12 chr) pour le nom scientifique, titre et nom commun restes a l'identification morphologique
DURANCE16S_15Bau1003Ch01A	ERS31168168	15Bau1003Ch01A	2015_Bau_1003	host common name	Chondrostoma sp.	toxostome	classification a 25 chromosomes (sept. 2026) : Pt ; depot du 2026-08-31 = Pt (12 chr) pour le nom scientifique, titre et nom commun restes a l'identification morphologique
DURANCE16S_15Bau1011Ch01A	ERS31168169	15Bau1011Ch01A	2015_Bau_1011	TITLE	Chondrostoma sp. caudal fin bacterial microbiota, Bau 2015, individual 1011	Parachondrostoma toxostoma caudal fin bacterial microbiota, Bau 2015, individual 1011	classification a 25 chromosomes (sept. 2026) : Pt ; depot du 2026-08-31 = Pt (12 chr) pour le nom scientifique, titre et nom commun restes a l'identification morphologique
DURANCE16S_15Bau1011Ch01A	ERS31168169	15Bau1011Ch01A	2015_Bau_1011	host common name	Chondrostoma sp.	toxostome	classification a 25 chromosomes (sept. 2026) : Pt ; depot du 2026-08-31 = Pt (12 chr) pour le nom scientifique, titre et nom commun restes a l'identification morphologique
DURANCE16S_15Bau1019Ch01A	ERS31168170	15Bau1019Ch01A	2015_Bau_1019	TITLE	Chondrostoma sp. caudal fin bacterial microbiota, Bau 2015, individual 1019	Chondrostoma nasus x Parachondrostoma toxostoma caudal fin bacterial microbiota, Bau 2015, individual 1019	classification a 25 chromosomes (sept. 2026) : Hy ; depot du 2026-08-31 = Pt (12 chr) pour le nom scientifique, titre et nom commun restes a l'identification morphologique
DURANCE16S_15Bau1019Ch01A	ERS31168170	15Bau1019Ch01A	2015_Bau_1019	host scientific name	Parachondrostoma toxostoma	Chondrostoma nasus x Parachondrostoma toxostoma	classification a 25 chromosomes (sept. 2026) : Hy ; depot du 2026-08-31 = Pt (12 chr) pour le nom scientifique, titre et nom commun restes a l'identification morphologique
DURANCE16S_15Bau1019Ch01A	ERS31168170	15Bau1019Ch01A	2015_Bau_1019	host common name	Chondrostoma sp.	nasus x toxostoma	classification a 25 chromosomes (sept. 2026) : Hy ; depot du 2026-08-31 = Pt (12 chr) pour le nom scientifique, titre et nom commun restes a l'identification morphologique
DURANCE16S_15Jus1002Ch01A	ERS31168171	15Jus1002Ch01A	2015_Jus_1002	TITLE	Chondrostoma sp. caudal fin bacterial microbiota, Jus 2015, individual 1002	Chondrostoma nasus x Parachondrostoma toxostoma caudal fin bacterial microbiota, Jus 2015, individual 1002	classification a 25 chromosomes (sept. 2026) : Hy ; depot du 2026-08-31 = Pt (12 chr) pour le nom scientifique, titre et nom commun restes a l'identification morphologique
DURANCE16S_15Jus1002Ch01A	ERS31168171	15Jus1002Ch01A	2015_Jus_1002	host scientific name	Parachondrostoma toxostoma	Chondrostoma nasus x Parachondrostoma toxostoma	classification a 25 chromosomes (sept. 2026) : Hy ; depot du 2026-08-31 = Pt (12 chr) pour le nom scientifique, titre et nom commun restes a l'identification morphologique
DURANCE16S_15Jus1002Ch01A	ERS31168171	15Jus1002Ch01A	2015_Jus_1002	host common name	Chondrostoma sp.	nasus x toxostoma	classification a 25 chromosomes (sept. 2026) : Hy ; depot du 2026-08-31 = Pt (12 chr) pour le nom scientifique, titre et nom commun restes a l'identification morphologique
DURANCE16S_15Jus1010Ch01A	ERS31168172	15Jus1010Ch01A	2015_Jus_1010	TITLE	Chondrostoma sp. caudal fin bacterial microbiota, Jus 2015, individual 1010	Chondrostoma nasus caudal fin bacterial microbiota, Jus 2015, individual 1010	classification a 25 chromosomes (sept. 2026) : Cn ; depot du 2026-08-31 = Cn (12 chr) pour le nom scientifique, titre et nom commun restes a l'identification morphologique
DURANCE16S_15Jus1010Ch01A	ERS31168172	15Jus1010Ch01A	2015_Jus_1010	host common name	Chondrostoma sp.	nase	classification a 25 chromosomes (sept. 2026) : Cn ; depot du 2026-08-31 = Cn (12 chr) pour le nom scientifique, titre et nom commun restes a l'identification morphologique
DURANCE16S_15Jus1018Ch01A	ERS31168173	15Jus1018Ch01A	2015_Jus_1018	TITLE	Chondrostoma sp. caudal fin bacterial microbiota, Jus 2015, individual 1018	Chondrostoma nasus caudal fin bacterial microbiota, Jus 2015, individual 1018	classification a 25 chromosomes (sept. 2026) : Cn ; depot du 2026-08-31 = Cn (12 chr) pour le nom scientifique, titre et nom commun restes a l'identification morphologique
DURANCE16S_15Jus1018Ch01A	ERS31168173	15Jus1018Ch01A	2015_Jus_1018	host common name	Chondrostoma sp.	nase	classification a 25 chromosomes (sept. 2026) : Cn ; depot du 2026-08-31 = Cn (12 chr) pour le nom scientifique, titre et nom commun restes a l'identification morphologique
DURANCE16S_15Caa1007Ch01A	ERS31168174	15Caa1007Ch01A	2015_Caa_1007	TITLE	Chondrostoma sp. caudal fin bacterial microbiota, Caa 2015, individual 1007	Chondrostoma nasus caudal fin bacterial microbiota, Caa 2015, individual 1007	classification a 25 chromosomes (sept. 2026) : Cn ; depot du 2026-08-31 = Cn (12 chr) pour le nom scientifique, titre et nom commun restes a l'identification morphologique
DURANCE16S_15Caa1007Ch01A	ERS31168174	15Caa1007Ch01A	2015_Caa_1007	host common name	Chondrostoma sp.	nase	classification a 25 chromosomes (sept. 2026) : Cn ; depot du 2026-08-31 = Cn (12 chr) pour le nom scientifique, titre et nom commun restes a l'identification morphologique
DURANCE16S_15Caa1015Ch01A	ERS31168175	15Caa1015Ch01A	2015_Caa_1015	TITLE	Chondrostoma sp. caudal fin bacterial microbiota, Caa 2015, individual 1015	Chondrostoma nasus x Parachondrostoma toxostoma caudal fin bacterial microbiota, Caa 2015, individual 1015	classification a 25 chromosomes (sept. 2026) : Hy ; depot du 2026-08-31 = Hy (12 chr) pour le nom scientifique, titre et nom commun restes a l'identification morphologique
DURANCE16S_15Caa1015Ch01A	ERS31168175	15Caa1015Ch01A	2015_Caa_1015	host common name	Chondrostoma sp.	nasus x toxostoma	classification a 25 chromosomes (sept. 2026) : Hy ; depot du 2026-08-31 = Hy (12 chr) pour le nom scientifique, titre et nom commun restes a l'identification morphologique
DURANCE16S_15Avi1011Cn01A	ERS31168177	15Avi1011Cn01A	2015_Avi_1011	TITLE	Chondrostoma nasus caudal fin bacterial microbiota, Avi 2015, individual 1011	Chondrostoma nasus x Parachondrostoma toxostoma caudal fin bacterial microbiota, Avi 2015, individual 1011	classification a 25 chromosomes (sept. 2026) : Hy ; depot du 2026-08-31 = Cn (12 chr) pour le nom scientifique, titre et nom commun restes a l'identification morphologique
DURANCE16S_15Avi1011Cn01A	ERS31168177	15Avi1011Cn01A	2015_Avi_1011	host scientific name	Chondrostoma nasus	Chondrostoma nasus x Parachondrostoma toxostoma	classification a 25 chromosomes (sept. 2026) : Hy ; depot du 2026-08-31 = Cn (12 chr) pour le nom scientifique, titre et nom commun restes a l'identification morphologique
DURANCE16S_15Avi1011Cn01A	ERS31168177	15Avi1011Cn01A	2015_Avi_1011	host common name	nase	nasus x toxostoma	classification a 25 chromosomes (sept. 2026) : Hy ; depot du 2026-08-31 = Cn (12 chr) pour le nom scientifique, titre et nom commun restes a l'identification morphologique
DURANCE16S_15Bue1006Ch01A	ERS31168178	15Bue1006Ch01A	2015_Bue_1006	TITLE	Chondrostoma sp. caudal fin bacterial microbiota, Bue 2015, individual 1006	Parachondrostoma toxostoma caudal fin bacterial microbiota, Bue 2015, individual 1006	classification a 25 chromosomes (sept. 2026) : Pt ; depot du 2026-08-31 = Hy (12 chr) pour le nom scientifique, titre et nom commun restes a l'identification morphologique
DURANCE16S_15Bue1006Ch01A	ERS31168178	15Bue1006Ch01A	2015_Bue_1006	host scientific name	Chondrostoma nasus x Parachondrostoma toxostoma	Parachondrostoma toxostoma	classification a 25 chromosomes (sept. 2026) : Pt ; depot du 2026-08-31 = Hy (12 chr) pour le nom scientifique, titre et nom commun restes a l'identification morphologique
DURANCE16S_15Bue1006Ch01A	ERS31168178	15Bue1006Ch01A	2015_Bue_1006	host common name	Chondrostoma sp.	toxostome	classification a 25 chromosomes (sept. 2026) : Pt ; depot du 2026-08-31 = Hy (12 chr) pour le nom scientifique, titre et nom commun restes a l'identification morphologique
DURANCE16S_15Bue1014Ch01A	ERS31168179	15Bue1014Ch01A	2015_Bue_1014	TITLE	Chondrostoma sp. caudal fin bacterial microbiota, Bue 2015, individual 1014	Parachondrostoma toxostoma caudal fin bacterial microbiota, Bue 2015, individual 1014	classification a 25 chromosomes (sept. 2026) : Pt ; depot du 2026-08-31 = Pt (12 chr) pour le nom scientifique, titre et nom commun restes a l'identification morphologique
DURANCE16S_15Bue1014Ch01A	ERS31168179	15Bue1014Ch01A	2015_Bue_1014	host common name	Chondrostoma sp.	toxostome	classification a 25 chromosomes (sept. 2026) : Pt ; depot du 2026-08-31 = Pt (12 chr) pour le nom scientifique, titre et nom commun restes a l'identification morphologique
DURANCE16S_15Bau1004Ch01A	ERS31168180	15Bau1004Ch01A	2015_Bau_1004	TITLE	Chondrostoma sp. caudal fin bacterial microbiota, Bau 2015, individual 1004	Chondrostoma nasus x Parachondrostoma toxostoma caudal fin bacterial microbiota, Bau 2015, individual 1004	classification a 25 chromosomes (sept. 2026) : Hy ; depot du 2026-08-31 = Pt (12 chr) pour le nom scientifique, titre et nom commun restes a l'identification morphologique
DURANCE16S_15Bau1004Ch01A	ERS31168180	15Bau1004Ch01A	2015_Bau_1004	host scientific name	Parachondrostoma toxostoma	Chondrostoma nasus x Parachondrostoma toxostoma	classification a 25 chromosomes (sept. 2026) : Hy ; depot du 2026-08-31 = Pt (12 chr) pour le nom scientifique, titre et nom commun restes a l'identification morphologique
DURANCE16S_15Bau1004Ch01A	ERS31168180	15Bau1004Ch01A	2015_Bau_1004	host common name	Chondrostoma sp.	nasus x toxostoma	classification a 25 chromosomes (sept. 2026) : Hy ; depot du 2026-08-31 = Pt (12 chr) pour le nom scientifique, titre et nom commun restes a l'identification morphologique
DURANCE16S_15Bau1012Ch01A	ERS31168181	15Bau1012Ch01A	2015_Bau_1012	TITLE	Chondrostoma sp. caudal fin bacterial microbiota, Bau 2015, individual 1012	Parachondrostoma toxostoma caudal fin bacterial microbiota, Bau 2015, individual 1012	classification a 25 chromosomes (sept. 2026) : Pt ; depot du 2026-08-31 = Pt (12 chr) pour le nom scientifique, titre et nom commun restes a l'identification morphologique
DURANCE16S_15Bau1012Ch01A	ERS31168181	15Bau1012Ch01A	2015_Bau_1012	host common name	Chondrostoma sp.	toxostome	classification a 25 chromosomes (sept. 2026) : Pt ; depot du 2026-08-31 = Pt (12 chr) pour le nom scientifique, titre et nom commun restes a l'identification morphologique
DURANCE16S_15Bau1020Ch01A	ERS31168182	15Bau1020Ch01A	2015_Bau_1020	TITLE	Chondrostoma sp. caudal fin bacterial microbiota, Bau 2015, individual 1020	Chondrostoma nasus x Parachondrostoma toxostoma caudal fin bacterial microbiota, Bau 2015, individual 1020	classification a 25 chromosomes (sept. 2026) : Hy ; depot du 2026-08-31 = Hy (12 chr) pour le nom scientifique, titre et nom commun restes a l'identification morphologique
DURANCE16S_15Bau1020Ch01A	ERS31168182	15Bau1020Ch01A	2015_Bau_1020	host common name	Chondrostoma sp.	nasus x toxostoma	classification a 25 chromosomes (sept. 2026) : Hy ; depot du 2026-08-31 = Hy (12 chr) pour le nom scientifique, titre et nom commun restes a l'identification morphologique
DURANCE16S_15Jus1003Ch01A	ERS31168183	15Jus1003Ch01A	2015_Jus_1003	TITLE	Chondrostoma sp. caudal fin bacterial microbiota, Jus 2015, individual 1003	Chondrostoma nasus x Parachondrostoma toxostoma caudal fin bacterial microbiota, Jus 2015, individual 1003	classification a 25 chromosomes (sept. 2026) : Hy ; depot du 2026-08-31 = Pt (12 chr) pour le nom scientifique, titre et nom commun restes a l'identification morphologique
DURANCE16S_15Jus1003Ch01A	ERS31168183	15Jus1003Ch01A	2015_Jus_1003	host scientific name	Parachondrostoma toxostoma	Chondrostoma nasus x Parachondrostoma toxostoma	classification a 25 chromosomes (sept. 2026) : Hy ; depot du 2026-08-31 = Pt (12 chr) pour le nom scientifique, titre et nom commun restes a l'identification morphologique
DURANCE16S_15Jus1003Ch01A	ERS31168183	15Jus1003Ch01A	2015_Jus_1003	host common name	Chondrostoma sp.	nasus x toxostoma	classification a 25 chromosomes (sept. 2026) : Hy ; depot du 2026-08-31 = Pt (12 chr) pour le nom scientifique, titre et nom commun restes a l'identification morphologique
DURANCE16S_15Jus1011Ch01A	ERS31168184	15Jus1011Ch01A	2015_Jus_1011	TITLE	Chondrostoma sp. caudal fin bacterial microbiota, Jus 2015, individual 1011	Chondrostoma nasus caudal fin bacterial microbiota, Jus 2015, individual 1011	classification a 25 chromosomes (sept. 2026) : Cn ; depot du 2026-08-31 = Hy (12 chr) pour le nom scientifique, titre et nom commun restes a l'identification morphologique
DURANCE16S_15Jus1011Ch01A	ERS31168184	15Jus1011Ch01A	2015_Jus_1011	host scientific name	Chondrostoma nasus x Parachondrostoma toxostoma	Chondrostoma nasus	classification a 25 chromosomes (sept. 2026) : Cn ; depot du 2026-08-31 = Hy (12 chr) pour le nom scientifique, titre et nom commun restes a l'identification morphologique
DURANCE16S_15Jus1011Ch01A	ERS31168184	15Jus1011Ch01A	2015_Jus_1011	host common name	Chondrostoma sp.	nase	classification a 25 chromosomes (sept. 2026) : Cn ; depot du 2026-08-31 = Hy (12 chr) pour le nom scientifique, titre et nom commun restes a l'identification morphologique
DURANCE16S_15Jus1019Ch01A	ERS31168185	15Jus1019Ch01A	2015_Jus_1019	TITLE	Chondrostoma sp. caudal fin bacterial microbiota, Jus 2015, individual 1019	Chondrostoma nasus caudal fin bacterial microbiota, Jus 2015, individual 1019	classification a 25 chromosomes (sept. 2026) : Cn ; depot du 2026-08-31 = Cn (12 chr) pour le nom scientifique, titre et nom commun restes a l'identification morphologique
DURANCE16S_15Jus1019Ch01A	ERS31168185	15Jus1019Ch01A	2015_Jus_1019	host common name	Chondrostoma sp.	nase	classification a 25 chromosomes (sept. 2026) : Cn ; depot du 2026-08-31 = Cn (12 chr) pour le nom scientifique, titre et nom commun restes a l'identification morphologique
DURANCE16S_15Caa1008Ch01A	ERS31168186	15Caa1008Ch01A	2015_Caa_1008	TITLE	Chondrostoma sp. caudal fin bacterial microbiota, Caa 2015, individual 1008	Chondrostoma nasus x Parachondrostoma toxostoma caudal fin bacterial microbiota, Caa 2015, individual 1008	classification a 25 chromosomes (sept. 2026) : Hy ; depot du 2026-08-31 = Hy (12 chr) pour le nom scientifique, titre et nom commun restes a l'identification morphologique
DURANCE16S_15Caa1008Ch01A	ERS31168186	15Caa1008Ch01A	2015_Caa_1008	host common name	Chondrostoma sp.	nasus x toxostoma	classification a 25 chromosomes (sept. 2026) : Hy ; depot du 2026-08-31 = Hy (12 chr) pour le nom scientifique, titre et nom commun restes a l'identification morphologique
DURANCE16S_15Caa1016Ch01A	ERS31168187	15Caa1016Ch01A	2015_Caa_1016	TITLE	Chondrostoma sp. caudal fin bacterial microbiota, Caa 2015, individual 1016	Chondrostoma nasus x Parachondrostoma toxostoma caudal fin bacterial microbiota, Caa 2015, individual 1016	classification a 25 chromosomes (sept. 2026) : Hy ; depot du 2026-08-31 = Pt (12 chr) pour le nom scientifique, titre et nom commun restes a l'identification morphologique
DURANCE16S_15Caa1016Ch01A	ERS31168187	15Caa1016Ch01A	2015_Caa_1016	host scientific name	Parachondrostoma toxostoma	Chondrostoma nasus x Parachondrostoma toxostoma	classification a 25 chromosomes (sept. 2026) : Hy ; depot du 2026-08-31 = Pt (12 chr) pour le nom scientifique, titre et nom commun restes a l'identification morphologique
DURANCE16S_15Caa1016Ch01A	ERS31168187	15Caa1016Ch01A	2015_Caa_1016	host common name	Chondrostoma sp.	nasus x toxostoma	classification a 25 chromosomes (sept. 2026) : Hy ; depot du 2026-08-31 = Pt (12 chr) pour le nom scientifique, titre et nom commun restes a l'identification morphologique
DURANCE16S_15Avi1012Pt01A	ERS31168189	15Avi1012Pt01A	2015_Avi_1012	TITLE	Parachondrostoma toxostoma caudal fin bacterial microbiota, Avi 2015, individual 1012	Chondrostoma nasus x Parachondrostoma toxostoma caudal fin bacterial microbiota, Avi 2015, individual 1012	classification a 25 chromosomes (sept. 2026) : Hy ; depot du 2026-08-31 = Hy (12 chr) pour le nom scientifique, titre et nom commun restes a l'identification morphologique
DURANCE16S_15Avi1012Pt01A	ERS31168189	15Avi1012Pt01A	2015_Avi_1012	host common name	toxostome	nasus x toxostoma	classification a 25 chromosomes (sept. 2026) : Hy ; depot du 2026-08-31 = Hy (12 chr) pour le nom scientifique, titre et nom commun restes a l'identification morphologique
DURANCE16S_15Bue1007Ch01A	ERS31168190	15Bue1007Ch01A	2015_Bue_1007	TITLE	Chondrostoma sp. caudal fin bacterial microbiota, Bue 2015, individual 1007	Chondrostoma nasus x Parachondrostoma toxostoma caudal fin bacterial microbiota, Bue 2015, individual 1007	classification a 25 chromosomes (sept. 2026) : Hy ; depot du 2026-08-31 = Hy (12 chr) pour le nom scientifique, titre et nom commun restes a l'identification morphologique
DURANCE16S_15Bue1007Ch01A	ERS31168190	15Bue1007Ch01A	2015_Bue_1007	host common name	Chondrostoma sp.	nasus x toxostoma	classification a 25 chromosomes (sept. 2026) : Hy ; depot du 2026-08-31 = Hy (12 chr) pour le nom scientifique, titre et nom commun restes a l'identification morphologique
DURANCE16S_15Bue1015Ch01A	ERS31168191	15Bue1015Ch01A	2015_Bue_1015	TITLE	Chondrostoma sp. caudal fin bacterial microbiota, Bue 2015, individual 1015	Parachondrostoma toxostoma caudal fin bacterial microbiota, Bue 2015, individual 1015	classification a 25 chromosomes (sept. 2026) : Pt ; depot du 2026-08-31 = Pt (12 chr) pour le nom scientifique, titre et nom commun restes a l'identification morphologique
DURANCE16S_15Bue1015Ch01A	ERS31168191	15Bue1015Ch01A	2015_Bue_1015	host common name	Chondrostoma sp.	toxostome	classification a 25 chromosomes (sept. 2026) : Pt ; depot du 2026-08-31 = Pt (12 chr) pour le nom scientifique, titre et nom commun restes a l'identification morphologique
DURANCE16S_15Bau1005Ch01A	ERS31168192	15Bau1005Ch01A	2015_Bau_1005	TITLE	Chondrostoma sp. caudal fin bacterial microbiota, Bau 2015, individual 1005	Parachondrostoma toxostoma caudal fin bacterial microbiota, Bau 2015, individual 1005	classification a 25 chromosomes (sept. 2026) : Pt ; depot du 2026-08-31 = Pt (12 chr) pour le nom scientifique, titre et nom commun restes a l'identification morphologique
DURANCE16S_15Bau1005Ch01A	ERS31168192	15Bau1005Ch01A	2015_Bau_1005	host common name	Chondrostoma sp.	toxostome	classification a 25 chromosomes (sept. 2026) : Pt ; depot du 2026-08-31 = Pt (12 chr) pour le nom scientifique, titre et nom commun restes a l'identification morphologique
DURANCE16S_15Bau1013Ch01A	ERS31168193	15Bau1013Ch01A	2015_Bau_1013	TITLE	Chondrostoma sp. caudal fin bacterial microbiota, Bau 2015, individual 1013	Parachondrostoma toxostoma caudal fin bacterial microbiota, Bau 2015, individual 1013	classification a 25 chromosomes (sept. 2026) : Pt ; depot du 2026-08-31 = Pt (12 chr) pour le nom scientifique, titre et nom commun restes a l'identification morphologique
DURANCE16S_15Bau1013Ch01A	ERS31168193	15Bau1013Ch01A	2015_Bau_1013	host common name	Chondrostoma sp.	toxostome	classification a 25 chromosomes (sept. 2026) : Pt ; depot du 2026-08-31 = Pt (12 chr) pour le nom scientifique, titre et nom commun restes a l'identification morphologique
DURANCE16S_15Bau1021Ch01A	ERS31168194	15Bau1021Ch01A	2015_Bau_1021	TITLE	Chondrostoma sp. caudal fin bacterial microbiota, Bau 2015, individual 1021	Chondrostoma nasus x Parachondrostoma toxostoma caudal fin bacterial microbiota, Bau 2015, individual 1021	classification a 25 chromosomes (sept. 2026) : Hy ; depot du 2026-08-31 = Pt (12 chr) pour le nom scientifique, titre et nom commun restes a l'identification morphologique
DURANCE16S_15Bau1021Ch01A	ERS31168194	15Bau1021Ch01A	2015_Bau_1021	host scientific name	Parachondrostoma toxostoma	Chondrostoma nasus x Parachondrostoma toxostoma	classification a 25 chromosomes (sept. 2026) : Hy ; depot du 2026-08-31 = Pt (12 chr) pour le nom scientifique, titre et nom commun restes a l'identification morphologique
DURANCE16S_15Bau1021Ch01A	ERS31168194	15Bau1021Ch01A	2015_Bau_1021	host common name	Chondrostoma sp.	nasus x toxostoma	classification a 25 chromosomes (sept. 2026) : Hy ; depot du 2026-08-31 = Pt (12 chr) pour le nom scientifique, titre et nom commun restes a l'identification morphologique
DURANCE16S_15Jus1004Ch01A	ERS31168195	15Jus1004Ch01A	2015_Jus_1004	TITLE	Chondrostoma sp. caudal fin bacterial microbiota, Jus 2015, individual 1004	Chondrostoma nasus x Parachondrostoma toxostoma caudal fin bacterial microbiota, Jus 2015, individual 1004	classification a 25 chromosomes (sept. 2026) : Hy ; depot du 2026-08-31 = Pt (12 chr) pour le nom scientifique, titre et nom commun restes a l'identification morphologique
DURANCE16S_15Jus1004Ch01A	ERS31168195	15Jus1004Ch01A	2015_Jus_1004	host scientific name	Parachondrostoma toxostoma	Chondrostoma nasus x Parachondrostoma toxostoma	classification a 25 chromosomes (sept. 2026) : Hy ; depot du 2026-08-31 = Pt (12 chr) pour le nom scientifique, titre et nom commun restes a l'identification morphologique
DURANCE16S_15Jus1004Ch01A	ERS31168195	15Jus1004Ch01A	2015_Jus_1004	host common name	Chondrostoma sp.	nasus x toxostoma	classification a 25 chromosomes (sept. 2026) : Hy ; depot du 2026-08-31 = Pt (12 chr) pour le nom scientifique, titre et nom commun restes a l'identification morphologique
DURANCE16S_15Jus1012Ch01A	ERS31168196	15Jus1012Ch01A	2015_Jus_1012	TITLE	Chondrostoma sp. caudal fin bacterial microbiota, Jus 2015, individual 1012	Chondrostoma nasus caudal fin bacterial microbiota, Jus 2015, individual 1012	classification a 25 chromosomes (sept. 2026) : Cn ; depot du 2026-08-31 = Cn (12 chr) pour le nom scientifique, titre et nom commun restes a l'identification morphologique
DURANCE16S_15Jus1012Ch01A	ERS31168196	15Jus1012Ch01A	2015_Jus_1012	host common name	Chondrostoma sp.	nase	classification a 25 chromosomes (sept. 2026) : Cn ; depot du 2026-08-31 = Cn (12 chr) pour le nom scientifique, titre et nom commun restes a l'identification morphologique
DURANCE16S_15Caa1001Ch01A	ERS31168197	15Caa1001Ch01A	2015_Caa_1001	TITLE	Chondrostoma sp. caudal fin bacterial microbiota, Caa 2015, individual 1001	Chondrostoma nasus caudal fin bacterial microbiota, Caa 2015, individual 1001	classification a 25 chromosomes (sept. 2026) : Cn ; depot du 2026-08-31 = Cn (12 chr) pour le nom scientifique, titre et nom commun restes a l'identification morphologique
DURANCE16S_15Caa1001Ch01A	ERS31168197	15Caa1001Ch01A	2015_Caa_1001	host common name	Chondrostoma sp.	nase	classification a 25 chromosomes (sept. 2026) : Cn ; depot du 2026-08-31 = Cn (12 chr) pour le nom scientifique, titre et nom commun restes a l'identification morphologique
DURANCE16S_15Caa1009Ch01A	ERS31168198	15Caa1009Ch01A	2015_Caa_1009	TITLE	Chondrostoma sp. caudal fin bacterial microbiota, Caa 2015, individual 1009	Chondrostoma nasus caudal fin bacterial microbiota, Caa 2015, individual 1009	classification a 25 chromosomes (sept. 2026) : Cn ; depot du 2026-08-31 = Cn (12 chr) pour le nom scientifique, titre et nom commun restes a l'identification morphologique
DURANCE16S_15Caa1009Ch01A	ERS31168198	15Caa1009Ch01A	2015_Caa_1009	host common name	Chondrostoma sp.	nase	classification a 25 chromosomes (sept. 2026) : Cn ; depot du 2026-08-31 = Cn (12 chr) pour le nom scientifique, titre et nom commun restes a l'identification morphologique
DURANCE16S_15Caa1017Ch01A	ERS31168199	15Caa1017Ch01A	2015_Caa_1017	TITLE	Chondrostoma sp. caudal fin bacterial microbiota, Caa 2015, individual 1017	Chondrostoma nasus x Parachondrostoma toxostoma caudal fin bacterial microbiota, Caa 2015, individual 1017	classification a 25 chromosomes (sept. 2026) : Hy ; depot du 2026-08-31 = Hy (12 chr) pour le nom scientifique, titre et nom commun restes a l'identification morphologique
DURANCE16S_15Caa1017Ch01A	ERS31168199	15Caa1017Ch01A	2015_Caa_1017	host common name	Chondrostoma sp.	nasus x toxostoma	classification a 25 chromosomes (sept. 2026) : Hy ; depot du 2026-08-31 = Hy (12 chr) pour le nom scientifique, titre et nom commun restes a l'identification morphologique
DURANCE16S_15Avi1013Pt01A	ERS31168201	15Avi1013Pt01A	2015_Avi_1013	TITLE	Parachondrostoma toxostoma caudal fin bacterial microbiota, Avi 2015, individual 1013	Chondrostoma nasus x Parachondrostoma toxostoma caudal fin bacterial microbiota, Avi 2015, individual 1013	classification a 25 chromosomes (sept. 2026) : Hy ; depot du 2026-08-31 = Hy (12 chr) pour le nom scientifique, titre et nom commun restes a l'identification morphologique
DURANCE16S_15Avi1013Pt01A	ERS31168201	15Avi1013Pt01A	2015_Avi_1013	host common name	toxostome	nasus x toxostoma	classification a 25 chromosomes (sept. 2026) : Hy ; depot du 2026-08-31 = Hy (12 chr) pour le nom scientifique, titre et nom commun restes a l'identification morphologique
DURANCE16S_15Bue1008Ch01A	ERS31168202	15Bue1008Ch01A	2015_Bue_1008	TITLE	Chondrostoma sp. caudal fin bacterial microbiota, Bue 2015, individual 1008	Parachondrostoma toxostoma caudal fin bacterial microbiota, Bue 2015, individual 1008	classification a 25 chromosomes (sept. 2026) : Pt ; depot du 2026-08-31 = Pt (12 chr) pour le nom scientifique, titre et nom commun restes a l'identification morphologique
DURANCE16S_15Bue1008Ch01A	ERS31168202	15Bue1008Ch01A	2015_Bue_1008	host common name	Chondrostoma sp.	toxostome	classification a 25 chromosomes (sept. 2026) : Pt ; depot du 2026-08-31 = Pt (12 chr) pour le nom scientifique, titre et nom commun restes a l'identification morphologique
DURANCE16S_15Bue1016Ch01A	ERS31168203	15Bue1016Ch01A	2015_Bue_1016	TITLE	Chondrostoma sp. caudal fin bacterial microbiota, Bue 2015, individual 1016	Chondrostoma nasus x Parachondrostoma toxostoma caudal fin bacterial microbiota, Bue 2015, individual 1016	classification a 25 chromosomes (sept. 2026) : Hy ; depot du 2026-08-31 = Hy (12 chr) pour le nom scientifique, titre et nom commun restes a l'identification morphologique
DURANCE16S_15Bue1016Ch01A	ERS31168203	15Bue1016Ch01A	2015_Bue_1016	host common name	Chondrostoma sp.	nasus x toxostoma	classification a 25 chromosomes (sept. 2026) : Hy ; depot du 2026-08-31 = Hy (12 chr) pour le nom scientifique, titre et nom commun restes a l'identification morphologique
DURANCE16S_15Bau1006Ch01A	ERS31168204	15Bau1006Ch01A	2015_Bau_1006	TITLE	Chondrostoma sp. caudal fin bacterial microbiota, Bau 2015, individual 1006	Chondrostoma nasus x Parachondrostoma toxostoma caudal fin bacterial microbiota, Bau 2015, individual 1006	classification a 25 chromosomes (sept. 2026) : Hy ; depot du 2026-08-31 = Hy (12 chr) pour le nom scientifique, titre et nom commun restes a l'identification morphologique
DURANCE16S_15Bau1006Ch01A	ERS31168204	15Bau1006Ch01A	2015_Bau_1006	host common name	Chondrostoma sp.	nasus x toxostoma	classification a 25 chromosomes (sept. 2026) : Hy ; depot du 2026-08-31 = Hy (12 chr) pour le nom scientifique, titre et nom commun restes a l'identification morphologique
DURANCE16S_15Bau1014Ch01A	ERS31168205	15Bau1014Ch01A	2015_Bau_1014	TITLE	Chondrostoma sp. caudal fin bacterial microbiota, Bau 2015, individual 1014	Parachondrostoma toxostoma caudal fin bacterial microbiota, Bau 2015, individual 1014	classification a 25 chromosomes (sept. 2026) : Pt ; depot du 2026-08-31 = Pt (12 chr) pour le nom scientifique, titre et nom commun restes a l'identification morphologique
DURANCE16S_15Bau1014Ch01A	ERS31168205	15Bau1014Ch01A	2015_Bau_1014	host common name	Chondrostoma sp.	toxostome	classification a 25 chromosomes (sept. 2026) : Pt ; depot du 2026-08-31 = Pt (12 chr) pour le nom scientifique, titre et nom commun restes a l'identification morphologique
DURANCE16S_15Bau1022Ch01A	ERS31168206	15Bau1022Ch01A	2015_Bau_1022	TITLE	Chondrostoma sp. caudal fin bacterial microbiota, Bau 2015, individual 1022	Parachondrostoma toxostoma caudal fin bacterial microbiota, Bau 2015, individual 1022	classification a 25 chromosomes (sept. 2026) : Pt ; depot du 2026-08-31 = Pt (12 chr) pour le nom scientifique, titre et nom commun restes a l'identification morphologique
DURANCE16S_15Bau1022Ch01A	ERS31168206	15Bau1022Ch01A	2015_Bau_1022	host common name	Chondrostoma sp.	toxostome	classification a 25 chromosomes (sept. 2026) : Pt ; depot du 2026-08-31 = Pt (12 chr) pour le nom scientifique, titre et nom commun restes a l'identification morphologique
DURANCE16S_15Jus1005Ch01A	ERS31168207	15Jus1005Ch01A	2015_Jus_1005	TITLE	Chondrostoma sp. caudal fin bacterial microbiota, Jus 2015, individual 1005	Chondrostoma nasus x Parachondrostoma toxostoma caudal fin bacterial microbiota, Jus 2015, individual 1005	classification a 25 chromosomes (sept. 2026) : Hy ; depot du 2026-08-31 = Pt (12 chr) pour le nom scientifique, titre et nom commun restes a l'identification morphologique
DURANCE16S_15Jus1005Ch01A	ERS31168207	15Jus1005Ch01A	2015_Jus_1005	host scientific name	Parachondrostoma toxostoma	Chondrostoma nasus x Parachondrostoma toxostoma	classification a 25 chromosomes (sept. 2026) : Hy ; depot du 2026-08-31 = Pt (12 chr) pour le nom scientifique, titre et nom commun restes a l'identification morphologique
DURANCE16S_15Jus1005Ch01A	ERS31168207	15Jus1005Ch01A	2015_Jus_1005	host common name	Chondrostoma sp.	nasus x toxostoma	classification a 25 chromosomes (sept. 2026) : Hy ; depot du 2026-08-31 = Pt (12 chr) pour le nom scientifique, titre et nom commun restes a l'identification morphologique
DURANCE16S_15Jus1013Ch01A	ERS31168208	15Jus1013Ch01A	2015_Jus_1013	TITLE	Chondrostoma sp. caudal fin bacterial microbiota, Jus 2015, individual 1013	Chondrostoma nasus caudal fin bacterial microbiota, Jus 2015, individual 1013	classification a 25 chromosomes (sept. 2026) : Cn ; depot du 2026-08-31 = Cn (12 chr) pour le nom scientifique, titre et nom commun restes a l'identification morphologique
DURANCE16S_15Jus1013Ch01A	ERS31168208	15Jus1013Ch01A	2015_Jus_1013	host common name	Chondrostoma sp.	nase	classification a 25 chromosomes (sept. 2026) : Cn ; depot du 2026-08-31 = Cn (12 chr) pour le nom scientifique, titre et nom commun restes a l'identification morphologique
DURANCE16S_15Caa1002Ch01A	ERS31168209	15Caa1002Ch01A	2015_Caa_1002	TITLE	Chondrostoma sp. caudal fin bacterial microbiota, Caa 2015, individual 1002	Chondrostoma nasus caudal fin bacterial microbiota, Caa 2015, individual 1002	classification a 25 chromosomes (sept. 2026) : Cn ; depot du 2026-08-31 = Cn (12 chr) pour le nom scientifique, titre et nom commun restes a l'identification morphologique
DURANCE16S_15Caa1002Ch01A	ERS31168209	15Caa1002Ch01A	2015_Caa_1002	host common name	Chondrostoma sp.	nase	classification a 25 chromosomes (sept. 2026) : Cn ; depot du 2026-08-31 = Cn (12 chr) pour le nom scientifique, titre et nom commun restes a l'identification morphologique
DURANCE16S_15Caa1010Ch01A	ERS31168210	15Caa1010Ch01A	2015_Caa_1010	TITLE	Chondrostoma sp. caudal fin bacterial microbiota, Caa 2015, individual 1010	Chondrostoma nasus caudal fin bacterial microbiota, Caa 2015, individual 1010	classification a 25 chromosomes (sept. 2026) : Cn ; depot du 2026-08-31 = Cn (12 chr) pour le nom scientifique, titre et nom commun restes a l'identification morphologique
DURANCE16S_15Caa1010Ch01A	ERS31168210	15Caa1010Ch01A	2015_Caa_1010	host common name	Chondrostoma sp.	nase	classification a 25 chromosomes (sept. 2026) : Cn ; depot du 2026-08-31 = Cn (12 chr) pour le nom scientifique, titre et nom commun restes a l'identification morphologique
DURANCE16S_15Caa1018Ch01A	ERS31168211	15Caa1018Ch01A	2015_Caa_1018	TITLE	Chondrostoma sp. caudal fin bacterial microbiota, Caa 2015, individual 1018	Parachondrostoma toxostoma caudal fin bacterial microbiota, Caa 2015, individual 1018	classification a 25 chromosomes (sept. 2026) : Pt ; depot du 2026-08-31 = Pt (12 chr) pour le nom scientifique, titre et nom commun restes a l'identification morphologique
DURANCE16S_15Caa1018Ch01A	ERS31168211	15Caa1018Ch01A	2015_Caa_1018	host common name	Chondrostoma sp.	toxostome	classification a 25 chromosomes (sept. 2026) : Pt ; depot du 2026-08-31 = Pt (12 chr) pour le nom scientifique, titre et nom commun restes a l'identification morphologique
DURANCE16S_15Bue1001Ch01A	ERS31168213	15Bue1001Ch01A	2015_Bue_1001	TITLE	Chondrostoma sp. caudal fin bacterial microbiota, Bue 2015, individual 1001	Chondrostoma nasus caudal fin bacterial microbiota, Bue 2015, individual 1001	classification a 25 chromosomes (sept. 2026) : Cn ; depot du 2026-08-31 = Cn (12 chr) pour le nom scientifique, titre et nom commun restes a l'identification morphologique
DURANCE16S_15Bue1001Ch01A	ERS31168213	15Bue1001Ch01A	2015_Bue_1001	host common name	Chondrostoma sp.	nase	classification a 25 chromosomes (sept. 2026) : Cn ; depot du 2026-08-31 = Cn (12 chr) pour le nom scientifique, titre et nom commun restes a l'identification morphologique
DURANCE16S_15Bue1009Ch01A	ERS31168214	15Bue1009Ch01A	2015_Bue_1009	TITLE	Chondrostoma sp. caudal fin bacterial microbiota, Bue 2015, individual 1009	Chondrostoma nasus x Parachondrostoma toxostoma caudal fin bacterial microbiota, Bue 2015, individual 1009	classification a 25 chromosomes (sept. 2026) : Hy ; depot du 2026-08-31 = Hy (12 chr) pour le nom scientifique, titre et nom commun restes a l'identification morphologique
DURANCE16S_15Bue1009Ch01A	ERS31168214	15Bue1009Ch01A	2015_Bue_1009	host common name	Chondrostoma sp.	nasus x toxostoma	classification a 25 chromosomes (sept. 2026) : Hy ; depot du 2026-08-31 = Hy (12 chr) pour le nom scientifique, titre et nom commun restes a l'identification morphologique
DURANCE16S_15Bue1017Ch01A	ERS31168215	15Bue1017Ch01A	2015_Bue_1017	TITLE	Chondrostoma sp. caudal fin bacterial microbiota, Bue 2015, individual 1017	Chondrostoma nasus caudal fin bacterial microbiota, Bue 2015, individual 1017	classification a 25 chromosomes (sept. 2026) : Cn ; depot du 2026-08-31 = Cn (12 chr) pour le nom scientifique, titre et nom commun restes a l'identification morphologique
DURANCE16S_15Bue1017Ch01A	ERS31168215	15Bue1017Ch01A	2015_Bue_1017	host common name	Chondrostoma sp.	nase	classification a 25 chromosomes (sept. 2026) : Cn ; depot du 2026-08-31 = Cn (12 chr) pour le nom scientifique, titre et nom commun restes a l'identification morphologique
DURANCE16S_15Bau1007Ch01A	ERS31168216	15Bau1007Ch01A	2015_Bau_1007	TITLE	Chondrostoma sp. caudal fin bacterial microbiota, Bau 2015, individual 1007	Parachondrostoma toxostoma caudal fin bacterial microbiota, Bau 2015, individual 1007	classification a 25 chromosomes (sept. 2026) : Pt ; depot du 2026-08-31 = Pt (12 chr) pour le nom scientifique, titre et nom commun restes a l'identification morphologique
DURANCE16S_15Bau1007Ch01A	ERS31168216	15Bau1007Ch01A	2015_Bau_1007	host common name	Chondrostoma sp.	toxostome	classification a 25 chromosomes (sept. 2026) : Pt ; depot du 2026-08-31 = Pt (12 chr) pour le nom scientifique, titre et nom commun restes a l'identification morphologique
DURANCE16S_15Bau1015Ch01A	ERS31168217	15Bau1015Ch01A	2015_Bau_1015	TITLE	Chondrostoma sp. caudal fin bacterial microbiota, Bau 2015, individual 1015	Parachondrostoma toxostoma caudal fin bacterial microbiota, Bau 2015, individual 1015	classification a 25 chromosomes (sept. 2026) : Pt ; depot du 2026-08-31 = Pt (12 chr) pour le nom scientifique, titre et nom commun restes a l'identification morphologique
DURANCE16S_15Bau1015Ch01A	ERS31168217	15Bau1015Ch01A	2015_Bau_1015	host common name	Chondrostoma sp.	toxostome	classification a 25 chromosomes (sept. 2026) : Pt ; depot du 2026-08-31 = Pt (12 chr) pour le nom scientifique, titre et nom commun restes a l'identification morphologique
DURANCE16S_15Bau1023Ch01A	ERS31168218	15Bau1023Ch01A	2015_Bau_1023	TITLE	Chondrostoma sp. caudal fin bacterial microbiota, Bau 2015, individual 1023	Parachondrostoma toxostoma caudal fin bacterial microbiota, Bau 2015, individual 1023	classification a 25 chromosomes (sept. 2026) : Pt ; depot du 2026-08-31 = Pt (12 chr) pour le nom scientifique, titre et nom commun restes a l'identification morphologique
DURANCE16S_15Bau1023Ch01A	ERS31168218	15Bau1023Ch01A	2015_Bau_1023	host common name	Chondrostoma sp.	toxostome	classification a 25 chromosomes (sept. 2026) : Pt ; depot du 2026-08-31 = Pt (12 chr) pour le nom scientifique, titre et nom commun restes a l'identification morphologique
DURANCE16S_15Jus1006Ch01A	ERS31168219	15Jus1006Ch01A	2015_Jus_1006	TITLE	Chondrostoma sp. caudal fin bacterial microbiota, Jus 2015, individual 1006	Parachondrostoma toxostoma caudal fin bacterial microbiota, Jus 2015, individual 1006	classification a 25 chromosomes (sept. 2026) : Pt ; depot du 2026-08-31 = Pt (12 chr) pour le nom scientifique, titre et nom commun restes a l'identification morphologique
DURANCE16S_15Jus1006Ch01A	ERS31168219	15Jus1006Ch01A	2015_Jus_1006	host common name	Chondrostoma sp.	toxostome	classification a 25 chromosomes (sept. 2026) : Pt ; depot du 2026-08-31 = Pt (12 chr) pour le nom scientifique, titre et nom commun restes a l'identification morphologique
DURANCE16S_15Jus1014Ch01A	ERS31168220	15Jus1014Ch01A	2015_Jus_1014	TITLE	Chondrostoma sp. caudal fin bacterial microbiota, Jus 2015, individual 1014	Chondrostoma nasus caudal fin bacterial microbiota, Jus 2015, individual 1014	classification a 25 chromosomes (sept. 2026) : Cn ; depot du 2026-08-31 = Cn (12 chr) pour le nom scientifique, titre et nom commun restes a l'identification morphologique
DURANCE16S_15Jus1014Ch01A	ERS31168220	15Jus1014Ch01A	2015_Jus_1014	host common name	Chondrostoma sp.	nase	classification a 25 chromosomes (sept. 2026) : Cn ; depot du 2026-08-31 = Cn (12 chr) pour le nom scientifique, titre et nom commun restes a l'identification morphologique
DURANCE16S_15Caa1003Ch01A	ERS31168221	15Caa1003Ch01A	2015_Caa_1003	TITLE	Chondrostoma sp. caudal fin bacterial microbiota, Caa 2015, individual 1003	Chondrostoma nasus caudal fin bacterial microbiota, Caa 2015, individual 1003	classification a 25 chromosomes (sept. 2026) : Cn ; depot du 2026-08-31 = Cn (12 chr) pour le nom scientifique, titre et nom commun restes a l'identification morphologique
DURANCE16S_15Caa1003Ch01A	ERS31168221	15Caa1003Ch01A	2015_Caa_1003	host common name	Chondrostoma sp.	nase	classification a 25 chromosomes (sept. 2026) : Cn ; depot du 2026-08-31 = Cn (12 chr) pour le nom scientifique, titre et nom commun restes a l'identification morphologique
DURANCE16S_15Caa1011Ch01A	ERS31168222	15Caa1011Ch01A	2015_Caa_1011	TITLE	Chondrostoma sp. caudal fin bacterial microbiota, Caa 2015, individual 1011	Parachondrostoma toxostoma caudal fin bacterial microbiota, Caa 2015, individual 1011	classification a 25 chromosomes (sept. 2026) : Pt ; depot du 2026-08-31 = Pt (12 chr) pour le nom scientifique, titre et nom commun restes a l'identification morphologique
DURANCE16S_15Caa1011Ch01A	ERS31168222	15Caa1011Ch01A	2015_Caa_1011	host common name	Chondrostoma sp.	toxostome	classification a 25 chromosomes (sept. 2026) : Pt ; depot du 2026-08-31 = Pt (12 chr) pour le nom scientifique, titre et nom commun restes a l'identification morphologique
DURANCE16S_15Caa1019Ch01A	ERS31168223	15Caa1019Ch01A	2015_Caa_1019	TITLE	Chondrostoma sp. caudal fin bacterial microbiota, Caa 2015, individual 1019	Chondrostoma nasus x Parachondrostoma toxostoma caudal fin bacterial microbiota, Caa 2015, individual 1019	classification a 25 chromosomes (sept. 2026) : Hy ; depot du 2026-08-31 = Pt (12 chr) pour le nom scientifique, titre et nom commun restes a l'identification morphologique
DURANCE16S_15Caa1019Ch01A	ERS31168223	15Caa1019Ch01A	2015_Caa_1019	host scientific name	Parachondrostoma toxostoma	Chondrostoma nasus x Parachondrostoma toxostoma	classification a 25 chromosomes (sept. 2026) : Hy ; depot du 2026-08-31 = Pt (12 chr) pour le nom scientifique, titre et nom commun restes a l'identification morphologique
DURANCE16S_15Caa1019Ch01A	ERS31168223	15Caa1019Ch01A	2015_Caa_1019	host common name	Chondrostoma sp.	nasus x toxostoma	classification a 25 chromosomes (sept. 2026) : Hy ; depot du 2026-08-31 = Pt (12 chr) pour le nom scientifique, titre et nom commun restes a l'identification morphologique
DURANCE16S_15Bue1002Ch01A	ERS31168225	15Bue1002Ch01A	2015_Bue_1002	TITLE	Chondrostoma sp. caudal fin bacterial microbiota, Bue 2015, individual 1002	Chondrostoma nasus caudal fin bacterial microbiota, Bue 2015, individual 1002	classification a 25 chromosomes (sept. 2026) : Cn ; depot du 2026-08-31 = Cn (12 chr) pour le nom scientifique, titre et nom commun restes a l'identification morphologique
DURANCE16S_15Bue1002Ch01A	ERS31168225	15Bue1002Ch01A	2015_Bue_1002	host common name	Chondrostoma sp.	nase	classification a 25 chromosomes (sept. 2026) : Cn ; depot du 2026-08-31 = Cn (12 chr) pour le nom scientifique, titre et nom commun restes a l'identification morphologique
DURANCE16S_15Bue1010Ch01A	ERS31168226	15Bue1010Ch01A	2015_Bue_1010	TITLE	Chondrostoma sp. caudal fin bacterial microbiota, Bue 2015, individual 1010	Chondrostoma nasus x Parachondrostoma toxostoma caudal fin bacterial microbiota, Bue 2015, individual 1010	classification a 25 chromosomes (sept. 2026) : Hy ; depot du 2026-08-31 = Hy (12 chr) pour le nom scientifique, titre et nom commun restes a l'identification morphologique
DURANCE16S_15Bue1010Ch01A	ERS31168226	15Bue1010Ch01A	2015_Bue_1010	host common name	Chondrostoma sp.	nasus x toxostoma	classification a 25 chromosomes (sept. 2026) : Hy ; depot du 2026-08-31 = Hy (12 chr) pour le nom scientifique, titre et nom commun restes a l'identification morphologique
DURANCE16S_15Bue1018Ch01A	ERS31168227	15Bue1018Ch01A	2015_Bue_1018	TITLE	Chondrostoma sp. caudal fin bacterial microbiota, Bue 2015, individual 1018	Chondrostoma nasus x Parachondrostoma toxostoma caudal fin bacterial microbiota, Bue 2015, individual 1018	classification a 25 chromosomes (sept. 2026) : Hy ; depot du 2026-08-31 = Hy (12 chr) pour le nom scientifique, titre et nom commun restes a l'identification morphologique
DURANCE16S_15Bue1018Ch01A	ERS31168227	15Bue1018Ch01A	2015_Bue_1018	host common name	Chondrostoma sp.	nasus x toxostoma	classification a 25 chromosomes (sept. 2026) : Hy ; depot du 2026-08-31 = Hy (12 chr) pour le nom scientifique, titre et nom commun restes a l'identification morphologique
DURANCE16S_15Bau1008Ch01A	ERS31168228	15Bau1008Ch01A	2015_Bau_1008	TITLE	Chondrostoma sp. caudal fin bacterial microbiota, Bau 2015, individual 1008	Parachondrostoma toxostoma caudal fin bacterial microbiota, Bau 2015, individual 1008	classification a 25 chromosomes (sept. 2026) : Pt ; depot du 2026-08-31 = Pt (12 chr) pour le nom scientifique, titre et nom commun restes a l'identification morphologique
DURANCE16S_15Bau1008Ch01A	ERS31168228	15Bau1008Ch01A	2015_Bau_1008	host common name	Chondrostoma sp.	toxostome	classification a 25 chromosomes (sept. 2026) : Pt ; depot du 2026-08-31 = Pt (12 chr) pour le nom scientifique, titre et nom commun restes a l'identification morphologique
DURANCE16S_15Bau1016Ch01A	ERS31168229	15Bau1016Ch01A	2015_Bau_1016	TITLE	Chondrostoma sp. caudal fin bacterial microbiota, Bau 2015, individual 1016	Chondrostoma nasus x Parachondrostoma toxostoma caudal fin bacterial microbiota, Bau 2015, individual 1016	classification a 25 chromosomes (sept. 2026) : Hy ; depot du 2026-08-31 = Hy (12 chr) pour le nom scientifique, titre et nom commun restes a l'identification morphologique
DURANCE16S_15Bau1016Ch01A	ERS31168229	15Bau1016Ch01A	2015_Bau_1016	host common name	Chondrostoma sp.	nasus x toxostoma	classification a 25 chromosomes (sept. 2026) : Hy ; depot du 2026-08-31 = Hy (12 chr) pour le nom scientifique, titre et nom commun restes a l'identification morphologique
DURANCE16S_15Bau1024Ch01A	ERS31168230	15Bau1024Ch01A	2015_Bau_1024	TITLE	Chondrostoma sp. caudal fin bacterial microbiota, Bau 2015, individual 1024	Parachondrostoma toxostoma caudal fin bacterial microbiota, Bau 2015, individual 1024	classification a 25 chromosomes (sept. 2026) : Pt ; depot du 2026-08-31 = Pt (12 chr) pour le nom scientifique, titre et nom commun restes a l'identification morphologique
DURANCE16S_15Bau1024Ch01A	ERS31168230	15Bau1024Ch01A	2015_Bau_1024	host common name	Chondrostoma sp.	toxostome	classification a 25 chromosomes (sept. 2026) : Pt ; depot du 2026-08-31 = Pt (12 chr) pour le nom scientifique, titre et nom commun restes a l'identification morphologique
DURANCE16S_15Jus1007Ch01A	ERS31168231	15Jus1007Ch01A	2015_Jus_1007	TITLE	Chondrostoma sp. caudal fin bacterial microbiota, Jus 2015, individual 1007	Parachondrostoma toxostoma caudal fin bacterial microbiota, Jus 2015, individual 1007	classification a 25 chromosomes (sept. 2026) : Pt ; depot du 2026-08-31 = Pt (12 chr) pour le nom scientifique, titre et nom commun restes a l'identification morphologique
DURANCE16S_15Jus1007Ch01A	ERS31168231	15Jus1007Ch01A	2015_Jus_1007	host common name	Chondrostoma sp.	toxostome	classification a 25 chromosomes (sept. 2026) : Pt ; depot du 2026-08-31 = Pt (12 chr) pour le nom scientifique, titre et nom commun restes a l'identification morphologique
DURANCE16S_15Jus1015Ch01A	ERS31168232	15Jus1015Ch01A	2015_Jus_1015	TITLE	Chondrostoma sp. caudal fin bacterial microbiota, Jus 2015, individual 1015	Chondrostoma nasus caudal fin bacterial microbiota, Jus 2015, individual 1015	classification a 25 chromosomes (sept. 2026) : Cn ; depot du 2026-08-31 = Cn (12 chr) pour le nom scientifique, titre et nom commun restes a l'identification morphologique
DURANCE16S_15Jus1015Ch01A	ERS31168232	15Jus1015Ch01A	2015_Jus_1015	host common name	Chondrostoma sp.	nase	classification a 25 chromosomes (sept. 2026) : Cn ; depot du 2026-08-31 = Cn (12 chr) pour le nom scientifique, titre et nom commun restes a l'identification morphologique
DURANCE16S_15Caa1004Ch01A	ERS31168233	15Caa1004Ch01A	2015_Caa_1004	TITLE	Chondrostoma sp. caudal fin bacterial microbiota, Caa 2015, individual 1004	Chondrostoma nasus caudal fin bacterial microbiota, Caa 2015, individual 1004	classification a 25 chromosomes (sept. 2026) : Cn ; depot du 2026-08-31 = Cn (12 chr) pour le nom scientifique, titre et nom commun restes a l'identification morphologique
DURANCE16S_15Caa1004Ch01A	ERS31168233	15Caa1004Ch01A	2015_Caa_1004	host common name	Chondrostoma sp.	nase	classification a 25 chromosomes (sept. 2026) : Cn ; depot du 2026-08-31 = Cn (12 chr) pour le nom scientifique, titre et nom commun restes a l'identification morphologique
DURANCE16S_15Caa1012Ch01A	ERS31168234	15Caa1012Ch01A	2015_Caa_1012	TITLE	Chondrostoma sp. caudal fin bacterial microbiota, Caa 2015, individual 1012	Parachondrostoma toxostoma caudal fin bacterial microbiota, Caa 2015, individual 1012	classification a 25 chromosomes (sept. 2026) : Pt ; depot du 2026-08-31 = Pt (12 chr) pour le nom scientifique, titre et nom commun restes a l'identification morphologique
DURANCE16S_15Caa1012Ch01A	ERS31168234	15Caa1012Ch01A	2015_Caa_1012	host common name	Chondrostoma sp.	toxostome	classification a 25 chromosomes (sept. 2026) : Pt ; depot du 2026-08-31 = Pt (12 chr) pour le nom scientifique, titre et nom commun restes a l'identification morphologique
DURANCE16S_15Caa1020Ch01A	ERS31168235	15Caa1020Ch01A	2015_Caa_1020	TITLE	Chondrostoma sp. caudal fin bacterial microbiota, Caa 2015, individual 1020	Parachondrostoma toxostoma caudal fin bacterial microbiota, Caa 2015, individual 1020	classification a 25 chromosomes (sept. 2026) : Pt ; depot du 2026-08-31 = Pt (12 chr) pour le nom scientifique, titre et nom commun restes a l'identification morphologique
DURANCE16S_15Caa1020Ch01A	ERS31168235	15Caa1020Ch01A	2015_Caa_1020	host common name	Chondrostoma sp.	toxostome	classification a 25 chromosomes (sept. 2026) : Pt ; depot du 2026-08-31 = Pt (12 chr) pour le nom scientifique, titre et nom commun restes a l'identification morphologique
DURANCE16S_15Bue1003Ch01A	ERS31168237	15Bue1003Ch01A	2015_Bue_1003	TITLE	Chondrostoma sp. caudal fin bacterial microbiota, Bue 2015, individual 1003	Chondrostoma nasus caudal fin bacterial microbiota, Bue 2015, individual 1003	classification a 25 chromosomes (sept. 2026) : Cn ; depot du 2026-08-31 = Cn (12 chr) pour le nom scientifique, titre et nom commun restes a l'identification morphologique
DURANCE16S_15Bue1003Ch01A	ERS31168237	15Bue1003Ch01A	2015_Bue_1003	host common name	Chondrostoma sp.	nase	classification a 25 chromosomes (sept. 2026) : Cn ; depot du 2026-08-31 = Cn (12 chr) pour le nom scientifique, titre et nom commun restes a l'identification morphologique
DURANCE16S_15Bue1011Ch01A	ERS31168238	15Bue1011Ch01A	2015_Bue_1011	TITLE	Chondrostoma sp. caudal fin bacterial microbiota, Bue 2015, individual 1011	Chondrostoma nasus x Parachondrostoma toxostoma caudal fin bacterial microbiota, Bue 2015, individual 1011	classification a 25 chromosomes (sept. 2026) : Hy ; depot du 2026-08-31 = Hy (12 chr) pour le nom scientifique, titre et nom commun restes a l'identification morphologique
DURANCE16S_15Bue1011Ch01A	ERS31168238	15Bue1011Ch01A	2015_Bue_1011	host common name	Chondrostoma sp.	nasus x toxostoma	classification a 25 chromosomes (sept. 2026) : Hy ; depot du 2026-08-31 = Hy (12 chr) pour le nom scientifique, titre et nom commun restes a l'identification morphologique
DURANCE16S_15Cab1003Ch05A	ERS31168242	15Cab1003Ch05A	2015_Cab_1003	TITLE	Chondrostoma sp. gill bacterial microbiota, Cab 2015, individual 1003	Chondrostoma nasus gill bacterial microbiota, Cab 2015, individual 1003	classification a 25 chromosomes (sept. 2026) : Cn ; depot du 2026-08-31 = Cn (12 chr) pour le nom scientifique, titre et nom commun restes a l'identification morphologique
DURANCE16S_15Cab1003Ch05A	ERS31168242	15Cab1003Ch05A	2015_Cab_1003	host common name	Chondrostoma sp.	nase	classification a 25 chromosomes (sept. 2026) : Cn ; depot du 2026-08-31 = Cn (12 chr) pour le nom scientifique, titre et nom commun restes a l'identification morphologique
DURANCE16S_15Cab1011Ch05A	ERS31168243	15Cab1011Ch05A	2015_Cab_1011	TITLE	Chondrostoma sp. gill bacterial microbiota, Cab 2015, individual 1011	Parachondrostoma toxostoma gill bacterial microbiota, Cab 2015, individual 1011	classification a 25 chromosomes (sept. 2026) : Pt ; depot du 2026-08-31 = Pt (12 chr) pour le nom scientifique, titre et nom commun restes a l'identification morphologique
DURANCE16S_15Cab1011Ch05A	ERS31168243	15Cab1011Ch05A	2015_Cab_1011	host common name	Chondrostoma sp.	toxostome	classification a 25 chromosomes (sept. 2026) : Pt ; depot du 2026-08-31 = Pt (12 chr) pour le nom scientifique, titre et nom commun restes a l'identification morphologique
DURANCE16S_15Cab1019Ch05A	ERS31168244	15Cab1019Ch05A	2015_Cab_1019	TITLE	Chondrostoma sp. gill bacterial microbiota, Cab 2015, individual 1019	Parachondrostoma toxostoma gill bacterial microbiota, Cab 2015, individual 1019	classification a 25 chromosomes (sept. 2026) : Pt ; depot du 2026-08-31 = Pt (12 chr) pour le nom scientifique, titre et nom commun restes a l'identification morphologique
DURANCE16S_15Cab1019Ch05A	ERS31168244	15Cab1019Ch05A	2015_Cab_1019	host common name	Chondrostoma sp.	toxostome	classification a 25 chromosomes (sept. 2026) : Pt ; depot du 2026-08-31 = Pt (12 chr) pour le nom scientifique, titre et nom commun restes a l'identification morphologique
DURANCE16S_14Bue1014Ch05A	ERS31168247	14Bue1014Ch05A	2014_Bue_1014	TITLE	Chondrostoma sp. gill bacterial microbiota, Bue 2014, individual 1014	Parachondrostoma toxostoma gill bacterial microbiota, Bue 2014, individual 1014	classification a 25 chromosomes (sept. 2026) : Pt ; depot du 2026-08-31 = Pt (12 chr) pour le nom scientifique, titre et nom commun restes a l'identification morphologique
DURANCE16S_14Bue1014Ch05A	ERS31168247	14Bue1014Ch05A	2014_Bue_1014	host common name	Chondrostoma sp.	toxostome	classification a 25 chromosomes (sept. 2026) : Pt ; depot du 2026-08-31 = Pt (12 chr) pour le nom scientifique, titre et nom commun restes a l'identification morphologique
DURANCE16S_14Man1011Ch05A	ERS31168248	14Man1011Ch05A	2014_Man_1011	TITLE	Chondrostoma sp. gill bacterial microbiota, Man 2014, individual 1011	Chondrostoma nasus x Parachondrostoma toxostoma gill bacterial microbiota, Man 2014, individual 1011	classification a 25 chromosomes (sept. 2026) : Hy ; depot du 2026-08-31 = Pt (12 chr) pour le nom scientifique, titre et nom commun restes a l'identification morphologique
DURANCE16S_14Man1011Ch05A	ERS31168248	14Man1011Ch05A	2014_Man_1011	host scientific name	Parachondrostoma toxostoma	Chondrostoma nasus x Parachondrostoma toxostoma	classification a 25 chromosomes (sept. 2026) : Hy ; depot du 2026-08-31 = Pt (12 chr) pour le nom scientifique, titre et nom commun restes a l'identification morphologique
DURANCE16S_14Man1011Ch05A	ERS31168248	14Man1011Ch05A	2014_Man_1011	host common name	Chondrostoma sp.	nasus x toxostoma	classification a 25 chromosomes (sept. 2026) : Hy ; depot du 2026-08-31 = Pt (12 chr) pour le nom scientifique, titre et nom commun restes a l'identification morphologique
DURANCE16S_14Man1019Ch05A	ERS31168249	14Man1019Ch05A	2014_Man_1019	TITLE	Chondrostoma sp. gill bacterial microbiota, Man 2014, individual 1019	Parachondrostoma toxostoma gill bacterial microbiota, Man 2014, individual 1019	classification a 25 chromosomes (sept. 2026) : Pt ; depot du 2026-08-31 = Pt (12 chr) pour le nom scientifique, titre et nom commun restes a l'identification morphologique
DURANCE16S_14Man1019Ch05A	ERS31168249	14Man1019Ch05A	2014_Man_1019	host common name	Chondrostoma sp.	toxostome	classification a 25 chromosomes (sept. 2026) : Pt ; depot du 2026-08-31 = Pt (12 chr) pour le nom scientifique, titre et nom commun restes a l'identification morphologique
DURANCE16S_14Per2011Ch05A	ERS31168250	14Per2011Ch05A	2014_Per_2011	TITLE	Chondrostoma sp. gill bacterial microbiota, Per 2014, individual 2011	Parachondrostoma toxostoma gill bacterial microbiota, Per 2014, individual 2011	classification a 25 chromosomes (sept. 2026) : Pt ; depot du 2026-08-31 = Pt (12 chr) pour le nom scientifique, titre et nom commun restes a l'identification morphologique
DURANCE16S_14Per2011Ch05A	ERS31168250	14Per2011Ch05A	2014_Per_2011	host common name	Chondrostoma sp.	toxostome	classification a 25 chromosomes (sept. 2026) : Pt ; depot du 2026-08-31 = Pt (12 chr) pour le nom scientifique, titre et nom commun restes a l'identification morphologique
DURANCE16S_14Per2011Ch05A-bis	ERS31168251	14Per2011Ch05A-bis	2014_Per_2011	TITLE	Chondrostoma sp. gill bacterial microbiota, Per 2014, individual 2011	Parachondrostoma toxostoma gill bacterial microbiota, Per 2014, individual 2011	classification a 25 chromosomes (sept. 2026) : Pt ; depot du 2026-08-31 = Pt (12 chr) pour le nom scientifique, titre et nom commun restes a l'identification morphologique
DURANCE16S_14Per2011Ch05A-bis	ERS31168251	14Per2011Ch05A-bis	2014_Per_2011	host common name	Chondrostoma sp.	toxostome	classification a 25 chromosomes (sept. 2026) : Pt ; depot du 2026-08-31 = Pt (12 chr) pour le nom scientifique, titre et nom commun restes a l'identification morphologique
DURANCE16S_15Cab1004Ch05A	ERS31168254	15Cab1004Ch05A	2015_Cab_1004	TITLE	Chondrostoma sp. gill bacterial microbiota, Cab 2015, individual 1004	Chondrostoma nasus gill bacterial microbiota, Cab 2015, individual 1004	classification a 25 chromosomes (sept. 2026) : Cn ; depot du 2026-08-31 = Cn (12 chr) pour le nom scientifique, titre et nom commun restes a l'identification morphologique
DURANCE16S_15Cab1004Ch05A	ERS31168254	15Cab1004Ch05A	2015_Cab_1004	host common name	Chondrostoma sp.	nase	classification a 25 chromosomes (sept. 2026) : Cn ; depot du 2026-08-31 = Cn (12 chr) pour le nom scientifique, titre et nom commun restes a l'identification morphologique
DURANCE16S_15Cab1012Ch05A	ERS31168255	15Cab1012Ch05A	2015_Cab_1012	TITLE	Chondrostoma sp. gill bacterial microbiota, Cab 2015, individual 1012	Parachondrostoma toxostoma gill bacterial microbiota, Cab 2015, individual 1012	classification a 25 chromosomes (sept. 2026) : Pt ; depot du 2026-08-31 = Pt (12 chr) pour le nom scientifique, titre et nom commun restes a l'identification morphologique
DURANCE16S_15Cab1012Ch05A	ERS31168255	15Cab1012Ch05A	2015_Cab_1012	host common name	Chondrostoma sp.	toxostome	classification a 25 chromosomes (sept. 2026) : Pt ; depot du 2026-08-31 = Pt (12 chr) pour le nom scientifique, titre et nom commun restes a l'identification morphologique
DURANCE16S_14Bue1006Cn05A	ERS31168258	14Bue1006Cn05A	2014_Bue_1006	TITLE	Chondrostoma nasus gill bacterial microbiota, Bue 2014, individual 1006	Chondrostoma nasus x Parachondrostoma toxostoma gill bacterial microbiota, Bue 2014, individual 1006	classification a 25 chromosomes (sept. 2026) : Hy ; depot du 2026-08-31 = Hy (12 chr) pour le nom scientifique, titre et nom commun restes a l'identification morphologique
DURANCE16S_14Bue1006Cn05A	ERS31168258	14Bue1006Cn05A	2014_Bue_1006	host common name	nase	nasus x toxostoma	classification a 25 chromosomes (sept. 2026) : Hy ; depot du 2026-08-31 = Hy (12 chr) pour le nom scientifique, titre et nom commun restes a l'identification morphologique
DURANCE16S_14Bue1015Ch05A	ERS31168259	14Bue1015Ch05A	2014_Bue_1015	TITLE	Chondrostoma sp. gill bacterial microbiota, Bue 2014, individual 1015	Parachondrostoma toxostoma gill bacterial microbiota, Bue 2014, individual 1015	classification a 25 chromosomes (sept. 2026) : Pt ; depot du 2026-08-31 = Pt (12 chr) pour le nom scientifique, titre et nom commun restes a l'identification morphologique
DURANCE16S_14Bue1015Ch05A	ERS31168259	14Bue1015Ch05A	2014_Bue_1015	host common name	Chondrostoma sp.	toxostome	classification a 25 chromosomes (sept. 2026) : Pt ; depot du 2026-08-31 = Pt (12 chr) pour le nom scientifique, titre et nom commun restes a l'identification morphologique
DURANCE16S_14Man1012Ch05A	ERS31168260	14Man1012Ch05A	2014_Man_1012	TITLE	Chondrostoma sp. gill bacterial microbiota, Man 2014, individual 1012	Parachondrostoma toxostoma gill bacterial microbiota, Man 2014, individual 1012	classification a 25 chromosomes (sept. 2026) : Pt ; depot du 2026-08-31 = Pt (12 chr) pour le nom scientifique, titre et nom commun restes a l'identification morphologique
DURANCE16S_14Man1012Ch05A	ERS31168260	14Man1012Ch05A	2014_Man_1012	host common name	Chondrostoma sp.	toxostome	classification a 25 chromosomes (sept. 2026) : Pt ; depot du 2026-08-31 = Pt (12 chr) pour le nom scientifique, titre et nom commun restes a l'identification morphologique
DURANCE16S_14Man1020Ch05A	ERS31168261	14Man1020Ch05A	2014_Man_1020	TITLE	Chondrostoma sp. gill bacterial microbiota, Man 2014, individual 1020	Chondrostoma nasus x Parachondrostoma toxostoma gill bacterial microbiota, Man 2014, individual 1020	classification a 25 chromosomes (sept. 2026) : Hy ; depot du 2026-08-31 = Pt (12 chr) pour le nom scientifique, titre et nom commun restes a l'identification morphologique
DURANCE16S_14Man1020Ch05A	ERS31168261	14Man1020Ch05A	2014_Man_1020	host scientific name	Parachondrostoma toxostoma	Chondrostoma nasus x Parachondrostoma toxostoma	classification a 25 chromosomes (sept. 2026) : Hy ; depot du 2026-08-31 = Pt (12 chr) pour le nom scientifique, titre et nom commun restes a l'identification morphologique
DURANCE16S_14Man1020Ch05A	ERS31168261	14Man1020Ch05A	2014_Man_1020	host common name	Chondrostoma sp.	nasus x toxostoma	classification a 25 chromosomes (sept. 2026) : Hy ; depot du 2026-08-31 = Pt (12 chr) pour le nom scientifique, titre et nom commun restes a l'identification morphologique
DURANCE16S_14Per2012Ch05A	ERS31168262	14Per2012Ch05A	2014_Per_2012	TITLE	Chondrostoma sp. gill bacterial microbiota, Per 2014, individual 2012	Parachondrostoma toxostoma gill bacterial microbiota, Per 2014, individual 2012	classification a 25 chromosomes (sept. 2026) : Pt ; depot du 2026-08-31 = Pt (12 chr) pour le nom scientifique, titre et nom commun restes a l'identification morphologique
DURANCE16S_14Per2012Ch05A	ERS31168262	14Per2012Ch05A	2014_Per_2012	host common name	Chondrostoma sp.	toxostome	classification a 25 chromosomes (sept. 2026) : Pt ; depot du 2026-08-31 = Pt (12 chr) pour le nom scientifique, titre et nom commun restes a l'identification morphologique
DURANCE16S_14Per2012Ch05A-bis	ERS31168263	14Per2012Ch05A-bis	2014_Per_2012	TITLE	Chondrostoma sp. gill bacterial microbiota, Per 2014, individual 2012	Parachondrostoma toxostoma gill bacterial microbiota, Per 2014, individual 2012	classification a 25 chromosomes (sept. 2026) : Pt ; depot du 2026-08-31 = Pt (12 chr) pour le nom scientifique, titre et nom commun restes a l'identification morphologique
DURANCE16S_14Per2012Ch05A-bis	ERS31168263	14Per2012Ch05A-bis	2014_Per_2012	host common name	Chondrostoma sp.	toxostome	classification a 25 chromosomes (sept. 2026) : Pt ; depot du 2026-08-31 = Pt (12 chr) pour le nom scientifique, titre et nom commun restes a l'identification morphologique
DURANCE16S_15Cab1005Ch05A	ERS31168266	15Cab1005Ch05A	2015_Cab_1005	TITLE	Chondrostoma sp. gill bacterial microbiota, Cab 2015, individual 1005	Chondrostoma nasus gill bacterial microbiota, Cab 2015, individual 1005	classification a 25 chromosomes (sept. 2026) : Cn ; depot du 2026-08-31 = Cn (12 chr) pour le nom scientifique, titre et nom commun restes a l'identification morphologique
DURANCE16S_15Cab1005Ch05A	ERS31168266	15Cab1005Ch05A	2015_Cab_1005	host common name	Chondrostoma sp.	nase	classification a 25 chromosomes (sept. 2026) : Cn ; depot du 2026-08-31 = Cn (12 chr) pour le nom scientifique, titre et nom commun restes a l'identification morphologique
DURANCE16S_15Cab1013Ch05A	ERS31168267	15Cab1013Ch05A	2015_Cab_1013	TITLE	Chondrostoma sp. gill bacterial microbiota, Cab 2015, individual 1013	Parachondrostoma toxostoma gill bacterial microbiota, Cab 2015, individual 1013	classification a 25 chromosomes (sept. 2026) : Pt ; depot du 2026-08-31 = Pt (12 chr) pour le nom scientifique, titre et nom commun restes a l'identification morphologique
DURANCE16S_15Cab1013Ch05A	ERS31168267	15Cab1013Ch05A	2015_Cab_1013	host common name	Chondrostoma sp.	toxostome	classification a 25 chromosomes (sept. 2026) : Pt ; depot du 2026-08-31 = Pt (12 chr) pour le nom scientifique, titre et nom commun restes a l'identification morphologique
DURANCE16S_14Bue1006Cn05Abis	ERS31168270	14Bue1006Cn05Abis	2014_Bue_1006	TITLE	Chondrostoma nasus gill bacterial microbiota, Bue 2014, individual 1006	Chondrostoma nasus x Parachondrostoma toxostoma gill bacterial microbiota, Bue 2014, individual 1006	classification a 25 chromosomes (sept. 2026) : Hy ; depot du 2026-08-31 = Hy (12 chr) pour le nom scientifique, titre et nom commun restes a l'identification morphologique
DURANCE16S_14Bue1006Cn05Abis	ERS31168270	14Bue1006Cn05Abis	2014_Bue_1006	host common name	nase	nasus x toxostoma	classification a 25 chromosomes (sept. 2026) : Hy ; depot du 2026-08-31 = Hy (12 chr) pour le nom scientifique, titre et nom commun restes a l'identification morphologique
DURANCE16S_14Bue1017Ch05A	ERS31168271	14Bue1017Ch05A	2014_Bue_1017	TITLE	Chondrostoma sp. gill bacterial microbiota, Bue 2014, individual 1017	Parachondrostoma toxostoma gill bacterial microbiota, Bue 2014, individual 1017	classification a 25 chromosomes (sept. 2026) : Pt ; depot du 2026-08-31 = Pt (12 chr) pour le nom scientifique, titre et nom commun restes a l'identification morphologique
DURANCE16S_14Bue1017Ch05A	ERS31168271	14Bue1017Ch05A	2014_Bue_1017	host common name	Chondrostoma sp.	toxostome	classification a 25 chromosomes (sept. 2026) : Pt ; depot du 2026-08-31 = Pt (12 chr) pour le nom scientifique, titre et nom commun restes a l'identification morphologique
DURANCE16S_14Man1013Ch05A	ERS31168272	14Man1013Ch05A	2014_Man_1013	TITLE	Chondrostoma sp. gill bacterial microbiota, Man 2014, individual 1013	Parachondrostoma toxostoma gill bacterial microbiota, Man 2014, individual 1013	classification a 25 chromosomes (sept. 2026) : Pt ; depot du 2026-08-31 = Pt (12 chr) pour le nom scientifique, titre et nom commun restes a l'identification morphologique
DURANCE16S_14Man1013Ch05A	ERS31168272	14Man1013Ch05A	2014_Man_1013	host common name	Chondrostoma sp.	toxostome	classification a 25 chromosomes (sept. 2026) : Pt ; depot du 2026-08-31 = Pt (12 chr) pour le nom scientifique, titre et nom commun restes a l'identification morphologique
DURANCE16S_14Man1021Ch05A	ERS31168273	14Man1021Ch05A	2014_Man_1021	TITLE	Chondrostoma sp. gill bacterial microbiota, Man 2014, individual 1021	Chondrostoma nasus x Parachondrostoma toxostoma gill bacterial microbiota, Man 2014, individual 1021	classification a 25 chromosomes (sept. 2026) : Hy ; depot du 2026-08-31 = Hy (12 chr) pour le nom scientifique, titre et nom commun restes a l'identification morphologique
DURANCE16S_14Man1021Ch05A	ERS31168273	14Man1021Ch05A	2014_Man_1021	host common name	Chondrostoma sp.	nasus x toxostoma	classification a 25 chromosomes (sept. 2026) : Hy ; depot du 2026-08-31 = Hy (12 chr) pour le nom scientifique, titre et nom commun restes a l'identification morphologique
DURANCE16S_14Per2013Ch05A	ERS31168274	14Per2013Ch05A	2014_Per_2013	TITLE	Chondrostoma sp. gill bacterial microbiota, Per 2014, individual 2013	Chondrostoma nasus x Parachondrostoma toxostoma gill bacterial microbiota, Per 2014, individual 2013	classification a 25 chromosomes (sept. 2026) : Hy ; depot du 2026-08-31 = Hy (12 chr) pour le nom scientifique, titre et nom commun restes a l'identification morphologique
DURANCE16S_14Per2013Ch05A	ERS31168274	14Per2013Ch05A	2014_Per_2013	host common name	Chondrostoma sp.	nasus x toxostoma	classification a 25 chromosomes (sept. 2026) : Hy ; depot du 2026-08-31 = Hy (12 chr) pour le nom scientifique, titre et nom commun restes a l'identification morphologique
DURANCE16S_15Cab1006Ch05A	ERS31168278	15Cab1006Ch05A	2015_Cab_1006	TITLE	Chondrostoma sp. gill bacterial microbiota, Cab 2015, individual 1006	Chondrostoma nasus gill bacterial microbiota, Cab 2015, individual 1006	classification a 25 chromosomes (sept. 2026) : Cn ; depot du 2026-08-31 = Cn (12 chr) pour le nom scientifique, titre et nom commun restes a l'identification morphologique
DURANCE16S_15Cab1006Ch05A	ERS31168278	15Cab1006Ch05A	2015_Cab_1006	host common name	Chondrostoma sp.	nase	classification a 25 chromosomes (sept. 2026) : Cn ; depot du 2026-08-31 = Cn (12 chr) pour le nom scientifique, titre et nom commun restes a l'identification morphologique
DURANCE16S_15Cab1014Ch05A	ERS31168279	15Cab1014Ch05A	2015_Cab_1014	TITLE	Chondrostoma sp. gill bacterial microbiota, Cab 2015, individual 1014	Parachondrostoma toxostoma gill bacterial microbiota, Cab 2015, individual 1014	classification a 25 chromosomes (sept. 2026) : Pt ; depot du 2026-08-31 = Pt (12 chr) pour le nom scientifique, titre et nom commun restes a l'identification morphologique
DURANCE16S_15Cab1014Ch05A	ERS31168279	15Cab1014Ch05A	2015_Cab_1014	host common name	Chondrostoma sp.	toxostome	classification a 25 chromosomes (sept. 2026) : Pt ; depot du 2026-08-31 = Pt (12 chr) pour le nom scientifique, titre et nom commun restes a l'identification morphologique
DURANCE16S_14Bue1018Ch05A	ERS31168283	14Bue1018Ch05A	2014_Bue_1018	TITLE	Chondrostoma sp. gill bacterial microbiota, Bue 2014, individual 1018	Parachondrostoma toxostoma gill bacterial microbiota, Bue 2014, individual 1018	classification a 25 chromosomes (sept. 2026) : Pt ; depot du 2026-08-31 = Pt (12 chr) pour le nom scientifique, titre et nom commun restes a l'identification morphologique
DURANCE16S_14Bue1018Ch05A	ERS31168283	14Bue1018Ch05A	2014_Bue_1018	host common name	Chondrostoma sp.	toxostome	classification a 25 chromosomes (sept. 2026) : Pt ; depot du 2026-08-31 = Pt (12 chr) pour le nom scientifique, titre et nom commun restes a l'identification morphologique
DURANCE16S_14Man1014Ch05A	ERS31168284	14Man1014Ch05A	2014_Man_1014	TITLE	Chondrostoma sp. gill bacterial microbiota, Man 2014, individual 1014	Parachondrostoma toxostoma gill bacterial microbiota, Man 2014, individual 1014	classification a 25 chromosomes (sept. 2026) : Pt ; depot du 2026-08-31 = Pt (12 chr) pour le nom scientifique, titre et nom commun restes a l'identification morphologique
DURANCE16S_14Man1014Ch05A	ERS31168284	14Man1014Ch05A	2014_Man_1014	host common name	Chondrostoma sp.	toxostome	classification a 25 chromosomes (sept. 2026) : Pt ; depot du 2026-08-31 = Pt (12 chr) pour le nom scientifique, titre et nom commun restes a l'identification morphologique
DURANCE16S_14Man1022Ch05A	ERS31168285	14Man1022Ch05A	2014_Man_1022	TITLE	Chondrostoma sp. gill bacterial microbiota, Man 2014, individual 1022	Parachondrostoma toxostoma gill bacterial microbiota, Man 2014, individual 1022	classification a 25 chromosomes (sept. 2026) : Pt ; depot du 2026-08-31 = Pt (12 chr) pour le nom scientifique, titre et nom commun restes a l'identification morphologique
DURANCE16S_14Man1022Ch05A	ERS31168285	14Man1022Ch05A	2014_Man_1022	host common name	Chondrostoma sp.	toxostome	classification a 25 chromosomes (sept. 2026) : Pt ; depot du 2026-08-31 = Pt (12 chr) pour le nom scientifique, titre et nom commun restes a l'identification morphologique
DURANCE16S_14Per2014Ch05A	ERS31168286	14Per2014Ch05A	2014_Per_2014	TITLE	Chondrostoma sp. gill bacterial microbiota, Per 2014, individual 2014	Parachondrostoma toxostoma gill bacterial microbiota, Per 2014, individual 2014	classification a 25 chromosomes (sept. 2026) : Pt ; depot du 2026-08-31 = Pt (12 chr) pour le nom scientifique, titre et nom commun restes a l'identification morphologique
DURANCE16S_14Per2014Ch05A	ERS31168286	14Per2014Ch05A	2014_Per_2014	host common name	Chondrostoma sp.	toxostome	classification a 25 chromosomes (sept. 2026) : Pt ; depot du 2026-08-31 = Pt (12 chr) pour le nom scientifique, titre et nom commun restes a l'identification morphologique
DURANCE16S_15Cab1007Ch05A	ERS31168290	15Cab1007Ch05A	2015_Cab_1007	TITLE	Chondrostoma sp. gill bacterial microbiota, Cab 2015, individual 1007	Chondrostoma nasus gill bacterial microbiota, Cab 2015, individual 1007	classification a 25 chromosomes (sept. 2026) : Cn ; depot du 2026-08-31 = Cn (12 chr) pour le nom scientifique, titre et nom commun restes a l'identification morphologique
DURANCE16S_15Cab1007Ch05A	ERS31168290	15Cab1007Ch05A	2015_Cab_1007	host common name	Chondrostoma sp.	nase	classification a 25 chromosomes (sept. 2026) : Cn ; depot du 2026-08-31 = Cn (12 chr) pour le nom scientifique, titre et nom commun restes a l'identification morphologique
DURANCE16S_15Cab1015Ch05A	ERS31168291	15Cab1015Ch05A	2015_Cab_1015	TITLE	Chondrostoma sp. gill bacterial microbiota, Cab 2015, individual 1015	Parachondrostoma toxostoma gill bacterial microbiota, Cab 2015, individual 1015	classification a 25 chromosomes (sept. 2026) : Pt ; depot du 2026-08-31 = Pt (12 chr) pour le nom scientifique, titre et nom commun restes a l'identification morphologique
DURANCE16S_15Cab1015Ch05A	ERS31168291	15Cab1015Ch05A	2015_Cab_1015	host common name	Chondrostoma sp.	toxostome	classification a 25 chromosomes (sept. 2026) : Pt ; depot du 2026-08-31 = Pt (12 chr) pour le nom scientifique, titre et nom commun restes a l'identification morphologique
DURANCE16S_14Bue1019Ch05A	ERS31168295	14Bue1019Ch05A	2014_Bue_1019	TITLE	Chondrostoma sp. gill bacterial microbiota, Bue 2014, individual 1019	Parachondrostoma toxostoma gill bacterial microbiota, Bue 2014, individual 1019	classification a 25 chromosomes (sept. 2026) : Pt ; depot du 2026-08-31 = Pt (12 chr) pour le nom scientifique, titre et nom commun restes a l'identification morphologique
DURANCE16S_14Bue1019Ch05A	ERS31168295	14Bue1019Ch05A	2014_Bue_1019	host common name	Chondrostoma sp.	toxostome	classification a 25 chromosomes (sept. 2026) : Pt ; depot du 2026-08-31 = Pt (12 chr) pour le nom scientifique, titre et nom commun restes a l'identification morphologique
DURANCE16S_14Man1015Ch05A	ERS31168296	14Man1015Ch05A	2014_Man_1015	TITLE	Chondrostoma sp. gill bacterial microbiota, Man 2014, individual 1015	Parachondrostoma toxostoma gill bacterial microbiota, Man 2014, individual 1015	classification a 25 chromosomes (sept. 2026) : Pt ; depot du 2026-08-31 = Pt (12 chr) pour le nom scientifique, titre et nom commun restes a l'identification morphologique
DURANCE16S_14Man1015Ch05A	ERS31168296	14Man1015Ch05A	2014_Man_1015	host common name	Chondrostoma sp.	toxostome	classification a 25 chromosomes (sept. 2026) : Pt ; depot du 2026-08-31 = Pt (12 chr) pour le nom scientifique, titre et nom commun restes a l'identification morphologique
DURANCE16S_14Per1011Ch05A	ERS31168297	14Per1011Ch05A	2014_Per_1011	TITLE	Chondrostoma sp. gill bacterial microbiota, Per 2014, individual 1011	Parachondrostoma toxostoma gill bacterial microbiota, Per 2014, individual 1011	classification a 25 chromosomes (sept. 2026) : Pt ; depot du 2026-08-31 = Pt (12 chr) pour le nom scientifique, titre et nom commun restes a l'identification morphologique
DURANCE16S_14Per1011Ch05A	ERS31168297	14Per1011Ch05A	2014_Per_1011	host common name	Chondrostoma sp.	toxostome	classification a 25 chromosomes (sept. 2026) : Pt ; depot du 2026-08-31 = Pt (12 chr) pour le nom scientifique, titre et nom commun restes a l'identification morphologique
DURANCE16S_14Per2015Ch05A	ERS31168298	14Per2015Ch05A	2014_Per_2015	TITLE	Chondrostoma sp. gill bacterial microbiota, Per 2014, individual 2015	Parachondrostoma toxostoma gill bacterial microbiota, Per 2014, individual 2015	classification a 25 chromosomes (sept. 2026) : Pt ; depot du 2026-08-31 = Pt (12 chr) pour le nom scientifique, titre et nom commun restes a l'identification morphologique
DURANCE16S_14Per2015Ch05A	ERS31168298	14Per2015Ch05A	2014_Per_2015	host common name	Chondrostoma sp.	toxostome	classification a 25 chromosomes (sept. 2026) : Pt ; depot du 2026-08-31 = Pt (12 chr) pour le nom scientifique, titre et nom commun restes a l'identification morphologique
DURANCE16S_15Cab1008Ch05A	ERS31168302	15Cab1008Ch05A	2015_Cab_1008	TITLE	Chondrostoma sp. gill bacterial microbiota, Cab 2015, individual 1008	Chondrostoma nasus gill bacterial microbiota, Cab 2015, individual 1008	classification a 25 chromosomes (sept. 2026) : Cn ; depot du 2026-08-31 = Cn (12 chr) pour le nom scientifique, titre et nom commun restes a l'identification morphologique
DURANCE16S_15Cab1008Ch05A	ERS31168302	15Cab1008Ch05A	2015_Cab_1008	host common name	Chondrostoma sp.	nase	classification a 25 chromosomes (sept. 2026) : Cn ; depot du 2026-08-31 = Cn (12 chr) pour le nom scientifique, titre et nom commun restes a l'identification morphologique
DURANCE16S_15Cab1016Ch05A	ERS31168303	15Cab1016Ch05A	2015_Cab_1016	TITLE	Chondrostoma sp. gill bacterial microbiota, Cab 2015, individual 1016	Parachondrostoma toxostoma gill bacterial microbiota, Cab 2015, individual 1016	classification a 25 chromosomes (sept. 2026) : Pt ; depot du 2026-08-31 = Pt (12 chr) pour le nom scientifique, titre et nom commun restes a l'identification morphologique
DURANCE16S_15Cab1016Ch05A	ERS31168303	15Cab1016Ch05A	2015_Cab_1016	host common name	Chondrostoma sp.	toxostome	classification a 25 chromosomes (sept. 2026) : Pt ; depot du 2026-08-31 = Pt (12 chr) pour le nom scientifique, titre et nom commun restes a l'identification morphologique
DURANCE16S_14Bue1011Ch05A	ERS31168306	14Bue1011Ch05A	2014_Bue_1011	TITLE	Chondrostoma sp. gill bacterial microbiota, Bue 2014, individual 1011	Parachondrostoma toxostoma gill bacterial microbiota, Bue 2014, individual 1011	classification a 25 chromosomes (sept. 2026) : Pt ; depot du 2026-08-31 = Pt (12 chr) pour le nom scientifique, titre et nom commun restes a l'identification morphologique
DURANCE16S_14Bue1011Ch05A	ERS31168306	14Bue1011Ch05A	2014_Bue_1011	host common name	Chondrostoma sp.	toxostome	classification a 25 chromosomes (sept. 2026) : Pt ; depot du 2026-08-31 = Pt (12 chr) pour le nom scientifique, titre et nom commun restes a l'identification morphologique
DURANCE16S_14Man1001Cn05A	ERS31168307	14Man1001Cn05A	2014_Man_1001	TITLE	Chondrostoma nasus gill bacterial microbiota, Man 2014, individual 1001	Parachondrostoma toxostoma gill bacterial microbiota, Man 2014, individual 1001	classification a 25 chromosomes (sept. 2026) : Pt ; depot du 2026-08-31 = Pt (12 chr) pour le nom scientifique, titre et nom commun restes a l'identification morphologique
DURANCE16S_14Man1001Cn05A	ERS31168307	14Man1001Cn05A	2014_Man_1001	host common name	nase	toxostome	classification a 25 chromosomes (sept. 2026) : Pt ; depot du 2026-08-31 = Pt (12 chr) pour le nom scientifique, titre et nom commun restes a l'identification morphologique
DURANCE16S_14Man1016Ch05A	ERS31168308	14Man1016Ch05A	2014_Man_1016	TITLE	Chondrostoma sp. gill bacterial microbiota, Man 2014, individual 1016	Parachondrostoma toxostoma gill bacterial microbiota, Man 2014, individual 1016	classification a 25 chromosomes (sept. 2026) : Pt ; depot du 2026-08-31 = Pt (12 chr) pour le nom scientifique, titre et nom commun restes a l'identification morphologique
DURANCE16S_14Man1016Ch05A	ERS31168308	14Man1016Ch05A	2014_Man_1016	host common name	Chondrostoma sp.	toxostome	classification a 25 chromosomes (sept. 2026) : Pt ; depot du 2026-08-31 = Pt (12 chr) pour le nom scientifique, titre et nom commun restes a l'identification morphologique
DURANCE16S_14Per1012Ch05A	ERS31168309	14Per1012Ch05A	2014_Per_1012	TITLE	Chondrostoma sp. gill bacterial microbiota, Per 2014, individual 1012	Parachondrostoma toxostoma gill bacterial microbiota, Per 2014, individual 1012	classification a 25 chromosomes (sept. 2026) : Pt ; depot du 2026-08-31 = Pt (12 chr) pour le nom scientifique, titre et nom commun restes a l'identification morphologique
DURANCE16S_14Per1012Ch05A	ERS31168309	14Per1012Ch05A	2014_Per_1012	host common name	Chondrostoma sp.	toxostome	classification a 25 chromosomes (sept. 2026) : Pt ; depot du 2026-08-31 = Pt (12 chr) pour le nom scientifique, titre et nom commun restes a l'identification morphologique
DURANCE16S_15Cab1001Ch05A	ERS31168313	15Cab1001Ch05A	2015_Cab_1001	TITLE	Chondrostoma sp. gill bacterial microbiota, Cab 2015, individual 1001	Chondrostoma nasus gill bacterial microbiota, Cab 2015, individual 1001	classification a 25 chromosomes (sept. 2026) : Cn ; depot du 2026-08-31 = Cn (12 chr) pour le nom scientifique, titre et nom commun restes a l'identification morphologique
DURANCE16S_15Cab1001Ch05A	ERS31168313	15Cab1001Ch05A	2015_Cab_1001	host common name	Chondrostoma sp.	nase	classification a 25 chromosomes (sept. 2026) : Cn ; depot du 2026-08-31 = Cn (12 chr) pour le nom scientifique, titre et nom commun restes a l'identification morphologique
DURANCE16S_15Cab1009Ch05A	ERS31168314	15Cab1009Ch05A	2015_Cab_1009	TITLE	Chondrostoma sp. gill bacterial microbiota, Cab 2015, individual 1009	Chondrostoma nasus x Parachondrostoma toxostoma gill bacterial microbiota, Cab 2015, individual 1009	classification a 25 chromosomes (sept. 2026) : Hy ; depot du 2026-08-31 = Hy (12 chr) pour le nom scientifique, titre et nom commun restes a l'identification morphologique
DURANCE16S_15Cab1009Ch05A	ERS31168314	15Cab1009Ch05A	2015_Cab_1009	host common name	Chondrostoma sp.	nasus x toxostoma	classification a 25 chromosomes (sept. 2026) : Hy ; depot du 2026-08-31 = Hy (12 chr) pour le nom scientifique, titre et nom commun restes a l'identification morphologique
DURANCE16S_15Cab1017Ch05A	ERS31168315	15Cab1017Ch05A	2015_Cab_1017	TITLE	Chondrostoma sp. gill bacterial microbiota, Cab 2015, individual 1017	Parachondrostoma toxostoma gill bacterial microbiota, Cab 2015, individual 1017	classification a 25 chromosomes (sept. 2026) : Pt ; depot du 2026-08-31 = Pt (12 chr) pour le nom scientifique, titre et nom commun restes a l'identification morphologique
DURANCE16S_15Cab1017Ch05A	ERS31168315	15Cab1017Ch05A	2015_Cab_1017	host common name	Chondrostoma sp.	toxostome	classification a 25 chromosomes (sept. 2026) : Pt ; depot du 2026-08-31 = Pt (12 chr) pour le nom scientifique, titre et nom commun restes a l'identification morphologique
DURANCE16S_14Bue1012Ch05A	ERS31168318	14Bue1012Ch05A	2014_Bue_1012	TITLE	Chondrostoma sp. gill bacterial microbiota, Bue 2014, individual 1012	Parachondrostoma toxostoma gill bacterial microbiota, Bue 2014, individual 1012	classification a 25 chromosomes (sept. 2026) : Pt ; depot du 2026-08-31 = Pt (12 chr) pour le nom scientifique, titre et nom commun restes a l'identification morphologique
DURANCE16S_14Bue1012Ch05A	ERS31168318	14Bue1012Ch05A	2014_Bue_1012	host common name	Chondrostoma sp.	toxostome	classification a 25 chromosomes (sept. 2026) : Pt ; depot du 2026-08-31 = Pt (12 chr) pour le nom scientifique, titre et nom commun restes a l'identification morphologique
DURANCE16S_14Man1002Cn05A	ERS31168319	14Man1002Cn05A	2014_Man_1002	TITLE	Chondrostoma nasus gill bacterial microbiota, Man 2014, individual 1002	Chondrostoma nasus x Parachondrostoma toxostoma gill bacterial microbiota, Man 2014, individual 1002	classification a 25 chromosomes (sept. 2026) : Hy ; depot du 2026-08-31 = Hy (12 chr) pour le nom scientifique, titre et nom commun restes a l'identification morphologique
DURANCE16S_14Man1002Cn05A	ERS31168319	14Man1002Cn05A	2014_Man_1002	host common name	nase	nasus x toxostoma	classification a 25 chromosomes (sept. 2026) : Hy ; depot du 2026-08-31 = Hy (12 chr) pour le nom scientifique, titre et nom commun restes a l'identification morphologique
DURANCE16S_14Man1017Ch05A	ERS31168320	14Man1017Ch05A	2014_Man_1017	TITLE	Chondrostoma sp. gill bacterial microbiota, Man 2014, individual 1017	Parachondrostoma toxostoma gill bacterial microbiota, Man 2014, individual 1017	classification a 25 chromosomes (sept. 2026) : Pt ; depot du 2026-08-31 = Pt (12 chr) pour le nom scientifique, titre et nom commun restes a l'identification morphologique
DURANCE16S_14Man1017Ch05A	ERS31168320	14Man1017Ch05A	2014_Man_1017	host common name	Chondrostoma sp.	toxostome	classification a 25 chromosomes (sept. 2026) : Pt ; depot du 2026-08-31 = Pt (12 chr) pour le nom scientifique, titre et nom commun restes a l'identification morphologique
DURANCE16S_14Per1013Ch05A	ERS31168321	14Per1013Ch05A	2014_Per_1013	TITLE	Chondrostoma sp. gill bacterial microbiota, Per 2014, individual 1013	Parachondrostoma toxostoma gill bacterial microbiota, Per 2014, individual 1013	classification a 25 chromosomes (sept. 2026) : Pt ; depot du 2026-08-31 = Pt (12 chr) pour le nom scientifique, titre et nom commun restes a l'identification morphologique
DURANCE16S_14Per1013Ch05A	ERS31168321	14Per1013Ch05A	2014_Per_1013	host common name	Chondrostoma sp.	toxostome	classification a 25 chromosomes (sept. 2026) : Pt ; depot du 2026-08-31 = Pt (12 chr) pour le nom scientifique, titre et nom commun restes a l'identification morphologique
DURANCE16S_15Cab1002Ch05A	ERS31168325	15Cab1002Ch05A	2015_Cab_1002	TITLE	Chondrostoma sp. gill bacterial microbiota, Cab 2015, individual 1002	Chondrostoma nasus gill bacterial microbiota, Cab 2015, individual 1002	classification a 25 chromosomes (sept. 2026) : Cn ; depot du 2026-08-31 = Cn (12 chr) pour le nom scientifique, titre et nom commun restes a l'identification morphologique
DURANCE16S_15Cab1002Ch05A	ERS31168325	15Cab1002Ch05A	2015_Cab_1002	host common name	Chondrostoma sp.	nase	classification a 25 chromosomes (sept. 2026) : Cn ; depot du 2026-08-31 = Cn (12 chr) pour le nom scientifique, titre et nom commun restes a l'identification morphologique
DURANCE16S_15Cab1010Ch05A	ERS31168326	15Cab1010Ch05A	2015_Cab_1010	TITLE	Chondrostoma sp. gill bacterial microbiota, Cab 2015, individual 1010	Chondrostoma nasus x Parachondrostoma toxostoma gill bacterial microbiota, Cab 2015, individual 1010	classification a 25 chromosomes (sept. 2026) : Hy ; depot du 2026-08-31 = Hy (12 chr) pour le nom scientifique, titre et nom commun restes a l'identification morphologique
DURANCE16S_15Cab1010Ch05A	ERS31168326	15Cab1010Ch05A	2015_Cab_1010	host common name	Chondrostoma sp.	nasus x toxostoma	classification a 25 chromosomes (sept. 2026) : Hy ; depot du 2026-08-31 = Hy (12 chr) pour le nom scientifique, titre et nom commun restes a l'identification morphologique
DURANCE16S_15Cab1018Ch05A	ERS31168327	15Cab1018Ch05A	2015_Cab_1018	TITLE	Chondrostoma sp. gill bacterial microbiota, Cab 2015, individual 1018	Parachondrostoma toxostoma gill bacterial microbiota, Cab 2015, individual 1018	classification a 25 chromosomes (sept. 2026) : Pt ; depot du 2026-08-31 = Pt (12 chr) pour le nom scientifique, titre et nom commun restes a l'identification morphologique
DURANCE16S_15Cab1018Ch05A	ERS31168327	15Cab1018Ch05A	2015_Cab_1018	host common name	Chondrostoma sp.	toxostome	classification a 25 chromosomes (sept. 2026) : Pt ; depot du 2026-08-31 = Pt (12 chr) pour le nom scientifique, titre et nom commun restes a l'identification morphologique
DURANCE16S_14Bue1013Ch05A	ERS31168330	14Bue1013Ch05A	2014_Bue_1013	TITLE	Chondrostoma sp. gill bacterial microbiota, Bue 2014, individual 1013	Parachondrostoma toxostoma gill bacterial microbiota, Bue 2014, individual 1013	classification a 25 chromosomes (sept. 2026) : Pt ; depot du 2026-08-31 = Pt (12 chr) pour le nom scientifique, titre et nom commun restes a l'identification morphologique
DURANCE16S_14Bue1013Ch05A	ERS31168330	14Bue1013Ch05A	2014_Bue_1013	host common name	Chondrostoma sp.	toxostome	classification a 25 chromosomes (sept. 2026) : Pt ; depot du 2026-08-31 = Pt (12 chr) pour le nom scientifique, titre et nom commun restes a l'identification morphologique
DURANCE16S_14Man1010Cn05A	ERS31168331	14Man1010Cn05A	2014_Man_1010	TITLE	Chondrostoma nasus gill bacterial microbiota, Man 2014, individual 1010	Chondrostoma nasus x Parachondrostoma toxostoma gill bacterial microbiota, Man 2014, individual 1010	classification a 25 chromosomes (sept. 2026) : Hy ; depot du 2026-08-31 = Pt (12 chr) pour le nom scientifique, titre et nom commun restes a l'identification morphologique
DURANCE16S_14Man1010Cn05A	ERS31168331	14Man1010Cn05A	2014_Man_1010	host scientific name	Parachondrostoma toxostoma	Chondrostoma nasus x Parachondrostoma toxostoma	classification a 25 chromosomes (sept. 2026) : Hy ; depot du 2026-08-31 = Pt (12 chr) pour le nom scientifique, titre et nom commun restes a l'identification morphologique
DURANCE16S_14Man1010Cn05A	ERS31168331	14Man1010Cn05A	2014_Man_1010	host common name	nase	nasus x toxostoma	classification a 25 chromosomes (sept. 2026) : Hy ; depot du 2026-08-31 = Pt (12 chr) pour le nom scientifique, titre et nom commun restes a l'identification morphologique
DURANCE16S_14Man1018Ch05A	ERS31168332	14Man1018Ch05A	2014_Man_1018	TITLE	Chondrostoma sp. gill bacterial microbiota, Man 2014, individual 1018	Parachondrostoma toxostoma gill bacterial microbiota, Man 2014, individual 1018	classification a 25 chromosomes (sept. 2026) : Pt ; depot du 2026-08-31 = Pt (12 chr) pour le nom scientifique, titre et nom commun restes a l'identification morphologique
DURANCE16S_14Man1018Ch05A	ERS31168332	14Man1018Ch05A	2014_Man_1018	host common name	Chondrostoma sp.	toxostome	classification a 25 chromosomes (sept. 2026) : Pt ; depot du 2026-08-31 = Pt (12 chr) pour le nom scientifique, titre et nom commun restes a l'identification morphologique
DURANCE16S_14Per1014Ch05A	ERS31168333	14Per1014Ch05A	2014_Per_1014	TITLE	Chondrostoma sp. gill bacterial microbiota, Per 2014, individual 1014	Parachondrostoma toxostoma gill bacterial microbiota, Per 2014, individual 1014	classification a 25 chromosomes (sept. 2026) : Pt ; depot du 2026-08-31 = Pt (12 chr) pour le nom scientifique, titre et nom commun restes a l'identification morphologique
DURANCE16S_14Per1014Ch05A	ERS31168333	14Per1014Ch05A	2014_Per_1014	host common name	Chondrostoma sp.	toxostome	classification a 25 chromosomes (sept. 2026) : Pt ; depot du 2026-08-31 = Pt (12 chr) pour le nom scientifique, titre et nom commun restes a l'identification morphologique
DURANCE16S_15Bau1001Ch05A	ERS31168336	15Bau1001Ch05A	2015_Bau_1001	TITLE	Chondrostoma sp. gill bacterial microbiota, Bau 2015, individual 1001	Parachondrostoma toxostoma gill bacterial microbiota, Bau 2015, individual 1001	classification a 25 chromosomes (sept. 2026) : Pt ; depot du 2026-08-31 = Pt (12 chr) pour le nom scientifique, titre et nom commun restes a l'identification morphologique
DURANCE16S_15Bau1001Ch05A	ERS31168336	15Bau1001Ch05A	2015_Bau_1001	host common name	Chondrostoma sp.	toxostome	classification a 25 chromosomes (sept. 2026) : Pt ; depot du 2026-08-31 = Pt (12 chr) pour le nom scientifique, titre et nom commun restes a l'identification morphologique
DURANCE16S_15Bau1009Ch05A	ERS31168337	15Bau1009Ch05A	2015_Bau_1009	TITLE	Chondrostoma sp. gill bacterial microbiota, Bau 2015, individual 1009	Parachondrostoma toxostoma gill bacterial microbiota, Bau 2015, individual 1009	classification a 25 chromosomes (sept. 2026) : Pt ; depot du 2026-08-31 = Pt (12 chr) pour le nom scientifique, titre et nom commun restes a l'identification morphologique
DURANCE16S_15Bau1009Ch05A	ERS31168337	15Bau1009Ch05A	2015_Bau_1009	host common name	Chondrostoma sp.	toxostome	classification a 25 chromosomes (sept. 2026) : Pt ; depot du 2026-08-31 = Pt (12 chr) pour le nom scientifique, titre et nom commun restes a l'identification morphologique
DURANCE16S_15Bau1017Ch05A	ERS31168338	15Bau1017Ch05A	2015_Bau_1017	TITLE	Chondrostoma sp. gill bacterial microbiota, Bau 2015, individual 1017	Parachondrostoma toxostoma gill bacterial microbiota, Bau 2015, individual 1017	classification a 25 chromosomes (sept. 2026) : Pt ; depot du 2026-08-31 = Pt (12 chr) pour le nom scientifique, titre et nom commun restes a l'identification morphologique
DURANCE16S_15Bau1017Ch05A	ERS31168338	15Bau1017Ch05A	2015_Bau_1017	host common name	Chondrostoma sp.	toxostome	classification a 25 chromosomes (sept. 2026) : Pt ; depot du 2026-08-31 = Pt (12 chr) pour le nom scientifique, titre et nom commun restes a l'identification morphologique
DURANCE16S_15Bau1025Ch05A	ERS31168339	15Bau1025Ch05A	2015_Bau_1025	TITLE	Chondrostoma sp. gill bacterial microbiota, Bau 2015, individual 1025	Parachondrostoma toxostoma gill bacterial microbiota, Bau 2015, individual 1025	classification a 25 chromosomes (sept. 2026) : Pt ; depot du 2026-08-31 = Pt (12 chr) pour le nom scientifique, titre et nom commun restes a l'identification morphologique
DURANCE16S_15Bau1025Ch05A	ERS31168339	15Bau1025Ch05A	2015_Bau_1025	host common name	Chondrostoma sp.	toxostome	classification a 25 chromosomes (sept. 2026) : Pt ; depot du 2026-08-31 = Pt (12 chr) pour le nom scientifique, titre et nom commun restes a l'identification morphologique
DURANCE16S_15Jus1008Ch05A	ERS31168340	15Jus1008Ch05A	2015_Jus_1008	TITLE	Chondrostoma sp. gill bacterial microbiota, Jus 2015, individual 1008	Parachondrostoma toxostoma gill bacterial microbiota, Jus 2015, individual 1008	classification a 25 chromosomes (sept. 2026) : Pt ; depot du 2026-08-31 = Pt (12 chr) pour le nom scientifique, titre et nom commun restes a l'identification morphologique
DURANCE16S_15Jus1008Ch05A	ERS31168340	15Jus1008Ch05A	2015_Jus_1008	host common name	Chondrostoma sp.	toxostome	classification a 25 chromosomes (sept. 2026) : Pt ; depot du 2026-08-31 = Pt (12 chr) pour le nom scientifique, titre et nom commun restes a l'identification morphologique
DURANCE16S_15Jus1016Ch05A	ERS31168341	15Jus1016Ch05A	2015_Jus_1016	TITLE	Chondrostoma sp. gill bacterial microbiota, Jus 2015, individual 1016	Chondrostoma nasus x Parachondrostoma toxostoma gill bacterial microbiota, Jus 2015, individual 1016	classification a 25 chromosomes (sept. 2026) : Hy ; depot du 2026-08-31 = Hy (12 chr) pour le nom scientifique, titre et nom commun restes a l'identification morphologique
DURANCE16S_15Jus1016Ch05A	ERS31168341	15Jus1016Ch05A	2015_Jus_1016	host common name	Chondrostoma sp.	nasus x toxostoma	classification a 25 chromosomes (sept. 2026) : Hy ; depot du 2026-08-31 = Hy (12 chr) pour le nom scientifique, titre et nom commun restes a l'identification morphologique
DURANCE16S_15Caa1005Ch05A	ERS31168342	15Caa1005Ch05A	2015_Caa_1005	TITLE	Chondrostoma sp. gill bacterial microbiota, Caa 2015, individual 1005	Chondrostoma nasus gill bacterial microbiota, Caa 2015, individual 1005	classification a 25 chromosomes (sept. 2026) : Cn ; depot du 2026-08-31 = Cn (12 chr) pour le nom scientifique, titre et nom commun restes a l'identification morphologique
DURANCE16S_15Caa1005Ch05A	ERS31168342	15Caa1005Ch05A	2015_Caa_1005	host common name	Chondrostoma sp.	nase	classification a 25 chromosomes (sept. 2026) : Cn ; depot du 2026-08-31 = Cn (12 chr) pour le nom scientifique, titre et nom commun restes a l'identification morphologique
DURANCE16S_15Caa1013Ch05A	ERS31168343	15Caa1013Ch05A	2015_Caa_1013	TITLE	Chondrostoma sp. gill bacterial microbiota, Caa 2015, individual 1013	Parachondrostoma toxostoma gill bacterial microbiota, Caa 2015, individual 1013	classification a 25 chromosomes (sept. 2026) : Pt ; depot du 2026-08-31 = Pt (12 chr) pour le nom scientifique, titre et nom commun restes a l'identification morphologique
DURANCE16S_15Caa1013Ch05A	ERS31168343	15Caa1013Ch05A	2015_Caa_1013	host common name	Chondrostoma sp.	toxostome	classification a 25 chromosomes (sept. 2026) : Pt ; depot du 2026-08-31 = Pt (12 chr) pour le nom scientifique, titre et nom commun restes a l'identification morphologique
DURANCE16S_15Avi1001Cn05A	ERS31168344	15Avi1001Cn05A	2015_Avi_1001	TITLE	Chondrostoma nasus gill bacterial microbiota, Avi 2015, individual 1001	Chondrostoma nasus x Parachondrostoma toxostoma gill bacterial microbiota, Avi 2015, individual 1001	classification a 25 chromosomes (sept. 2026) : Hy ; depot du 2026-08-31 = Hy (12 chr) pour le nom scientifique, titre et nom commun restes a l'identification morphologique
DURANCE16S_15Avi1001Cn05A	ERS31168344	15Avi1001Cn05A	2015_Avi_1001	host common name	nase	nasus x toxostoma	classification a 25 chromosomes (sept. 2026) : Hy ; depot du 2026-08-31 = Hy (12 chr) pour le nom scientifique, titre et nom commun restes a l'identification morphologique
DURANCE16S_15BUe1004Ch05A	ERS31168346	15BUe1004Ch05A	2015_Bue_1004	TITLE	Chondrostoma sp. gill bacterial microbiota, Bue 2015, individual 1004	Parachondrostoma toxostoma gill bacterial microbiota, Bue 2015, individual 1004	classification a 25 chromosomes (sept. 2026) : Pt ; depot du 2026-08-31 = Pt (12 chr) pour le nom scientifique, titre et nom commun restes a l'identification morphologique
DURANCE16S_15BUe1004Ch05A	ERS31168346	15BUe1004Ch05A	2015_Bue_1004	host common name	Chondrostoma sp.	toxostome	classification a 25 chromosomes (sept. 2026) : Pt ; depot du 2026-08-31 = Pt (12 chr) pour le nom scientifique, titre et nom commun restes a l'identification morphologique
DURANCE16S_15BUe1012Ch05A	ERS31168347	15BUe1012Ch05A	2015_Bue_1012	TITLE	Chondrostoma sp. gill bacterial microbiota, Bue 2015, individual 1012	Chondrostoma nasus x Parachondrostoma toxostoma gill bacterial microbiota, Bue 2015, individual 1012	classification a 25 chromosomes (sept. 2026) : Hy ; depot du 2026-08-31 = Hy (12 chr) pour le nom scientifique, titre et nom commun restes a l'identification morphologique
DURANCE16S_15BUe1012Ch05A	ERS31168347	15BUe1012Ch05A	2015_Bue_1012	host common name	Chondrostoma sp.	nasus x toxostoma	classification a 25 chromosomes (sept. 2026) : Hy ; depot du 2026-08-31 = Hy (12 chr) pour le nom scientifique, titre et nom commun restes a l'identification morphologique
DURANCE16S_15Bau1002Ch05A	ERS31168348	15Bau1002Ch05A	2015_Bau_1002	TITLE	Chondrostoma sp. gill bacterial microbiota, Bau 2015, individual 1002	Parachondrostoma toxostoma gill bacterial microbiota, Bau 2015, individual 1002	classification a 25 chromosomes (sept. 2026) : Pt ; depot du 2026-08-31 = Pt (12 chr) pour le nom scientifique, titre et nom commun restes a l'identification morphologique
DURANCE16S_15Bau1002Ch05A	ERS31168348	15Bau1002Ch05A	2015_Bau_1002	host common name	Chondrostoma sp.	toxostome	classification a 25 chromosomes (sept. 2026) : Pt ; depot du 2026-08-31 = Pt (12 chr) pour le nom scientifique, titre et nom commun restes a l'identification morphologique
DURANCE16S_15Bau1010Ch05A	ERS31168349	15Bau1010Ch05A	2015_Bau_1010	TITLE	Chondrostoma sp. gill bacterial microbiota, Bau 2015, individual 1010	Chondrostoma nasus x Parachondrostoma toxostoma gill bacterial microbiota, Bau 2015, individual 1010	classification a 25 chromosomes (sept. 2026) : Hy ; depot du 2026-08-31 = Hy (12 chr) pour le nom scientifique, titre et nom commun restes a l'identification morphologique
DURANCE16S_15Bau1010Ch05A	ERS31168349	15Bau1010Ch05A	2015_Bau_1010	host common name	Chondrostoma sp.	nasus x toxostoma	classification a 25 chromosomes (sept. 2026) : Hy ; depot du 2026-08-31 = Hy (12 chr) pour le nom scientifique, titre et nom commun restes a l'identification morphologique
DURANCE16S_15Bau1018Ch05A	ERS31168350	15Bau1018Ch05A	2015_Bau_1018	TITLE	Chondrostoma sp. gill bacterial microbiota, Bau 2015, individual 1018	Parachondrostoma toxostoma gill bacterial microbiota, Bau 2015, individual 1018	classification a 25 chromosomes (sept. 2026) : Pt ; depot du 2026-08-31 = Pt (12 chr) pour le nom scientifique, titre et nom commun restes a l'identification morphologique
DURANCE16S_15Bau1018Ch05A	ERS31168350	15Bau1018Ch05A	2015_Bau_1018	host common name	Chondrostoma sp.	toxostome	classification a 25 chromosomes (sept. 2026) : Pt ; depot du 2026-08-31 = Pt (12 chr) pour le nom scientifique, titre et nom commun restes a l'identification morphologique
DURANCE16S_15Jus1001Ch05A	ERS31168351	15Jus1001Ch05A	2015_Jus_1001	TITLE	Chondrostoma sp. gill bacterial microbiota, Jus 2015, individual 1001	Parachondrostoma toxostoma gill bacterial microbiota, Jus 2015, individual 1001	classification a 25 chromosomes (sept. 2026) : Pt ; depot du 2026-08-31 = Pt (12 chr) pour le nom scientifique, titre et nom commun restes a l'identification morphologique
DURANCE16S_15Jus1001Ch05A	ERS31168351	15Jus1001Ch05A	2015_Jus_1001	host common name	Chondrostoma sp.	toxostome	classification a 25 chromosomes (sept. 2026) : Pt ; depot du 2026-08-31 = Pt (12 chr) pour le nom scientifique, titre et nom commun restes a l'identification morphologique
DURANCE16S_15Jus1009Ch05A	ERS31168352	15Jus1009Ch05A	2015_Jus_1009	TITLE	Chondrostoma sp. gill bacterial microbiota, Jus 2015, individual 1009	Chondrostoma nasus x Parachondrostoma toxostoma gill bacterial microbiota, Jus 2015, individual 1009	classification a 25 chromosomes (sept. 2026) : Hy ; depot du 2026-08-31 = Hy (12 chr) pour le nom scientifique, titre et nom commun restes a l'identification morphologique
DURANCE16S_15Jus1009Ch05A	ERS31168352	15Jus1009Ch05A	2015_Jus_1009	host common name	Chondrostoma sp.	nasus x toxostoma	classification a 25 chromosomes (sept. 2026) : Hy ; depot du 2026-08-31 = Hy (12 chr) pour le nom scientifique, titre et nom commun restes a l'identification morphologique
DURANCE16S_15Jus1017Ch05A	ERS31168353	15Jus1017Ch05A	2015_Jus_1017	TITLE	Chondrostoma sp. gill bacterial microbiota, Jus 2015, individual 1017	Chondrostoma nasus gill bacterial microbiota, Jus 2015, individual 1017	classification a 25 chromosomes (sept. 2026) : Cn ; depot du 2026-08-31 = Cn (12 chr) pour le nom scientifique, titre et nom commun restes a l'identification morphologique
DURANCE16S_15Jus1017Ch05A	ERS31168353	15Jus1017Ch05A	2015_Jus_1017	host common name	Chondrostoma sp.	nase	classification a 25 chromosomes (sept. 2026) : Cn ; depot du 2026-08-31 = Cn (12 chr) pour le nom scientifique, titre et nom commun restes a l'identification morphologique
DURANCE16S_15Caa1006Ch05A	ERS31168354	15Caa1006Ch05A	2015_Caa_1006	TITLE	Chondrostoma sp. gill bacterial microbiota, Caa 2015, individual 1006	Chondrostoma nasus x Parachondrostoma toxostoma gill bacterial microbiota, Caa 2015, individual 1006	classification a 25 chromosomes (sept. 2026) : Hy ; depot du 2026-08-31 = Hy (12 chr) pour le nom scientifique, titre et nom commun restes a l'identification morphologique
DURANCE16S_15Caa1006Ch05A	ERS31168354	15Caa1006Ch05A	2015_Caa_1006	host common name	Chondrostoma sp.	nasus x toxostoma	classification a 25 chromosomes (sept. 2026) : Hy ; depot du 2026-08-31 = Hy (12 chr) pour le nom scientifique, titre et nom commun restes a l'identification morphologique
DURANCE16S_15Caa1014Ch05A	ERS31168355	15Caa1014Ch05A	2015_Caa_1014	TITLE	Chondrostoma sp. gill bacterial microbiota, Caa 2015, individual 1014	Parachondrostoma toxostoma gill bacterial microbiota, Caa 2015, individual 1014	classification a 25 chromosomes (sept. 2026) : Pt ; depot du 2026-08-31 = Pt (12 chr) pour le nom scientifique, titre et nom commun restes a l'identification morphologique
DURANCE16S_15Caa1014Ch05A	ERS31168355	15Caa1014Ch05A	2015_Caa_1014	host common name	Chondrostoma sp.	toxostome	classification a 25 chromosomes (sept. 2026) : Pt ; depot du 2026-08-31 = Pt (12 chr) pour le nom scientifique, titre et nom commun restes a l'identification morphologique
DURANCE16S_15Avi1002Cn05A	ERS31168356	15Avi1002Cn05A	2015_Avi_1002	TITLE	Chondrostoma nasus gill bacterial microbiota, Avi 2015, individual 1002	Chondrostoma nasus x Parachondrostoma toxostoma gill bacterial microbiota, Avi 2015, individual 1002	classification a 25 chromosomes (sept. 2026) : Hy ; depot du 2026-08-31 = Hy (12 chr) pour le nom scientifique, titre et nom commun restes a l'identification morphologique
DURANCE16S_15Avi1002Cn05A	ERS31168356	15Avi1002Cn05A	2015_Avi_1002	host common name	nase	nasus x toxostoma	classification a 25 chromosomes (sept. 2026) : Hy ; depot du 2026-08-31 = Hy (12 chr) pour le nom scientifique, titre et nom commun restes a l'identification morphologique
DURANCE16S_15BUe1005Ch05A	ERS31168358	15BUe1005Ch05A	2015_Bue_1005	TITLE	Chondrostoma sp. gill bacterial microbiota, Bue 2015, individual 1005	Chondrostoma nasus x Parachondrostoma toxostoma gill bacterial microbiota, Bue 2015, individual 1005	classification a 25 chromosomes (sept. 2026) : Hy ; depot du 2026-08-31 = Hy (12 chr) pour le nom scientifique, titre et nom commun restes a l'identification morphologique
DURANCE16S_15BUe1005Ch05A	ERS31168358	15BUe1005Ch05A	2015_Bue_1005	host common name	Chondrostoma sp.	nasus x toxostoma	classification a 25 chromosomes (sept. 2026) : Hy ; depot du 2026-08-31 = Hy (12 chr) pour le nom scientifique, titre et nom commun restes a l'identification morphologique
DURANCE16S_15BUe1013Ch05A	ERS31168359	15BUe1013Ch05A	2015_Bue_1013	TITLE	Chondrostoma sp. gill bacterial microbiota, Bue 2015, individual 1013	Parachondrostoma toxostoma gill bacterial microbiota, Bue 2015, individual 1013	classification a 25 chromosomes (sept. 2026) : Pt ; depot du 2026-08-31 = Pt (12 chr) pour le nom scientifique, titre et nom commun restes a l'identification morphologique
DURANCE16S_15BUe1013Ch05A	ERS31168359	15BUe1013Ch05A	2015_Bue_1013	host common name	Chondrostoma sp.	toxostome	classification a 25 chromosomes (sept. 2026) : Pt ; depot du 2026-08-31 = Pt (12 chr) pour le nom scientifique, titre et nom commun restes a l'identification morphologique
DURANCE16S_15Bau1003Ch05A	ERS31168360	15Bau1003Ch05A	2015_Bau_1003	TITLE	Chondrostoma sp. gill bacterial microbiota, Bau 2015, individual 1003	Parachondrostoma toxostoma gill bacterial microbiota, Bau 2015, individual 1003	classification a 25 chromosomes (sept. 2026) : Pt ; depot du 2026-08-31 = Pt (12 chr) pour le nom scientifique, titre et nom commun restes a l'identification morphologique
DURANCE16S_15Bau1003Ch05A	ERS31168360	15Bau1003Ch05A	2015_Bau_1003	host common name	Chondrostoma sp.	toxostome	classification a 25 chromosomes (sept. 2026) : Pt ; depot du 2026-08-31 = Pt (12 chr) pour le nom scientifique, titre et nom commun restes a l'identification morphologique
DURANCE16S_15Bau1011Ch05A	ERS31168361	15Bau1011Ch05A	2015_Bau_1011	TITLE	Chondrostoma sp. gill bacterial microbiota, Bau 2015, individual 1011	Parachondrostoma toxostoma gill bacterial microbiota, Bau 2015, individual 1011	classification a 25 chromosomes (sept. 2026) : Pt ; depot du 2026-08-31 = Pt (12 chr) pour le nom scientifique, titre et nom commun restes a l'identification morphologique
DURANCE16S_15Bau1011Ch05A	ERS31168361	15Bau1011Ch05A	2015_Bau_1011	host common name	Chondrostoma sp.	toxostome	classification a 25 chromosomes (sept. 2026) : Pt ; depot du 2026-08-31 = Pt (12 chr) pour le nom scientifique, titre et nom commun restes a l'identification morphologique
DURANCE16S_15Bau1019Ch05A	ERS31168362	15Bau1019Ch05A	2015_Bau_1019	TITLE	Chondrostoma sp. gill bacterial microbiota, Bau 2015, individual 1019	Chondrostoma nasus x Parachondrostoma toxostoma gill bacterial microbiota, Bau 2015, individual 1019	classification a 25 chromosomes (sept. 2026) : Hy ; depot du 2026-08-31 = Pt (12 chr) pour le nom scientifique, titre et nom commun restes a l'identification morphologique
DURANCE16S_15Bau1019Ch05A	ERS31168362	15Bau1019Ch05A	2015_Bau_1019	host scientific name	Parachondrostoma toxostoma	Chondrostoma nasus x Parachondrostoma toxostoma	classification a 25 chromosomes (sept. 2026) : Hy ; depot du 2026-08-31 = Pt (12 chr) pour le nom scientifique, titre et nom commun restes a l'identification morphologique
DURANCE16S_15Bau1019Ch05A	ERS31168362	15Bau1019Ch05A	2015_Bau_1019	host common name	Chondrostoma sp.	nasus x toxostoma	classification a 25 chromosomes (sept. 2026) : Hy ; depot du 2026-08-31 = Pt (12 chr) pour le nom scientifique, titre et nom commun restes a l'identification morphologique
DURANCE16S_15Jus1002Ch05A	ERS31168363	15Jus1002Ch05A	2015_Jus_1002	TITLE	Chondrostoma sp. gill bacterial microbiota, Jus 2015, individual 1002	Chondrostoma nasus x Parachondrostoma toxostoma gill bacterial microbiota, Jus 2015, individual 1002	classification a 25 chromosomes (sept. 2026) : Hy ; depot du 2026-08-31 = Pt (12 chr) pour le nom scientifique, titre et nom commun restes a l'identification morphologique
DURANCE16S_15Jus1002Ch05A	ERS31168363	15Jus1002Ch05A	2015_Jus_1002	host scientific name	Parachondrostoma toxostoma	Chondrostoma nasus x Parachondrostoma toxostoma	classification a 25 chromosomes (sept. 2026) : Hy ; depot du 2026-08-31 = Pt (12 chr) pour le nom scientifique, titre et nom commun restes a l'identification morphologique
DURANCE16S_15Jus1002Ch05A	ERS31168363	15Jus1002Ch05A	2015_Jus_1002	host common name	Chondrostoma sp.	nasus x toxostoma	classification a 25 chromosomes (sept. 2026) : Hy ; depot du 2026-08-31 = Pt (12 chr) pour le nom scientifique, titre et nom commun restes a l'identification morphologique
DURANCE16S_15Jus1010Ch05A	ERS31168364	15Jus1010Ch05A	2015_Jus_1010	TITLE	Chondrostoma sp. gill bacterial microbiota, Jus 2015, individual 1010	Chondrostoma nasus gill bacterial microbiota, Jus 2015, individual 1010	classification a 25 chromosomes (sept. 2026) : Cn ; depot du 2026-08-31 = Cn (12 chr) pour le nom scientifique, titre et nom commun restes a l'identification morphologique
DURANCE16S_15Jus1010Ch05A	ERS31168364	15Jus1010Ch05A	2015_Jus_1010	host common name	Chondrostoma sp.	nase	classification a 25 chromosomes (sept. 2026) : Cn ; depot du 2026-08-31 = Cn (12 chr) pour le nom scientifique, titre et nom commun restes a l'identification morphologique
DURANCE16S_15Jus1018Ch05A	ERS31168365	15Jus1018Ch05A	2015_Jus_1018	TITLE	Chondrostoma sp. gill bacterial microbiota, Jus 2015, individual 1018	Chondrostoma nasus gill bacterial microbiota, Jus 2015, individual 1018	classification a 25 chromosomes (sept. 2026) : Cn ; depot du 2026-08-31 = Cn (12 chr) pour le nom scientifique, titre et nom commun restes a l'identification morphologique
DURANCE16S_15Jus1018Ch05A	ERS31168365	15Jus1018Ch05A	2015_Jus_1018	host common name	Chondrostoma sp.	nase	classification a 25 chromosomes (sept. 2026) : Cn ; depot du 2026-08-31 = Cn (12 chr) pour le nom scientifique, titre et nom commun restes a l'identification morphologique
DURANCE16S_15Caa1007Ch05A	ERS31168366	15Caa1007Ch05A	2015_Caa_1007	TITLE	Chondrostoma sp. gill bacterial microbiota, Caa 2015, individual 1007	Chondrostoma nasus gill bacterial microbiota, Caa 2015, individual 1007	classification a 25 chromosomes (sept. 2026) : Cn ; depot du 2026-08-31 = Cn (12 chr) pour le nom scientifique, titre et nom commun restes a l'identification morphologique
DURANCE16S_15Caa1007Ch05A	ERS31168366	15Caa1007Ch05A	2015_Caa_1007	host common name	Chondrostoma sp.	nase	classification a 25 chromosomes (sept. 2026) : Cn ; depot du 2026-08-31 = Cn (12 chr) pour le nom scientifique, titre et nom commun restes a l'identification morphologique
DURANCE16S_15Caa1015Ch05A	ERS31168367	15Caa1015Ch05A	2015_Caa_1015	TITLE	Chondrostoma sp. gill bacterial microbiota, Caa 2015, individual 1015	Chondrostoma nasus x Parachondrostoma toxostoma gill bacterial microbiota, Caa 2015, individual 1015	classification a 25 chromosomes (sept. 2026) : Hy ; depot du 2026-08-31 = Hy (12 chr) pour le nom scientifique, titre et nom commun restes a l'identification morphologique
DURANCE16S_15Caa1015Ch05A	ERS31168367	15Caa1015Ch05A	2015_Caa_1015	host common name	Chondrostoma sp.	nasus x toxostoma	classification a 25 chromosomes (sept. 2026) : Hy ; depot du 2026-08-31 = Hy (12 chr) pour le nom scientifique, titre et nom commun restes a l'identification morphologique
DURANCE16S_15Avi1011Cn05A	ERS31168369	15Avi1011Cn05A	2015_Avi_1011	TITLE	Chondrostoma nasus gill bacterial microbiota, Avi 2015, individual 1011	Chondrostoma nasus x Parachondrostoma toxostoma gill bacterial microbiota, Avi 2015, individual 1011	classification a 25 chromosomes (sept. 2026) : Hy ; depot du 2026-08-31 = Cn (12 chr) pour le nom scientifique, titre et nom commun restes a l'identification morphologique
DURANCE16S_15Avi1011Cn05A	ERS31168369	15Avi1011Cn05A	2015_Avi_1011	host scientific name	Chondrostoma nasus	Chondrostoma nasus x Parachondrostoma toxostoma	classification a 25 chromosomes (sept. 2026) : Hy ; depot du 2026-08-31 = Cn (12 chr) pour le nom scientifique, titre et nom commun restes a l'identification morphologique
DURANCE16S_15Avi1011Cn05A	ERS31168369	15Avi1011Cn05A	2015_Avi_1011	host common name	nase	nasus x toxostoma	classification a 25 chromosomes (sept. 2026) : Hy ; depot du 2026-08-31 = Cn (12 chr) pour le nom scientifique, titre et nom commun restes a l'identification morphologique
DURANCE16S_15BUe1006Ch05A	ERS31168370	15BUe1006Ch05A	2015_Bue_1006	TITLE	Chondrostoma sp. gill bacterial microbiota, Bue 2015, individual 1006	Parachondrostoma toxostoma gill bacterial microbiota, Bue 2015, individual 1006	classification a 25 chromosomes (sept. 2026) : Pt ; depot du 2026-08-31 = Hy (12 chr) pour le nom scientifique, titre et nom commun restes a l'identification morphologique
DURANCE16S_15BUe1006Ch05A	ERS31168370	15BUe1006Ch05A	2015_Bue_1006	host scientific name	Chondrostoma nasus x Parachondrostoma toxostoma	Parachondrostoma toxostoma	classification a 25 chromosomes (sept. 2026) : Pt ; depot du 2026-08-31 = Hy (12 chr) pour le nom scientifique, titre et nom commun restes a l'identification morphologique
DURANCE16S_15BUe1006Ch05A	ERS31168370	15BUe1006Ch05A	2015_Bue_1006	host common name	Chondrostoma sp.	toxostome	classification a 25 chromosomes (sept. 2026) : Pt ; depot du 2026-08-31 = Hy (12 chr) pour le nom scientifique, titre et nom commun restes a l'identification morphologique
DURANCE16S_15BUe1014Ch05A	ERS31168371	15BUe1014Ch05A	2015_Bue_1014	TITLE	Chondrostoma sp. gill bacterial microbiota, Bue 2015, individual 1014	Parachondrostoma toxostoma gill bacterial microbiota, Bue 2015, individual 1014	classification a 25 chromosomes (sept. 2026) : Pt ; depot du 2026-08-31 = Pt (12 chr) pour le nom scientifique, titre et nom commun restes a l'identification morphologique
DURANCE16S_15BUe1014Ch05A	ERS31168371	15BUe1014Ch05A	2015_Bue_1014	host common name	Chondrostoma sp.	toxostome	classification a 25 chromosomes (sept. 2026) : Pt ; depot du 2026-08-31 = Pt (12 chr) pour le nom scientifique, titre et nom commun restes a l'identification morphologique
DURANCE16S_15Bau1004Ch05A	ERS31168372	15Bau1004Ch05A	2015_Bau_1004	TITLE	Chondrostoma sp. gill bacterial microbiota, Bau 2015, individual 1004	Chondrostoma nasus x Parachondrostoma toxostoma gill bacterial microbiota, Bau 2015, individual 1004	classification a 25 chromosomes (sept. 2026) : Hy ; depot du 2026-08-31 = Pt (12 chr) pour le nom scientifique, titre et nom commun restes a l'identification morphologique
DURANCE16S_15Bau1004Ch05A	ERS31168372	15Bau1004Ch05A	2015_Bau_1004	host scientific name	Parachondrostoma toxostoma	Chondrostoma nasus x Parachondrostoma toxostoma	classification a 25 chromosomes (sept. 2026) : Hy ; depot du 2026-08-31 = Pt (12 chr) pour le nom scientifique, titre et nom commun restes a l'identification morphologique
DURANCE16S_15Bau1004Ch05A	ERS31168372	15Bau1004Ch05A	2015_Bau_1004	host common name	Chondrostoma sp.	nasus x toxostoma	classification a 25 chromosomes (sept. 2026) : Hy ; depot du 2026-08-31 = Pt (12 chr) pour le nom scientifique, titre et nom commun restes a l'identification morphologique
DURANCE16S_15Bau1012Ch05A	ERS31168373	15Bau1012Ch05A	2015_Bau_1012	TITLE	Chondrostoma sp. gill bacterial microbiota, Bau 2015, individual 1012	Parachondrostoma toxostoma gill bacterial microbiota, Bau 2015, individual 1012	classification a 25 chromosomes (sept. 2026) : Pt ; depot du 2026-08-31 = Pt (12 chr) pour le nom scientifique, titre et nom commun restes a l'identification morphologique
DURANCE16S_15Bau1012Ch05A	ERS31168373	15Bau1012Ch05A	2015_Bau_1012	host common name	Chondrostoma sp.	toxostome	classification a 25 chromosomes (sept. 2026) : Pt ; depot du 2026-08-31 = Pt (12 chr) pour le nom scientifique, titre et nom commun restes a l'identification morphologique
DURANCE16S_15Bau1020Ch05A	ERS31168374	15Bau1020Ch05A	2015_Bau_1020	TITLE	Chondrostoma sp. gill bacterial microbiota, Bau 2015, individual 1020	Chondrostoma nasus x Parachondrostoma toxostoma gill bacterial microbiota, Bau 2015, individual 1020	classification a 25 chromosomes (sept. 2026) : Hy ; depot du 2026-08-31 = Hy (12 chr) pour le nom scientifique, titre et nom commun restes a l'identification morphologique
DURANCE16S_15Bau1020Ch05A	ERS31168374	15Bau1020Ch05A	2015_Bau_1020	host common name	Chondrostoma sp.	nasus x toxostoma	classification a 25 chromosomes (sept. 2026) : Hy ; depot du 2026-08-31 = Hy (12 chr) pour le nom scientifique, titre et nom commun restes a l'identification morphologique
DURANCE16S_15Jus1003Ch05A	ERS31168375	15Jus1003Ch05A	2015_Jus_1003	TITLE	Chondrostoma sp. gill bacterial microbiota, Jus 2015, individual 1003	Chondrostoma nasus x Parachondrostoma toxostoma gill bacterial microbiota, Jus 2015, individual 1003	classification a 25 chromosomes (sept. 2026) : Hy ; depot du 2026-08-31 = Pt (12 chr) pour le nom scientifique, titre et nom commun restes a l'identification morphologique
DURANCE16S_15Jus1003Ch05A	ERS31168375	15Jus1003Ch05A	2015_Jus_1003	host scientific name	Parachondrostoma toxostoma	Chondrostoma nasus x Parachondrostoma toxostoma	classification a 25 chromosomes (sept. 2026) : Hy ; depot du 2026-08-31 = Pt (12 chr) pour le nom scientifique, titre et nom commun restes a l'identification morphologique
DURANCE16S_15Jus1003Ch05A	ERS31168375	15Jus1003Ch05A	2015_Jus_1003	host common name	Chondrostoma sp.	nasus x toxostoma	classification a 25 chromosomes (sept. 2026) : Hy ; depot du 2026-08-31 = Pt (12 chr) pour le nom scientifique, titre et nom commun restes a l'identification morphologique
DURANCE16S_15Jus1011Ch05A	ERS31168376	15Jus1011Ch05A	2015_Jus_1011	TITLE	Chondrostoma sp. gill bacterial microbiota, Jus 2015, individual 1011	Chondrostoma nasus gill bacterial microbiota, Jus 2015, individual 1011	classification a 25 chromosomes (sept. 2026) : Cn ; depot du 2026-08-31 = Hy (12 chr) pour le nom scientifique, titre et nom commun restes a l'identification morphologique
DURANCE16S_15Jus1011Ch05A	ERS31168376	15Jus1011Ch05A	2015_Jus_1011	host scientific name	Chondrostoma nasus x Parachondrostoma toxostoma	Chondrostoma nasus	classification a 25 chromosomes (sept. 2026) : Cn ; depot du 2026-08-31 = Hy (12 chr) pour le nom scientifique, titre et nom commun restes a l'identification morphologique
DURANCE16S_15Jus1011Ch05A	ERS31168376	15Jus1011Ch05A	2015_Jus_1011	host common name	Chondrostoma sp.	nase	classification a 25 chromosomes (sept. 2026) : Cn ; depot du 2026-08-31 = Hy (12 chr) pour le nom scientifique, titre et nom commun restes a l'identification morphologique
DURANCE16S_15Jus1019Ch05A	ERS31168377	15Jus1019Ch05A	2015_Jus_1019	TITLE	Chondrostoma sp. gill bacterial microbiota, Jus 2015, individual 1019	Chondrostoma nasus gill bacterial microbiota, Jus 2015, individual 1019	classification a 25 chromosomes (sept. 2026) : Cn ; depot du 2026-08-31 = Cn (12 chr) pour le nom scientifique, titre et nom commun restes a l'identification morphologique
DURANCE16S_15Jus1019Ch05A	ERS31168377	15Jus1019Ch05A	2015_Jus_1019	host common name	Chondrostoma sp.	nase	classification a 25 chromosomes (sept. 2026) : Cn ; depot du 2026-08-31 = Cn (12 chr) pour le nom scientifique, titre et nom commun restes a l'identification morphologique
DURANCE16S_15Caa1008Ch05A	ERS31168378	15Caa1008Ch05A	2015_Caa_1008	TITLE	Chondrostoma sp. gill bacterial microbiota, Caa 2015, individual 1008	Chondrostoma nasus x Parachondrostoma toxostoma gill bacterial microbiota, Caa 2015, individual 1008	classification a 25 chromosomes (sept. 2026) : Hy ; depot du 2026-08-31 = Hy (12 chr) pour le nom scientifique, titre et nom commun restes a l'identification morphologique
DURANCE16S_15Caa1008Ch05A	ERS31168378	15Caa1008Ch05A	2015_Caa_1008	host common name	Chondrostoma sp.	nasus x toxostoma	classification a 25 chromosomes (sept. 2026) : Hy ; depot du 2026-08-31 = Hy (12 chr) pour le nom scientifique, titre et nom commun restes a l'identification morphologique
DURANCE16S_15Caa1016Ch05A	ERS31168379	15Caa1016Ch05A	2015_Caa_1016	TITLE	Chondrostoma sp. gill bacterial microbiota, Caa 2015, individual 1016	Chondrostoma nasus x Parachondrostoma toxostoma gill bacterial microbiota, Caa 2015, individual 1016	classification a 25 chromosomes (sept. 2026) : Hy ; depot du 2026-08-31 = Pt (12 chr) pour le nom scientifique, titre et nom commun restes a l'identification morphologique
DURANCE16S_15Caa1016Ch05A	ERS31168379	15Caa1016Ch05A	2015_Caa_1016	host scientific name	Parachondrostoma toxostoma	Chondrostoma nasus x Parachondrostoma toxostoma	classification a 25 chromosomes (sept. 2026) : Hy ; depot du 2026-08-31 = Pt (12 chr) pour le nom scientifique, titre et nom commun restes a l'identification morphologique
DURANCE16S_15Caa1016Ch05A	ERS31168379	15Caa1016Ch05A	2015_Caa_1016	host common name	Chondrostoma sp.	nasus x toxostoma	classification a 25 chromosomes (sept. 2026) : Hy ; depot du 2026-08-31 = Pt (12 chr) pour le nom scientifique, titre et nom commun restes a l'identification morphologique
DURANCE16S_15Avi1012Pt05A	ERS31168381	15Avi1012Pt05A	2015_Avi_1012	TITLE	Parachondrostoma toxostoma gill bacterial microbiota, Avi 2015, individual 1012	Chondrostoma nasus x Parachondrostoma toxostoma gill bacterial microbiota, Avi 2015, individual 1012	classification a 25 chromosomes (sept. 2026) : Hy ; depot du 2026-08-31 = Hy (12 chr) pour le nom scientifique, titre et nom commun restes a l'identification morphologique
DURANCE16S_15Avi1012Pt05A	ERS31168381	15Avi1012Pt05A	2015_Avi_1012	host common name	toxostome	nasus x toxostoma	classification a 25 chromosomes (sept. 2026) : Hy ; depot du 2026-08-31 = Hy (12 chr) pour le nom scientifique, titre et nom commun restes a l'identification morphologique
DURANCE16S_15BUe1007Ch05A	ERS31168382	15BUe1007Ch05A	2015_Bue_1007	TITLE	Chondrostoma sp. gill bacterial microbiota, Bue 2015, individual 1007	Chondrostoma nasus x Parachondrostoma toxostoma gill bacterial microbiota, Bue 2015, individual 1007	classification a 25 chromosomes (sept. 2026) : Hy ; depot du 2026-08-31 = Hy (12 chr) pour le nom scientifique, titre et nom commun restes a l'identification morphologique
DURANCE16S_15BUe1007Ch05A	ERS31168382	15BUe1007Ch05A	2015_Bue_1007	host common name	Chondrostoma sp.	nasus x toxostoma	classification a 25 chromosomes (sept. 2026) : Hy ; depot du 2026-08-31 = Hy (12 chr) pour le nom scientifique, titre et nom commun restes a l'identification morphologique
DURANCE16S_15BUe1015Ch05A	ERS31168383	15BUe1015Ch05A	2015_Bue_1015	TITLE	Chondrostoma sp. gill bacterial microbiota, Bue 2015, individual 1015	Parachondrostoma toxostoma gill bacterial microbiota, Bue 2015, individual 1015	classification a 25 chromosomes (sept. 2026) : Pt ; depot du 2026-08-31 = Pt (12 chr) pour le nom scientifique, titre et nom commun restes a l'identification morphologique
DURANCE16S_15BUe1015Ch05A	ERS31168383	15BUe1015Ch05A	2015_Bue_1015	host common name	Chondrostoma sp.	toxostome	classification a 25 chromosomes (sept. 2026) : Pt ; depot du 2026-08-31 = Pt (12 chr) pour le nom scientifique, titre et nom commun restes a l'identification morphologique
DURANCE16S_15Bau1005Ch05A	ERS31168384	15Bau1005Ch05A	2015_Bau_1005	TITLE	Chondrostoma sp. gill bacterial microbiota, Bau 2015, individual 1005	Parachondrostoma toxostoma gill bacterial microbiota, Bau 2015, individual 1005	classification a 25 chromosomes (sept. 2026) : Pt ; depot du 2026-08-31 = Pt (12 chr) pour le nom scientifique, titre et nom commun restes a l'identification morphologique
DURANCE16S_15Bau1005Ch05A	ERS31168384	15Bau1005Ch05A	2015_Bau_1005	host common name	Chondrostoma sp.	toxostome	classification a 25 chromosomes (sept. 2026) : Pt ; depot du 2026-08-31 = Pt (12 chr) pour le nom scientifique, titre et nom commun restes a l'identification morphologique
DURANCE16S_15Bau1013Ch05A	ERS31168385	15Bau1013Ch05A	2015_Bau_1013	TITLE	Chondrostoma sp. gill bacterial microbiota, Bau 2015, individual 1013	Parachondrostoma toxostoma gill bacterial microbiota, Bau 2015, individual 1013	classification a 25 chromosomes (sept. 2026) : Pt ; depot du 2026-08-31 = Pt (12 chr) pour le nom scientifique, titre et nom commun restes a l'identification morphologique
DURANCE16S_15Bau1013Ch05A	ERS31168385	15Bau1013Ch05A	2015_Bau_1013	host common name	Chondrostoma sp.	toxostome	classification a 25 chromosomes (sept. 2026) : Pt ; depot du 2026-08-31 = Pt (12 chr) pour le nom scientifique, titre et nom commun restes a l'identification morphologique
DURANCE16S_15Bau1021Ch05A	ERS31168386	15Bau1021Ch05A	2015_Bau_1021	TITLE	Chondrostoma sp. gill bacterial microbiota, Bau 2015, individual 1021	Chondrostoma nasus x Parachondrostoma toxostoma gill bacterial microbiota, Bau 2015, individual 1021	classification a 25 chromosomes (sept. 2026) : Hy ; depot du 2026-08-31 = Pt (12 chr) pour le nom scientifique, titre et nom commun restes a l'identification morphologique
DURANCE16S_15Bau1021Ch05A	ERS31168386	15Bau1021Ch05A	2015_Bau_1021	host scientific name	Parachondrostoma toxostoma	Chondrostoma nasus x Parachondrostoma toxostoma	classification a 25 chromosomes (sept. 2026) : Hy ; depot du 2026-08-31 = Pt (12 chr) pour le nom scientifique, titre et nom commun restes a l'identification morphologique
DURANCE16S_15Bau1021Ch05A	ERS31168386	15Bau1021Ch05A	2015_Bau_1021	host common name	Chondrostoma sp.	nasus x toxostoma	classification a 25 chromosomes (sept. 2026) : Hy ; depot du 2026-08-31 = Pt (12 chr) pour le nom scientifique, titre et nom commun restes a l'identification morphologique
DURANCE16S_15Jus1004Ch05A	ERS31168387	15Jus1004Ch05A	2015_Jus_1004	TITLE	Chondrostoma sp. gill bacterial microbiota, Jus 2015, individual 1004	Chondrostoma nasus x Parachondrostoma toxostoma gill bacterial microbiota, Jus 2015, individual 1004	classification a 25 chromosomes (sept. 2026) : Hy ; depot du 2026-08-31 = Pt (12 chr) pour le nom scientifique, titre et nom commun restes a l'identification morphologique
DURANCE16S_15Jus1004Ch05A	ERS31168387	15Jus1004Ch05A	2015_Jus_1004	host scientific name	Parachondrostoma toxostoma	Chondrostoma nasus x Parachondrostoma toxostoma	classification a 25 chromosomes (sept. 2026) : Hy ; depot du 2026-08-31 = Pt (12 chr) pour le nom scientifique, titre et nom commun restes a l'identification morphologique
DURANCE16S_15Jus1004Ch05A	ERS31168387	15Jus1004Ch05A	2015_Jus_1004	host common name	Chondrostoma sp.	nasus x toxostoma	classification a 25 chromosomes (sept. 2026) : Hy ; depot du 2026-08-31 = Pt (12 chr) pour le nom scientifique, titre et nom commun restes a l'identification morphologique
DURANCE16S_15Jus1012Ch05A	ERS31168388	15Jus1012Ch05A	2015_Jus_1012	TITLE	Chondrostoma sp. gill bacterial microbiota, Jus 2015, individual 1012	Chondrostoma nasus gill bacterial microbiota, Jus 2015, individual 1012	classification a 25 chromosomes (sept. 2026) : Cn ; depot du 2026-08-31 = Cn (12 chr) pour le nom scientifique, titre et nom commun restes a l'identification morphologique
DURANCE16S_15Jus1012Ch05A	ERS31168388	15Jus1012Ch05A	2015_Jus_1012	host common name	Chondrostoma sp.	nase	classification a 25 chromosomes (sept. 2026) : Cn ; depot du 2026-08-31 = Cn (12 chr) pour le nom scientifique, titre et nom commun restes a l'identification morphologique
DURANCE16S_15Caa1001Ch05A	ERS31168389	15Caa1001Ch05A	2015_Caa_1001	TITLE	Chondrostoma sp. gill bacterial microbiota, Caa 2015, individual 1001	Chondrostoma nasus gill bacterial microbiota, Caa 2015, individual 1001	classification a 25 chromosomes (sept. 2026) : Cn ; depot du 2026-08-31 = Cn (12 chr) pour le nom scientifique, titre et nom commun restes a l'identification morphologique
DURANCE16S_15Caa1001Ch05A	ERS31168389	15Caa1001Ch05A	2015_Caa_1001	host common name	Chondrostoma sp.	nase	classification a 25 chromosomes (sept. 2026) : Cn ; depot du 2026-08-31 = Cn (12 chr) pour le nom scientifique, titre et nom commun restes a l'identification morphologique
DURANCE16S_15Caa1009Ch05A	ERS31168390	15Caa1009Ch05A	2015_Caa_1009	TITLE	Chondrostoma sp. gill bacterial microbiota, Caa 2015, individual 1009	Chondrostoma nasus gill bacterial microbiota, Caa 2015, individual 1009	classification a 25 chromosomes (sept. 2026) : Cn ; depot du 2026-08-31 = Cn (12 chr) pour le nom scientifique, titre et nom commun restes a l'identification morphologique
DURANCE16S_15Caa1009Ch05A	ERS31168390	15Caa1009Ch05A	2015_Caa_1009	host common name	Chondrostoma sp.	nase	classification a 25 chromosomes (sept. 2026) : Cn ; depot du 2026-08-31 = Cn (12 chr) pour le nom scientifique, titre et nom commun restes a l'identification morphologique
DURANCE16S_15Caa1017Ch05A	ERS31168391	15Caa1017Ch05A	2015_Caa_1017	TITLE	Chondrostoma sp. gill bacterial microbiota, Caa 2015, individual 1017	Chondrostoma nasus x Parachondrostoma toxostoma gill bacterial microbiota, Caa 2015, individual 1017	classification a 25 chromosomes (sept. 2026) : Hy ; depot du 2026-08-31 = Hy (12 chr) pour le nom scientifique, titre et nom commun restes a l'identification morphologique
DURANCE16S_15Caa1017Ch05A	ERS31168391	15Caa1017Ch05A	2015_Caa_1017	host common name	Chondrostoma sp.	nasus x toxostoma	classification a 25 chromosomes (sept. 2026) : Hy ; depot du 2026-08-31 = Hy (12 chr) pour le nom scientifique, titre et nom commun restes a l'identification morphologique
DURANCE16S_15Avi1013Pt05A	ERS31168393	15Avi1013Pt05A	2015_Avi_1013	TITLE	Parachondrostoma toxostoma gill bacterial microbiota, Avi 2015, individual 1013	Chondrostoma nasus x Parachondrostoma toxostoma gill bacterial microbiota, Avi 2015, individual 1013	classification a 25 chromosomes (sept. 2026) : Hy ; depot du 2026-08-31 = Hy (12 chr) pour le nom scientifique, titre et nom commun restes a l'identification morphologique
DURANCE16S_15Avi1013Pt05A	ERS31168393	15Avi1013Pt05A	2015_Avi_1013	host common name	toxostome	nasus x toxostoma	classification a 25 chromosomes (sept. 2026) : Hy ; depot du 2026-08-31 = Hy (12 chr) pour le nom scientifique, titre et nom commun restes a l'identification morphologique
DURANCE16S_15BUe1008Ch05A	ERS31168394	15BUe1008Ch05A	2015_Bue_1008	TITLE	Chondrostoma sp. gill bacterial microbiota, Bue 2015, individual 1008	Parachondrostoma toxostoma gill bacterial microbiota, Bue 2015, individual 1008	classification a 25 chromosomes (sept. 2026) : Pt ; depot du 2026-08-31 = Pt (12 chr) pour le nom scientifique, titre et nom commun restes a l'identification morphologique
DURANCE16S_15BUe1008Ch05A	ERS31168394	15BUe1008Ch05A	2015_Bue_1008	host common name	Chondrostoma sp.	toxostome	classification a 25 chromosomes (sept. 2026) : Pt ; depot du 2026-08-31 = Pt (12 chr) pour le nom scientifique, titre et nom commun restes a l'identification morphologique
DURANCE16S_15BUe1016Ch05A	ERS31168395	15BUe1016Ch05A	2015_Bue_1016	TITLE	Chondrostoma sp. gill bacterial microbiota, Bue 2015, individual 1016	Chondrostoma nasus x Parachondrostoma toxostoma gill bacterial microbiota, Bue 2015, individual 1016	classification a 25 chromosomes (sept. 2026) : Hy ; depot du 2026-08-31 = Hy (12 chr) pour le nom scientifique, titre et nom commun restes a l'identification morphologique
DURANCE16S_15BUe1016Ch05A	ERS31168395	15BUe1016Ch05A	2015_Bue_1016	host common name	Chondrostoma sp.	nasus x toxostoma	classification a 25 chromosomes (sept. 2026) : Hy ; depot du 2026-08-31 = Hy (12 chr) pour le nom scientifique, titre et nom commun restes a l'identification morphologique
DURANCE16S_15Bau1006Ch05A	ERS31168396	15Bau1006Ch05A	2015_Bau_1006	TITLE	Chondrostoma sp. gill bacterial microbiota, Bau 2015, individual 1006	Chondrostoma nasus x Parachondrostoma toxostoma gill bacterial microbiota, Bau 2015, individual 1006	classification a 25 chromosomes (sept. 2026) : Hy ; depot du 2026-08-31 = Hy (12 chr) pour le nom scientifique, titre et nom commun restes a l'identification morphologique
DURANCE16S_15Bau1006Ch05A	ERS31168396	15Bau1006Ch05A	2015_Bau_1006	host common name	Chondrostoma sp.	nasus x toxostoma	classification a 25 chromosomes (sept. 2026) : Hy ; depot du 2026-08-31 = Hy (12 chr) pour le nom scientifique, titre et nom commun restes a l'identification morphologique
DURANCE16S_15Bau1014Ch05A	ERS31168397	15Bau1014Ch05A	2015_Bau_1014	TITLE	Chondrostoma sp. gill bacterial microbiota, Bau 2015, individual 1014	Parachondrostoma toxostoma gill bacterial microbiota, Bau 2015, individual 1014	classification a 25 chromosomes (sept. 2026) : Pt ; depot du 2026-08-31 = Pt (12 chr) pour le nom scientifique, titre et nom commun restes a l'identification morphologique
DURANCE16S_15Bau1014Ch05A	ERS31168397	15Bau1014Ch05A	2015_Bau_1014	host common name	Chondrostoma sp.	toxostome	classification a 25 chromosomes (sept. 2026) : Pt ; depot du 2026-08-31 = Pt (12 chr) pour le nom scientifique, titre et nom commun restes a l'identification morphologique
DURANCE16S_15Bau1022Ch05A	ERS31168398	15Bau1022Ch05A	2015_Bau_1022	TITLE	Chondrostoma sp. gill bacterial microbiota, Bau 2015, individual 1022	Parachondrostoma toxostoma gill bacterial microbiota, Bau 2015, individual 1022	classification a 25 chromosomes (sept. 2026) : Pt ; depot du 2026-08-31 = Pt (12 chr) pour le nom scientifique, titre et nom commun restes a l'identification morphologique
DURANCE16S_15Bau1022Ch05A	ERS31168398	15Bau1022Ch05A	2015_Bau_1022	host common name	Chondrostoma sp.	toxostome	classification a 25 chromosomes (sept. 2026) : Pt ; depot du 2026-08-31 = Pt (12 chr) pour le nom scientifique, titre et nom commun restes a l'identification morphologique
DURANCE16S_15Jus1005Ch05A	ERS31168399	15Jus1005Ch05A	2015_Jus_1005	TITLE	Chondrostoma sp. gill bacterial microbiota, Jus 2015, individual 1005	Chondrostoma nasus x Parachondrostoma toxostoma gill bacterial microbiota, Jus 2015, individual 1005	classification a 25 chromosomes (sept. 2026) : Hy ; depot du 2026-08-31 = Pt (12 chr) pour le nom scientifique, titre et nom commun restes a l'identification morphologique
DURANCE16S_15Jus1005Ch05A	ERS31168399	15Jus1005Ch05A	2015_Jus_1005	host scientific name	Parachondrostoma toxostoma	Chondrostoma nasus x Parachondrostoma toxostoma	classification a 25 chromosomes (sept. 2026) : Hy ; depot du 2026-08-31 = Pt (12 chr) pour le nom scientifique, titre et nom commun restes a l'identification morphologique
DURANCE16S_15Jus1005Ch05A	ERS31168399	15Jus1005Ch05A	2015_Jus_1005	host common name	Chondrostoma sp.	nasus x toxostoma	classification a 25 chromosomes (sept. 2026) : Hy ; depot du 2026-08-31 = Pt (12 chr) pour le nom scientifique, titre et nom commun restes a l'identification morphologique
DURANCE16S_15Jus1013Ch05A	ERS31168400	15Jus1013Ch05A	2015_Jus_1013	TITLE	Chondrostoma sp. gill bacterial microbiota, Jus 2015, individual 1013	Chondrostoma nasus gill bacterial microbiota, Jus 2015, individual 1013	classification a 25 chromosomes (sept. 2026) : Cn ; depot du 2026-08-31 = Cn (12 chr) pour le nom scientifique, titre et nom commun restes a l'identification morphologique
DURANCE16S_15Jus1013Ch05A	ERS31168400	15Jus1013Ch05A	2015_Jus_1013	host common name	Chondrostoma sp.	nase	classification a 25 chromosomes (sept. 2026) : Cn ; depot du 2026-08-31 = Cn (12 chr) pour le nom scientifique, titre et nom commun restes a l'identification morphologique
DURANCE16S_15Caa1002Ch05A	ERS31168401	15Caa1002Ch05A	2015_Caa_1002	TITLE	Chondrostoma sp. gill bacterial microbiota, Caa 2015, individual 1002	Chondrostoma nasus gill bacterial microbiota, Caa 2015, individual 1002	classification a 25 chromosomes (sept. 2026) : Cn ; depot du 2026-08-31 = Cn (12 chr) pour le nom scientifique, titre et nom commun restes a l'identification morphologique
DURANCE16S_15Caa1002Ch05A	ERS31168401	15Caa1002Ch05A	2015_Caa_1002	host common name	Chondrostoma sp.	nase	classification a 25 chromosomes (sept. 2026) : Cn ; depot du 2026-08-31 = Cn (12 chr) pour le nom scientifique, titre et nom commun restes a l'identification morphologique
DURANCE16S_15Caa1010Ch05A	ERS31168402	15Caa1010Ch05A	2015_Caa_1010	TITLE	Chondrostoma sp. gill bacterial microbiota, Caa 2015, individual 1010	Chondrostoma nasus gill bacterial microbiota, Caa 2015, individual 1010	classification a 25 chromosomes (sept. 2026) : Cn ; depot du 2026-08-31 = Cn (12 chr) pour le nom scientifique, titre et nom commun restes a l'identification morphologique
DURANCE16S_15Caa1010Ch05A	ERS31168402	15Caa1010Ch05A	2015_Caa_1010	host common name	Chondrostoma sp.	nase	classification a 25 chromosomes (sept. 2026) : Cn ; depot du 2026-08-31 = Cn (12 chr) pour le nom scientifique, titre et nom commun restes a l'identification morphologique
DURANCE16S_15Caa1018Ch05A	ERS31168403	15Caa1018Ch05A	2015_Caa_1018	TITLE	Chondrostoma sp. gill bacterial microbiota, Caa 2015, individual 1018	Parachondrostoma toxostoma gill bacterial microbiota, Caa 2015, individual 1018	classification a 25 chromosomes (sept. 2026) : Pt ; depot du 2026-08-31 = Pt (12 chr) pour le nom scientifique, titre et nom commun restes a l'identification morphologique
DURANCE16S_15Caa1018Ch05A	ERS31168403	15Caa1018Ch05A	2015_Caa_1018	host common name	Chondrostoma sp.	toxostome	classification a 25 chromosomes (sept. 2026) : Pt ; depot du 2026-08-31 = Pt (12 chr) pour le nom scientifique, titre et nom commun restes a l'identification morphologique
DURANCE16S_15Bue1001Ch05A	ERS31168405	15Bue1001Ch05A	2015_Bue_1001	TITLE	Chondrostoma sp. gill bacterial microbiota, Bue 2015, individual 1001	Chondrostoma nasus gill bacterial microbiota, Bue 2015, individual 1001	classification a 25 chromosomes (sept. 2026) : Cn ; depot du 2026-08-31 = Cn (12 chr) pour le nom scientifique, titre et nom commun restes a l'identification morphologique
DURANCE16S_15Bue1001Ch05A	ERS31168405	15Bue1001Ch05A	2015_Bue_1001	host common name	Chondrostoma sp.	nase	classification a 25 chromosomes (sept. 2026) : Cn ; depot du 2026-08-31 = Cn (12 chr) pour le nom scientifique, titre et nom commun restes a l'identification morphologique
DURANCE16S_15BUe1009Ch05A	ERS31168406	15BUe1009Ch05A	2015_Bue_1009	TITLE	Chondrostoma sp. gill bacterial microbiota, Bue 2015, individual 1009	Chondrostoma nasus x Parachondrostoma toxostoma gill bacterial microbiota, Bue 2015, individual 1009	classification a 25 chromosomes (sept. 2026) : Hy ; depot du 2026-08-31 = Hy (12 chr) pour le nom scientifique, titre et nom commun restes a l'identification morphologique
DURANCE16S_15BUe1009Ch05A	ERS31168406	15BUe1009Ch05A	2015_Bue_1009	host common name	Chondrostoma sp.	nasus x toxostoma	classification a 25 chromosomes (sept. 2026) : Hy ; depot du 2026-08-31 = Hy (12 chr) pour le nom scientifique, titre et nom commun restes a l'identification morphologique
DURANCE16S_15BUe1017Ch05A	ERS31168407	15BUe1017Ch05A	2015_Bue_1017	TITLE	Chondrostoma sp. gill bacterial microbiota, Bue 2015, individual 1017	Chondrostoma nasus gill bacterial microbiota, Bue 2015, individual 1017	classification a 25 chromosomes (sept. 2026) : Cn ; depot du 2026-08-31 = Cn (12 chr) pour le nom scientifique, titre et nom commun restes a l'identification morphologique
DURANCE16S_15BUe1017Ch05A	ERS31168407	15BUe1017Ch05A	2015_Bue_1017	host common name	Chondrostoma sp.	nase	classification a 25 chromosomes (sept. 2026) : Cn ; depot du 2026-08-31 = Cn (12 chr) pour le nom scientifique, titre et nom commun restes a l'identification morphologique
DURANCE16S_15Bau1007Ch05A	ERS31168408	15Bau1007Ch05A	2015_Bau_1007	TITLE	Chondrostoma sp. gill bacterial microbiota, Bau 2015, individual 1007	Parachondrostoma toxostoma gill bacterial microbiota, Bau 2015, individual 1007	classification a 25 chromosomes (sept. 2026) : Pt ; depot du 2026-08-31 = Pt (12 chr) pour le nom scientifique, titre et nom commun restes a l'identification morphologique
DURANCE16S_15Bau1007Ch05A	ERS31168408	15Bau1007Ch05A	2015_Bau_1007	host common name	Chondrostoma sp.	toxostome	classification a 25 chromosomes (sept. 2026) : Pt ; depot du 2026-08-31 = Pt (12 chr) pour le nom scientifique, titre et nom commun restes a l'identification morphologique
DURANCE16S_15Bau1015Ch05A	ERS31168409	15Bau1015Ch05A	2015_Bau_1015	TITLE	Chondrostoma sp. gill bacterial microbiota, Bau 2015, individual 1015	Parachondrostoma toxostoma gill bacterial microbiota, Bau 2015, individual 1015	classification a 25 chromosomes (sept. 2026) : Pt ; depot du 2026-08-31 = Pt (12 chr) pour le nom scientifique, titre et nom commun restes a l'identification morphologique
DURANCE16S_15Bau1015Ch05A	ERS31168409	15Bau1015Ch05A	2015_Bau_1015	host common name	Chondrostoma sp.	toxostome	classification a 25 chromosomes (sept. 2026) : Pt ; depot du 2026-08-31 = Pt (12 chr) pour le nom scientifique, titre et nom commun restes a l'identification morphologique
DURANCE16S_15Bau1023Ch05A	ERS31168410	15Bau1023Ch05A	2015_Bau_1023	TITLE	Chondrostoma sp. gill bacterial microbiota, Bau 2015, individual 1023	Parachondrostoma toxostoma gill bacterial microbiota, Bau 2015, individual 1023	classification a 25 chromosomes (sept. 2026) : Pt ; depot du 2026-08-31 = Pt (12 chr) pour le nom scientifique, titre et nom commun restes a l'identification morphologique
DURANCE16S_15Bau1023Ch05A	ERS31168410	15Bau1023Ch05A	2015_Bau_1023	host common name	Chondrostoma sp.	toxostome	classification a 25 chromosomes (sept. 2026) : Pt ; depot du 2026-08-31 = Pt (12 chr) pour le nom scientifique, titre et nom commun restes a l'identification morphologique
DURANCE16S_15Jus1006Ch05A	ERS31168411	15Jus1006Ch05A	2015_Jus_1006	TITLE	Chondrostoma sp. gill bacterial microbiota, Jus 2015, individual 1006	Parachondrostoma toxostoma gill bacterial microbiota, Jus 2015, individual 1006	classification a 25 chromosomes (sept. 2026) : Pt ; depot du 2026-08-31 = Pt (12 chr) pour le nom scientifique, titre et nom commun restes a l'identification morphologique
DURANCE16S_15Jus1006Ch05A	ERS31168411	15Jus1006Ch05A	2015_Jus_1006	host common name	Chondrostoma sp.	toxostome	classification a 25 chromosomes (sept. 2026) : Pt ; depot du 2026-08-31 = Pt (12 chr) pour le nom scientifique, titre et nom commun restes a l'identification morphologique
DURANCE16S_15Jus1014Ch05A	ERS31168412	15Jus1014Ch05A	2015_Jus_1014	TITLE	Chondrostoma sp. gill bacterial microbiota, Jus 2015, individual 1014	Chondrostoma nasus gill bacterial microbiota, Jus 2015, individual 1014	classification a 25 chromosomes (sept. 2026) : Cn ; depot du 2026-08-31 = Cn (12 chr) pour le nom scientifique, titre et nom commun restes a l'identification morphologique
DURANCE16S_15Jus1014Ch05A	ERS31168412	15Jus1014Ch05A	2015_Jus_1014	host common name	Chondrostoma sp.	nase	classification a 25 chromosomes (sept. 2026) : Cn ; depot du 2026-08-31 = Cn (12 chr) pour le nom scientifique, titre et nom commun restes a l'identification morphologique
DURANCE16S_15Caa1003Ch05A	ERS31168413	15Caa1003Ch05A	2015_Caa_1003	TITLE	Chondrostoma sp. gill bacterial microbiota, Caa 2015, individual 1003	Chondrostoma nasus gill bacterial microbiota, Caa 2015, individual 1003	classification a 25 chromosomes (sept. 2026) : Cn ; depot du 2026-08-31 = Cn (12 chr) pour le nom scientifique, titre et nom commun restes a l'identification morphologique
DURANCE16S_15Caa1003Ch05A	ERS31168413	15Caa1003Ch05A	2015_Caa_1003	host common name	Chondrostoma sp.	nase	classification a 25 chromosomes (sept. 2026) : Cn ; depot du 2026-08-31 = Cn (12 chr) pour le nom scientifique, titre et nom commun restes a l'identification morphologique
DURANCE16S_15Caa1011Ch05A	ERS31168414	15Caa1011Ch05A	2015_Caa_1011	TITLE	Chondrostoma sp. gill bacterial microbiota, Caa 2015, individual 1011	Parachondrostoma toxostoma gill bacterial microbiota, Caa 2015, individual 1011	classification a 25 chromosomes (sept. 2026) : Pt ; depot du 2026-08-31 = Pt (12 chr) pour le nom scientifique, titre et nom commun restes a l'identification morphologique
DURANCE16S_15Caa1011Ch05A	ERS31168414	15Caa1011Ch05A	2015_Caa_1011	host common name	Chondrostoma sp.	toxostome	classification a 25 chromosomes (sept. 2026) : Pt ; depot du 2026-08-31 = Pt (12 chr) pour le nom scientifique, titre et nom commun restes a l'identification morphologique
DURANCE16S_15Caa1019Ch05A	ERS31168415	15Caa1019Ch05A	2015_Caa_1019	TITLE	Chondrostoma sp. gill bacterial microbiota, Caa 2015, individual 1019	Chondrostoma nasus x Parachondrostoma toxostoma gill bacterial microbiota, Caa 2015, individual 1019	classification a 25 chromosomes (sept. 2026) : Hy ; depot du 2026-08-31 = Pt (12 chr) pour le nom scientifique, titre et nom commun restes a l'identification morphologique
DURANCE16S_15Caa1019Ch05A	ERS31168415	15Caa1019Ch05A	2015_Caa_1019	host scientific name	Parachondrostoma toxostoma	Chondrostoma nasus x Parachondrostoma toxostoma	classification a 25 chromosomes (sept. 2026) : Hy ; depot du 2026-08-31 = Pt (12 chr) pour le nom scientifique, titre et nom commun restes a l'identification morphologique
DURANCE16S_15Caa1019Ch05A	ERS31168415	15Caa1019Ch05A	2015_Caa_1019	host common name	Chondrostoma sp.	nasus x toxostoma	classification a 25 chromosomes (sept. 2026) : Hy ; depot du 2026-08-31 = Pt (12 chr) pour le nom scientifique, titre et nom commun restes a l'identification morphologique
DURANCE16S_15BUe1002Ch05A	ERS31168417	15BUe1002Ch05A	2015_Bue_1002	TITLE	Chondrostoma sp. gill bacterial microbiota, Bue 2015, individual 1002	Chondrostoma nasus gill bacterial microbiota, Bue 2015, individual 1002	classification a 25 chromosomes (sept. 2026) : Cn ; depot du 2026-08-31 = Cn (12 chr) pour le nom scientifique, titre et nom commun restes a l'identification morphologique
DURANCE16S_15BUe1002Ch05A	ERS31168417	15BUe1002Ch05A	2015_Bue_1002	host common name	Chondrostoma sp.	nase	classification a 25 chromosomes (sept. 2026) : Cn ; depot du 2026-08-31 = Cn (12 chr) pour le nom scientifique, titre et nom commun restes a l'identification morphologique
DURANCE16S_15BUe1010Ch05A	ERS31168418	15BUe1010Ch05A	2015_Bue_1010	TITLE	Chondrostoma sp. gill bacterial microbiota, Bue 2015, individual 1010	Chondrostoma nasus x Parachondrostoma toxostoma gill bacterial microbiota, Bue 2015, individual 1010	classification a 25 chromosomes (sept. 2026) : Hy ; depot du 2026-08-31 = Hy (12 chr) pour le nom scientifique, titre et nom commun restes a l'identification morphologique
DURANCE16S_15BUe1010Ch05A	ERS31168418	15BUe1010Ch05A	2015_Bue_1010	host common name	Chondrostoma sp.	nasus x toxostoma	classification a 25 chromosomes (sept. 2026) : Hy ; depot du 2026-08-31 = Hy (12 chr) pour le nom scientifique, titre et nom commun restes a l'identification morphologique
DURANCE16S_15BUe1018Ch05A	ERS31168419	15BUe1018Ch05A	2015_Bue_1018	TITLE	Chondrostoma sp. gill bacterial microbiota, Bue 2015, individual 1018	Chondrostoma nasus x Parachondrostoma toxostoma gill bacterial microbiota, Bue 2015, individual 1018	classification a 25 chromosomes (sept. 2026) : Hy ; depot du 2026-08-31 = Hy (12 chr) pour le nom scientifique, titre et nom commun restes a l'identification morphologique
DURANCE16S_15BUe1018Ch05A	ERS31168419	15BUe1018Ch05A	2015_Bue_1018	host common name	Chondrostoma sp.	nasus x toxostoma	classification a 25 chromosomes (sept. 2026) : Hy ; depot du 2026-08-31 = Hy (12 chr) pour le nom scientifique, titre et nom commun restes a l'identification morphologique
DURANCE16S_15Bau1008Ch05A	ERS31168420	15Bau1008Ch05A	2015_Bau_1008	TITLE	Chondrostoma sp. gill bacterial microbiota, Bau 2015, individual 1008	Parachondrostoma toxostoma gill bacterial microbiota, Bau 2015, individual 1008	classification a 25 chromosomes (sept. 2026) : Pt ; depot du 2026-08-31 = Pt (12 chr) pour le nom scientifique, titre et nom commun restes a l'identification morphologique
DURANCE16S_15Bau1008Ch05A	ERS31168420	15Bau1008Ch05A	2015_Bau_1008	host common name	Chondrostoma sp.	toxostome	classification a 25 chromosomes (sept. 2026) : Pt ; depot du 2026-08-31 = Pt (12 chr) pour le nom scientifique, titre et nom commun restes a l'identification morphologique
DURANCE16S_15Bau1016Ch05A	ERS31168421	15Bau1016Ch05A	2015_Bau_1016	TITLE	Chondrostoma sp. gill bacterial microbiota, Bau 2015, individual 1016	Chondrostoma nasus x Parachondrostoma toxostoma gill bacterial microbiota, Bau 2015, individual 1016	classification a 25 chromosomes (sept. 2026) : Hy ; depot du 2026-08-31 = Hy (12 chr) pour le nom scientifique, titre et nom commun restes a l'identification morphologique
DURANCE16S_15Bau1016Ch05A	ERS31168421	15Bau1016Ch05A	2015_Bau_1016	host common name	Chondrostoma sp.	nasus x toxostoma	classification a 25 chromosomes (sept. 2026) : Hy ; depot du 2026-08-31 = Hy (12 chr) pour le nom scientifique, titre et nom commun restes a l'identification morphologique
DURANCE16S_15Bau1024Ch05A	ERS31168422	15Bau1024Ch05A	2015_Bau_1024	TITLE	Chondrostoma sp. gill bacterial microbiota, Bau 2015, individual 1024	Parachondrostoma toxostoma gill bacterial microbiota, Bau 2015, individual 1024	classification a 25 chromosomes (sept. 2026) : Pt ; depot du 2026-08-31 = Pt (12 chr) pour le nom scientifique, titre et nom commun restes a l'identification morphologique
DURANCE16S_15Bau1024Ch05A	ERS31168422	15Bau1024Ch05A	2015_Bau_1024	host common name	Chondrostoma sp.	toxostome	classification a 25 chromosomes (sept. 2026) : Pt ; depot du 2026-08-31 = Pt (12 chr) pour le nom scientifique, titre et nom commun restes a l'identification morphologique
DURANCE16S_15Jus1007Ch05A	ERS31168423	15Jus1007Ch05A	2015_Jus_1007	TITLE	Chondrostoma sp. gill bacterial microbiota, Jus 2015, individual 1007	Parachondrostoma toxostoma gill bacterial microbiota, Jus 2015, individual 1007	classification a 25 chromosomes (sept. 2026) : Pt ; depot du 2026-08-31 = Pt (12 chr) pour le nom scientifique, titre et nom commun restes a l'identification morphologique
DURANCE16S_15Jus1007Ch05A	ERS31168423	15Jus1007Ch05A	2015_Jus_1007	host common name	Chondrostoma sp.	toxostome	classification a 25 chromosomes (sept. 2026) : Pt ; depot du 2026-08-31 = Pt (12 chr) pour le nom scientifique, titre et nom commun restes a l'identification morphologique
DURANCE16S_15Jus1015Ch05A	ERS31168424	15Jus1015Ch05A	2015_Jus_1015	TITLE	Chondrostoma sp. gill bacterial microbiota, Jus 2015, individual 1015	Chondrostoma nasus gill bacterial microbiota, Jus 2015, individual 1015	classification a 25 chromosomes (sept. 2026) : Cn ; depot du 2026-08-31 = Cn (12 chr) pour le nom scientifique, titre et nom commun restes a l'identification morphologique
DURANCE16S_15Jus1015Ch05A	ERS31168424	15Jus1015Ch05A	2015_Jus_1015	host common name	Chondrostoma sp.	nase	classification a 25 chromosomes (sept. 2026) : Cn ; depot du 2026-08-31 = Cn (12 chr) pour le nom scientifique, titre et nom commun restes a l'identification morphologique
DURANCE16S_15Caa1004Ch05A	ERS31168425	15Caa1004Ch05A	2015_Caa_1004	TITLE	Chondrostoma sp. gill bacterial microbiota, Caa 2015, individual 1004	Chondrostoma nasus gill bacterial microbiota, Caa 2015, individual 1004	classification a 25 chromosomes (sept. 2026) : Cn ; depot du 2026-08-31 = Cn (12 chr) pour le nom scientifique, titre et nom commun restes a l'identification morphologique
DURANCE16S_15Caa1004Ch05A	ERS31168425	15Caa1004Ch05A	2015_Caa_1004	host common name	Chondrostoma sp.	nase	classification a 25 chromosomes (sept. 2026) : Cn ; depot du 2026-08-31 = Cn (12 chr) pour le nom scientifique, titre et nom commun restes a l'identification morphologique
DURANCE16S_15Caa1012Ch05A	ERS31168426	15Caa1012Ch05A	2015_Caa_1012	TITLE	Chondrostoma sp. gill bacterial microbiota, Caa 2015, individual 1012	Parachondrostoma toxostoma gill bacterial microbiota, Caa 2015, individual 1012	classification a 25 chromosomes (sept. 2026) : Pt ; depot du 2026-08-31 = Pt (12 chr) pour le nom scientifique, titre et nom commun restes a l'identification morphologique
DURANCE16S_15Caa1012Ch05A	ERS31168426	15Caa1012Ch05A	2015_Caa_1012	host common name	Chondrostoma sp.	toxostome	classification a 25 chromosomes (sept. 2026) : Pt ; depot du 2026-08-31 = Pt (12 chr) pour le nom scientifique, titre et nom commun restes a l'identification morphologique
DURANCE16S_15Caa1020Ch05A	ERS31168427	15Caa1020Ch05A	2015_Caa_1020	TITLE	Chondrostoma sp. gill bacterial microbiota, Caa 2015, individual 1020	Parachondrostoma toxostoma gill bacterial microbiota, Caa 2015, individual 1020	classification a 25 chromosomes (sept. 2026) : Pt ; depot du 2026-08-31 = Pt (12 chr) pour le nom scientifique, titre et nom commun restes a l'identification morphologique
DURANCE16S_15Caa1020Ch05A	ERS31168427	15Caa1020Ch05A	2015_Caa_1020	host common name	Chondrostoma sp.	toxostome	classification a 25 chromosomes (sept. 2026) : Pt ; depot du 2026-08-31 = Pt (12 chr) pour le nom scientifique, titre et nom commun restes a l'identification morphologique
DURANCE16S_15BUe1003Ch05A	ERS31168429	15BUe1003Ch05A	2015_Bue_1003	TITLE	Chondrostoma sp. gill bacterial microbiota, Bue 2015, individual 1003	Chondrostoma nasus gill bacterial microbiota, Bue 2015, individual 1003	classification a 25 chromosomes (sept. 2026) : Cn ; depot du 2026-08-31 = Cn (12 chr) pour le nom scientifique, titre et nom commun restes a l'identification morphologique
DURANCE16S_15BUe1003Ch05A	ERS31168429	15BUe1003Ch05A	2015_Bue_1003	host common name	Chondrostoma sp.	nase	classification a 25 chromosomes (sept. 2026) : Cn ; depot du 2026-08-31 = Cn (12 chr) pour le nom scientifique, titre et nom commun restes a l'identification morphologique
DURANCE16S_15BUe1011Ch05A	ERS31168430	15BUe1011Ch05A	2015_Bue_1011	TITLE	Chondrostoma sp. gill bacterial microbiota, Bue 2015, individual 1011	Chondrostoma nasus x Parachondrostoma toxostoma gill bacterial microbiota, Bue 2015, individual 1011	classification a 25 chromosomes (sept. 2026) : Hy ; depot du 2026-08-31 = Hy (12 chr) pour le nom scientifique, titre et nom commun restes a l'identification morphologique
DURANCE16S_15BUe1011Ch05A	ERS31168430	15BUe1011Ch05A	2015_Bue_1011	host common name	Chondrostoma sp.	nasus x toxostoma	classification a 25 chromosomes (sept. 2026) : Hy ; depot du 2026-08-31 = Hy (12 chr) pour le nom scientifique, titre et nom commun restes a l'identification morphologique
DURANCE16S_15Cab1003Ch03A	ERS31168434	15Cab1003Ch03A	2015_Cab_1003	TITLE	Chondrostoma sp. hindgut bacterial microbiota, Cab 2015, individual 1003	Chondrostoma nasus hindgut bacterial microbiota, Cab 2015, individual 1003	classification a 25 chromosomes (sept. 2026) : Cn ; depot du 2026-08-31 = Cn (12 chr) pour le nom scientifique, titre et nom commun restes a l'identification morphologique
DURANCE16S_15Cab1003Ch03A	ERS31168434	15Cab1003Ch03A	2015_Cab_1003	host common name	Chondrostoma sp.	nase	classification a 25 chromosomes (sept. 2026) : Cn ; depot du 2026-08-31 = Cn (12 chr) pour le nom scientifique, titre et nom commun restes a l'identification morphologique
DURANCE16S_15Cab1011Ch03A	ERS31168435	15Cab1011Ch03A	2015_Cab_1011	TITLE	Chondrostoma sp. hindgut bacterial microbiota, Cab 2015, individual 1011	Parachondrostoma toxostoma hindgut bacterial microbiota, Cab 2015, individual 1011	classification a 25 chromosomes (sept. 2026) : Pt ; depot du 2026-08-31 = Pt (12 chr) pour le nom scientifique, titre et nom commun restes a l'identification morphologique
DURANCE16S_15Cab1011Ch03A	ERS31168435	15Cab1011Ch03A	2015_Cab_1011	host common name	Chondrostoma sp.	toxostome	classification a 25 chromosomes (sept. 2026) : Pt ; depot du 2026-08-31 = Pt (12 chr) pour le nom scientifique, titre et nom commun restes a l'identification morphologique
DURANCE16S_15Cab1019Ch03A	ERS31168436	15Cab1019Ch03A	2015_Cab_1019	TITLE	Chondrostoma sp. hindgut bacterial microbiota, Cab 2015, individual 1019	Parachondrostoma toxostoma hindgut bacterial microbiota, Cab 2015, individual 1019	classification a 25 chromosomes (sept. 2026) : Pt ; depot du 2026-08-31 = Pt (12 chr) pour le nom scientifique, titre et nom commun restes a l'identification morphologique
DURANCE16S_15Cab1019Ch03A	ERS31168436	15Cab1019Ch03A	2015_Cab_1019	host common name	Chondrostoma sp.	toxostome	classification a 25 chromosomes (sept. 2026) : Pt ; depot du 2026-08-31 = Pt (12 chr) pour le nom scientifique, titre et nom commun restes a l'identification morphologique
DURANCE16S_14Bue1015Ch03A	ERS31168439	14Bue1015Ch03A	2014_Bue_1015	TITLE	Chondrostoma sp. hindgut bacterial microbiota, Bue 2014, individual 1015	Parachondrostoma toxostoma hindgut bacterial microbiota, Bue 2014, individual 1015	classification a 25 chromosomes (sept. 2026) : Pt ; depot du 2026-08-31 = Pt (12 chr) pour le nom scientifique, titre et nom commun restes a l'identification morphologique
DURANCE16S_14Bue1015Ch03A	ERS31168439	14Bue1015Ch03A	2014_Bue_1015	host common name	Chondrostoma sp.	toxostome	classification a 25 chromosomes (sept. 2026) : Pt ; depot du 2026-08-31 = Pt (12 chr) pour le nom scientifique, titre et nom commun restes a l'identification morphologique
DURANCE16S_14Man1011Ch03A	ERS31168440	14Man1011Ch03A	2014_Man_1011	TITLE	Chondrostoma sp. hindgut bacterial microbiota, Man 2014, individual 1011	Chondrostoma nasus x Parachondrostoma toxostoma hindgut bacterial microbiota, Man 2014, individual 1011	classification a 25 chromosomes (sept. 2026) : Hy ; depot du 2026-08-31 = Pt (12 chr) pour le nom scientifique, titre et nom commun restes a l'identification morphologique
DURANCE16S_14Man1011Ch03A	ERS31168440	14Man1011Ch03A	2014_Man_1011	host scientific name	Parachondrostoma toxostoma	Chondrostoma nasus x Parachondrostoma toxostoma	classification a 25 chromosomes (sept. 2026) : Hy ; depot du 2026-08-31 = Pt (12 chr) pour le nom scientifique, titre et nom commun restes a l'identification morphologique
DURANCE16S_14Man1011Ch03A	ERS31168440	14Man1011Ch03A	2014_Man_1011	host common name	Chondrostoma sp.	nasus x toxostoma	classification a 25 chromosomes (sept. 2026) : Hy ; depot du 2026-08-31 = Pt (12 chr) pour le nom scientifique, titre et nom commun restes a l'identification morphologique
DURANCE16S_14Man1019Ch03A	ERS31168441	14Man1019Ch03A	2014_Man_1019	TITLE	Chondrostoma sp. hindgut bacterial microbiota, Man 2014, individual 1019	Parachondrostoma toxostoma hindgut bacterial microbiota, Man 2014, individual 1019	classification a 25 chromosomes (sept. 2026) : Pt ; depot du 2026-08-31 = Pt (12 chr) pour le nom scientifique, titre et nom commun restes a l'identification morphologique
DURANCE16S_14Man1019Ch03A	ERS31168441	14Man1019Ch03A	2014_Man_1019	host common name	Chondrostoma sp.	toxostome	classification a 25 chromosomes (sept. 2026) : Pt ; depot du 2026-08-31 = Pt (12 chr) pour le nom scientifique, titre et nom commun restes a l'identification morphologique
DURANCE16S_14Per2011Ch03A	ERS31168442	14Per2011Ch03A	2014_Per_2011	TITLE	Chondrostoma sp. hindgut bacterial microbiota, Per 2014, individual 2011	Parachondrostoma toxostoma hindgut bacterial microbiota, Per 2014, individual 2011	classification a 25 chromosomes (sept. 2026) : Pt ; depot du 2026-08-31 = Pt (12 chr) pour le nom scientifique, titre et nom commun restes a l'identification morphologique
DURANCE16S_14Per2011Ch03A	ERS31168442	14Per2011Ch03A	2014_Per_2011	host common name	Chondrostoma sp.	toxostome	classification a 25 chromosomes (sept. 2026) : Pt ; depot du 2026-08-31 = Pt (12 chr) pour le nom scientifique, titre et nom commun restes a l'identification morphologique
DURANCE16S_14Per2011Ch03A-bis	ERS31168443	14Per2011Ch03A-bis	2014_Per_2011	TITLE	Chondrostoma sp. hindgut bacterial microbiota, Per 2014, individual 2011	Parachondrostoma toxostoma hindgut bacterial microbiota, Per 2014, individual 2011	classification a 25 chromosomes (sept. 2026) : Pt ; depot du 2026-08-31 = Pt (12 chr) pour le nom scientifique, titre et nom commun restes a l'identification morphologique
DURANCE16S_14Per2011Ch03A-bis	ERS31168443	14Per2011Ch03A-bis	2014_Per_2011	host common name	Chondrostoma sp.	toxostome	classification a 25 chromosomes (sept. 2026) : Pt ; depot du 2026-08-31 = Pt (12 chr) pour le nom scientifique, titre et nom commun restes a l'identification morphologique
DURANCE16S_15Cab1004Ch03A	ERS31168446	15Cab1004Ch03A	2015_Cab_1004	TITLE	Chondrostoma sp. hindgut bacterial microbiota, Cab 2015, individual 1004	Chondrostoma nasus hindgut bacterial microbiota, Cab 2015, individual 1004	classification a 25 chromosomes (sept. 2026) : Cn ; depot du 2026-08-31 = Cn (12 chr) pour le nom scientifique, titre et nom commun restes a l'identification morphologique
DURANCE16S_15Cab1004Ch03A	ERS31168446	15Cab1004Ch03A	2015_Cab_1004	host common name	Chondrostoma sp.	nase	classification a 25 chromosomes (sept. 2026) : Cn ; depot du 2026-08-31 = Cn (12 chr) pour le nom scientifique, titre et nom commun restes a l'identification morphologique
DURANCE16S_15Cab1012Ch03A	ERS31168447	15Cab1012Ch03A	2015_Cab_1012	TITLE	Chondrostoma sp. hindgut bacterial microbiota, Cab 2015, individual 1012	Parachondrostoma toxostoma hindgut bacterial microbiota, Cab 2015, individual 1012	classification a 25 chromosomes (sept. 2026) : Pt ; depot du 2026-08-31 = Pt (12 chr) pour le nom scientifique, titre et nom commun restes a l'identification morphologique
DURANCE16S_15Cab1012Ch03A	ERS31168447	15Cab1012Ch03A	2015_Cab_1012	host common name	Chondrostoma sp.	toxostome	classification a 25 chromosomes (sept. 2026) : Pt ; depot du 2026-08-31 = Pt (12 chr) pour le nom scientifique, titre et nom commun restes a l'identification morphologique
DURANCE16S_14Bue1006Cn03A	ERS31168450	14Bue1006Cn03A	2014_Bue_1006	TITLE	Chondrostoma nasus hindgut bacterial microbiota, Bue 2014, individual 1006	Chondrostoma nasus x Parachondrostoma toxostoma hindgut bacterial microbiota, Bue 2014, individual 1006	classification a 25 chromosomes (sept. 2026) : Hy ; depot du 2026-08-31 = Hy (12 chr) pour le nom scientifique, titre et nom commun restes a l'identification morphologique
DURANCE16S_14Bue1006Cn03A	ERS31168450	14Bue1006Cn03A	2014_Bue_1006	host common name	nase	nasus x toxostoma	classification a 25 chromosomes (sept. 2026) : Hy ; depot du 2026-08-31 = Hy (12 chr) pour le nom scientifique, titre et nom commun restes a l'identification morphologique
DURANCE16S_14Bue1016Ch03A	ERS31168451	14Bue1016Ch03A	2014_Bue_1016	TITLE	Chondrostoma sp. hindgut bacterial microbiota, Bue 2014, individual 1016	Chondrostoma nasus x Parachondrostoma toxostoma hindgut bacterial microbiota, Bue 2014, individual 1016	classification a 25 chromosomes (sept. 2026) : Hy ; depot du 2026-08-31 = Pt (12 chr) pour le nom scientifique, titre et nom commun restes a l'identification morphologique
DURANCE16S_14Bue1016Ch03A	ERS31168451	14Bue1016Ch03A	2014_Bue_1016	host scientific name	Parachondrostoma toxostoma	Chondrostoma nasus x Parachondrostoma toxostoma	classification a 25 chromosomes (sept. 2026) : Hy ; depot du 2026-08-31 = Pt (12 chr) pour le nom scientifique, titre et nom commun restes a l'identification morphologique
DURANCE16S_14Bue1016Ch03A	ERS31168451	14Bue1016Ch03A	2014_Bue_1016	host common name	Chondrostoma sp.	nasus x toxostoma	classification a 25 chromosomes (sept. 2026) : Hy ; depot du 2026-08-31 = Pt (12 chr) pour le nom scientifique, titre et nom commun restes a l'identification morphologique
DURANCE16S_14Man1012Ch03A	ERS31168452	14Man1012Ch03A	2014_Man_1012	TITLE	Chondrostoma sp. hindgut bacterial microbiota, Man 2014, individual 1012	Parachondrostoma toxostoma hindgut bacterial microbiota, Man 2014, individual 1012	classification a 25 chromosomes (sept. 2026) : Pt ; depot du 2026-08-31 = Pt (12 chr) pour le nom scientifique, titre et nom commun restes a l'identification morphologique
DURANCE16S_14Man1012Ch03A	ERS31168452	14Man1012Ch03A	2014_Man_1012	host common name	Chondrostoma sp.	toxostome	classification a 25 chromosomes (sept. 2026) : Pt ; depot du 2026-08-31 = Pt (12 chr) pour le nom scientifique, titre et nom commun restes a l'identification morphologique
DURANCE16S_14Man1020Ch03A	ERS31168453	14Man1020Ch03A	2014_Man_1020	TITLE	Chondrostoma sp. hindgut bacterial microbiota, Man 2014, individual 1020	Chondrostoma nasus x Parachondrostoma toxostoma hindgut bacterial microbiota, Man 2014, individual 1020	classification a 25 chromosomes (sept. 2026) : Hy ; depot du 2026-08-31 = Pt (12 chr) pour le nom scientifique, titre et nom commun restes a l'identification morphologique
DURANCE16S_14Man1020Ch03A	ERS31168453	14Man1020Ch03A	2014_Man_1020	host scientific name	Parachondrostoma toxostoma	Chondrostoma nasus x Parachondrostoma toxostoma	classification a 25 chromosomes (sept. 2026) : Hy ; depot du 2026-08-31 = Pt (12 chr) pour le nom scientifique, titre et nom commun restes a l'identification morphologique
DURANCE16S_14Man1020Ch03A	ERS31168453	14Man1020Ch03A	2014_Man_1020	host common name	Chondrostoma sp.	nasus x toxostoma	classification a 25 chromosomes (sept. 2026) : Hy ; depot du 2026-08-31 = Pt (12 chr) pour le nom scientifique, titre et nom commun restes a l'identification morphologique
DURANCE16S_14Per2012Ch03A	ERS31168454	14Per2012Ch03A	2014_Per_2012	TITLE	Chondrostoma sp. hindgut bacterial microbiota, Per 2014, individual 2012	Parachondrostoma toxostoma hindgut bacterial microbiota, Per 2014, individual 2012	classification a 25 chromosomes (sept. 2026) : Pt ; depot du 2026-08-31 = Pt (12 chr) pour le nom scientifique, titre et nom commun restes a l'identification morphologique
DURANCE16S_14Per2012Ch03A	ERS31168454	14Per2012Ch03A	2014_Per_2012	host common name	Chondrostoma sp.	toxostome	classification a 25 chromosomes (sept. 2026) : Pt ; depot du 2026-08-31 = Pt (12 chr) pour le nom scientifique, titre et nom commun restes a l'identification morphologique
DURANCE16S_14Per2012Ch03A-bis	ERS31168455	14Per2012Ch03A-bis	2014_Per_2012	TITLE	Chondrostoma sp. hindgut bacterial microbiota, Per 2014, individual 2012	Parachondrostoma toxostoma hindgut bacterial microbiota, Per 2014, individual 2012	classification a 25 chromosomes (sept. 2026) : Pt ; depot du 2026-08-31 = Pt (12 chr) pour le nom scientifique, titre et nom commun restes a l'identification morphologique
DURANCE16S_14Per2012Ch03A-bis	ERS31168455	14Per2012Ch03A-bis	2014_Per_2012	host common name	Chondrostoma sp.	toxostome	classification a 25 chromosomes (sept. 2026) : Pt ; depot du 2026-08-31 = Pt (12 chr) pour le nom scientifique, titre et nom commun restes a l'identification morphologique
DURANCE16S_15Cab1005Ch03A	ERS31168458	15Cab1005Ch03A	2015_Cab_1005	TITLE	Chondrostoma sp. hindgut bacterial microbiota, Cab 2015, individual 1005	Chondrostoma nasus hindgut bacterial microbiota, Cab 2015, individual 1005	classification a 25 chromosomes (sept. 2026) : Cn ; depot du 2026-08-31 = Cn (12 chr) pour le nom scientifique, titre et nom commun restes a l'identification morphologique
DURANCE16S_15Cab1005Ch03A	ERS31168458	15Cab1005Ch03A	2015_Cab_1005	host common name	Chondrostoma sp.	nase	classification a 25 chromosomes (sept. 2026) : Cn ; depot du 2026-08-31 = Cn (12 chr) pour le nom scientifique, titre et nom commun restes a l'identification morphologique
DURANCE16S_15Cab1013Ch03A	ERS31168459	15Cab1013Ch03A	2015_Cab_1013	TITLE	Chondrostoma sp. hindgut bacterial microbiota, Cab 2015, individual 1013	Parachondrostoma toxostoma hindgut bacterial microbiota, Cab 2015, individual 1013	classification a 25 chromosomes (sept. 2026) : Pt ; depot du 2026-08-31 = Pt (12 chr) pour le nom scientifique, titre et nom commun restes a l'identification morphologique
DURANCE16S_15Cab1013Ch03A	ERS31168459	15Cab1013Ch03A	2015_Cab_1013	host common name	Chondrostoma sp.	toxostome	classification a 25 chromosomes (sept. 2026) : Pt ; depot du 2026-08-31 = Pt (12 chr) pour le nom scientifique, titre et nom commun restes a l'identification morphologique
DURANCE16S_14Bue1017Ch03A	ERS31168463	14Bue1017Ch03A	2014_Bue_1017	TITLE	Chondrostoma sp. hindgut bacterial microbiota, Bue 2014, individual 1017	Parachondrostoma toxostoma hindgut bacterial microbiota, Bue 2014, individual 1017	classification a 25 chromosomes (sept. 2026) : Pt ; depot du 2026-08-31 = Pt (12 chr) pour le nom scientifique, titre et nom commun restes a l'identification morphologique
DURANCE16S_14Bue1017Ch03A	ERS31168463	14Bue1017Ch03A	2014_Bue_1017	host common name	Chondrostoma sp.	toxostome	classification a 25 chromosomes (sept. 2026) : Pt ; depot du 2026-08-31 = Pt (12 chr) pour le nom scientifique, titre et nom commun restes a l'identification morphologique
DURANCE16S_14Man1013Ch03A	ERS31168464	14Man1013Ch03A	2014_Man_1013	TITLE	Chondrostoma sp. hindgut bacterial microbiota, Man 2014, individual 1013	Parachondrostoma toxostoma hindgut bacterial microbiota, Man 2014, individual 1013	classification a 25 chromosomes (sept. 2026) : Pt ; depot du 2026-08-31 = Pt (12 chr) pour le nom scientifique, titre et nom commun restes a l'identification morphologique
DURANCE16S_14Man1013Ch03A	ERS31168464	14Man1013Ch03A	2014_Man_1013	host common name	Chondrostoma sp.	toxostome	classification a 25 chromosomes (sept. 2026) : Pt ; depot du 2026-08-31 = Pt (12 chr) pour le nom scientifique, titre et nom commun restes a l'identification morphologique
DURANCE16S_14Man1021Ch03A	ERS31168465	14Man1021Ch03A	2014_Man_1021	TITLE	Chondrostoma sp. hindgut bacterial microbiota, Man 2014, individual 1021	Chondrostoma nasus x Parachondrostoma toxostoma hindgut bacterial microbiota, Man 2014, individual 1021	classification a 25 chromosomes (sept. 2026) : Hy ; depot du 2026-08-31 = Hy (12 chr) pour le nom scientifique, titre et nom commun restes a l'identification morphologique
DURANCE16S_14Man1021Ch03A	ERS31168465	14Man1021Ch03A	2014_Man_1021	host common name	Chondrostoma sp.	nasus x toxostoma	classification a 25 chromosomes (sept. 2026) : Hy ; depot du 2026-08-31 = Hy (12 chr) pour le nom scientifique, titre et nom commun restes a l'identification morphologique
DURANCE16S_14Per2013Ch03A	ERS31168466	14Per2013Ch03A	2014_Per_2013	TITLE	Chondrostoma sp. hindgut bacterial microbiota, Per 2014, individual 2013	Chondrostoma nasus x Parachondrostoma toxostoma hindgut bacterial microbiota, Per 2014, individual 2013	classification a 25 chromosomes (sept. 2026) : Hy ; depot du 2026-08-31 = Hy (12 chr) pour le nom scientifique, titre et nom commun restes a l'identification morphologique
DURANCE16S_14Per2013Ch03A	ERS31168466	14Per2013Ch03A	2014_Per_2013	host common name	Chondrostoma sp.	nasus x toxostoma	classification a 25 chromosomes (sept. 2026) : Hy ; depot du 2026-08-31 = Hy (12 chr) pour le nom scientifique, titre et nom commun restes a l'identification morphologique
DURANCE16S_15Cab1006Ch03A	ERS31168470	15Cab1006Ch03A	2015_Cab_1006	TITLE	Chondrostoma sp. hindgut bacterial microbiota, Cab 2015, individual 1006	Chondrostoma nasus hindgut bacterial microbiota, Cab 2015, individual 1006	classification a 25 chromosomes (sept. 2026) : Cn ; depot du 2026-08-31 = Cn (12 chr) pour le nom scientifique, titre et nom commun restes a l'identification morphologique
DURANCE16S_15Cab1006Ch03A	ERS31168470	15Cab1006Ch03A	2015_Cab_1006	host common name	Chondrostoma sp.	nase	classification a 25 chromosomes (sept. 2026) : Cn ; depot du 2026-08-31 = Cn (12 chr) pour le nom scientifique, titre et nom commun restes a l'identification morphologique
DURANCE16S_15Cab1014Ch03A	ERS31168471	15Cab1014Ch03A	2015_Cab_1014	TITLE	Chondrostoma sp. hindgut bacterial microbiota, Cab 2015, individual 1014	Parachondrostoma toxostoma hindgut bacterial microbiota, Cab 2015, individual 1014	classification a 25 chromosomes (sept. 2026) : Pt ; depot du 2026-08-31 = Pt (12 chr) pour le nom scientifique, titre et nom commun restes a l'identification morphologique
DURANCE16S_15Cab1014Ch03A	ERS31168471	15Cab1014Ch03A	2015_Cab_1014	host common name	Chondrostoma sp.	toxostome	classification a 25 chromosomes (sept. 2026) : Pt ; depot du 2026-08-31 = Pt (12 chr) pour le nom scientifique, titre et nom commun restes a l'identification morphologique
DURANCE16S_14Bue1018Ch03A	ERS31168475	14Bue1018Ch03A	2014_Bue_1018	TITLE	Chondrostoma sp. hindgut bacterial microbiota, Bue 2014, individual 1018	Parachondrostoma toxostoma hindgut bacterial microbiota, Bue 2014, individual 1018	classification a 25 chromosomes (sept. 2026) : Pt ; depot du 2026-08-31 = Pt (12 chr) pour le nom scientifique, titre et nom commun restes a l'identification morphologique
DURANCE16S_14Bue1018Ch03A	ERS31168475	14Bue1018Ch03A	2014_Bue_1018	host common name	Chondrostoma sp.	toxostome	classification a 25 chromosomes (sept. 2026) : Pt ; depot du 2026-08-31 = Pt (12 chr) pour le nom scientifique, titre et nom commun restes a l'identification morphologique
DURANCE16S_14Man1014Ch03A	ERS31168476	14Man1014Ch03A	2014_Man_1014	TITLE	Chondrostoma sp. hindgut bacterial microbiota, Man 2014, individual 1014	Parachondrostoma toxostoma hindgut bacterial microbiota, Man 2014, individual 1014	classification a 25 chromosomes (sept. 2026) : Pt ; depot du 2026-08-31 = Pt (12 chr) pour le nom scientifique, titre et nom commun restes a l'identification morphologique
DURANCE16S_14Man1014Ch03A	ERS31168476	14Man1014Ch03A	2014_Man_1014	host common name	Chondrostoma sp.	toxostome	classification a 25 chromosomes (sept. 2026) : Pt ; depot du 2026-08-31 = Pt (12 chr) pour le nom scientifique, titre et nom commun restes a l'identification morphologique
DURANCE16S_14Man1022Ch03A	ERS31168477	14Man1022Ch03A	2014_Man_1022	TITLE	Chondrostoma sp. hindgut bacterial microbiota, Man 2014, individual 1022	Parachondrostoma toxostoma hindgut bacterial microbiota, Man 2014, individual 1022	classification a 25 chromosomes (sept. 2026) : Pt ; depot du 2026-08-31 = Pt (12 chr) pour le nom scientifique, titre et nom commun restes a l'identification morphologique
DURANCE16S_14Man1022Ch03A	ERS31168477	14Man1022Ch03A	2014_Man_1022	host common name	Chondrostoma sp.	toxostome	classification a 25 chromosomes (sept. 2026) : Pt ; depot du 2026-08-31 = Pt (12 chr) pour le nom scientifique, titre et nom commun restes a l'identification morphologique
DURANCE16S_14Per2014Ch03A	ERS31168478	14Per2014Ch03A	2014_Per_2014	TITLE	Chondrostoma sp. hindgut bacterial microbiota, Per 2014, individual 2014	Parachondrostoma toxostoma hindgut bacterial microbiota, Per 2014, individual 2014	classification a 25 chromosomes (sept. 2026) : Pt ; depot du 2026-08-31 = Pt (12 chr) pour le nom scientifique, titre et nom commun restes a l'identification morphologique
DURANCE16S_14Per2014Ch03A	ERS31168478	14Per2014Ch03A	2014_Per_2014	host common name	Chondrostoma sp.	toxostome	classification a 25 chromosomes (sept. 2026) : Pt ; depot du 2026-08-31 = Pt (12 chr) pour le nom scientifique, titre et nom commun restes a l'identification morphologique
DURANCE16S_15Cab1007Ch03A	ERS31168482	15Cab1007Ch03A	2015_Cab_1007	TITLE	Chondrostoma sp. hindgut bacterial microbiota, Cab 2015, individual 1007	Chondrostoma nasus hindgut bacterial microbiota, Cab 2015, individual 1007	classification a 25 chromosomes (sept. 2026) : Cn ; depot du 2026-08-31 = Cn (12 chr) pour le nom scientifique, titre et nom commun restes a l'identification morphologique
DURANCE16S_15Cab1007Ch03A	ERS31168482	15Cab1007Ch03A	2015_Cab_1007	host common name	Chondrostoma sp.	nase	classification a 25 chromosomes (sept. 2026) : Cn ; depot du 2026-08-31 = Cn (12 chr) pour le nom scientifique, titre et nom commun restes a l'identification morphologique
DURANCE16S_15Cab1015Ch03A	ERS31168483	15Cab1015Ch03A	2015_Cab_1015	TITLE	Chondrostoma sp. hindgut bacterial microbiota, Cab 2015, individual 1015	Parachondrostoma toxostoma hindgut bacterial microbiota, Cab 2015, individual 1015	classification a 25 chromosomes (sept. 2026) : Pt ; depot du 2026-08-31 = Pt (12 chr) pour le nom scientifique, titre et nom commun restes a l'identification morphologique
DURANCE16S_15Cab1015Ch03A	ERS31168483	15Cab1015Ch03A	2015_Cab_1015	host common name	Chondrostoma sp.	toxostome	classification a 25 chromosomes (sept. 2026) : Pt ; depot du 2026-08-31 = Pt (12 chr) pour le nom scientifique, titre et nom commun restes a l'identification morphologique
DURANCE16S_14Bue1011Ch03A	ERS31168486	14Bue1011Ch03A	2014_Bue_1011	TITLE	Chondrostoma sp. hindgut bacterial microbiota, Bue 2014, individual 1011	Parachondrostoma toxostoma hindgut bacterial microbiota, Bue 2014, individual 1011	classification a 25 chromosomes (sept. 2026) : Pt ; depot du 2026-08-31 = Pt (12 chr) pour le nom scientifique, titre et nom commun restes a l'identification morphologique
DURANCE16S_14Bue1011Ch03A	ERS31168486	14Bue1011Ch03A	2014_Bue_1011	host common name	Chondrostoma sp.	toxostome	classification a 25 chromosomes (sept. 2026) : Pt ; depot du 2026-08-31 = Pt (12 chr) pour le nom scientifique, titre et nom commun restes a l'identification morphologique
DURANCE16S_14Bue1019Ch03A	ERS31168487	14Bue1019Ch03A	2014_Bue_1019	TITLE	Chondrostoma sp. hindgut bacterial microbiota, Bue 2014, individual 1019	Parachondrostoma toxostoma hindgut bacterial microbiota, Bue 2014, individual 1019	classification a 25 chromosomes (sept. 2026) : Pt ; depot du 2026-08-31 = Pt (12 chr) pour le nom scientifique, titre et nom commun restes a l'identification morphologique
DURANCE16S_14Bue1019Ch03A	ERS31168487	14Bue1019Ch03A	2014_Bue_1019	host common name	Chondrostoma sp.	toxostome	classification a 25 chromosomes (sept. 2026) : Pt ; depot du 2026-08-31 = Pt (12 chr) pour le nom scientifique, titre et nom commun restes a l'identification morphologique
DURANCE16S_14Man1015Ch03A	ERS31168488	14Man1015Ch03A	2014_Man_1015	TITLE	Chondrostoma sp. hindgut bacterial microbiota, Man 2014, individual 1015	Parachondrostoma toxostoma hindgut bacterial microbiota, Man 2014, individual 1015	classification a 25 chromosomes (sept. 2026) : Pt ; depot du 2026-08-31 = Pt (12 chr) pour le nom scientifique, titre et nom commun restes a l'identification morphologique
DURANCE16S_14Man1015Ch03A	ERS31168488	14Man1015Ch03A	2014_Man_1015	host common name	Chondrostoma sp.	toxostome	classification a 25 chromosomes (sept. 2026) : Pt ; depot du 2026-08-31 = Pt (12 chr) pour le nom scientifique, titre et nom commun restes a l'identification morphologique
DURANCE16S_14Per1011Ch03A	ERS31168489	14Per1011Ch03A	2014_Per_1011	TITLE	Chondrostoma sp. hindgut bacterial microbiota, Per 2014, individual 1011	Parachondrostoma toxostoma hindgut bacterial microbiota, Per 2014, individual 1011	classification a 25 chromosomes (sept. 2026) : Pt ; depot du 2026-08-31 = Pt (12 chr) pour le nom scientifique, titre et nom commun restes a l'identification morphologique
DURANCE16S_14Per1011Ch03A	ERS31168489	14Per1011Ch03A	2014_Per_1011	host common name	Chondrostoma sp.	toxostome	classification a 25 chromosomes (sept. 2026) : Pt ; depot du 2026-08-31 = Pt (12 chr) pour le nom scientifique, titre et nom commun restes a l'identification morphologique
DURANCE16S_15Per2015Ch03A	ERS31168490	15Per2015Ch03A	2014_Per_2015	TITLE	Chondrostoma sp. hindgut bacterial microbiota, Per 2015, individual 2015	Parachondrostoma toxostoma hindgut bacterial microbiota, Per 2015, individual 2015	classification a 25 chromosomes (sept. 2026) : Pt ; depot du 2026-08-31 = Pt (12 chr) pour le nom scientifique, titre et nom commun restes a l'identification morphologique
DURANCE16S_15Per2015Ch03A	ERS31168490	15Per2015Ch03A	2014_Per_2015	host common name	Chondrostoma sp.	toxostome	classification a 25 chromosomes (sept. 2026) : Pt ; depot du 2026-08-31 = Pt (12 chr) pour le nom scientifique, titre et nom commun restes a l'identification morphologique
DURANCE16S_15Cab1008Ch03A	ERS31168494	15Cab1008Ch03A	2015_Cab_1008	TITLE	Chondrostoma sp. hindgut bacterial microbiota, Cab 2015, individual 1008	Chondrostoma nasus hindgut bacterial microbiota, Cab 2015, individual 1008	classification a 25 chromosomes (sept. 2026) : Cn ; depot du 2026-08-31 = Cn (12 chr) pour le nom scientifique, titre et nom commun restes a l'identification morphologique
DURANCE16S_15Cab1008Ch03A	ERS31168494	15Cab1008Ch03A	2015_Cab_1008	host common name	Chondrostoma sp.	nase	classification a 25 chromosomes (sept. 2026) : Cn ; depot du 2026-08-31 = Cn (12 chr) pour le nom scientifique, titre et nom commun restes a l'identification morphologique
DURANCE16S_15Cab1016Ch03A	ERS31168495	15Cab1016Ch03A	2015_Cab_1016	TITLE	Chondrostoma sp. hindgut bacterial microbiota, Cab 2015, individual 1016	Parachondrostoma toxostoma hindgut bacterial microbiota, Cab 2015, individual 1016	classification a 25 chromosomes (sept. 2026) : Pt ; depot du 2026-08-31 = Pt (12 chr) pour le nom scientifique, titre et nom commun restes a l'identification morphologique
DURANCE16S_15Cab1016Ch03A	ERS31168495	15Cab1016Ch03A	2015_Cab_1016	host common name	Chondrostoma sp.	toxostome	classification a 25 chromosomes (sept. 2026) : Pt ; depot du 2026-08-31 = Pt (12 chr) pour le nom scientifique, titre et nom commun restes a l'identification morphologique
DURANCE16S_14Bue1012Ch03A	ERS31168498	14Bue1012Ch03A	2014_Bue_1012	TITLE	Chondrostoma sp. hindgut bacterial microbiota, Bue 2014, individual 1012	Parachondrostoma toxostoma hindgut bacterial microbiota, Bue 2014, individual 1012	classification a 25 chromosomes (sept. 2026) : Pt ; depot du 2026-08-31 = Pt (12 chr) pour le nom scientifique, titre et nom commun restes a l'identification morphologique
DURANCE16S_14Bue1012Ch03A	ERS31168498	14Bue1012Ch03A	2014_Bue_1012	host common name	Chondrostoma sp.	toxostome	classification a 25 chromosomes (sept. 2026) : Pt ; depot du 2026-08-31 = Pt (12 chr) pour le nom scientifique, titre et nom commun restes a l'identification morphologique
DURANCE16S_14Man1001Cn03A	ERS31168499	14Man1001Cn03A	2014_Man_1001	TITLE	Chondrostoma nasus hindgut bacterial microbiota, Man 2014, individual 1001	Parachondrostoma toxostoma hindgut bacterial microbiota, Man 2014, individual 1001	classification a 25 chromosomes (sept. 2026) : Pt ; depot du 2026-08-31 = Pt (12 chr) pour le nom scientifique, titre et nom commun restes a l'identification morphologique
DURANCE16S_14Man1001Cn03A	ERS31168499	14Man1001Cn03A	2014_Man_1001	host common name	nase	toxostome	classification a 25 chromosomes (sept. 2026) : Pt ; depot du 2026-08-31 = Pt (12 chr) pour le nom scientifique, titre et nom commun restes a l'identification morphologique
DURANCE16S_14Man1016Ch03A	ERS31168500	14Man1016Ch03A	2014_Man_1016	TITLE	Chondrostoma sp. hindgut bacterial microbiota, Man 2014, individual 1016	Parachondrostoma toxostoma hindgut bacterial microbiota, Man 2014, individual 1016	classification a 25 chromosomes (sept. 2026) : Pt ; depot du 2026-08-31 = Pt (12 chr) pour le nom scientifique, titre et nom commun restes a l'identification morphologique
DURANCE16S_14Man1016Ch03A	ERS31168500	14Man1016Ch03A	2014_Man_1016	host common name	Chondrostoma sp.	toxostome	classification a 25 chromosomes (sept. 2026) : Pt ; depot du 2026-08-31 = Pt (12 chr) pour le nom scientifique, titre et nom commun restes a l'identification morphologique
DURANCE16S_14Per1012Ch03A	ERS31168501	14Per1012Ch03A	2014_Per_1012	TITLE	Chondrostoma sp. hindgut bacterial microbiota, Per 2014, individual 1012	Parachondrostoma toxostoma hindgut bacterial microbiota, Per 2014, individual 1012	classification a 25 chromosomes (sept. 2026) : Pt ; depot du 2026-08-31 = Pt (12 chr) pour le nom scientifique, titre et nom commun restes a l'identification morphologique
DURANCE16S_14Per1012Ch03A	ERS31168501	14Per1012Ch03A	2014_Per_1012	host common name	Chondrostoma sp.	toxostome	classification a 25 chromosomes (sept. 2026) : Pt ; depot du 2026-08-31 = Pt (12 chr) pour le nom scientifique, titre et nom commun restes a l'identification morphologique
DURANCE16S_15Cab1001Ch03A	ERS31168505	15Cab1001Ch03A	2015_Cab_1001	TITLE	Chondrostoma sp. hindgut bacterial microbiota, Cab 2015, individual 1001	Chondrostoma nasus hindgut bacterial microbiota, Cab 2015, individual 1001	classification a 25 chromosomes (sept. 2026) : Cn ; depot du 2026-08-31 = Cn (12 chr) pour le nom scientifique, titre et nom commun restes a l'identification morphologique
DURANCE16S_15Cab1001Ch03A	ERS31168505	15Cab1001Ch03A	2015_Cab_1001	host common name	Chondrostoma sp.	nase	classification a 25 chromosomes (sept. 2026) : Cn ; depot du 2026-08-31 = Cn (12 chr) pour le nom scientifique, titre et nom commun restes a l'identification morphologique
DURANCE16S_15Cab1009Ch03A	ERS31168506	15Cab1009Ch03A	2015_Cab_1009	TITLE	Chondrostoma sp. hindgut bacterial microbiota, Cab 2015, individual 1009	Chondrostoma nasus x Parachondrostoma toxostoma hindgut bacterial microbiota, Cab 2015, individual 1009	classification a 25 chromosomes (sept. 2026) : Hy ; depot du 2026-08-31 = Hy (12 chr) pour le nom scientifique, titre et nom commun restes a l'identification morphologique
DURANCE16S_15Cab1009Ch03A	ERS31168506	15Cab1009Ch03A	2015_Cab_1009	host common name	Chondrostoma sp.	nasus x toxostoma	classification a 25 chromosomes (sept. 2026) : Hy ; depot du 2026-08-31 = Hy (12 chr) pour le nom scientifique, titre et nom commun restes a l'identification morphologique
DURANCE16S_15Cab1017Ch03A	ERS31168507	15Cab1017Ch03A	2015_Cab_1017	TITLE	Chondrostoma sp. hindgut bacterial microbiota, Cab 2015, individual 1017	Parachondrostoma toxostoma hindgut bacterial microbiota, Cab 2015, individual 1017	classification a 25 chromosomes (sept. 2026) : Pt ; depot du 2026-08-31 = Pt (12 chr) pour le nom scientifique, titre et nom commun restes a l'identification morphologique
DURANCE16S_15Cab1017Ch03A	ERS31168507	15Cab1017Ch03A	2015_Cab_1017	host common name	Chondrostoma sp.	toxostome	classification a 25 chromosomes (sept. 2026) : Pt ; depot du 2026-08-31 = Pt (12 chr) pour le nom scientifique, titre et nom commun restes a l'identification morphologique
DURANCE16S_14Bue1013Ch03A	ERS31168510	14Bue1013Ch03A	2014_Bue_1013	TITLE	Chondrostoma sp. hindgut bacterial microbiota, Bue 2014, individual 1013	Parachondrostoma toxostoma hindgut bacterial microbiota, Bue 2014, individual 1013	classification a 25 chromosomes (sept. 2026) : Pt ; depot du 2026-08-31 = Pt (12 chr) pour le nom scientifique, titre et nom commun restes a l'identification morphologique
DURANCE16S_14Bue1013Ch03A	ERS31168510	14Bue1013Ch03A	2014_Bue_1013	host common name	Chondrostoma sp.	toxostome	classification a 25 chromosomes (sept. 2026) : Pt ; depot du 2026-08-31 = Pt (12 chr) pour le nom scientifique, titre et nom commun restes a l'identification morphologique
DURANCE16S_14Man1002Cn03A	ERS31168511	14Man1002Cn03A	2014_Man_1002	TITLE	Chondrostoma nasus hindgut bacterial microbiota, Man 2014, individual 1002	Chondrostoma nasus x Parachondrostoma toxostoma hindgut bacterial microbiota, Man 2014, individual 1002	classification a 25 chromosomes (sept. 2026) : Hy ; depot du 2026-08-31 = Hy (12 chr) pour le nom scientifique, titre et nom commun restes a l'identification morphologique
DURANCE16S_14Man1002Cn03A	ERS31168511	14Man1002Cn03A	2014_Man_1002	host common name	nase	nasus x toxostoma	classification a 25 chromosomes (sept. 2026) : Hy ; depot du 2026-08-31 = Hy (12 chr) pour le nom scientifique, titre et nom commun restes a l'identification morphologique
DURANCE16S_14Man1017Ch03A	ERS31168512	14Man1017Ch03A	2014_Man_1017	TITLE	Chondrostoma sp. hindgut bacterial microbiota, Man 2014, individual 1017	Parachondrostoma toxostoma hindgut bacterial microbiota, Man 2014, individual 1017	classification a 25 chromosomes (sept. 2026) : Pt ; depot du 2026-08-31 = Pt (12 chr) pour le nom scientifique, titre et nom commun restes a l'identification morphologique
DURANCE16S_14Man1017Ch03A	ERS31168512	14Man1017Ch03A	2014_Man_1017	host common name	Chondrostoma sp.	toxostome	classification a 25 chromosomes (sept. 2026) : Pt ; depot du 2026-08-31 = Pt (12 chr) pour le nom scientifique, titre et nom commun restes a l'identification morphologique
DURANCE16S_14Per1013Ch03A	ERS31168513	14Per1013Ch03A	2014_Per_1013	TITLE	Chondrostoma sp. hindgut bacterial microbiota, Per 2014, individual 1013	Parachondrostoma toxostoma hindgut bacterial microbiota, Per 2014, individual 1013	classification a 25 chromosomes (sept. 2026) : Pt ; depot du 2026-08-31 = Pt (12 chr) pour le nom scientifique, titre et nom commun restes a l'identification morphologique
DURANCE16S_14Per1013Ch03A	ERS31168513	14Per1013Ch03A	2014_Per_1013	host common name	Chondrostoma sp.	toxostome	classification a 25 chromosomes (sept. 2026) : Pt ; depot du 2026-08-31 = Pt (12 chr) pour le nom scientifique, titre et nom commun restes a l'identification morphologique
DURANCE16S_15Cab1002Ch03A	ERS31168517	15Cab1002Ch03A	2015_Cab_1002	TITLE	Chondrostoma sp. hindgut bacterial microbiota, Cab 2015, individual 1002	Chondrostoma nasus hindgut bacterial microbiota, Cab 2015, individual 1002	classification a 25 chromosomes (sept. 2026) : Cn ; depot du 2026-08-31 = Cn (12 chr) pour le nom scientifique, titre et nom commun restes a l'identification morphologique
DURANCE16S_15Cab1002Ch03A	ERS31168517	15Cab1002Ch03A	2015_Cab_1002	host common name	Chondrostoma sp.	nase	classification a 25 chromosomes (sept. 2026) : Cn ; depot du 2026-08-31 = Cn (12 chr) pour le nom scientifique, titre et nom commun restes a l'identification morphologique
DURANCE16S_15Cab1010Ch03A	ERS31168518	15Cab1010Ch03A	2015_Cab_1010	TITLE	Chondrostoma sp. hindgut bacterial microbiota, Cab 2015, individual 1010	Chondrostoma nasus x Parachondrostoma toxostoma hindgut bacterial microbiota, Cab 2015, individual 1010	classification a 25 chromosomes (sept. 2026) : Hy ; depot du 2026-08-31 = Hy (12 chr) pour le nom scientifique, titre et nom commun restes a l'identification morphologique
DURANCE16S_15Cab1010Ch03A	ERS31168518	15Cab1010Ch03A	2015_Cab_1010	host common name	Chondrostoma sp.	nasus x toxostoma	classification a 25 chromosomes (sept. 2026) : Hy ; depot du 2026-08-31 = Hy (12 chr) pour le nom scientifique, titre et nom commun restes a l'identification morphologique
DURANCE16S_15Cab1018Ch03A	ERS31168519	15Cab1018Ch03A	2015_Cab_1018	TITLE	Chondrostoma sp. hindgut bacterial microbiota, Cab 2015, individual 1018	Parachondrostoma toxostoma hindgut bacterial microbiota, Cab 2015, individual 1018	classification a 25 chromosomes (sept. 2026) : Pt ; depot du 2026-08-31 = Pt (12 chr) pour le nom scientifique, titre et nom commun restes a l'identification morphologique
DURANCE16S_15Cab1018Ch03A	ERS31168519	15Cab1018Ch03A	2015_Cab_1018	host common name	Chondrostoma sp.	toxostome	classification a 25 chromosomes (sept. 2026) : Pt ; depot du 2026-08-31 = Pt (12 chr) pour le nom scientifique, titre et nom commun restes a l'identification morphologique
DURANCE16S_14Bue1014Ch03A	ERS31168522	14Bue1014Ch03A	2014_Bue_1014	TITLE	Chondrostoma sp. hindgut bacterial microbiota, Bue 2014, individual 1014	Parachondrostoma toxostoma hindgut bacterial microbiota, Bue 2014, individual 1014	classification a 25 chromosomes (sept. 2026) : Pt ; depot du 2026-08-31 = Pt (12 chr) pour le nom scientifique, titre et nom commun restes a l'identification morphologique
DURANCE16S_14Bue1014Ch03A	ERS31168522	14Bue1014Ch03A	2014_Bue_1014	host common name	Chondrostoma sp.	toxostome	classification a 25 chromosomes (sept. 2026) : Pt ; depot du 2026-08-31 = Pt (12 chr) pour le nom scientifique, titre et nom commun restes a l'identification morphologique
DURANCE16S_14Man1010Cn03A	ERS31168523	14Man1010Cn03A	2014_Man_1010	TITLE	Chondrostoma nasus hindgut bacterial microbiota, Man 2014, individual 1010	Chondrostoma nasus x Parachondrostoma toxostoma hindgut bacterial microbiota, Man 2014, individual 1010	classification a 25 chromosomes (sept. 2026) : Hy ; depot du 2026-08-31 = Pt (12 chr) pour le nom scientifique, titre et nom commun restes a l'identification morphologique
DURANCE16S_14Man1010Cn03A	ERS31168523	14Man1010Cn03A	2014_Man_1010	host scientific name	Parachondrostoma toxostoma	Chondrostoma nasus x Parachondrostoma toxostoma	classification a 25 chromosomes (sept. 2026) : Hy ; depot du 2026-08-31 = Pt (12 chr) pour le nom scientifique, titre et nom commun restes a l'identification morphologique
DURANCE16S_14Man1010Cn03A	ERS31168523	14Man1010Cn03A	2014_Man_1010	host common name	nase	nasus x toxostoma	classification a 25 chromosomes (sept. 2026) : Hy ; depot du 2026-08-31 = Pt (12 chr) pour le nom scientifique, titre et nom commun restes a l'identification morphologique
DURANCE16S_14Man1018Ch03A	ERS31168524	14Man1018Ch03A	2014_Man_1018	TITLE	Chondrostoma sp. hindgut bacterial microbiota, Man 2014, individual 1018	Parachondrostoma toxostoma hindgut bacterial microbiota, Man 2014, individual 1018	classification a 25 chromosomes (sept. 2026) : Pt ; depot du 2026-08-31 = Pt (12 chr) pour le nom scientifique, titre et nom commun restes a l'identification morphologique
DURANCE16S_14Man1018Ch03A	ERS31168524	14Man1018Ch03A	2014_Man_1018	host common name	Chondrostoma sp.	toxostome	classification a 25 chromosomes (sept. 2026) : Pt ; depot du 2026-08-31 = Pt (12 chr) pour le nom scientifique, titre et nom commun restes a l'identification morphologique
DURANCE16S_14Per1014Ch03A	ERS31168525	14Per1014Ch03A	2014_Per_1014	TITLE	Chondrostoma sp. hindgut bacterial microbiota, Per 2014, individual 1014	Parachondrostoma toxostoma hindgut bacterial microbiota, Per 2014, individual 1014	classification a 25 chromosomes (sept. 2026) : Pt ; depot du 2026-08-31 = Pt (12 chr) pour le nom scientifique, titre et nom commun restes a l'identification morphologique
DURANCE16S_14Per1014Ch03A	ERS31168525	14Per1014Ch03A	2014_Per_1014	host common name	Chondrostoma sp.	toxostome	classification a 25 chromosomes (sept. 2026) : Pt ; depot du 2026-08-31 = Pt (12 chr) pour le nom scientifique, titre et nom commun restes a l'identification morphologique
DURANCE16S_15Bau1001Ch03A	ERS31168528	15Bau1001Ch03A	2015_Bau_1001	TITLE	Chondrostoma sp. hindgut bacterial microbiota, Bau 2015, individual 1001	Parachondrostoma toxostoma hindgut bacterial microbiota, Bau 2015, individual 1001	classification a 25 chromosomes (sept. 2026) : Pt ; depot du 2026-08-31 = Pt (12 chr) pour le nom scientifique, titre et nom commun restes a l'identification morphologique
DURANCE16S_15Bau1001Ch03A	ERS31168528	15Bau1001Ch03A	2015_Bau_1001	host common name	Chondrostoma sp.	toxostome	classification a 25 chromosomes (sept. 2026) : Pt ; depot du 2026-08-31 = Pt (12 chr) pour le nom scientifique, titre et nom commun restes a l'identification morphologique
DURANCE16S_15Bau1009Ch03A	ERS31168529	15Bau1009Ch03A	2015_Bau_1009	TITLE	Chondrostoma sp. hindgut bacterial microbiota, Bau 2015, individual 1009	Parachondrostoma toxostoma hindgut bacterial microbiota, Bau 2015, individual 1009	classification a 25 chromosomes (sept. 2026) : Pt ; depot du 2026-08-31 = Pt (12 chr) pour le nom scientifique, titre et nom commun restes a l'identification morphologique
DURANCE16S_15Bau1009Ch03A	ERS31168529	15Bau1009Ch03A	2015_Bau_1009	host common name	Chondrostoma sp.	toxostome	classification a 25 chromosomes (sept. 2026) : Pt ; depot du 2026-08-31 = Pt (12 chr) pour le nom scientifique, titre et nom commun restes a l'identification morphologique
DURANCE16S_15Bau1017Ch03A	ERS31168530	15Bau1017Ch03A	2015_Bau_1017	TITLE	Chondrostoma sp. hindgut bacterial microbiota, Bau 2015, individual 1017	Parachondrostoma toxostoma hindgut bacterial microbiota, Bau 2015, individual 1017	classification a 25 chromosomes (sept. 2026) : Pt ; depot du 2026-08-31 = Pt (12 chr) pour le nom scientifique, titre et nom commun restes a l'identification morphologique
DURANCE16S_15Bau1017Ch03A	ERS31168530	15Bau1017Ch03A	2015_Bau_1017	host common name	Chondrostoma sp.	toxostome	classification a 25 chromosomes (sept. 2026) : Pt ; depot du 2026-08-31 = Pt (12 chr) pour le nom scientifique, titre et nom commun restes a l'identification morphologique
DURANCE16S_15Bau1025Ch03A	ERS31168531	15Bau1025Ch03A	2015_Bau_1025	TITLE	Chondrostoma sp. hindgut bacterial microbiota, Bau 2015, individual 1025	Parachondrostoma toxostoma hindgut bacterial microbiota, Bau 2015, individual 1025	classification a 25 chromosomes (sept. 2026) : Pt ; depot du 2026-08-31 = Pt (12 chr) pour le nom scientifique, titre et nom commun restes a l'identification morphologique
DURANCE16S_15Bau1025Ch03A	ERS31168531	15Bau1025Ch03A	2015_Bau_1025	host common name	Chondrostoma sp.	toxostome	classification a 25 chromosomes (sept. 2026) : Pt ; depot du 2026-08-31 = Pt (12 chr) pour le nom scientifique, titre et nom commun restes a l'identification morphologique
DURANCE16S_15Jus1008Ch03A	ERS31168532	15Jus1008Ch03A	2015_Jus_1008	TITLE	Chondrostoma sp. hindgut bacterial microbiota, Jus 2015, individual 1008	Parachondrostoma toxostoma hindgut bacterial microbiota, Jus 2015, individual 1008	classification a 25 chromosomes (sept. 2026) : Pt ; depot du 2026-08-31 = Pt (12 chr) pour le nom scientifique, titre et nom commun restes a l'identification morphologique
DURANCE16S_15Jus1008Ch03A	ERS31168532	15Jus1008Ch03A	2015_Jus_1008	host common name	Chondrostoma sp.	toxostome	classification a 25 chromosomes (sept. 2026) : Pt ; depot du 2026-08-31 = Pt (12 chr) pour le nom scientifique, titre et nom commun restes a l'identification morphologique
DURANCE16S_15Jus1016Ch03A	ERS31168533	15Jus1016Ch03A	2015_Jus_1016	TITLE	Chondrostoma sp. hindgut bacterial microbiota, Jus 2015, individual 1016	Chondrostoma nasus x Parachondrostoma toxostoma hindgut bacterial microbiota, Jus 2015, individual 1016	classification a 25 chromosomes (sept. 2026) : Hy ; depot du 2026-08-31 = Hy (12 chr) pour le nom scientifique, titre et nom commun restes a l'identification morphologique
DURANCE16S_15Jus1016Ch03A	ERS31168533	15Jus1016Ch03A	2015_Jus_1016	host common name	Chondrostoma sp.	nasus x toxostoma	classification a 25 chromosomes (sept. 2026) : Hy ; depot du 2026-08-31 = Hy (12 chr) pour le nom scientifique, titre et nom commun restes a l'identification morphologique
DURANCE16S_15Caa1005Ch03A	ERS31168534	15Caa1005Ch03A	2015_Caa_1005	TITLE	Chondrostoma sp. hindgut bacterial microbiota, Caa 2015, individual 1005	Chondrostoma nasus hindgut bacterial microbiota, Caa 2015, individual 1005	classification a 25 chromosomes (sept. 2026) : Cn ; depot du 2026-08-31 = Cn (12 chr) pour le nom scientifique, titre et nom commun restes a l'identification morphologique
DURANCE16S_15Caa1005Ch03A	ERS31168534	15Caa1005Ch03A	2015_Caa_1005	host common name	Chondrostoma sp.	nase	classification a 25 chromosomes (sept. 2026) : Cn ; depot du 2026-08-31 = Cn (12 chr) pour le nom scientifique, titre et nom commun restes a l'identification morphologique
DURANCE16S_15Caa1013Ch03A	ERS31168535	15Caa1013Ch03A	2015_Caa_1013	TITLE	Chondrostoma sp. hindgut bacterial microbiota, Caa 2015, individual 1013	Parachondrostoma toxostoma hindgut bacterial microbiota, Caa 2015, individual 1013	classification a 25 chromosomes (sept. 2026) : Pt ; depot du 2026-08-31 = Pt (12 chr) pour le nom scientifique, titre et nom commun restes a l'identification morphologique
DURANCE16S_15Caa1013Ch03A	ERS31168535	15Caa1013Ch03A	2015_Caa_1013	host common name	Chondrostoma sp.	toxostome	classification a 25 chromosomes (sept. 2026) : Pt ; depot du 2026-08-31 = Pt (12 chr) pour le nom scientifique, titre et nom commun restes a l'identification morphologique
DURANCE16S_15Avi1001Cn03A	ERS31168536	15Avi1001Cn03A	2015_Avi_1001	TITLE	Chondrostoma nasus hindgut bacterial microbiota, Avi 2015, individual 1001	Chondrostoma nasus x Parachondrostoma toxostoma hindgut bacterial microbiota, Avi 2015, individual 1001	classification a 25 chromosomes (sept. 2026) : Hy ; depot du 2026-08-31 = Hy (12 chr) pour le nom scientifique, titre et nom commun restes a l'identification morphologique
DURANCE16S_15Avi1001Cn03A	ERS31168536	15Avi1001Cn03A	2015_Avi_1001	host common name	nase	nasus x toxostoma	classification a 25 chromosomes (sept. 2026) : Hy ; depot du 2026-08-31 = Hy (12 chr) pour le nom scientifique, titre et nom commun restes a l'identification morphologique
DURANCE16S_15Bue1004Ch03A	ERS31168538	15Bue1004Ch03A	2015_Bue_1004	TITLE	Chondrostoma sp. hindgut bacterial microbiota, Bue 2015, individual 1004	Parachondrostoma toxostoma hindgut bacterial microbiota, Bue 2015, individual 1004	classification a 25 chromosomes (sept. 2026) : Pt ; depot du 2026-08-31 = Pt (12 chr) pour le nom scientifique, titre et nom commun restes a l'identification morphologique
DURANCE16S_15Bue1004Ch03A	ERS31168538	15Bue1004Ch03A	2015_Bue_1004	host common name	Chondrostoma sp.	toxostome	classification a 25 chromosomes (sept. 2026) : Pt ; depot du 2026-08-31 = Pt (12 chr) pour le nom scientifique, titre et nom commun restes a l'identification morphologique
DURANCE16S_15Bue1012Ch03A	ERS31168539	15Bue1012Ch03A	2015_Bue_1012	TITLE	Chondrostoma sp. hindgut bacterial microbiota, Bue 2015, individual 1012	Chondrostoma nasus x Parachondrostoma toxostoma hindgut bacterial microbiota, Bue 2015, individual 1012	classification a 25 chromosomes (sept. 2026) : Hy ; depot du 2026-08-31 = Hy (12 chr) pour le nom scientifique, titre et nom commun restes a l'identification morphologique
DURANCE16S_15Bue1012Ch03A	ERS31168539	15Bue1012Ch03A	2015_Bue_1012	host common name	Chondrostoma sp.	nasus x toxostoma	classification a 25 chromosomes (sept. 2026) : Hy ; depot du 2026-08-31 = Hy (12 chr) pour le nom scientifique, titre et nom commun restes a l'identification morphologique
DURANCE16S_15Bau1002Ch03A	ERS31168540	15Bau1002Ch03A	2015_Bau_1002	TITLE	Chondrostoma sp. hindgut bacterial microbiota, Bau 2015, individual 1002	Parachondrostoma toxostoma hindgut bacterial microbiota, Bau 2015, individual 1002	classification a 25 chromosomes (sept. 2026) : Pt ; depot du 2026-08-31 = Pt (12 chr) pour le nom scientifique, titre et nom commun restes a l'identification morphologique
DURANCE16S_15Bau1002Ch03A	ERS31168540	15Bau1002Ch03A	2015_Bau_1002	host common name	Chondrostoma sp.	toxostome	classification a 25 chromosomes (sept. 2026) : Pt ; depot du 2026-08-31 = Pt (12 chr) pour le nom scientifique, titre et nom commun restes a l'identification morphologique
DURANCE16S_15Bau1010Ch03A	ERS31168541	15Bau1010Ch03A	2015_Bau_1010	TITLE	Chondrostoma sp. hindgut bacterial microbiota, Bau 2015, individual 1010	Chondrostoma nasus x Parachondrostoma toxostoma hindgut bacterial microbiota, Bau 2015, individual 1010	classification a 25 chromosomes (sept. 2026) : Hy ; depot du 2026-08-31 = Hy (12 chr) pour le nom scientifique, titre et nom commun restes a l'identification morphologique
DURANCE16S_15Bau1010Ch03A	ERS31168541	15Bau1010Ch03A	2015_Bau_1010	host common name	Chondrostoma sp.	nasus x toxostoma	classification a 25 chromosomes (sept. 2026) : Hy ; depot du 2026-08-31 = Hy (12 chr) pour le nom scientifique, titre et nom commun restes a l'identification morphologique
DURANCE16S_15Bau1018Ch03A	ERS31168542	15Bau1018Ch03A	2015_Bau_1018	TITLE	Chondrostoma sp. hindgut bacterial microbiota, Bau 2015, individual 1018	Parachondrostoma toxostoma hindgut bacterial microbiota, Bau 2015, individual 1018	classification a 25 chromosomes (sept. 2026) : Pt ; depot du 2026-08-31 = Pt (12 chr) pour le nom scientifique, titre et nom commun restes a l'identification morphologique
DURANCE16S_15Bau1018Ch03A	ERS31168542	15Bau1018Ch03A	2015_Bau_1018	host common name	Chondrostoma sp.	toxostome	classification a 25 chromosomes (sept. 2026) : Pt ; depot du 2026-08-31 = Pt (12 chr) pour le nom scientifique, titre et nom commun restes a l'identification morphologique
DURANCE16S_15Jus1001Ch03A	ERS31168543	15Jus1001Ch03A	2015_Jus_1001	TITLE	Chondrostoma sp. hindgut bacterial microbiota, Jus 2015, individual 1001	Parachondrostoma toxostoma hindgut bacterial microbiota, Jus 2015, individual 1001	classification a 25 chromosomes (sept. 2026) : Pt ; depot du 2026-08-31 = Pt (12 chr) pour le nom scientifique, titre et nom commun restes a l'identification morphologique
DURANCE16S_15Jus1001Ch03A	ERS31168543	15Jus1001Ch03A	2015_Jus_1001	host common name	Chondrostoma sp.	toxostome	classification a 25 chromosomes (sept. 2026) : Pt ; depot du 2026-08-31 = Pt (12 chr) pour le nom scientifique, titre et nom commun restes a l'identification morphologique
DURANCE16S_15Jus1009Ch03A	ERS31168544	15Jus1009Ch03A	2015_Jus_1009	TITLE	Chondrostoma sp. hindgut bacterial microbiota, Jus 2015, individual 1009	Chondrostoma nasus x Parachondrostoma toxostoma hindgut bacterial microbiota, Jus 2015, individual 1009	classification a 25 chromosomes (sept. 2026) : Hy ; depot du 2026-08-31 = Hy (12 chr) pour le nom scientifique, titre et nom commun restes a l'identification morphologique
DURANCE16S_15Jus1009Ch03A	ERS31168544	15Jus1009Ch03A	2015_Jus_1009	host common name	Chondrostoma sp.	nasus x toxostoma	classification a 25 chromosomes (sept. 2026) : Hy ; depot du 2026-08-31 = Hy (12 chr) pour le nom scientifique, titre et nom commun restes a l'identification morphologique
DURANCE16S_15Jus1017Ch03A	ERS31168545	15Jus1017Ch03A	2015_Jus_1017	TITLE	Chondrostoma sp. hindgut bacterial microbiota, Jus 2015, individual 1017	Chondrostoma nasus hindgut bacterial microbiota, Jus 2015, individual 1017	classification a 25 chromosomes (sept. 2026) : Cn ; depot du 2026-08-31 = Cn (12 chr) pour le nom scientifique, titre et nom commun restes a l'identification morphologique
DURANCE16S_15Jus1017Ch03A	ERS31168545	15Jus1017Ch03A	2015_Jus_1017	host common name	Chondrostoma sp.	nase	classification a 25 chromosomes (sept. 2026) : Cn ; depot du 2026-08-31 = Cn (12 chr) pour le nom scientifique, titre et nom commun restes a l'identification morphologique
DURANCE16S_15Caa1006Ch03A	ERS31168546	15Caa1006Ch03A	2015_Caa_1006	TITLE	Chondrostoma sp. hindgut bacterial microbiota, Caa 2015, individual 1006	Chondrostoma nasus x Parachondrostoma toxostoma hindgut bacterial microbiota, Caa 2015, individual 1006	classification a 25 chromosomes (sept. 2026) : Hy ; depot du 2026-08-31 = Hy (12 chr) pour le nom scientifique, titre et nom commun restes a l'identification morphologique
DURANCE16S_15Caa1006Ch03A	ERS31168546	15Caa1006Ch03A	2015_Caa_1006	host common name	Chondrostoma sp.	nasus x toxostoma	classification a 25 chromosomes (sept. 2026) : Hy ; depot du 2026-08-31 = Hy (12 chr) pour le nom scientifique, titre et nom commun restes a l'identification morphologique
DURANCE16S_15Caa1014Ch03A	ERS31168547	15Caa1014Ch03A	2015_Caa_1014	TITLE	Chondrostoma sp. hindgut bacterial microbiota, Caa 2015, individual 1014	Parachondrostoma toxostoma hindgut bacterial microbiota, Caa 2015, individual 1014	classification a 25 chromosomes (sept. 2026) : Pt ; depot du 2026-08-31 = Pt (12 chr) pour le nom scientifique, titre et nom commun restes a l'identification morphologique
DURANCE16S_15Caa1014Ch03A	ERS31168547	15Caa1014Ch03A	2015_Caa_1014	host common name	Chondrostoma sp.	toxostome	classification a 25 chromosomes (sept. 2026) : Pt ; depot du 2026-08-31 = Pt (12 chr) pour le nom scientifique, titre et nom commun restes a l'identification morphologique
DURANCE16S_15Avi1002Cn03A	ERS31168548	15Avi1002Cn03A	2015_Avi_1002	TITLE	Chondrostoma nasus hindgut bacterial microbiota, Avi 2015, individual 1002	Chondrostoma nasus x Parachondrostoma toxostoma hindgut bacterial microbiota, Avi 2015, individual 1002	classification a 25 chromosomes (sept. 2026) : Hy ; depot du 2026-08-31 = Hy (12 chr) pour le nom scientifique, titre et nom commun restes a l'identification morphologique
DURANCE16S_15Avi1002Cn03A	ERS31168548	15Avi1002Cn03A	2015_Avi_1002	host common name	nase	nasus x toxostoma	classification a 25 chromosomes (sept. 2026) : Hy ; depot du 2026-08-31 = Hy (12 chr) pour le nom scientifique, titre et nom commun restes a l'identification morphologique
DURANCE16S_15Bue1005Ch03A	ERS31168550	15Bue1005Ch03A	2015_Bue_1005	TITLE	Chondrostoma sp. hindgut bacterial microbiota, Bue 2015, individual 1005	Chondrostoma nasus x Parachondrostoma toxostoma hindgut bacterial microbiota, Bue 2015, individual 1005	classification a 25 chromosomes (sept. 2026) : Hy ; depot du 2026-08-31 = Hy (12 chr) pour le nom scientifique, titre et nom commun restes a l'identification morphologique
DURANCE16S_15Bue1005Ch03A	ERS31168550	15Bue1005Ch03A	2015_Bue_1005	host common name	Chondrostoma sp.	nasus x toxostoma	classification a 25 chromosomes (sept. 2026) : Hy ; depot du 2026-08-31 = Hy (12 chr) pour le nom scientifique, titre et nom commun restes a l'identification morphologique
DURANCE16S_15Bue1013Ch03A	ERS31168551	15Bue1013Ch03A	2015_Bue_1013	TITLE	Chondrostoma sp. hindgut bacterial microbiota, Bue 2015, individual 1013	Parachondrostoma toxostoma hindgut bacterial microbiota, Bue 2015, individual 1013	classification a 25 chromosomes (sept. 2026) : Pt ; depot du 2026-08-31 = Pt (12 chr) pour le nom scientifique, titre et nom commun restes a l'identification morphologique
DURANCE16S_15Bue1013Ch03A	ERS31168551	15Bue1013Ch03A	2015_Bue_1013	host common name	Chondrostoma sp.	toxostome	classification a 25 chromosomes (sept. 2026) : Pt ; depot du 2026-08-31 = Pt (12 chr) pour le nom scientifique, titre et nom commun restes a l'identification morphologique
DURANCE16S_15Bau1003Ch03A	ERS31168552	15Bau1003Ch03A	2015_Bau_1003	TITLE	Chondrostoma sp. hindgut bacterial microbiota, Bau 2015, individual 1003	Parachondrostoma toxostoma hindgut bacterial microbiota, Bau 2015, individual 1003	classification a 25 chromosomes (sept. 2026) : Pt ; depot du 2026-08-31 = Pt (12 chr) pour le nom scientifique, titre et nom commun restes a l'identification morphologique
DURANCE16S_15Bau1003Ch03A	ERS31168552	15Bau1003Ch03A	2015_Bau_1003	host common name	Chondrostoma sp.	toxostome	classification a 25 chromosomes (sept. 2026) : Pt ; depot du 2026-08-31 = Pt (12 chr) pour le nom scientifique, titre et nom commun restes a l'identification morphologique
DURANCE16S_15Bau1011Ch03A	ERS31168553	15Bau1011Ch03A	2015_Bau_1011	TITLE	Chondrostoma sp. hindgut bacterial microbiota, Bau 2015, individual 1011	Parachondrostoma toxostoma hindgut bacterial microbiota, Bau 2015, individual 1011	classification a 25 chromosomes (sept. 2026) : Pt ; depot du 2026-08-31 = Pt (12 chr) pour le nom scientifique, titre et nom commun restes a l'identification morphologique
DURANCE16S_15Bau1011Ch03A	ERS31168553	15Bau1011Ch03A	2015_Bau_1011	host common name	Chondrostoma sp.	toxostome	classification a 25 chromosomes (sept. 2026) : Pt ; depot du 2026-08-31 = Pt (12 chr) pour le nom scientifique, titre et nom commun restes a l'identification morphologique
DURANCE16S_15Bau1019Ch03A	ERS31168554	15Bau1019Ch03A	2015_Bau_1019	TITLE	Chondrostoma sp. hindgut bacterial microbiota, Bau 2015, individual 1019	Chondrostoma nasus x Parachondrostoma toxostoma hindgut bacterial microbiota, Bau 2015, individual 1019	classification a 25 chromosomes (sept. 2026) : Hy ; depot du 2026-08-31 = Pt (12 chr) pour le nom scientifique, titre et nom commun restes a l'identification morphologique
DURANCE16S_15Bau1019Ch03A	ERS31168554	15Bau1019Ch03A	2015_Bau_1019	host scientific name	Parachondrostoma toxostoma	Chondrostoma nasus x Parachondrostoma toxostoma	classification a 25 chromosomes (sept. 2026) : Hy ; depot du 2026-08-31 = Pt (12 chr) pour le nom scientifique, titre et nom commun restes a l'identification morphologique
DURANCE16S_15Bau1019Ch03A	ERS31168554	15Bau1019Ch03A	2015_Bau_1019	host common name	Chondrostoma sp.	nasus x toxostoma	classification a 25 chromosomes (sept. 2026) : Hy ; depot du 2026-08-31 = Pt (12 chr) pour le nom scientifique, titre et nom commun restes a l'identification morphologique
DURANCE16S_15Jus1002Ch03A	ERS31168555	15Jus1002Ch03A	2015_Jus_1002	TITLE	Chondrostoma sp. hindgut bacterial microbiota, Jus 2015, individual 1002	Chondrostoma nasus x Parachondrostoma toxostoma hindgut bacterial microbiota, Jus 2015, individual 1002	classification a 25 chromosomes (sept. 2026) : Hy ; depot du 2026-08-31 = Pt (12 chr) pour le nom scientifique, titre et nom commun restes a l'identification morphologique
DURANCE16S_15Jus1002Ch03A	ERS31168555	15Jus1002Ch03A	2015_Jus_1002	host scientific name	Parachondrostoma toxostoma	Chondrostoma nasus x Parachondrostoma toxostoma	classification a 25 chromosomes (sept. 2026) : Hy ; depot du 2026-08-31 = Pt (12 chr) pour le nom scientifique, titre et nom commun restes a l'identification morphologique
DURANCE16S_15Jus1002Ch03A	ERS31168555	15Jus1002Ch03A	2015_Jus_1002	host common name	Chondrostoma sp.	nasus x toxostoma	classification a 25 chromosomes (sept. 2026) : Hy ; depot du 2026-08-31 = Pt (12 chr) pour le nom scientifique, titre et nom commun restes a l'identification morphologique
DURANCE16S_15Jus1010Ch03A	ERS31168556	15Jus1010Ch03A	2015_Jus_1010	TITLE	Chondrostoma sp. hindgut bacterial microbiota, Jus 2015, individual 1010	Chondrostoma nasus hindgut bacterial microbiota, Jus 2015, individual 1010	classification a 25 chromosomes (sept. 2026) : Cn ; depot du 2026-08-31 = Cn (12 chr) pour le nom scientifique, titre et nom commun restes a l'identification morphologique
DURANCE16S_15Jus1010Ch03A	ERS31168556	15Jus1010Ch03A	2015_Jus_1010	host common name	Chondrostoma sp.	nase	classification a 25 chromosomes (sept. 2026) : Cn ; depot du 2026-08-31 = Cn (12 chr) pour le nom scientifique, titre et nom commun restes a l'identification morphologique
DURANCE16S_15Jus1018Ch03A	ERS31168557	15Jus1018Ch03A	2015_Jus_1018	TITLE	Chondrostoma sp. hindgut bacterial microbiota, Jus 2015, individual 1018	Chondrostoma nasus hindgut bacterial microbiota, Jus 2015, individual 1018	classification a 25 chromosomes (sept. 2026) : Cn ; depot du 2026-08-31 = Cn (12 chr) pour le nom scientifique, titre et nom commun restes a l'identification morphologique
DURANCE16S_15Jus1018Ch03A	ERS31168557	15Jus1018Ch03A	2015_Jus_1018	host common name	Chondrostoma sp.	nase	classification a 25 chromosomes (sept. 2026) : Cn ; depot du 2026-08-31 = Cn (12 chr) pour le nom scientifique, titre et nom commun restes a l'identification morphologique
DURANCE16S_15Caa1007Ch03A	ERS31168558	15Caa1007Ch03A	2015_Caa_1007	TITLE	Chondrostoma sp. hindgut bacterial microbiota, Caa 2015, individual 1007	Chondrostoma nasus hindgut bacterial microbiota, Caa 2015, individual 1007	classification a 25 chromosomes (sept. 2026) : Cn ; depot du 2026-08-31 = Cn (12 chr) pour le nom scientifique, titre et nom commun restes a l'identification morphologique
DURANCE16S_15Caa1007Ch03A	ERS31168558	15Caa1007Ch03A	2015_Caa_1007	host common name	Chondrostoma sp.	nase	classification a 25 chromosomes (sept. 2026) : Cn ; depot du 2026-08-31 = Cn (12 chr) pour le nom scientifique, titre et nom commun restes a l'identification morphologique
DURANCE16S_15Caa1015Ch03A	ERS31168559	15Caa1015Ch03A	2015_Caa_1015	TITLE	Chondrostoma sp. hindgut bacterial microbiota, Caa 2015, individual 1015	Chondrostoma nasus x Parachondrostoma toxostoma hindgut bacterial microbiota, Caa 2015, individual 1015	classification a 25 chromosomes (sept. 2026) : Hy ; depot du 2026-08-31 = Hy (12 chr) pour le nom scientifique, titre et nom commun restes a l'identification morphologique
DURANCE16S_15Caa1015Ch03A	ERS31168559	15Caa1015Ch03A	2015_Caa_1015	host common name	Chondrostoma sp.	nasus x toxostoma	classification a 25 chromosomes (sept. 2026) : Hy ; depot du 2026-08-31 = Hy (12 chr) pour le nom scientifique, titre et nom commun restes a l'identification morphologique
DURANCE16S_15Avi1011Cn03A	ERS31168561	15Avi1011Cn03A	2015_Avi_1011	TITLE	Chondrostoma nasus hindgut bacterial microbiota, Avi 2015, individual 1011	Chondrostoma nasus x Parachondrostoma toxostoma hindgut bacterial microbiota, Avi 2015, individual 1011	classification a 25 chromosomes (sept. 2026) : Hy ; depot du 2026-08-31 = Cn (12 chr) pour le nom scientifique, titre et nom commun restes a l'identification morphologique
DURANCE16S_15Avi1011Cn03A	ERS31168561	15Avi1011Cn03A	2015_Avi_1011	host scientific name	Chondrostoma nasus	Chondrostoma nasus x Parachondrostoma toxostoma	classification a 25 chromosomes (sept. 2026) : Hy ; depot du 2026-08-31 = Cn (12 chr) pour le nom scientifique, titre et nom commun restes a l'identification morphologique
DURANCE16S_15Avi1011Cn03A	ERS31168561	15Avi1011Cn03A	2015_Avi_1011	host common name	nase	nasus x toxostoma	classification a 25 chromosomes (sept. 2026) : Hy ; depot du 2026-08-31 = Cn (12 chr) pour le nom scientifique, titre et nom commun restes a l'identification morphologique
DURANCE16S_15Bue1006Ch03A	ERS31168562	15Bue1006Ch03A	2015_Bue_1006	TITLE	Chondrostoma sp. hindgut bacterial microbiota, Bue 2015, individual 1006	Parachondrostoma toxostoma hindgut bacterial microbiota, Bue 2015, individual 1006	classification a 25 chromosomes (sept. 2026) : Pt ; depot du 2026-08-31 = Hy (12 chr) pour le nom scientifique, titre et nom commun restes a l'identification morphologique
DURANCE16S_15Bue1006Ch03A	ERS31168562	15Bue1006Ch03A	2015_Bue_1006	host scientific name	Chondrostoma nasus x Parachondrostoma toxostoma	Parachondrostoma toxostoma	classification a 25 chromosomes (sept. 2026) : Pt ; depot du 2026-08-31 = Hy (12 chr) pour le nom scientifique, titre et nom commun restes a l'identification morphologique
DURANCE16S_15Bue1006Ch03A	ERS31168562	15Bue1006Ch03A	2015_Bue_1006	host common name	Chondrostoma sp.	toxostome	classification a 25 chromosomes (sept. 2026) : Pt ; depot du 2026-08-31 = Hy (12 chr) pour le nom scientifique, titre et nom commun restes a l'identification morphologique
DURANCE16S_15Bue1014Ch03A	ERS31168563	15Bue1014Ch03A	2015_Bue_1014	TITLE	Chondrostoma sp. hindgut bacterial microbiota, Bue 2015, individual 1014	Parachondrostoma toxostoma hindgut bacterial microbiota, Bue 2015, individual 1014	classification a 25 chromosomes (sept. 2026) : Pt ; depot du 2026-08-31 = Pt (12 chr) pour le nom scientifique, titre et nom commun restes a l'identification morphologique
DURANCE16S_15Bue1014Ch03A	ERS31168563	15Bue1014Ch03A	2015_Bue_1014	host common name	Chondrostoma sp.	toxostome	classification a 25 chromosomes (sept. 2026) : Pt ; depot du 2026-08-31 = Pt (12 chr) pour le nom scientifique, titre et nom commun restes a l'identification morphologique
DURANCE16S_15Bau1004Ch03A	ERS31168564	15Bau1004Ch03A	2015_Bau_1004	TITLE	Chondrostoma sp. hindgut bacterial microbiota, Bau 2015, individual 1004	Chondrostoma nasus x Parachondrostoma toxostoma hindgut bacterial microbiota, Bau 2015, individual 1004	classification a 25 chromosomes (sept. 2026) : Hy ; depot du 2026-08-31 = Pt (12 chr) pour le nom scientifique, titre et nom commun restes a l'identification morphologique
DURANCE16S_15Bau1004Ch03A	ERS31168564	15Bau1004Ch03A	2015_Bau_1004	host scientific name	Parachondrostoma toxostoma	Chondrostoma nasus x Parachondrostoma toxostoma	classification a 25 chromosomes (sept. 2026) : Hy ; depot du 2026-08-31 = Pt (12 chr) pour le nom scientifique, titre et nom commun restes a l'identification morphologique
DURANCE16S_15Bau1004Ch03A	ERS31168564	15Bau1004Ch03A	2015_Bau_1004	host common name	Chondrostoma sp.	nasus x toxostoma	classification a 25 chromosomes (sept. 2026) : Hy ; depot du 2026-08-31 = Pt (12 chr) pour le nom scientifique, titre et nom commun restes a l'identification morphologique
DURANCE16S_15Bau1012Ch03A	ERS31168565	15Bau1012Ch03A	2015_Bau_1012	TITLE	Chondrostoma sp. hindgut bacterial microbiota, Bau 2015, individual 1012	Parachondrostoma toxostoma hindgut bacterial microbiota, Bau 2015, individual 1012	classification a 25 chromosomes (sept. 2026) : Pt ; depot du 2026-08-31 = Pt (12 chr) pour le nom scientifique, titre et nom commun restes a l'identification morphologique
DURANCE16S_15Bau1012Ch03A	ERS31168565	15Bau1012Ch03A	2015_Bau_1012	host common name	Chondrostoma sp.	toxostome	classification a 25 chromosomes (sept. 2026) : Pt ; depot du 2026-08-31 = Pt (12 chr) pour le nom scientifique, titre et nom commun restes a l'identification morphologique
DURANCE16S_15Bau1020Ch03A	ERS31168566	15Bau1020Ch03A	2015_Bau_1020	TITLE	Chondrostoma sp. hindgut bacterial microbiota, Bau 2015, individual 1020	Chondrostoma nasus x Parachondrostoma toxostoma hindgut bacterial microbiota, Bau 2015, individual 1020	classification a 25 chromosomes (sept. 2026) : Hy ; depot du 2026-08-31 = Hy (12 chr) pour le nom scientifique, titre et nom commun restes a l'identification morphologique
DURANCE16S_15Bau1020Ch03A	ERS31168566	15Bau1020Ch03A	2015_Bau_1020	host common name	Chondrostoma sp.	nasus x toxostoma	classification a 25 chromosomes (sept. 2026) : Hy ; depot du 2026-08-31 = Hy (12 chr) pour le nom scientifique, titre et nom commun restes a l'identification morphologique
DURANCE16S_15Jus1003Ch03A	ERS31168567	15Jus1003Ch03A	2015_Jus_1003	TITLE	Chondrostoma sp. hindgut bacterial microbiota, Jus 2015, individual 1003	Chondrostoma nasus x Parachondrostoma toxostoma hindgut bacterial microbiota, Jus 2015, individual 1003	classification a 25 chromosomes (sept. 2026) : Hy ; depot du 2026-08-31 = Pt (12 chr) pour le nom scientifique, titre et nom commun restes a l'identification morphologique
DURANCE16S_15Jus1003Ch03A	ERS31168567	15Jus1003Ch03A	2015_Jus_1003	host scientific name	Parachondrostoma toxostoma	Chondrostoma nasus x Parachondrostoma toxostoma	classification a 25 chromosomes (sept. 2026) : Hy ; depot du 2026-08-31 = Pt (12 chr) pour le nom scientifique, titre et nom commun restes a l'identification morphologique
DURANCE16S_15Jus1003Ch03A	ERS31168567	15Jus1003Ch03A	2015_Jus_1003	host common name	Chondrostoma sp.	nasus x toxostoma	classification a 25 chromosomes (sept. 2026) : Hy ; depot du 2026-08-31 = Pt (12 chr) pour le nom scientifique, titre et nom commun restes a l'identification morphologique
DURANCE16S_15Jus1011Ch03A	ERS31168568	15Jus1011Ch03A	2015_Jus_1011	TITLE	Chondrostoma sp. hindgut bacterial microbiota, Jus 2015, individual 1011	Chondrostoma nasus hindgut bacterial microbiota, Jus 2015, individual 1011	classification a 25 chromosomes (sept. 2026) : Cn ; depot du 2026-08-31 = Hy (12 chr) pour le nom scientifique, titre et nom commun restes a l'identification morphologique
DURANCE16S_15Jus1011Ch03A	ERS31168568	15Jus1011Ch03A	2015_Jus_1011	host scientific name	Chondrostoma nasus x Parachondrostoma toxostoma	Chondrostoma nasus	classification a 25 chromosomes (sept. 2026) : Cn ; depot du 2026-08-31 = Hy (12 chr) pour le nom scientifique, titre et nom commun restes a l'identification morphologique
DURANCE16S_15Jus1011Ch03A	ERS31168568	15Jus1011Ch03A	2015_Jus_1011	host common name	Chondrostoma sp.	nase	classification a 25 chromosomes (sept. 2026) : Cn ; depot du 2026-08-31 = Hy (12 chr) pour le nom scientifique, titre et nom commun restes a l'identification morphologique
DURANCE16S_15Jus1019Ch03A	ERS31168569	15Jus1019Ch03A	2015_Jus_1019	TITLE	Chondrostoma sp. hindgut bacterial microbiota, Jus 2015, individual 1019	Chondrostoma nasus hindgut bacterial microbiota, Jus 2015, individual 1019	classification a 25 chromosomes (sept. 2026) : Cn ; depot du 2026-08-31 = Cn (12 chr) pour le nom scientifique, titre et nom commun restes a l'identification morphologique
DURANCE16S_15Jus1019Ch03A	ERS31168569	15Jus1019Ch03A	2015_Jus_1019	host common name	Chondrostoma sp.	nase	classification a 25 chromosomes (sept. 2026) : Cn ; depot du 2026-08-31 = Cn (12 chr) pour le nom scientifique, titre et nom commun restes a l'identification morphologique
DURANCE16S_15Caa1008Ch03A	ERS31168570	15Caa1008Ch03A	2015_Caa_1008	TITLE	Chondrostoma sp. hindgut bacterial microbiota, Caa 2015, individual 1008	Chondrostoma nasus x Parachondrostoma toxostoma hindgut bacterial microbiota, Caa 2015, individual 1008	classification a 25 chromosomes (sept. 2026) : Hy ; depot du 2026-08-31 = Hy (12 chr) pour le nom scientifique, titre et nom commun restes a l'identification morphologique
DURANCE16S_15Caa1008Ch03A	ERS31168570	15Caa1008Ch03A	2015_Caa_1008	host common name	Chondrostoma sp.	nasus x toxostoma	classification a 25 chromosomes (sept. 2026) : Hy ; depot du 2026-08-31 = Hy (12 chr) pour le nom scientifique, titre et nom commun restes a l'identification morphologique
DURANCE16S_15Caa1016Ch03A	ERS31168571	15Caa1016Ch03A	2015_Caa_1016	TITLE	Chondrostoma sp. hindgut bacterial microbiota, Caa 2015, individual 1016	Chondrostoma nasus x Parachondrostoma toxostoma hindgut bacterial microbiota, Caa 2015, individual 1016	classification a 25 chromosomes (sept. 2026) : Hy ; depot du 2026-08-31 = Pt (12 chr) pour le nom scientifique, titre et nom commun restes a l'identification morphologique
DURANCE16S_15Caa1016Ch03A	ERS31168571	15Caa1016Ch03A	2015_Caa_1016	host scientific name	Parachondrostoma toxostoma	Chondrostoma nasus x Parachondrostoma toxostoma	classification a 25 chromosomes (sept. 2026) : Hy ; depot du 2026-08-31 = Pt (12 chr) pour le nom scientifique, titre et nom commun restes a l'identification morphologique
DURANCE16S_15Caa1016Ch03A	ERS31168571	15Caa1016Ch03A	2015_Caa_1016	host common name	Chondrostoma sp.	nasus x toxostoma	classification a 25 chromosomes (sept. 2026) : Hy ; depot du 2026-08-31 = Pt (12 chr) pour le nom scientifique, titre et nom commun restes a l'identification morphologique
DURANCE16S_15Avi1012Pt03A	ERS31168573	15Avi1012Pt03A	2015_Avi_1012	TITLE	Parachondrostoma toxostoma hindgut bacterial microbiota, Avi 2015, individual 1012	Chondrostoma nasus x Parachondrostoma toxostoma hindgut bacterial microbiota, Avi 2015, individual 1012	classification a 25 chromosomes (sept. 2026) : Hy ; depot du 2026-08-31 = Hy (12 chr) pour le nom scientifique, titre et nom commun restes a l'identification morphologique
DURANCE16S_15Avi1012Pt03A	ERS31168573	15Avi1012Pt03A	2015_Avi_1012	host common name	toxostome	nasus x toxostoma	classification a 25 chromosomes (sept. 2026) : Hy ; depot du 2026-08-31 = Hy (12 chr) pour le nom scientifique, titre et nom commun restes a l'identification morphologique
DURANCE16S_15Bue1007Ch03A	ERS31168574	15Bue1007Ch03A	2015_Bue_1007	TITLE	Chondrostoma sp. hindgut bacterial microbiota, Bue 2015, individual 1007	Chondrostoma nasus x Parachondrostoma toxostoma hindgut bacterial microbiota, Bue 2015, individual 1007	classification a 25 chromosomes (sept. 2026) : Hy ; depot du 2026-08-31 = Hy (12 chr) pour le nom scientifique, titre et nom commun restes a l'identification morphologique
DURANCE16S_15Bue1007Ch03A	ERS31168574	15Bue1007Ch03A	2015_Bue_1007	host common name	Chondrostoma sp.	nasus x toxostoma	classification a 25 chromosomes (sept. 2026) : Hy ; depot du 2026-08-31 = Hy (12 chr) pour le nom scientifique, titre et nom commun restes a l'identification morphologique
DURANCE16S_15Bue1015Ch03A	ERS31168575	15Bue1015Ch03A	2015_Bue_1015	TITLE	Chondrostoma sp. hindgut bacterial microbiota, Bue 2015, individual 1015	Parachondrostoma toxostoma hindgut bacterial microbiota, Bue 2015, individual 1015	classification a 25 chromosomes (sept. 2026) : Pt ; depot du 2026-08-31 = Pt (12 chr) pour le nom scientifique, titre et nom commun restes a l'identification morphologique
DURANCE16S_15Bue1015Ch03A	ERS31168575	15Bue1015Ch03A	2015_Bue_1015	host common name	Chondrostoma sp.	toxostome	classification a 25 chromosomes (sept. 2026) : Pt ; depot du 2026-08-31 = Pt (12 chr) pour le nom scientifique, titre et nom commun restes a l'identification morphologique
DURANCE16S_15Bau1005Ch03A	ERS31168576	15Bau1005Ch03A	2015_Bau_1005	TITLE	Chondrostoma sp. hindgut bacterial microbiota, Bau 2015, individual 1005	Parachondrostoma toxostoma hindgut bacterial microbiota, Bau 2015, individual 1005	classification a 25 chromosomes (sept. 2026) : Pt ; depot du 2026-08-31 = Pt (12 chr) pour le nom scientifique, titre et nom commun restes a l'identification morphologique
DURANCE16S_15Bau1005Ch03A	ERS31168576	15Bau1005Ch03A	2015_Bau_1005	host common name	Chondrostoma sp.	toxostome	classification a 25 chromosomes (sept. 2026) : Pt ; depot du 2026-08-31 = Pt (12 chr) pour le nom scientifique, titre et nom commun restes a l'identification morphologique
DURANCE16S_15Bau1013Ch03A	ERS31168577	15Bau1013Ch03A	2015_Bau_1013	TITLE	Chondrostoma sp. hindgut bacterial microbiota, Bau 2015, individual 1013	Parachondrostoma toxostoma hindgut bacterial microbiota, Bau 2015, individual 1013	classification a 25 chromosomes (sept. 2026) : Pt ; depot du 2026-08-31 = Pt (12 chr) pour le nom scientifique, titre et nom commun restes a l'identification morphologique
DURANCE16S_15Bau1013Ch03A	ERS31168577	15Bau1013Ch03A	2015_Bau_1013	host common name	Chondrostoma sp.	toxostome	classification a 25 chromosomes (sept. 2026) : Pt ; depot du 2026-08-31 = Pt (12 chr) pour le nom scientifique, titre et nom commun restes a l'identification morphologique
DURANCE16S_15Bau1021Ch03A	ERS31168578	15Bau1021Ch03A	2015_Bau_1021	TITLE	Chondrostoma sp. hindgut bacterial microbiota, Bau 2015, individual 1021	Chondrostoma nasus x Parachondrostoma toxostoma hindgut bacterial microbiota, Bau 2015, individual 1021	classification a 25 chromosomes (sept. 2026) : Hy ; depot du 2026-08-31 = Pt (12 chr) pour le nom scientifique, titre et nom commun restes a l'identification morphologique
DURANCE16S_15Bau1021Ch03A	ERS31168578	15Bau1021Ch03A	2015_Bau_1021	host scientific name	Parachondrostoma toxostoma	Chondrostoma nasus x Parachondrostoma toxostoma	classification a 25 chromosomes (sept. 2026) : Hy ; depot du 2026-08-31 = Pt (12 chr) pour le nom scientifique, titre et nom commun restes a l'identification morphologique
DURANCE16S_15Bau1021Ch03A	ERS31168578	15Bau1021Ch03A	2015_Bau_1021	host common name	Chondrostoma sp.	nasus x toxostoma	classification a 25 chromosomes (sept. 2026) : Hy ; depot du 2026-08-31 = Pt (12 chr) pour le nom scientifique, titre et nom commun restes a l'identification morphologique
DURANCE16S_15Jus1004Ch03A	ERS31168579	15Jus1004Ch03A	2015_Jus_1004	TITLE	Chondrostoma sp. hindgut bacterial microbiota, Jus 2015, individual 1004	Chondrostoma nasus x Parachondrostoma toxostoma hindgut bacterial microbiota, Jus 2015, individual 1004	classification a 25 chromosomes (sept. 2026) : Hy ; depot du 2026-08-31 = Pt (12 chr) pour le nom scientifique, titre et nom commun restes a l'identification morphologique
DURANCE16S_15Jus1004Ch03A	ERS31168579	15Jus1004Ch03A	2015_Jus_1004	host scientific name	Parachondrostoma toxostoma	Chondrostoma nasus x Parachondrostoma toxostoma	classification a 25 chromosomes (sept. 2026) : Hy ; depot du 2026-08-31 = Pt (12 chr) pour le nom scientifique, titre et nom commun restes a l'identification morphologique
DURANCE16S_15Jus1004Ch03A	ERS31168579	15Jus1004Ch03A	2015_Jus_1004	host common name	Chondrostoma sp.	nasus x toxostoma	classification a 25 chromosomes (sept. 2026) : Hy ; depot du 2026-08-31 = Pt (12 chr) pour le nom scientifique, titre et nom commun restes a l'identification morphologique
DURANCE16S_15Jus1012Ch03A	ERS31168580	15Jus1012Ch03A	2015_Jus_1012	TITLE	Chondrostoma sp. hindgut bacterial microbiota, Jus 2015, individual 1012	Chondrostoma nasus hindgut bacterial microbiota, Jus 2015, individual 1012	classification a 25 chromosomes (sept. 2026) : Cn ; depot du 2026-08-31 = Cn (12 chr) pour le nom scientifique, titre et nom commun restes a l'identification morphologique
DURANCE16S_15Jus1012Ch03A	ERS31168580	15Jus1012Ch03A	2015_Jus_1012	host common name	Chondrostoma sp.	nase	classification a 25 chromosomes (sept. 2026) : Cn ; depot du 2026-08-31 = Cn (12 chr) pour le nom scientifique, titre et nom commun restes a l'identification morphologique
DURANCE16S_15Caa1001CH03A	ERS31168581	15Caa1001CH03A	2015_Caa_1001	TITLE	Chondrostoma sp. hindgut bacterial microbiota, Caa 2015, individual 1001	Chondrostoma nasus hindgut bacterial microbiota, Caa 2015, individual 1001	classification a 25 chromosomes (sept. 2026) : Cn ; depot du 2026-08-31 = Cn (12 chr) pour le nom scientifique, titre et nom commun restes a l'identification morphologique
DURANCE16S_15Caa1001CH03A	ERS31168581	15Caa1001CH03A	2015_Caa_1001	host common name	Chondrostoma sp.	nase	classification a 25 chromosomes (sept. 2026) : Cn ; depot du 2026-08-31 = Cn (12 chr) pour le nom scientifique, titre et nom commun restes a l'identification morphologique
DURANCE16S_15Caa1009Ch03A	ERS31168582	15Caa1009Ch03A	2015_Caa_1009	TITLE	Chondrostoma sp. hindgut bacterial microbiota, Caa 2015, individual 1009	Chondrostoma nasus hindgut bacterial microbiota, Caa 2015, individual 1009	classification a 25 chromosomes (sept. 2026) : Cn ; depot du 2026-08-31 = Cn (12 chr) pour le nom scientifique, titre et nom commun restes a l'identification morphologique
DURANCE16S_15Caa1009Ch03A	ERS31168582	15Caa1009Ch03A	2015_Caa_1009	host common name	Chondrostoma sp.	nase	classification a 25 chromosomes (sept. 2026) : Cn ; depot du 2026-08-31 = Cn (12 chr) pour le nom scientifique, titre et nom commun restes a l'identification morphologique
DURANCE16S_15Caa1017Ch03A	ERS31168583	15Caa1017Ch03A	2015_Caa_1017	TITLE	Chondrostoma sp. hindgut bacterial microbiota, Caa 2015, individual 1017	Chondrostoma nasus x Parachondrostoma toxostoma hindgut bacterial microbiota, Caa 2015, individual 1017	classification a 25 chromosomes (sept. 2026) : Hy ; depot du 2026-08-31 = Hy (12 chr) pour le nom scientifique, titre et nom commun restes a l'identification morphologique
DURANCE16S_15Caa1017Ch03A	ERS31168583	15Caa1017Ch03A	2015_Caa_1017	host common name	Chondrostoma sp.	nasus x toxostoma	classification a 25 chromosomes (sept. 2026) : Hy ; depot du 2026-08-31 = Hy (12 chr) pour le nom scientifique, titre et nom commun restes a l'identification morphologique
DURANCE16S_15Avi1013Pt03A	ERS31168585	15Avi1013Pt03A	2015_Avi_1013	TITLE	Parachondrostoma toxostoma hindgut bacterial microbiota, Avi 2015, individual 1013	Chondrostoma nasus x Parachondrostoma toxostoma hindgut bacterial microbiota, Avi 2015, individual 1013	classification a 25 chromosomes (sept. 2026) : Hy ; depot du 2026-08-31 = Hy (12 chr) pour le nom scientifique, titre et nom commun restes a l'identification morphologique
DURANCE16S_15Avi1013Pt03A	ERS31168585	15Avi1013Pt03A	2015_Avi_1013	host common name	toxostome	nasus x toxostoma	classification a 25 chromosomes (sept. 2026) : Hy ; depot du 2026-08-31 = Hy (12 chr) pour le nom scientifique, titre et nom commun restes a l'identification morphologique
DURANCE16S_15Bue1008Ch03A	ERS31168586	15Bue1008Ch03A	2015_Bue_1008	TITLE	Chondrostoma sp. hindgut bacterial microbiota, Bue 2015, individual 1008	Parachondrostoma toxostoma hindgut bacterial microbiota, Bue 2015, individual 1008	classification a 25 chromosomes (sept. 2026) : Pt ; depot du 2026-08-31 = Pt (12 chr) pour le nom scientifique, titre et nom commun restes a l'identification morphologique
DURANCE16S_15Bue1008Ch03A	ERS31168586	15Bue1008Ch03A	2015_Bue_1008	host common name	Chondrostoma sp.	toxostome	classification a 25 chromosomes (sept. 2026) : Pt ; depot du 2026-08-31 = Pt (12 chr) pour le nom scientifique, titre et nom commun restes a l'identification morphologique
DURANCE16S_15Bue1016Ch03A	ERS31168587	15Bue1016Ch03A	2015_Bue_1016	TITLE	Chondrostoma sp. hindgut bacterial microbiota, Bue 2015, individual 1016	Chondrostoma nasus x Parachondrostoma toxostoma hindgut bacterial microbiota, Bue 2015, individual 1016	classification a 25 chromosomes (sept. 2026) : Hy ; depot du 2026-08-31 = Hy (12 chr) pour le nom scientifique, titre et nom commun restes a l'identification morphologique
DURANCE16S_15Bue1016Ch03A	ERS31168587	15Bue1016Ch03A	2015_Bue_1016	host common name	Chondrostoma sp.	nasus x toxostoma	classification a 25 chromosomes (sept. 2026) : Hy ; depot du 2026-08-31 = Hy (12 chr) pour le nom scientifique, titre et nom commun restes a l'identification morphologique
DURANCE16S_15Bau1006Ch03A	ERS31168588	15Bau1006Ch03A	2015_Bau_1006	TITLE	Chondrostoma sp. hindgut bacterial microbiota, Bau 2015, individual 1006	Chondrostoma nasus x Parachondrostoma toxostoma hindgut bacterial microbiota, Bau 2015, individual 1006	classification a 25 chromosomes (sept. 2026) : Hy ; depot du 2026-08-31 = Hy (12 chr) pour le nom scientifique, titre et nom commun restes a l'identification morphologique
DURANCE16S_15Bau1006Ch03A	ERS31168588	15Bau1006Ch03A	2015_Bau_1006	host common name	Chondrostoma sp.	nasus x toxostoma	classification a 25 chromosomes (sept. 2026) : Hy ; depot du 2026-08-31 = Hy (12 chr) pour le nom scientifique, titre et nom commun restes a l'identification morphologique
DURANCE16S_15Bau1014Ch03A	ERS31168589	15Bau1014Ch03A	2015_Bau_1014	TITLE	Chondrostoma sp. hindgut bacterial microbiota, Bau 2015, individual 1014	Parachondrostoma toxostoma hindgut bacterial microbiota, Bau 2015, individual 1014	classification a 25 chromosomes (sept. 2026) : Pt ; depot du 2026-08-31 = Pt (12 chr) pour le nom scientifique, titre et nom commun restes a l'identification morphologique
DURANCE16S_15Bau1014Ch03A	ERS31168589	15Bau1014Ch03A	2015_Bau_1014	host common name	Chondrostoma sp.	toxostome	classification a 25 chromosomes (sept. 2026) : Pt ; depot du 2026-08-31 = Pt (12 chr) pour le nom scientifique, titre et nom commun restes a l'identification morphologique
DURANCE16S_15Bau1022Ch03A	ERS31168590	15Bau1022Ch03A	2015_Bau_1022	TITLE	Chondrostoma sp. hindgut bacterial microbiota, Bau 2015, individual 1022	Parachondrostoma toxostoma hindgut bacterial microbiota, Bau 2015, individual 1022	classification a 25 chromosomes (sept. 2026) : Pt ; depot du 2026-08-31 = Pt (12 chr) pour le nom scientifique, titre et nom commun restes a l'identification morphologique
DURANCE16S_15Bau1022Ch03A	ERS31168590	15Bau1022Ch03A	2015_Bau_1022	host common name	Chondrostoma sp.	toxostome	classification a 25 chromosomes (sept. 2026) : Pt ; depot du 2026-08-31 = Pt (12 chr) pour le nom scientifique, titre et nom commun restes a l'identification morphologique
DURANCE16S_15Jus1005Ch03A	ERS31168591	15Jus1005Ch03A	2015_Jus_1005	TITLE	Chondrostoma sp. hindgut bacterial microbiota, Jus 2015, individual 1005	Chondrostoma nasus x Parachondrostoma toxostoma hindgut bacterial microbiota, Jus 2015, individual 1005	classification a 25 chromosomes (sept. 2026) : Hy ; depot du 2026-08-31 = Pt (12 chr) pour le nom scientifique, titre et nom commun restes a l'identification morphologique
DURANCE16S_15Jus1005Ch03A	ERS31168591	15Jus1005Ch03A	2015_Jus_1005	host scientific name	Parachondrostoma toxostoma	Chondrostoma nasus x Parachondrostoma toxostoma	classification a 25 chromosomes (sept. 2026) : Hy ; depot du 2026-08-31 = Pt (12 chr) pour le nom scientifique, titre et nom commun restes a l'identification morphologique
DURANCE16S_15Jus1005Ch03A	ERS31168591	15Jus1005Ch03A	2015_Jus_1005	host common name	Chondrostoma sp.	nasus x toxostoma	classification a 25 chromosomes (sept. 2026) : Hy ; depot du 2026-08-31 = Pt (12 chr) pour le nom scientifique, titre et nom commun restes a l'identification morphologique
DURANCE16S_15Jus1013Ch03A	ERS31168592	15Jus1013Ch03A	2015_Jus_1013	TITLE	Chondrostoma sp. hindgut bacterial microbiota, Jus 2015, individual 1013	Chondrostoma nasus hindgut bacterial microbiota, Jus 2015, individual 1013	classification a 25 chromosomes (sept. 2026) : Cn ; depot du 2026-08-31 = Cn (12 chr) pour le nom scientifique, titre et nom commun restes a l'identification morphologique
DURANCE16S_15Jus1013Ch03A	ERS31168592	15Jus1013Ch03A	2015_Jus_1013	host common name	Chondrostoma sp.	nase	classification a 25 chromosomes (sept. 2026) : Cn ; depot du 2026-08-31 = Cn (12 chr) pour le nom scientifique, titre et nom commun restes a l'identification morphologique
DURANCE16S_15Caa1002Ch03A	ERS31168593	15Caa1002Ch03A	2015_Caa_1002	TITLE	Chondrostoma sp. hindgut bacterial microbiota, Caa 2015, individual 1002	Chondrostoma nasus hindgut bacterial microbiota, Caa 2015, individual 1002	classification a 25 chromosomes (sept. 2026) : Cn ; depot du 2026-08-31 = Cn (12 chr) pour le nom scientifique, titre et nom commun restes a l'identification morphologique
DURANCE16S_15Caa1002Ch03A	ERS31168593	15Caa1002Ch03A	2015_Caa_1002	host common name	Chondrostoma sp.	nase	classification a 25 chromosomes (sept. 2026) : Cn ; depot du 2026-08-31 = Cn (12 chr) pour le nom scientifique, titre et nom commun restes a l'identification morphologique
DURANCE16S_15Caa1010Ch03A	ERS31168594	15Caa1010Ch03A	2015_Caa_1010	TITLE	Chondrostoma sp. hindgut bacterial microbiota, Caa 2015, individual 1010	Chondrostoma nasus hindgut bacterial microbiota, Caa 2015, individual 1010	classification a 25 chromosomes (sept. 2026) : Cn ; depot du 2026-08-31 = Cn (12 chr) pour le nom scientifique, titre et nom commun restes a l'identification morphologique
DURANCE16S_15Caa1010Ch03A	ERS31168594	15Caa1010Ch03A	2015_Caa_1010	host common name	Chondrostoma sp.	nase	classification a 25 chromosomes (sept. 2026) : Cn ; depot du 2026-08-31 = Cn (12 chr) pour le nom scientifique, titre et nom commun restes a l'identification morphologique
DURANCE16S_15Caa1018Ch03A	ERS31168595	15Caa1018Ch03A	2015_Caa_1018	TITLE	Chondrostoma sp. hindgut bacterial microbiota, Caa 2015, individual 1018	Parachondrostoma toxostoma hindgut bacterial microbiota, Caa 2015, individual 1018	classification a 25 chromosomes (sept. 2026) : Pt ; depot du 2026-08-31 = Pt (12 chr) pour le nom scientifique, titre et nom commun restes a l'identification morphologique
DURANCE16S_15Caa1018Ch03A	ERS31168595	15Caa1018Ch03A	2015_Caa_1018	host common name	Chondrostoma sp.	toxostome	classification a 25 chromosomes (sept. 2026) : Pt ; depot du 2026-08-31 = Pt (12 chr) pour le nom scientifique, titre et nom commun restes a l'identification morphologique
DURANCE16S_15Bue1001Ch03A	ERS31168597	15Bue1001Ch03A	2015_Bue_1001	TITLE	Chondrostoma sp. hindgut bacterial microbiota, Bue 2015, individual 1001	Chondrostoma nasus hindgut bacterial microbiota, Bue 2015, individual 1001	classification a 25 chromosomes (sept. 2026) : Cn ; depot du 2026-08-31 = Cn (12 chr) pour le nom scientifique, titre et nom commun restes a l'identification morphologique
DURANCE16S_15Bue1001Ch03A	ERS31168597	15Bue1001Ch03A	2015_Bue_1001	host common name	Chondrostoma sp.	nase	classification a 25 chromosomes (sept. 2026) : Cn ; depot du 2026-08-31 = Cn (12 chr) pour le nom scientifique, titre et nom commun restes a l'identification morphologique
DURANCE16S_15Bue1009Ch03A	ERS31168598	15Bue1009Ch03A	2015_Bue_1009	TITLE	Chondrostoma sp. hindgut bacterial microbiota, Bue 2015, individual 1009	Chondrostoma nasus x Parachondrostoma toxostoma hindgut bacterial microbiota, Bue 2015, individual 1009	classification a 25 chromosomes (sept. 2026) : Hy ; depot du 2026-08-31 = Hy (12 chr) pour le nom scientifique, titre et nom commun restes a l'identification morphologique
DURANCE16S_15Bue1009Ch03A	ERS31168598	15Bue1009Ch03A	2015_Bue_1009	host common name	Chondrostoma sp.	nasus x toxostoma	classification a 25 chromosomes (sept. 2026) : Hy ; depot du 2026-08-31 = Hy (12 chr) pour le nom scientifique, titre et nom commun restes a l'identification morphologique
DURANCE16S_15Bue1017Ch03A	ERS31168599	15Bue1017Ch03A	2015_Bue_1017	TITLE	Chondrostoma sp. hindgut bacterial microbiota, Bue 2015, individual 1017	Chondrostoma nasus hindgut bacterial microbiota, Bue 2015, individual 1017	classification a 25 chromosomes (sept. 2026) : Cn ; depot du 2026-08-31 = Cn (12 chr) pour le nom scientifique, titre et nom commun restes a l'identification morphologique
DURANCE16S_15Bue1017Ch03A	ERS31168599	15Bue1017Ch03A	2015_Bue_1017	host common name	Chondrostoma sp.	nase	classification a 25 chromosomes (sept. 2026) : Cn ; depot du 2026-08-31 = Cn (12 chr) pour le nom scientifique, titre et nom commun restes a l'identification morphologique
DURANCE16S_15Bau1007Ch03A	ERS31168600	15Bau1007Ch03A	2015_Bau_1007	TITLE	Chondrostoma sp. hindgut bacterial microbiota, Bau 2015, individual 1007	Parachondrostoma toxostoma hindgut bacterial microbiota, Bau 2015, individual 1007	classification a 25 chromosomes (sept. 2026) : Pt ; depot du 2026-08-31 = Pt (12 chr) pour le nom scientifique, titre et nom commun restes a l'identification morphologique
DURANCE16S_15Bau1007Ch03A	ERS31168600	15Bau1007Ch03A	2015_Bau_1007	host common name	Chondrostoma sp.	toxostome	classification a 25 chromosomes (sept. 2026) : Pt ; depot du 2026-08-31 = Pt (12 chr) pour le nom scientifique, titre et nom commun restes a l'identification morphologique
DURANCE16S_15Bau1015Ch03A	ERS31168601	15Bau1015Ch03A	2015_Bau_1015	TITLE	Chondrostoma sp. hindgut bacterial microbiota, Bau 2015, individual 1015	Parachondrostoma toxostoma hindgut bacterial microbiota, Bau 2015, individual 1015	classification a 25 chromosomes (sept. 2026) : Pt ; depot du 2026-08-31 = Pt (12 chr) pour le nom scientifique, titre et nom commun restes a l'identification morphologique
DURANCE16S_15Bau1015Ch03A	ERS31168601	15Bau1015Ch03A	2015_Bau_1015	host common name	Chondrostoma sp.	toxostome	classification a 25 chromosomes (sept. 2026) : Pt ; depot du 2026-08-31 = Pt (12 chr) pour le nom scientifique, titre et nom commun restes a l'identification morphologique
DURANCE16S_15Bau1023Ch03A	ERS31168602	15Bau1023Ch03A	2015_Bau_1023	TITLE	Chondrostoma sp. hindgut bacterial microbiota, Bau 2015, individual 1023	Parachondrostoma toxostoma hindgut bacterial microbiota, Bau 2015, individual 1023	classification a 25 chromosomes (sept. 2026) : Pt ; depot du 2026-08-31 = Pt (12 chr) pour le nom scientifique, titre et nom commun restes a l'identification morphologique
DURANCE16S_15Bau1023Ch03A	ERS31168602	15Bau1023Ch03A	2015_Bau_1023	host common name	Chondrostoma sp.	toxostome	classification a 25 chromosomes (sept. 2026) : Pt ; depot du 2026-08-31 = Pt (12 chr) pour le nom scientifique, titre et nom commun restes a l'identification morphologique
DURANCE16S_15Jus1006Ch03A	ERS31168603	15Jus1006Ch03A	2015_Jus_1006	TITLE	Chondrostoma sp. hindgut bacterial microbiota, Jus 2015, individual 1006	Parachondrostoma toxostoma hindgut bacterial microbiota, Jus 2015, individual 1006	classification a 25 chromosomes (sept. 2026) : Pt ; depot du 2026-08-31 = Pt (12 chr) pour le nom scientifique, titre et nom commun restes a l'identification morphologique
DURANCE16S_15Jus1006Ch03A	ERS31168603	15Jus1006Ch03A	2015_Jus_1006	host common name	Chondrostoma sp.	toxostome	classification a 25 chromosomes (sept. 2026) : Pt ; depot du 2026-08-31 = Pt (12 chr) pour le nom scientifique, titre et nom commun restes a l'identification morphologique
DURANCE16S_15Jus1014Ch03A	ERS31168604	15Jus1014Ch03A	2015_Jus_1014	TITLE	Chondrostoma sp. hindgut bacterial microbiota, Jus 2015, individual 1014	Chondrostoma nasus hindgut bacterial microbiota, Jus 2015, individual 1014	classification a 25 chromosomes (sept. 2026) : Cn ; depot du 2026-08-31 = Cn (12 chr) pour le nom scientifique, titre et nom commun restes a l'identification morphologique
DURANCE16S_15Jus1014Ch03A	ERS31168604	15Jus1014Ch03A	2015_Jus_1014	host common name	Chondrostoma sp.	nase	classification a 25 chromosomes (sept. 2026) : Cn ; depot du 2026-08-31 = Cn (12 chr) pour le nom scientifique, titre et nom commun restes a l'identification morphologique
DURANCE16S_15Caa1003Ch03A	ERS31168605	15Caa1003Ch03A	2015_Caa_1003	TITLE	Chondrostoma sp. hindgut bacterial microbiota, Caa 2015, individual 1003	Chondrostoma nasus hindgut bacterial microbiota, Caa 2015, individual 1003	classification a 25 chromosomes (sept. 2026) : Cn ; depot du 2026-08-31 = Cn (12 chr) pour le nom scientifique, titre et nom commun restes a l'identification morphologique
DURANCE16S_15Caa1003Ch03A	ERS31168605	15Caa1003Ch03A	2015_Caa_1003	host common name	Chondrostoma sp.	nase	classification a 25 chromosomes (sept. 2026) : Cn ; depot du 2026-08-31 = Cn (12 chr) pour le nom scientifique, titre et nom commun restes a l'identification morphologique
DURANCE16S_15Caa1011Ch03A	ERS31168606	15Caa1011Ch03A	2015_Caa_1011	TITLE	Chondrostoma sp. hindgut bacterial microbiota, Caa 2015, individual 1011	Parachondrostoma toxostoma hindgut bacterial microbiota, Caa 2015, individual 1011	classification a 25 chromosomes (sept. 2026) : Pt ; depot du 2026-08-31 = Pt (12 chr) pour le nom scientifique, titre et nom commun restes a l'identification morphologique
DURANCE16S_15Caa1011Ch03A	ERS31168606	15Caa1011Ch03A	2015_Caa_1011	host common name	Chondrostoma sp.	toxostome	classification a 25 chromosomes (sept. 2026) : Pt ; depot du 2026-08-31 = Pt (12 chr) pour le nom scientifique, titre et nom commun restes a l'identification morphologique
DURANCE16S_15Caa1019Ch03A	ERS31168607	15Caa1019Ch03A	2015_Caa_1019	TITLE	Chondrostoma sp. hindgut bacterial microbiota, Caa 2015, individual 1019	Chondrostoma nasus x Parachondrostoma toxostoma hindgut bacterial microbiota, Caa 2015, individual 1019	classification a 25 chromosomes (sept. 2026) : Hy ; depot du 2026-08-31 = Pt (12 chr) pour le nom scientifique, titre et nom commun restes a l'identification morphologique
DURANCE16S_15Caa1019Ch03A	ERS31168607	15Caa1019Ch03A	2015_Caa_1019	host scientific name	Parachondrostoma toxostoma	Chondrostoma nasus x Parachondrostoma toxostoma	classification a 25 chromosomes (sept. 2026) : Hy ; depot du 2026-08-31 = Pt (12 chr) pour le nom scientifique, titre et nom commun restes a l'identification morphologique
DURANCE16S_15Caa1019Ch03A	ERS31168607	15Caa1019Ch03A	2015_Caa_1019	host common name	Chondrostoma sp.	nasus x toxostoma	classification a 25 chromosomes (sept. 2026) : Hy ; depot du 2026-08-31 = Pt (12 chr) pour le nom scientifique, titre et nom commun restes a l'identification morphologique
DURANCE16S_15Bue1002Ch03A	ERS31168609	15Bue1002Ch03A	2015_Bue_1002	TITLE	Chondrostoma sp. hindgut bacterial microbiota, Bue 2015, individual 1002	Chondrostoma nasus hindgut bacterial microbiota, Bue 2015, individual 1002	classification a 25 chromosomes (sept. 2026) : Cn ; depot du 2026-08-31 = Cn (12 chr) pour le nom scientifique, titre et nom commun restes a l'identification morphologique
DURANCE16S_15Bue1002Ch03A	ERS31168609	15Bue1002Ch03A	2015_Bue_1002	host common name	Chondrostoma sp.	nase	classification a 25 chromosomes (sept. 2026) : Cn ; depot du 2026-08-31 = Cn (12 chr) pour le nom scientifique, titre et nom commun restes a l'identification morphologique
DURANCE16S_15Bue1010Ch03A	ERS31168610	15Bue1010Ch03A	2015_Bue_1010	TITLE	Chondrostoma sp. hindgut bacterial microbiota, Bue 2015, individual 1010	Chondrostoma nasus x Parachondrostoma toxostoma hindgut bacterial microbiota, Bue 2015, individual 1010	classification a 25 chromosomes (sept. 2026) : Hy ; depot du 2026-08-31 = Hy (12 chr) pour le nom scientifique, titre et nom commun restes a l'identification morphologique
DURANCE16S_15Bue1010Ch03A	ERS31168610	15Bue1010Ch03A	2015_Bue_1010	host common name	Chondrostoma sp.	nasus x toxostoma	classification a 25 chromosomes (sept. 2026) : Hy ; depot du 2026-08-31 = Hy (12 chr) pour le nom scientifique, titre et nom commun restes a l'identification morphologique
DURANCE16S_15Bue1018Ch03A	ERS31168611	15Bue1018Ch03A	2015_Bue_1018	TITLE	Chondrostoma sp. hindgut bacterial microbiota, Bue 2015, individual 1018	Chondrostoma nasus x Parachondrostoma toxostoma hindgut bacterial microbiota, Bue 2015, individual 1018	classification a 25 chromosomes (sept. 2026) : Hy ; depot du 2026-08-31 = Hy (12 chr) pour le nom scientifique, titre et nom commun restes a l'identification morphologique
DURANCE16S_15Bue1018Ch03A	ERS31168611	15Bue1018Ch03A	2015_Bue_1018	host common name	Chondrostoma sp.	nasus x toxostoma	classification a 25 chromosomes (sept. 2026) : Hy ; depot du 2026-08-31 = Hy (12 chr) pour le nom scientifique, titre et nom commun restes a l'identification morphologique
DURANCE16S_15Bau1008Ch03A	ERS31168612	15Bau1008Ch03A	2015_Bau_1008	TITLE	Chondrostoma sp. hindgut bacterial microbiota, Bau 2015, individual 1008	Parachondrostoma toxostoma hindgut bacterial microbiota, Bau 2015, individual 1008	classification a 25 chromosomes (sept. 2026) : Pt ; depot du 2026-08-31 = Pt (12 chr) pour le nom scientifique, titre et nom commun restes a l'identification morphologique
DURANCE16S_15Bau1008Ch03A	ERS31168612	15Bau1008Ch03A	2015_Bau_1008	host common name	Chondrostoma sp.	toxostome	classification a 25 chromosomes (sept. 2026) : Pt ; depot du 2026-08-31 = Pt (12 chr) pour le nom scientifique, titre et nom commun restes a l'identification morphologique
DURANCE16S_15Bau1016Ch03A	ERS31168613	15Bau1016Ch03A	2015_Bau_1016	TITLE	Chondrostoma sp. hindgut bacterial microbiota, Bau 2015, individual 1016	Chondrostoma nasus x Parachondrostoma toxostoma hindgut bacterial microbiota, Bau 2015, individual 1016	classification a 25 chromosomes (sept. 2026) : Hy ; depot du 2026-08-31 = Hy (12 chr) pour le nom scientifique, titre et nom commun restes a l'identification morphologique
DURANCE16S_15Bau1016Ch03A	ERS31168613	15Bau1016Ch03A	2015_Bau_1016	host common name	Chondrostoma sp.	nasus x toxostoma	classification a 25 chromosomes (sept. 2026) : Hy ; depot du 2026-08-31 = Hy (12 chr) pour le nom scientifique, titre et nom commun restes a l'identification morphologique
DURANCE16S_15Bau1024Ch03A	ERS31168614	15Bau1024Ch03A	2015_Bau_1024	TITLE	Chondrostoma sp. hindgut bacterial microbiota, Bau 2015, individual 1024	Parachondrostoma toxostoma hindgut bacterial microbiota, Bau 2015, individual 1024	classification a 25 chromosomes (sept. 2026) : Pt ; depot du 2026-08-31 = Pt (12 chr) pour le nom scientifique, titre et nom commun restes a l'identification morphologique
DURANCE16S_15Bau1024Ch03A	ERS31168614	15Bau1024Ch03A	2015_Bau_1024	host common name	Chondrostoma sp.	toxostome	classification a 25 chromosomes (sept. 2026) : Pt ; depot du 2026-08-31 = Pt (12 chr) pour le nom scientifique, titre et nom commun restes a l'identification morphologique
DURANCE16S_15Jus1007Ch03A	ERS31168615	15Jus1007Ch03A	2015_Jus_1007	TITLE	Chondrostoma sp. hindgut bacterial microbiota, Jus 2015, individual 1007	Parachondrostoma toxostoma hindgut bacterial microbiota, Jus 2015, individual 1007	classification a 25 chromosomes (sept. 2026) : Pt ; depot du 2026-08-31 = Pt (12 chr) pour le nom scientifique, titre et nom commun restes a l'identification morphologique
DURANCE16S_15Jus1007Ch03A	ERS31168615	15Jus1007Ch03A	2015_Jus_1007	host common name	Chondrostoma sp.	toxostome	classification a 25 chromosomes (sept. 2026) : Pt ; depot du 2026-08-31 = Pt (12 chr) pour le nom scientifique, titre et nom commun restes a l'identification morphologique
DURANCE16S_15Jus1015Ch03A	ERS31168616	15Jus1015Ch03A	2015_Jus_1015	TITLE	Chondrostoma sp. hindgut bacterial microbiota, Jus 2015, individual 1015	Chondrostoma nasus hindgut bacterial microbiota, Jus 2015, individual 1015	classification a 25 chromosomes (sept. 2026) : Cn ; depot du 2026-08-31 = Cn (12 chr) pour le nom scientifique, titre et nom commun restes a l'identification morphologique
DURANCE16S_15Jus1015Ch03A	ERS31168616	15Jus1015Ch03A	2015_Jus_1015	host common name	Chondrostoma sp.	nase	classification a 25 chromosomes (sept. 2026) : Cn ; depot du 2026-08-31 = Cn (12 chr) pour le nom scientifique, titre et nom commun restes a l'identification morphologique
DURANCE16S_15Caa1004Ch03A	ERS31168617	15Caa1004Ch03A	2015_Caa_1004	TITLE	Chondrostoma sp. hindgut bacterial microbiota, Caa 2015, individual 1004	Chondrostoma nasus hindgut bacterial microbiota, Caa 2015, individual 1004	classification a 25 chromosomes (sept. 2026) : Cn ; depot du 2026-08-31 = Cn (12 chr) pour le nom scientifique, titre et nom commun restes a l'identification morphologique
DURANCE16S_15Caa1004Ch03A	ERS31168617	15Caa1004Ch03A	2015_Caa_1004	host common name	Chondrostoma sp.	nase	classification a 25 chromosomes (sept. 2026) : Cn ; depot du 2026-08-31 = Cn (12 chr) pour le nom scientifique, titre et nom commun restes a l'identification morphologique
DURANCE16S_15Caa1012Ch03A	ERS31168618	15Caa1012Ch03A	2015_Caa_1012	TITLE	Chondrostoma sp. hindgut bacterial microbiota, Caa 2015, individual 1012	Parachondrostoma toxostoma hindgut bacterial microbiota, Caa 2015, individual 1012	classification a 25 chromosomes (sept. 2026) : Pt ; depot du 2026-08-31 = Pt (12 chr) pour le nom scientifique, titre et nom commun restes a l'identification morphologique
DURANCE16S_15Caa1012Ch03A	ERS31168618	15Caa1012Ch03A	2015_Caa_1012	host common name	Chondrostoma sp.	toxostome	classification a 25 chromosomes (sept. 2026) : Pt ; depot du 2026-08-31 = Pt (12 chr) pour le nom scientifique, titre et nom commun restes a l'identification morphologique
DURANCE16S_15Caa1020Ch03A	ERS31168619	15Caa1020Ch03A	2015_Caa_1020	TITLE	Chondrostoma sp. hindgut bacterial microbiota, Caa 2015, individual 1020	Parachondrostoma toxostoma hindgut bacterial microbiota, Caa 2015, individual 1020	classification a 25 chromosomes (sept. 2026) : Pt ; depot du 2026-08-31 = Pt (12 chr) pour le nom scientifique, titre et nom commun restes a l'identification morphologique
DURANCE16S_15Caa1020Ch03A	ERS31168619	15Caa1020Ch03A	2015_Caa_1020	host common name	Chondrostoma sp.	toxostome	classification a 25 chromosomes (sept. 2026) : Pt ; depot du 2026-08-31 = Pt (12 chr) pour le nom scientifique, titre et nom commun restes a l'identification morphologique
DURANCE16S_15Bue1003Ch03A	ERS31168621	15Bue1003Ch03A	2015_Bue_1003	TITLE	Chondrostoma sp. hindgut bacterial microbiota, Bue 2015, individual 1003	Chondrostoma nasus hindgut bacterial microbiota, Bue 2015, individual 1003	classification a 25 chromosomes (sept. 2026) : Cn ; depot du 2026-08-31 = Cn (12 chr) pour le nom scientifique, titre et nom commun restes a l'identification morphologique
DURANCE16S_15Bue1003Ch03A	ERS31168621	15Bue1003Ch03A	2015_Bue_1003	host common name	Chondrostoma sp.	nase	classification a 25 chromosomes (sept. 2026) : Cn ; depot du 2026-08-31 = Cn (12 chr) pour le nom scientifique, titre et nom commun restes a l'identification morphologique
DURANCE16S_15Bue1011Ch03A	ERS31168622	15Bue1011Ch03A	2015_Bue_1011	TITLE	Chondrostoma sp. hindgut bacterial microbiota, Bue 2015, individual 1011	Chondrostoma nasus x Parachondrostoma toxostoma hindgut bacterial microbiota, Bue 2015, individual 1011	classification a 25 chromosomes (sept. 2026) : Hy ; depot du 2026-08-31 = Hy (12 chr) pour le nom scientifique, titre et nom commun restes a l'identification morphologique
DURANCE16S_15Bue1011Ch03A	ERS31168622	15Bue1011Ch03A	2015_Bue_1011	host common name	Chondrostoma sp.	nasus x toxostoma	classification a 25 chromosomes (sept. 2026) : Hy ; depot du 2026-08-31 = Hy (12 chr) pour le nom scientifique, titre et nom commun restes a l'identification morphologique
DURANCE16S_15Cab1004Ch02A	ERS31168626	15Cab1004Ch02A	2015_Cab_1004	TITLE	Chondrostoma sp. midgut bacterial microbiota, Cab 2015, individual 1004	Chondrostoma nasus midgut bacterial microbiota, Cab 2015, individual 1004	classification a 25 chromosomes (sept. 2026) : Cn ; depot du 2026-08-31 = Cn (12 chr) pour le nom scientifique, titre et nom commun restes a l'identification morphologique
DURANCE16S_15Cab1004Ch02A	ERS31168626	15Cab1004Ch02A	2015_Cab_1004	host common name	Chondrostoma sp.	nase	classification a 25 chromosomes (sept. 2026) : Cn ; depot du 2026-08-31 = Cn (12 chr) pour le nom scientifique, titre et nom commun restes a l'identification morphologique
DURANCE16S_15Cab1012Ch02A	ERS31168627	15Cab1012Ch02A	2015_Cab_1012	TITLE	Chondrostoma sp. midgut bacterial microbiota, Cab 2015, individual 1012	Parachondrostoma toxostoma midgut bacterial microbiota, Cab 2015, individual 1012	classification a 25 chromosomes (sept. 2026) : Pt ; depot du 2026-08-31 = Pt (12 chr) pour le nom scientifique, titre et nom commun restes a l'identification morphologique
DURANCE16S_15Cab1012Ch02A	ERS31168627	15Cab1012Ch02A	2015_Cab_1012	host common name	Chondrostoma sp.	toxostome	classification a 25 chromosomes (sept. 2026) : Pt ; depot du 2026-08-31 = Pt (12 chr) pour le nom scientifique, titre et nom commun restes a l'identification morphologique
DURANCE16S_14Bue1006Cn02A	ERS31168630	14Bue1006Cn02A	2014_Bue_1006	TITLE	Chondrostoma nasus midgut bacterial microbiota, Bue 2014, individual 1006	Chondrostoma nasus x Parachondrostoma toxostoma midgut bacterial microbiota, Bue 2014, individual 1006	classification a 25 chromosomes (sept. 2026) : Hy ; depot du 2026-08-31 = Hy (12 chr) pour le nom scientifique, titre et nom commun restes a l'identification morphologique
DURANCE16S_14Bue1006Cn02A	ERS31168630	14Bue1006Cn02A	2014_Bue_1006	host common name	nase	nasus x toxostoma	classification a 25 chromosomes (sept. 2026) : Hy ; depot du 2026-08-31 = Hy (12 chr) pour le nom scientifique, titre et nom commun restes a l'identification morphologique
DURANCE16S_14Bue1016Ch02A	ERS31168631	14Bue1016Ch02A	2014_Bue_1016	TITLE	Chondrostoma sp. midgut bacterial microbiota, Bue 2014, individual 1016	Chondrostoma nasus x Parachondrostoma toxostoma midgut bacterial microbiota, Bue 2014, individual 1016	classification a 25 chromosomes (sept. 2026) : Hy ; depot du 2026-08-31 = Pt (12 chr) pour le nom scientifique, titre et nom commun restes a l'identification morphologique
DURANCE16S_14Bue1016Ch02A	ERS31168631	14Bue1016Ch02A	2014_Bue_1016	host scientific name	Parachondrostoma toxostoma	Chondrostoma nasus x Parachondrostoma toxostoma	classification a 25 chromosomes (sept. 2026) : Hy ; depot du 2026-08-31 = Pt (12 chr) pour le nom scientifique, titre et nom commun restes a l'identification morphologique
DURANCE16S_14Bue1016Ch02A	ERS31168631	14Bue1016Ch02A	2014_Bue_1016	host common name	Chondrostoma sp.	nasus x toxostoma	classification a 25 chromosomes (sept. 2026) : Hy ; depot du 2026-08-31 = Pt (12 chr) pour le nom scientifique, titre et nom commun restes a l'identification morphologique
DURANCE16S_14Man1012Ch02A	ERS31168632	14Man1012Ch02A	2014_Man_1012	TITLE	Chondrostoma sp. midgut bacterial microbiota, Man 2014, individual 1012	Parachondrostoma toxostoma midgut bacterial microbiota, Man 2014, individual 1012	classification a 25 chromosomes (sept. 2026) : Pt ; depot du 2026-08-31 = Pt (12 chr) pour le nom scientifique, titre et nom commun restes a l'identification morphologique
DURANCE16S_14Man1012Ch02A	ERS31168632	14Man1012Ch02A	2014_Man_1012	host common name	Chondrostoma sp.	toxostome	classification a 25 chromosomes (sept. 2026) : Pt ; depot du 2026-08-31 = Pt (12 chr) pour le nom scientifique, titre et nom commun restes a l'identification morphologique
DURANCE16S_14Man1020Ch02A	ERS31168633	14Man1020Ch02A	2014_Man_1020	TITLE	Chondrostoma sp. midgut bacterial microbiota, Man 2014, individual 1020	Chondrostoma nasus x Parachondrostoma toxostoma midgut bacterial microbiota, Man 2014, individual 1020	classification a 25 chromosomes (sept. 2026) : Hy ; depot du 2026-08-31 = Pt (12 chr) pour le nom scientifique, titre et nom commun restes a l'identification morphologique
DURANCE16S_14Man1020Ch02A	ERS31168633	14Man1020Ch02A	2014_Man_1020	host scientific name	Parachondrostoma toxostoma	Chondrostoma nasus x Parachondrostoma toxostoma	classification a 25 chromosomes (sept. 2026) : Hy ; depot du 2026-08-31 = Pt (12 chr) pour le nom scientifique, titre et nom commun restes a l'identification morphologique
DURANCE16S_14Man1020Ch02A	ERS31168633	14Man1020Ch02A	2014_Man_1020	host common name	Chondrostoma sp.	nasus x toxostoma	classification a 25 chromosomes (sept. 2026) : Hy ; depot du 2026-08-31 = Pt (12 chr) pour le nom scientifique, titre et nom commun restes a l'identification morphologique
DURANCE16S_14Per2012Ch02A	ERS31168634	14Per2012Ch02A	2014_Per_2012	TITLE	Chondrostoma sp. midgut bacterial microbiota, Per 2014, individual 2012	Parachondrostoma toxostoma midgut bacterial microbiota, Per 2014, individual 2012	classification a 25 chromosomes (sept. 2026) : Pt ; depot du 2026-08-31 = Pt (12 chr) pour le nom scientifique, titre et nom commun restes a l'identification morphologique
DURANCE16S_14Per2012Ch02A	ERS31168634	14Per2012Ch02A	2014_Per_2012	host common name	Chondrostoma sp.	toxostome	classification a 25 chromosomes (sept. 2026) : Pt ; depot du 2026-08-31 = Pt (12 chr) pour le nom scientifique, titre et nom commun restes a l'identification morphologique
DURANCE16S_14Per2012Ch02A-bis	ERS31168635	14Per2012Ch02A-bis	2014_Per_2012	TITLE	Chondrostoma sp. midgut bacterial microbiota, Per 2014, individual 2012	Parachondrostoma toxostoma midgut bacterial microbiota, Per 2014, individual 2012	classification a 25 chromosomes (sept. 2026) : Pt ; depot du 2026-08-31 = Pt (12 chr) pour le nom scientifique, titre et nom commun restes a l'identification morphologique
DURANCE16S_14Per2012Ch02A-bis	ERS31168635	14Per2012Ch02A-bis	2014_Per_2012	host common name	Chondrostoma sp.	toxostome	classification a 25 chromosomes (sept. 2026) : Pt ; depot du 2026-08-31 = Pt (12 chr) pour le nom scientifique, titre et nom commun restes a l'identification morphologique
DURANCE16S_15Cab1005Ch02A	ERS31168638	15Cab1005Ch02A	2015_Cab_1005	TITLE	Chondrostoma sp. midgut bacterial microbiota, Cab 2015, individual 1005	Chondrostoma nasus midgut bacterial microbiota, Cab 2015, individual 1005	classification a 25 chromosomes (sept. 2026) : Cn ; depot du 2026-08-31 = Cn (12 chr) pour le nom scientifique, titre et nom commun restes a l'identification morphologique
DURANCE16S_15Cab1005Ch02A	ERS31168638	15Cab1005Ch02A	2015_Cab_1005	host common name	Chondrostoma sp.	nase	classification a 25 chromosomes (sept. 2026) : Cn ; depot du 2026-08-31 = Cn (12 chr) pour le nom scientifique, titre et nom commun restes a l'identification morphologique
DURANCE16S_15Cab1013Ch02A	ERS31168639	15Cab1013Ch02A	2015_Cab_1013	TITLE	Chondrostoma sp. midgut bacterial microbiota, Cab 2015, individual 1013	Parachondrostoma toxostoma midgut bacterial microbiota, Cab 2015, individual 1013	classification a 25 chromosomes (sept. 2026) : Pt ; depot du 2026-08-31 = Pt (12 chr) pour le nom scientifique, titre et nom commun restes a l'identification morphologique
DURANCE16S_15Cab1013Ch02A	ERS31168639	15Cab1013Ch02A	2015_Cab_1013	host common name	Chondrostoma sp.	toxostome	classification a 25 chromosomes (sept. 2026) : Pt ; depot du 2026-08-31 = Pt (12 chr) pour le nom scientifique, titre et nom commun restes a l'identification morphologique
DURANCE16S_14Bue1017Ch02A	ERS31168643	14Bue1017Ch02A	2014_Bue_1017	TITLE	Chondrostoma sp. midgut bacterial microbiota, Bue 2014, individual 1017	Parachondrostoma toxostoma midgut bacterial microbiota, Bue 2014, individual 1017	classification a 25 chromosomes (sept. 2026) : Pt ; depot du 2026-08-31 = Pt (12 chr) pour le nom scientifique, titre et nom commun restes a l'identification morphologique
DURANCE16S_14Bue1017Ch02A	ERS31168643	14Bue1017Ch02A	2014_Bue_1017	host common name	Chondrostoma sp.	toxostome	classification a 25 chromosomes (sept. 2026) : Pt ; depot du 2026-08-31 = Pt (12 chr) pour le nom scientifique, titre et nom commun restes a l'identification morphologique
DURANCE16S_14Man1013Ch02A	ERS31168644	14Man1013Ch02A	2014_Man_1013	TITLE	Chondrostoma sp. midgut bacterial microbiota, Man 2014, individual 1013	Parachondrostoma toxostoma midgut bacterial microbiota, Man 2014, individual 1013	classification a 25 chromosomes (sept. 2026) : Pt ; depot du 2026-08-31 = Pt (12 chr) pour le nom scientifique, titre et nom commun restes a l'identification morphologique
DURANCE16S_14Man1013Ch02A	ERS31168644	14Man1013Ch02A	2014_Man_1013	host common name	Chondrostoma sp.	toxostome	classification a 25 chromosomes (sept. 2026) : Pt ; depot du 2026-08-31 = Pt (12 chr) pour le nom scientifique, titre et nom commun restes a l'identification morphologique
DURANCE16S_14Man1021Ch02A	ERS31168645	14Man1021Ch02A	2014_Man_1021	TITLE	Chondrostoma sp. midgut bacterial microbiota, Man 2014, individual 1021	Chondrostoma nasus x Parachondrostoma toxostoma midgut bacterial microbiota, Man 2014, individual 1021	classification a 25 chromosomes (sept. 2026) : Hy ; depot du 2026-08-31 = Hy (12 chr) pour le nom scientifique, titre et nom commun restes a l'identification morphologique
DURANCE16S_14Man1021Ch02A	ERS31168645	14Man1021Ch02A	2014_Man_1021	host common name	Chondrostoma sp.	nasus x toxostoma	classification a 25 chromosomes (sept. 2026) : Hy ; depot du 2026-08-31 = Hy (12 chr) pour le nom scientifique, titre et nom commun restes a l'identification morphologique
DURANCE16S_14Per2013Ch02A	ERS31168646	14Per2013Ch02A	2014_Per_2013	TITLE	Chondrostoma sp. midgut bacterial microbiota, Per 2014, individual 2013	Chondrostoma nasus x Parachondrostoma toxostoma midgut bacterial microbiota, Per 2014, individual 2013	classification a 25 chromosomes (sept. 2026) : Hy ; depot du 2026-08-31 = Hy (12 chr) pour le nom scientifique, titre et nom commun restes a l'identification morphologique
DURANCE16S_14Per2013Ch02A	ERS31168646	14Per2013Ch02A	2014_Per_2013	host common name	Chondrostoma sp.	nasus x toxostoma	classification a 25 chromosomes (sept. 2026) : Hy ; depot du 2026-08-31 = Hy (12 chr) pour le nom scientifique, titre et nom commun restes a l'identification morphologique
DURANCE16S_14Per2013Ch02A-bis	ERS31168647	14Per2013Ch02A-bis	2014_Per_2013	TITLE	Chondrostoma sp. midgut bacterial microbiota, Per 2014, individual 2013	Chondrostoma nasus x Parachondrostoma toxostoma midgut bacterial microbiota, Per 2014, individual 2013	classification a 25 chromosomes (sept. 2026) : Hy ; depot du 2026-08-31 = Hy (12 chr) pour le nom scientifique, titre et nom commun restes a l'identification morphologique
DURANCE16S_14Per2013Ch02A-bis	ERS31168647	14Per2013Ch02A-bis	2014_Per_2013	host common name	Chondrostoma sp.	nasus x toxostoma	classification a 25 chromosomes (sept. 2026) : Hy ; depot du 2026-08-31 = Hy (12 chr) pour le nom scientifique, titre et nom commun restes a l'identification morphologique
DURANCE16S_15Cab1006Ch02A	ERS31168650	15Cab1006Ch02A	2015_Cab_1006	TITLE	Chondrostoma sp. midgut bacterial microbiota, Cab 2015, individual 1006	Chondrostoma nasus midgut bacterial microbiota, Cab 2015, individual 1006	classification a 25 chromosomes (sept. 2026) : Cn ; depot du 2026-08-31 = Cn (12 chr) pour le nom scientifique, titre et nom commun restes a l'identification morphologique
DURANCE16S_15Cab1006Ch02A	ERS31168650	15Cab1006Ch02A	2015_Cab_1006	host common name	Chondrostoma sp.	nase	classification a 25 chromosomes (sept. 2026) : Cn ; depot du 2026-08-31 = Cn (12 chr) pour le nom scientifique, titre et nom commun restes a l'identification morphologique
DURANCE16S_15Cab1014Ch02A	ERS31168651	15Cab1014Ch02A	2015_Cab_1014	TITLE	Chondrostoma sp. midgut bacterial microbiota, Cab 2015, individual 1014	Parachondrostoma toxostoma midgut bacterial microbiota, Cab 2015, individual 1014	classification a 25 chromosomes (sept. 2026) : Pt ; depot du 2026-08-31 = Pt (12 chr) pour le nom scientifique, titre et nom commun restes a l'identification morphologique
DURANCE16S_15Cab1014Ch02A	ERS31168651	15Cab1014Ch02A	2015_Cab_1014	host common name	Chondrostoma sp.	toxostome	classification a 25 chromosomes (sept. 2026) : Pt ; depot du 2026-08-31 = Pt (12 chr) pour le nom scientifique, titre et nom commun restes a l'identification morphologique
DURANCE16S_14Bue1018Ch02A	ERS31168655	14Bue1018Ch02A	2014_Bue_1018	TITLE	Chondrostoma sp. midgut bacterial microbiota, Bue 2014, individual 1018	Parachondrostoma toxostoma midgut bacterial microbiota, Bue 2014, individual 1018	classification a 25 chromosomes (sept. 2026) : Pt ; depot du 2026-08-31 = Pt (12 chr) pour le nom scientifique, titre et nom commun restes a l'identification morphologique
DURANCE16S_14Bue1018Ch02A	ERS31168655	14Bue1018Ch02A	2014_Bue_1018	host common name	Chondrostoma sp.	toxostome	classification a 25 chromosomes (sept. 2026) : Pt ; depot du 2026-08-31 = Pt (12 chr) pour le nom scientifique, titre et nom commun restes a l'identification morphologique
DURANCE16S_14Man1014Ch02A	ERS31168656	14Man1014Ch02A	2014_Man_1014	TITLE	Chondrostoma sp. midgut bacterial microbiota, Man 2014, individual 1014	Parachondrostoma toxostoma midgut bacterial microbiota, Man 2014, individual 1014	classification a 25 chromosomes (sept. 2026) : Pt ; depot du 2026-08-31 = Pt (12 chr) pour le nom scientifique, titre et nom commun restes a l'identification morphologique
DURANCE16S_14Man1014Ch02A	ERS31168656	14Man1014Ch02A	2014_Man_1014	host common name	Chondrostoma sp.	toxostome	classification a 25 chromosomes (sept. 2026) : Pt ; depot du 2026-08-31 = Pt (12 chr) pour le nom scientifique, titre et nom commun restes a l'identification morphologique
DURANCE16S_14Man1022Ch02A	ERS31168657	14Man1022Ch02A	2014_Man_1022	TITLE	Chondrostoma sp. midgut bacterial microbiota, Man 2014, individual 1022	Parachondrostoma toxostoma midgut bacterial microbiota, Man 2014, individual 1022	classification a 25 chromosomes (sept. 2026) : Pt ; depot du 2026-08-31 = Pt (12 chr) pour le nom scientifique, titre et nom commun restes a l'identification morphologique
DURANCE16S_14Man1022Ch02A	ERS31168657	14Man1022Ch02A	2014_Man_1022	host common name	Chondrostoma sp.	toxostome	classification a 25 chromosomes (sept. 2026) : Pt ; depot du 2026-08-31 = Pt (12 chr) pour le nom scientifique, titre et nom commun restes a l'identification morphologique
DURANCE16S_14Per2014Ch02A	ERS31168658	14Per2014Ch02A	2014_Per_2014	TITLE	Chondrostoma sp. midgut bacterial microbiota, Per 2014, individual 2014	Parachondrostoma toxostoma midgut bacterial microbiota, Per 2014, individual 2014	classification a 25 chromosomes (sept. 2026) : Pt ; depot du 2026-08-31 = Pt (12 chr) pour le nom scientifique, titre et nom commun restes a l'identification morphologique
DURANCE16S_14Per2014Ch02A	ERS31168658	14Per2014Ch02A	2014_Per_2014	host common name	Chondrostoma sp.	toxostome	classification a 25 chromosomes (sept. 2026) : Pt ; depot du 2026-08-31 = Pt (12 chr) pour le nom scientifique, titre et nom commun restes a l'identification morphologique
DURANCE16S_15Cab1007Ch02A	ERS31168662	15Cab1007Ch02A	2015_Cab_1007	TITLE	Chondrostoma sp. midgut bacterial microbiota, Cab 2015, individual 1007	Chondrostoma nasus midgut bacterial microbiota, Cab 2015, individual 1007	classification a 25 chromosomes (sept. 2026) : Cn ; depot du 2026-08-31 = Cn (12 chr) pour le nom scientifique, titre et nom commun restes a l'identification morphologique
DURANCE16S_15Cab1007Ch02A	ERS31168662	15Cab1007Ch02A	2015_Cab_1007	host common name	Chondrostoma sp.	nase	classification a 25 chromosomes (sept. 2026) : Cn ; depot du 2026-08-31 = Cn (12 chr) pour le nom scientifique, titre et nom commun restes a l'identification morphologique
DURANCE16S_15Cab1015Ch02A	ERS31168663	15Cab1015Ch02A	2015_Cab_1015	TITLE	Chondrostoma sp. midgut bacterial microbiota, Cab 2015, individual 1015	Parachondrostoma toxostoma midgut bacterial microbiota, Cab 2015, individual 1015	classification a 25 chromosomes (sept. 2026) : Pt ; depot du 2026-08-31 = Pt (12 chr) pour le nom scientifique, titre et nom commun restes a l'identification morphologique
DURANCE16S_15Cab1015Ch02A	ERS31168663	15Cab1015Ch02A	2015_Cab_1015	host common name	Chondrostoma sp.	toxostome	classification a 25 chromosomes (sept. 2026) : Pt ; depot du 2026-08-31 = Pt (12 chr) pour le nom scientifique, titre et nom commun restes a l'identification morphologique
DURANCE16S_14Bue1011Ch02A	ERS31168666	14Bue1011Ch02A	2014_Bue_1011	TITLE	Chondrostoma sp. midgut bacterial microbiota, Bue 2014, individual 1011	Parachondrostoma toxostoma midgut bacterial microbiota, Bue 2014, individual 1011	classification a 25 chromosomes (sept. 2026) : Pt ; depot du 2026-08-31 = Pt (12 chr) pour le nom scientifique, titre et nom commun restes a l'identification morphologique
DURANCE16S_14Bue1011Ch02A	ERS31168666	14Bue1011Ch02A	2014_Bue_1011	host common name	Chondrostoma sp.	toxostome	classification a 25 chromosomes (sept. 2026) : Pt ; depot du 2026-08-31 = Pt (12 chr) pour le nom scientifique, titre et nom commun restes a l'identification morphologique
DURANCE16S_14Bue1019Ch02A	ERS31168667	14Bue1019Ch02A	2014_Bue_1019	TITLE	Chondrostoma sp. midgut bacterial microbiota, Bue 2014, individual 1019	Parachondrostoma toxostoma midgut bacterial microbiota, Bue 2014, individual 1019	classification a 25 chromosomes (sept. 2026) : Pt ; depot du 2026-08-31 = Pt (12 chr) pour le nom scientifique, titre et nom commun restes a l'identification morphologique
DURANCE16S_14Bue1019Ch02A	ERS31168667	14Bue1019Ch02A	2014_Bue_1019	host common name	Chondrostoma sp.	toxostome	classification a 25 chromosomes (sept. 2026) : Pt ; depot du 2026-08-31 = Pt (12 chr) pour le nom scientifique, titre et nom commun restes a l'identification morphologique
DURANCE16S_14Man1015Ch02A	ERS31168668	14Man1015Ch02A	2014_Man_1015	TITLE	Chondrostoma sp. midgut bacterial microbiota, Man 2014, individual 1015	Parachondrostoma toxostoma midgut bacterial microbiota, Man 2014, individual 1015	classification a 25 chromosomes (sept. 2026) : Pt ; depot du 2026-08-31 = Pt (12 chr) pour le nom scientifique, titre et nom commun restes a l'identification morphologique
DURANCE16S_14Man1015Ch02A	ERS31168668	14Man1015Ch02A	2014_Man_1015	host common name	Chondrostoma sp.	toxostome	classification a 25 chromosomes (sept. 2026) : Pt ; depot du 2026-08-31 = Pt (12 chr) pour le nom scientifique, titre et nom commun restes a l'identification morphologique
DURANCE16S_14per1011Ch02A	ERS31168669	14per1011Ch02A	2014_Per_1011	TITLE	Chondrostoma sp. midgut bacterial microbiota, Per 2014, individual 1011	Parachondrostoma toxostoma midgut bacterial microbiota, Per 2014, individual 1011	classification a 25 chromosomes (sept. 2026) : Pt ; depot du 2026-08-31 = Pt (12 chr) pour le nom scientifique, titre et nom commun restes a l'identification morphologique
DURANCE16S_14per1011Ch02A	ERS31168669	14per1011Ch02A	2014_Per_1011	host common name	Chondrostoma sp.	toxostome	classification a 25 chromosomes (sept. 2026) : Pt ; depot du 2026-08-31 = Pt (12 chr) pour le nom scientifique, titre et nom commun restes a l'identification morphologique
DURANCE16S_14Per2015Ch02A	ERS31168670	14Per2015Ch02A	2014_Per_2015	TITLE	Chondrostoma sp. midgut bacterial microbiota, Per 2014, individual 2015	Parachondrostoma toxostoma midgut bacterial microbiota, Per 2014, individual 2015	classification a 25 chromosomes (sept. 2026) : Pt ; depot du 2026-08-31 = Pt (12 chr) pour le nom scientifique, titre et nom commun restes a l'identification morphologique
DURANCE16S_14Per2015Ch02A	ERS31168670	14Per2015Ch02A	2014_Per_2015	host common name	Chondrostoma sp.	toxostome	classification a 25 chromosomes (sept. 2026) : Pt ; depot du 2026-08-31 = Pt (12 chr) pour le nom scientifique, titre et nom commun restes a l'identification morphologique
DURANCE16S_15Cab1008Ch02A	ERS31168674	15Cab1008Ch02A	2015_Cab_1008	TITLE	Chondrostoma sp. midgut bacterial microbiota, Cab 2015, individual 1008	Chondrostoma nasus midgut bacterial microbiota, Cab 2015, individual 1008	classification a 25 chromosomes (sept. 2026) : Cn ; depot du 2026-08-31 = Cn (12 chr) pour le nom scientifique, titre et nom commun restes a l'identification morphologique
DURANCE16S_15Cab1008Ch02A	ERS31168674	15Cab1008Ch02A	2015_Cab_1008	host common name	Chondrostoma sp.	nase	classification a 25 chromosomes (sept. 2026) : Cn ; depot du 2026-08-31 = Cn (12 chr) pour le nom scientifique, titre et nom commun restes a l'identification morphologique
DURANCE16S_15Cab1016Ch02A	ERS31168675	15Cab1016Ch02A	2015_Cab_1016	TITLE	Chondrostoma sp. midgut bacterial microbiota, Cab 2015, individual 1016	Parachondrostoma toxostoma midgut bacterial microbiota, Cab 2015, individual 1016	classification a 25 chromosomes (sept. 2026) : Pt ; depot du 2026-08-31 = Pt (12 chr) pour le nom scientifique, titre et nom commun restes a l'identification morphologique
DURANCE16S_15Cab1016Ch02A	ERS31168675	15Cab1016Ch02A	2015_Cab_1016	host common name	Chondrostoma sp.	toxostome	classification a 25 chromosomes (sept. 2026) : Pt ; depot du 2026-08-31 = Pt (12 chr) pour le nom scientifique, titre et nom commun restes a l'identification morphologique
DURANCE16S_14Bue1012Ch02A	ERS31168678	14Bue1012Ch02A	2014_Bue_1012	TITLE	Chondrostoma sp. midgut bacterial microbiota, Bue 2014, individual 1012	Parachondrostoma toxostoma midgut bacterial microbiota, Bue 2014, individual 1012	classification a 25 chromosomes (sept. 2026) : Pt ; depot du 2026-08-31 = Pt (12 chr) pour le nom scientifique, titre et nom commun restes a l'identification morphologique
DURANCE16S_14Bue1012Ch02A	ERS31168678	14Bue1012Ch02A	2014_Bue_1012	host common name	Chondrostoma sp.	toxostome	classification a 25 chromosomes (sept. 2026) : Pt ; depot du 2026-08-31 = Pt (12 chr) pour le nom scientifique, titre et nom commun restes a l'identification morphologique
DURANCE16S_14Man1001Cn02A	ERS31168679	14Man1001Cn02A	2014_Man_1001	TITLE	Chondrostoma nasus midgut bacterial microbiota, Man 2014, individual 1001	Parachondrostoma toxostoma midgut bacterial microbiota, Man 2014, individual 1001	classification a 25 chromosomes (sept. 2026) : Pt ; depot du 2026-08-31 = Pt (12 chr) pour le nom scientifique, titre et nom commun restes a l'identification morphologique
DURANCE16S_14Man1001Cn02A	ERS31168679	14Man1001Cn02A	2014_Man_1001	host common name	nase	toxostome	classification a 25 chromosomes (sept. 2026) : Pt ; depot du 2026-08-31 = Pt (12 chr) pour le nom scientifique, titre et nom commun restes a l'identification morphologique
DURANCE16S_14Man1016Ch02A	ERS31168680	14Man1016Ch02A	2014_Man_1016	TITLE	Chondrostoma sp. midgut bacterial microbiota, Man 2014, individual 1016	Parachondrostoma toxostoma midgut bacterial microbiota, Man 2014, individual 1016	classification a 25 chromosomes (sept. 2026) : Pt ; depot du 2026-08-31 = Pt (12 chr) pour le nom scientifique, titre et nom commun restes a l'identification morphologique
DURANCE16S_14Man1016Ch02A	ERS31168680	14Man1016Ch02A	2014_Man_1016	host common name	Chondrostoma sp.	toxostome	classification a 25 chromosomes (sept. 2026) : Pt ; depot du 2026-08-31 = Pt (12 chr) pour le nom scientifique, titre et nom commun restes a l'identification morphologique
DURANCE16S_14Per1012Ch02A	ERS31168681	14Per1012Ch02A	2014_Per_1012	TITLE	Chondrostoma sp. midgut bacterial microbiota, Per 2014, individual 1012	Parachondrostoma toxostoma midgut bacterial microbiota, Per 2014, individual 1012	classification a 25 chromosomes (sept. 2026) : Pt ; depot du 2026-08-31 = Pt (12 chr) pour le nom scientifique, titre et nom commun restes a l'identification morphologique
DURANCE16S_14Per1012Ch02A	ERS31168681	14Per1012Ch02A	2014_Per_1012	host common name	Chondrostoma sp.	toxostome	classification a 25 chromosomes (sept. 2026) : Pt ; depot du 2026-08-31 = Pt (12 chr) pour le nom scientifique, titre et nom commun restes a l'identification morphologique
DURANCE16S_15Cab1001Ch02A	ERS31168685	15Cab1001Ch02A	2015_Cab_1001	TITLE	Chondrostoma sp. midgut bacterial microbiota, Cab 2015, individual 1001	Chondrostoma nasus midgut bacterial microbiota, Cab 2015, individual 1001	classification a 25 chromosomes (sept. 2026) : Cn ; depot du 2026-08-31 = Cn (12 chr) pour le nom scientifique, titre et nom commun restes a l'identification morphologique
DURANCE16S_15Cab1001Ch02A	ERS31168685	15Cab1001Ch02A	2015_Cab_1001	host common name	Chondrostoma sp.	nase	classification a 25 chromosomes (sept. 2026) : Cn ; depot du 2026-08-31 = Cn (12 chr) pour le nom scientifique, titre et nom commun restes a l'identification morphologique
DURANCE16S_15Cab1009Ch02A	ERS31168686	15Cab1009Ch02A	2015_Cab_1009	TITLE	Chondrostoma sp. midgut bacterial microbiota, Cab 2015, individual 1009	Chondrostoma nasus x Parachondrostoma toxostoma midgut bacterial microbiota, Cab 2015, individual 1009	classification a 25 chromosomes (sept. 2026) : Hy ; depot du 2026-08-31 = Hy (12 chr) pour le nom scientifique, titre et nom commun restes a l'identification morphologique
DURANCE16S_15Cab1009Ch02A	ERS31168686	15Cab1009Ch02A	2015_Cab_1009	host common name	Chondrostoma sp.	nasus x toxostoma	classification a 25 chromosomes (sept. 2026) : Hy ; depot du 2026-08-31 = Hy (12 chr) pour le nom scientifique, titre et nom commun restes a l'identification morphologique
DURANCE16S_15Cab1017Ch02A	ERS31168687	15Cab1017Ch02A	2015_Cab_1017	TITLE	Chondrostoma sp. midgut bacterial microbiota, Cab 2015, individual 1017	Parachondrostoma toxostoma midgut bacterial microbiota, Cab 2015, individual 1017	classification a 25 chromosomes (sept. 2026) : Pt ; depot du 2026-08-31 = Pt (12 chr) pour le nom scientifique, titre et nom commun restes a l'identification morphologique
DURANCE16S_15Cab1017Ch02A	ERS31168687	15Cab1017Ch02A	2015_Cab_1017	host common name	Chondrostoma sp.	toxostome	classification a 25 chromosomes (sept. 2026) : Pt ; depot du 2026-08-31 = Pt (12 chr) pour le nom scientifique, titre et nom commun restes a l'identification morphologique
DURANCE16S_14Bue1013Ch02A	ERS31168690	14Bue1013Ch02A	2014_Bue_1013	TITLE	Chondrostoma sp. midgut bacterial microbiota, Bue 2014, individual 1013	Parachondrostoma toxostoma midgut bacterial microbiota, Bue 2014, individual 1013	classification a 25 chromosomes (sept. 2026) : Pt ; depot du 2026-08-31 = Pt (12 chr) pour le nom scientifique, titre et nom commun restes a l'identification morphologique
DURANCE16S_14Bue1013Ch02A	ERS31168690	14Bue1013Ch02A	2014_Bue_1013	host common name	Chondrostoma sp.	toxostome	classification a 25 chromosomes (sept. 2026) : Pt ; depot du 2026-08-31 = Pt (12 chr) pour le nom scientifique, titre et nom commun restes a l'identification morphologique
DURANCE16S_14Man1002Cn02A	ERS31168691	14Man1002Cn02A	2014_Man_1002	TITLE	Chondrostoma nasus midgut bacterial microbiota, Man 2014, individual 1002	Chondrostoma nasus x Parachondrostoma toxostoma midgut bacterial microbiota, Man 2014, individual 1002	classification a 25 chromosomes (sept. 2026) : Hy ; depot du 2026-08-31 = Hy (12 chr) pour le nom scientifique, titre et nom commun restes a l'identification morphologique
DURANCE16S_14Man1002Cn02A	ERS31168691	14Man1002Cn02A	2014_Man_1002	host common name	nase	nasus x toxostoma	classification a 25 chromosomes (sept. 2026) : Hy ; depot du 2026-08-31 = Hy (12 chr) pour le nom scientifique, titre et nom commun restes a l'identification morphologique
DURANCE16S_14Man1017Ch02A	ERS31168692	14Man1017Ch02A	2014_Man_1017	TITLE	Chondrostoma sp. midgut bacterial microbiota, Man 2014, individual 1017	Parachondrostoma toxostoma midgut bacterial microbiota, Man 2014, individual 1017	classification a 25 chromosomes (sept. 2026) : Pt ; depot du 2026-08-31 = Pt (12 chr) pour le nom scientifique, titre et nom commun restes a l'identification morphologique
DURANCE16S_14Man1017Ch02A	ERS31168692	14Man1017Ch02A	2014_Man_1017	host common name	Chondrostoma sp.	toxostome	classification a 25 chromosomes (sept. 2026) : Pt ; depot du 2026-08-31 = Pt (12 chr) pour le nom scientifique, titre et nom commun restes a l'identification morphologique
DURANCE16S_14Per1013Ch02A	ERS31168693	14Per1013Ch02A	2014_Per_1013	TITLE	Chondrostoma sp. midgut bacterial microbiota, Per 2014, individual 1013	Parachondrostoma toxostoma midgut bacterial microbiota, Per 2014, individual 1013	classification a 25 chromosomes (sept. 2026) : Pt ; depot du 2026-08-31 = Pt (12 chr) pour le nom scientifique, titre et nom commun restes a l'identification morphologique
DURANCE16S_14Per1013Ch02A	ERS31168693	14Per1013Ch02A	2014_Per_1013	host common name	Chondrostoma sp.	toxostome	classification a 25 chromosomes (sept. 2026) : Pt ; depot du 2026-08-31 = Pt (12 chr) pour le nom scientifique, titre et nom commun restes a l'identification morphologique
DURANCE16S_15Cab1002Ch02A	ERS31168697	15Cab1002Ch02A	2015_Cab_1002	TITLE	Chondrostoma sp. midgut bacterial microbiota, Cab 2015, individual 1002	Chondrostoma nasus midgut bacterial microbiota, Cab 2015, individual 1002	classification a 25 chromosomes (sept. 2026) : Cn ; depot du 2026-08-31 = Cn (12 chr) pour le nom scientifique, titre et nom commun restes a l'identification morphologique
DURANCE16S_15Cab1002Ch02A	ERS31168697	15Cab1002Ch02A	2015_Cab_1002	host common name	Chondrostoma sp.	nase	classification a 25 chromosomes (sept. 2026) : Cn ; depot du 2026-08-31 = Cn (12 chr) pour le nom scientifique, titre et nom commun restes a l'identification morphologique
DURANCE16S_15Cab1010Ch02A	ERS31168698	15Cab1010Ch02A	2015_Cab_1010	TITLE	Chondrostoma sp. midgut bacterial microbiota, Cab 2015, individual 1010	Chondrostoma nasus x Parachondrostoma toxostoma midgut bacterial microbiota, Cab 2015, individual 1010	classification a 25 chromosomes (sept. 2026) : Hy ; depot du 2026-08-31 = Hy (12 chr) pour le nom scientifique, titre et nom commun restes a l'identification morphologique
DURANCE16S_15Cab1010Ch02A	ERS31168698	15Cab1010Ch02A	2015_Cab_1010	host common name	Chondrostoma sp.	nasus x toxostoma	classification a 25 chromosomes (sept. 2026) : Hy ; depot du 2026-08-31 = Hy (12 chr) pour le nom scientifique, titre et nom commun restes a l'identification morphologique
DURANCE16S_15Cab1018Ch02A	ERS31168699	15Cab1018Ch02A	2015_Cab_1018	TITLE	Chondrostoma sp. midgut bacterial microbiota, Cab 2015, individual 1018	Parachondrostoma toxostoma midgut bacterial microbiota, Cab 2015, individual 1018	classification a 25 chromosomes (sept. 2026) : Pt ; depot du 2026-08-31 = Pt (12 chr) pour le nom scientifique, titre et nom commun restes a l'identification morphologique
DURANCE16S_15Cab1018Ch02A	ERS31168699	15Cab1018Ch02A	2015_Cab_1018	host common name	Chondrostoma sp.	toxostome	classification a 25 chromosomes (sept. 2026) : Pt ; depot du 2026-08-31 = Pt (12 chr) pour le nom scientifique, titre et nom commun restes a l'identification morphologique
DURANCE16S_14Bue1014Ch02A	ERS31168702	14Bue1014Ch02A	2014_Bue_1014	TITLE	Chondrostoma sp. midgut bacterial microbiota, Bue 2014, individual 1014	Parachondrostoma toxostoma midgut bacterial microbiota, Bue 2014, individual 1014	classification a 25 chromosomes (sept. 2026) : Pt ; depot du 2026-08-31 = Pt (12 chr) pour le nom scientifique, titre et nom commun restes a l'identification morphologique
DURANCE16S_14Bue1014Ch02A	ERS31168702	14Bue1014Ch02A	2014_Bue_1014	host common name	Chondrostoma sp.	toxostome	classification a 25 chromosomes (sept. 2026) : Pt ; depot du 2026-08-31 = Pt (12 chr) pour le nom scientifique, titre et nom commun restes a l'identification morphologique
DURANCE16S_14Man1010Cn02A	ERS31168703	14Man1010Cn02A	2014_Man_1010	TITLE	Chondrostoma nasus midgut bacterial microbiota, Man 2014, individual 1010	Chondrostoma nasus x Parachondrostoma toxostoma midgut bacterial microbiota, Man 2014, individual 1010	classification a 25 chromosomes (sept. 2026) : Hy ; depot du 2026-08-31 = Pt (12 chr) pour le nom scientifique, titre et nom commun restes a l'identification morphologique
DURANCE16S_14Man1010Cn02A	ERS31168703	14Man1010Cn02A	2014_Man_1010	host scientific name	Parachondrostoma toxostoma	Chondrostoma nasus x Parachondrostoma toxostoma	classification a 25 chromosomes (sept. 2026) : Hy ; depot du 2026-08-31 = Pt (12 chr) pour le nom scientifique, titre et nom commun restes a l'identification morphologique
DURANCE16S_14Man1010Cn02A	ERS31168703	14Man1010Cn02A	2014_Man_1010	host common name	nase	nasus x toxostoma	classification a 25 chromosomes (sept. 2026) : Hy ; depot du 2026-08-31 = Pt (12 chr) pour le nom scientifique, titre et nom commun restes a l'identification morphologique
DURANCE16S_14Man1018Ch02A	ERS31168704	14Man1018Ch02A	2014_Man_1018	TITLE	Chondrostoma sp. midgut bacterial microbiota, Man 2014, individual 1018	Parachondrostoma toxostoma midgut bacterial microbiota, Man 2014, individual 1018	classification a 25 chromosomes (sept. 2026) : Pt ; depot du 2026-08-31 = Pt (12 chr) pour le nom scientifique, titre et nom commun restes a l'identification morphologique
DURANCE16S_14Man1018Ch02A	ERS31168704	14Man1018Ch02A	2014_Man_1018	host common name	Chondrostoma sp.	toxostome	classification a 25 chromosomes (sept. 2026) : Pt ; depot du 2026-08-31 = Pt (12 chr) pour le nom scientifique, titre et nom commun restes a l'identification morphologique
DURANCE16S_14Per1014Ch02A	ERS31168705	14Per1014Ch02A	2014_Per_1014	TITLE	Chondrostoma sp. midgut bacterial microbiota, Per 2014, individual 1014	Parachondrostoma toxostoma midgut bacterial microbiota, Per 2014, individual 1014	classification a 25 chromosomes (sept. 2026) : Pt ; depot du 2026-08-31 = Pt (12 chr) pour le nom scientifique, titre et nom commun restes a l'identification morphologique
DURANCE16S_14Per1014Ch02A	ERS31168705	14Per1014Ch02A	2014_Per_1014	host common name	Chondrostoma sp.	toxostome	classification a 25 chromosomes (sept. 2026) : Pt ; depot du 2026-08-31 = Pt (12 chr) pour le nom scientifique, titre et nom commun restes a l'identification morphologique
DURANCE16S_15Cab1003Ch02A	ERS31168709	15Cab1003Ch02A	2015_Cab_1003	TITLE	Chondrostoma sp. midgut bacterial microbiota, Cab 2015, individual 1003	Chondrostoma nasus midgut bacterial microbiota, Cab 2015, individual 1003	classification a 25 chromosomes (sept. 2026) : Cn ; depot du 2026-08-31 = Cn (12 chr) pour le nom scientifique, titre et nom commun restes a l'identification morphologique
DURANCE16S_15Cab1003Ch02A	ERS31168709	15Cab1003Ch02A	2015_Cab_1003	host common name	Chondrostoma sp.	nase	classification a 25 chromosomes (sept. 2026) : Cn ; depot du 2026-08-31 = Cn (12 chr) pour le nom scientifique, titre et nom commun restes a l'identification morphologique
DURANCE16S_15Cab1011Ch02A	ERS31168710	15Cab1011Ch02A	2015_Cab_1011	TITLE	Chondrostoma sp. midgut bacterial microbiota, Cab 2015, individual 1011	Parachondrostoma toxostoma midgut bacterial microbiota, Cab 2015, individual 1011	classification a 25 chromosomes (sept. 2026) : Pt ; depot du 2026-08-31 = Pt (12 chr) pour le nom scientifique, titre et nom commun restes a l'identification morphologique
DURANCE16S_15Cab1011Ch02A	ERS31168710	15Cab1011Ch02A	2015_Cab_1011	host common name	Chondrostoma sp.	toxostome	classification a 25 chromosomes (sept. 2026) : Pt ; depot du 2026-08-31 = Pt (12 chr) pour le nom scientifique, titre et nom commun restes a l'identification morphologique
DURANCE16S_15Cab1019Ch02A	ERS31168711	15Cab1019Ch02A	2015_Cab_1019	TITLE	Chondrostoma sp. midgut bacterial microbiota, Cab 2015, individual 1019	Parachondrostoma toxostoma midgut bacterial microbiota, Cab 2015, individual 1019	classification a 25 chromosomes (sept. 2026) : Pt ; depot du 2026-08-31 = Pt (12 chr) pour le nom scientifique, titre et nom commun restes a l'identification morphologique
DURANCE16S_15Cab1019Ch02A	ERS31168711	15Cab1019Ch02A	2015_Cab_1019	host common name	Chondrostoma sp.	toxostome	classification a 25 chromosomes (sept. 2026) : Pt ; depot du 2026-08-31 = Pt (12 chr) pour le nom scientifique, titre et nom commun restes a l'identification morphologique
DURANCE16S_14Bue1015Ch02A	ERS31168714	14Bue1015Ch02A	2014_Bue_1015	TITLE	Chondrostoma sp. midgut bacterial microbiota, Bue 2014, individual 1015	Parachondrostoma toxostoma midgut bacterial microbiota, Bue 2014, individual 1015	classification a 25 chromosomes (sept. 2026) : Pt ; depot du 2026-08-31 = Pt (12 chr) pour le nom scientifique, titre et nom commun restes a l'identification morphologique
DURANCE16S_14Bue1015Ch02A	ERS31168714	14Bue1015Ch02A	2014_Bue_1015	host common name	Chondrostoma sp.	toxostome	classification a 25 chromosomes (sept. 2026) : Pt ; depot du 2026-08-31 = Pt (12 chr) pour le nom scientifique, titre et nom commun restes a l'identification morphologique
DURANCE16S_14Man1011Ch02A	ERS31168715	14Man1011Ch02A	2014_Man_1011	TITLE	Chondrostoma sp. midgut bacterial microbiota, Man 2014, individual 1011	Chondrostoma nasus x Parachondrostoma toxostoma midgut bacterial microbiota, Man 2014, individual 1011	classification a 25 chromosomes (sept. 2026) : Hy ; depot du 2026-08-31 = Pt (12 chr) pour le nom scientifique, titre et nom commun restes a l'identification morphologique
DURANCE16S_14Man1011Ch02A	ERS31168715	14Man1011Ch02A	2014_Man_1011	host scientific name	Parachondrostoma toxostoma	Chondrostoma nasus x Parachondrostoma toxostoma	classification a 25 chromosomes (sept. 2026) : Hy ; depot du 2026-08-31 = Pt (12 chr) pour le nom scientifique, titre et nom commun restes a l'identification morphologique
DURANCE16S_14Man1011Ch02A	ERS31168715	14Man1011Ch02A	2014_Man_1011	host common name	Chondrostoma sp.	nasus x toxostoma	classification a 25 chromosomes (sept. 2026) : Hy ; depot du 2026-08-31 = Pt (12 chr) pour le nom scientifique, titre et nom commun restes a l'identification morphologique
DURANCE16S_14Man1019Ch02A	ERS31168716	14Man1019Ch02A	2014_Man_1019	TITLE	Chondrostoma sp. midgut bacterial microbiota, Man 2014, individual 1019	Parachondrostoma toxostoma midgut bacterial microbiota, Man 2014, individual 1019	classification a 25 chromosomes (sept. 2026) : Pt ; depot du 2026-08-31 = Pt (12 chr) pour le nom scientifique, titre et nom commun restes a l'identification morphologique
DURANCE16S_14Man1019Ch02A	ERS31168716	14Man1019Ch02A	2014_Man_1019	host common name	Chondrostoma sp.	toxostome	classification a 25 chromosomes (sept. 2026) : Pt ; depot du 2026-08-31 = Pt (12 chr) pour le nom scientifique, titre et nom commun restes a l'identification morphologique
DURANCE16S_14Per2011Ch02A	ERS31168717	14Per2011Ch02A	2014_Per_2011	TITLE	Chondrostoma sp. midgut bacterial microbiota, Per 2014, individual 2011	Parachondrostoma toxostoma midgut bacterial microbiota, Per 2014, individual 2011	classification a 25 chromosomes (sept. 2026) : Pt ; depot du 2026-08-31 = Pt (12 chr) pour le nom scientifique, titre et nom commun restes a l'identification morphologique
DURANCE16S_14Per2011Ch02A	ERS31168717	14Per2011Ch02A	2014_Per_2011	host common name	Chondrostoma sp.	toxostome	classification a 25 chromosomes (sept. 2026) : Pt ; depot du 2026-08-31 = Pt (12 chr) pour le nom scientifique, titre et nom commun restes a l'identification morphologique
DURANCE16S_15Bau1001Ch02A	ERS31168720	15Bau1001Ch02A	2015_Bau_1001	TITLE	Chondrostoma sp. midgut bacterial microbiota, Bau 2015, individual 1001	Parachondrostoma toxostoma midgut bacterial microbiota, Bau 2015, individual 1001	classification a 25 chromosomes (sept. 2026) : Pt ; depot du 2026-08-31 = Pt (12 chr) pour le nom scientifique, titre et nom commun restes a l'identification morphologique
DURANCE16S_15Bau1001Ch02A	ERS31168720	15Bau1001Ch02A	2015_Bau_1001	host common name	Chondrostoma sp.	toxostome	classification a 25 chromosomes (sept. 2026) : Pt ; depot du 2026-08-31 = Pt (12 chr) pour le nom scientifique, titre et nom commun restes a l'identification morphologique
DURANCE16S_15Bau1009Ch02A	ERS31168721	15Bau1009Ch02A	2015_Bau_1009	TITLE	Chondrostoma sp. midgut bacterial microbiota, Bau 2015, individual 1009	Parachondrostoma toxostoma midgut bacterial microbiota, Bau 2015, individual 1009	classification a 25 chromosomes (sept. 2026) : Pt ; depot du 2026-08-31 = Pt (12 chr) pour le nom scientifique, titre et nom commun restes a l'identification morphologique
DURANCE16S_15Bau1009Ch02A	ERS31168721	15Bau1009Ch02A	2015_Bau_1009	host common name	Chondrostoma sp.	toxostome	classification a 25 chromosomes (sept. 2026) : Pt ; depot du 2026-08-31 = Pt (12 chr) pour le nom scientifique, titre et nom commun restes a l'identification morphologique
DURANCE16S_15Bau1017Ch02A	ERS31168722	15Bau1017Ch02A	2015_Bau_1017	TITLE	Chondrostoma sp. midgut bacterial microbiota, Bau 2015, individual 1017	Parachondrostoma toxostoma midgut bacterial microbiota, Bau 2015, individual 1017	classification a 25 chromosomes (sept. 2026) : Pt ; depot du 2026-08-31 = Pt (12 chr) pour le nom scientifique, titre et nom commun restes a l'identification morphologique
DURANCE16S_15Bau1017Ch02A	ERS31168722	15Bau1017Ch02A	2015_Bau_1017	host common name	Chondrostoma sp.	toxostome	classification a 25 chromosomes (sept. 2026) : Pt ; depot du 2026-08-31 = Pt (12 chr) pour le nom scientifique, titre et nom commun restes a l'identification morphologique
DURANCE16S_15Bau1025Ch02A	ERS31168723	15Bau1025Ch02A	2015_Bau_1025	TITLE	Chondrostoma sp. midgut bacterial microbiota, Bau 2015, individual 1025	Parachondrostoma toxostoma midgut bacterial microbiota, Bau 2015, individual 1025	classification a 25 chromosomes (sept. 2026) : Pt ; depot du 2026-08-31 = Pt (12 chr) pour le nom scientifique, titre et nom commun restes a l'identification morphologique
DURANCE16S_15Bau1025Ch02A	ERS31168723	15Bau1025Ch02A	2015_Bau_1025	host common name	Chondrostoma sp.	toxostome	classification a 25 chromosomes (sept. 2026) : Pt ; depot du 2026-08-31 = Pt (12 chr) pour le nom scientifique, titre et nom commun restes a l'identification morphologique
DURANCE16S_15Jus1008Ch0A	ERS31168724	15Jus1008Ch0A	2015_Jus_1008	TITLE	Chondrostoma sp. midgut bacterial microbiota, Jus 2015, individual 1008	Parachondrostoma toxostoma midgut bacterial microbiota, Jus 2015, individual 1008	classification a 25 chromosomes (sept. 2026) : Pt ; depot du 2026-08-31 = Pt (12 chr) pour le nom scientifique, titre et nom commun restes a l'identification morphologique
DURANCE16S_15Jus1008Ch0A	ERS31168724	15Jus1008Ch0A	2015_Jus_1008	host common name	Chondrostoma sp.	toxostome	classification a 25 chromosomes (sept. 2026) : Pt ; depot du 2026-08-31 = Pt (12 chr) pour le nom scientifique, titre et nom commun restes a l'identification morphologique
DURANCE16S_15Jus1016Ch0A	ERS31168725	15Jus1016Ch0A	2015_Jus_1016	TITLE	Chondrostoma sp. midgut bacterial microbiota, Jus 2015, individual 1016	Chondrostoma nasus x Parachondrostoma toxostoma midgut bacterial microbiota, Jus 2015, individual 1016	classification a 25 chromosomes (sept. 2026) : Hy ; depot du 2026-08-31 = Hy (12 chr) pour le nom scientifique, titre et nom commun restes a l'identification morphologique
DURANCE16S_15Jus1016Ch0A	ERS31168725	15Jus1016Ch0A	2015_Jus_1016	host common name	Chondrostoma sp.	nasus x toxostoma	classification a 25 chromosomes (sept. 2026) : Hy ; depot du 2026-08-31 = Hy (12 chr) pour le nom scientifique, titre et nom commun restes a l'identification morphologique
DURANCE16S_15Caa1005Ch0A	ERS31168726	15Caa1005Ch0A	2015_Caa_1005	TITLE	Chondrostoma sp. midgut bacterial microbiota, Caa 2015, individual 1005	Chondrostoma nasus midgut bacterial microbiota, Caa 2015, individual 1005	classification a 25 chromosomes (sept. 2026) : Cn ; depot du 2026-08-31 = Cn (12 chr) pour le nom scientifique, titre et nom commun restes a l'identification morphologique
DURANCE16S_15Caa1005Ch0A	ERS31168726	15Caa1005Ch0A	2015_Caa_1005	host common name	Chondrostoma sp.	nase	classification a 25 chromosomes (sept. 2026) : Cn ; depot du 2026-08-31 = Cn (12 chr) pour le nom scientifique, titre et nom commun restes a l'identification morphologique
DURANCE16S_15Caa1013Ch0A	ERS31168727	15Caa1013Ch0A	2015_Caa_1013	TITLE	Chondrostoma sp. midgut bacterial microbiota, Caa 2015, individual 1013	Parachondrostoma toxostoma midgut bacterial microbiota, Caa 2015, individual 1013	classification a 25 chromosomes (sept. 2026) : Pt ; depot du 2026-08-31 = Pt (12 chr) pour le nom scientifique, titre et nom commun restes a l'identification morphologique
DURANCE16S_15Caa1013Ch0A	ERS31168727	15Caa1013Ch0A	2015_Caa_1013	host common name	Chondrostoma sp.	toxostome	classification a 25 chromosomes (sept. 2026) : Pt ; depot du 2026-08-31 = Pt (12 chr) pour le nom scientifique, titre et nom commun restes a l'identification morphologique
DURANCE16S_15Avi1001Cn02A	ERS31168728	15Avi1001Cn02A	2015_Avi_1001	TITLE	Chondrostoma nasus midgut bacterial microbiota, Avi 2015, individual 1001	Chondrostoma nasus x Parachondrostoma toxostoma midgut bacterial microbiota, Avi 2015, individual 1001	classification a 25 chromosomes (sept. 2026) : Hy ; depot du 2026-08-31 = Hy (12 chr) pour le nom scientifique, titre et nom commun restes a l'identification morphologique
DURANCE16S_15Avi1001Cn02A	ERS31168728	15Avi1001Cn02A	2015_Avi_1001	host common name	nase	nasus x toxostoma	classification a 25 chromosomes (sept. 2026) : Hy ; depot du 2026-08-31 = Hy (12 chr) pour le nom scientifique, titre et nom commun restes a l'identification morphologique
DURANCE16S_15Bue1004Ch02A	ERS31168730	15Bue1004Ch02A	2015_Bue_1004	TITLE	Chondrostoma sp. midgut bacterial microbiota, Bue 2015, individual 1004	Parachondrostoma toxostoma midgut bacterial microbiota, Bue 2015, individual 1004	classification a 25 chromosomes (sept. 2026) : Pt ; depot du 2026-08-31 = Pt (12 chr) pour le nom scientifique, titre et nom commun restes a l'identification morphologique
DURANCE16S_15Bue1004Ch02A	ERS31168730	15Bue1004Ch02A	2015_Bue_1004	host common name	Chondrostoma sp.	toxostome	classification a 25 chromosomes (sept. 2026) : Pt ; depot du 2026-08-31 = Pt (12 chr) pour le nom scientifique, titre et nom commun restes a l'identification morphologique
DURANCE16S_15Bue1012Ch02A	ERS31168731	15Bue1012Ch02A	2015_Bue_1012	TITLE	Chondrostoma sp. midgut bacterial microbiota, Bue 2015, individual 1012	Chondrostoma nasus x Parachondrostoma toxostoma midgut bacterial microbiota, Bue 2015, individual 1012	classification a 25 chromosomes (sept. 2026) : Hy ; depot du 2026-08-31 = Hy (12 chr) pour le nom scientifique, titre et nom commun restes a l'identification morphologique
DURANCE16S_15Bue1012Ch02A	ERS31168731	15Bue1012Ch02A	2015_Bue_1012	host common name	Chondrostoma sp.	nasus x toxostoma	classification a 25 chromosomes (sept. 2026) : Hy ; depot du 2026-08-31 = Hy (12 chr) pour le nom scientifique, titre et nom commun restes a l'identification morphologique
DURANCE16S_15Bau1002Ch02A	ERS31168732	15Bau1002Ch02A	2015_Bau_1002	TITLE	Chondrostoma sp. midgut bacterial microbiota, Bau 2015, individual 1002	Parachondrostoma toxostoma midgut bacterial microbiota, Bau 2015, individual 1002	classification a 25 chromosomes (sept. 2026) : Pt ; depot du 2026-08-31 = Pt (12 chr) pour le nom scientifique, titre et nom commun restes a l'identification morphologique
DURANCE16S_15Bau1002Ch02A	ERS31168732	15Bau1002Ch02A	2015_Bau_1002	host common name	Chondrostoma sp.	toxostome	classification a 25 chromosomes (sept. 2026) : Pt ; depot du 2026-08-31 = Pt (12 chr) pour le nom scientifique, titre et nom commun restes a l'identification morphologique
DURANCE16S_15Bau1010Ch02A	ERS31168733	15Bau1010Ch02A	2015_Bau_1010	TITLE	Chondrostoma sp. midgut bacterial microbiota, Bau 2015, individual 1010	Chondrostoma nasus x Parachondrostoma toxostoma midgut bacterial microbiota, Bau 2015, individual 1010	classification a 25 chromosomes (sept. 2026) : Hy ; depot du 2026-08-31 = Hy (12 chr) pour le nom scientifique, titre et nom commun restes a l'identification morphologique
DURANCE16S_15Bau1010Ch02A	ERS31168733	15Bau1010Ch02A	2015_Bau_1010	host common name	Chondrostoma sp.	nasus x toxostoma	classification a 25 chromosomes (sept. 2026) : Hy ; depot du 2026-08-31 = Hy (12 chr) pour le nom scientifique, titre et nom commun restes a l'identification morphologique
DURANCE16S_15Bau1018Ch02A	ERS31168734	15Bau1018Ch02A	2015_Bau_1018	TITLE	Chondrostoma sp. midgut bacterial microbiota, Bau 2015, individual 1018	Parachondrostoma toxostoma midgut bacterial microbiota, Bau 2015, individual 1018	classification a 25 chromosomes (sept. 2026) : Pt ; depot du 2026-08-31 = Pt (12 chr) pour le nom scientifique, titre et nom commun restes a l'identification morphologique
DURANCE16S_15Bau1018Ch02A	ERS31168734	15Bau1018Ch02A	2015_Bau_1018	host common name	Chondrostoma sp.	toxostome	classification a 25 chromosomes (sept. 2026) : Pt ; depot du 2026-08-31 = Pt (12 chr) pour le nom scientifique, titre et nom commun restes a l'identification morphologique
DURANCE16S_15Jus1001CH02A	ERS31168735	15Jus1001CH02A	2015_Jus_1001	TITLE	Chondrostoma sp. midgut bacterial microbiota, Jus 2015, individual 1001	Parachondrostoma toxostoma midgut bacterial microbiota, Jus 2015, individual 1001	classification a 25 chromosomes (sept. 2026) : Pt ; depot du 2026-08-31 = Pt (12 chr) pour le nom scientifique, titre et nom commun restes a l'identification morphologique
DURANCE16S_15Jus1001CH02A	ERS31168735	15Jus1001CH02A	2015_Jus_1001	host common name	Chondrostoma sp.	toxostome	classification a 25 chromosomes (sept. 2026) : Pt ; depot du 2026-08-31 = Pt (12 chr) pour le nom scientifique, titre et nom commun restes a l'identification morphologique
DURANCE16S_15Jus1009Ch0A	ERS31168736	15Jus1009Ch0A	2015_Jus_1009	TITLE	Chondrostoma sp. midgut bacterial microbiota, Jus 2015, individual 1009	Chondrostoma nasus x Parachondrostoma toxostoma midgut bacterial microbiota, Jus 2015, individual 1009	classification a 25 chromosomes (sept. 2026) : Hy ; depot du 2026-08-31 = Hy (12 chr) pour le nom scientifique, titre et nom commun restes a l'identification morphologique
DURANCE16S_15Jus1009Ch0A	ERS31168736	15Jus1009Ch0A	2015_Jus_1009	host common name	Chondrostoma sp.	nasus x toxostoma	classification a 25 chromosomes (sept. 2026) : Hy ; depot du 2026-08-31 = Hy (12 chr) pour le nom scientifique, titre et nom commun restes a l'identification morphologique
DURANCE16S_15Jus1017Ch0A	ERS31168737	15Jus1017Ch0A	2015_Jus_1017	TITLE	Chondrostoma sp. midgut bacterial microbiota, Jus 2015, individual 1017	Chondrostoma nasus midgut bacterial microbiota, Jus 2015, individual 1017	classification a 25 chromosomes (sept. 2026) : Cn ; depot du 2026-08-31 = Cn (12 chr) pour le nom scientifique, titre et nom commun restes a l'identification morphologique
DURANCE16S_15Jus1017Ch0A	ERS31168737	15Jus1017Ch0A	2015_Jus_1017	host common name	Chondrostoma sp.	nase	classification a 25 chromosomes (sept. 2026) : Cn ; depot du 2026-08-31 = Cn (12 chr) pour le nom scientifique, titre et nom commun restes a l'identification morphologique
DURANCE16S_15Caa1006Ch0A	ERS31168738	15Caa1006Ch0A	2015_Caa_1006	TITLE	Chondrostoma sp. midgut bacterial microbiota, Caa 2015, individual 1006	Chondrostoma nasus x Parachondrostoma toxostoma midgut bacterial microbiota, Caa 2015, individual 1006	classification a 25 chromosomes (sept. 2026) : Hy ; depot du 2026-08-31 = Hy (12 chr) pour le nom scientifique, titre et nom commun restes a l'identification morphologique
DURANCE16S_15Caa1006Ch0A	ERS31168738	15Caa1006Ch0A	2015_Caa_1006	host common name	Chondrostoma sp.	nasus x toxostoma	classification a 25 chromosomes (sept. 2026) : Hy ; depot du 2026-08-31 = Hy (12 chr) pour le nom scientifique, titre et nom commun restes a l'identification morphologique
DURANCE16S_15Caa1014Ch0A	ERS31168739	15Caa1014Ch0A	2015_Caa_1014	TITLE	Chondrostoma sp. midgut bacterial microbiota, Caa 2015, individual 1014	Parachondrostoma toxostoma midgut bacterial microbiota, Caa 2015, individual 1014	classification a 25 chromosomes (sept. 2026) : Pt ; depot du 2026-08-31 = Pt (12 chr) pour le nom scientifique, titre et nom commun restes a l'identification morphologique
DURANCE16S_15Caa1014Ch0A	ERS31168739	15Caa1014Ch0A	2015_Caa_1014	host common name	Chondrostoma sp.	toxostome	classification a 25 chromosomes (sept. 2026) : Pt ; depot du 2026-08-31 = Pt (12 chr) pour le nom scientifique, titre et nom commun restes a l'identification morphologique
DURANCE16S_15Avi1002Cn02A	ERS31168740	15Avi1002Cn02A	2015_Avi_1002	TITLE	Chondrostoma nasus midgut bacterial microbiota, Avi 2015, individual 1002	Chondrostoma nasus x Parachondrostoma toxostoma midgut bacterial microbiota, Avi 2015, individual 1002	classification a 25 chromosomes (sept. 2026) : Hy ; depot du 2026-08-31 = Hy (12 chr) pour le nom scientifique, titre et nom commun restes a l'identification morphologique
DURANCE16S_15Avi1002Cn02A	ERS31168740	15Avi1002Cn02A	2015_Avi_1002	host common name	nase	nasus x toxostoma	classification a 25 chromosomes (sept. 2026) : Hy ; depot du 2026-08-31 = Hy (12 chr) pour le nom scientifique, titre et nom commun restes a l'identification morphologique
DURANCE16S_15Bue1005Ch02A	ERS31168742	15Bue1005Ch02A	2015_Bue_1005	TITLE	Chondrostoma sp. midgut bacterial microbiota, Bue 2015, individual 1005	Chondrostoma nasus x Parachondrostoma toxostoma midgut bacterial microbiota, Bue 2015, individual 1005	classification a 25 chromosomes (sept. 2026) : Hy ; depot du 2026-08-31 = Hy (12 chr) pour le nom scientifique, titre et nom commun restes a l'identification morphologique
DURANCE16S_15Bue1005Ch02A	ERS31168742	15Bue1005Ch02A	2015_Bue_1005	host common name	Chondrostoma sp.	nasus x toxostoma	classification a 25 chromosomes (sept. 2026) : Hy ; depot du 2026-08-31 = Hy (12 chr) pour le nom scientifique, titre et nom commun restes a l'identification morphologique
DURANCE16S_15Bue1013Ch02A	ERS31168743	15Bue1013Ch02A	2015_Bue_1013	TITLE	Chondrostoma sp. midgut bacterial microbiota, Bue 2015, individual 1013	Parachondrostoma toxostoma midgut bacterial microbiota, Bue 2015, individual 1013	classification a 25 chromosomes (sept. 2026) : Pt ; depot du 2026-08-31 = Pt (12 chr) pour le nom scientifique, titre et nom commun restes a l'identification morphologique
DURANCE16S_15Bue1013Ch02A	ERS31168743	15Bue1013Ch02A	2015_Bue_1013	host common name	Chondrostoma sp.	toxostome	classification a 25 chromosomes (sept. 2026) : Pt ; depot du 2026-08-31 = Pt (12 chr) pour le nom scientifique, titre et nom commun restes a l'identification morphologique
DURANCE16S_15Bau1003Ch02A	ERS31168744	15Bau1003Ch02A	2015_Bau_1003	TITLE	Chondrostoma sp. midgut bacterial microbiota, Bau 2015, individual 1003	Parachondrostoma toxostoma midgut bacterial microbiota, Bau 2015, individual 1003	classification a 25 chromosomes (sept. 2026) : Pt ; depot du 2026-08-31 = Pt (12 chr) pour le nom scientifique, titre et nom commun restes a l'identification morphologique
DURANCE16S_15Bau1003Ch02A	ERS31168744	15Bau1003Ch02A	2015_Bau_1003	host common name	Chondrostoma sp.	toxostome	classification a 25 chromosomes (sept. 2026) : Pt ; depot du 2026-08-31 = Pt (12 chr) pour le nom scientifique, titre et nom commun restes a l'identification morphologique
DURANCE16S_15Bau1011Ch02A	ERS31168745	15Bau1011Ch02A	2015_Bau_1011	TITLE	Chondrostoma sp. midgut bacterial microbiota, Bau 2015, individual 1011	Parachondrostoma toxostoma midgut bacterial microbiota, Bau 2015, individual 1011	classification a 25 chromosomes (sept. 2026) : Pt ; depot du 2026-08-31 = Pt (12 chr) pour le nom scientifique, titre et nom commun restes a l'identification morphologique
DURANCE16S_15Bau1011Ch02A	ERS31168745	15Bau1011Ch02A	2015_Bau_1011	host common name	Chondrostoma sp.	toxostome	classification a 25 chromosomes (sept. 2026) : Pt ; depot du 2026-08-31 = Pt (12 chr) pour le nom scientifique, titre et nom commun restes a l'identification morphologique
DURANCE16S_15Bau1019Ch02A	ERS31168746	15Bau1019Ch02A	2015_Bau_1019	TITLE	Chondrostoma sp. midgut bacterial microbiota, Bau 2015, individual 1019	Chondrostoma nasus x Parachondrostoma toxostoma midgut bacterial microbiota, Bau 2015, individual 1019	classification a 25 chromosomes (sept. 2026) : Hy ; depot du 2026-08-31 = Pt (12 chr) pour le nom scientifique, titre et nom commun restes a l'identification morphologique
DURANCE16S_15Bau1019Ch02A	ERS31168746	15Bau1019Ch02A	2015_Bau_1019	host scientific name	Parachondrostoma toxostoma	Chondrostoma nasus x Parachondrostoma toxostoma	classification a 25 chromosomes (sept. 2026) : Hy ; depot du 2026-08-31 = Pt (12 chr) pour le nom scientifique, titre et nom commun restes a l'identification morphologique
DURANCE16S_15Bau1019Ch02A	ERS31168746	15Bau1019Ch02A	2015_Bau_1019	host common name	Chondrostoma sp.	nasus x toxostoma	classification a 25 chromosomes (sept. 2026) : Hy ; depot du 2026-08-31 = Pt (12 chr) pour le nom scientifique, titre et nom commun restes a l'identification morphologique
DURANCE16S_15Jus1002Ch0A	ERS31168747	15Jus1002Ch0A	2015_Jus_1002	TITLE	Chondrostoma sp. midgut bacterial microbiota, Jus 2015, individual 1002	Chondrostoma nasus x Parachondrostoma toxostoma midgut bacterial microbiota, Jus 2015, individual 1002	classification a 25 chromosomes (sept. 2026) : Hy ; depot du 2026-08-31 = Pt (12 chr) pour le nom scientifique, titre et nom commun restes a l'identification morphologique
DURANCE16S_15Jus1002Ch0A	ERS31168747	15Jus1002Ch0A	2015_Jus_1002	host scientific name	Parachondrostoma toxostoma	Chondrostoma nasus x Parachondrostoma toxostoma	classification a 25 chromosomes (sept. 2026) : Hy ; depot du 2026-08-31 = Pt (12 chr) pour le nom scientifique, titre et nom commun restes a l'identification morphologique
DURANCE16S_15Jus1002Ch0A	ERS31168747	15Jus1002Ch0A	2015_Jus_1002	host common name	Chondrostoma sp.	nasus x toxostoma	classification a 25 chromosomes (sept. 2026) : Hy ; depot du 2026-08-31 = Pt (12 chr) pour le nom scientifique, titre et nom commun restes a l'identification morphologique
DURANCE16S_15Jus1010Ch0A	ERS31168748	15Jus1010Ch0A	2015_Jus_1010	TITLE	Chondrostoma sp. midgut bacterial microbiota, Jus 2015, individual 1010	Chondrostoma nasus midgut bacterial microbiota, Jus 2015, individual 1010	classification a 25 chromosomes (sept. 2026) : Cn ; depot du 2026-08-31 = Cn (12 chr) pour le nom scientifique, titre et nom commun restes a l'identification morphologique
DURANCE16S_15Jus1010Ch0A	ERS31168748	15Jus1010Ch0A	2015_Jus_1010	host common name	Chondrostoma sp.	nase	classification a 25 chromosomes (sept. 2026) : Cn ; depot du 2026-08-31 = Cn (12 chr) pour le nom scientifique, titre et nom commun restes a l'identification morphologique
DURANCE16S_15Jus1018Ch0A	ERS31168749	15Jus1018Ch0A	2015_Jus_1018	TITLE	Chondrostoma sp. midgut bacterial microbiota, Jus 2015, individual 1018	Chondrostoma nasus midgut bacterial microbiota, Jus 2015, individual 1018	classification a 25 chromosomes (sept. 2026) : Cn ; depot du 2026-08-31 = Cn (12 chr) pour le nom scientifique, titre et nom commun restes a l'identification morphologique
DURANCE16S_15Jus1018Ch0A	ERS31168749	15Jus1018Ch0A	2015_Jus_1018	host common name	Chondrostoma sp.	nase	classification a 25 chromosomes (sept. 2026) : Cn ; depot du 2026-08-31 = Cn (12 chr) pour le nom scientifique, titre et nom commun restes a l'identification morphologique
DURANCE16S_15Caa1007Ch0A	ERS31168750	15Caa1007Ch0A	2015_Caa_1007	TITLE	Chondrostoma sp. midgut bacterial microbiota, Caa 2015, individual 1007	Chondrostoma nasus midgut bacterial microbiota, Caa 2015, individual 1007	classification a 25 chromosomes (sept. 2026) : Cn ; depot du 2026-08-31 = Cn (12 chr) pour le nom scientifique, titre et nom commun restes a l'identification morphologique
DURANCE16S_15Caa1007Ch0A	ERS31168750	15Caa1007Ch0A	2015_Caa_1007	host common name	Chondrostoma sp.	nase	classification a 25 chromosomes (sept. 2026) : Cn ; depot du 2026-08-31 = Cn (12 chr) pour le nom scientifique, titre et nom commun restes a l'identification morphologique
DURANCE16S_15Caa1015Ch0A	ERS31168751	15Caa1015Ch0A	2015_Caa_1015	TITLE	Chondrostoma sp. midgut bacterial microbiota, Caa 2015, individual 1015	Chondrostoma nasus x Parachondrostoma toxostoma midgut bacterial microbiota, Caa 2015, individual 1015	classification a 25 chromosomes (sept. 2026) : Hy ; depot du 2026-08-31 = Hy (12 chr) pour le nom scientifique, titre et nom commun restes a l'identification morphologique
DURANCE16S_15Caa1015Ch0A	ERS31168751	15Caa1015Ch0A	2015_Caa_1015	host common name	Chondrostoma sp.	nasus x toxostoma	classification a 25 chromosomes (sept. 2026) : Hy ; depot du 2026-08-31 = Hy (12 chr) pour le nom scientifique, titre et nom commun restes a l'identification morphologique
DURANCE16S_15Avi1011Cn02A	ERS31168753	15Avi1011Cn02A	2015_Avi_1011	TITLE	Chondrostoma nasus midgut bacterial microbiota, Avi 2015, individual 1011	Chondrostoma nasus x Parachondrostoma toxostoma midgut bacterial microbiota, Avi 2015, individual 1011	classification a 25 chromosomes (sept. 2026) : Hy ; depot du 2026-08-31 = Cn (12 chr) pour le nom scientifique, titre et nom commun restes a l'identification morphologique
DURANCE16S_15Avi1011Cn02A	ERS31168753	15Avi1011Cn02A	2015_Avi_1011	host scientific name	Chondrostoma nasus	Chondrostoma nasus x Parachondrostoma toxostoma	classification a 25 chromosomes (sept. 2026) : Hy ; depot du 2026-08-31 = Cn (12 chr) pour le nom scientifique, titre et nom commun restes a l'identification morphologique
DURANCE16S_15Avi1011Cn02A	ERS31168753	15Avi1011Cn02A	2015_Avi_1011	host common name	nase	nasus x toxostoma	classification a 25 chromosomes (sept. 2026) : Hy ; depot du 2026-08-31 = Cn (12 chr) pour le nom scientifique, titre et nom commun restes a l'identification morphologique
DURANCE16S_15Bue1006Ch02A	ERS31168754	15Bue1006Ch02A	2015_Bue_1006	TITLE	Chondrostoma sp. midgut bacterial microbiota, Bue 2015, individual 1006	Parachondrostoma toxostoma midgut bacterial microbiota, Bue 2015, individual 1006	classification a 25 chromosomes (sept. 2026) : Pt ; depot du 2026-08-31 = Hy (12 chr) pour le nom scientifique, titre et nom commun restes a l'identification morphologique
DURANCE16S_15Bue1006Ch02A	ERS31168754	15Bue1006Ch02A	2015_Bue_1006	host scientific name	Chondrostoma nasus x Parachondrostoma toxostoma	Parachondrostoma toxostoma	classification a 25 chromosomes (sept. 2026) : Pt ; depot du 2026-08-31 = Hy (12 chr) pour le nom scientifique, titre et nom commun restes a l'identification morphologique
DURANCE16S_15Bue1006Ch02A	ERS31168754	15Bue1006Ch02A	2015_Bue_1006	host common name	Chondrostoma sp.	toxostome	classification a 25 chromosomes (sept. 2026) : Pt ; depot du 2026-08-31 = Hy (12 chr) pour le nom scientifique, titre et nom commun restes a l'identification morphologique
DURANCE16S_15Bue1014Ch02A	ERS31168755	15Bue1014Ch02A	2015_Bue_1014	TITLE	Chondrostoma sp. midgut bacterial microbiota, Bue 2015, individual 1014	Parachondrostoma toxostoma midgut bacterial microbiota, Bue 2015, individual 1014	classification a 25 chromosomes (sept. 2026) : Pt ; depot du 2026-08-31 = Pt (12 chr) pour le nom scientifique, titre et nom commun restes a l'identification morphologique
DURANCE16S_15Bue1014Ch02A	ERS31168755	15Bue1014Ch02A	2015_Bue_1014	host common name	Chondrostoma sp.	toxostome	classification a 25 chromosomes (sept. 2026) : Pt ; depot du 2026-08-31 = Pt (12 chr) pour le nom scientifique, titre et nom commun restes a l'identification morphologique
DURANCE16S_15Bau1004Ch02A	ERS31168756	15Bau1004Ch02A	2015_Bau_1004	TITLE	Chondrostoma sp. midgut bacterial microbiota, Bau 2015, individual 1004	Chondrostoma nasus x Parachondrostoma toxostoma midgut bacterial microbiota, Bau 2015, individual 1004	classification a 25 chromosomes (sept. 2026) : Hy ; depot du 2026-08-31 = Pt (12 chr) pour le nom scientifique, titre et nom commun restes a l'identification morphologique
DURANCE16S_15Bau1004Ch02A	ERS31168756	15Bau1004Ch02A	2015_Bau_1004	host scientific name	Parachondrostoma toxostoma	Chondrostoma nasus x Parachondrostoma toxostoma	classification a 25 chromosomes (sept. 2026) : Hy ; depot du 2026-08-31 = Pt (12 chr) pour le nom scientifique, titre et nom commun restes a l'identification morphologique
DURANCE16S_15Bau1004Ch02A	ERS31168756	15Bau1004Ch02A	2015_Bau_1004	host common name	Chondrostoma sp.	nasus x toxostoma	classification a 25 chromosomes (sept. 2026) : Hy ; depot du 2026-08-31 = Pt (12 chr) pour le nom scientifique, titre et nom commun restes a l'identification morphologique
DURANCE16S_15Bau1012Ch02A	ERS31168757	15Bau1012Ch02A	2015_Bau_1012	TITLE	Chondrostoma sp. midgut bacterial microbiota, Bau 2015, individual 1012	Parachondrostoma toxostoma midgut bacterial microbiota, Bau 2015, individual 1012	classification a 25 chromosomes (sept. 2026) : Pt ; depot du 2026-08-31 = Pt (12 chr) pour le nom scientifique, titre et nom commun restes a l'identification morphologique
DURANCE16S_15Bau1012Ch02A	ERS31168757	15Bau1012Ch02A	2015_Bau_1012	host common name	Chondrostoma sp.	toxostome	classification a 25 chromosomes (sept. 2026) : Pt ; depot du 2026-08-31 = Pt (12 chr) pour le nom scientifique, titre et nom commun restes a l'identification morphologique
DURANCE16S_15Bau1020Ch02A	ERS31168758	15Bau1020Ch02A	2015_Bau_1020	TITLE	Chondrostoma sp. midgut bacterial microbiota, Bau 2015, individual 1020	Chondrostoma nasus x Parachondrostoma toxostoma midgut bacterial microbiota, Bau 2015, individual 1020	classification a 25 chromosomes (sept. 2026) : Hy ; depot du 2026-08-31 = Hy (12 chr) pour le nom scientifique, titre et nom commun restes a l'identification morphologique
DURANCE16S_15Bau1020Ch02A	ERS31168758	15Bau1020Ch02A	2015_Bau_1020	host common name	Chondrostoma sp.	nasus x toxostoma	classification a 25 chromosomes (sept. 2026) : Hy ; depot du 2026-08-31 = Hy (12 chr) pour le nom scientifique, titre et nom commun restes a l'identification morphologique
DURANCE16S_15Jus1003Ch0A	ERS31168759	15Jus1003Ch0A	2015_Jus_1003	TITLE	Chondrostoma sp. midgut bacterial microbiota, Jus 2015, individual 1003	Chondrostoma nasus x Parachondrostoma toxostoma midgut bacterial microbiota, Jus 2015, individual 1003	classification a 25 chromosomes (sept. 2026) : Hy ; depot du 2026-08-31 = Pt (12 chr) pour le nom scientifique, titre et nom commun restes a l'identification morphologique
DURANCE16S_15Jus1003Ch0A	ERS31168759	15Jus1003Ch0A	2015_Jus_1003	host scientific name	Parachondrostoma toxostoma	Chondrostoma nasus x Parachondrostoma toxostoma	classification a 25 chromosomes (sept. 2026) : Hy ; depot du 2026-08-31 = Pt (12 chr) pour le nom scientifique, titre et nom commun restes a l'identification morphologique
DURANCE16S_15Jus1003Ch0A	ERS31168759	15Jus1003Ch0A	2015_Jus_1003	host common name	Chondrostoma sp.	nasus x toxostoma	classification a 25 chromosomes (sept. 2026) : Hy ; depot du 2026-08-31 = Pt (12 chr) pour le nom scientifique, titre et nom commun restes a l'identification morphologique
DURANCE16S_15Jus1011Ch0A	ERS31168760	15Jus1011Ch0A	2015_Jus_1011	TITLE	Chondrostoma sp. midgut bacterial microbiota, Jus 2015, individual 1011	Chondrostoma nasus midgut bacterial microbiota, Jus 2015, individual 1011	classification a 25 chromosomes (sept. 2026) : Cn ; depot du 2026-08-31 = Hy (12 chr) pour le nom scientifique, titre et nom commun restes a l'identification morphologique
DURANCE16S_15Jus1011Ch0A	ERS31168760	15Jus1011Ch0A	2015_Jus_1011	host scientific name	Chondrostoma nasus x Parachondrostoma toxostoma	Chondrostoma nasus	classification a 25 chromosomes (sept. 2026) : Cn ; depot du 2026-08-31 = Hy (12 chr) pour le nom scientifique, titre et nom commun restes a l'identification morphologique
DURANCE16S_15Jus1011Ch0A	ERS31168760	15Jus1011Ch0A	2015_Jus_1011	host common name	Chondrostoma sp.	nase	classification a 25 chromosomes (sept. 2026) : Cn ; depot du 2026-08-31 = Hy (12 chr) pour le nom scientifique, titre et nom commun restes a l'identification morphologique
DURANCE16S_15Jus1019Ch0A	ERS31168761	15Jus1019Ch0A	2015_Jus_1019	TITLE	Chondrostoma sp. midgut bacterial microbiota, Jus 2015, individual 1019	Chondrostoma nasus midgut bacterial microbiota, Jus 2015, individual 1019	classification a 25 chromosomes (sept. 2026) : Cn ; depot du 2026-08-31 = Cn (12 chr) pour le nom scientifique, titre et nom commun restes a l'identification morphologique
DURANCE16S_15Jus1019Ch0A	ERS31168761	15Jus1019Ch0A	2015_Jus_1019	host common name	Chondrostoma sp.	nase	classification a 25 chromosomes (sept. 2026) : Cn ; depot du 2026-08-31 = Cn (12 chr) pour le nom scientifique, titre et nom commun restes a l'identification morphologique
DURANCE16S_15Caa1008Ch0A	ERS31168762	15Caa1008Ch0A	2015_Caa_1008	TITLE	Chondrostoma sp. midgut bacterial microbiota, Caa 2015, individual 1008	Chondrostoma nasus x Parachondrostoma toxostoma midgut bacterial microbiota, Caa 2015, individual 1008	classification a 25 chromosomes (sept. 2026) : Hy ; depot du 2026-08-31 = Hy (12 chr) pour le nom scientifique, titre et nom commun restes a l'identification morphologique
DURANCE16S_15Caa1008Ch0A	ERS31168762	15Caa1008Ch0A	2015_Caa_1008	host common name	Chondrostoma sp.	nasus x toxostoma	classification a 25 chromosomes (sept. 2026) : Hy ; depot du 2026-08-31 = Hy (12 chr) pour le nom scientifique, titre et nom commun restes a l'identification morphologique
DURANCE16S_15Caa1016Ch0A	ERS31168763	15Caa1016Ch0A	2015_Caa_1016	TITLE	Chondrostoma sp. midgut bacterial microbiota, Caa 2015, individual 1016	Chondrostoma nasus x Parachondrostoma toxostoma midgut bacterial microbiota, Caa 2015, individual 1016	classification a 25 chromosomes (sept. 2026) : Hy ; depot du 2026-08-31 = Pt (12 chr) pour le nom scientifique, titre et nom commun restes a l'identification morphologique
DURANCE16S_15Caa1016Ch0A	ERS31168763	15Caa1016Ch0A	2015_Caa_1016	host scientific name	Parachondrostoma toxostoma	Chondrostoma nasus x Parachondrostoma toxostoma	classification a 25 chromosomes (sept. 2026) : Hy ; depot du 2026-08-31 = Pt (12 chr) pour le nom scientifique, titre et nom commun restes a l'identification morphologique
DURANCE16S_15Caa1016Ch0A	ERS31168763	15Caa1016Ch0A	2015_Caa_1016	host common name	Chondrostoma sp.	nasus x toxostoma	classification a 25 chromosomes (sept. 2026) : Hy ; depot du 2026-08-31 = Pt (12 chr) pour le nom scientifique, titre et nom commun restes a l'identification morphologique
DURANCE16S_15Avi1012Pt02A	ERS31168765	15Avi1012Pt02A	2015_Avi_1012	TITLE	Parachondrostoma toxostoma midgut bacterial microbiota, Avi 2015, individual 1012	Chondrostoma nasus x Parachondrostoma toxostoma midgut bacterial microbiota, Avi 2015, individual 1012	classification a 25 chromosomes (sept. 2026) : Hy ; depot du 2026-08-31 = Hy (12 chr) pour le nom scientifique, titre et nom commun restes a l'identification morphologique
DURANCE16S_15Avi1012Pt02A	ERS31168765	15Avi1012Pt02A	2015_Avi_1012	host common name	toxostome	nasus x toxostoma	classification a 25 chromosomes (sept. 2026) : Hy ; depot du 2026-08-31 = Hy (12 chr) pour le nom scientifique, titre et nom commun restes a l'identification morphologique
DURANCE16S_15Bue1007Ch02A	ERS31168766	15Bue1007Ch02A	2015_Bue_1007	TITLE	Chondrostoma sp. midgut bacterial microbiota, Bue 2015, individual 1007	Chondrostoma nasus x Parachondrostoma toxostoma midgut bacterial microbiota, Bue 2015, individual 1007	classification a 25 chromosomes (sept. 2026) : Hy ; depot du 2026-08-31 = Hy (12 chr) pour le nom scientifique, titre et nom commun restes a l'identification morphologique
DURANCE16S_15Bue1007Ch02A	ERS31168766	15Bue1007Ch02A	2015_Bue_1007	host common name	Chondrostoma sp.	nasus x toxostoma	classification a 25 chromosomes (sept. 2026) : Hy ; depot du 2026-08-31 = Hy (12 chr) pour le nom scientifique, titre et nom commun restes a l'identification morphologique
DURANCE16S_15Bue1015Ch02A	ERS31168767	15Bue1015Ch02A	2015_Bue_1015	TITLE	Chondrostoma sp. midgut bacterial microbiota, Bue 2015, individual 1015	Parachondrostoma toxostoma midgut bacterial microbiota, Bue 2015, individual 1015	classification a 25 chromosomes (sept. 2026) : Pt ; depot du 2026-08-31 = Pt (12 chr) pour le nom scientifique, titre et nom commun restes a l'identification morphologique
DURANCE16S_15Bue1015Ch02A	ERS31168767	15Bue1015Ch02A	2015_Bue_1015	host common name	Chondrostoma sp.	toxostome	classification a 25 chromosomes (sept. 2026) : Pt ; depot du 2026-08-31 = Pt (12 chr) pour le nom scientifique, titre et nom commun restes a l'identification morphologique
DURANCE16S_15Bau1005Ch02A	ERS31168768	15Bau1005Ch02A	2015_Bau_1005	TITLE	Chondrostoma sp. midgut bacterial microbiota, Bau 2015, individual 1005	Parachondrostoma toxostoma midgut bacterial microbiota, Bau 2015, individual 1005	classification a 25 chromosomes (sept. 2026) : Pt ; depot du 2026-08-31 = Pt (12 chr) pour le nom scientifique, titre et nom commun restes a l'identification morphologique
DURANCE16S_15Bau1005Ch02A	ERS31168768	15Bau1005Ch02A	2015_Bau_1005	host common name	Chondrostoma sp.	toxostome	classification a 25 chromosomes (sept. 2026) : Pt ; depot du 2026-08-31 = Pt (12 chr) pour le nom scientifique, titre et nom commun restes a l'identification morphologique
DURANCE16S_15Bau1013Ch02A	ERS31168769	15Bau1013Ch02A	2015_Bau_1013	TITLE	Chondrostoma sp. midgut bacterial microbiota, Bau 2015, individual 1013	Parachondrostoma toxostoma midgut bacterial microbiota, Bau 2015, individual 1013	classification a 25 chromosomes (sept. 2026) : Pt ; depot du 2026-08-31 = Pt (12 chr) pour le nom scientifique, titre et nom commun restes a l'identification morphologique
DURANCE16S_15Bau1013Ch02A	ERS31168769	15Bau1013Ch02A	2015_Bau_1013	host common name	Chondrostoma sp.	toxostome	classification a 25 chromosomes (sept. 2026) : Pt ; depot du 2026-08-31 = Pt (12 chr) pour le nom scientifique, titre et nom commun restes a l'identification morphologique
DURANCE16S_15Bau1021Ch02A	ERS31168770	15Bau1021Ch02A	2015_Bau_1021	TITLE	Chondrostoma sp. midgut bacterial microbiota, Bau 2015, individual 1021	Chondrostoma nasus x Parachondrostoma toxostoma midgut bacterial microbiota, Bau 2015, individual 1021	classification a 25 chromosomes (sept. 2026) : Hy ; depot du 2026-08-31 = Pt (12 chr) pour le nom scientifique, titre et nom commun restes a l'identification morphologique
DURANCE16S_15Bau1021Ch02A	ERS31168770	15Bau1021Ch02A	2015_Bau_1021	host scientific name	Parachondrostoma toxostoma	Chondrostoma nasus x Parachondrostoma toxostoma	classification a 25 chromosomes (sept. 2026) : Hy ; depot du 2026-08-31 = Pt (12 chr) pour le nom scientifique, titre et nom commun restes a l'identification morphologique
DURANCE16S_15Bau1021Ch02A	ERS31168770	15Bau1021Ch02A	2015_Bau_1021	host common name	Chondrostoma sp.	nasus x toxostoma	classification a 25 chromosomes (sept. 2026) : Hy ; depot du 2026-08-31 = Pt (12 chr) pour le nom scientifique, titre et nom commun restes a l'identification morphologique
DURANCE16S_15Jus1004Ch0A	ERS31168771	15Jus1004Ch0A	2015_Jus_1004	TITLE	Chondrostoma sp. midgut bacterial microbiota, Jus 2015, individual 1004	Chondrostoma nasus x Parachondrostoma toxostoma midgut bacterial microbiota, Jus 2015, individual 1004	classification a 25 chromosomes (sept. 2026) : Hy ; depot du 2026-08-31 = Pt (12 chr) pour le nom scientifique, titre et nom commun restes a l'identification morphologique
DURANCE16S_15Jus1004Ch0A	ERS31168771	15Jus1004Ch0A	2015_Jus_1004	host scientific name	Parachondrostoma toxostoma	Chondrostoma nasus x Parachondrostoma toxostoma	classification a 25 chromosomes (sept. 2026) : Hy ; depot du 2026-08-31 = Pt (12 chr) pour le nom scientifique, titre et nom commun restes a l'identification morphologique
DURANCE16S_15Jus1004Ch0A	ERS31168771	15Jus1004Ch0A	2015_Jus_1004	host common name	Chondrostoma sp.	nasus x toxostoma	classification a 25 chromosomes (sept. 2026) : Hy ; depot du 2026-08-31 = Pt (12 chr) pour le nom scientifique, titre et nom commun restes a l'identification morphologique
DURANCE16S_15Jus1012Ch0A	ERS31168772	15Jus1012Ch0A	2015_Jus_1012	TITLE	Chondrostoma sp. midgut bacterial microbiota, Jus 2015, individual 1012	Chondrostoma nasus midgut bacterial microbiota, Jus 2015, individual 1012	classification a 25 chromosomes (sept. 2026) : Cn ; depot du 2026-08-31 = Cn (12 chr) pour le nom scientifique, titre et nom commun restes a l'identification morphologique
DURANCE16S_15Jus1012Ch0A	ERS31168772	15Jus1012Ch0A	2015_Jus_1012	host common name	Chondrostoma sp.	nase	classification a 25 chromosomes (sept. 2026) : Cn ; depot du 2026-08-31 = Cn (12 chr) pour le nom scientifique, titre et nom commun restes a l'identification morphologique
DURANCE16S_15Caa1001Ch0A	ERS31168773	15Caa1001Ch0A	2015_Caa_1001	TITLE	Chondrostoma sp. midgut bacterial microbiota, Caa 2015, individual 1001	Chondrostoma nasus midgut bacterial microbiota, Caa 2015, individual 1001	classification a 25 chromosomes (sept. 2026) : Cn ; depot du 2026-08-31 = Cn (12 chr) pour le nom scientifique, titre et nom commun restes a l'identification morphologique
DURANCE16S_15Caa1001Ch0A	ERS31168773	15Caa1001Ch0A	2015_Caa_1001	host common name	Chondrostoma sp.	nase	classification a 25 chromosomes (sept. 2026) : Cn ; depot du 2026-08-31 = Cn (12 chr) pour le nom scientifique, titre et nom commun restes a l'identification morphologique
DURANCE16S_15Caa1009Ch0A	ERS31168774	15Caa1009Ch0A	2015_Caa_1009	TITLE	Chondrostoma sp. midgut bacterial microbiota, Caa 2015, individual 1009	Chondrostoma nasus midgut bacterial microbiota, Caa 2015, individual 1009	classification a 25 chromosomes (sept. 2026) : Cn ; depot du 2026-08-31 = Cn (12 chr) pour le nom scientifique, titre et nom commun restes a l'identification morphologique
DURANCE16S_15Caa1009Ch0A	ERS31168774	15Caa1009Ch0A	2015_Caa_1009	host common name	Chondrostoma sp.	nase	classification a 25 chromosomes (sept. 2026) : Cn ; depot du 2026-08-31 = Cn (12 chr) pour le nom scientifique, titre et nom commun restes a l'identification morphologique
DURANCE16S_15Caa1017Ch0A	ERS31168775	15Caa1017Ch0A	2015_Caa_1017	TITLE	Chondrostoma sp. midgut bacterial microbiota, Caa 2015, individual 1017	Chondrostoma nasus x Parachondrostoma toxostoma midgut bacterial microbiota, Caa 2015, individual 1017	classification a 25 chromosomes (sept. 2026) : Hy ; depot du 2026-08-31 = Hy (12 chr) pour le nom scientifique, titre et nom commun restes a l'identification morphologique
DURANCE16S_15Caa1017Ch0A	ERS31168775	15Caa1017Ch0A	2015_Caa_1017	host common name	Chondrostoma sp.	nasus x toxostoma	classification a 25 chromosomes (sept. 2026) : Hy ; depot du 2026-08-31 = Hy (12 chr) pour le nom scientifique, titre et nom commun restes a l'identification morphologique
DURANCE16S_15Avi1013Pt02A	ERS31168777	15Avi1013Pt02A	2015_Avi_1013	TITLE	Parachondrostoma toxostoma midgut bacterial microbiota, Avi 2015, individual 1013	Chondrostoma nasus x Parachondrostoma toxostoma midgut bacterial microbiota, Avi 2015, individual 1013	classification a 25 chromosomes (sept. 2026) : Hy ; depot du 2026-08-31 = Hy (12 chr) pour le nom scientifique, titre et nom commun restes a l'identification morphologique
DURANCE16S_15Avi1013Pt02A	ERS31168777	15Avi1013Pt02A	2015_Avi_1013	host common name	toxostome	nasus x toxostoma	classification a 25 chromosomes (sept. 2026) : Hy ; depot du 2026-08-31 = Hy (12 chr) pour le nom scientifique, titre et nom commun restes a l'identification morphologique
DURANCE16S_15Bue1008Ch02A	ERS31168778	15Bue1008Ch02A	2015_Bue_1008	TITLE	Chondrostoma sp. midgut bacterial microbiota, Bue 2015, individual 1008	Parachondrostoma toxostoma midgut bacterial microbiota, Bue 2015, individual 1008	classification a 25 chromosomes (sept. 2026) : Pt ; depot du 2026-08-31 = Pt (12 chr) pour le nom scientifique, titre et nom commun restes a l'identification morphologique
DURANCE16S_15Bue1008Ch02A	ERS31168778	15Bue1008Ch02A	2015_Bue_1008	host common name	Chondrostoma sp.	toxostome	classification a 25 chromosomes (sept. 2026) : Pt ; depot du 2026-08-31 = Pt (12 chr) pour le nom scientifique, titre et nom commun restes a l'identification morphologique
DURANCE16S_15Bue1016Ch02A	ERS31168779	15Bue1016Ch02A	2015_Bue_1016	TITLE	Chondrostoma sp. midgut bacterial microbiota, Bue 2015, individual 1016	Chondrostoma nasus x Parachondrostoma toxostoma midgut bacterial microbiota, Bue 2015, individual 1016	classification a 25 chromosomes (sept. 2026) : Hy ; depot du 2026-08-31 = Hy (12 chr) pour le nom scientifique, titre et nom commun restes a l'identification morphologique
DURANCE16S_15Bue1016Ch02A	ERS31168779	15Bue1016Ch02A	2015_Bue_1016	host common name	Chondrostoma sp.	nasus x toxostoma	classification a 25 chromosomes (sept. 2026) : Hy ; depot du 2026-08-31 = Hy (12 chr) pour le nom scientifique, titre et nom commun restes a l'identification morphologique
DURANCE16S_15Bau1006Ch02A	ERS31168780	15Bau1006Ch02A	2015_Bau_1006	TITLE	Chondrostoma sp. midgut bacterial microbiota, Bau 2015, individual 1006	Chondrostoma nasus x Parachondrostoma toxostoma midgut bacterial microbiota, Bau 2015, individual 1006	classification a 25 chromosomes (sept. 2026) : Hy ; depot du 2026-08-31 = Hy (12 chr) pour le nom scientifique, titre et nom commun restes a l'identification morphologique
DURANCE16S_15Bau1006Ch02A	ERS31168780	15Bau1006Ch02A	2015_Bau_1006	host common name	Chondrostoma sp.	nasus x toxostoma	classification a 25 chromosomes (sept. 2026) : Hy ; depot du 2026-08-31 = Hy (12 chr) pour le nom scientifique, titre et nom commun restes a l'identification morphologique
DURANCE16S_15Bau1014Ch02A	ERS31168781	15Bau1014Ch02A	2015_Bau_1014	TITLE	Chondrostoma sp. midgut bacterial microbiota, Bau 2015, individual 1014	Parachondrostoma toxostoma midgut bacterial microbiota, Bau 2015, individual 1014	classification a 25 chromosomes (sept. 2026) : Pt ; depot du 2026-08-31 = Pt (12 chr) pour le nom scientifique, titre et nom commun restes a l'identification morphologique
DURANCE16S_15Bau1014Ch02A	ERS31168781	15Bau1014Ch02A	2015_Bau_1014	host common name	Chondrostoma sp.	toxostome	classification a 25 chromosomes (sept. 2026) : Pt ; depot du 2026-08-31 = Pt (12 chr) pour le nom scientifique, titre et nom commun restes a l'identification morphologique
DURANCE16S_15Bau1022Ch02A	ERS31168782	15Bau1022Ch02A	2015_Bau_1022	TITLE	Chondrostoma sp. midgut bacterial microbiota, Bau 2015, individual 1022	Parachondrostoma toxostoma midgut bacterial microbiota, Bau 2015, individual 1022	classification a 25 chromosomes (sept. 2026) : Pt ; depot du 2026-08-31 = Pt (12 chr) pour le nom scientifique, titre et nom commun restes a l'identification morphologique
DURANCE16S_15Bau1022Ch02A	ERS31168782	15Bau1022Ch02A	2015_Bau_1022	host common name	Chondrostoma sp.	toxostome	classification a 25 chromosomes (sept. 2026) : Pt ; depot du 2026-08-31 = Pt (12 chr) pour le nom scientifique, titre et nom commun restes a l'identification morphologique
DURANCE16S_15Jus1005Ch0A	ERS31168783	15Jus1005Ch0A	2015_Jus_1005	TITLE	Chondrostoma sp. midgut bacterial microbiota, Jus 2015, individual 1005	Chondrostoma nasus x Parachondrostoma toxostoma midgut bacterial microbiota, Jus 2015, individual 1005	classification a 25 chromosomes (sept. 2026) : Hy ; depot du 2026-08-31 = Pt (12 chr) pour le nom scientifique, titre et nom commun restes a l'identification morphologique
DURANCE16S_15Jus1005Ch0A	ERS31168783	15Jus1005Ch0A	2015_Jus_1005	host scientific name	Parachondrostoma toxostoma	Chondrostoma nasus x Parachondrostoma toxostoma	classification a 25 chromosomes (sept. 2026) : Hy ; depot du 2026-08-31 = Pt (12 chr) pour le nom scientifique, titre et nom commun restes a l'identification morphologique
DURANCE16S_15Jus1005Ch0A	ERS31168783	15Jus1005Ch0A	2015_Jus_1005	host common name	Chondrostoma sp.	nasus x toxostoma	classification a 25 chromosomes (sept. 2026) : Hy ; depot du 2026-08-31 = Pt (12 chr) pour le nom scientifique, titre et nom commun restes a l'identification morphologique
DURANCE16S_15Jus1013Ch0A	ERS31168784	15Jus1013Ch0A	2015_Jus_1013	TITLE	Chondrostoma sp. midgut bacterial microbiota, Jus 2015, individual 1013	Chondrostoma nasus midgut bacterial microbiota, Jus 2015, individual 1013	classification a 25 chromosomes (sept. 2026) : Cn ; depot du 2026-08-31 = Cn (12 chr) pour le nom scientifique, titre et nom commun restes a l'identification morphologique
DURANCE16S_15Jus1013Ch0A	ERS31168784	15Jus1013Ch0A	2015_Jus_1013	host common name	Chondrostoma sp.	nase	classification a 25 chromosomes (sept. 2026) : Cn ; depot du 2026-08-31 = Cn (12 chr) pour le nom scientifique, titre et nom commun restes a l'identification morphologique
DURANCE16S_15Caa1002Ch0A	ERS31168785	15Caa1002Ch0A	2015_Caa_1002	TITLE	Chondrostoma sp. midgut bacterial microbiota, Caa 2015, individual 1002	Chondrostoma nasus midgut bacterial microbiota, Caa 2015, individual 1002	classification a 25 chromosomes (sept. 2026) : Cn ; depot du 2026-08-31 = Cn (12 chr) pour le nom scientifique, titre et nom commun restes a l'identification morphologique
DURANCE16S_15Caa1002Ch0A	ERS31168785	15Caa1002Ch0A	2015_Caa_1002	host common name	Chondrostoma sp.	nase	classification a 25 chromosomes (sept. 2026) : Cn ; depot du 2026-08-31 = Cn (12 chr) pour le nom scientifique, titre et nom commun restes a l'identification morphologique
DURANCE16S_15Caa1010Ch0A	ERS31168786	15Caa1010Ch0A	2015_Caa_1010	TITLE	Chondrostoma sp. midgut bacterial microbiota, Caa 2015, individual 1010	Chondrostoma nasus midgut bacterial microbiota, Caa 2015, individual 1010	classification a 25 chromosomes (sept. 2026) : Cn ; depot du 2026-08-31 = Cn (12 chr) pour le nom scientifique, titre et nom commun restes a l'identification morphologique
DURANCE16S_15Caa1010Ch0A	ERS31168786	15Caa1010Ch0A	2015_Caa_1010	host common name	Chondrostoma sp.	nase	classification a 25 chromosomes (sept. 2026) : Cn ; depot du 2026-08-31 = Cn (12 chr) pour le nom scientifique, titre et nom commun restes a l'identification morphologique
DURANCE16S_15Caa1018Ch0A	ERS31168787	15Caa1018Ch0A	2015_Caa_1018	TITLE	Chondrostoma sp. midgut bacterial microbiota, Caa 2015, individual 1018	Parachondrostoma toxostoma midgut bacterial microbiota, Caa 2015, individual 1018	classification a 25 chromosomes (sept. 2026) : Pt ; depot du 2026-08-31 = Pt (12 chr) pour le nom scientifique, titre et nom commun restes a l'identification morphologique
DURANCE16S_15Caa1018Ch0A	ERS31168787	15Caa1018Ch0A	2015_Caa_1018	host common name	Chondrostoma sp.	toxostome	classification a 25 chromosomes (sept. 2026) : Pt ; depot du 2026-08-31 = Pt (12 chr) pour le nom scientifique, titre et nom commun restes a l'identification morphologique
DURANCE16S_15Bue1001Ch02A	ERS31168789	15Bue1001Ch02A	2015_Bue_1001	TITLE	Chondrostoma sp. midgut bacterial microbiota, Bue 2015, individual 1001	Chondrostoma nasus midgut bacterial microbiota, Bue 2015, individual 1001	classification a 25 chromosomes (sept. 2026) : Cn ; depot du 2026-08-31 = Cn (12 chr) pour le nom scientifique, titre et nom commun restes a l'identification morphologique
DURANCE16S_15Bue1001Ch02A	ERS31168789	15Bue1001Ch02A	2015_Bue_1001	host common name	Chondrostoma sp.	nase	classification a 25 chromosomes (sept. 2026) : Cn ; depot du 2026-08-31 = Cn (12 chr) pour le nom scientifique, titre et nom commun restes a l'identification morphologique
DURANCE16S_15Bue1009Ch02A	ERS31168790	15Bue1009Ch02A	2015_Bue_1009	TITLE	Chondrostoma sp. midgut bacterial microbiota, Bue 2015, individual 1009	Chondrostoma nasus x Parachondrostoma toxostoma midgut bacterial microbiota, Bue 2015, individual 1009	classification a 25 chromosomes (sept. 2026) : Hy ; depot du 2026-08-31 = Hy (12 chr) pour le nom scientifique, titre et nom commun restes a l'identification morphologique
DURANCE16S_15Bue1009Ch02A	ERS31168790	15Bue1009Ch02A	2015_Bue_1009	host common name	Chondrostoma sp.	nasus x toxostoma	classification a 25 chromosomes (sept. 2026) : Hy ; depot du 2026-08-31 = Hy (12 chr) pour le nom scientifique, titre et nom commun restes a l'identification morphologique
DURANCE16S_15Bue1017Ch02A	ERS31168791	15Bue1017Ch02A	2015_Bue_1017	TITLE	Chondrostoma sp. midgut bacterial microbiota, Bue 2015, individual 1017	Chondrostoma nasus midgut bacterial microbiota, Bue 2015, individual 1017	classification a 25 chromosomes (sept. 2026) : Cn ; depot du 2026-08-31 = Cn (12 chr) pour le nom scientifique, titre et nom commun restes a l'identification morphologique
DURANCE16S_15Bue1017Ch02A	ERS31168791	15Bue1017Ch02A	2015_Bue_1017	host common name	Chondrostoma sp.	nase	classification a 25 chromosomes (sept. 2026) : Cn ; depot du 2026-08-31 = Cn (12 chr) pour le nom scientifique, titre et nom commun restes a l'identification morphologique
DURANCE16S_15Bau1007Ch02A	ERS31168792	15Bau1007Ch02A	2015_Bau_1007	TITLE	Chondrostoma sp. midgut bacterial microbiota, Bau 2015, individual 1007	Parachondrostoma toxostoma midgut bacterial microbiota, Bau 2015, individual 1007	classification a 25 chromosomes (sept. 2026) : Pt ; depot du 2026-08-31 = Pt (12 chr) pour le nom scientifique, titre et nom commun restes a l'identification morphologique
DURANCE16S_15Bau1007Ch02A	ERS31168792	15Bau1007Ch02A	2015_Bau_1007	host common name	Chondrostoma sp.	toxostome	classification a 25 chromosomes (sept. 2026) : Pt ; depot du 2026-08-31 = Pt (12 chr) pour le nom scientifique, titre et nom commun restes a l'identification morphologique
DURANCE16S_15Bau1015Ch02A	ERS31168793	15Bau1015Ch02A	2015_Bau_1015	TITLE	Chondrostoma sp. midgut bacterial microbiota, Bau 2015, individual 1015	Parachondrostoma toxostoma midgut bacterial microbiota, Bau 2015, individual 1015	classification a 25 chromosomes (sept. 2026) : Pt ; depot du 2026-08-31 = Pt (12 chr) pour le nom scientifique, titre et nom commun restes a l'identification morphologique
DURANCE16S_15Bau1015Ch02A	ERS31168793	15Bau1015Ch02A	2015_Bau_1015	host common name	Chondrostoma sp.	toxostome	classification a 25 chromosomes (sept. 2026) : Pt ; depot du 2026-08-31 = Pt (12 chr) pour le nom scientifique, titre et nom commun restes a l'identification morphologique
DURANCE16S_15Bau1023Ch02A	ERS31168794	15Bau1023Ch02A	2015_Bau_1023	TITLE	Chondrostoma sp. midgut bacterial microbiota, Bau 2015, individual 1023	Parachondrostoma toxostoma midgut bacterial microbiota, Bau 2015, individual 1023	classification a 25 chromosomes (sept. 2026) : Pt ; depot du 2026-08-31 = Pt (12 chr) pour le nom scientifique, titre et nom commun restes a l'identification morphologique
DURANCE16S_15Bau1023Ch02A	ERS31168794	15Bau1023Ch02A	2015_Bau_1023	host common name	Chondrostoma sp.	toxostome	classification a 25 chromosomes (sept. 2026) : Pt ; depot du 2026-08-31 = Pt (12 chr) pour le nom scientifique, titre et nom commun restes a l'identification morphologique
DURANCE16S_15Jus1006Ch0A	ERS31168795	15Jus1006Ch0A	2015_Jus_1006	TITLE	Chondrostoma sp. midgut bacterial microbiota, Jus 2015, individual 1006	Parachondrostoma toxostoma midgut bacterial microbiota, Jus 2015, individual 1006	classification a 25 chromosomes (sept. 2026) : Pt ; depot du 2026-08-31 = Pt (12 chr) pour le nom scientifique, titre et nom commun restes a l'identification morphologique
DURANCE16S_15Jus1006Ch0A	ERS31168795	15Jus1006Ch0A	2015_Jus_1006	host common name	Chondrostoma sp.	toxostome	classification a 25 chromosomes (sept. 2026) : Pt ; depot du 2026-08-31 = Pt (12 chr) pour le nom scientifique, titre et nom commun restes a l'identification morphologique
DURANCE16S_15Jus1014Ch0A	ERS31168796	15Jus1014Ch0A	2015_Jus_1014	TITLE	Chondrostoma sp. midgut bacterial microbiota, Jus 2015, individual 1014	Chondrostoma nasus midgut bacterial microbiota, Jus 2015, individual 1014	classification a 25 chromosomes (sept. 2026) : Cn ; depot du 2026-08-31 = Cn (12 chr) pour le nom scientifique, titre et nom commun restes a l'identification morphologique
DURANCE16S_15Jus1014Ch0A	ERS31168796	15Jus1014Ch0A	2015_Jus_1014	host common name	Chondrostoma sp.	nase	classification a 25 chromosomes (sept. 2026) : Cn ; depot du 2026-08-31 = Cn (12 chr) pour le nom scientifique, titre et nom commun restes a l'identification morphologique
DURANCE16S_15Caa1003Ch0A	ERS31168797	15Caa1003Ch0A	2015_Caa_1003	TITLE	Chondrostoma sp. midgut bacterial microbiota, Caa 2015, individual 1003	Chondrostoma nasus midgut bacterial microbiota, Caa 2015, individual 1003	classification a 25 chromosomes (sept. 2026) : Cn ; depot du 2026-08-31 = Cn (12 chr) pour le nom scientifique, titre et nom commun restes a l'identification morphologique
DURANCE16S_15Caa1003Ch0A	ERS31168797	15Caa1003Ch0A	2015_Caa_1003	host common name	Chondrostoma sp.	nase	classification a 25 chromosomes (sept. 2026) : Cn ; depot du 2026-08-31 = Cn (12 chr) pour le nom scientifique, titre et nom commun restes a l'identification morphologique
DURANCE16S_15Caa1011Ch0A	ERS31168798	15Caa1011Ch0A	2015_Caa_1011	TITLE	Chondrostoma sp. midgut bacterial microbiota, Caa 2015, individual 1011	Parachondrostoma toxostoma midgut bacterial microbiota, Caa 2015, individual 1011	classification a 25 chromosomes (sept. 2026) : Pt ; depot du 2026-08-31 = Pt (12 chr) pour le nom scientifique, titre et nom commun restes a l'identification morphologique
DURANCE16S_15Caa1011Ch0A	ERS31168798	15Caa1011Ch0A	2015_Caa_1011	host common name	Chondrostoma sp.	toxostome	classification a 25 chromosomes (sept. 2026) : Pt ; depot du 2026-08-31 = Pt (12 chr) pour le nom scientifique, titre et nom commun restes a l'identification morphologique
DURANCE16S_15Caa1019Ch0A	ERS31168799	15Caa1019Ch0A	2015_Caa_1019	TITLE	Chondrostoma sp. midgut bacterial microbiota, Caa 2015, individual 1019	Chondrostoma nasus x Parachondrostoma toxostoma midgut bacterial microbiota, Caa 2015, individual 1019	classification a 25 chromosomes (sept. 2026) : Hy ; depot du 2026-08-31 = Pt (12 chr) pour le nom scientifique, titre et nom commun restes a l'identification morphologique
DURANCE16S_15Caa1019Ch0A	ERS31168799	15Caa1019Ch0A	2015_Caa_1019	host scientific name	Parachondrostoma toxostoma	Chondrostoma nasus x Parachondrostoma toxostoma	classification a 25 chromosomes (sept. 2026) : Hy ; depot du 2026-08-31 = Pt (12 chr) pour le nom scientifique, titre et nom commun restes a l'identification morphologique
DURANCE16S_15Caa1019Ch0A	ERS31168799	15Caa1019Ch0A	2015_Caa_1019	host common name	Chondrostoma sp.	nasus x toxostoma	classification a 25 chromosomes (sept. 2026) : Hy ; depot du 2026-08-31 = Pt (12 chr) pour le nom scientifique, titre et nom commun restes a l'identification morphologique
DURANCE16S_15Bue1002Ch02A	ERS31168801	15Bue1002Ch02A	2015_Bue_1002	TITLE	Chondrostoma sp. midgut bacterial microbiota, Bue 2015, individual 1002	Chondrostoma nasus midgut bacterial microbiota, Bue 2015, individual 1002	classification a 25 chromosomes (sept. 2026) : Cn ; depot du 2026-08-31 = Cn (12 chr) pour le nom scientifique, titre et nom commun restes a l'identification morphologique
DURANCE16S_15Bue1002Ch02A	ERS31168801	15Bue1002Ch02A	2015_Bue_1002	host common name	Chondrostoma sp.	nase	classification a 25 chromosomes (sept. 2026) : Cn ; depot du 2026-08-31 = Cn (12 chr) pour le nom scientifique, titre et nom commun restes a l'identification morphologique
DURANCE16S_15Bue1010Ch02A	ERS31168802	15Bue1010Ch02A	2015_Bue_1010	TITLE	Chondrostoma sp. midgut bacterial microbiota, Bue 2015, individual 1010	Chondrostoma nasus x Parachondrostoma toxostoma midgut bacterial microbiota, Bue 2015, individual 1010	classification a 25 chromosomes (sept. 2026) : Hy ; depot du 2026-08-31 = Hy (12 chr) pour le nom scientifique, titre et nom commun restes a l'identification morphologique
DURANCE16S_15Bue1010Ch02A	ERS31168802	15Bue1010Ch02A	2015_Bue_1010	host common name	Chondrostoma sp.	nasus x toxostoma	classification a 25 chromosomes (sept. 2026) : Hy ; depot du 2026-08-31 = Hy (12 chr) pour le nom scientifique, titre et nom commun restes a l'identification morphologique
DURANCE16S_15Bue1018Ch02A	ERS31168803	15Bue1018Ch02A	2015_Bue_1018	TITLE	Chondrostoma sp. midgut bacterial microbiota, Bue 2015, individual 1018	Chondrostoma nasus x Parachondrostoma toxostoma midgut bacterial microbiota, Bue 2015, individual 1018	classification a 25 chromosomes (sept. 2026) : Hy ; depot du 2026-08-31 = Hy (12 chr) pour le nom scientifique, titre et nom commun restes a l'identification morphologique
DURANCE16S_15Bue1018Ch02A	ERS31168803	15Bue1018Ch02A	2015_Bue_1018	host common name	Chondrostoma sp.	nasus x toxostoma	classification a 25 chromosomes (sept. 2026) : Hy ; depot du 2026-08-31 = Hy (12 chr) pour le nom scientifique, titre et nom commun restes a l'identification morphologique
DURANCE16S_15Bau1008Ch02A	ERS31168804	15Bau1008Ch02A	2015_Bau_1008	TITLE	Chondrostoma sp. midgut bacterial microbiota, Bau 2015, individual 1008	Parachondrostoma toxostoma midgut bacterial microbiota, Bau 2015, individual 1008	classification a 25 chromosomes (sept. 2026) : Pt ; depot du 2026-08-31 = Pt (12 chr) pour le nom scientifique, titre et nom commun restes a l'identification morphologique
DURANCE16S_15Bau1008Ch02A	ERS31168804	15Bau1008Ch02A	2015_Bau_1008	host common name	Chondrostoma sp.	toxostome	classification a 25 chromosomes (sept. 2026) : Pt ; depot du 2026-08-31 = Pt (12 chr) pour le nom scientifique, titre et nom commun restes a l'identification morphologique
DURANCE16S_15Bau1016Ch02A	ERS31168805	15Bau1016Ch02A	2015_Bau_1016	TITLE	Chondrostoma sp. midgut bacterial microbiota, Bau 2015, individual 1016	Chondrostoma nasus x Parachondrostoma toxostoma midgut bacterial microbiota, Bau 2015, individual 1016	classification a 25 chromosomes (sept. 2026) : Hy ; depot du 2026-08-31 = Hy (12 chr) pour le nom scientifique, titre et nom commun restes a l'identification morphologique
DURANCE16S_15Bau1016Ch02A	ERS31168805	15Bau1016Ch02A	2015_Bau_1016	host common name	Chondrostoma sp.	nasus x toxostoma	classification a 25 chromosomes (sept. 2026) : Hy ; depot du 2026-08-31 = Hy (12 chr) pour le nom scientifique, titre et nom commun restes a l'identification morphologique
DURANCE16S_15Bau1024Ch02A	ERS31168806	15Bau1024Ch02A	2015_Bau_1024	TITLE	Chondrostoma sp. midgut bacterial microbiota, Bau 2015, individual 1024	Parachondrostoma toxostoma midgut bacterial microbiota, Bau 2015, individual 1024	classification a 25 chromosomes (sept. 2026) : Pt ; depot du 2026-08-31 = Pt (12 chr) pour le nom scientifique, titre et nom commun restes a l'identification morphologique
DURANCE16S_15Bau1024Ch02A	ERS31168806	15Bau1024Ch02A	2015_Bau_1024	host common name	Chondrostoma sp.	toxostome	classification a 25 chromosomes (sept. 2026) : Pt ; depot du 2026-08-31 = Pt (12 chr) pour le nom scientifique, titre et nom commun restes a l'identification morphologique
DURANCE16S_15Jus1007Ch0A	ERS31168807	15Jus1007Ch0A	2015_Jus_1007	TITLE	Chondrostoma sp. midgut bacterial microbiota, Jus 2015, individual 1007	Parachondrostoma toxostoma midgut bacterial microbiota, Jus 2015, individual 1007	classification a 25 chromosomes (sept. 2026) : Pt ; depot du 2026-08-31 = Pt (12 chr) pour le nom scientifique, titre et nom commun restes a l'identification morphologique
DURANCE16S_15Jus1007Ch0A	ERS31168807	15Jus1007Ch0A	2015_Jus_1007	host common name	Chondrostoma sp.	toxostome	classification a 25 chromosomes (sept. 2026) : Pt ; depot du 2026-08-31 = Pt (12 chr) pour le nom scientifique, titre et nom commun restes a l'identification morphologique
DURANCE16S_15Jus1015Ch0A	ERS31168808	15Jus1015Ch0A	2015_Jus_1015	TITLE	Chondrostoma sp. midgut bacterial microbiota, Jus 2015, individual 1015	Chondrostoma nasus midgut bacterial microbiota, Jus 2015, individual 1015	classification a 25 chromosomes (sept. 2026) : Cn ; depot du 2026-08-31 = Cn (12 chr) pour le nom scientifique, titre et nom commun restes a l'identification morphologique
DURANCE16S_15Jus1015Ch0A	ERS31168808	15Jus1015Ch0A	2015_Jus_1015	host common name	Chondrostoma sp.	nase	classification a 25 chromosomes (sept. 2026) : Cn ; depot du 2026-08-31 = Cn (12 chr) pour le nom scientifique, titre et nom commun restes a l'identification morphologique
DURANCE16S_15Caa1004Ch0A	ERS31168809	15Caa1004Ch0A	2015_Caa_1004	TITLE	Chondrostoma sp. midgut bacterial microbiota, Caa 2015, individual 1004	Chondrostoma nasus midgut bacterial microbiota, Caa 2015, individual 1004	classification a 25 chromosomes (sept. 2026) : Cn ; depot du 2026-08-31 = Cn (12 chr) pour le nom scientifique, titre et nom commun restes a l'identification morphologique
DURANCE16S_15Caa1004Ch0A	ERS31168809	15Caa1004Ch0A	2015_Caa_1004	host common name	Chondrostoma sp.	nase	classification a 25 chromosomes (sept. 2026) : Cn ; depot du 2026-08-31 = Cn (12 chr) pour le nom scientifique, titre et nom commun restes a l'identification morphologique
DURANCE16S_15Caa1012Ch0A	ERS31168810	15Caa1012Ch0A	2015_Caa_1012	TITLE	Chondrostoma sp. midgut bacterial microbiota, Caa 2015, individual 1012	Parachondrostoma toxostoma midgut bacterial microbiota, Caa 2015, individual 1012	classification a 25 chromosomes (sept. 2026) : Pt ; depot du 2026-08-31 = Pt (12 chr) pour le nom scientifique, titre et nom commun restes a l'identification morphologique
DURANCE16S_15Caa1012Ch0A	ERS31168810	15Caa1012Ch0A	2015_Caa_1012	host common name	Chondrostoma sp.	toxostome	classification a 25 chromosomes (sept. 2026) : Pt ; depot du 2026-08-31 = Pt (12 chr) pour le nom scientifique, titre et nom commun restes a l'identification morphologique
DURANCE16S_15Caa1020Ch0A	ERS31168811	15Caa1020Ch0A	2015_Caa_1020	TITLE	Chondrostoma sp. midgut bacterial microbiota, Caa 2015, individual 1020	Parachondrostoma toxostoma midgut bacterial microbiota, Caa 2015, individual 1020	classification a 25 chromosomes (sept. 2026) : Pt ; depot du 2026-08-31 = Pt (12 chr) pour le nom scientifique, titre et nom commun restes a l'identification morphologique
DURANCE16S_15Caa1020Ch0A	ERS31168811	15Caa1020Ch0A	2015_Caa_1020	host common name	Chondrostoma sp.	toxostome	classification a 25 chromosomes (sept. 2026) : Pt ; depot du 2026-08-31 = Pt (12 chr) pour le nom scientifique, titre et nom commun restes a l'identification morphologique
DURANCE16S_15Bue1003Ch02A	ERS31168813	15Bue1003Ch02A	2015_Bue_1003	TITLE	Chondrostoma sp. midgut bacterial microbiota, Bue 2015, individual 1003	Chondrostoma nasus midgut bacterial microbiota, Bue 2015, individual 1003	classification a 25 chromosomes (sept. 2026) : Cn ; depot du 2026-08-31 = Cn (12 chr) pour le nom scientifique, titre et nom commun restes a l'identification morphologique
DURANCE16S_15Bue1003Ch02A	ERS31168813	15Bue1003Ch02A	2015_Bue_1003	host common name	Chondrostoma sp.	nase	classification a 25 chromosomes (sept. 2026) : Cn ; depot du 2026-08-31 = Cn (12 chr) pour le nom scientifique, titre et nom commun restes a l'identification morphologique
DURANCE16S_15Bue1011Ch02A	ERS31168814	15Bue1011Ch02A	2015_Bue_1011	TITLE	Chondrostoma sp. midgut bacterial microbiota, Bue 2015, individual 1011	Chondrostoma nasus x Parachondrostoma toxostoma midgut bacterial microbiota, Bue 2015, individual 1011	classification a 25 chromosomes (sept. 2026) : Hy ; depot du 2026-08-31 = Hy (12 chr) pour le nom scientifique, titre et nom commun restes a l'identification morphologique
DURANCE16S_15Bue1011Ch02A	ERS31168814	15Bue1011Ch02A	2015_Bue_1011	host common name	Chondrostoma sp.	nasus x toxostoma	classification a 25 chromosomes (sept. 2026) : Hy ; depot du 2026-08-31 = Hy (12 chr) pour le nom scientifique, titre et nom commun restes a l'identification morphologique
