alias	stem	sample_core	sample_type_ena	sample_type_origine	taxon_name	taxon_id	title	host_scientific_name	host_common_name	host_tissue_sampled	collection_date	geographic_location_country_andor_sea	site_code	host_individual_id	is_control	sample_name_projet	plate	well
DURANCE16S_14Ain1001Cn01A	14Ain1001Cn01A	14Ain1001Cn01A	biological	biological	fish metagenome	496924	Chondrostoma nasus caudal fin bacterial microbiota, Ain 2014, individual 1001	Chondrostoma nasus	nase	caudal fin [UBERON:4000164]	2014	France	Ain	Ain1001	False	14Ain1001Cn01A	1	A01
DURANCE16S_14Ain1038Pt01A	14Ain1038Pt01A	14Ain1038Pt01A	biological	biological	fish metagenome	496924	Parachondrostoma toxostoma caudal fin bacterial microbiota, Ain 2014, individual 1038	Parachondrostoma toxostoma	toxostome	caudal fin [UBERON:4000164]	2014	France	Ain	Ain1038	False	14Ain1038Pt01A	1	A02
DURANCE16S_15Cab1003Ch01A	15Cab1003Ch01A	15Cab1003Ch01A	biological	biological	fish metagenome	496924	Chondrostoma sp. caudal fin bacterial microbiota, Cab 2015, individual 1003	Chondrostoma sp.	Chondrostoma sp.	caudal fin [UBERON:4000164]	2015	France	Cab	Cab1003	False	15Cab1003Ch01A	1	A03
DURANCE16S_15Cab1011Ch01A	15Cab1011Ch01A	15Cab1011Ch01A	biological	biological	fish metagenome	496924	Chondrostoma sp. caudal fin bacterial microbiota, Cab 2015, individual 1011	Chondrostoma sp.	Chondrostoma sp.	caudal fin [UBERON:4000164]	2015	France	Cab	Cab1011	False	15Cab1011Ch01A	1	A04
DURANCE16S_15Cab1019Ch01A	15Cab1019Ch01A	15Cab1019Ch01A	biological	biological	fish metagenome	496924	Chondrostoma sp. caudal fin bacterial microbiota, Cab 2015, individual 1019	Chondrostoma sp.	Chondrostoma sp.	caudal fin [UBERON:4000164]	2015	France	Cab	Cab1019	False	15Cab1019Ch01A	1	A05
DURANCE16S_14Avi1008Cn01A	14Avi1008Cn01A	14Avi1008Cn01A	biological	biological	fish metagenome	496924	Chondrostoma nasus caudal fin bacterial microbiota, Avi 2014, individual 1008	Chondrostoma nasus	nase	caudal fin [UBERON:4000164]	2014	France	Avi	Avi1008	False	14Avi1008Cn01A	1	A06
DURANCE16S_14Bue1005Cn01A	14Bue1005Cn01A	14Bue1005Cn01A	biological	biological	fish metagenome	496924	Chondrostoma nasus caudal fin bacterial microbiota, Bue 2014, individual 1005	Chondrostoma nasus	nase	caudal fin [UBERON:4000164]	2014	France	Bue	Bue1005	False	14Bue1005Cn01A	1	A07
DURANCE16S_14Bue1015Ch01A	14Bue1015Ch01A	14Bue1015Ch01A	biological	biological	fish metagenome	496924	Chondrostoma sp. caudal fin bacterial microbiota, Bue 2014, individual 1015	Chondrostoma sp.	Chondrostoma sp.	caudal fin [UBERON:4000164]	2014	France	Bue	Bue1015	False	14Bue1015Ch01A	1	A08
DURANCE16S_14Man1011Ch01A	14Man1011Ch01A	14Man1011Ch01A	biological	biological	fish metagenome	496924	Chondrostoma sp. caudal fin bacterial microbiota, Man 2014, individual 1011	Chondrostoma sp.	Chondrostoma sp.	caudal fin [UBERON:4000164]	2014	France	Man	Man1011	False	14Man1011Ch01A	1	A09
DURANCE16S_14Man1019Ch01A	14Man1019Ch01A	14Man1019Ch01A	biological	biological	fish metagenome	496924	Chondrostoma sp. caudal fin bacterial microbiota, Man 2014, individual 1019	Chondrostoma sp.	Chondrostoma sp.	caudal fin [UBERON:4000164]	2014	France	Man	Man1019	False	14Man1019Ch01A	1	A10
DURANCE16S_14Per2011Ch01A	14Per2011Ch01A	14Per2011Ch01A	biological	biological	fish metagenome	496924	Chondrostoma sp. caudal fin bacterial microbiota, Per 2014, individual 2011	Chondrostoma sp.	Chondrostoma sp.	caudal fin [UBERON:4000164]	2014	France	Per	Per2011	False	14Per2011Ch01A	1	A11
DURANCE16S_14Per2011Ch01A-bis	14Per2011Ch01A-bis	14Per2011Ch01A-bis	biological	biological	fish metagenome	496924	Chondrostoma sp. caudal fin bacterial microbiota, Per 2014, individual 2011	Chondrostoma sp.	Chondrostoma sp.	caudal fin [UBERON:4000164]	2014	France	Per	Per2011	False	14Per2011Ch01A_bis	1	A12
DURANCE16S_14Ain1002Cn01A	14Ain1002Cn01A	14Ain1002Cn01A	biological	biological	fish metagenome	496924	Chondrostoma nasus caudal fin bacterial microbiota, Ain 2014, individual 1002	Chondrostoma nasus	nase	caudal fin [UBERON:4000164]	2014	France	Ain	Ain1002	False	14Ain1002Cn01A	1	B01
DURANCE16S_14Ain1039Pt01A	14Ain1039Pt01A	14Ain1039Pt01A	biological	biological	fish metagenome	496924	Parachondrostoma toxostoma caudal fin bacterial microbiota, Ain 2014, individual 1039	Parachondrostoma toxostoma	toxostome	caudal fin [UBERON:4000164]	2014	France	Ain	Ain1039	False	14Ain1039Pt01A	1	B02
DURANCE16S_15Cab1004Ch01A	15Cab1004Ch01A	15Cab1004Ch01A	biological	biological	fish metagenome	496924	Chondrostoma sp. caudal fin bacterial microbiota, Cab 2015, individual 1004	Chondrostoma sp.	Chondrostoma sp.	caudal fin [UBERON:4000164]	2015	France	Cab	Cab1004	False	15Cab1004Ch01A	1	B03
DURANCE16S_15Cab1012Ch01A	15Cab1012Ch01A	15Cab1012Ch01A	biological	biological	fish metagenome	496924	Chondrostoma sp. caudal fin bacterial microbiota, Cab 2015, individual 1012	Chondrostoma sp.	Chondrostoma sp.	caudal fin [UBERON:4000164]	2015	France	Cab	Cab1012	False	15Cab1012Ch01A	1	B04
DURANCE16S_14Avi1001Cn01A	14Avi1001Cn01A	14Avi1001Cn01A	biological	biological	fish metagenome	496924	Chondrostoma nasus caudal fin bacterial microbiota, Avi 2014, individual 1001	Chondrostoma nasus	nase	caudal fin [UBERON:4000164]	2014	France	Avi	Avi1001	False	14Avi1001Cn01A	1	B05
DURANCE16S_14Avi1036Cn01A	14Avi1036Cn01A	14Avi1036Cn01A	biological	biological	fish metagenome	496924	Chondrostoma nasus caudal fin bacterial microbiota, Avi 2014, individual 1036	Chondrostoma nasus	nase	caudal fin [UBERON:4000164]	2014	France	Avi	Avi1036	False	14Avi1036Cn01A	1	B06
DURANCE16S_14Bue1006Cn01A	14Bue1006Cn01A	14Bue1006Cn01A	biological	biological	fish metagenome	496924	Chondrostoma nasus caudal fin bacterial microbiota, Bue 2014, individual 1006	Chondrostoma nasus	nase	caudal fin [UBERON:4000164]	2014	France	Bue	Bue1006	False	14Bue1006Cn01A	1	B07
DURANCE16S_14Bue1016Ch01A	14Bue1016Ch01A	14Bue1016Ch01A	biological	biological	fish metagenome	496924	Chondrostoma sp. caudal fin bacterial microbiota, Bue 2014, individual 1016	Chondrostoma sp.	Chondrostoma sp.	caudal fin [UBERON:4000164]	2014	France	Bue	Bue1016	False	14Bue1016Ch01A	1	B08
DURANCE16S_14Man1012Ch01A	14Man1012Ch01A	14Man1012Ch01A	biological	biological	fish metagenome	496924	Chondrostoma sp. caudal fin bacterial microbiota, Man 2014, individual 1012	Chondrostoma sp.	Chondrostoma sp.	caudal fin [UBERON:4000164]	2014	France	Man	Man1012	False	14Man1012Ch01A	1	B09
DURANCE16S_14Man1020Ch01A	14Man1020Ch01A	14Man1020Ch01A	biological	biological	fish metagenome	496924	Chondrostoma sp. caudal fin bacterial microbiota, Man 2014, individual 1020	Chondrostoma sp.	Chondrostoma sp.	caudal fin [UBERON:4000164]	2014	France	Man	Man1020	False	14Man1020Ch01A	1	B10
DURANCE16S_14Per2012Ch01A	14Per2012Ch01A	14Per2012Ch01A	biological	biological	fish metagenome	496924	Chondrostoma sp. caudal fin bacterial microbiota, Per 2014, individual 2012	Chondrostoma sp.	Chondrostoma sp.	caudal fin [UBERON:4000164]	2014	France	Per	Per2012	False	14Per2012Ch01A	1	B11
DURANCE16S_14Per2012Ch01A-bis	14Per2012Ch01A-bis	14Per2012Ch01A-bis	biological	biological	fish metagenome	496924	Chondrostoma sp. caudal fin bacterial microbiota, Per 2014, individual 2012	Chondrostoma sp.	Chondrostoma sp.	caudal fin [UBERON:4000164]	2014	France	Per	Per2012	False	14Per2012Ch01A_bis	1	B12
DURANCE16S_14Ain1011Pt01A	14Ain1011Pt01A	14Ain1011Pt01A	biological	biological	fish metagenome	496924	Parachondrostoma toxostoma caudal fin bacterial microbiota, Ain 2014, individual 1011	Parachondrostoma toxostoma	toxostome	caudal fin [UBERON:4000164]	2014	France	Ain	Ain1011	False	14Ain1011Pt01A	1	C01
DURANCE16S_14Ain1040Pt01A	14Ain1040Pt01A	14Ain1040Pt01A	biological	biological	fish metagenome	496924	Parachondrostoma toxostoma caudal fin bacterial microbiota, Ain 2014, individual 1040	Parachondrostoma toxostoma	toxostome	caudal fin [UBERON:4000164]	2014	France	Ain	Ain1040	False	14Ain1040Pt01A	1	C02
DURANCE16S_15Cab1005Ch01A	15Cab1005Ch01A	15Cab1005Ch01A	biological	biological	fish metagenome	496924	Chondrostoma sp. caudal fin bacterial microbiota, Cab 2015, individual 1005	Chondrostoma sp.	Chondrostoma sp.	caudal fin [UBERON:4000164]	2015	France	Cab	Cab1005	False	15Cab1005Ch01A	1	C03
DURANCE16S_15Cab1013Ch01A	15Cab1013Ch01A	15Cab1013Ch01A	biological	biological	fish metagenome	496924	Chondrostoma sp. caudal fin bacterial microbiota, Cab 2015, individual 1013	Chondrostoma sp.	Chondrostoma sp.	caudal fin [UBERON:4000164]	2015	France	Cab	Cab1013	False	15Cab1013Ch01A	1	C04
DURANCE16S_14Avi1002Cn01A	14Avi1002Cn01A	14Avi1002Cn01A	biological	biological	fish metagenome	496924	Chondrostoma nasus caudal fin bacterial microbiota, Avi 2014, individual 1002	Chondrostoma nasus	nase	caudal fin [UBERON:4000164]	2014	France	Avi	Avi1002	False	14Avi1002Cn01A	1	C05
DURANCE16S_14Avi1037-01A	14Avi1037-01A	14Avi1037-01A	biological	biological	fish metagenome	496924	Chondrostoma nasus caudal fin bacterial microbiota, Avi 2014, individual 1037	Chondrostoma nasus	nase	caudal fin [UBERON:4000164]	2014	France	Avi	Avi1037	False	14Avi1037 01A	1	C06
DURANCE16S_14Bue1007Cn01A	14Bue1007Cn01A	14Bue1007Cn01A	biological	biological	fish metagenome	496924	Chondrostoma nasus caudal fin bacterial microbiota, Bue 2014, individual 1007	Chondrostoma nasus	nase	caudal fin [UBERON:4000164]	2014	France	Bue	Bue1007	False	14Bue1007Cn01A	1	C07
DURANCE16S_14Bue1017Ch01A	14Bue1017Ch01A	14Bue1017Ch01A	biological	biological	fish metagenome	496924	Chondrostoma sp. caudal fin bacterial microbiota, Bue 2014, individual 1017	Chondrostoma sp.	Chondrostoma sp.	caudal fin [UBERON:4000164]	2014	France	Bue	Bue1017	False	14Bue1017Ch01A	1	C08
DURANCE16S_14Man1013Ch01A	14Man1013Ch01A	14Man1013Ch01A	biological	biological	fish metagenome	496924	Chondrostoma sp. caudal fin bacterial microbiota, Man 2014, individual 1013	Chondrostoma sp.	Chondrostoma sp.	caudal fin [UBERON:4000164]	2014	France	Man	Man1013	False	14Man1013Ch01A	1	C09
DURANCE16S_14Man1021Ch01A	14Man1021Ch01A	14Man1021Ch01A	biological	biological	fish metagenome	496924	Chondrostoma sp. caudal fin bacterial microbiota, Man 2014, individual 1021	Chondrostoma sp.	Chondrostoma sp.	caudal fin [UBERON:4000164]	2014	France	Man	Man1021	False	14Man1021Ch01A	1	C10
DURANCE16S_14Per2013Ch01A	14Per2013Ch01A	14Per2013Ch01A	biological	biological	fish metagenome	496924	Chondrostoma sp. caudal fin bacterial microbiota, Per 2014, individual 2013	Chondrostoma sp.	Chondrostoma sp.	caudal fin [UBERON:4000164]	2014	France	Per	Per2013	False	14Per2013Ch01A	1	C11
DURANCE16S_T-1	T-1	T-1	temoin	temoin	blank sample	2582415	no-template PCR control — T-1				missing: control sample	missing: control sample			True	T-1	1	C12
DURANCE16S_14Ain1012Pt01A	14Ain1012Pt01A	14Ain1012Pt01A	biological	biological	fish metagenome	496924	Parachondrostoma toxostoma caudal fin bacterial microbiota, Ain 2014, individual 1012	Parachondrostoma toxostoma	toxostome	caudal fin [UBERON:4000164]	2014	France	Ain	Ain1012	False	14Ain1012Pt01A	1	D01
DURANCE16S_14Ain1041Pt01A	14Ain1041Pt01A	14Ain1041Pt01A	biological	biological	fish metagenome	496924	Parachondrostoma toxostoma caudal fin bacterial microbiota, Ain 2014, individual 1041	Parachondrostoma toxostoma	toxostome	caudal fin [UBERON:4000164]	2014	France	Ain	Ain1041	False	14Ain1041Pt01A	1	D02
DURANCE16S_15Cab1006Ch01A	15Cab1006Ch01A	15Cab1006Ch01A	biological	biological	fish metagenome	496924	Chondrostoma sp. caudal fin bacterial microbiota, Cab 2015, individual 1006	Chondrostoma sp.	Chondrostoma sp.	caudal fin [UBERON:4000164]	2015	France	Cab	Cab1006	False	15Cab1006Ch01A	1	D03
DURANCE16S_15Cab1014Ch01A	15Cab1014Ch01A	15Cab1014Ch01A	biological	biological	fish metagenome	496924	Chondrostoma sp. caudal fin bacterial microbiota, Cab 2015, individual 1014	Chondrostoma sp.	Chondrostoma sp.	caudal fin [UBERON:4000164]	2015	France	Cab	Cab1014	False	15Cab1014Ch01A	1	D04
DURANCE16S_14Avi1003Cn01A	14Avi1003Cn01A	14Avi1003Cn01A	biological	biological	fish metagenome	496924	Chondrostoma nasus caudal fin bacterial microbiota, Avi 2014, individual 1003	Chondrostoma nasus	nase	caudal fin [UBERON:4000164]	2014	France	Avi	Avi1003	False	14Avi1003Cn01A	1	D05
DURANCE16S_14Avi1038Cn01A	14Avi1038Cn01A	14Avi1038Cn01A	biological	biological	fish metagenome	496924	Chondrostoma nasus caudal fin bacterial microbiota, Avi 2014, individual 1038	Chondrostoma nasus	nase	caudal fin [UBERON:4000164]	2014	France	Avi	Avi1038	False	14Avi1038Cn01A	1	D06
DURANCE16S_14Bue1008Cn01A	14Bue1008Cn01A	14Bue1008Cn01A	biological	biological	fish metagenome	496924	Chondrostoma nasus caudal fin bacterial microbiota, Bue 2014, individual 1008	Chondrostoma nasus	nase	caudal fin [UBERON:4000164]	2014	France	Bue	Bue1008	False	14Bue1008Cn01A	1	D07
DURANCE16S_14Bue1018Ch01A	14Bue1018Ch01A	14Bue1018Ch01A	biological	biological	fish metagenome	496924	Chondrostoma sp. caudal fin bacterial microbiota, Bue 2014, individual 1018	Chondrostoma sp.	Chondrostoma sp.	caudal fin [UBERON:4000164]	2014	France	Bue	Bue1018	False	14Bue1018Ch01A	1	D08
DURANCE16S_14Man1014Ch01A	14Man1014Ch01A	14Man1014Ch01A	biological	biological	fish metagenome	496924	Chondrostoma sp. caudal fin bacterial microbiota, Man 2014, individual 1014	Chondrostoma sp.	Chondrostoma sp.	caudal fin [UBERON:4000164]	2014	France	Man	Man1014	False	14Man1014Ch01A	1	D09
DURANCE16S_14Man1022Ch01A	14Man1022Ch01A	14Man1022Ch01A	biological	biological	fish metagenome	496924	Chondrostoma sp. caudal fin bacterial microbiota, Man 2014, individual 1022	Chondrostoma sp.	Chondrostoma sp.	caudal fin [UBERON:4000164]	2014	France	Man	Man1022	False	14Man1022Ch01A	1	D10
DURANCE16S_14Per2014Ch01A	14Per2014Ch01A	14Per2014Ch01A	biological	biological	fish metagenome	496924	Chondrostoma sp. caudal fin bacterial microbiota, Per 2014, individual 2014	Chondrostoma sp.	Chondrostoma sp.	caudal fin [UBERON:4000164]	2014	France	Per	Per2014	False	14Per2014Ch01A	1	D11
DURANCE16S_empty-1	empty-1	empty-1	empty	empty	blank sample	2582415	empty well, no library added (index-hopping monitor) — empty_1				missing: control sample	missing: control sample			True	empty_1	1	D12
DURANCE16S_14Ain1013Pt01A	14Ain1013Pt01A	14Ain1013Pt01A	biological	biological	fish metagenome	496924	Parachondrostoma toxostoma caudal fin bacterial microbiota, Ain 2014, individual 1013	Parachondrostoma toxostoma	toxostome	caudal fin [UBERON:4000164]	2014	France	Ain	Ain1013	False	14Ain1013Pt01A	1	E01
DURANCE16S_14Ain1042Pt01A	14Ain1042Pt01A	14Ain1042Pt01A	biological	biological	fish metagenome	496924	Parachondrostoma toxostoma caudal fin bacterial microbiota, Ain 2014, individual 1042	Parachondrostoma toxostoma	toxostome	caudal fin [UBERON:4000164]	2014	France	Ain	Ain1042	False	14Ain1042Pt01A	1	E02
DURANCE16S_15Cab1007Ch01A	15Cab1007Ch01A	15Cab1007Ch01A	biological	biological	fish metagenome	496924	Chondrostoma sp. caudal fin bacterial microbiota, Cab 2015, individual 1007	Chondrostoma sp.	Chondrostoma sp.	caudal fin [UBERON:4000164]	2015	France	Cab	Cab1007	False	15Cab1007Ch01A	1	E03
DURANCE16S_15Cab1015Ch01A	15Cab1015Ch01A	15Cab1015Ch01A	biological	biological	fish metagenome	496924	Chondrostoma sp. caudal fin bacterial microbiota, Cab 2015, individual 1015	Chondrostoma sp.	Chondrostoma sp.	caudal fin [UBERON:4000164]	2015	France	Cab	Cab1015	False	15Cab1015Ch01A	1	E04
DURANCE16S_14Avi1004Cn01A	14Avi1004Cn01A	14Avi1004Cn01A	biological	biological	fish metagenome	496924	Chondrostoma nasus caudal fin bacterial microbiota, Avi 2014, individual 1004	Chondrostoma nasus	nase	caudal fin [UBERON:4000164]	2014	France	Avi	Avi1004	False	14Avi1004Cn01A	1	E05
DURANCE16S_14Bue1001Cn01A	14Bue1001Cn01A	14Bue1001Cn01A	biological	biological	fish metagenome	496924	Chondrostoma nasus caudal fin bacterial microbiota, Bue 2014, individual 1001	Chondrostoma nasus	nase	caudal fin [UBERON:4000164]	2014	France	Bue	Bue1001	False	14Bue1001Cn01A	1	E06
DURANCE16S_14Bue1011Ch01A	14Bue1011Ch01A	14Bue1011Ch01A	biological	biological	fish metagenome	496924	Chondrostoma sp. caudal fin bacterial microbiota, Bue 2014, individual 1011	Chondrostoma sp.	Chondrostoma sp.	caudal fin [UBERON:4000164]	2014	France	Bue	Bue1011	False	14Bue1011Ch01A	1	E07
DURANCE16S_14Bue1019Ch01A	14Bue1019Ch01A	14Bue1019Ch01A	biological	biological	fish metagenome	496924	Chondrostoma sp. caudal fin bacterial microbiota, Bue 2014, individual 1019	Chondrostoma sp.	Chondrostoma sp.	caudal fin [UBERON:4000164]	2014	France	Bue	Bue1019	False	14Bue1019Ch01A	1	E08
DURANCE16S_14Man1015Ch01A	14Man1015Ch01A	14Man1015Ch01A	biological	biological	fish metagenome	496924	Chondrostoma sp. caudal fin bacterial microbiota, Man 2014, individual 1015	Chondrostoma sp.	Chondrostoma sp.	caudal fin [UBERON:4000164]	2014	France	Man	Man1015	False	14Man1015Ch01A	1	E09
DURANCE16S_14Per1011Ch01A	14Per1011Ch01A	14Per1011Ch01A	biological	biological	fish metagenome	496924	Chondrostoma sp. caudal fin bacterial microbiota, Per 2014, individual 1011	Chondrostoma sp.	Chondrostoma sp.	caudal fin [UBERON:4000164]	2014	France	Per	Per1011	False	14Per1011Ch01A	1	E10
DURANCE16S_14Per2015Ch01A	14Per2015Ch01A	14Per2015Ch01A	biological	biological	fish metagenome	496924	Chondrostoma sp. caudal fin bacterial microbiota, Per 2014, individual 2015	Chondrostoma sp.	Chondrostoma sp.	caudal fin [UBERON:4000164]	2014	France	Per	Per2015	False	14Per2015Ch01A	1	E11
DURANCE16S_empty-2	empty-2	empty-2	empty	empty	blank sample	2582415	empty well, no library added (index-hopping monitor) — empty_2				missing: control sample	missing: control sample			True	empty_2	1	E12
DURANCE16S_14Ain1014Pt01A	14Ain1014Pt01A	14Ain1014Pt01A	biological	biological	fish metagenome	496924	Parachondrostoma toxostoma caudal fin bacterial microbiota, Ain 2014, individual 1014	Parachondrostoma toxostoma	toxostome	caudal fin [UBERON:4000164]	2014	France	Ain	Ain1014	False	14Ain1014Pt01A	1	F01
DURANCE16S_14Ain1043Pt01A	14Ain1043Pt01A	14Ain1043Pt01A	biological	biological	fish metagenome	496924	Parachondrostoma toxostoma caudal fin bacterial microbiota, Ain 2014, individual 1043	Parachondrostoma toxostoma	toxostome	caudal fin [UBERON:4000164]	2014	France	Ain	Ain1043	False	14Ain1043Pt01A	1	F02
DURANCE16S_15Cab1008Ch01A	15Cab1008Ch01A	15Cab1008Ch01A	biological	biological	fish metagenome	496924	Chondrostoma sp. caudal fin bacterial microbiota, Cab 2015, individual 1008	Chondrostoma sp.	Chondrostoma sp.	caudal fin [UBERON:4000164]	2015	France	Cab	Cab1008	False	15Cab1008Ch01A	1	F03
DURANCE16S_15Cab1016Ch01A	15Cab1016Ch01A	15Cab1016Ch01A	biological	biological	fish metagenome	496924	Chondrostoma sp. caudal fin bacterial microbiota, Cab 2015, individual 1016	Chondrostoma sp.	Chondrostoma sp.	caudal fin [UBERON:4000164]	2015	France	Cab	Cab1016	False	15Cab1016Ch01A	1	F04
DURANCE16S_14Avi1005Cn01A	14Avi1005Cn01A	14Avi1005Cn01A	biological	biological	fish metagenome	496924	Chondrostoma nasus caudal fin bacterial microbiota, Avi 2014, individual 1005	Chondrostoma nasus	nase	caudal fin [UBERON:4000164]	2014	France	Avi	Avi1005	False	14Avi1005Cn01A	1	F05
DURANCE16S_14Bue1002Cn01A	14Bue1002Cn01A	14Bue1002Cn01A	biological	biological	fish metagenome	496924	Chondrostoma nasus caudal fin bacterial microbiota, Bue 2014, individual 1002	Chondrostoma nasus	nase	caudal fin [UBERON:4000164]	2014	France	Bue	Bue1002	False	14Bue1002Cn01A	1	F06
DURANCE16S_14Bue1012Ch01A	14Bue1012Ch01A	14Bue1012Ch01A	biological	biological	fish metagenome	496924	Chondrostoma sp. caudal fin bacterial microbiota, Bue 2014, individual 1012	Chondrostoma sp.	Chondrostoma sp.	caudal fin [UBERON:4000164]	2014	France	Bue	Bue1012	False	14Bue1012Ch01A	1	F07
DURANCE16S_14Man1001Cn01A	14Man1001Cn01A	14Man1001Cn01A	biological	biological	fish metagenome	496924	Chondrostoma nasus caudal fin bacterial microbiota, Man 2014, individual 1001	Chondrostoma nasus	nase	caudal fin [UBERON:4000164]	2014	France	Man	Man1001	False	14Man1001Cn01A	1	F08
DURANCE16S_14Man1016Ch01A	14Man1016Ch01A	14Man1016Ch01A	biological	biological	fish metagenome	496924	Chondrostoma sp. caudal fin bacterial microbiota, Man 2014, individual 1016	Chondrostoma sp.	Chondrostoma sp.	caudal fin [UBERON:4000164]	2014	France	Man	Man1016	False	14Man1016Ch01A	1	F09
DURANCE16S_14per1012Ch01A	14per1012Ch01A	14per1012Ch01A	biological	biological	fish metagenome	496924	Chondrostoma sp. caudal fin bacterial microbiota, Per 2014, individual 1012	Chondrostoma sp.	Chondrostoma sp.	caudal fin [UBERON:4000164]	2014	France	Per	Per1012	False	14per1012Ch01A	1	F10
DURANCE16S_Blanc-Caudal	Blanc-Caudal	Blanc-Caudal	blank	blank	blank sample	2582415	DNA extraction blank — Blanc-Caudal				missing: control sample	missing: control sample			True	Blanc-Caudal	1	F11
DURANCE16S_empty-3	empty-3	empty-3	empty	empty	blank sample	2582415	empty well, no library added (index-hopping monitor) — empty_3				missing: control sample	missing: control sample			True	empty_3	1	F12
DURANCE16S_14Ain1036Cn01A	14Ain1036Cn01A	14Ain1036Cn01A	biological	biological	fish metagenome	496924	Chondrostoma nasus caudal fin bacterial microbiota, Ain 2014, individual 1036	Chondrostoma nasus	nase	caudal fin [UBERON:4000164]	2014	France	Ain	Ain1036	False	14Ain1036Cn01A	1	G01
DURANCE16S_15Cab1001Ch01A	15Cab1001Ch01A	15Cab1001Ch01A	biological	biological	fish metagenome	496924	Chondrostoma sp. caudal fin bacterial microbiota, Cab 2015, individual 1001	Chondrostoma sp.	Chondrostoma sp.	caudal fin [UBERON:4000164]	2015	France	Cab	Cab1001	False	15Cab1001Ch01A	1	G02
DURANCE16S_15Cab1009Ch01A	15Cab1009Ch01A	15Cab1009Ch01A	biological	biological	fish metagenome	496924	Chondrostoma sp. caudal fin bacterial microbiota, Cab 2015, individual 1009	Chondrostoma sp.	Chondrostoma sp.	caudal fin [UBERON:4000164]	2015	France	Cab	Cab1009	False	15Cab1009Ch01A	1	G03
DURANCE16S_15Cab1017Ch01A	15Cab1017Ch01A	15Cab1017Ch01A	biological	biological	fish metagenome	496924	Chondrostoma sp. caudal fin bacterial microbiota, Cab 2015, individual 1017	Chondrostoma sp.	Chondrostoma sp.	caudal fin [UBERON:4000164]	2015	France	Cab	Cab1017	False	15Cab1017Ch01A	1	G04
DURANCE16S_14Avi1006Cn01A	14Avi1006Cn01A	14Avi1006Cn01A	biological	biological	fish metagenome	496924	Chondrostoma nasus caudal fin bacterial microbiota, Avi 2014, individual 1006	Chondrostoma nasus	nase	caudal fin [UBERON:4000164]	2014	France	Avi	Avi1006	False	14Avi1006Cn01A	1	G05
DURANCE16S_14Bue1003Cn01A	14Bue1003Cn01A	14Bue1003Cn01A	biological	biological	fish metagenome	496924	Chondrostoma nasus caudal fin bacterial microbiota, Bue 2014, individual 1003	Chondrostoma nasus	nase	caudal fin [UBERON:4000164]	2014	France	Bue	Bue1003	False	14Bue1003Cn01A	1	G06
DURANCE16S_14Bue1013Ch01A	14Bue1013Ch01A	14Bue1013Ch01A	biological	biological	fish metagenome	496924	Chondrostoma sp. caudal fin bacterial microbiota, Bue 2014, individual 1013	Chondrostoma sp.	Chondrostoma sp.	caudal fin [UBERON:4000164]	2014	France	Bue	Bue1013	False	14Bue1013Ch01A	1	G07
DURANCE16S_14Man1002Cn01A	14Man1002Cn01A	14Man1002Cn01A	biological	biological	fish metagenome	496924	Chondrostoma nasus caudal fin bacterial microbiota, Man 2014, individual 1002	Chondrostoma nasus	nase	caudal fin [UBERON:4000164]	2014	France	Man	Man1002	False	14Man1002Cn01A	1	G08
DURANCE16S_14Man1017Ch01A	14Man1017Ch01A	14Man1017Ch01A	biological	biological	fish metagenome	496924	Chondrostoma sp. caudal fin bacterial microbiota, Man 2014, individual 1017	Chondrostoma sp.	Chondrostoma sp.	caudal fin [UBERON:4000164]	2014	France	Man	Man1017	False	14Man1017Ch01A	1	G09
DURANCE16S_14per1013Ch01A	14per1013Ch01A	14per1013Ch01A	biological	biological	fish metagenome	496924	Chondrostoma sp. caudal fin bacterial microbiota, Per 2014, individual 1013	Chondrostoma sp.	Chondrostoma sp.	caudal fin [UBERON:4000164]	2014	France	Per	Per1013	False	14per1013Ch01A	1	G10
DURANCE16S_15Cab1021Ch01A	15Cab1021Ch01A	15Cab1021Ch01A	mock	biological	synthetic metagenome	1235509	ZymoBIOMICS Microbial Community Standard (D6300) [mislabelled as fish sample in plate layout; confirmed mock] — 15Cab1021Ch01A				missing: control sample	missing: control sample			True	15Cab1021Ch01A	1	G11
DURANCE16S_empty-4	empty-4	empty-4	empty	empty	blank sample	2582415	empty well, no library added (index-hopping monitor) — empty_4				missing: control sample	missing: control sample			True	empty_4	1	G12
DURANCE16S_14Ain1037Cn01A	14Ain1037Cn01A	14Ain1037Cn01A	biological	biological	fish metagenome	496924	Chondrostoma nasus caudal fin bacterial microbiota, Ain 2014, individual 1037	Chondrostoma nasus	nase	caudal fin [UBERON:4000164]	2014	France	Ain	Ain1037	False	14Ain1037Cn01A	1	H01
DURANCE16S_15Cab1002Ch01A	15Cab1002Ch01A	15Cab1002Ch01A	biological	biological	fish metagenome	496924	Chondrostoma sp. caudal fin bacterial microbiota, Cab 2015, individual 1002	Chondrostoma sp.	Chondrostoma sp.	caudal fin [UBERON:4000164]	2015	France	Cab	Cab1002	False	15Cab1002Ch01A	1	H02
DURANCE16S_15Cab1010Ch01A	15Cab1010Ch01A	15Cab1010Ch01A	biological	biological	fish metagenome	496924	Chondrostoma sp. caudal fin bacterial microbiota, Cab 2015, individual 1010	Chondrostoma sp.	Chondrostoma sp.	caudal fin [UBERON:4000164]	2015	France	Cab	Cab1010	False	15Cab1010Ch01A	1	H03
DURANCE16S_15Cab1018Ch01A	15Cab1018Ch01A	15Cab1018Ch01A	biological	biological	fish metagenome	496924	Chondrostoma sp. caudal fin bacterial microbiota, Cab 2015, individual 1018	Chondrostoma sp.	Chondrostoma sp.	caudal fin [UBERON:4000164]	2015	France	Cab	Cab1018	False	15Cab1018Ch01A	1	H04
DURANCE16S_14Avi1007Cn01A	14Avi1007Cn01A	14Avi1007Cn01A	biological	biological	fish metagenome	496924	Chondrostoma nasus caudal fin bacterial microbiota, Avi 2014, individual 1007	Chondrostoma nasus	nase	caudal fin [UBERON:4000164]	2014	France	Avi	Avi1007	False	14Avi1007Cn01A	1	H05
DURANCE16S_14Bue1004Cn01A	14Bue1004Cn01A	14Bue1004Cn01A	biological	biological	fish metagenome	496924	Chondrostoma nasus caudal fin bacterial microbiota, Bue 2014, individual 1004	Chondrostoma nasus	nase	caudal fin [UBERON:4000164]	2014	France	Bue	Bue1004	False	14Bue1004Cn01A	1	H06
DURANCE16S_14Bue1014Ch01A	14Bue1014Ch01A	14Bue1014Ch01A	biological	biological	fish metagenome	496924	Chondrostoma sp. caudal fin bacterial microbiota, Bue 2014, individual 1014	Chondrostoma sp.	Chondrostoma sp.	caudal fin [UBERON:4000164]	2014	France	Bue	Bue1014	False	14Bue1014Ch01A	1	H07
DURANCE16S_14Man1010Cn01A	14Man1010Cn01A	14Man1010Cn01A	biological	biological	fish metagenome	496924	Chondrostoma nasus caudal fin bacterial microbiota, Man 2014, individual 1010	Chondrostoma nasus	nase	caudal fin [UBERON:4000164]	2014	France	Man	Man1010	False	14Man1010Cn01A	1	H08
DURANCE16S_14Man1018Ch01A	14Man1018Ch01A	14Man1018Ch01A	biological	biological	fish metagenome	496924	Chondrostoma sp. caudal fin bacterial microbiota, Man 2014, individual 1018	Chondrostoma sp.	Chondrostoma sp.	caudal fin [UBERON:4000164]	2014	France	Man	Man1018	False	14Man1018Ch01A	1	H09
DURANCE16S_14per1014Ch01A	14per1014Ch01A	14per1014Ch01A	biological	biological	fish metagenome	496924	Chondrostoma sp. caudal fin bacterial microbiota, Per 2014, individual 1014	Chondrostoma sp.	Chondrostoma sp.	caudal fin [UBERON:4000164]	2014	France	Per	Per1014	False	14per1014Ch01A	1	H10
DURANCE16S_15Cab1022Ch01A	15Cab1022Ch01A	15Cab1022Ch01A	mock	biological	synthetic metagenome	1235509	ZymoBIOMICS Microbial Community Standard (D6300) [mislabelled as fish sample in plate layout; confirmed mock] — 15Cab1022Ch01A				missing: control sample	missing: control sample			True	15Cab1022Ch01A	1	H11
DURANCE16S_empty-5	empty-5	empty-5	empty	empty	blank sample	2582415	empty well, no library added (index-hopping monitor) — empty_5				missing: control sample	missing: control sample			True	empty_5	1	H12
DURANCE16S_15Bau1001Ch01A	15Bau1001Ch01A	15Bau1001Ch01A	biological	biological	fish metagenome	496924	Chondrostoma sp. caudal fin bacterial microbiota, Bau 2015, individual 1001	Chondrostoma sp.	Chondrostoma sp.	caudal fin [UBERON:4000164]	2015	France	Bau	Bau1001	False	15Bau1001Ch01A	2	A01
DURANCE16S_15Bau1009Ch01A	15Bau1009Ch01A	15Bau1009Ch01A	biological	biological	fish metagenome	496924	Chondrostoma sp. caudal fin bacterial microbiota, Bau 2015, individual 1009	Chondrostoma sp.	Chondrostoma sp.	caudal fin [UBERON:4000164]	2015	France	Bau	Bau1009	False	15Bau1009Ch01A	2	A02
DURANCE16S_15Bau1017Ch01A	15Bau1017Ch01A	15Bau1017Ch01A	biological	biological	fish metagenome	496924	Chondrostoma sp. caudal fin bacterial microbiota, Bau 2015, individual 1017	Chondrostoma sp.	Chondrostoma sp.	caudal fin [UBERON:4000164]	2015	France	Bau	Bau1017	False	15Bau1017Ch01A	2	A03
DURANCE16S_15Bau1025Ch01A	15Bau1025Ch01A	15Bau1025Ch01A	biological	biological	fish metagenome	496924	Chondrostoma sp. caudal fin bacterial microbiota, Bau 2015, individual 1025	Chondrostoma sp.	Chondrostoma sp.	caudal fin [UBERON:4000164]	2015	France	Bau	Bau1025	False	15Bau1025Ch01A	2	A04
DURANCE16S_15Jus1008Ch01A	15Jus1008Ch01A	15Jus1008Ch01A	biological	biological	fish metagenome	496924	Chondrostoma sp. caudal fin bacterial microbiota, Jus 2015, individual 1008	Chondrostoma sp.	Chondrostoma sp.	caudal fin [UBERON:4000164]	2015	France	Jus	Jus1008	False	15Jus1008Ch01A	2	A05
DURANCE16S_15Jus1016Ch01A	15Jus1016Ch01A	15Jus1016Ch01A	biological	biological	fish metagenome	496924	Chondrostoma sp. caudal fin bacterial microbiota, Jus 2015, individual 1016	Chondrostoma sp.	Chondrostoma sp.	caudal fin [UBERON:4000164]	2015	France	Jus	Jus1016	False	15Jus1016Ch01A	2	A06
DURANCE16S_15Caa1005Ch01A	15Caa1005Ch01A	15Caa1005Ch01A	biological	biological	fish metagenome	496924	Chondrostoma sp. caudal fin bacterial microbiota, Caa 2015, individual 1005	Chondrostoma sp.	Chondrostoma sp.	caudal fin [UBERON:4000164]	2015	France	Caa	Caa1005	False	15Caa1005Ch01A	2	A07
DURANCE16S_15Caa1013Ch01A	15Caa1013Ch01A	15Caa1013Ch01A	biological	biological	fish metagenome	496924	Chondrostoma sp. caudal fin bacterial microbiota, Caa 2015, individual 1013	Chondrostoma sp.	Chondrostoma sp.	caudal fin [UBERON:4000164]	2015	France	Caa	Caa1013	False	15Caa1013Ch01A	2	A08
DURANCE16S_15Avi1001Cn01A	15Avi1001Cn01A	15Avi1001Cn01A	biological	biological	fish metagenome	496924	Chondrostoma nasus caudal fin bacterial microbiota, Avi 2015, individual 1001	Chondrostoma nasus	nase	caudal fin [UBERON:4000164]	2015	France	Avi	Avi1001	False	15Avi1001Cn01A	2	A09
DURANCE16S_15Avi1009Cn01A	15Avi1009Cn01A	15Avi1009Cn01A	biological	biological	fish metagenome	496924	Chondrostoma nasus caudal fin bacterial microbiota, Avi 2015, individual 1009	Chondrostoma nasus	nase	caudal fin [UBERON:4000164]	2015	France	Avi	Avi1009	False	15Avi1009Cn01A	2	A10
DURANCE16S_15Bue1004Ch01A	15Bue1004Ch01A	15Bue1004Ch01A	biological	biological	fish metagenome	496924	Chondrostoma sp. caudal fin bacterial microbiota, Bue 2015, individual 1004	Chondrostoma sp.	Chondrostoma sp.	caudal fin [UBERON:4000164]	2015	France	Bue	Bue1004	False	15Bue1004Ch01A	2	A11
DURANCE16S_15Bue1012Ch01A	15Bue1012Ch01A	15Bue1012Ch01A	biological	biological	fish metagenome	496924	Chondrostoma sp. caudal fin bacterial microbiota, Bue 2015, individual 1012	Chondrostoma sp.	Chondrostoma sp.	caudal fin [UBERON:4000164]	2015	France	Bue	Bue1012	False	15Bue1012Ch01A	2	A12
DURANCE16S_15Bau1002Ch01A	15Bau1002Ch01A	15Bau1002Ch01A	biological	biological	fish metagenome	496924	Chondrostoma sp. caudal fin bacterial microbiota, Bau 2015, individual 1002	Chondrostoma sp.	Chondrostoma sp.	caudal fin [UBERON:4000164]	2015	France	Bau	Bau1002	False	15Bau1002Ch01A	2	B01
DURANCE16S_15Bau1010Ch01A	15Bau1010Ch01A	15Bau1010Ch01A	biological	biological	fish metagenome	496924	Chondrostoma sp. caudal fin bacterial microbiota, Bau 2015, individual 1010	Chondrostoma sp.	Chondrostoma sp.	caudal fin [UBERON:4000164]	2015	France	Bau	Bau1010	False	15Bau1010Ch01A	2	B02
DURANCE16S_15Bau1018Ch01A	15Bau1018Ch01A	15Bau1018Ch01A	biological	biological	fish metagenome	496924	Chondrostoma sp. caudal fin bacterial microbiota, Bau 2015, individual 1018	Chondrostoma sp.	Chondrostoma sp.	caudal fin [UBERON:4000164]	2015	France	Bau	Bau1018	False	15Bau1018Ch01A	2	B03
DURANCE16S_15Jus1001Ch01A	15Jus1001Ch01A	15Jus1001Ch01A	biological	biological	fish metagenome	496924	Chondrostoma sp. caudal fin bacterial microbiota, Jus 2015, individual 1001	Chondrostoma sp.	Chondrostoma sp.	caudal fin [UBERON:4000164]	2015	France	Jus	Jus1001	False	15Jus1001Ch01A	2	B04
DURANCE16S_15Jus1009Ch01A	15Jus1009Ch01A	15Jus1009Ch01A	biological	biological	fish metagenome	496924	Chondrostoma sp. caudal fin bacterial microbiota, Jus 2015, individual 1009	Chondrostoma sp.	Chondrostoma sp.	caudal fin [UBERON:4000164]	2015	France	Jus	Jus1009	False	15Jus1009Ch01A	2	B05
DURANCE16S_15Jus1017Ch01A	15Jus1017Ch01A	15Jus1017Ch01A	biological	biological	fish metagenome	496924	Chondrostoma sp. caudal fin bacterial microbiota, Jus 2015, individual 1017	Chondrostoma sp.	Chondrostoma sp.	caudal fin [UBERON:4000164]	2015	France	Jus	Jus1017	False	15Jus1017Ch01A	2	B06
DURANCE16S_15Caa1006Ch01A	15Caa1006Ch01A	15Caa1006Ch01A	biological	biological	fish metagenome	496924	Chondrostoma sp. caudal fin bacterial microbiota, Caa 2015, individual 1006	Chondrostoma sp.	Chondrostoma sp.	caudal fin [UBERON:4000164]	2015	France	Caa	Caa1006	False	15Caa1006Ch01A	2	B07
DURANCE16S_15Caa1014Ch01A	15Caa1014Ch01A	15Caa1014Ch01A	biological	biological	fish metagenome	496924	Chondrostoma sp. caudal fin bacterial microbiota, Caa 2015, individual 1014	Chondrostoma sp.	Chondrostoma sp.	caudal fin [UBERON:4000164]	2015	France	Caa	Caa1014	False	15Caa1014Ch01A	2	B08
DURANCE16S_15Avi1002Cn01A	15Avi1002Cn01A	15Avi1002Cn01A	biological	biological	fish metagenome	496924	Chondrostoma nasus caudal fin bacterial microbiota, Avi 2015, individual 1002	Chondrostoma nasus	nase	caudal fin [UBERON:4000164]	2015	France	Avi	Avi1002	False	15Avi1002Cn01A	2	B09
DURANCE16S_15Avi1010Cn01A	15Avi1010Cn01A	15Avi1010Cn01A	biological	biological	fish metagenome	496924	Chondrostoma nasus caudal fin bacterial microbiota, Avi 2015, individual 1010	Chondrostoma nasus	nase	caudal fin [UBERON:4000164]	2015	France	Avi	Avi1010	False	15Avi1010Cn01A	2	B10
DURANCE16S_15Bue1005Ch01A	15Bue1005Ch01A	15Bue1005Ch01A	biological	biological	fish metagenome	496924	Chondrostoma sp. caudal fin bacterial microbiota, Bue 2015, individual 1005	Chondrostoma sp.	Chondrostoma sp.	caudal fin [UBERON:4000164]	2015	France	Bue	Bue1005	False	15Bue1005Ch01A	2	B11
DURANCE16S_15Bue1013Ch01A	15Bue1013Ch01A	15Bue1013Ch01A	biological	biological	fish metagenome	496924	Chondrostoma sp. caudal fin bacterial microbiota, Bue 2015, individual 1013	Chondrostoma sp.	Chondrostoma sp.	caudal fin [UBERON:4000164]	2015	France	Bue	Bue1013	False	15Bue1013Ch01A	2	B12
DURANCE16S_15Bau1003Ch01A	15Bau1003Ch01A	15Bau1003Ch01A	biological	biological	fish metagenome	496924	Chondrostoma sp. caudal fin bacterial microbiota, Bau 2015, individual 1003	Chondrostoma sp.	Chondrostoma sp.	caudal fin [UBERON:4000164]	2015	France	Bau	Bau1003	False	15Bau1003Ch01A	2	C01
DURANCE16S_15Bau1011Ch01A	15Bau1011Ch01A	15Bau1011Ch01A	biological	biological	fish metagenome	496924	Chondrostoma sp. caudal fin bacterial microbiota, Bau 2015, individual 1011	Chondrostoma sp.	Chondrostoma sp.	caudal fin [UBERON:4000164]	2015	France	Bau	Bau1011	False	15Bau1011Ch01A	2	C02
DURANCE16S_15Bau1019Ch01A	15Bau1019Ch01A	15Bau1019Ch01A	biological	biological	fish metagenome	496924	Chondrostoma sp. caudal fin bacterial microbiota, Bau 2015, individual 1019	Chondrostoma sp.	Chondrostoma sp.	caudal fin [UBERON:4000164]	2015	France	Bau	Bau1019	False	15Bau1019Ch01A	2	C03
DURANCE16S_15Jus1002Ch01A	15Jus1002Ch01A	15Jus1002Ch01A	biological	biological	fish metagenome	496924	Chondrostoma sp. caudal fin bacterial microbiota, Jus 2015, individual 1002	Chondrostoma sp.	Chondrostoma sp.	caudal fin [UBERON:4000164]	2015	France	Jus	Jus1002	False	15Jus1002Ch01A	2	C04
DURANCE16S_15Jus1010Ch01A	15Jus1010Ch01A	15Jus1010Ch01A	biological	biological	fish metagenome	496924	Chondrostoma sp. caudal fin bacterial microbiota, Jus 2015, individual 1010	Chondrostoma sp.	Chondrostoma sp.	caudal fin [UBERON:4000164]	2015	France	Jus	Jus1010	False	15Jus1010Ch01A	2	C05
DURANCE16S_15Jus1018Ch01A	15Jus1018Ch01A	15Jus1018Ch01A	biological	biological	fish metagenome	496924	Chondrostoma sp. caudal fin bacterial microbiota, Jus 2015, individual 1018	Chondrostoma sp.	Chondrostoma sp.	caudal fin [UBERON:4000164]	2015	France	Jus	Jus1018	False	15Jus1018Ch01A	2	C06
DURANCE16S_15Caa1007Ch01A	15Caa1007Ch01A	15Caa1007Ch01A	biological	biological	fish metagenome	496924	Chondrostoma sp. caudal fin bacterial microbiota, Caa 2015, individual 1007	Chondrostoma sp.	Chondrostoma sp.	caudal fin [UBERON:4000164]	2015	France	Caa	Caa1007	False	15Caa1007Ch01A	2	C07
DURANCE16S_15Caa1015Ch01A	15Caa1015Ch01A	15Caa1015Ch01A	biological	biological	fish metagenome	496924	Chondrostoma sp. caudal fin bacterial microbiota, Caa 2015, individual 1015	Chondrostoma sp.	Chondrostoma sp.	caudal fin [UBERON:4000164]	2015	France	Caa	Caa1015	False	15Caa1015Ch01A	2	C08
DURANCE16S_15Avi1003Cn01A	15Avi1003Cn01A	15Avi1003Cn01A	biological	biological	fish metagenome	496924	Chondrostoma nasus caudal fin bacterial microbiota, Avi 2015, individual 1003	Chondrostoma nasus	nase	caudal fin [UBERON:4000164]	2015	France	Avi	Avi1003	False	15Avi1003Cn01A	2	C09
DURANCE16S_15Avi1011Cn01A	15Avi1011Cn01A	15Avi1011Cn01A	biological	biological	fish metagenome	496924	Chondrostoma nasus caudal fin bacterial microbiota, Avi 2015, individual 1011	Chondrostoma nasus	nase	caudal fin [UBERON:4000164]	2015	France	Avi	Avi1011	False	15Avi1011Cn01A	2	C10
DURANCE16S_15Bue1006Ch01A	15Bue1006Ch01A	15Bue1006Ch01A	biological	biological	fish metagenome	496924	Chondrostoma sp. caudal fin bacterial microbiota, Bue 2015, individual 1006	Chondrostoma sp.	Chondrostoma sp.	caudal fin [UBERON:4000164]	2015	France	Bue	Bue1006	False	15Bue1006Ch01A	2	C11
DURANCE16S_15Bue1014Ch01A	15Bue1014Ch01A	15Bue1014Ch01A	biological	biological	fish metagenome	496924	Chondrostoma sp. caudal fin bacterial microbiota, Bue 2015, individual 1014	Chondrostoma sp.	Chondrostoma sp.	caudal fin [UBERON:4000164]	2015	France	Bue	Bue1014	False	15Bue1014Ch01A	2	C12
DURANCE16S_15Bau1004Ch01A	15Bau1004Ch01A	15Bau1004Ch01A	biological	biological	fish metagenome	496924	Chondrostoma sp. caudal fin bacterial microbiota, Bau 2015, individual 1004	Chondrostoma sp.	Chondrostoma sp.	caudal fin [UBERON:4000164]	2015	France	Bau	Bau1004	False	15Bau1004Ch01A	2	D01
DURANCE16S_15Bau1012Ch01A	15Bau1012Ch01A	15Bau1012Ch01A	biological	biological	fish metagenome	496924	Chondrostoma sp. caudal fin bacterial microbiota, Bau 2015, individual 1012	Chondrostoma sp.	Chondrostoma sp.	caudal fin [UBERON:4000164]	2015	France	Bau	Bau1012	False	15Bau1012Ch01A	2	D02
DURANCE16S_15Bau1020Ch01A	15Bau1020Ch01A	15Bau1020Ch01A	biological	biological	fish metagenome	496924	Chondrostoma sp. caudal fin bacterial microbiota, Bau 2015, individual 1020	Chondrostoma sp.	Chondrostoma sp.	caudal fin [UBERON:4000164]	2015	France	Bau	Bau1020	False	15Bau1020Ch01A	2	D03
DURANCE16S_15Jus1003Ch01A	15Jus1003Ch01A	15Jus1003Ch01A	biological	biological	fish metagenome	496924	Chondrostoma sp. caudal fin bacterial microbiota, Jus 2015, individual 1003	Chondrostoma sp.	Chondrostoma sp.	caudal fin [UBERON:4000164]	2015	France	Jus	Jus1003	False	15Jus1003Ch01A	2	D04
DURANCE16S_15Jus1011Ch01A	15Jus1011Ch01A	15Jus1011Ch01A	biological	biological	fish metagenome	496924	Chondrostoma sp. caudal fin bacterial microbiota, Jus 2015, individual 1011	Chondrostoma sp.	Chondrostoma sp.	caudal fin [UBERON:4000164]	2015	France	Jus	Jus1011	False	15Jus1011Ch01A	2	D05
DURANCE16S_15Jus1019Ch01A	15Jus1019Ch01A	15Jus1019Ch01A	biological	biological	fish metagenome	496924	Chondrostoma sp. caudal fin bacterial microbiota, Jus 2015, individual 1019	Chondrostoma sp.	Chondrostoma sp.	caudal fin [UBERON:4000164]	2015	France	Jus	Jus1019	False	15Jus1019Ch01A	2	D06
DURANCE16S_15Caa1008Ch01A	15Caa1008Ch01A	15Caa1008Ch01A	biological	biological	fish metagenome	496924	Chondrostoma sp. caudal fin bacterial microbiota, Caa 2015, individual 1008	Chondrostoma sp.	Chondrostoma sp.	caudal fin [UBERON:4000164]	2015	France	Caa	Caa1008	False	15Caa1008Ch01A	2	D07
DURANCE16S_15Caa1016Ch01A	15Caa1016Ch01A	15Caa1016Ch01A	biological	biological	fish metagenome	496924	Chondrostoma sp. caudal fin bacterial microbiota, Caa 2015, individual 1016	Chondrostoma sp.	Chondrostoma sp.	caudal fin [UBERON:4000164]	2015	France	Caa	Caa1016	False	15Caa1016Ch01A	2	D08
DURANCE16S_15Avi1004Cn01A	15Avi1004Cn01A	15Avi1004Cn01A	biological	biological	fish metagenome	496924	Chondrostoma nasus caudal fin bacterial microbiota, Avi 2015, individual 1004	Chondrostoma nasus	nase	caudal fin [UBERON:4000164]	2015	France	Avi	Avi1004	False	15Avi1004Cn01A	2	D09
DURANCE16S_15Avi1012Pt01A	15Avi1012Pt01A	15Avi1012Pt01A	biological	biological	fish metagenome	496924	Parachondrostoma toxostoma caudal fin bacterial microbiota, Avi 2015, individual 1012	Parachondrostoma toxostoma	toxostome	caudal fin [UBERON:4000164]	2015	France	Avi	Avi1012	False	15Avi1012Pt01A	2	D10
DURANCE16S_15Bue1007Ch01A	15Bue1007Ch01A	15Bue1007Ch01A	biological	biological	fish metagenome	496924	Chondrostoma sp. caudal fin bacterial microbiota, Bue 2015, individual 1007	Chondrostoma sp.	Chondrostoma sp.	caudal fin [UBERON:4000164]	2015	France	Bue	Bue1007	False	15Bue1007Ch01A	2	D11
DURANCE16S_15Bue1015Ch01A	15Bue1015Ch01A	15Bue1015Ch01A	biological	biological	fish metagenome	496924	Chondrostoma sp. caudal fin bacterial microbiota, Bue 2015, individual 1015	Chondrostoma sp.	Chondrostoma sp.	caudal fin [UBERON:4000164]	2015	France	Bue	Bue1015	False	15Bue1015Ch01A	2	D12
DURANCE16S_15Bau1005Ch01A	15Bau1005Ch01A	15Bau1005Ch01A	biological	biological	fish metagenome	496924	Chondrostoma sp. caudal fin bacterial microbiota, Bau 2015, individual 1005	Chondrostoma sp.	Chondrostoma sp.	caudal fin [UBERON:4000164]	2015	France	Bau	Bau1005	False	15Bau1005Ch01A	2	E01
DURANCE16S_15Bau1013Ch01A	15Bau1013Ch01A	15Bau1013Ch01A	biological	biological	fish metagenome	496924	Chondrostoma sp. caudal fin bacterial microbiota, Bau 2015, individual 1013	Chondrostoma sp.	Chondrostoma sp.	caudal fin [UBERON:4000164]	2015	France	Bau	Bau1013	False	15Bau1013Ch01A	2	E02
DURANCE16S_15Bau1021Ch01A	15Bau1021Ch01A	15Bau1021Ch01A	biological	biological	fish metagenome	496924	Chondrostoma sp. caudal fin bacterial microbiota, Bau 2015, individual 1021	Chondrostoma sp.	Chondrostoma sp.	caudal fin [UBERON:4000164]	2015	France	Bau	Bau1021	False	15Bau1021Ch01A	2	E03
DURANCE16S_15Jus1004Ch01A	15Jus1004Ch01A	15Jus1004Ch01A	biological	biological	fish metagenome	496924	Chondrostoma sp. caudal fin bacterial microbiota, Jus 2015, individual 1004	Chondrostoma sp.	Chondrostoma sp.	caudal fin [UBERON:4000164]	2015	France	Jus	Jus1004	False	15Jus1004Ch01A	2	E04
DURANCE16S_15Jus1012Ch01A	15Jus1012Ch01A	15Jus1012Ch01A	biological	biological	fish metagenome	496924	Chondrostoma sp. caudal fin bacterial microbiota, Jus 2015, individual 1012	Chondrostoma sp.	Chondrostoma sp.	caudal fin [UBERON:4000164]	2015	France	Jus	Jus1012	False	15Jus1012Ch01A	2	E05
DURANCE16S_15Caa1001Ch01A	15Caa1001Ch01A	15Caa1001Ch01A	biological	biological	fish metagenome	496924	Chondrostoma sp. caudal fin bacterial microbiota, Caa 2015, individual 1001	Chondrostoma sp.	Chondrostoma sp.	caudal fin [UBERON:4000164]	2015	France	Caa	Caa1001	False	15Caa1001Ch01A	2	E06
DURANCE16S_15Caa1009Ch01A	15Caa1009Ch01A	15Caa1009Ch01A	biological	biological	fish metagenome	496924	Chondrostoma sp. caudal fin bacterial microbiota, Caa 2015, individual 1009	Chondrostoma sp.	Chondrostoma sp.	caudal fin [UBERON:4000164]	2015	France	Caa	Caa1009	False	15Caa1009Ch01A	2	E07
DURANCE16S_15Caa1017Ch01A	15Caa1017Ch01A	15Caa1017Ch01A	biological	biological	fish metagenome	496924	Chondrostoma sp. caudal fin bacterial microbiota, Caa 2015, individual 1017	Chondrostoma sp.	Chondrostoma sp.	caudal fin [UBERON:4000164]	2015	France	Caa	Caa1017	False	15Caa1017Ch01A	2	E08
DURANCE16S_15Avi1005Cn01A	15Avi1005Cn01A	15Avi1005Cn01A	biological	biological	fish metagenome	496924	Chondrostoma nasus caudal fin bacterial microbiota, Avi 2015, individual 1005	Chondrostoma nasus	nase	caudal fin [UBERON:4000164]	2015	France	Avi	Avi1005	False	15Avi1005Cn01A	2	E09
DURANCE16S_15Avi1013Pt01A	15Avi1013Pt01A	15Avi1013Pt01A	biological	biological	fish metagenome	496924	Parachondrostoma toxostoma caudal fin bacterial microbiota, Avi 2015, individual 1013	Parachondrostoma toxostoma	toxostome	caudal fin [UBERON:4000164]	2015	France	Avi	Avi1013	False	15Avi1013Pt01A	2	E10
DURANCE16S_15Bue1008Ch01A	15Bue1008Ch01A	15Bue1008Ch01A	biological	biological	fish metagenome	496924	Chondrostoma sp. caudal fin bacterial microbiota, Bue 2015, individual 1008	Chondrostoma sp.	Chondrostoma sp.	caudal fin [UBERON:4000164]	2015	France	Bue	Bue1008	False	15Bue1008Ch01A	2	E11
DURANCE16S_15Bue1016Ch01A	15Bue1016Ch01A	15Bue1016Ch01A	biological	biological	fish metagenome	496924	Chondrostoma sp. caudal fin bacterial microbiota, Bue 2015, individual 1016	Chondrostoma sp.	Chondrostoma sp.	caudal fin [UBERON:4000164]	2015	France	Bue	Bue1016	False	15Bue1016Ch01A	2	E12
DURANCE16S_15Bau1006Ch01A	15Bau1006Ch01A	15Bau1006Ch01A	biological	biological	fish metagenome	496924	Chondrostoma sp. caudal fin bacterial microbiota, Bau 2015, individual 1006	Chondrostoma sp.	Chondrostoma sp.	caudal fin [UBERON:4000164]	2015	France	Bau	Bau1006	False	15Bau1006Ch01A	2	F01
DURANCE16S_15Bau1014Ch01A	15Bau1014Ch01A	15Bau1014Ch01A	biological	biological	fish metagenome	496924	Chondrostoma sp. caudal fin bacterial microbiota, Bau 2015, individual 1014	Chondrostoma sp.	Chondrostoma sp.	caudal fin [UBERON:4000164]	2015	France	Bau	Bau1014	False	15Bau1014Ch01A	2	F02
DURANCE16S_15Bau1022Ch01A	15Bau1022Ch01A	15Bau1022Ch01A	biological	biological	fish metagenome	496924	Chondrostoma sp. caudal fin bacterial microbiota, Bau 2015, individual 1022	Chondrostoma sp.	Chondrostoma sp.	caudal fin [UBERON:4000164]	2015	France	Bau	Bau1022	False	15Bau1022Ch01A	2	F03
DURANCE16S_15Jus1005Ch01A	15Jus1005Ch01A	15Jus1005Ch01A	biological	biological	fish metagenome	496924	Chondrostoma sp. caudal fin bacterial microbiota, Jus 2015, individual 1005	Chondrostoma sp.	Chondrostoma sp.	caudal fin [UBERON:4000164]	2015	France	Jus	Jus1005	False	15Jus1005Ch01A	2	F04
DURANCE16S_15Jus1013Ch01A	15Jus1013Ch01A	15Jus1013Ch01A	biological	biological	fish metagenome	496924	Chondrostoma sp. caudal fin bacterial microbiota, Jus 2015, individual 1013	Chondrostoma sp.	Chondrostoma sp.	caudal fin [UBERON:4000164]	2015	France	Jus	Jus1013	False	15Jus1013Ch01A	2	F05
DURANCE16S_15Caa1002Ch01A	15Caa1002Ch01A	15Caa1002Ch01A	biological	biological	fish metagenome	496924	Chondrostoma sp. caudal fin bacterial microbiota, Caa 2015, individual 1002	Chondrostoma sp.	Chondrostoma sp.	caudal fin [UBERON:4000164]	2015	France	Caa	Caa1002	False	15Caa1002Ch01A	2	F06
DURANCE16S_15Caa1010Ch01A	15Caa1010Ch01A	15Caa1010Ch01A	biological	biological	fish metagenome	496924	Chondrostoma sp. caudal fin bacterial microbiota, Caa 2015, individual 1010	Chondrostoma sp.	Chondrostoma sp.	caudal fin [UBERON:4000164]	2015	France	Caa	Caa1010	False	15Caa1010Ch01A	2	F07
DURANCE16S_15Caa1018Ch01A	15Caa1018Ch01A	15Caa1018Ch01A	biological	biological	fish metagenome	496924	Chondrostoma sp. caudal fin bacterial microbiota, Caa 2015, individual 1018	Chondrostoma sp.	Chondrostoma sp.	caudal fin [UBERON:4000164]	2015	France	Caa	Caa1018	False	15Caa1018Ch01A	2	F08
DURANCE16S_15Avi1006Cn01A	15Avi1006Cn01A	15Avi1006Cn01A	biological	biological	fish metagenome	496924	Chondrostoma nasus caudal fin bacterial microbiota, Avi 2015, individual 1006	Chondrostoma nasus	nase	caudal fin [UBERON:4000164]	2015	France	Avi	Avi1006	False	15Avi1006Cn01A	2	F09
DURANCE16S_15Bue1001Ch01A	15Bue1001Ch01A	15Bue1001Ch01A	biological	biological	fish metagenome	496924	Chondrostoma sp. caudal fin bacterial microbiota, Bue 2015, individual 1001	Chondrostoma sp.	Chondrostoma sp.	caudal fin [UBERON:4000164]	2015	France	Bue	Bue1001	False	15Bue1001Ch01A	2	F10
DURANCE16S_15Bue1009Ch01A	15Bue1009Ch01A	15Bue1009Ch01A	biological	biological	fish metagenome	496924	Chondrostoma sp. caudal fin bacterial microbiota, Bue 2015, individual 1009	Chondrostoma sp.	Chondrostoma sp.	caudal fin [UBERON:4000164]	2015	France	Bue	Bue1009	False	15Bue1009Ch01A	2	F11
DURANCE16S_15Bue1017Ch01A	15Bue1017Ch01A	15Bue1017Ch01A	biological	biological	fish metagenome	496924	Chondrostoma sp. caudal fin bacterial microbiota, Bue 2015, individual 1017	Chondrostoma sp.	Chondrostoma sp.	caudal fin [UBERON:4000164]	2015	France	Bue	Bue1017	False	15Bue1017Ch01A	2	F12
DURANCE16S_15Bau1007Ch01A	15Bau1007Ch01A	15Bau1007Ch01A	biological	biological	fish metagenome	496924	Chondrostoma sp. caudal fin bacterial microbiota, Bau 2015, individual 1007	Chondrostoma sp.	Chondrostoma sp.	caudal fin [UBERON:4000164]	2015	France	Bau	Bau1007	False	15Bau1007Ch01A	2	G01
DURANCE16S_15Bau1015Ch01A	15Bau1015Ch01A	15Bau1015Ch01A	biological	biological	fish metagenome	496924	Chondrostoma sp. caudal fin bacterial microbiota, Bau 2015, individual 1015	Chondrostoma sp.	Chondrostoma sp.	caudal fin [UBERON:4000164]	2015	France	Bau	Bau1015	False	15Bau1015Ch01A	2	G02
DURANCE16S_15Bau1023Ch01A	15Bau1023Ch01A	15Bau1023Ch01A	biological	biological	fish metagenome	496924	Chondrostoma sp. caudal fin bacterial microbiota, Bau 2015, individual 1023	Chondrostoma sp.	Chondrostoma sp.	caudal fin [UBERON:4000164]	2015	France	Bau	Bau1023	False	15Bau1023Ch01A	2	G03
DURANCE16S_15Jus1006Ch01A	15Jus1006Ch01A	15Jus1006Ch01A	biological	biological	fish metagenome	496924	Chondrostoma sp. caudal fin bacterial microbiota, Jus 2015, individual 1006	Chondrostoma sp.	Chondrostoma sp.	caudal fin [UBERON:4000164]	2015	France	Jus	Jus1006	False	15Jus1006Ch01A	2	G04
DURANCE16S_15Jus1014Ch01A	15Jus1014Ch01A	15Jus1014Ch01A	biological	biological	fish metagenome	496924	Chondrostoma sp. caudal fin bacterial microbiota, Jus 2015, individual 1014	Chondrostoma sp.	Chondrostoma sp.	caudal fin [UBERON:4000164]	2015	France	Jus	Jus1014	False	15Jus1014Ch01A	2	G05
DURANCE16S_15Caa1003Ch01A	15Caa1003Ch01A	15Caa1003Ch01A	biological	biological	fish metagenome	496924	Chondrostoma sp. caudal fin bacterial microbiota, Caa 2015, individual 1003	Chondrostoma sp.	Chondrostoma sp.	caudal fin [UBERON:4000164]	2015	France	Caa	Caa1003	False	15Caa1003Ch01A	2	G06
DURANCE16S_15Caa1011Ch01A	15Caa1011Ch01A	15Caa1011Ch01A	biological	biological	fish metagenome	496924	Chondrostoma sp. caudal fin bacterial microbiota, Caa 2015, individual 1011	Chondrostoma sp.	Chondrostoma sp.	caudal fin [UBERON:4000164]	2015	France	Caa	Caa1011	False	15Caa1011Ch01A	2	G07
DURANCE16S_15Caa1019Ch01A	15Caa1019Ch01A	15Caa1019Ch01A	biological	biological	fish metagenome	496924	Chondrostoma sp. caudal fin bacterial microbiota, Caa 2015, individual 1019	Chondrostoma sp.	Chondrostoma sp.	caudal fin [UBERON:4000164]	2015	France	Caa	Caa1019	False	15Caa1019Ch01A	2	G08
DURANCE16S_15Avi1007Cn01A	15Avi1007Cn01A	15Avi1007Cn01A	biological	biological	fish metagenome	496924	Chondrostoma nasus caudal fin bacterial microbiota, Avi 2015, individual 1007	Chondrostoma nasus	nase	caudal fin [UBERON:4000164]	2015	France	Avi	Avi1007	False	15Avi1007Cn01A	2	G09
DURANCE16S_15Bue1002Ch01A	15Bue1002Ch01A	15Bue1002Ch01A	biological	biological	fish metagenome	496924	Chondrostoma sp. caudal fin bacterial microbiota, Bue 2015, individual 1002	Chondrostoma sp.	Chondrostoma sp.	caudal fin [UBERON:4000164]	2015	France	Bue	Bue1002	False	15Bue1002Ch01A	2	G10
DURANCE16S_15Bue1010Ch01A	15Bue1010Ch01A	15Bue1010Ch01A	biological	biological	fish metagenome	496924	Chondrostoma sp. caudal fin bacterial microbiota, Bue 2015, individual 1010	Chondrostoma sp.	Chondrostoma sp.	caudal fin [UBERON:4000164]	2015	France	Bue	Bue1010	False	15Bue1010Ch01A	2	G11
DURANCE16S_15Bue1018Ch01A	15Bue1018Ch01A	15Bue1018Ch01A	biological	biological	fish metagenome	496924	Chondrostoma sp. caudal fin bacterial microbiota, Bue 2015, individual 1018	Chondrostoma sp.	Chondrostoma sp.	caudal fin [UBERON:4000164]	2015	France	Bue	Bue1018	False	15Bue1018Ch01A	2	G12
DURANCE16S_15Bau1008Ch01A	15Bau1008Ch01A	15Bau1008Ch01A	biological	biological	fish metagenome	496924	Chondrostoma sp. caudal fin bacterial microbiota, Bau 2015, individual 1008	Chondrostoma sp.	Chondrostoma sp.	caudal fin [UBERON:4000164]	2015	France	Bau	Bau1008	False	15Bau1008Ch01A	2	H01
DURANCE16S_15Bau1016Ch01A	15Bau1016Ch01A	15Bau1016Ch01A	biological	biological	fish metagenome	496924	Chondrostoma sp. caudal fin bacterial microbiota, Bau 2015, individual 1016	Chondrostoma sp.	Chondrostoma sp.	caudal fin [UBERON:4000164]	2015	France	Bau	Bau1016	False	15Bau1016Ch01A	2	H02
DURANCE16S_15Bau1024Ch01A	15Bau1024Ch01A	15Bau1024Ch01A	biological	biological	fish metagenome	496924	Chondrostoma sp. caudal fin bacterial microbiota, Bau 2015, individual 1024	Chondrostoma sp.	Chondrostoma sp.	caudal fin [UBERON:4000164]	2015	France	Bau	Bau1024	False	15Bau1024Ch01A	2	H03
DURANCE16S_15Jus1007Ch01A	15Jus1007Ch01A	15Jus1007Ch01A	biological	biological	fish metagenome	496924	Chondrostoma sp. caudal fin bacterial microbiota, Jus 2015, individual 1007	Chondrostoma sp.	Chondrostoma sp.	caudal fin [UBERON:4000164]	2015	France	Jus	Jus1007	False	15Jus1007Ch01A	2	H04
DURANCE16S_15Jus1015Ch01A	15Jus1015Ch01A	15Jus1015Ch01A	biological	biological	fish metagenome	496924	Chondrostoma sp. caudal fin bacterial microbiota, Jus 2015, individual 1015	Chondrostoma sp.	Chondrostoma sp.	caudal fin [UBERON:4000164]	2015	France	Jus	Jus1015	False	15Jus1015Ch01A	2	H05
DURANCE16S_15Caa1004Ch01A	15Caa1004Ch01A	15Caa1004Ch01A	biological	biological	fish metagenome	496924	Chondrostoma sp. caudal fin bacterial microbiota, Caa 2015, individual 1004	Chondrostoma sp.	Chondrostoma sp.	caudal fin [UBERON:4000164]	2015	France	Caa	Caa1004	False	15Caa1004Ch01A	2	H06
DURANCE16S_15Caa1012Ch01A	15Caa1012Ch01A	15Caa1012Ch01A	biological	biological	fish metagenome	496924	Chondrostoma sp. caudal fin bacterial microbiota, Caa 2015, individual 1012	Chondrostoma sp.	Chondrostoma sp.	caudal fin [UBERON:4000164]	2015	France	Caa	Caa1012	False	15Caa1012Ch01A	2	H07
DURANCE16S_15Caa1020Ch01A	15Caa1020Ch01A	15Caa1020Ch01A	biological	biological	fish metagenome	496924	Chondrostoma sp. caudal fin bacterial microbiota, Caa 2015, individual 1020	Chondrostoma sp.	Chondrostoma sp.	caudal fin [UBERON:4000164]	2015	France	Caa	Caa1020	False	15Caa1020Ch01A	2	H08
DURANCE16S_15Avi1008Cn01A	15Avi1008Cn01A	15Avi1008Cn01A	biological	biological	fish metagenome	496924	Chondrostoma nasus caudal fin bacterial microbiota, Avi 2015, individual 1008	Chondrostoma nasus	nase	caudal fin [UBERON:4000164]	2015	France	Avi	Avi1008	False	15Avi1008Cn01A	2	H09
DURANCE16S_15Bue1003Ch01A	15Bue1003Ch01A	15Bue1003Ch01A	biological	biological	fish metagenome	496924	Chondrostoma sp. caudal fin bacterial microbiota, Bue 2015, individual 1003	Chondrostoma sp.	Chondrostoma sp.	caudal fin [UBERON:4000164]	2015	France	Bue	Bue1003	False	15Bue1003Ch01A	2	H10
DURANCE16S_15Bue1011Ch01A	15Bue1011Ch01A	15Bue1011Ch01A	biological	biological	fish metagenome	496924	Chondrostoma sp. caudal fin bacterial microbiota, Bue 2015, individual 1011	Chondrostoma sp.	Chondrostoma sp.	caudal fin [UBERON:4000164]	2015	France	Bue	Bue1011	False	15Bue1011Ch01A	2	H11
DURANCE16S_T-2	T-2	T-2	temoin	temoin	blank sample	2582415	no-template PCR control — T-2				missing: control sample	missing: control sample			True	T-2	2	H12
DURANCE16S_14Ain1001Cn05A	14Ain1001Cn05A	14Ain1001Cn05A	biological	biological	gill metagenome	1455666	Chondrostoma nasus gill bacterial microbiota, Ain 2014, individual 1001	Chondrostoma nasus	nase	gill [UBERON:0002535]	2014	France	Ain	Ain1001	False	14Ain1001Cn05A	3	A01
DURANCE16S_14Ain1038Pt05A	14Ain1038Pt05A	14Ain1038Pt05A	biological	biological	gill metagenome	1455666	Parachondrostoma toxostoma gill bacterial microbiota, Ain 2014, individual 1038	Parachondrostoma toxostoma	toxostome	gill [UBERON:0002535]	2014	France	Ain	Ain1038	False	14Ain1038Pt05A	3	A02
DURANCE16S_15Cab1003Ch05A	15Cab1003Ch05A	15Cab1003Ch05A	biological	biological	gill metagenome	1455666	Chondrostoma sp. gill bacterial microbiota, Cab 2015, individual 1003	Chondrostoma sp.	Chondrostoma sp.	gill [UBERON:0002535]	2015	France	Cab	Cab1003	False	15Cab1003Ch05A	3	A03
DURANCE16S_15Cab1011Ch05A	15Cab1011Ch05A	15Cab1011Ch05A	biological	biological	gill metagenome	1455666	Chondrostoma sp. gill bacterial microbiota, Cab 2015, individual 1011	Chondrostoma sp.	Chondrostoma sp.	gill [UBERON:0002535]	2015	France	Cab	Cab1011	False	15Cab1011Ch05A	3	A04
DURANCE16S_15Cab1019Ch05A	15Cab1019Ch05A	15Cab1019Ch05A	biological	biological	gill metagenome	1455666	Chondrostoma sp. gill bacterial microbiota, Cab 2015, individual 1019	Chondrostoma sp.	Chondrostoma sp.	gill [UBERON:0002535]	2015	France	Cab	Cab1019	False	15Cab1019Ch05A	3	A05
DURANCE16S_14Avi1008Cn05A	14Avi1008Cn05A	14Avi1008Cn05A	biological	biological	gill metagenome	1455666	Chondrostoma nasus gill bacterial microbiota, Avi 2014, individual 1008	Chondrostoma nasus	nase	gill [UBERON:0002535]	2014	France	Avi	Avi1008	False	14Avi1008Cn05A	3	A06
DURANCE16S_14Bue1005Cn05A	14Bue1005Cn05A	14Bue1005Cn05A	biological	biological	gill metagenome	1455666	Chondrostoma nasus gill bacterial microbiota, Bue 2014, individual 1005	Chondrostoma nasus	nase	gill [UBERON:0002535]	2014	France	Bue	Bue1005	False	14Bue1005Cn05A	3	A07
DURANCE16S_14Bue1014Ch05A	14Bue1014Ch05A	14Bue1014Ch05A	biological	biological	gill metagenome	1455666	Chondrostoma sp. gill bacterial microbiota, Bue 2014, individual 1014	Chondrostoma sp.	Chondrostoma sp.	gill [UBERON:0002535]	2014	France	Bue	Bue1014	False	14Bue1014Ch05A	3	A08
DURANCE16S_14Man1011Ch05A	14Man1011Ch05A	14Man1011Ch05A	biological	biological	gill metagenome	1455666	Chondrostoma sp. gill bacterial microbiota, Man 2014, individual 1011	Chondrostoma sp.	Chondrostoma sp.	gill [UBERON:0002535]	2014	France	Man	Man1011	False	14Man1011Ch05A	3	A09
DURANCE16S_14Man1019Ch05A	14Man1019Ch05A	14Man1019Ch05A	biological	biological	gill metagenome	1455666	Chondrostoma sp. gill bacterial microbiota, Man 2014, individual 1019	Chondrostoma sp.	Chondrostoma sp.	gill [UBERON:0002535]	2014	France	Man	Man1019	False	14Man1019Ch05A	3	A10
DURANCE16S_14Per2011Ch05A	14Per2011Ch05A	14Per2011Ch05A	biological	biological	gill metagenome	1455666	Chondrostoma sp. gill bacterial microbiota, Per 2014, individual 2011	Chondrostoma sp.	Chondrostoma sp.	gill [UBERON:0002535]	2014	France	Per	Per2011	False	14Per2011Ch05A	3	A11
DURANCE16S_14Per2011Ch05A-bis	14Per2011Ch05A-bis	14Per2011Ch05A-bis	biological	biological	gill metagenome	1455666	Chondrostoma sp. gill bacterial microbiota, Per 2014, individual 2011	Chondrostoma sp.	Chondrostoma sp.	gill [UBERON:0002535]	2014	France	Per	Per2011	False	14Per2011Ch05A_bis	3	A12
DURANCE16S_14Ain1002Cn05A	14Ain1002Cn05A	14Ain1002Cn05A	biological	biological	gill metagenome	1455666	Chondrostoma nasus gill bacterial microbiota, Ain 2014, individual 1002	Chondrostoma nasus	nase	gill [UBERON:0002535]	2014	France	Ain	Ain1002	False	14Ain1002Cn05A	3	B01
DURANCE16S_14Ain1039Pt05A	14Ain1039Pt05A	14Ain1039Pt05A	biological	biological	gill metagenome	1455666	Parachondrostoma toxostoma gill bacterial microbiota, Ain 2014, individual 1039	Parachondrostoma toxostoma	toxostome	gill [UBERON:0002535]	2014	France	Ain	Ain1039	False	14Ain1039Pt05A	3	B02
DURANCE16S_15Cab1004Ch05A	15Cab1004Ch05A	15Cab1004Ch05A	biological	biological	gill metagenome	1455666	Chondrostoma sp. gill bacterial microbiota, Cab 2015, individual 1004	Chondrostoma sp.	Chondrostoma sp.	gill [UBERON:0002535]	2015	France	Cab	Cab1004	False	15Cab1004Ch05A	3	B03
DURANCE16S_15Cab1012Ch05A	15Cab1012Ch05A	15Cab1012Ch05A	biological	biological	gill metagenome	1455666	Chondrostoma sp. gill bacterial microbiota, Cab 2015, individual 1012	Chondrostoma sp.	Chondrostoma sp.	gill [UBERON:0002535]	2015	France	Cab	Cab1012	False	15Cab1012Ch05A	3	B04
DURANCE16S_14Avi1001Cn05A	14Avi1001Cn05A	14Avi1001Cn05A	biological	biological	gill metagenome	1455666	Chondrostoma nasus gill bacterial microbiota, Avi 2014, individual 1001	Chondrostoma nasus	nase	gill [UBERON:0002535]	2014	France	Avi	Avi1001	False	14Avi1001Cn05A	3	B05
DURANCE16S_14Avi1036Cn05A	14Avi1036Cn05A	14Avi1036Cn05A	biological	biological	gill metagenome	1455666	Chondrostoma nasus gill bacterial microbiota, Avi 2014, individual 1036	Chondrostoma nasus	nase	gill [UBERON:0002535]	2014	France	Avi	Avi1036	False	14Avi1036Cn05A	3	B06
DURANCE16S_14Bue1006Cn05A	14Bue1006Cn05A	14Bue1006Cn05A	biological	biological	gill metagenome	1455666	Chondrostoma nasus gill bacterial microbiota, Bue 2014, individual 1006	Chondrostoma nasus	nase	gill [UBERON:0002535]	2014	France	Bue	Bue1006	False	14Bue1006Cn05A	3	B07
DURANCE16S_14Bue1015Ch05A	14Bue1015Ch05A	14Bue1015Ch05A	biological	biological	gill metagenome	1455666	Chondrostoma sp. gill bacterial microbiota, Bue 2014, individual 1015	Chondrostoma sp.	Chondrostoma sp.	gill [UBERON:0002535]	2014	France	Bue	Bue1015	False	14Bue1015Ch05A	3	B08
DURANCE16S_14Man1012Ch05A	14Man1012Ch05A	14Man1012Ch05A	biological	biological	gill metagenome	1455666	Chondrostoma sp. gill bacterial microbiota, Man 2014, individual 1012	Chondrostoma sp.	Chondrostoma sp.	gill [UBERON:0002535]	2014	France	Man	Man1012	False	14Man1012Ch05A	3	B09
DURANCE16S_14Man1020Ch05A	14Man1020Ch05A	14Man1020Ch05A	biological	biological	gill metagenome	1455666	Chondrostoma sp. gill bacterial microbiota, Man 2014, individual 1020	Chondrostoma sp.	Chondrostoma sp.	gill [UBERON:0002535]	2014	France	Man	Man1020	False	14Man1020Ch05A	3	B10
DURANCE16S_14Per2012Ch05A	14Per2012Ch05A	14Per2012Ch05A	biological	biological	gill metagenome	1455666	Chondrostoma sp. gill bacterial microbiota, Per 2014, individual 2012	Chondrostoma sp.	Chondrostoma sp.	gill [UBERON:0002535]	2014	France	Per	Per2012	False	14Per2012Ch05A	3	B11
DURANCE16S_14Per2012Ch05A-bis	14Per2012Ch05A-bis	14Per2012Ch05A-bis	biological	biological	gill metagenome	1455666	Chondrostoma sp. gill bacterial microbiota, Per 2014, individual 2012	Chondrostoma sp.	Chondrostoma sp.	gill [UBERON:0002535]	2014	France	Per	Per2012	False	14Per2012Ch05A_bis	3	B12
DURANCE16S_14Ain1011Pt05A	14Ain1011Pt05A	14Ain1011Pt05A	biological	biological	gill metagenome	1455666	Parachondrostoma toxostoma gill bacterial microbiota, Ain 2014, individual 1011	Parachondrostoma toxostoma	toxostome	gill [UBERON:0002535]	2014	France	Ain	Ain1011	False	14Ain1011Pt05A	3	C01
DURANCE16S_14Ain1040Pt05A	14Ain1040Pt05A	14Ain1040Pt05A	biological	biological	gill metagenome	1455666	Parachondrostoma toxostoma gill bacterial microbiota, Ain 2014, individual 1040	Parachondrostoma toxostoma	toxostome	gill [UBERON:0002535]	2014	France	Ain	Ain1040	False	14Ain1040Pt05A	3	C02
DURANCE16S_15Cab1005Ch05A	15Cab1005Ch05A	15Cab1005Ch05A	biological	biological	gill metagenome	1455666	Chondrostoma sp. gill bacterial microbiota, Cab 2015, individual 1005	Chondrostoma sp.	Chondrostoma sp.	gill [UBERON:0002535]	2015	France	Cab	Cab1005	False	15Cab1005Ch05A	3	C03
DURANCE16S_15Cab1013Ch05A	15Cab1013Ch05A	15Cab1013Ch05A	biological	biological	gill metagenome	1455666	Chondrostoma sp. gill bacterial microbiota, Cab 2015, individual 1013	Chondrostoma sp.	Chondrostoma sp.	gill [UBERON:0002535]	2015	France	Cab	Cab1013	False	15Cab1013Ch05A	3	C04
DURANCE16S_14Avi1002Cn05A	14Avi1002Cn05A	14Avi1002Cn05A	biological	biological	gill metagenome	1455666	Chondrostoma nasus gill bacterial microbiota, Avi 2014, individual 1002	Chondrostoma nasus	nase	gill [UBERON:0002535]	2014	France	Avi	Avi1002	False	14Avi1002Cn05A	3	C05
DURANCE16S_14Avi1037Cn05A	14Avi1037Cn05A	14Avi1037Cn05A	biological	biological	gill metagenome	1455666	Chondrostoma nasus gill bacterial microbiota, Avi 2014, individual 1037	Chondrostoma nasus	nase	gill [UBERON:0002535]	2014	France	Avi	Avi1037	False	14Avi1037Cn05A	3	C06
DURANCE16S_14Bue1006Cn05Abis	14Bue1006Cn05Abis	14Bue1006Cn05Abis	biological	biological	gill metagenome	1455666	Chondrostoma nasus gill bacterial microbiota, Bue 2014, individual 1006	Chondrostoma nasus	nase	gill [UBERON:0002535]	2014	France	Bue	Bue1006	False	14Bue1006Cn05Abis	3	C07
DURANCE16S_14Bue1017Ch05A	14Bue1017Ch05A	14Bue1017Ch05A	biological	biological	gill metagenome	1455666	Chondrostoma sp. gill bacterial microbiota, Bue 2014, individual 1017	Chondrostoma sp.	Chondrostoma sp.	gill [UBERON:0002535]	2014	France	Bue	Bue1017	False	14Bue1017Ch05A	3	C08
DURANCE16S_14Man1013Ch05A	14Man1013Ch05A	14Man1013Ch05A	biological	biological	gill metagenome	1455666	Chondrostoma sp. gill bacterial microbiota, Man 2014, individual 1013	Chondrostoma sp.	Chondrostoma sp.	gill [UBERON:0002535]	2014	France	Man	Man1013	False	14Man1013Ch05A	3	C09
DURANCE16S_14Man1021Ch05A	14Man1021Ch05A	14Man1021Ch05A	biological	biological	gill metagenome	1455666	Chondrostoma sp. gill bacterial microbiota, Man 2014, individual 1021	Chondrostoma sp.	Chondrostoma sp.	gill [UBERON:0002535]	2014	France	Man	Man1021	False	14Man1021Ch05A	3	C10
DURANCE16S_14Per2013Ch05A	14Per2013Ch05A	14Per2013Ch05A	biological	biological	gill metagenome	1455666	Chondrostoma sp. gill bacterial microbiota, Per 2014, individual 2013	Chondrostoma sp.	Chondrostoma sp.	gill [UBERON:0002535]	2014	France	Per	Per2013	False	14Per2013Ch05A	3	C11
DURANCE16S_empty-6	empty-6	empty-6	empty	empty	blank sample	2582415	empty well, no library added (index-hopping monitor) — empty_6				missing: control sample	missing: control sample			True	empty_6	3	C12
DURANCE16S_14Ain1012Pt05A	14Ain1012Pt05A	14Ain1012Pt05A	biological	biological	gill metagenome	1455666	Parachondrostoma toxostoma gill bacterial microbiota, Ain 2014, individual 1012	Parachondrostoma toxostoma	toxostome	gill [UBERON:0002535]	2014	France	Ain	Ain1012	False	14Ain1012Pt05A	3	D01
DURANCE16S_14Ain1041Pt05A	14Ain1041Pt05A	14Ain1041Pt05A	biological	biological	gill metagenome	1455666	Parachondrostoma toxostoma gill bacterial microbiota, Ain 2014, individual 1041	Parachondrostoma toxostoma	toxostome	gill [UBERON:0002535]	2014	France	Ain	Ain1041	False	14Ain1041Pt05A	3	D02
DURANCE16S_15Cab1006Ch05A	15Cab1006Ch05A	15Cab1006Ch05A	biological	biological	gill metagenome	1455666	Chondrostoma sp. gill bacterial microbiota, Cab 2015, individual 1006	Chondrostoma sp.	Chondrostoma sp.	gill [UBERON:0002535]	2015	France	Cab	Cab1006	False	15Cab1006Ch05A	3	D03
DURANCE16S_15Cab1014Ch05A	15Cab1014Ch05A	15Cab1014Ch05A	biological	biological	gill metagenome	1455666	Chondrostoma sp. gill bacterial microbiota, Cab 2015, individual 1014	Chondrostoma sp.	Chondrostoma sp.	gill [UBERON:0002535]	2015	France	Cab	Cab1014	False	15Cab1014Ch05A	3	D04
DURANCE16S_14Avi1003Cn05A	14Avi1003Cn05A	14Avi1003Cn05A	biological	biological	gill metagenome	1455666	Chondrostoma nasus gill bacterial microbiota, Avi 2014, individual 1003	Chondrostoma nasus	nase	gill [UBERON:0002535]	2014	France	Avi	Avi1003	False	14Avi1003Cn05A	3	D05
DURANCE16S_14Avi1038Cn05A	14Avi1038Cn05A	14Avi1038Cn05A	biological	biological	gill metagenome	1455666	Chondrostoma nasus gill bacterial microbiota, Avi 2014, individual 1038	Chondrostoma nasus	nase	gill [UBERON:0002535]	2014	France	Avi	Avi1038	False	14Avi1038Cn05A	3	D06
DURANCE16S_14Bue1007Cn05A	14Bue1007Cn05A	14Bue1007Cn05A	biological	biological	gill metagenome	1455666	Chondrostoma nasus gill bacterial microbiota, Bue 2014, individual 1007	Chondrostoma nasus	nase	gill [UBERON:0002535]	2014	France	Bue	Bue1007	False	14Bue1007Cn05A	3	D07
DURANCE16S_14Bue1018Ch05A	14Bue1018Ch05A	14Bue1018Ch05A	biological	biological	gill metagenome	1455666	Chondrostoma sp. gill bacterial microbiota, Bue 2014, individual 1018	Chondrostoma sp.	Chondrostoma sp.	gill [UBERON:0002535]	2014	France	Bue	Bue1018	False	14Bue1018Ch05A	3	D08
DURANCE16S_14Man1014Ch05A	14Man1014Ch05A	14Man1014Ch05A	biological	biological	gill metagenome	1455666	Chondrostoma sp. gill bacterial microbiota, Man 2014, individual 1014	Chondrostoma sp.	Chondrostoma sp.	gill [UBERON:0002535]	2014	France	Man	Man1014	False	14Man1014Ch05A	3	D09
DURANCE16S_14Man1022Ch05A	14Man1022Ch05A	14Man1022Ch05A	biological	biological	gill metagenome	1455666	Chondrostoma sp. gill bacterial microbiota, Man 2014, individual 1022	Chondrostoma sp.	Chondrostoma sp.	gill [UBERON:0002535]	2014	France	Man	Man1022	False	14Man1022Ch05A	3	D10
DURANCE16S_14Per2014Ch05A	14Per2014Ch05A	14Per2014Ch05A	biological	biological	gill metagenome	1455666	Chondrostoma sp. gill bacterial microbiota, Per 2014, individual 2014	Chondrostoma sp.	Chondrostoma sp.	gill [UBERON:0002535]	2014	France	Per	Per2014	False	14Per2014Ch05A	3	D11
DURANCE16S_empty-7	empty-7	empty-7	empty	empty	blank sample	2582415	empty well, no library added (index-hopping monitor) — empty_7				missing: control sample	missing: control sample			True	empty_7	3	D12
DURANCE16S_14Ain1013Pt05A	14Ain1013Pt05A	14Ain1013Pt05A	biological	biological	gill metagenome	1455666	Parachondrostoma toxostoma gill bacterial microbiota, Ain 2014, individual 1013	Parachondrostoma toxostoma	toxostome	gill [UBERON:0002535]	2014	France	Ain	Ain1013	False	14Ain1013Pt05A	3	E01
DURANCE16S_14Ain1042Pt05A	14Ain1042Pt05A	14Ain1042Pt05A	biological	biological	gill metagenome	1455666	Parachondrostoma toxostoma gill bacterial microbiota, Ain 2014, individual 1042	Parachondrostoma toxostoma	toxostome	gill [UBERON:0002535]	2014	France	Ain	Ain1042	False	14Ain1042Pt05A	3	E02
DURANCE16S_15Cab1007Ch05A	15Cab1007Ch05A	15Cab1007Ch05A	biological	biological	gill metagenome	1455666	Chondrostoma sp. gill bacterial microbiota, Cab 2015, individual 1007	Chondrostoma sp.	Chondrostoma sp.	gill [UBERON:0002535]	2015	France	Cab	Cab1007	False	15Cab1007Ch05A	3	E03
DURANCE16S_15Cab1015Ch05A	15Cab1015Ch05A	15Cab1015Ch05A	biological	biological	gill metagenome	1455666	Chondrostoma sp. gill bacterial microbiota, Cab 2015, individual 1015	Chondrostoma sp.	Chondrostoma sp.	gill [UBERON:0002535]	2015	France	Cab	Cab1015	False	15Cab1015Ch05A	3	E04
DURANCE16S_14Avi1004Cn05A	14Avi1004Cn05A	14Avi1004Cn05A	biological	biological	gill metagenome	1455666	Chondrostoma nasus gill bacterial microbiota, Avi 2014, individual 1004	Chondrostoma nasus	nase	gill [UBERON:0002535]	2014	France	Avi	Avi1004	False	14Avi1004Cn05A	3	E05
DURANCE16S_14Bue1001Cn05A	14Bue1001Cn05A	14Bue1001Cn05A	biological	biological	gill metagenome	1455666	Chondrostoma nasus gill bacterial microbiota, Bue 2014, individual 1001	Chondrostoma nasus	nase	gill [UBERON:0002535]	2014	France	Bue	Bue1001	False	14Bue1001Cn05A	3	E06
DURANCE16S_14Bue1008Cn05A	14Bue1008Cn05A	14Bue1008Cn05A	biological	biological	gill metagenome	1455666	Chondrostoma nasus gill bacterial microbiota, Bue 2014, individual 1008	Chondrostoma nasus	nase	gill [UBERON:0002535]	2014	France	Bue	Bue1008	False	14Bue1008Cn05A	3	E07
DURANCE16S_14Bue1019Ch05A	14Bue1019Ch05A	14Bue1019Ch05A	biological	biological	gill metagenome	1455666	Chondrostoma sp. gill bacterial microbiota, Bue 2014, individual 1019	Chondrostoma sp.	Chondrostoma sp.	gill [UBERON:0002535]	2014	France	Bue	Bue1019	False	14Bue1019Ch05A	3	E08
DURANCE16S_14Man1015Ch05A	14Man1015Ch05A	14Man1015Ch05A	biological	biological	gill metagenome	1455666	Chondrostoma sp. gill bacterial microbiota, Man 2014, individual 1015	Chondrostoma sp.	Chondrostoma sp.	gill [UBERON:0002535]	2014	France	Man	Man1015	False	14Man1015Ch05A	3	E09
DURANCE16S_14Per1011Ch05A	14Per1011Ch05A	14Per1011Ch05A	biological	biological	gill metagenome	1455666	Chondrostoma sp. gill bacterial microbiota, Per 2014, individual 1011	Chondrostoma sp.	Chondrostoma sp.	gill [UBERON:0002535]	2014	France	Per	Per1011	False	14Per1011Ch05A	3	E10
DURANCE16S_14Per2015Ch05A	14Per2015Ch05A	14Per2015Ch05A	biological	biological	gill metagenome	1455666	Chondrostoma sp. gill bacterial microbiota, Per 2014, individual 2015	Chondrostoma sp.	Chondrostoma sp.	gill [UBERON:0002535]	2014	France	Per	Per2015	False	14Per2015Ch05A	3	E11
DURANCE16S_empty-8	empty-8	empty-8	empty	empty	blank sample	2582415	empty well, no library added (index-hopping monitor) — empty_8				missing: control sample	missing: control sample			True	empty_8	3	E12
DURANCE16S_14Ain1014Pt05A	14Ain1014Pt05A	14Ain1014Pt05A	biological	biological	gill metagenome	1455666	Parachondrostoma toxostoma gill bacterial microbiota, Ain 2014, individual 1014	Parachondrostoma toxostoma	toxostome	gill [UBERON:0002535]	2014	France	Ain	Ain1014	False	14Ain1014Pt05A	3	F01
DURANCE16S_14Ain1043Pt05A	14Ain1043Pt05A	14Ain1043Pt05A	biological	biological	gill metagenome	1455666	Parachondrostoma toxostoma gill bacterial microbiota, Ain 2014, individual 1043	Parachondrostoma toxostoma	toxostome	gill [UBERON:0002535]	2014	France	Ain	Ain1043	False	14Ain1043Pt05A	3	F02
DURANCE16S_15Cab1008Ch05A	15Cab1008Ch05A	15Cab1008Ch05A	biological	biological	gill metagenome	1455666	Chondrostoma sp. gill bacterial microbiota, Cab 2015, individual 1008	Chondrostoma sp.	Chondrostoma sp.	gill [UBERON:0002535]	2015	France	Cab	Cab1008	False	15Cab1008Ch05A	3	F03
DURANCE16S_15Cab1016Ch05A	15Cab1016Ch05A	15Cab1016Ch05A	biological	biological	gill metagenome	1455666	Chondrostoma sp. gill bacterial microbiota, Cab 2015, individual 1016	Chondrostoma sp.	Chondrostoma sp.	gill [UBERON:0002535]	2015	France	Cab	Cab1016	False	15Cab1016Ch05A	3	F04
DURANCE16S_14Avi1005Cn05A	14Avi1005Cn05A	14Avi1005Cn05A	biological	biological	gill metagenome	1455666	Chondrostoma nasus gill bacterial microbiota, Avi 2014, individual 1005	Chondrostoma nasus	nase	gill [UBERON:0002535]	2014	France	Avi	Avi1005	False	14Avi1005Cn05A	3	F05
DURANCE16S_14Bue1002Cn05A	14Bue1002Cn05A	14Bue1002Cn05A	biological	biological	gill metagenome	1455666	Chondrostoma nasus gill bacterial microbiota, Bue 2014, individual 1002	Chondrostoma nasus	nase	gill [UBERON:0002535]	2014	France	Bue	Bue1002	False	14Bue1002Cn05A	3	F06
DURANCE16S_14Bue1011Ch05A	14Bue1011Ch05A	14Bue1011Ch05A	biological	biological	gill metagenome	1455666	Chondrostoma sp. gill bacterial microbiota, Bue 2014, individual 1011	Chondrostoma sp.	Chondrostoma sp.	gill [UBERON:0002535]	2014	France	Bue	Bue1011	False	14Bue1011Ch05A	3	F07
DURANCE16S_14Man1001Cn05A	14Man1001Cn05A	14Man1001Cn05A	biological	biological	gill metagenome	1455666	Chondrostoma nasus gill bacterial microbiota, Man 2014, individual 1001	Chondrostoma nasus	nase	gill [UBERON:0002535]	2014	France	Man	Man1001	False	14Man1001Cn05A	3	F08
DURANCE16S_14Man1016Ch05A	14Man1016Ch05A	14Man1016Ch05A	biological	biological	gill metagenome	1455666	Chondrostoma sp. gill bacterial microbiota, Man 2014, individual 1016	Chondrostoma sp.	Chondrostoma sp.	gill [UBERON:0002535]	2014	France	Man	Man1016	False	14Man1016Ch05A	3	F09
DURANCE16S_14Per1012Ch05A	14Per1012Ch05A	14Per1012Ch05A	biological	biological	gill metagenome	1455666	Chondrostoma sp. gill bacterial microbiota, Per 2014, individual 1012	Chondrostoma sp.	Chondrostoma sp.	gill [UBERON:0002535]	2014	France	Per	Per1012	False	14Per1012Ch05A	3	F10
DURANCE16S_Blanc-Branchie	Blanc-Branchie	Blanc-Branchie	blank	blank	blank sample	2582415	DNA extraction blank — Blanc-Branchie				missing: control sample	missing: control sample			True	Blanc-Branchie	3	F11
DURANCE16S_empty-9	empty-9	empty-9	empty	empty	blank sample	2582415	empty well, no library added (index-hopping monitor) — empty_9				missing: control sample	missing: control sample			True	empty_9	3	F12
DURANCE16S_14Ain1036Cn05A	14Ain1036Cn05A	14Ain1036Cn05A	biological	biological	gill metagenome	1455666	Chondrostoma nasus gill bacterial microbiota, Ain 2014, individual 1036	Chondrostoma nasus	nase	gill [UBERON:0002535]	2014	France	Ain	Ain1036	False	14Ain1036Cn05A	3	G01
DURANCE16S_15Cab1001Ch05A	15Cab1001Ch05A	15Cab1001Ch05A	biological	biological	gill metagenome	1455666	Chondrostoma sp. gill bacterial microbiota, Cab 2015, individual 1001	Chondrostoma sp.	Chondrostoma sp.	gill [UBERON:0002535]	2015	France	Cab	Cab1001	False	15Cab1001Ch05A	3	G02
DURANCE16S_15Cab1009Ch05A	15Cab1009Ch05A	15Cab1009Ch05A	biological	biological	gill metagenome	1455666	Chondrostoma sp. gill bacterial microbiota, Cab 2015, individual 1009	Chondrostoma sp.	Chondrostoma sp.	gill [UBERON:0002535]	2015	France	Cab	Cab1009	False	15Cab1009Ch05A	3	G03
DURANCE16S_15Cab1017Ch05A	15Cab1017Ch05A	15Cab1017Ch05A	biological	biological	gill metagenome	1455666	Chondrostoma sp. gill bacterial microbiota, Cab 2015, individual 1017	Chondrostoma sp.	Chondrostoma sp.	gill [UBERON:0002535]	2015	France	Cab	Cab1017	False	15Cab1017Ch05A	3	G04
DURANCE16S_14Avi1006Cn05A	14Avi1006Cn05A	14Avi1006Cn05A	biological	biological	gill metagenome	1455666	Chondrostoma nasus gill bacterial microbiota, Avi 2014, individual 1006	Chondrostoma nasus	nase	gill [UBERON:0002535]	2014	France	Avi	Avi1006	False	14Avi1006Cn05A	3	G05
DURANCE16S_14Bue1003Cn05A	14Bue1003Cn05A	14Bue1003Cn05A	biological	biological	gill metagenome	1455666	Chondrostoma nasus gill bacterial microbiota, Bue 2014, individual 1003	Chondrostoma nasus	nase	gill [UBERON:0002535]	2014	France	Bue	Bue1003	False	14Bue1003Cn05A	3	G06
DURANCE16S_14Bue1012Ch05A	14Bue1012Ch05A	14Bue1012Ch05A	biological	biological	gill metagenome	1455666	Chondrostoma sp. gill bacterial microbiota, Bue 2014, individual 1012	Chondrostoma sp.	Chondrostoma sp.	gill [UBERON:0002535]	2014	France	Bue	Bue1012	False	14Bue1012Ch05A	3	G07
DURANCE16S_14Man1002Cn05A	14Man1002Cn05A	14Man1002Cn05A	biological	biological	gill metagenome	1455666	Chondrostoma nasus gill bacterial microbiota, Man 2014, individual 1002	Chondrostoma nasus	nase	gill [UBERON:0002535]	2014	France	Man	Man1002	False	14Man1002Cn05A	3	G08
DURANCE16S_14Man1017Ch05A	14Man1017Ch05A	14Man1017Ch05A	biological	biological	gill metagenome	1455666	Chondrostoma sp. gill bacterial microbiota, Man 2014, individual 1017	Chondrostoma sp.	Chondrostoma sp.	gill [UBERON:0002535]	2014	France	Man	Man1017	False	14Man1017Ch05A	3	G09
DURANCE16S_14Per1013Ch05A	14Per1013Ch05A	14Per1013Ch05A	biological	biological	gill metagenome	1455666	Chondrostoma sp. gill bacterial microbiota, Per 2014, individual 1013	Chondrostoma sp.	Chondrostoma sp.	gill [UBERON:0002535]	2014	France	Per	Per1013	False	14Per1013Ch05A	3	G10
DURANCE16S_Mock-1	Mock-1	Mock-1	mock	mock	synthetic metagenome	1235509	ZymoBIOMICS Microbial Community Standard (D6300) — Mock-1				missing: control sample	missing: control sample			True	Mock-1	3	G11
DURANCE16S_empty-10	empty-10	empty-10	empty	empty	blank sample	2582415	empty well, no library added (index-hopping monitor) — empty_10				missing: control sample	missing: control sample			True	empty_10	3	G12
DURANCE16S_14Ain1037Cn05A	14Ain1037Cn05A	14Ain1037Cn05A	biological	biological	gill metagenome	1455666	Chondrostoma nasus gill bacterial microbiota, Ain 2014, individual 1037	Chondrostoma nasus	nase	gill [UBERON:0002535]	2014	France	Ain	Ain1037	False	14Ain1037Cn05A	3	H01
DURANCE16S_15Cab1002Ch05A	15Cab1002Ch05A	15Cab1002Ch05A	biological	biological	gill metagenome	1455666	Chondrostoma sp. gill bacterial microbiota, Cab 2015, individual 1002	Chondrostoma sp.	Chondrostoma sp.	gill [UBERON:0002535]	2015	France	Cab	Cab1002	False	15Cab1002Ch05A	3	H02
DURANCE16S_15Cab1010Ch05A	15Cab1010Ch05A	15Cab1010Ch05A	biological	biological	gill metagenome	1455666	Chondrostoma sp. gill bacterial microbiota, Cab 2015, individual 1010	Chondrostoma sp.	Chondrostoma sp.	gill [UBERON:0002535]	2015	France	Cab	Cab1010	False	15Cab1010Ch05A	3	H03
DURANCE16S_15Cab1018Ch05A	15Cab1018Ch05A	15Cab1018Ch05A	biological	biological	gill metagenome	1455666	Chondrostoma sp. gill bacterial microbiota, Cab 2015, individual 1018	Chondrostoma sp.	Chondrostoma sp.	gill [UBERON:0002535]	2015	France	Cab	Cab1018	False	15Cab1018Ch05A	3	H04
DURANCE16S_14Avi1007Cn05A	14Avi1007Cn05A	14Avi1007Cn05A	biological	biological	gill metagenome	1455666	Chondrostoma nasus gill bacterial microbiota, Avi 2014, individual 1007	Chondrostoma nasus	nase	gill [UBERON:0002535]	2014	France	Avi	Avi1007	False	14Avi1007Cn05A	3	H05
DURANCE16S_14Bue1004Cn05A	14Bue1004Cn05A	14Bue1004Cn05A	biological	biological	gill metagenome	1455666	Chondrostoma nasus gill bacterial microbiota, Bue 2014, individual 1004	Chondrostoma nasus	nase	gill [UBERON:0002535]	2014	France	Bue	Bue1004	False	14Bue1004Cn05A	3	H06
DURANCE16S_14Bue1013Ch05A	14Bue1013Ch05A	14Bue1013Ch05A	biological	biological	gill metagenome	1455666	Chondrostoma sp. gill bacterial microbiota, Bue 2014, individual 1013	Chondrostoma sp.	Chondrostoma sp.	gill [UBERON:0002535]	2014	France	Bue	Bue1013	False	14Bue1013Ch05A	3	H07
DURANCE16S_14Man1010Cn05A	14Man1010Cn05A	14Man1010Cn05A	biological	biological	gill metagenome	1455666	Chondrostoma nasus gill bacterial microbiota, Man 2014, individual 1010	Chondrostoma nasus	nase	gill [UBERON:0002535]	2014	France	Man	Man1010	False	14Man1010Cn05A	3	H08
DURANCE16S_14Man1018Ch05A	14Man1018Ch05A	14Man1018Ch05A	biological	biological	gill metagenome	1455666	Chondrostoma sp. gill bacterial microbiota, Man 2014, individual 1018	Chondrostoma sp.	Chondrostoma sp.	gill [UBERON:0002535]	2014	France	Man	Man1018	False	14Man1018Ch05A	3	H09
DURANCE16S_14Per1014Ch05A	14Per1014Ch05A	14Per1014Ch05A	biological	biological	gill metagenome	1455666	Chondrostoma sp. gill bacterial microbiota, Per 2014, individual 1014	Chondrostoma sp.	Chondrostoma sp.	gill [UBERON:0002535]	2014	France	Per	Per1014	False	14Per1014Ch05A	3	H10
DURANCE16S_T-3	T-3	T-3	temoin	temoin	blank sample	2582415	no-template PCR control — T-3				missing: control sample	missing: control sample			True	T-3	3	H11
DURANCE16S_empty-11	empty-11	empty-11	empty	empty	blank sample	2582415	empty well, no library added (index-hopping monitor) — empty_11				missing: control sample	missing: control sample			True	empty_11	3	H12
DURANCE16S_15Bau1001Ch05A	15Bau1001Ch05A	15Bau1001Ch05A	biological	biological	gill metagenome	1455666	Chondrostoma sp. gill bacterial microbiota, Bau 2015, individual 1001	Chondrostoma sp.	Chondrostoma sp.	gill [UBERON:0002535]	2015	France	Bau	Bau1001	False	15Bau1001Ch05A	4	A01
DURANCE16S_15Bau1009Ch05A	15Bau1009Ch05A	15Bau1009Ch05A	biological	biological	gill metagenome	1455666	Chondrostoma sp. gill bacterial microbiota, Bau 2015, individual 1009	Chondrostoma sp.	Chondrostoma sp.	gill [UBERON:0002535]	2015	France	Bau	Bau1009	False	15Bau1009Ch05A	4	A02
DURANCE16S_15Bau1017Ch05A	15Bau1017Ch05A	15Bau1017Ch05A	biological	biological	gill metagenome	1455666	Chondrostoma sp. gill bacterial microbiota, Bau 2015, individual 1017	Chondrostoma sp.	Chondrostoma sp.	gill [UBERON:0002535]	2015	France	Bau	Bau1017	False	15Bau1017Ch05A	4	A03
DURANCE16S_15Bau1025Ch05A	15Bau1025Ch05A	15Bau1025Ch05A	biological	biological	gill metagenome	1455666	Chondrostoma sp. gill bacterial microbiota, Bau 2015, individual 1025	Chondrostoma sp.	Chondrostoma sp.	gill [UBERON:0002535]	2015	France	Bau	Bau1025	False	15Bau1025Ch05A	4	A04
DURANCE16S_15Jus1008Ch05A	15Jus1008Ch05A	15Jus1008Ch05A	biological	biological	gill metagenome	1455666	Chondrostoma sp. gill bacterial microbiota, Jus 2015, individual 1008	Chondrostoma sp.	Chondrostoma sp.	gill [UBERON:0002535]	2015	France	Jus	Jus1008	False	15Jus1008Ch05A	4	A05
DURANCE16S_15Jus1016Ch05A	15Jus1016Ch05A	15Jus1016Ch05A	biological	biological	gill metagenome	1455666	Chondrostoma sp. gill bacterial microbiota, Jus 2015, individual 1016	Chondrostoma sp.	Chondrostoma sp.	gill [UBERON:0002535]	2015	France	Jus	Jus1016	False	15Jus1016Ch05A	4	A06
DURANCE16S_15Caa1005Ch05A	15Caa1005Ch05A	15Caa1005Ch05A	biological	biological	gill metagenome	1455666	Chondrostoma sp. gill bacterial microbiota, Caa 2015, individual 1005	Chondrostoma sp.	Chondrostoma sp.	gill [UBERON:0002535]	2015	France	Caa	Caa1005	False	15Caa1005Ch05A	4	A07
DURANCE16S_15Caa1013Ch05A	15Caa1013Ch05A	15Caa1013Ch05A	biological	biological	gill metagenome	1455666	Chondrostoma sp. gill bacterial microbiota, Caa 2015, individual 1013	Chondrostoma sp.	Chondrostoma sp.	gill [UBERON:0002535]	2015	France	Caa	Caa1013	False	15Caa1013Ch05A	4	A08
DURANCE16S_15Avi1001Cn05A	15Avi1001Cn05A	15Avi1001Cn05A	biological	biological	gill metagenome	1455666	Chondrostoma nasus gill bacterial microbiota, Avi 2015, individual 1001	Chondrostoma nasus	nase	gill [UBERON:0002535]	2015	France	Avi	Avi1001	False	15Avi1001Cn05A	4	A09
DURANCE16S_15Avi1009Cn05A	15Avi1009Cn05A	15Avi1009Cn05A	biological	biological	gill metagenome	1455666	Chondrostoma nasus gill bacterial microbiota, Avi 2015, individual 1009	Chondrostoma nasus	nase	gill [UBERON:0002535]	2015	France	Avi	Avi1009	False	15Avi1009Cn05A	4	A10
DURANCE16S_15BUe1004Ch05A	15BUe1004Ch05A	15BUe1004Ch05A	biological	biological	gill metagenome	1455666	Chondrostoma sp. gill bacterial microbiota, Bue 2015, individual 1004	Chondrostoma sp.	Chondrostoma sp.	gill [UBERON:0002535]	2015	France	Bue	Bue1004	False	15BUe1004Ch05A	4	A11
DURANCE16S_15BUe1012Ch05A	15BUe1012Ch05A	15BUe1012Ch05A	biological	biological	gill metagenome	1455666	Chondrostoma sp. gill bacterial microbiota, Bue 2015, individual 1012	Chondrostoma sp.	Chondrostoma sp.	gill [UBERON:0002535]	2015	France	Bue	Bue1012	False	15BUe1012Ch05A	4	A12
DURANCE16S_15Bau1002Ch05A	15Bau1002Ch05A	15Bau1002Ch05A	biological	biological	gill metagenome	1455666	Chondrostoma sp. gill bacterial microbiota, Bau 2015, individual 1002	Chondrostoma sp.	Chondrostoma sp.	gill [UBERON:0002535]	2015	France	Bau	Bau1002	False	15Bau1002Ch05A	4	B01
DURANCE16S_15Bau1010Ch05A	15Bau1010Ch05A	15Bau1010Ch05A	biological	biological	gill metagenome	1455666	Chondrostoma sp. gill bacterial microbiota, Bau 2015, individual 1010	Chondrostoma sp.	Chondrostoma sp.	gill [UBERON:0002535]	2015	France	Bau	Bau1010	False	15Bau1010Ch05A	4	B02
DURANCE16S_15Bau1018Ch05A	15Bau1018Ch05A	15Bau1018Ch05A	biological	biological	gill metagenome	1455666	Chondrostoma sp. gill bacterial microbiota, Bau 2015, individual 1018	Chondrostoma sp.	Chondrostoma sp.	gill [UBERON:0002535]	2015	France	Bau	Bau1018	False	15Bau1018Ch05A	4	B03
DURANCE16S_15Jus1001Ch05A	15Jus1001Ch05A	15Jus1001Ch05A	biological	biological	gill metagenome	1455666	Chondrostoma sp. gill bacterial microbiota, Jus 2015, individual 1001	Chondrostoma sp.	Chondrostoma sp.	gill [UBERON:0002535]	2015	France	Jus	Jus1001	False	15Jus1001Ch05A	4	B04
DURANCE16S_15Jus1009Ch05A	15Jus1009Ch05A	15Jus1009Ch05A	biological	biological	gill metagenome	1455666	Chondrostoma sp. gill bacterial microbiota, Jus 2015, individual 1009	Chondrostoma sp.	Chondrostoma sp.	gill [UBERON:0002535]	2015	France	Jus	Jus1009	False	15Jus1009Ch05A	4	B05
DURANCE16S_15Jus1017Ch05A	15Jus1017Ch05A	15Jus1017Ch05A	biological	biological	gill metagenome	1455666	Chondrostoma sp. gill bacterial microbiota, Jus 2015, individual 1017	Chondrostoma sp.	Chondrostoma sp.	gill [UBERON:0002535]	2015	France	Jus	Jus1017	False	15Jus1017Ch05A	4	B06
DURANCE16S_15Caa1006Ch05A	15Caa1006Ch05A	15Caa1006Ch05A	biological	biological	gill metagenome	1455666	Chondrostoma sp. gill bacterial microbiota, Caa 2015, individual 1006	Chondrostoma sp.	Chondrostoma sp.	gill [UBERON:0002535]	2015	France	Caa	Caa1006	False	15Caa1006Ch05A	4	B07
DURANCE16S_15Caa1014Ch05A	15Caa1014Ch05A	15Caa1014Ch05A	biological	biological	gill metagenome	1455666	Chondrostoma sp. gill bacterial microbiota, Caa 2015, individual 1014	Chondrostoma sp.	Chondrostoma sp.	gill [UBERON:0002535]	2015	France	Caa	Caa1014	False	15Caa1014Ch05A	4	B08
DURANCE16S_15Avi1002Cn05A	15Avi1002Cn05A	15Avi1002Cn05A	biological	biological	gill metagenome	1455666	Chondrostoma nasus gill bacterial microbiota, Avi 2015, individual 1002	Chondrostoma nasus	nase	gill [UBERON:0002535]	2015	France	Avi	Avi1002	False	15Avi1002Cn05A	4	B09
DURANCE16S_15Avi1010Cn05A	15Avi1010Cn05A	15Avi1010Cn05A	biological	biological	gill metagenome	1455666	Chondrostoma nasus gill bacterial microbiota, Avi 2015, individual 1010	Chondrostoma nasus	nase	gill [UBERON:0002535]	2015	France	Avi	Avi1010	False	15Avi1010Cn05A	4	B10
DURANCE16S_15BUe1005Ch05A	15BUe1005Ch05A	15BUe1005Ch05A	biological	biological	gill metagenome	1455666	Chondrostoma sp. gill bacterial microbiota, Bue 2015, individual 1005	Chondrostoma sp.	Chondrostoma sp.	gill [UBERON:0002535]	2015	France	Bue	Bue1005	False	15BUe1005Ch05A	4	B11
DURANCE16S_15BUe1013Ch05A	15BUe1013Ch05A	15BUe1013Ch05A	biological	biological	gill metagenome	1455666	Chondrostoma sp. gill bacterial microbiota, Bue 2015, individual 1013	Chondrostoma sp.	Chondrostoma sp.	gill [UBERON:0002535]	2015	France	Bue	Bue1013	False	15BUe1013Ch05A	4	B12
DURANCE16S_15Bau1003Ch05A	15Bau1003Ch05A	15Bau1003Ch05A	biological	biological	gill metagenome	1455666	Chondrostoma sp. gill bacterial microbiota, Bau 2015, individual 1003	Chondrostoma sp.	Chondrostoma sp.	gill [UBERON:0002535]	2015	France	Bau	Bau1003	False	15Bau1003Ch05A	4	C01
DURANCE16S_15Bau1011Ch05A	15Bau1011Ch05A	15Bau1011Ch05A	biological	biological	gill metagenome	1455666	Chondrostoma sp. gill bacterial microbiota, Bau 2015, individual 1011	Chondrostoma sp.	Chondrostoma sp.	gill [UBERON:0002535]	2015	France	Bau	Bau1011	False	15Bau1011Ch05A	4	C02
DURANCE16S_15Bau1019Ch05A	15Bau1019Ch05A	15Bau1019Ch05A	biological	biological	gill metagenome	1455666	Chondrostoma sp. gill bacterial microbiota, Bau 2015, individual 1019	Chondrostoma sp.	Chondrostoma sp.	gill [UBERON:0002535]	2015	France	Bau	Bau1019	False	15Bau1019Ch05A	4	C03
DURANCE16S_15Jus1002Ch05A	15Jus1002Ch05A	15Jus1002Ch05A	biological	biological	gill metagenome	1455666	Chondrostoma sp. gill bacterial microbiota, Jus 2015, individual 1002	Chondrostoma sp.	Chondrostoma sp.	gill [UBERON:0002535]	2015	France	Jus	Jus1002	False	15Jus1002Ch05A	4	C04
DURANCE16S_15Jus1010Ch05A	15Jus1010Ch05A	15Jus1010Ch05A	biological	biological	gill metagenome	1455666	Chondrostoma sp. gill bacterial microbiota, Jus 2015, individual 1010	Chondrostoma sp.	Chondrostoma sp.	gill [UBERON:0002535]	2015	France	Jus	Jus1010	False	15Jus1010Ch05A	4	C05
DURANCE16S_15Jus1018Ch05A	15Jus1018Ch05A	15Jus1018Ch05A	biological	biological	gill metagenome	1455666	Chondrostoma sp. gill bacterial microbiota, Jus 2015, individual 1018	Chondrostoma sp.	Chondrostoma sp.	gill [UBERON:0002535]	2015	France	Jus	Jus1018	False	15Jus1018Ch05A	4	C06
DURANCE16S_15Caa1007Ch05A	15Caa1007Ch05A	15Caa1007Ch05A	biological	biological	gill metagenome	1455666	Chondrostoma sp. gill bacterial microbiota, Caa 2015, individual 1007	Chondrostoma sp.	Chondrostoma sp.	gill [UBERON:0002535]	2015	France	Caa	Caa1007	False	15Caa1007Ch05A	4	C07
DURANCE16S_15Caa1015Ch05A	15Caa1015Ch05A	15Caa1015Ch05A	biological	biological	gill metagenome	1455666	Chondrostoma sp. gill bacterial microbiota, Caa 2015, individual 1015	Chondrostoma sp.	Chondrostoma sp.	gill [UBERON:0002535]	2015	France	Caa	Caa1015	False	15Caa1015Ch05A	4	C08
DURANCE16S_15Avi1003Cn05A	15Avi1003Cn05A	15Avi1003Cn05A	biological	biological	gill metagenome	1455666	Chondrostoma nasus gill bacterial microbiota, Avi 2015, individual 1003	Chondrostoma nasus	nase	gill [UBERON:0002535]	2015	France	Avi	Avi1003	False	15Avi1003Cn05A	4	C09
DURANCE16S_15Avi1011Cn05A	15Avi1011Cn05A	15Avi1011Cn05A	biological	biological	gill metagenome	1455666	Chondrostoma nasus gill bacterial microbiota, Avi 2015, individual 1011	Chondrostoma nasus	nase	gill [UBERON:0002535]	2015	France	Avi	Avi1011	False	15Avi1011Cn05A	4	C10
DURANCE16S_15BUe1006Ch05A	15BUe1006Ch05A	15BUe1006Ch05A	biological	biological	gill metagenome	1455666	Chondrostoma sp. gill bacterial microbiota, Bue 2015, individual 1006	Chondrostoma sp.	Chondrostoma sp.	gill [UBERON:0002535]	2015	France	Bue	Bue1006	False	15BUe1006Ch05A	4	C11
DURANCE16S_15BUe1014Ch05A	15BUe1014Ch05A	15BUe1014Ch05A	biological	biological	gill metagenome	1455666	Chondrostoma sp. gill bacterial microbiota, Bue 2015, individual 1014	Chondrostoma sp.	Chondrostoma sp.	gill [UBERON:0002535]	2015	France	Bue	Bue1014	False	15BUe1014Ch05A	4	C12
DURANCE16S_15Bau1004Ch05A	15Bau1004Ch05A	15Bau1004Ch05A	biological	biological	gill metagenome	1455666	Chondrostoma sp. gill bacterial microbiota, Bau 2015, individual 1004	Chondrostoma sp.	Chondrostoma sp.	gill [UBERON:0002535]	2015	France	Bau	Bau1004	False	15Bau1004Ch05A	4	D01
DURANCE16S_15Bau1012Ch05A	15Bau1012Ch05A	15Bau1012Ch05A	biological	biological	gill metagenome	1455666	Chondrostoma sp. gill bacterial microbiota, Bau 2015, individual 1012	Chondrostoma sp.	Chondrostoma sp.	gill [UBERON:0002535]	2015	France	Bau	Bau1012	False	15Bau1012Ch05A	4	D02
DURANCE16S_15Bau1020Ch05A	15Bau1020Ch05A	15Bau1020Ch05A	biological	biological	gill metagenome	1455666	Chondrostoma sp. gill bacterial microbiota, Bau 2015, individual 1020	Chondrostoma sp.	Chondrostoma sp.	gill [UBERON:0002535]	2015	France	Bau	Bau1020	False	15Bau1020Ch05A	4	D03
DURANCE16S_15Jus1003Ch05A	15Jus1003Ch05A	15Jus1003Ch05A	biological	biological	gill metagenome	1455666	Chondrostoma sp. gill bacterial microbiota, Jus 2015, individual 1003	Chondrostoma sp.	Chondrostoma sp.	gill [UBERON:0002535]	2015	France	Jus	Jus1003	False	15Jus1003Ch05A	4	D04
DURANCE16S_15Jus1011Ch05A	15Jus1011Ch05A	15Jus1011Ch05A	biological	biological	gill metagenome	1455666	Chondrostoma sp. gill bacterial microbiota, Jus 2015, individual 1011	Chondrostoma sp.	Chondrostoma sp.	gill [UBERON:0002535]	2015	France	Jus	Jus1011	False	15Jus1011Ch05A	4	D05
DURANCE16S_15Jus1019Ch05A	15Jus1019Ch05A	15Jus1019Ch05A	biological	biological	gill metagenome	1455666	Chondrostoma sp. gill bacterial microbiota, Jus 2015, individual 1019	Chondrostoma sp.	Chondrostoma sp.	gill [UBERON:0002535]	2015	France	Jus	Jus1019	False	15Jus1019Ch05A	4	D06
DURANCE16S_15Caa1008Ch05A	15Caa1008Ch05A	15Caa1008Ch05A	biological	biological	gill metagenome	1455666	Chondrostoma sp. gill bacterial microbiota, Caa 2015, individual 1008	Chondrostoma sp.	Chondrostoma sp.	gill [UBERON:0002535]	2015	France	Caa	Caa1008	False	15Caa1008Ch05A	4	D07
DURANCE16S_15Caa1016Ch05A	15Caa1016Ch05A	15Caa1016Ch05A	biological	biological	gill metagenome	1455666	Chondrostoma sp. gill bacterial microbiota, Caa 2015, individual 1016	Chondrostoma sp.	Chondrostoma sp.	gill [UBERON:0002535]	2015	France	Caa	Caa1016	False	15Caa1016Ch05A	4	D08
DURANCE16S_15Avi1004Cn05A	15Avi1004Cn05A	15Avi1004Cn05A	biological	biological	gill metagenome	1455666	Chondrostoma nasus gill bacterial microbiota, Avi 2015, individual 1004	Chondrostoma nasus	nase	gill [UBERON:0002535]	2015	France	Avi	Avi1004	False	15Avi1004Cn05A	4	D09
DURANCE16S_15Avi1012Pt05A	15Avi1012Pt05A	15Avi1012Pt05A	biological	biological	gill metagenome	1455666	Parachondrostoma toxostoma gill bacterial microbiota, Avi 2015, individual 1012	Parachondrostoma toxostoma	toxostome	gill [UBERON:0002535]	2015	France	Avi	Avi1012	False	15Avi1012Pt05A	4	D10
DURANCE16S_15BUe1007Ch05A	15BUe1007Ch05A	15BUe1007Ch05A	biological	biological	gill metagenome	1455666	Chondrostoma sp. gill bacterial microbiota, Bue 2015, individual 1007	Chondrostoma sp.	Chondrostoma sp.	gill [UBERON:0002535]	2015	France	Bue	Bue1007	False	15BUe1007Ch05A	4	D11
DURANCE16S_15BUe1015Ch05A	15BUe1015Ch05A	15BUe1015Ch05A	biological	biological	gill metagenome	1455666	Chondrostoma sp. gill bacterial microbiota, Bue 2015, individual 1015	Chondrostoma sp.	Chondrostoma sp.	gill [UBERON:0002535]	2015	France	Bue	Bue1015	False	15BUe1015Ch05A	4	D12
DURANCE16S_15Bau1005Ch05A	15Bau1005Ch05A	15Bau1005Ch05A	biological	biological	gill metagenome	1455666	Chondrostoma sp. gill bacterial microbiota, Bau 2015, individual 1005	Chondrostoma sp.	Chondrostoma sp.	gill [UBERON:0002535]	2015	France	Bau	Bau1005	False	15Bau1005Ch05A	4	E01
DURANCE16S_15Bau1013Ch05A	15Bau1013Ch05A	15Bau1013Ch05A	biological	biological	gill metagenome	1455666	Chondrostoma sp. gill bacterial microbiota, Bau 2015, individual 1013	Chondrostoma sp.	Chondrostoma sp.	gill [UBERON:0002535]	2015	France	Bau	Bau1013	False	15Bau1013Ch05A	4	E02
DURANCE16S_15Bau1021Ch05A	15Bau1021Ch05A	15Bau1021Ch05A	biological	biological	gill metagenome	1455666	Chondrostoma sp. gill bacterial microbiota, Bau 2015, individual 1021	Chondrostoma sp.	Chondrostoma sp.	gill [UBERON:0002535]	2015	France	Bau	Bau1021	False	15Bau1021Ch05A	4	E03
DURANCE16S_15Jus1004Ch05A	15Jus1004Ch05A	15Jus1004Ch05A	biological	biological	gill metagenome	1455666	Chondrostoma sp. gill bacterial microbiota, Jus 2015, individual 1004	Chondrostoma sp.	Chondrostoma sp.	gill [UBERON:0002535]	2015	France	Jus	Jus1004	False	15Jus1004Ch05A	4	E04
DURANCE16S_15Jus1012Ch05A	15Jus1012Ch05A	15Jus1012Ch05A	biological	biological	gill metagenome	1455666	Chondrostoma sp. gill bacterial microbiota, Jus 2015, individual 1012	Chondrostoma sp.	Chondrostoma sp.	gill [UBERON:0002535]	2015	France	Jus	Jus1012	False	15Jus1012Ch05A	4	E05
DURANCE16S_15Caa1001Ch05A	15Caa1001Ch05A	15Caa1001Ch05A	biological	biological	gill metagenome	1455666	Chondrostoma sp. gill bacterial microbiota, Caa 2015, individual 1001	Chondrostoma sp.	Chondrostoma sp.	gill [UBERON:0002535]	2015	France	Caa	Caa1001	False	15Caa1001Ch05A	4	E06
DURANCE16S_15Caa1009Ch05A	15Caa1009Ch05A	15Caa1009Ch05A	biological	biological	gill metagenome	1455666	Chondrostoma sp. gill bacterial microbiota, Caa 2015, individual 1009	Chondrostoma sp.	Chondrostoma sp.	gill [UBERON:0002535]	2015	France	Caa	Caa1009	False	15Caa1009Ch05A	4	E07
DURANCE16S_15Caa1017Ch05A	15Caa1017Ch05A	15Caa1017Ch05A	biological	biological	gill metagenome	1455666	Chondrostoma sp. gill bacterial microbiota, Caa 2015, individual 1017	Chondrostoma sp.	Chondrostoma sp.	gill [UBERON:0002535]	2015	France	Caa	Caa1017	False	15Caa1017Ch05A	4	E08
DURANCE16S_15Avi1005Cn05A	15Avi1005Cn05A	15Avi1005Cn05A	biological	biological	gill metagenome	1455666	Chondrostoma nasus gill bacterial microbiota, Avi 2015, individual 1005	Chondrostoma nasus	nase	gill [UBERON:0002535]	2015	France	Avi	Avi1005	False	15Avi1005Cn05A	4	E09
DURANCE16S_15Avi1013Pt05A	15Avi1013Pt05A	15Avi1013Pt05A	biological	biological	gill metagenome	1455666	Parachondrostoma toxostoma gill bacterial microbiota, Avi 2015, individual 1013	Parachondrostoma toxostoma	toxostome	gill [UBERON:0002535]	2015	France	Avi	Avi1013	False	15Avi1013Pt05A	4	E10
DURANCE16S_15BUe1008Ch05A	15BUe1008Ch05A	15BUe1008Ch05A	biological	biological	gill metagenome	1455666	Chondrostoma sp. gill bacterial microbiota, Bue 2015, individual 1008	Chondrostoma sp.	Chondrostoma sp.	gill [UBERON:0002535]	2015	France	Bue	Bue1008	False	15BUe1008Ch05A	4	E11
DURANCE16S_15BUe1016Ch05A	15BUe1016Ch05A	15BUe1016Ch05A	biological	biological	gill metagenome	1455666	Chondrostoma sp. gill bacterial microbiota, Bue 2015, individual 1016	Chondrostoma sp.	Chondrostoma sp.	gill [UBERON:0002535]	2015	France	Bue	Bue1016	False	15BUe1016Ch05A	4	E12
DURANCE16S_15Bau1006Ch05A	15Bau1006Ch05A	15Bau1006Ch05A	biological	biological	gill metagenome	1455666	Chondrostoma sp. gill bacterial microbiota, Bau 2015, individual 1006	Chondrostoma sp.	Chondrostoma sp.	gill [UBERON:0002535]	2015	France	Bau	Bau1006	False	15Bau1006Ch05A	4	F01
DURANCE16S_15Bau1014Ch05A	15Bau1014Ch05A	15Bau1014Ch05A	biological	biological	gill metagenome	1455666	Chondrostoma sp. gill bacterial microbiota, Bau 2015, individual 1014	Chondrostoma sp.	Chondrostoma sp.	gill [UBERON:0002535]	2015	France	Bau	Bau1014	False	15Bau1014Ch05A	4	F02
DURANCE16S_15Bau1022Ch05A	15Bau1022Ch05A	15Bau1022Ch05A	biological	biological	gill metagenome	1455666	Chondrostoma sp. gill bacterial microbiota, Bau 2015, individual 1022	Chondrostoma sp.	Chondrostoma sp.	gill [UBERON:0002535]	2015	France	Bau	Bau1022	False	15Bau1022Ch05A	4	F03
DURANCE16S_15Jus1005Ch05A	15Jus1005Ch05A	15Jus1005Ch05A	biological	biological	gill metagenome	1455666	Chondrostoma sp. gill bacterial microbiota, Jus 2015, individual 1005	Chondrostoma sp.	Chondrostoma sp.	gill [UBERON:0002535]	2015	France	Jus	Jus1005	False	15Jus1005Ch05A	4	F04
DURANCE16S_15Jus1013Ch05A	15Jus1013Ch05A	15Jus1013Ch05A	biological	biological	gill metagenome	1455666	Chondrostoma sp. gill bacterial microbiota, Jus 2015, individual 1013	Chondrostoma sp.	Chondrostoma sp.	gill [UBERON:0002535]	2015	France	Jus	Jus1013	False	15Jus1013Ch05A	4	F05
DURANCE16S_15Caa1002Ch05A	15Caa1002Ch05A	15Caa1002Ch05A	biological	biological	gill metagenome	1455666	Chondrostoma sp. gill bacterial microbiota, Caa 2015, individual 1002	Chondrostoma sp.	Chondrostoma sp.	gill [UBERON:0002535]	2015	France	Caa	Caa1002	False	15Caa1002Ch05A	4	F06
DURANCE16S_15Caa1010Ch05A	15Caa1010Ch05A	15Caa1010Ch05A	biological	biological	gill metagenome	1455666	Chondrostoma sp. gill bacterial microbiota, Caa 2015, individual 1010	Chondrostoma sp.	Chondrostoma sp.	gill [UBERON:0002535]	2015	France	Caa	Caa1010	False	15Caa1010Ch05A	4	F07
DURANCE16S_15Caa1018Ch05A	15Caa1018Ch05A	15Caa1018Ch05A	biological	biological	gill metagenome	1455666	Chondrostoma sp. gill bacterial microbiota, Caa 2015, individual 1018	Chondrostoma sp.	Chondrostoma sp.	gill [UBERON:0002535]	2015	France	Caa	Caa1018	False	15Caa1018Ch05A	4	F08
DURANCE16S_15Avi1006Cn05A	15Avi1006Cn05A	15Avi1006Cn05A	biological	biological	gill metagenome	1455666	Chondrostoma nasus gill bacterial microbiota, Avi 2015, individual 1006	Chondrostoma nasus	nase	gill [UBERON:0002535]	2015	France	Avi	Avi1006	False	15Avi1006Cn05A	4	F09
DURANCE16S_15Bue1001Ch05A	15Bue1001Ch05A	15Bue1001Ch05A	biological	biological	gill metagenome	1455666	Chondrostoma sp. gill bacterial microbiota, Bue 2015, individual 1001	Chondrostoma sp.	Chondrostoma sp.	gill [UBERON:0002535]	2015	France	Bue	Bue1001	False	15Bue1001Ch05A	4	F10
DURANCE16S_15BUe1009Ch05A	15BUe1009Ch05A	15BUe1009Ch05A	biological	biological	gill metagenome	1455666	Chondrostoma sp. gill bacterial microbiota, Bue 2015, individual 1009	Chondrostoma sp.	Chondrostoma sp.	gill [UBERON:0002535]	2015	France	Bue	Bue1009	False	15BUe1009Ch05A	4	F11
DURANCE16S_15BUe1017Ch05A	15BUe1017Ch05A	15BUe1017Ch05A	biological	biological	gill metagenome	1455666	Chondrostoma sp. gill bacterial microbiota, Bue 2015, individual 1017	Chondrostoma sp.	Chondrostoma sp.	gill [UBERON:0002535]	2015	France	Bue	Bue1017	False	15BUe1017Ch05A	4	F12
DURANCE16S_15Bau1007Ch05A	15Bau1007Ch05A	15Bau1007Ch05A	biological	biological	gill metagenome	1455666	Chondrostoma sp. gill bacterial microbiota, Bau 2015, individual 1007	Chondrostoma sp.	Chondrostoma sp.	gill [UBERON:0002535]	2015	France	Bau	Bau1007	False	15Bau1007Ch05A	4	G01
DURANCE16S_15Bau1015Ch05A	15Bau1015Ch05A	15Bau1015Ch05A	biological	biological	gill metagenome	1455666	Chondrostoma sp. gill bacterial microbiota, Bau 2015, individual 1015	Chondrostoma sp.	Chondrostoma sp.	gill [UBERON:0002535]	2015	France	Bau	Bau1015	False	15Bau1015Ch05A	4	G02
DURANCE16S_15Bau1023Ch05A	15Bau1023Ch05A	15Bau1023Ch05A	biological	biological	gill metagenome	1455666	Chondrostoma sp. gill bacterial microbiota, Bau 2015, individual 1023	Chondrostoma sp.	Chondrostoma sp.	gill [UBERON:0002535]	2015	France	Bau	Bau1023	False	15Bau1023Ch05A	4	G03
DURANCE16S_15Jus1006Ch05A	15Jus1006Ch05A	15Jus1006Ch05A	biological	biological	gill metagenome	1455666	Chondrostoma sp. gill bacterial microbiota, Jus 2015, individual 1006	Chondrostoma sp.	Chondrostoma sp.	gill [UBERON:0002535]	2015	France	Jus	Jus1006	False	15Jus1006Ch05A	4	G04
DURANCE16S_15Jus1014Ch05A	15Jus1014Ch05A	15Jus1014Ch05A	biological	biological	gill metagenome	1455666	Chondrostoma sp. gill bacterial microbiota, Jus 2015, individual 1014	Chondrostoma sp.	Chondrostoma sp.	gill [UBERON:0002535]	2015	France	Jus	Jus1014	False	15Jus1014Ch05A	4	G05
DURANCE16S_15Caa1003Ch05A	15Caa1003Ch05A	15Caa1003Ch05A	biological	biological	gill metagenome	1455666	Chondrostoma sp. gill bacterial microbiota, Caa 2015, individual 1003	Chondrostoma sp.	Chondrostoma sp.	gill [UBERON:0002535]	2015	France	Caa	Caa1003	False	15Caa1003Ch05A	4	G06
DURANCE16S_15Caa1011Ch05A	15Caa1011Ch05A	15Caa1011Ch05A	biological	biological	gill metagenome	1455666	Chondrostoma sp. gill bacterial microbiota, Caa 2015, individual 1011	Chondrostoma sp.	Chondrostoma sp.	gill [UBERON:0002535]	2015	France	Caa	Caa1011	False	15Caa1011Ch05A	4	G07
DURANCE16S_15Caa1019Ch05A	15Caa1019Ch05A	15Caa1019Ch05A	biological	biological	gill metagenome	1455666	Chondrostoma sp. gill bacterial microbiota, Caa 2015, individual 1019	Chondrostoma sp.	Chondrostoma sp.	gill [UBERON:0002535]	2015	France	Caa	Caa1019	False	15Caa1019Ch05A	4	G08
DURANCE16S_15Avi1007Cn05A	15Avi1007Cn05A	15Avi1007Cn05A	biological	biological	gill metagenome	1455666	Chondrostoma nasus gill bacterial microbiota, Avi 2015, individual 1007	Chondrostoma nasus	nase	gill [UBERON:0002535]	2015	France	Avi	Avi1007	False	15Avi1007Cn05A	4	G09
DURANCE16S_15BUe1002Ch05A	15BUe1002Ch05A	15BUe1002Ch05A	biological	biological	gill metagenome	1455666	Chondrostoma sp. gill bacterial microbiota, Bue 2015, individual 1002	Chondrostoma sp.	Chondrostoma sp.	gill [UBERON:0002535]	2015	France	Bue	Bue1002	False	15BUe1002Ch05A	4	G10
DURANCE16S_15BUe1010Ch05A	15BUe1010Ch05A	15BUe1010Ch05A	biological	biological	gill metagenome	1455666	Chondrostoma sp. gill bacterial microbiota, Bue 2015, individual 1010	Chondrostoma sp.	Chondrostoma sp.	gill [UBERON:0002535]	2015	France	Bue	Bue1010	False	15BUe1010Ch05A	4	G11
DURANCE16S_15BUe1018Ch05A	15BUe1018Ch05A	15BUe1018Ch05A	biological	biological	gill metagenome	1455666	Chondrostoma sp. gill bacterial microbiota, Bue 2015, individual 1018	Chondrostoma sp.	Chondrostoma sp.	gill [UBERON:0002535]	2015	France	Bue	Bue1018	False	15BUe1018Ch05A	4	G12
DURANCE16S_15Bau1008Ch05A	15Bau1008Ch05A	15Bau1008Ch05A	biological	biological	gill metagenome	1455666	Chondrostoma sp. gill bacterial microbiota, Bau 2015, individual 1008	Chondrostoma sp.	Chondrostoma sp.	gill [UBERON:0002535]	2015	France	Bau	Bau1008	False	15Bau1008Ch05A	4	H01
DURANCE16S_15Bau1016Ch05A	15Bau1016Ch05A	15Bau1016Ch05A	biological	biological	gill metagenome	1455666	Chondrostoma sp. gill bacterial microbiota, Bau 2015, individual 1016	Chondrostoma sp.	Chondrostoma sp.	gill [UBERON:0002535]	2015	France	Bau	Bau1016	False	15Bau1016Ch05A	4	H02
DURANCE16S_15Bau1024Ch05A	15Bau1024Ch05A	15Bau1024Ch05A	biological	biological	gill metagenome	1455666	Chondrostoma sp. gill bacterial microbiota, Bau 2015, individual 1024	Chondrostoma sp.	Chondrostoma sp.	gill [UBERON:0002535]	2015	France	Bau	Bau1024	False	15Bau1024Ch05A	4	H03
DURANCE16S_15Jus1007Ch05A	15Jus1007Ch05A	15Jus1007Ch05A	biological	biological	gill metagenome	1455666	Chondrostoma sp. gill bacterial microbiota, Jus 2015, individual 1007	Chondrostoma sp.	Chondrostoma sp.	gill [UBERON:0002535]	2015	France	Jus	Jus1007	False	15Jus1007Ch05A	4	H04
DURANCE16S_15Jus1015Ch05A	15Jus1015Ch05A	15Jus1015Ch05A	biological	biological	gill metagenome	1455666	Chondrostoma sp. gill bacterial microbiota, Jus 2015, individual 1015	Chondrostoma sp.	Chondrostoma sp.	gill [UBERON:0002535]	2015	France	Jus	Jus1015	False	15Jus1015Ch05A	4	H05
DURANCE16S_15Caa1004Ch05A	15Caa1004Ch05A	15Caa1004Ch05A	biological	biological	gill metagenome	1455666	Chondrostoma sp. gill bacterial microbiota, Caa 2015, individual 1004	Chondrostoma sp.	Chondrostoma sp.	gill [UBERON:0002535]	2015	France	Caa	Caa1004	False	15Caa1004Ch05A	4	H06
DURANCE16S_15Caa1012Ch05A	15Caa1012Ch05A	15Caa1012Ch05A	biological	biological	gill metagenome	1455666	Chondrostoma sp. gill bacterial microbiota, Caa 2015, individual 1012	Chondrostoma sp.	Chondrostoma sp.	gill [UBERON:0002535]	2015	France	Caa	Caa1012	False	15Caa1012Ch05A	4	H07
DURANCE16S_15Caa1020Ch05A	15Caa1020Ch05A	15Caa1020Ch05A	biological	biological	gill metagenome	1455666	Chondrostoma sp. gill bacterial microbiota, Caa 2015, individual 1020	Chondrostoma sp.	Chondrostoma sp.	gill [UBERON:0002535]	2015	France	Caa	Caa1020	False	15Caa1020Ch05A	4	H08
DURANCE16S_15Avi1008Cn05A	15Avi1008Cn05A	15Avi1008Cn05A	biological	biological	gill metagenome	1455666	Chondrostoma nasus gill bacterial microbiota, Avi 2015, individual 1008	Chondrostoma nasus	nase	gill [UBERON:0002535]	2015	France	Avi	Avi1008	False	15Avi1008Cn05A	4	H09
DURANCE16S_15BUe1003Ch05A	15BUe1003Ch05A	15BUe1003Ch05A	biological	biological	gill metagenome	1455666	Chondrostoma sp. gill bacterial microbiota, Bue 2015, individual 1003	Chondrostoma sp.	Chondrostoma sp.	gill [UBERON:0002535]	2015	France	Bue	Bue1003	False	15BUe1003Ch05A	4	H10
DURANCE16S_15BUe1011Ch05A	15BUe1011Ch05A	15BUe1011Ch05A	biological	biological	gill metagenome	1455666	Chondrostoma sp. gill bacterial microbiota, Bue 2015, individual 1011	Chondrostoma sp.	Chondrostoma sp.	gill [UBERON:0002535]	2015	France	Bue	Bue1011	False	15BUe1011Ch05A	4	H11
DURANCE16S_T-4	T-4	T-4	temoin	temoin	blank sample	2582415	no-template PCR control — T-4				missing: control sample	missing: control sample			True	T-4	4	H12
DURANCE16S_14Ain1001Cn03A	14Ain1001Cn03A	14Ain1001Cn03A	biological	biological	fish gut metagenome	1602388	Chondrostoma nasus hindgut bacterial microbiota, Ain 2014, individual 1001	Chondrostoma nasus	nase	hindgut [UBERON:0001046]	2014	France	Ain	Ain1001	False	14Ain1001Cn03A	5	A01
DURANCE16S_14Ain1038Pt03A	14Ain1038Pt03A	14Ain1038Pt03A	biological	biological	fish gut metagenome	1602388	Parachondrostoma toxostoma hindgut bacterial microbiota, Ain 2014, individual 1038	Parachondrostoma toxostoma	toxostome	hindgut [UBERON:0001046]	2014	France	Ain	Ain1038	False	14Ain1038Pt03A	5	A02
DURANCE16S_15Cab1003Ch03A	15Cab1003Ch03A	15Cab1003Ch03A	biological	biological	fish gut metagenome	1602388	Chondrostoma sp. hindgut bacterial microbiota, Cab 2015, individual 1003	Chondrostoma sp.	Chondrostoma sp.	hindgut [UBERON:0001046]	2015	France	Cab	Cab1003	False	15Cab1003Ch03A	5	A03
DURANCE16S_15Cab1011Ch03A	15Cab1011Ch03A	15Cab1011Ch03A	biological	biological	fish gut metagenome	1602388	Chondrostoma sp. hindgut bacterial microbiota, Cab 2015, individual 1011	Chondrostoma sp.	Chondrostoma sp.	hindgut [UBERON:0001046]	2015	France	Cab	Cab1011	False	15Cab1011Ch03A	5	A04
DURANCE16S_15Cab1019Ch03A	15Cab1019Ch03A	15Cab1019Ch03A	biological	biological	fish gut metagenome	1602388	Chondrostoma sp. hindgut bacterial microbiota, Cab 2015, individual 1019	Chondrostoma sp.	Chondrostoma sp.	hindgut [UBERON:0001046]	2015	France	Cab	Cab1019	False	15Cab1019Ch03A	5	A05
DURANCE16S_14Avi1008Cn03A	14Avi1008Cn03A	14Avi1008Cn03A	biological	biological	fish gut metagenome	1602388	Chondrostoma nasus hindgut bacterial microbiota, Avi 2014, individual 1008	Chondrostoma nasus	nase	hindgut [UBERON:0001046]	2014	France	Avi	Avi1008	False	14Avi1008Cn03A	5	A06
DURANCE16S_14Bue1005Cn03A	14Bue1005Cn03A	14Bue1005Cn03A	biological	biological	fish gut metagenome	1602388	Chondrostoma nasus hindgut bacterial microbiota, Bue 2014, individual 1005	Chondrostoma nasus	nase	hindgut [UBERON:0001046]	2014	France	Bue	Bue1005	False	14Bue1005Cn03A	5	A07
DURANCE16S_14Bue1015Ch03A	14Bue1015Ch03A	14Bue1015Ch03A	biological	biological	fish gut metagenome	1602388	Chondrostoma sp. hindgut bacterial microbiota, Bue 2014, individual 1015	Chondrostoma sp.	Chondrostoma sp.	hindgut [UBERON:0001046]	2014	France	Bue	Bue1015	False	14Bue1015Ch03A	5	A08
DURANCE16S_14Man1011Ch03A	14Man1011Ch03A	14Man1011Ch03A	biological	biological	fish gut metagenome	1602388	Chondrostoma sp. hindgut bacterial microbiota, Man 2014, individual 1011	Chondrostoma sp.	Chondrostoma sp.	hindgut [UBERON:0001046]	2014	France	Man	Man1011	False	14Man1011Ch03A	5	A09
DURANCE16S_14Man1019Ch03A	14Man1019Ch03A	14Man1019Ch03A	biological	biological	fish gut metagenome	1602388	Chondrostoma sp. hindgut bacterial microbiota, Man 2014, individual 1019	Chondrostoma sp.	Chondrostoma sp.	hindgut [UBERON:0001046]	2014	France	Man	Man1019	False	14Man1019Ch03A	5	A10
DURANCE16S_14Per2011Ch03A	14Per2011Ch03A	14Per2011Ch03A	biological	biological	fish gut metagenome	1602388	Chondrostoma sp. hindgut bacterial microbiota, Per 2014, individual 2011	Chondrostoma sp.	Chondrostoma sp.	hindgut [UBERON:0001046]	2014	France	Per	Per2011	False	14Per2011Ch03A	5	A11
DURANCE16S_14Per2011Ch03A-bis	14Per2011Ch03A-bis	14Per2011Ch03A-bis	biological	biological	fish gut metagenome	1602388	Chondrostoma sp. hindgut bacterial microbiota, Per 2014, individual 2011	Chondrostoma sp.	Chondrostoma sp.	hindgut [UBERON:0001046]	2014	France	Per	Per2011	False	14Per2011Ch03A_bis	5	A12
DURANCE16S_14Ain1002Cn03A	14Ain1002Cn03A	14Ain1002Cn03A	biological	biological	fish gut metagenome	1602388	Chondrostoma nasus hindgut bacterial microbiota, Ain 2014, individual 1002	Chondrostoma nasus	nase	hindgut [UBERON:0001046]	2014	France	Ain	Ain1002	False	14Ain1002Cn03A	5	B01
DURANCE16S_14Ain1039Pt03A	14Ain1039Pt03A	14Ain1039Pt03A	biological	biological	fish gut metagenome	1602388	Parachondrostoma toxostoma hindgut bacterial microbiota, Ain 2014, individual 1039	Parachondrostoma toxostoma	toxostome	hindgut [UBERON:0001046]	2014	France	Ain	Ain1039	False	14Ain1039Pt03A	5	B02
DURANCE16S_15Cab1004Ch03A	15Cab1004Ch03A	15Cab1004Ch03A	biological	biological	fish gut metagenome	1602388	Chondrostoma sp. hindgut bacterial microbiota, Cab 2015, individual 1004	Chondrostoma sp.	Chondrostoma sp.	hindgut [UBERON:0001046]	2015	France	Cab	Cab1004	False	15Cab1004Ch03A	5	B03
DURANCE16S_15Cab1012Ch03A	15Cab1012Ch03A	15Cab1012Ch03A	biological	biological	fish gut metagenome	1602388	Chondrostoma sp. hindgut bacterial microbiota, Cab 2015, individual 1012	Chondrostoma sp.	Chondrostoma sp.	hindgut [UBERON:0001046]	2015	France	Cab	Cab1012	False	15Cab1012Ch03A	5	B04
DURANCE16S_14Avi1001Cn03A	14Avi1001Cn03A	14Avi1001Cn03A	biological	biological	fish gut metagenome	1602388	Chondrostoma nasus hindgut bacterial microbiota, Avi 2014, individual 1001	Chondrostoma nasus	nase	hindgut [UBERON:0001046]	2014	France	Avi	Avi1001	False	14Avi1001Cn03A	5	B05
DURANCE16S_14Avi1036-Cn03A	14Avi1036-Cn03A	14Avi1036-Cn03A	biological	biological	fish gut metagenome	1602388	Chondrostoma nasus hindgut bacterial microbiota, Avi 2014, individual 1036	Chondrostoma nasus	nase	hindgut [UBERON:0001046]	2014	France	Avi	Avi1036	False	14Avi1036 Cn03A	5	B06
DURANCE16S_14Bue1006Cn03A	14Bue1006Cn03A	14Bue1006Cn03A	biological	biological	fish gut metagenome	1602388	Chondrostoma nasus hindgut bacterial microbiota, Bue 2014, individual 1006	Chondrostoma nasus	nase	hindgut [UBERON:0001046]	2014	France	Bue	Bue1006	False	14Bue1006Cn03A	5	B07
DURANCE16S_14Bue1016Ch03A	14Bue1016Ch03A	14Bue1016Ch03A	biological	biological	fish gut metagenome	1602388	Chondrostoma sp. hindgut bacterial microbiota, Bue 2014, individual 1016	Chondrostoma sp.	Chondrostoma sp.	hindgut [UBERON:0001046]	2014	France	Bue	Bue1016	False	14Bue1016Ch03A	5	B08
DURANCE16S_14Man1012Ch03A	14Man1012Ch03A	14Man1012Ch03A	biological	biological	fish gut metagenome	1602388	Chondrostoma sp. hindgut bacterial microbiota, Man 2014, individual 1012	Chondrostoma sp.	Chondrostoma sp.	hindgut [UBERON:0001046]	2014	France	Man	Man1012	False	14Man1012Ch03A	5	B09
DURANCE16S_14Man1020Ch03A	14Man1020Ch03A	14Man1020Ch03A	biological	biological	fish gut metagenome	1602388	Chondrostoma sp. hindgut bacterial microbiota, Man 2014, individual 1020	Chondrostoma sp.	Chondrostoma sp.	hindgut [UBERON:0001046]	2014	France	Man	Man1020	False	14Man1020Ch03A	5	B10
DURANCE16S_14Per2012Ch03A	14Per2012Ch03A	14Per2012Ch03A	biological	biological	fish gut metagenome	1602388	Chondrostoma sp. hindgut bacterial microbiota, Per 2014, individual 2012	Chondrostoma sp.	Chondrostoma sp.	hindgut [UBERON:0001046]	2014	France	Per	Per2012	False	14Per2012Ch03A	5	B11
DURANCE16S_14Per2012Ch03A-bis	14Per2012Ch03A-bis	14Per2012Ch03A-bis	biological	biological	fish gut metagenome	1602388	Chondrostoma sp. hindgut bacterial microbiota, Per 2014, individual 2012	Chondrostoma sp.	Chondrostoma sp.	hindgut [UBERON:0001046]	2014	France	Per	Per2012	False	14Per2012Ch03A_bis	5	B12
DURANCE16S_14Ain1011Pt03A	14Ain1011Pt03A	14Ain1011Pt03A	biological	biological	fish gut metagenome	1602388	Parachondrostoma toxostoma hindgut bacterial microbiota, Ain 2014, individual 1011	Parachondrostoma toxostoma	toxostome	hindgut [UBERON:0001046]	2014	France	Ain	Ain1011	False	14Ain1011Pt03A	5	C01
DURANCE16S_14Ain1040Pt03A	14Ain1040Pt03A	14Ain1040Pt03A	biological	biological	fish gut metagenome	1602388	Parachondrostoma toxostoma hindgut bacterial microbiota, Ain 2014, individual 1040	Parachondrostoma toxostoma	toxostome	hindgut [UBERON:0001046]	2014	France	Ain	Ain1040	False	14Ain1040Pt03A	5	C02
DURANCE16S_15Cab1005Ch03A	15Cab1005Ch03A	15Cab1005Ch03A	biological	biological	fish gut metagenome	1602388	Chondrostoma sp. hindgut bacterial microbiota, Cab 2015, individual 1005	Chondrostoma sp.	Chondrostoma sp.	hindgut [UBERON:0001046]	2015	France	Cab	Cab1005	False	15Cab1005Ch03A	5	C03
DURANCE16S_15Cab1013Ch03A	15Cab1013Ch03A	15Cab1013Ch03A	biological	biological	fish gut metagenome	1602388	Chondrostoma sp. hindgut bacterial microbiota, Cab 2015, individual 1013	Chondrostoma sp.	Chondrostoma sp.	hindgut [UBERON:0001046]	2015	France	Cab	Cab1013	False	15Cab1013Ch03A	5	C04
DURANCE16S_14Avi1002Cn03A	14Avi1002Cn03A	14Avi1002Cn03A	biological	biological	fish gut metagenome	1602388	Chondrostoma nasus hindgut bacterial microbiota, Avi 2014, individual 1002	Chondrostoma nasus	nase	hindgut [UBERON:0001046]	2014	France	Avi	Avi1002	False	14Avi1002Cn03A	5	C05
DURANCE16S_14Avi1037Cn03A	14Avi1037Cn03A	14Avi1037Cn03A	biological	biological	fish gut metagenome	1602388	Chondrostoma nasus hindgut bacterial microbiota, Avi 2014, individual 1037	Chondrostoma nasus	nase	hindgut [UBERON:0001046]	2014	France	Avi	Avi1037	False	14Avi1037Cn03A	5	C06
DURANCE16S_14Bue1007Cn03A	14Bue1007Cn03A	14Bue1007Cn03A	biological	biological	fish gut metagenome	1602388	Chondrostoma nasus hindgut bacterial microbiota, Bue 2014, individual 1007	Chondrostoma nasus	nase	hindgut [UBERON:0001046]	2014	France	Bue	Bue1007	False	14Bue1007Cn03A	5	C07
DURANCE16S_14Bue1017Ch03A	14Bue1017Ch03A	14Bue1017Ch03A	biological	biological	fish gut metagenome	1602388	Chondrostoma sp. hindgut bacterial microbiota, Bue 2014, individual 1017	Chondrostoma sp.	Chondrostoma sp.	hindgut [UBERON:0001046]	2014	France	Bue	Bue1017	False	14Bue1017Ch03A	5	C08
DURANCE16S_14Man1013Ch03A	14Man1013Ch03A	14Man1013Ch03A	biological	biological	fish gut metagenome	1602388	Chondrostoma sp. hindgut bacterial microbiota, Man 2014, individual 1013	Chondrostoma sp.	Chondrostoma sp.	hindgut [UBERON:0001046]	2014	France	Man	Man1013	False	14Man1013Ch03A	5	C09
DURANCE16S_14Man1021Ch03A	14Man1021Ch03A	14Man1021Ch03A	biological	biological	fish gut metagenome	1602388	Chondrostoma sp. hindgut bacterial microbiota, Man 2014, individual 1021	Chondrostoma sp.	Chondrostoma sp.	hindgut [UBERON:0001046]	2014	France	Man	Man1021	False	14Man1021Ch03A	5	C10
DURANCE16S_14Per2013Ch03A	14Per2013Ch03A	14Per2013Ch03A	biological	biological	fish gut metagenome	1602388	Chondrostoma sp. hindgut bacterial microbiota, Per 2014, individual 2013	Chondrostoma sp.	Chondrostoma sp.	hindgut [UBERON:0001046]	2014	France	Per	Per2013	False	14Per2013Ch03A	5	C11
DURANCE16S_empty-12	empty-12	empty-12	empty	empty	blank sample	2582415	empty well, no library added (index-hopping monitor) — empty_12				missing: control sample	missing: control sample			True	empty_12	5	C12
DURANCE16S_14Ain1012Pt03A	14Ain1012Pt03A	14Ain1012Pt03A	biological	biological	fish gut metagenome	1602388	Parachondrostoma toxostoma hindgut bacterial microbiota, Ain 2014, individual 1012	Parachondrostoma toxostoma	toxostome	hindgut [UBERON:0001046]	2014	France	Ain	Ain1012	False	14Ain1012Pt03A	5	D01
DURANCE16S_14Ain1041Pt03A	14Ain1041Pt03A	14Ain1041Pt03A	biological	biological	fish gut metagenome	1602388	Parachondrostoma toxostoma hindgut bacterial microbiota, Ain 2014, individual 1041	Parachondrostoma toxostoma	toxostome	hindgut [UBERON:0001046]	2014	France	Ain	Ain1041	False	14Ain1041Pt03A	5	D02
DURANCE16S_15Cab1006Ch03A	15Cab1006Ch03A	15Cab1006Ch03A	biological	biological	fish gut metagenome	1602388	Chondrostoma sp. hindgut bacterial microbiota, Cab 2015, individual 1006	Chondrostoma sp.	Chondrostoma sp.	hindgut [UBERON:0001046]	2015	France	Cab	Cab1006	False	15Cab1006Ch03A	5	D03
DURANCE16S_15Cab1014Ch03A	15Cab1014Ch03A	15Cab1014Ch03A	biological	biological	fish gut metagenome	1602388	Chondrostoma sp. hindgut bacterial microbiota, Cab 2015, individual 1014	Chondrostoma sp.	Chondrostoma sp.	hindgut [UBERON:0001046]	2015	France	Cab	Cab1014	False	15Cab1014Ch03A	5	D04
DURANCE16S_14Avi1003Cn03A	14Avi1003Cn03A	14Avi1003Cn03A	biological	biological	fish gut metagenome	1602388	Chondrostoma nasus hindgut bacterial microbiota, Avi 2014, individual 1003	Chondrostoma nasus	nase	hindgut [UBERON:0001046]	2014	France	Avi	Avi1003	False	14Avi1003Cn03A	5	D05
DURANCE16S_14Avi1038Cn03A	14Avi1038Cn03A	14Avi1038Cn03A	biological	biological	fish gut metagenome	1602388	Chondrostoma nasus hindgut bacterial microbiota, Avi 2014, individual 1038	Chondrostoma nasus	nase	hindgut [UBERON:0001046]	2014	France	Avi	Avi1038	False	14Avi1038Cn03A	5	D06
DURANCE16S_14Bue1008Cn03A	14Bue1008Cn03A	14Bue1008Cn03A	biological	biological	fish gut metagenome	1602388	Chondrostoma nasus hindgut bacterial microbiota, Bue 2014, individual 1008	Chondrostoma nasus	nase	hindgut [UBERON:0001046]	2014	France	Bue	Bue1008	False	14Bue1008Cn03A	5	D07
DURANCE16S_14Bue1018Ch03A	14Bue1018Ch03A	14Bue1018Ch03A	biological	biological	fish gut metagenome	1602388	Chondrostoma sp. hindgut bacterial microbiota, Bue 2014, individual 1018	Chondrostoma sp.	Chondrostoma sp.	hindgut [UBERON:0001046]	2014	France	Bue	Bue1018	False	14Bue1018Ch03A	5	D08
DURANCE16S_14Man1014Ch03A	14Man1014Ch03A	14Man1014Ch03A	biological	biological	fish gut metagenome	1602388	Chondrostoma sp. hindgut bacterial microbiota, Man 2014, individual 1014	Chondrostoma sp.	Chondrostoma sp.	hindgut [UBERON:0001046]	2014	France	Man	Man1014	False	14Man1014Ch03A	5	D09
DURANCE16S_14Man1022Ch03A	14Man1022Ch03A	14Man1022Ch03A	biological	biological	fish gut metagenome	1602388	Chondrostoma sp. hindgut bacterial microbiota, Man 2014, individual 1022	Chondrostoma sp.	Chondrostoma sp.	hindgut [UBERON:0001046]	2014	France	Man	Man1022	False	14Man1022Ch03A	5	D10
DURANCE16S_14Per2014Ch03A	14Per2014Ch03A	14Per2014Ch03A	biological	biological	fish gut metagenome	1602388	Chondrostoma sp. hindgut bacterial microbiota, Per 2014, individual 2014	Chondrostoma sp.	Chondrostoma sp.	hindgut [UBERON:0001046]	2014	France	Per	Per2014	False	14Per2014Ch03A	5	D11
DURANCE16S_empty-13	empty-13	empty-13	empty	empty	blank sample	2582415	empty well, no library added (index-hopping monitor) — empty_13				missing: control sample	missing: control sample			True	empty_13	5	D12
DURANCE16S_14Ain1013Pt03A	14Ain1013Pt03A	14Ain1013Pt03A	biological	biological	fish gut metagenome	1602388	Parachondrostoma toxostoma hindgut bacterial microbiota, Ain 2014, individual 1013	Parachondrostoma toxostoma	toxostome	hindgut [UBERON:0001046]	2014	France	Ain	Ain1013	False	14Ain1013Pt03A	5	E01
DURANCE16S_14Ain1042Pt03A	14Ain1042Pt03A	14Ain1042Pt03A	biological	biological	fish gut metagenome	1602388	Parachondrostoma toxostoma hindgut bacterial microbiota, Ain 2014, individual 1042	Parachondrostoma toxostoma	toxostome	hindgut [UBERON:0001046]	2014	France	Ain	Ain1042	False	14Ain1042Pt03A	5	E02
DURANCE16S_15Cab1007Ch03A	15Cab1007Ch03A	15Cab1007Ch03A	biological	biological	fish gut metagenome	1602388	Chondrostoma sp. hindgut bacterial microbiota, Cab 2015, individual 1007	Chondrostoma sp.	Chondrostoma sp.	hindgut [UBERON:0001046]	2015	France	Cab	Cab1007	False	15Cab1007Ch03A	5	E03
DURANCE16S_15Cab1015Ch03A	15Cab1015Ch03A	15Cab1015Ch03A	biological	biological	fish gut metagenome	1602388	Chondrostoma sp. hindgut bacterial microbiota, Cab 2015, individual 1015	Chondrostoma sp.	Chondrostoma sp.	hindgut [UBERON:0001046]	2015	France	Cab	Cab1015	False	15Cab1015Ch03A	5	E04
DURANCE16S_14Avi1004Cn03A	14Avi1004Cn03A	14Avi1004Cn03A	biological	biological	fish gut metagenome	1602388	Chondrostoma nasus hindgut bacterial microbiota, Avi 2014, individual 1004	Chondrostoma nasus	nase	hindgut [UBERON:0001046]	2014	France	Avi	Avi1004	False	14Avi1004Cn03A	5	E05
DURANCE16S_14Bue1001Cn03A	14Bue1001Cn03A	14Bue1001Cn03A	biological	biological	fish gut metagenome	1602388	Chondrostoma nasus hindgut bacterial microbiota, Bue 2014, individual 1001	Chondrostoma nasus	nase	hindgut [UBERON:0001046]	2014	France	Bue	Bue1001	False	14Bue1001Cn03A	5	E06
DURANCE16S_14Bue1011Ch03A	14Bue1011Ch03A	14Bue1011Ch03A	biological	biological	fish gut metagenome	1602388	Chondrostoma sp. hindgut bacterial microbiota, Bue 2014, individual 1011	Chondrostoma sp.	Chondrostoma sp.	hindgut [UBERON:0001046]	2014	France	Bue	Bue1011	False	14Bue1011Ch03A	5	E07
DURANCE16S_14Bue1019Ch03A	14Bue1019Ch03A	14Bue1019Ch03A	biological	biological	fish gut metagenome	1602388	Chondrostoma sp. hindgut bacterial microbiota, Bue 2014, individual 1019	Chondrostoma sp.	Chondrostoma sp.	hindgut [UBERON:0001046]	2014	France	Bue	Bue1019	False	14Bue1019Ch03A	5	E08
DURANCE16S_14Man1015Ch03A	14Man1015Ch03A	14Man1015Ch03A	biological	biological	fish gut metagenome	1602388	Chondrostoma sp. hindgut bacterial microbiota, Man 2014, individual 1015	Chondrostoma sp.	Chondrostoma sp.	hindgut [UBERON:0001046]	2014	France	Man	Man1015	False	14Man1015Ch03A	5	E09
DURANCE16S_14Per1011Ch03A	14Per1011Ch03A	14Per1011Ch03A	biological	biological	fish gut metagenome	1602388	Chondrostoma sp. hindgut bacterial microbiota, Per 2014, individual 1011	Chondrostoma sp.	Chondrostoma sp.	hindgut [UBERON:0001046]	2014	France	Per	Per1011	False	14Per1011Ch03A	5	E10
DURANCE16S_15Per2015Ch03A	15Per2015Ch03A	15Per2015Ch03A	biological	biological	fish gut metagenome	1602388	Chondrostoma sp. hindgut bacterial microbiota, Per 2015, individual 2015	Chondrostoma sp.	Chondrostoma sp.	hindgut [UBERON:0001046]	2015	France	Per	Per2015	False	15Per2015Ch03A	5	E11
DURANCE16S_empty-14	empty-14	empty-14	empty	empty	blank sample	2582415	empty well, no library added (index-hopping monitor) — empty_14				missing: control sample	missing: control sample			True	empty_14	5	E12
DURANCE16S_14Ain1014Pt03A	14Ain1014Pt03A	14Ain1014Pt03A	biological	biological	fish gut metagenome	1602388	Parachondrostoma toxostoma hindgut bacterial microbiota, Ain 2014, individual 1014	Parachondrostoma toxostoma	toxostome	hindgut [UBERON:0001046]	2014	France	Ain	Ain1014	False	14Ain1014Pt03A	5	F01
DURANCE16S_14Ain1043Pt03A	14Ain1043Pt03A	14Ain1043Pt03A	biological	biological	fish gut metagenome	1602388	Parachondrostoma toxostoma hindgut bacterial microbiota, Ain 2014, individual 1043	Parachondrostoma toxostoma	toxostome	hindgut [UBERON:0001046]	2014	France	Ain	Ain1043	False	14Ain1043Pt03A	5	F02
DURANCE16S_15Cab1008Ch03A	15Cab1008Ch03A	15Cab1008Ch03A	biological	biological	fish gut metagenome	1602388	Chondrostoma sp. hindgut bacterial microbiota, Cab 2015, individual 1008	Chondrostoma sp.	Chondrostoma sp.	hindgut [UBERON:0001046]	2015	France	Cab	Cab1008	False	15Cab1008Ch03A	5	F03
DURANCE16S_15Cab1016Ch03A	15Cab1016Ch03A	15Cab1016Ch03A	biological	biological	fish gut metagenome	1602388	Chondrostoma sp. hindgut bacterial microbiota, Cab 2015, individual 1016	Chondrostoma sp.	Chondrostoma sp.	hindgut [UBERON:0001046]	2015	France	Cab	Cab1016	False	15Cab1016Ch03A	5	F04
DURANCE16S_14Avi1005Cn03A	14Avi1005Cn03A	14Avi1005Cn03A	biological	biological	fish gut metagenome	1602388	Chondrostoma nasus hindgut bacterial microbiota, Avi 2014, individual 1005	Chondrostoma nasus	nase	hindgut [UBERON:0001046]	2014	France	Avi	Avi1005	False	14Avi1005Cn03A	5	F05
DURANCE16S_14Bue1002Cn03A	14Bue1002Cn03A	14Bue1002Cn03A	biological	biological	fish gut metagenome	1602388	Chondrostoma nasus hindgut bacterial microbiota, Bue 2014, individual 1002	Chondrostoma nasus	nase	hindgut [UBERON:0001046]	2014	France	Bue	Bue1002	False	14Bue1002Cn03A	5	F06
DURANCE16S_14Bue1012Ch03A	14Bue1012Ch03A	14Bue1012Ch03A	biological	biological	fish gut metagenome	1602388	Chondrostoma sp. hindgut bacterial microbiota, Bue 2014, individual 1012	Chondrostoma sp.	Chondrostoma sp.	hindgut [UBERON:0001046]	2014	France	Bue	Bue1012	False	14Bue1012Ch03A	5	F07
DURANCE16S_14Man1001Cn03A	14Man1001Cn03A	14Man1001Cn03A	biological	biological	fish gut metagenome	1602388	Chondrostoma nasus hindgut bacterial microbiota, Man 2014, individual 1001	Chondrostoma nasus	nase	hindgut [UBERON:0001046]	2014	France	Man	Man1001	False	14Man1001Cn03A	5	F08
DURANCE16S_14Man1016Ch03A	14Man1016Ch03A	14Man1016Ch03A	biological	biological	fish gut metagenome	1602388	Chondrostoma sp. hindgut bacterial microbiota, Man 2014, individual 1016	Chondrostoma sp.	Chondrostoma sp.	hindgut [UBERON:0001046]	2014	France	Man	Man1016	False	14Man1016Ch03A	5	F09
DURANCE16S_14Per1012Ch03A	14Per1012Ch03A	14Per1012Ch03A	biological	biological	fish gut metagenome	1602388	Chondrostoma sp. hindgut bacterial microbiota, Per 2014, individual 1012	Chondrostoma sp.	Chondrostoma sp.	hindgut [UBERON:0001046]	2014	France	Per	Per1012	False	14Per1012Ch03A	5	F10
DURANCE16S_Blanc-Hindgut	Blanc-Hindgut	Blanc-Hindgut	blank	blank	blank sample	2582415	DNA extraction blank — Blanc-Hindgut				missing: control sample	missing: control sample			True	Blanc-Hindgut	5	F11
DURANCE16S_empty-15	empty-15	empty-15	empty	empty	blank sample	2582415	empty well, no library added (index-hopping monitor) — empty_15				missing: control sample	missing: control sample			True	empty_15	5	F12
DURANCE16S_14Ain1036Cn03A	14Ain1036Cn03A	14Ain1036Cn03A	biological	biological	fish gut metagenome	1602388	Chondrostoma nasus hindgut bacterial microbiota, Ain 2014, individual 1036	Chondrostoma nasus	nase	hindgut [UBERON:0001046]	2014	France	Ain	Ain1036	False	14Ain1036Cn03A	5	G01
DURANCE16S_15Cab1001Ch03A	15Cab1001Ch03A	15Cab1001Ch03A	biological	biological	fish gut metagenome	1602388	Chondrostoma sp. hindgut bacterial microbiota, Cab 2015, individual 1001	Chondrostoma sp.	Chondrostoma sp.	hindgut [UBERON:0001046]	2015	France	Cab	Cab1001	False	15Cab1001Ch03A	5	G02
DURANCE16S_15Cab1009Ch03A	15Cab1009Ch03A	15Cab1009Ch03A	biological	biological	fish gut metagenome	1602388	Chondrostoma sp. hindgut bacterial microbiota, Cab 2015, individual 1009	Chondrostoma sp.	Chondrostoma sp.	hindgut [UBERON:0001046]	2015	France	Cab	Cab1009	False	15Cab1009Ch03A	5	G03
DURANCE16S_15Cab1017Ch03A	15Cab1017Ch03A	15Cab1017Ch03A	biological	biological	fish gut metagenome	1602388	Chondrostoma sp. hindgut bacterial microbiota, Cab 2015, individual 1017	Chondrostoma sp.	Chondrostoma sp.	hindgut [UBERON:0001046]	2015	France	Cab	Cab1017	False	15Cab1017Ch03A	5	G04
DURANCE16S_14Avi1006Cn03A	14Avi1006Cn03A	14Avi1006Cn03A	biological	biological	fish gut metagenome	1602388	Chondrostoma nasus hindgut bacterial microbiota, Avi 2014, individual 1006	Chondrostoma nasus	nase	hindgut [UBERON:0001046]	2014	France	Avi	Avi1006	False	14Avi1006Cn03A	5	G05
DURANCE16S_14Bue1003Cn03A	14Bue1003Cn03A	14Bue1003Cn03A	biological	biological	fish gut metagenome	1602388	Chondrostoma nasus hindgut bacterial microbiota, Bue 2014, individual 1003	Chondrostoma nasus	nase	hindgut [UBERON:0001046]	2014	France	Bue	Bue1003	False	14Bue1003Cn03A	5	G06
DURANCE16S_14Bue1013Ch03A	14Bue1013Ch03A	14Bue1013Ch03A	biological	biological	fish gut metagenome	1602388	Chondrostoma sp. hindgut bacterial microbiota, Bue 2014, individual 1013	Chondrostoma sp.	Chondrostoma sp.	hindgut [UBERON:0001046]	2014	France	Bue	Bue1013	False	14Bue1013Ch03A	5	G07
DURANCE16S_14Man1002Cn03A	14Man1002Cn03A	14Man1002Cn03A	biological	biological	fish gut metagenome	1602388	Chondrostoma nasus hindgut bacterial microbiota, Man 2014, individual 1002	Chondrostoma nasus	nase	hindgut [UBERON:0001046]	2014	France	Man	Man1002	False	14Man1002Cn03A	5	G08
DURANCE16S_14Man1017Ch03A	14Man1017Ch03A	14Man1017Ch03A	biological	biological	fish gut metagenome	1602388	Chondrostoma sp. hindgut bacterial microbiota, Man 2014, individual 1017	Chondrostoma sp.	Chondrostoma sp.	hindgut [UBERON:0001046]	2014	France	Man	Man1017	False	14Man1017Ch03A	5	G09
DURANCE16S_14Per1013Ch03A	14Per1013Ch03A	14Per1013Ch03A	biological	biological	fish gut metagenome	1602388	Chondrostoma sp. hindgut bacterial microbiota, Per 2014, individual 1013	Chondrostoma sp.	Chondrostoma sp.	hindgut [UBERON:0001046]	2014	France	Per	Per1013	False	14Per1013Ch03A	5	G10
DURANCE16S_Mock-2	Mock-2	Mock-2	mock	mock	synthetic metagenome	1235509	ZymoBIOMICS Microbial Community Standard (D6300) — Mock-2				missing: control sample	missing: control sample			True	Mock-2	5	G11
DURANCE16S_empty-16	empty-16	empty-16	empty	empty	blank sample	2582415	empty well, no library added (index-hopping monitor) — empty_16				missing: control sample	missing: control sample			True	empty_16	5	G12
DURANCE16S_14Ain1037Cn03A	14Ain1037Cn03A	14Ain1037Cn03A	biological	biological	fish gut metagenome	1602388	Chondrostoma nasus hindgut bacterial microbiota, Ain 2014, individual 1037	Chondrostoma nasus	nase	hindgut [UBERON:0001046]	2014	France	Ain	Ain1037	False	14Ain1037Cn03A	5	H01
DURANCE16S_15Cab1002Ch03A	15Cab1002Ch03A	15Cab1002Ch03A	biological	biological	fish gut metagenome	1602388	Chondrostoma sp. hindgut bacterial microbiota, Cab 2015, individual 1002	Chondrostoma sp.	Chondrostoma sp.	hindgut [UBERON:0001046]	2015	France	Cab	Cab1002	False	15Cab1002Ch03A	5	H02
DURANCE16S_15Cab1010Ch03A	15Cab1010Ch03A	15Cab1010Ch03A	biological	biological	fish gut metagenome	1602388	Chondrostoma sp. hindgut bacterial microbiota, Cab 2015, individual 1010	Chondrostoma sp.	Chondrostoma sp.	hindgut [UBERON:0001046]	2015	France	Cab	Cab1010	False	15Cab1010Ch03A	5	H03
DURANCE16S_15Cab1018Ch03A	15Cab1018Ch03A	15Cab1018Ch03A	biological	biological	fish gut metagenome	1602388	Chondrostoma sp. hindgut bacterial microbiota, Cab 2015, individual 1018	Chondrostoma sp.	Chondrostoma sp.	hindgut [UBERON:0001046]	2015	France	Cab	Cab1018	False	15Cab1018Ch03A	5	H04
DURANCE16S_14Avi1007Cn03A	14Avi1007Cn03A	14Avi1007Cn03A	biological	biological	fish gut metagenome	1602388	Chondrostoma nasus hindgut bacterial microbiota, Avi 2014, individual 1007	Chondrostoma nasus	nase	hindgut [UBERON:0001046]	2014	France	Avi	Avi1007	False	14Avi1007Cn03A	5	H05
DURANCE16S_14Bue1004Cn03A	14Bue1004Cn03A	14Bue1004Cn03A	biological	biological	fish gut metagenome	1602388	Chondrostoma nasus hindgut bacterial microbiota, Bue 2014, individual 1004	Chondrostoma nasus	nase	hindgut [UBERON:0001046]	2014	France	Bue	Bue1004	False	14Bue1004Cn03A	5	H06
DURANCE16S_14Bue1014Ch03A	14Bue1014Ch03A	14Bue1014Ch03A	biological	biological	fish gut metagenome	1602388	Chondrostoma sp. hindgut bacterial microbiota, Bue 2014, individual 1014	Chondrostoma sp.	Chondrostoma sp.	hindgut [UBERON:0001046]	2014	France	Bue	Bue1014	False	14Bue1014Ch03A	5	H07
DURANCE16S_14Man1010Cn03A	14Man1010Cn03A	14Man1010Cn03A	biological	biological	fish gut metagenome	1602388	Chondrostoma nasus hindgut bacterial microbiota, Man 2014, individual 1010	Chondrostoma nasus	nase	hindgut [UBERON:0001046]	2014	France	Man	Man1010	False	14Man1010Cn03A	5	H08
DURANCE16S_14Man1018Ch03A	14Man1018Ch03A	14Man1018Ch03A	biological	biological	fish gut metagenome	1602388	Chondrostoma sp. hindgut bacterial microbiota, Man 2014, individual 1018	Chondrostoma sp.	Chondrostoma sp.	hindgut [UBERON:0001046]	2014	France	Man	Man1018	False	14Man1018Ch03A	5	H09
DURANCE16S_14Per1014Ch03A	14Per1014Ch03A	14Per1014Ch03A	biological	biological	fish gut metagenome	1602388	Chondrostoma sp. hindgut bacterial microbiota, Per 2014, individual 1014	Chondrostoma sp.	Chondrostoma sp.	hindgut [UBERON:0001046]	2014	France	Per	Per1014	False	14Per1014Ch03A	5	H10
DURANCE16S_T-5	T-5	T-5	temoin	temoin	blank sample	2582415	no-template PCR control — T-5				missing: control sample	missing: control sample			True	T-5	5	H11
DURANCE16S_empty-17	empty-17	empty-17	empty	empty	blank sample	2582415	empty well, no library added (index-hopping monitor) — empty_17				missing: control sample	missing: control sample			True	empty_17	5	H12
DURANCE16S_15Bau1001Ch03A	15Bau1001Ch03A	15Bau1001Ch03A	biological	biological	fish gut metagenome	1602388	Chondrostoma sp. hindgut bacterial microbiota, Bau 2015, individual 1001	Chondrostoma sp.	Chondrostoma sp.	hindgut [UBERON:0001046]	2015	France	Bau	Bau1001	False	15Bau1001Ch03A	6	A01
DURANCE16S_15Bau1009Ch03A	15Bau1009Ch03A	15Bau1009Ch03A	biological	biological	fish gut metagenome	1602388	Chondrostoma sp. hindgut bacterial microbiota, Bau 2015, individual 1009	Chondrostoma sp.	Chondrostoma sp.	hindgut [UBERON:0001046]	2015	France	Bau	Bau1009	False	15Bau1009Ch03A	6	A02
DURANCE16S_15Bau1017Ch03A	15Bau1017Ch03A	15Bau1017Ch03A	biological	biological	fish gut metagenome	1602388	Chondrostoma sp. hindgut bacterial microbiota, Bau 2015, individual 1017	Chondrostoma sp.	Chondrostoma sp.	hindgut [UBERON:0001046]	2015	France	Bau	Bau1017	False	15Bau1017Ch03A	6	A03
DURANCE16S_15Bau1025Ch03A	15Bau1025Ch03A	15Bau1025Ch03A	biological	biological	fish gut metagenome	1602388	Chondrostoma sp. hindgut bacterial microbiota, Bau 2015, individual 1025	Chondrostoma sp.	Chondrostoma sp.	hindgut [UBERON:0001046]	2015	France	Bau	Bau1025	False	15Bau1025Ch03A	6	A04
DURANCE16S_15Jus1008Ch03A	15Jus1008Ch03A	15Jus1008Ch03A	biological	biological	fish gut metagenome	1602388	Chondrostoma sp. hindgut bacterial microbiota, Jus 2015, individual 1008	Chondrostoma sp.	Chondrostoma sp.	hindgut [UBERON:0001046]	2015	France	Jus	Jus1008	False	15Jus1008Ch03A	6	A05
DURANCE16S_15Jus1016Ch03A	15Jus1016Ch03A	15Jus1016Ch03A	biological	biological	fish gut metagenome	1602388	Chondrostoma sp. hindgut bacterial microbiota, Jus 2015, individual 1016	Chondrostoma sp.	Chondrostoma sp.	hindgut [UBERON:0001046]	2015	France	Jus	Jus1016	False	15Jus1016Ch03A	6	A06
DURANCE16S_15Caa1005Ch03A	15Caa1005Ch03A	15Caa1005Ch03A	biological	biological	fish gut metagenome	1602388	Chondrostoma sp. hindgut bacterial microbiota, Caa 2015, individual 1005	Chondrostoma sp.	Chondrostoma sp.	hindgut [UBERON:0001046]	2015	France	Caa	Caa1005	False	15Caa1005Ch03A	6	A07
DURANCE16S_15Caa1013Ch03A	15Caa1013Ch03A	15Caa1013Ch03A	biological	biological	fish gut metagenome	1602388	Chondrostoma sp. hindgut bacterial microbiota, Caa 2015, individual 1013	Chondrostoma sp.	Chondrostoma sp.	hindgut [UBERON:0001046]	2015	France	Caa	Caa1013	False	15Caa1013Ch03A	6	A08
DURANCE16S_15Avi1001Cn03A	15Avi1001Cn03A	15Avi1001Cn03A	biological	biological	fish gut metagenome	1602388	Chondrostoma nasus hindgut bacterial microbiota, Avi 2015, individual 1001	Chondrostoma nasus	nase	hindgut [UBERON:0001046]	2015	France	Avi	Avi1001	False	15Avi1001Cn03A	6	A09
DURANCE16S_15Avi1009Cn03A	15Avi1009Cn03A	15Avi1009Cn03A	biological	biological	fish gut metagenome	1602388	Chondrostoma nasus hindgut bacterial microbiota, Avi 2015, individual 1009	Chondrostoma nasus	nase	hindgut [UBERON:0001046]	2015	France	Avi	Avi1009	False	15Avi1009Cn03A	6	A10
DURANCE16S_15Bue1004Ch03A	15Bue1004Ch03A	15Bue1004Ch03A	biological	biological	fish gut metagenome	1602388	Chondrostoma sp. hindgut bacterial microbiota, Bue 2015, individual 1004	Chondrostoma sp.	Chondrostoma sp.	hindgut [UBERON:0001046]	2015	France	Bue	Bue1004	False	15Bue1004Ch03A	6	A11
DURANCE16S_15Bue1012Ch03A	15Bue1012Ch03A	15Bue1012Ch03A	biological	biological	fish gut metagenome	1602388	Chondrostoma sp. hindgut bacterial microbiota, Bue 2015, individual 1012	Chondrostoma sp.	Chondrostoma sp.	hindgut [UBERON:0001046]	2015	France	Bue	Bue1012	False	15Bue1012Ch03A	6	A12
DURANCE16S_15Bau1002Ch03A	15Bau1002Ch03A	15Bau1002Ch03A	biological	biological	fish gut metagenome	1602388	Chondrostoma sp. hindgut bacterial microbiota, Bau 2015, individual 1002	Chondrostoma sp.	Chondrostoma sp.	hindgut [UBERON:0001046]	2015	France	Bau	Bau1002	False	15Bau1002Ch03A	6	B01
DURANCE16S_15Bau1010Ch03A	15Bau1010Ch03A	15Bau1010Ch03A	biological	biological	fish gut metagenome	1602388	Chondrostoma sp. hindgut bacterial microbiota, Bau 2015, individual 1010	Chondrostoma sp.	Chondrostoma sp.	hindgut [UBERON:0001046]	2015	France	Bau	Bau1010	False	15Bau1010Ch03A	6	B02
DURANCE16S_15Bau1018Ch03A	15Bau1018Ch03A	15Bau1018Ch03A	biological	biological	fish gut metagenome	1602388	Chondrostoma sp. hindgut bacterial microbiota, Bau 2015, individual 1018	Chondrostoma sp.	Chondrostoma sp.	hindgut [UBERON:0001046]	2015	France	Bau	Bau1018	False	15Bau1018Ch03A	6	B03
DURANCE16S_15Jus1001Ch03A	15Jus1001Ch03A	15Jus1001Ch03A	biological	biological	fish gut metagenome	1602388	Chondrostoma sp. hindgut bacterial microbiota, Jus 2015, individual 1001	Chondrostoma sp.	Chondrostoma sp.	hindgut [UBERON:0001046]	2015	France	Jus	Jus1001	False	15Jus1001Ch03A	6	B04
DURANCE16S_15Jus1009Ch03A	15Jus1009Ch03A	15Jus1009Ch03A	biological	biological	fish gut metagenome	1602388	Chondrostoma sp. hindgut bacterial microbiota, Jus 2015, individual 1009	Chondrostoma sp.	Chondrostoma sp.	hindgut [UBERON:0001046]	2015	France	Jus	Jus1009	False	15Jus1009Ch03A	6	B05
DURANCE16S_15Jus1017Ch03A	15Jus1017Ch03A	15Jus1017Ch03A	biological	biological	fish gut metagenome	1602388	Chondrostoma sp. hindgut bacterial microbiota, Jus 2015, individual 1017	Chondrostoma sp.	Chondrostoma sp.	hindgut [UBERON:0001046]	2015	France	Jus	Jus1017	False	15Jus1017Ch03A	6	B06
DURANCE16S_15Caa1006Ch03A	15Caa1006Ch03A	15Caa1006Ch03A	biological	biological	fish gut metagenome	1602388	Chondrostoma sp. hindgut bacterial microbiota, Caa 2015, individual 1006	Chondrostoma sp.	Chondrostoma sp.	hindgut [UBERON:0001046]	2015	France	Caa	Caa1006	False	15Caa1006Ch03A	6	B07
DURANCE16S_15Caa1014Ch03A	15Caa1014Ch03A	15Caa1014Ch03A	biological	biological	fish gut metagenome	1602388	Chondrostoma sp. hindgut bacterial microbiota, Caa 2015, individual 1014	Chondrostoma sp.	Chondrostoma sp.	hindgut [UBERON:0001046]	2015	France	Caa	Caa1014	False	15Caa1014Ch03A	6	B08
DURANCE16S_15Avi1002Cn03A	15Avi1002Cn03A	15Avi1002Cn03A	biological	biological	fish gut metagenome	1602388	Chondrostoma nasus hindgut bacterial microbiota, Avi 2015, individual 1002	Chondrostoma nasus	nase	hindgut [UBERON:0001046]	2015	France	Avi	Avi1002	False	15Avi1002Cn03A	6	B09
DURANCE16S_15Avi1010Cn03A	15Avi1010Cn03A	15Avi1010Cn03A	biological	biological	fish gut metagenome	1602388	Chondrostoma nasus hindgut bacterial microbiota, Avi 2015, individual 1010	Chondrostoma nasus	nase	hindgut [UBERON:0001046]	2015	France	Avi	Avi1010	False	15Avi1010Cn03A	6	B10
DURANCE16S_15Bue1005Ch03A	15Bue1005Ch03A	15Bue1005Ch03A	biological	biological	fish gut metagenome	1602388	Chondrostoma sp. hindgut bacterial microbiota, Bue 2015, individual 1005	Chondrostoma sp.	Chondrostoma sp.	hindgut [UBERON:0001046]	2015	France	Bue	Bue1005	False	15Bue1005Ch03A	6	B11
DURANCE16S_15Bue1013Ch03A	15Bue1013Ch03A	15Bue1013Ch03A	biological	biological	fish gut metagenome	1602388	Chondrostoma sp. hindgut bacterial microbiota, Bue 2015, individual 1013	Chondrostoma sp.	Chondrostoma sp.	hindgut [UBERON:0001046]	2015	France	Bue	Bue1013	False	15Bue1013Ch03A	6	B12
DURANCE16S_15Bau1003Ch03A	15Bau1003Ch03A	15Bau1003Ch03A	biological	biological	fish gut metagenome	1602388	Chondrostoma sp. hindgut bacterial microbiota, Bau 2015, individual 1003	Chondrostoma sp.	Chondrostoma sp.	hindgut [UBERON:0001046]	2015	France	Bau	Bau1003	False	15Bau1003Ch03A	6	C01
DURANCE16S_15Bau1011Ch03A	15Bau1011Ch03A	15Bau1011Ch03A	biological	biological	fish gut metagenome	1602388	Chondrostoma sp. hindgut bacterial microbiota, Bau 2015, individual 1011	Chondrostoma sp.	Chondrostoma sp.	hindgut [UBERON:0001046]	2015	France	Bau	Bau1011	False	15Bau1011Ch03A	6	C02
DURANCE16S_15Bau1019Ch03A	15Bau1019Ch03A	15Bau1019Ch03A	biological	biological	fish gut metagenome	1602388	Chondrostoma sp. hindgut bacterial microbiota, Bau 2015, individual 1019	Chondrostoma sp.	Chondrostoma sp.	hindgut [UBERON:0001046]	2015	France	Bau	Bau1019	False	15Bau1019Ch03A	6	C03
DURANCE16S_15Jus1002Ch03A	15Jus1002Ch03A	15Jus1002Ch03A	biological	biological	fish gut metagenome	1602388	Chondrostoma sp. hindgut bacterial microbiota, Jus 2015, individual 1002	Chondrostoma sp.	Chondrostoma sp.	hindgut [UBERON:0001046]	2015	France	Jus	Jus1002	False	15Jus1002Ch03A	6	C04
DURANCE16S_15Jus1010Ch03A	15Jus1010Ch03A	15Jus1010Ch03A	biological	biological	fish gut metagenome	1602388	Chondrostoma sp. hindgut bacterial microbiota, Jus 2015, individual 1010	Chondrostoma sp.	Chondrostoma sp.	hindgut [UBERON:0001046]	2015	France	Jus	Jus1010	False	15Jus1010Ch03A	6	C05
DURANCE16S_15Jus1018Ch03A	15Jus1018Ch03A	15Jus1018Ch03A	biological	biological	fish gut metagenome	1602388	Chondrostoma sp. hindgut bacterial microbiota, Jus 2015, individual 1018	Chondrostoma sp.	Chondrostoma sp.	hindgut [UBERON:0001046]	2015	France	Jus	Jus1018	False	15Jus1018Ch03A	6	C06
DURANCE16S_15Caa1007Ch03A	15Caa1007Ch03A	15Caa1007Ch03A	biological	biological	fish gut metagenome	1602388	Chondrostoma sp. hindgut bacterial microbiota, Caa 2015, individual 1007	Chondrostoma sp.	Chondrostoma sp.	hindgut [UBERON:0001046]	2015	France	Caa	Caa1007	False	15Caa1007Ch03A	6	C07
DURANCE16S_15Caa1015Ch03A	15Caa1015Ch03A	15Caa1015Ch03A	biological	biological	fish gut metagenome	1602388	Chondrostoma sp. hindgut bacterial microbiota, Caa 2015, individual 1015	Chondrostoma sp.	Chondrostoma sp.	hindgut [UBERON:0001046]	2015	France	Caa	Caa1015	False	15Caa1015Ch03A	6	C08
DURANCE16S_15Avi1003Cn03A	15Avi1003Cn03A	15Avi1003Cn03A	biological	biological	fish gut metagenome	1602388	Chondrostoma nasus hindgut bacterial microbiota, Avi 2015, individual 1003	Chondrostoma nasus	nase	hindgut [UBERON:0001046]	2015	France	Avi	Avi1003	False	15Avi1003Cn03A	6	C09
DURANCE16S_15Avi1011Cn03A	15Avi1011Cn03A	15Avi1011Cn03A	biological	biological	fish gut metagenome	1602388	Chondrostoma nasus hindgut bacterial microbiota, Avi 2015, individual 1011	Chondrostoma nasus	nase	hindgut [UBERON:0001046]	2015	France	Avi	Avi1011	False	15Avi1011Cn03A	6	C10
DURANCE16S_15Bue1006Ch03A	15Bue1006Ch03A	15Bue1006Ch03A	biological	biological	fish gut metagenome	1602388	Chondrostoma sp. hindgut bacterial microbiota, Bue 2015, individual 1006	Chondrostoma sp.	Chondrostoma sp.	hindgut [UBERON:0001046]	2015	France	Bue	Bue1006	False	15Bue1006Ch03A	6	C11
DURANCE16S_15Bue1014Ch03A	15Bue1014Ch03A	15Bue1014Ch03A	biological	biological	fish gut metagenome	1602388	Chondrostoma sp. hindgut bacterial microbiota, Bue 2015, individual 1014	Chondrostoma sp.	Chondrostoma sp.	hindgut [UBERON:0001046]	2015	France	Bue	Bue1014	False	15Bue1014Ch03A	6	C12
DURANCE16S_15Bau1004Ch03A	15Bau1004Ch03A	15Bau1004Ch03A	biological	biological	fish gut metagenome	1602388	Chondrostoma sp. hindgut bacterial microbiota, Bau 2015, individual 1004	Chondrostoma sp.	Chondrostoma sp.	hindgut [UBERON:0001046]	2015	France	Bau	Bau1004	False	15Bau1004Ch03A	6	D01
DURANCE16S_15Bau1012Ch03A	15Bau1012Ch03A	15Bau1012Ch03A	biological	biological	fish gut metagenome	1602388	Chondrostoma sp. hindgut bacterial microbiota, Bau 2015, individual 1012	Chondrostoma sp.	Chondrostoma sp.	hindgut [UBERON:0001046]	2015	France	Bau	Bau1012	False	15Bau1012Ch03A	6	D02
DURANCE16S_15Bau1020Ch03A	15Bau1020Ch03A	15Bau1020Ch03A	biological	biological	fish gut metagenome	1602388	Chondrostoma sp. hindgut bacterial microbiota, Bau 2015, individual 1020	Chondrostoma sp.	Chondrostoma sp.	hindgut [UBERON:0001046]	2015	France	Bau	Bau1020	False	15Bau1020Ch03A	6	D03
DURANCE16S_15Jus1003Ch03A	15Jus1003Ch03A	15Jus1003Ch03A	biological	biological	fish gut metagenome	1602388	Chondrostoma sp. hindgut bacterial microbiota, Jus 2015, individual 1003	Chondrostoma sp.	Chondrostoma sp.	hindgut [UBERON:0001046]	2015	France	Jus	Jus1003	False	15Jus1003Ch03A	6	D04
DURANCE16S_15Jus1011Ch03A	15Jus1011Ch03A	15Jus1011Ch03A	biological	biological	fish gut metagenome	1602388	Chondrostoma sp. hindgut bacterial microbiota, Jus 2015, individual 1011	Chondrostoma sp.	Chondrostoma sp.	hindgut [UBERON:0001046]	2015	France	Jus	Jus1011	False	15Jus1011Ch03A	6	D05
DURANCE16S_15Jus1019Ch03A	15Jus1019Ch03A	15Jus1019Ch03A	biological	biological	fish gut metagenome	1602388	Chondrostoma sp. hindgut bacterial microbiota, Jus 2015, individual 1019	Chondrostoma sp.	Chondrostoma sp.	hindgut [UBERON:0001046]	2015	France	Jus	Jus1019	False	15Jus1019Ch03A	6	D06
DURANCE16S_15Caa1008Ch03A	15Caa1008Ch03A	15Caa1008Ch03A	biological	biological	fish gut metagenome	1602388	Chondrostoma sp. hindgut bacterial microbiota, Caa 2015, individual 1008	Chondrostoma sp.	Chondrostoma sp.	hindgut [UBERON:0001046]	2015	France	Caa	Caa1008	False	15Caa1008Ch03A	6	D07
DURANCE16S_15Caa1016Ch03A	15Caa1016Ch03A	15Caa1016Ch03A	biological	biological	fish gut metagenome	1602388	Chondrostoma sp. hindgut bacterial microbiota, Caa 2015, individual 1016	Chondrostoma sp.	Chondrostoma sp.	hindgut [UBERON:0001046]	2015	France	Caa	Caa1016	False	15Caa1016Ch03A	6	D08
DURANCE16S_15Avi1004Cn03A	15Avi1004Cn03A	15Avi1004Cn03A	biological	biological	fish gut metagenome	1602388	Chondrostoma nasus hindgut bacterial microbiota, Avi 2015, individual 1004	Chondrostoma nasus	nase	hindgut [UBERON:0001046]	2015	France	Avi	Avi1004	False	15Avi1004Cn03A	6	D09
DURANCE16S_15Avi1012Pt03A	15Avi1012Pt03A	15Avi1012Pt03A	biological	biological	fish gut metagenome	1602388	Parachondrostoma toxostoma hindgut bacterial microbiota, Avi 2015, individual 1012	Parachondrostoma toxostoma	toxostome	hindgut [UBERON:0001046]	2015	France	Avi	Avi1012	False	15Avi1012Pt03A	6	D10
DURANCE16S_15Bue1007Ch03A	15Bue1007Ch03A	15Bue1007Ch03A	biological	biological	fish gut metagenome	1602388	Chondrostoma sp. hindgut bacterial microbiota, Bue 2015, individual 1007	Chondrostoma sp.	Chondrostoma sp.	hindgut [UBERON:0001046]	2015	France	Bue	Bue1007	False	15Bue1007Ch03A	6	D11
DURANCE16S_15Bue1015Ch03A	15Bue1015Ch03A	15Bue1015Ch03A	biological	biological	fish gut metagenome	1602388	Chondrostoma sp. hindgut bacterial microbiota, Bue 2015, individual 1015	Chondrostoma sp.	Chondrostoma sp.	hindgut [UBERON:0001046]	2015	France	Bue	Bue1015	False	15Bue1015Ch03A	6	D12
DURANCE16S_15Bau1005Ch03A	15Bau1005Ch03A	15Bau1005Ch03A	biological	biological	fish gut metagenome	1602388	Chondrostoma sp. hindgut bacterial microbiota, Bau 2015, individual 1005	Chondrostoma sp.	Chondrostoma sp.	hindgut [UBERON:0001046]	2015	France	Bau	Bau1005	False	15Bau1005Ch03A	6	E01
DURANCE16S_15Bau1013Ch03A	15Bau1013Ch03A	15Bau1013Ch03A	biological	biological	fish gut metagenome	1602388	Chondrostoma sp. hindgut bacterial microbiota, Bau 2015, individual 1013	Chondrostoma sp.	Chondrostoma sp.	hindgut [UBERON:0001046]	2015	France	Bau	Bau1013	False	15Bau1013Ch03A	6	E02
DURANCE16S_15Bau1021Ch03A	15Bau1021Ch03A	15Bau1021Ch03A	biological	biological	fish gut metagenome	1602388	Chondrostoma sp. hindgut bacterial microbiota, Bau 2015, individual 1021	Chondrostoma sp.	Chondrostoma sp.	hindgut [UBERON:0001046]	2015	France	Bau	Bau1021	False	15Bau1021Ch03A	6	E03
DURANCE16S_15Jus1004Ch03A	15Jus1004Ch03A	15Jus1004Ch03A	biological	biological	fish gut metagenome	1602388	Chondrostoma sp. hindgut bacterial microbiota, Jus 2015, individual 1004	Chondrostoma sp.	Chondrostoma sp.	hindgut [UBERON:0001046]	2015	France	Jus	Jus1004	False	15Jus1004Ch03A	6	E04
DURANCE16S_15Jus1012Ch03A	15Jus1012Ch03A	15Jus1012Ch03A	biological	biological	fish gut metagenome	1602388	Chondrostoma sp. hindgut bacterial microbiota, Jus 2015, individual 1012	Chondrostoma sp.	Chondrostoma sp.	hindgut [UBERON:0001046]	2015	France	Jus	Jus1012	False	15Jus1012Ch03A	6	E05
DURANCE16S_15Caa1001CH03A	15Caa1001CH03A	15Caa1001CH03A	biological	biological	fish gut metagenome	1602388	Chondrostoma sp. hindgut bacterial microbiota, Caa 2015, individual 1001	Chondrostoma sp.	Chondrostoma sp.	hindgut [UBERON:0001046]	2015	France	Caa	Caa1001	False	15Caa1001CH03A	6	E06
DURANCE16S_15Caa1009Ch03A	15Caa1009Ch03A	15Caa1009Ch03A	biological	biological	fish gut metagenome	1602388	Chondrostoma sp. hindgut bacterial microbiota, Caa 2015, individual 1009	Chondrostoma sp.	Chondrostoma sp.	hindgut [UBERON:0001046]	2015	France	Caa	Caa1009	False	15Caa1009Ch03A	6	E07
DURANCE16S_15Caa1017Ch03A	15Caa1017Ch03A	15Caa1017Ch03A	biological	biological	fish gut metagenome	1602388	Chondrostoma sp. hindgut bacterial microbiota, Caa 2015, individual 1017	Chondrostoma sp.	Chondrostoma sp.	hindgut [UBERON:0001046]	2015	France	Caa	Caa1017	False	15Caa1017Ch03A	6	E08
DURANCE16S_15Avi1005Cn03A	15Avi1005Cn03A	15Avi1005Cn03A	biological	biological	fish gut metagenome	1602388	Chondrostoma nasus hindgut bacterial microbiota, Avi 2015, individual 1005	Chondrostoma nasus	nase	hindgut [UBERON:0001046]	2015	France	Avi	Avi1005	False	15Avi1005Cn03A	6	E09
DURANCE16S_15Avi1013Pt03A	15Avi1013Pt03A	15Avi1013Pt03A	biological	biological	fish gut metagenome	1602388	Parachondrostoma toxostoma hindgut bacterial microbiota, Avi 2015, individual 1013	Parachondrostoma toxostoma	toxostome	hindgut [UBERON:0001046]	2015	France	Avi	Avi1013	False	15Avi1013Pt03A	6	E10
DURANCE16S_15Bue1008Ch03A	15Bue1008Ch03A	15Bue1008Ch03A	biological	biological	fish gut metagenome	1602388	Chondrostoma sp. hindgut bacterial microbiota, Bue 2015, individual 1008	Chondrostoma sp.	Chondrostoma sp.	hindgut [UBERON:0001046]	2015	France	Bue	Bue1008	False	15Bue1008Ch03A	6	E11
DURANCE16S_15Bue1016Ch03A	15Bue1016Ch03A	15Bue1016Ch03A	biological	biological	fish gut metagenome	1602388	Chondrostoma sp. hindgut bacterial microbiota, Bue 2015, individual 1016	Chondrostoma sp.	Chondrostoma sp.	hindgut [UBERON:0001046]	2015	France	Bue	Bue1016	False	15Bue1016Ch03A	6	E12
DURANCE16S_15Bau1006Ch03A	15Bau1006Ch03A	15Bau1006Ch03A	biological	biological	fish gut metagenome	1602388	Chondrostoma sp. hindgut bacterial microbiota, Bau 2015, individual 1006	Chondrostoma sp.	Chondrostoma sp.	hindgut [UBERON:0001046]	2015	France	Bau	Bau1006	False	15Bau1006Ch03A	6	F01
DURANCE16S_15Bau1014Ch03A	15Bau1014Ch03A	15Bau1014Ch03A	biological	biological	fish gut metagenome	1602388	Chondrostoma sp. hindgut bacterial microbiota, Bau 2015, individual 1014	Chondrostoma sp.	Chondrostoma sp.	hindgut [UBERON:0001046]	2015	France	Bau	Bau1014	False	15Bau1014Ch03A	6	F02
DURANCE16S_15Bau1022Ch03A	15Bau1022Ch03A	15Bau1022Ch03A	biological	biological	fish gut metagenome	1602388	Chondrostoma sp. hindgut bacterial microbiota, Bau 2015, individual 1022	Chondrostoma sp.	Chondrostoma sp.	hindgut [UBERON:0001046]	2015	France	Bau	Bau1022	False	15Bau1022Ch03A	6	F03
DURANCE16S_15Jus1005Ch03A	15Jus1005Ch03A	15Jus1005Ch03A	biological	biological	fish gut metagenome	1602388	Chondrostoma sp. hindgut bacterial microbiota, Jus 2015, individual 1005	Chondrostoma sp.	Chondrostoma sp.	hindgut [UBERON:0001046]	2015	France	Jus	Jus1005	False	15Jus1005Ch03A	6	F04
DURANCE16S_15Jus1013Ch03A	15Jus1013Ch03A	15Jus1013Ch03A	biological	biological	fish gut metagenome	1602388	Chondrostoma sp. hindgut bacterial microbiota, Jus 2015, individual 1013	Chondrostoma sp.	Chondrostoma sp.	hindgut [UBERON:0001046]	2015	France	Jus	Jus1013	False	15Jus1013Ch03A	6	F05
DURANCE16S_15Caa1002Ch03A	15Caa1002Ch03A	15Caa1002Ch03A	biological	biological	fish gut metagenome	1602388	Chondrostoma sp. hindgut bacterial microbiota, Caa 2015, individual 1002	Chondrostoma sp.	Chondrostoma sp.	hindgut [UBERON:0001046]	2015	France	Caa	Caa1002	False	15Caa1002Ch03A	6	F06
DURANCE16S_15Caa1010Ch03A	15Caa1010Ch03A	15Caa1010Ch03A	biological	biological	fish gut metagenome	1602388	Chondrostoma sp. hindgut bacterial microbiota, Caa 2015, individual 1010	Chondrostoma sp.	Chondrostoma sp.	hindgut [UBERON:0001046]	2015	France	Caa	Caa1010	False	15Caa1010Ch03A	6	F07
DURANCE16S_15Caa1018Ch03A	15Caa1018Ch03A	15Caa1018Ch03A	biological	biological	fish gut metagenome	1602388	Chondrostoma sp. hindgut bacterial microbiota, Caa 2015, individual 1018	Chondrostoma sp.	Chondrostoma sp.	hindgut [UBERON:0001046]	2015	France	Caa	Caa1018	False	15Caa1018Ch03A	6	F08
DURANCE16S_15Avi1006Cn03A	15Avi1006Cn03A	15Avi1006Cn03A	biological	biological	fish gut metagenome	1602388	Chondrostoma nasus hindgut bacterial microbiota, Avi 2015, individual 1006	Chondrostoma nasus	nase	hindgut [UBERON:0001046]	2015	France	Avi	Avi1006	False	15Avi1006Cn03A	6	F09
DURANCE16S_15Bue1001Ch03A	15Bue1001Ch03A	15Bue1001Ch03A	biological	biological	fish gut metagenome	1602388	Chondrostoma sp. hindgut bacterial microbiota, Bue 2015, individual 1001	Chondrostoma sp.	Chondrostoma sp.	hindgut [UBERON:0001046]	2015	France	Bue	Bue1001	False	15Bue1001Ch03A	6	F10
DURANCE16S_15Bue1009Ch03A	15Bue1009Ch03A	15Bue1009Ch03A	biological	biological	fish gut metagenome	1602388	Chondrostoma sp. hindgut bacterial microbiota, Bue 2015, individual 1009	Chondrostoma sp.	Chondrostoma sp.	hindgut [UBERON:0001046]	2015	France	Bue	Bue1009	False	15Bue1009Ch03A	6	F11
DURANCE16S_15Bue1017Ch03A	15Bue1017Ch03A	15Bue1017Ch03A	biological	biological	fish gut metagenome	1602388	Chondrostoma sp. hindgut bacterial microbiota, Bue 2015, individual 1017	Chondrostoma sp.	Chondrostoma sp.	hindgut [UBERON:0001046]	2015	France	Bue	Bue1017	False	15Bue1017Ch03A	6	F12
DURANCE16S_15Bau1007Ch03A	15Bau1007Ch03A	15Bau1007Ch03A	biological	biological	fish gut metagenome	1602388	Chondrostoma sp. hindgut bacterial microbiota, Bau 2015, individual 1007	Chondrostoma sp.	Chondrostoma sp.	hindgut [UBERON:0001046]	2015	France	Bau	Bau1007	False	15Bau1007Ch03A	6	G01
DURANCE16S_15Bau1015Ch03A	15Bau1015Ch03A	15Bau1015Ch03A	biological	biological	fish gut metagenome	1602388	Chondrostoma sp. hindgut bacterial microbiota, Bau 2015, individual 1015	Chondrostoma sp.	Chondrostoma sp.	hindgut [UBERON:0001046]	2015	France	Bau	Bau1015	False	15Bau1015Ch03A	6	G02
DURANCE16S_15Bau1023Ch03A	15Bau1023Ch03A	15Bau1023Ch03A	biological	biological	fish gut metagenome	1602388	Chondrostoma sp. hindgut bacterial microbiota, Bau 2015, individual 1023	Chondrostoma sp.	Chondrostoma sp.	hindgut [UBERON:0001046]	2015	France	Bau	Bau1023	False	15Bau1023Ch03A	6	G03
DURANCE16S_15Jus1006Ch03A	15Jus1006Ch03A	15Jus1006Ch03A	biological	biological	fish gut metagenome	1602388	Chondrostoma sp. hindgut bacterial microbiota, Jus 2015, individual 1006	Chondrostoma sp.	Chondrostoma sp.	hindgut [UBERON:0001046]	2015	France	Jus	Jus1006	False	15Jus1006Ch03A	6	G04
DURANCE16S_15Jus1014Ch03A	15Jus1014Ch03A	15Jus1014Ch03A	biological	biological	fish gut metagenome	1602388	Chondrostoma sp. hindgut bacterial microbiota, Jus 2015, individual 1014	Chondrostoma sp.	Chondrostoma sp.	hindgut [UBERON:0001046]	2015	France	Jus	Jus1014	False	15Jus1014Ch03A	6	G05
DURANCE16S_15Caa1003Ch03A	15Caa1003Ch03A	15Caa1003Ch03A	biological	biological	fish gut metagenome	1602388	Chondrostoma sp. hindgut bacterial microbiota, Caa 2015, individual 1003	Chondrostoma sp.	Chondrostoma sp.	hindgut [UBERON:0001046]	2015	France	Caa	Caa1003	False	15Caa1003Ch03A	6	G06
DURANCE16S_15Caa1011Ch03A	15Caa1011Ch03A	15Caa1011Ch03A	biological	biological	fish gut metagenome	1602388	Chondrostoma sp. hindgut bacterial microbiota, Caa 2015, individual 1011	Chondrostoma sp.	Chondrostoma sp.	hindgut [UBERON:0001046]	2015	France	Caa	Caa1011	False	15Caa1011Ch03A	6	G07
DURANCE16S_15Caa1019Ch03A	15Caa1019Ch03A	15Caa1019Ch03A	biological	biological	fish gut metagenome	1602388	Chondrostoma sp. hindgut bacterial microbiota, Caa 2015, individual 1019	Chondrostoma sp.	Chondrostoma sp.	hindgut [UBERON:0001046]	2015	France	Caa	Caa1019	False	15Caa1019Ch03A	6	G08
DURANCE16S_15Avi1007Cn03A	15Avi1007Cn03A	15Avi1007Cn03A	biological	biological	fish gut metagenome	1602388	Chondrostoma nasus hindgut bacterial microbiota, Avi 2015, individual 1007	Chondrostoma nasus	nase	hindgut [UBERON:0001046]	2015	France	Avi	Avi1007	False	15Avi1007Cn03A	6	G09
DURANCE16S_15Bue1002Ch03A	15Bue1002Ch03A	15Bue1002Ch03A	biological	biological	fish gut metagenome	1602388	Chondrostoma sp. hindgut bacterial microbiota, Bue 2015, individual 1002	Chondrostoma sp.	Chondrostoma sp.	hindgut [UBERON:0001046]	2015	France	Bue	Bue1002	False	15Bue1002Ch03A	6	G10
DURANCE16S_15Bue1010Ch03A	15Bue1010Ch03A	15Bue1010Ch03A	biological	biological	fish gut metagenome	1602388	Chondrostoma sp. hindgut bacterial microbiota, Bue 2015, individual 1010	Chondrostoma sp.	Chondrostoma sp.	hindgut [UBERON:0001046]	2015	France	Bue	Bue1010	False	15Bue1010Ch03A	6	G11
DURANCE16S_15Bue1018Ch03A	15Bue1018Ch03A	15Bue1018Ch03A	biological	biological	fish gut metagenome	1602388	Chondrostoma sp. hindgut bacterial microbiota, Bue 2015, individual 1018	Chondrostoma sp.	Chondrostoma sp.	hindgut [UBERON:0001046]	2015	France	Bue	Bue1018	False	15Bue1018Ch03A	6	G12
DURANCE16S_15Bau1008Ch03A	15Bau1008Ch03A	15Bau1008Ch03A	biological	biological	fish gut metagenome	1602388	Chondrostoma sp. hindgut bacterial microbiota, Bau 2015, individual 1008	Chondrostoma sp.	Chondrostoma sp.	hindgut [UBERON:0001046]	2015	France	Bau	Bau1008	False	15Bau1008Ch03A	6	H01
DURANCE16S_15Bau1016Ch03A	15Bau1016Ch03A	15Bau1016Ch03A	biological	biological	fish gut metagenome	1602388	Chondrostoma sp. hindgut bacterial microbiota, Bau 2015, individual 1016	Chondrostoma sp.	Chondrostoma sp.	hindgut [UBERON:0001046]	2015	France	Bau	Bau1016	False	15Bau1016Ch03A	6	H02
DURANCE16S_15Bau1024Ch03A	15Bau1024Ch03A	15Bau1024Ch03A	biological	biological	fish gut metagenome	1602388	Chondrostoma sp. hindgut bacterial microbiota, Bau 2015, individual 1024	Chondrostoma sp.	Chondrostoma sp.	hindgut [UBERON:0001046]	2015	France	Bau	Bau1024	False	15Bau1024Ch03A	6	H03
DURANCE16S_15Jus1007Ch03A	15Jus1007Ch03A	15Jus1007Ch03A	biological	biological	fish gut metagenome	1602388	Chondrostoma sp. hindgut bacterial microbiota, Jus 2015, individual 1007	Chondrostoma sp.	Chondrostoma sp.	hindgut [UBERON:0001046]	2015	France	Jus	Jus1007	False	15Jus1007Ch03A	6	H04
DURANCE16S_15Jus1015Ch03A	15Jus1015Ch03A	15Jus1015Ch03A	biological	biological	fish gut metagenome	1602388	Chondrostoma sp. hindgut bacterial microbiota, Jus 2015, individual 1015	Chondrostoma sp.	Chondrostoma sp.	hindgut [UBERON:0001046]	2015	France	Jus	Jus1015	False	15Jus1015Ch03A	6	H05
DURANCE16S_15Caa1004Ch03A	15Caa1004Ch03A	15Caa1004Ch03A	biological	biological	fish gut metagenome	1602388	Chondrostoma sp. hindgut bacterial microbiota, Caa 2015, individual 1004	Chondrostoma sp.	Chondrostoma sp.	hindgut [UBERON:0001046]	2015	France	Caa	Caa1004	False	15Caa1004Ch03A	6	H06
DURANCE16S_15Caa1012Ch03A	15Caa1012Ch03A	15Caa1012Ch03A	biological	biological	fish gut metagenome	1602388	Chondrostoma sp. hindgut bacterial microbiota, Caa 2015, individual 1012	Chondrostoma sp.	Chondrostoma sp.	hindgut [UBERON:0001046]	2015	France	Caa	Caa1012	False	15Caa1012Ch03A	6	H07
DURANCE16S_15Caa1020Ch03A	15Caa1020Ch03A	15Caa1020Ch03A	biological	biological	fish gut metagenome	1602388	Chondrostoma sp. hindgut bacterial microbiota, Caa 2015, individual 1020	Chondrostoma sp.	Chondrostoma sp.	hindgut [UBERON:0001046]	2015	France	Caa	Caa1020	False	15Caa1020Ch03A	6	H08
DURANCE16S_15Avi1008Cn03A	15Avi1008Cn03A	15Avi1008Cn03A	biological	biological	fish gut metagenome	1602388	Chondrostoma nasus hindgut bacterial microbiota, Avi 2015, individual 1008	Chondrostoma nasus	nase	hindgut [UBERON:0001046]	2015	France	Avi	Avi1008	False	15Avi1008Cn03A	6	H09
DURANCE16S_15Bue1003Ch03A	15Bue1003Ch03A	15Bue1003Ch03A	biological	biological	fish gut metagenome	1602388	Chondrostoma sp. hindgut bacterial microbiota, Bue 2015, individual 1003	Chondrostoma sp.	Chondrostoma sp.	hindgut [UBERON:0001046]	2015	France	Bue	Bue1003	False	15Bue1003Ch03A	6	H10
DURANCE16S_15Bue1011Ch03A	15Bue1011Ch03A	15Bue1011Ch03A	biological	biological	fish gut metagenome	1602388	Chondrostoma sp. hindgut bacterial microbiota, Bue 2015, individual 1011	Chondrostoma sp.	Chondrostoma sp.	hindgut [UBERON:0001046]	2015	France	Bue	Bue1011	False	15Bue1011Ch03A	6	H11
DURANCE16S_T-6	T-6	T-6	temoin	temoin	blank sample	2582415	no-template PCR control — T-6				missing: control sample	missing: control sample			True	T-6	6	H12
DURANCE16S_14Ain1001Cn02A	14Ain1001Cn02A	14Ain1001Cn02A	biological	biological	fish gut metagenome	1602388	Chondrostoma nasus midgut bacterial microbiota, Ain 2014, individual 1001	Chondrostoma nasus	nase	midgut [UBERON:0001045]	2014	France	Ain	Ain1001	False	14Ain1001Cn02A	7	A01
DURANCE16S_14Ain1039Pt02A	14Ain1039Pt02A	14Ain1039Pt02A	biological	biological	fish gut metagenome	1602388	Parachondrostoma toxostoma midgut bacterial microbiota, Ain 2014, individual 1039	Parachondrostoma toxostoma	toxostome	midgut [UBERON:0001045]	2014	France	Ain	Ain1039	False	14Ain1039Pt02A	7	A02
DURANCE16S_15Cab1004Ch02A	15Cab1004Ch02A	15Cab1004Ch02A	biological	biological	fish gut metagenome	1602388	Chondrostoma sp. midgut bacterial microbiota, Cab 2015, individual 1004	Chondrostoma sp.	Chondrostoma sp.	midgut [UBERON:0001045]	2015	France	Cab	Cab1004	False	15Cab1004Ch02A	7	A03
DURANCE16S_15Cab1012Ch02A	15Cab1012Ch02A	15Cab1012Ch02A	biological	biological	fish gut metagenome	1602388	Chondrostoma sp. midgut bacterial microbiota, Cab 2015, individual 1012	Chondrostoma sp.	Chondrostoma sp.	midgut [UBERON:0001045]	2015	France	Cab	Cab1012	False	15Cab1012Ch02A	7	A04
DURANCE16S_14Avi1001Cn02A	14Avi1001Cn02A	14Avi1001Cn02A	biological	biological	fish gut metagenome	1602388	Chondrostoma nasus midgut bacterial microbiota, Avi 2014, individual 1001	Chondrostoma nasus	nase	midgut [UBERON:0001045]	2014	France	Avi	Avi1001	False	14Avi1001Cn02A	7	A05
DURANCE16S_14Avi1036Cn02A	14Avi1036Cn02A	14Avi1036Cn02A	biological	biological	fish gut metagenome	1602388	Chondrostoma nasus midgut bacterial microbiota, Avi 2014, individual 1036	Chondrostoma nasus	nase	midgut [UBERON:0001045]	2014	France	Avi	Avi1036	False	14Avi1036Cn02A	7	A06
DURANCE16S_14Bue1006Cn02A	14Bue1006Cn02A	14Bue1006Cn02A	biological	biological	fish gut metagenome	1602388	Chondrostoma nasus midgut bacterial microbiota, Bue 2014, individual 1006	Chondrostoma nasus	nase	midgut [UBERON:0001045]	2014	France	Bue	Bue1006	False	14Bue1006Cn02A	7	A07
DURANCE16S_14Bue1016Ch02A	14Bue1016Ch02A	14Bue1016Ch02A	biological	biological	fish gut metagenome	1602388	Chondrostoma sp. midgut bacterial microbiota, Bue 2014, individual 1016	Chondrostoma sp.	Chondrostoma sp.	midgut [UBERON:0001045]	2014	France	Bue	Bue1016	False	14Bue1016Ch02A	7	A08
DURANCE16S_14Man1012Ch02A	14Man1012Ch02A	14Man1012Ch02A	biological	biological	fish gut metagenome	1602388	Chondrostoma sp. midgut bacterial microbiota, Man 2014, individual 1012	Chondrostoma sp.	Chondrostoma sp.	midgut [UBERON:0001045]	2014	France	Man	Man1012	False	14Man1012Ch02A	7	A09
DURANCE16S_14Man1020Ch02A	14Man1020Ch02A	14Man1020Ch02A	biological	biological	fish gut metagenome	1602388	Chondrostoma sp. midgut bacterial microbiota, Man 2014, individual 1020	Chondrostoma sp.	Chondrostoma sp.	midgut [UBERON:0001045]	2014	France	Man	Man1020	False	14Man1020Ch02A	7	A10
DURANCE16S_14Per2012Ch02A	14Per2012Ch02A	14Per2012Ch02A	biological	biological	fish gut metagenome	1602388	Chondrostoma sp. midgut bacterial microbiota, Per 2014, individual 2012	Chondrostoma sp.	Chondrostoma sp.	midgut [UBERON:0001045]	2014	France	Per	Per2012	False	14Per2012Ch02A	7	A11
DURANCE16S_14Per2012Ch02A-bis	14Per2012Ch02A-bis	14Per2012Ch02A-bis	biological	biological	fish gut metagenome	1602388	Chondrostoma sp. midgut bacterial microbiota, Per 2014, individual 2012	Chondrostoma sp.	Chondrostoma sp.	midgut [UBERON:0001045]	2014	France	Per	Per2012	False	14Per2012Ch02A_bis	7	A12
DURANCE16S_14Ain1002Cn02A	14Ain1002Cn02A	14Ain1002Cn02A	biological	biological	fish gut metagenome	1602388	Chondrostoma nasus midgut bacterial microbiota, Ain 2014, individual 1002	Chondrostoma nasus	nase	midgut [UBERON:0001045]	2014	France	Ain	Ain1002	False	14Ain1002Cn02A	7	B01
DURANCE16S_14Ain1040Pt02A	14Ain1040Pt02A	14Ain1040Pt02A	biological	biological	fish gut metagenome	1602388	Parachondrostoma toxostoma midgut bacterial microbiota, Ain 2014, individual 1040	Parachondrostoma toxostoma	toxostome	midgut [UBERON:0001045]	2014	France	Ain	Ain1040	False	14Ain1040Pt02A	7	B02
DURANCE16S_15Cab1005Ch02A	15Cab1005Ch02A	15Cab1005Ch02A	biological	biological	fish gut metagenome	1602388	Chondrostoma sp. midgut bacterial microbiota, Cab 2015, individual 1005	Chondrostoma sp.	Chondrostoma sp.	midgut [UBERON:0001045]	2015	France	Cab	Cab1005	False	15Cab1005Ch02A	7	B03
DURANCE16S_15Cab1013Ch02A	15Cab1013Ch02A	15Cab1013Ch02A	biological	biological	fish gut metagenome	1602388	Chondrostoma sp. midgut bacterial microbiota, Cab 2015, individual 1013	Chondrostoma sp.	Chondrostoma sp.	midgut [UBERON:0001045]	2015	France	Cab	Cab1013	False	15Cab1013Ch02A	7	B04
DURANCE16S_14Avi1002Cn02A	14Avi1002Cn02A	14Avi1002Cn02A	biological	biological	fish gut metagenome	1602388	Chondrostoma nasus midgut bacterial microbiota, Avi 2014, individual 1002	Chondrostoma nasus	nase	midgut [UBERON:0001045]	2014	France	Avi	Avi1002	False	14Avi1002Cn02A	7	B05
DURANCE16S_14Avi1037Cn02A	14Avi1037Cn02A	14Avi1037Cn02A	biological	biological	fish gut metagenome	1602388	Chondrostoma nasus midgut bacterial microbiota, Avi 2014, individual 1037	Chondrostoma nasus	nase	midgut [UBERON:0001045]	2014	France	Avi	Avi1037	False	14Avi1037Cn02A	7	B06
DURANCE16S_14Bue1007Cn02A	14Bue1007Cn02A	14Bue1007Cn02A	biological	biological	fish gut metagenome	1602388	Chondrostoma nasus midgut bacterial microbiota, Bue 2014, individual 1007	Chondrostoma nasus	nase	midgut [UBERON:0001045]	2014	France	Bue	Bue1007	False	14Bue1007Cn02A	7	B07
DURANCE16S_14Bue1017Ch02A	14Bue1017Ch02A	14Bue1017Ch02A	biological	biological	fish gut metagenome	1602388	Chondrostoma sp. midgut bacterial microbiota, Bue 2014, individual 1017	Chondrostoma sp.	Chondrostoma sp.	midgut [UBERON:0001045]	2014	France	Bue	Bue1017	False	14Bue1017Ch02A	7	B08
DURANCE16S_14Man1013Ch02A	14Man1013Ch02A	14Man1013Ch02A	biological	biological	fish gut metagenome	1602388	Chondrostoma sp. midgut bacterial microbiota, Man 2014, individual 1013	Chondrostoma sp.	Chondrostoma sp.	midgut [UBERON:0001045]	2014	France	Man	Man1013	False	14Man1013Ch02A	7	B09
DURANCE16S_14Man1021Ch02A	14Man1021Ch02A	14Man1021Ch02A	biological	biological	fish gut metagenome	1602388	Chondrostoma sp. midgut bacterial microbiota, Man 2014, individual 1021	Chondrostoma sp.	Chondrostoma sp.	midgut [UBERON:0001045]	2014	France	Man	Man1021	False	14Man1021Ch02A	7	B10
DURANCE16S_14Per2013Ch02A	14Per2013Ch02A	14Per2013Ch02A	biological	biological	fish gut metagenome	1602388	Chondrostoma sp. midgut bacterial microbiota, Per 2014, individual 2013	Chondrostoma sp.	Chondrostoma sp.	midgut [UBERON:0001045]	2014	France	Per	Per2013	False	14Per2013Ch02A	7	B11
DURANCE16S_14Per2013Ch02A-bis	14Per2013Ch02A-bis	14Per2013Ch02A-bis	biological	biological	fish gut metagenome	1602388	Chondrostoma sp. midgut bacterial microbiota, Per 2014, individual 2013	Chondrostoma sp.	Chondrostoma sp.	midgut [UBERON:0001045]	2014	France	Per	Per2013	False	14Per2013Ch02A_bis	7	B12
DURANCE16S_14Ain1011Pt02A	14Ain1011Pt02A	14Ain1011Pt02A	biological	biological	fish gut metagenome	1602388	Parachondrostoma toxostoma midgut bacterial microbiota, Ain 2014, individual 1011	Parachondrostoma toxostoma	toxostome	midgut [UBERON:0001045]	2014	France	Ain	Ain1011	False	14Ain1011Pt02A	7	C01
DURANCE16S_14Ain1041Pt02A	14Ain1041Pt02A	14Ain1041Pt02A	biological	biological	fish gut metagenome	1602388	Parachondrostoma toxostoma midgut bacterial microbiota, Ain 2014, individual 1041	Parachondrostoma toxostoma	toxostome	midgut [UBERON:0001045]	2014	France	Ain	Ain1041	False	14Ain1041Pt02A	7	C02
DURANCE16S_15Cab1006Ch02A	15Cab1006Ch02A	15Cab1006Ch02A	biological	biological	fish gut metagenome	1602388	Chondrostoma sp. midgut bacterial microbiota, Cab 2015, individual 1006	Chondrostoma sp.	Chondrostoma sp.	midgut [UBERON:0001045]	2015	France	Cab	Cab1006	False	15Cab1006Ch02A	7	C03
DURANCE16S_15Cab1014Ch02A	15Cab1014Ch02A	15Cab1014Ch02A	biological	biological	fish gut metagenome	1602388	Chondrostoma sp. midgut bacterial microbiota, Cab 2015, individual 1014	Chondrostoma sp.	Chondrostoma sp.	midgut [UBERON:0001045]	2015	France	Cab	Cab1014	False	15Cab1014Ch02A	7	C04
DURANCE16S_14Avi1003Cn02A	14Avi1003Cn02A	14Avi1003Cn02A	biological	biological	fish gut metagenome	1602388	Chondrostoma nasus midgut bacterial microbiota, Avi 2014, individual 1003	Chondrostoma nasus	nase	midgut [UBERON:0001045]	2014	France	Avi	Avi1003	False	14Avi1003Cn02A	7	C05
DURANCE16S_14Avi1038Cn02A	14Avi1038Cn02A	14Avi1038Cn02A	biological	biological	fish gut metagenome	1602388	Chondrostoma nasus midgut bacterial microbiota, Avi 2014, individual 1038	Chondrostoma nasus	nase	midgut [UBERON:0001045]	2014	France	Avi	Avi1038	False	14Avi1038Cn02A	7	C06
DURANCE16S_14Bue1008Cn02A	14Bue1008Cn02A	14Bue1008Cn02A	biological	biological	fish gut metagenome	1602388	Chondrostoma nasus midgut bacterial microbiota, Bue 2014, individual 1008	Chondrostoma nasus	nase	midgut [UBERON:0001045]	2014	France	Bue	Bue1008	False	14Bue1008Cn02A	7	C07
DURANCE16S_14Bue1018Ch02A	14Bue1018Ch02A	14Bue1018Ch02A	biological	biological	fish gut metagenome	1602388	Chondrostoma sp. midgut bacterial microbiota, Bue 2014, individual 1018	Chondrostoma sp.	Chondrostoma sp.	midgut [UBERON:0001045]	2014	France	Bue	Bue1018	False	14Bue1018Ch02A	7	C08
DURANCE16S_14Man1014Ch02A	14Man1014Ch02A	14Man1014Ch02A	biological	biological	fish gut metagenome	1602388	Chondrostoma sp. midgut bacterial microbiota, Man 2014, individual 1014	Chondrostoma sp.	Chondrostoma sp.	midgut [UBERON:0001045]	2014	France	Man	Man1014	False	14Man1014Ch02A	7	C09
DURANCE16S_14Man1022Ch02A	14Man1022Ch02A	14Man1022Ch02A	biological	biological	fish gut metagenome	1602388	Chondrostoma sp. midgut bacterial microbiota, Man 2014, individual 1022	Chondrostoma sp.	Chondrostoma sp.	midgut [UBERON:0001045]	2014	France	Man	Man1022	False	14Man1022Ch02A	7	C10
DURANCE16S_14Per2014Ch02A	14Per2014Ch02A	14Per2014Ch02A	biological	biological	fish gut metagenome	1602388	Chondrostoma sp. midgut bacterial microbiota, Per 2014, individual 2014	Chondrostoma sp.	Chondrostoma sp.	midgut [UBERON:0001045]	2014	France	Per	Per2014	False	14Per2014Ch02A	7	C11
DURANCE16S_empty-20	empty-20	empty-20	empty	empty	blank sample	2582415	empty well, no library added (index-hopping monitor) — empty_20				missing: control sample	missing: control sample			True	empty_20	7	C12
DURANCE16S_14Ain1012Pt02A	14Ain1012Pt02A	14Ain1012Pt02A	biological	biological	fish gut metagenome	1602388	Parachondrostoma toxostoma midgut bacterial microbiota, Ain 2014, individual 1012	Parachondrostoma toxostoma	toxostome	midgut [UBERON:0001045]	2014	France	Ain	Ain1012	False	14Ain1012Pt02A	7	D01
DURANCE16S_14Ain1042Pt02A	14Ain1042Pt02A	14Ain1042Pt02A	biological	biological	fish gut metagenome	1602388	Parachondrostoma toxostoma midgut bacterial microbiota, Ain 2014, individual 1042	Parachondrostoma toxostoma	toxostome	midgut [UBERON:0001045]	2014	France	Ain	Ain1042	False	14Ain1042Pt02A	7	D02
DURANCE16S_15Cab1007Ch02A	15Cab1007Ch02A	15Cab1007Ch02A	biological	biological	fish gut metagenome	1602388	Chondrostoma sp. midgut bacterial microbiota, Cab 2015, individual 1007	Chondrostoma sp.	Chondrostoma sp.	midgut [UBERON:0001045]	2015	France	Cab	Cab1007	False	15Cab1007Ch02A	7	D03
DURANCE16S_15Cab1015Ch02A	15Cab1015Ch02A	15Cab1015Ch02A	biological	biological	fish gut metagenome	1602388	Chondrostoma sp. midgut bacterial microbiota, Cab 2015, individual 1015	Chondrostoma sp.	Chondrostoma sp.	midgut [UBERON:0001045]	2015	France	Cab	Cab1015	False	15Cab1015Ch02A	7	D04
DURANCE16S_14Avi1004Cn02A	14Avi1004Cn02A	14Avi1004Cn02A	biological	biological	fish gut metagenome	1602388	Chondrostoma nasus midgut bacterial microbiota, Avi 2014, individual 1004	Chondrostoma nasus	nase	midgut [UBERON:0001045]	2014	France	Avi	Avi1004	False	14Avi1004Cn02A	7	D05
DURANCE16S_14Bue1001Cn02A	14Bue1001Cn02A	14Bue1001Cn02A	biological	biological	fish gut metagenome	1602388	Chondrostoma nasus midgut bacterial microbiota, Bue 2014, individual 1001	Chondrostoma nasus	nase	midgut [UBERON:0001045]	2014	France	Bue	Bue1001	False	14Bue1001Cn02A	7	D06
DURANCE16S_14Bue1011Ch02A	14Bue1011Ch02A	14Bue1011Ch02A	biological	biological	fish gut metagenome	1602388	Chondrostoma sp. midgut bacterial microbiota, Bue 2014, individual 1011	Chondrostoma sp.	Chondrostoma sp.	midgut [UBERON:0001045]	2014	France	Bue	Bue1011	False	14Bue1011Ch02A	7	D07
DURANCE16S_14Bue1019Ch02A	14Bue1019Ch02A	14Bue1019Ch02A	biological	biological	fish gut metagenome	1602388	Chondrostoma sp. midgut bacterial microbiota, Bue 2014, individual 1019	Chondrostoma sp.	Chondrostoma sp.	midgut [UBERON:0001045]	2014	France	Bue	Bue1019	False	14Bue1019Ch02A	7	D08
DURANCE16S_14Man1015Ch02A	14Man1015Ch02A	14Man1015Ch02A	biological	biological	fish gut metagenome	1602388	Chondrostoma sp. midgut bacterial microbiota, Man 2014, individual 1015	Chondrostoma sp.	Chondrostoma sp.	midgut [UBERON:0001045]	2014	France	Man	Man1015	False	14Man1015Ch02A	7	D09
DURANCE16S_14per1011Ch02A	14per1011Ch02A	14per1011Ch02A	biological	biological	fish gut metagenome	1602388	Chondrostoma sp. midgut bacterial microbiota, Per 2014, individual 1011	Chondrostoma sp.	Chondrostoma sp.	midgut [UBERON:0001045]	2014	France	Per	Per1011	False	14per1011Ch02A	7	D10
DURANCE16S_14Per2015Ch02A	14Per2015Ch02A	14Per2015Ch02A	biological	biological	fish gut metagenome	1602388	Chondrostoma sp. midgut bacterial microbiota, Per 2014, individual 2015	Chondrostoma sp.	Chondrostoma sp.	midgut [UBERON:0001045]	2014	France	Per	Per2015	False	14Per2015Ch02A	7	D11
DURANCE16S_empty-21	empty-21	empty-21	empty	empty	blank sample	2582415	empty well, no library added (index-hopping monitor) — empty_21				missing: control sample	missing: control sample			True	empty_21	7	D12
DURANCE16S_14Ain1013Pt02A	14Ain1013Pt02A	14Ain1013Pt02A	biological	biological	fish gut metagenome	1602388	Parachondrostoma toxostoma midgut bacterial microbiota, Ain 2014, individual 1013	Parachondrostoma toxostoma	toxostome	midgut [UBERON:0001045]	2014	France	Ain	Ain1013	False	14Ain1013Pt02A	7	E01
DURANCE16S_14Ain1043Pt02A	14Ain1043Pt02A	14Ain1043Pt02A	biological	biological	fish gut metagenome	1602388	Parachondrostoma toxostoma midgut bacterial microbiota, Ain 2014, individual 1043	Parachondrostoma toxostoma	toxostome	midgut [UBERON:0001045]	2014	France	Ain	Ain1043	False	14Ain1043Pt02A	7	E02
DURANCE16S_15Cab1008Ch02A	15Cab1008Ch02A	15Cab1008Ch02A	biological	biological	fish gut metagenome	1602388	Chondrostoma sp. midgut bacterial microbiota, Cab 2015, individual 1008	Chondrostoma sp.	Chondrostoma sp.	midgut [UBERON:0001045]	2015	France	Cab	Cab1008	False	15Cab1008Ch02A	7	E03
DURANCE16S_15Cab1016Ch02A	15Cab1016Ch02A	15Cab1016Ch02A	biological	biological	fish gut metagenome	1602388	Chondrostoma sp. midgut bacterial microbiota, Cab 2015, individual 1016	Chondrostoma sp.	Chondrostoma sp.	midgut [UBERON:0001045]	2015	France	Cab	Cab1016	False	15Cab1016Ch02A	7	E04
DURANCE16S_14Avi1005Cn02A	14Avi1005Cn02A	14Avi1005Cn02A	biological	biological	fish gut metagenome	1602388	Chondrostoma nasus midgut bacterial microbiota, Avi 2014, individual 1005	Chondrostoma nasus	nase	midgut [UBERON:0001045]	2014	France	Avi	Avi1005	False	14Avi1005Cn02A	7	E05
DURANCE16S_14Bue1002Cn02A	14Bue1002Cn02A	14Bue1002Cn02A	biological	biological	fish gut metagenome	1602388	Chondrostoma nasus midgut bacterial microbiota, Bue 2014, individual 1002	Chondrostoma nasus	nase	midgut [UBERON:0001045]	2014	France	Bue	Bue1002	False	14Bue1002Cn02A	7	E06
DURANCE16S_14Bue1012Ch02A	14Bue1012Ch02A	14Bue1012Ch02A	biological	biological	fish gut metagenome	1602388	Chondrostoma sp. midgut bacterial microbiota, Bue 2014, individual 1012	Chondrostoma sp.	Chondrostoma sp.	midgut [UBERON:0001045]	2014	France	Bue	Bue1012	False	14Bue1012Ch02A	7	E07
DURANCE16S_14Man1001Cn02A	14Man1001Cn02A	14Man1001Cn02A	biological	biological	fish gut metagenome	1602388	Chondrostoma nasus midgut bacterial microbiota, Man 2014, individual 1001	Chondrostoma nasus	nase	midgut [UBERON:0001045]	2014	France	Man	Man1001	False	14Man1001Cn02A	7	E08
DURANCE16S_14Man1016Ch02A	14Man1016Ch02A	14Man1016Ch02A	biological	biological	fish gut metagenome	1602388	Chondrostoma sp. midgut bacterial microbiota, Man 2014, individual 1016	Chondrostoma sp.	Chondrostoma sp.	midgut [UBERON:0001045]	2014	France	Man	Man1016	False	14Man1016Ch02A	7	E09
DURANCE16S_14Per1012Ch02A	14Per1012Ch02A	14Per1012Ch02A	biological	biological	fish gut metagenome	1602388	Chondrostoma sp. midgut bacterial microbiota, Per 2014, individual 1012	Chondrostoma sp.	Chondrostoma sp.	midgut [UBERON:0001045]	2014	France	Per	Per1012	False	14Per1012Ch02A	7	E10
DURANCE16S_Blanc-Midgut	Blanc-Midgut	Blanc-Midgut	blank	blank	blank sample	2582415	DNA extraction blank — Blanc-Midgut				missing: control sample	missing: control sample			True	Blanc-Midgut	7	E11
DURANCE16S_empty-22	empty-22	empty-22	empty	empty	blank sample	2582415	empty well, no library added (index-hopping monitor) — empty_22				missing: control sample	missing: control sample			True	empty_22	7	E12
DURANCE16S_14Ain1014Pt02A	14Ain1014Pt02A	14Ain1014Pt02A	biological	biological	fish gut metagenome	1602388	Parachondrostoma toxostoma midgut bacterial microbiota, Ain 2014, individual 1014	Parachondrostoma toxostoma	toxostome	midgut [UBERON:0001045]	2014	France	Ain	Ain1014	False	14Ain1014Pt02A	7	F01
DURANCE16S_15Cab1001Ch02A	15Cab1001Ch02A	15Cab1001Ch02A	biological	biological	fish gut metagenome	1602388	Chondrostoma sp. midgut bacterial microbiota, Cab 2015, individual 1001	Chondrostoma sp.	Chondrostoma sp.	midgut [UBERON:0001045]	2015	France	Cab	Cab1001	False	15Cab1001Ch02A	7	F02
DURANCE16S_15Cab1009Ch02A	15Cab1009Ch02A	15Cab1009Ch02A	biological	biological	fish gut metagenome	1602388	Chondrostoma sp. midgut bacterial microbiota, Cab 2015, individual 1009	Chondrostoma sp.	Chondrostoma sp.	midgut [UBERON:0001045]	2015	France	Cab	Cab1009	False	15Cab1009Ch02A	7	F03
DURANCE16S_15Cab1017Ch02A	15Cab1017Ch02A	15Cab1017Ch02A	biological	biological	fish gut metagenome	1602388	Chondrostoma sp. midgut bacterial microbiota, Cab 2015, individual 1017	Chondrostoma sp.	Chondrostoma sp.	midgut [UBERON:0001045]	2015	France	Cab	Cab1017	False	15Cab1017Ch02A	7	F04
DURANCE16S_14Avi1006Cn02A	14Avi1006Cn02A	14Avi1006Cn02A	biological	biological	fish gut metagenome	1602388	Chondrostoma nasus midgut bacterial microbiota, Avi 2014, individual 1006	Chondrostoma nasus	nase	midgut [UBERON:0001045]	2014	France	Avi	Avi1006	False	14Avi1006Cn02A	7	F05
DURANCE16S_14Bue1003Cn02A	14Bue1003Cn02A	14Bue1003Cn02A	biological	biological	fish gut metagenome	1602388	Chondrostoma nasus midgut bacterial microbiota, Bue 2014, individual 1003	Chondrostoma nasus	nase	midgut [UBERON:0001045]	2014	France	Bue	Bue1003	False	14Bue1003Cn02A	7	F06
DURANCE16S_14Bue1013Ch02A	14Bue1013Ch02A	14Bue1013Ch02A	biological	biological	fish gut metagenome	1602388	Chondrostoma sp. midgut bacterial microbiota, Bue 2014, individual 1013	Chondrostoma sp.	Chondrostoma sp.	midgut [UBERON:0001045]	2014	France	Bue	Bue1013	False	14Bue1013Ch02A	7	F07
DURANCE16S_14Man1002Cn02A	14Man1002Cn02A	14Man1002Cn02A	biological	biological	fish gut metagenome	1602388	Chondrostoma nasus midgut bacterial microbiota, Man 2014, individual 1002	Chondrostoma nasus	nase	midgut [UBERON:0001045]	2014	France	Man	Man1002	False	14Man1002Cn02A	7	F08
DURANCE16S_14Man1017Ch02A	14Man1017Ch02A	14Man1017Ch02A	biological	biological	fish gut metagenome	1602388	Chondrostoma sp. midgut bacterial microbiota, Man 2014, individual 1017	Chondrostoma sp.	Chondrostoma sp.	midgut [UBERON:0001045]	2014	France	Man	Man1017	False	14Man1017Ch02A	7	F09
DURANCE16S_14Per1013Ch02A	14Per1013Ch02A	14Per1013Ch02A	biological	biological	fish gut metagenome	1602388	Chondrostoma sp. midgut bacterial microbiota, Per 2014, individual 1013	Chondrostoma sp.	Chondrostoma sp.	midgut [UBERON:0001045]	2014	France	Per	Per1013	False	14Per1013Ch02A	7	F10
DURANCE16S_T-7	T-7	T-7	temoin	temoin	blank sample	2582415	no-template PCR control — T-7				missing: control sample	missing: control sample			True	T-7	7	F11
DURANCE16S_empty-23	empty-23	empty-23	empty	empty	blank sample	2582415	empty well, no library added (index-hopping monitor) — empty_23				missing: control sample	missing: control sample			True	empty_23	7	F12
DURANCE16S_14Ain1036Cn02A	14Ain1036Cn02A	14Ain1036Cn02A	biological	biological	fish gut metagenome	1602388	Chondrostoma nasus midgut bacterial microbiota, Ain 2014, individual 1036	Chondrostoma nasus	nase	midgut [UBERON:0001045]	2014	France	Ain	Ain1036	False	14Ain1036Cn02A	7	G01
DURANCE16S_15Cab1002Ch02A	15Cab1002Ch02A	15Cab1002Ch02A	biological	biological	fish gut metagenome	1602388	Chondrostoma sp. midgut bacterial microbiota, Cab 2015, individual 1002	Chondrostoma sp.	Chondrostoma sp.	midgut [UBERON:0001045]	2015	France	Cab	Cab1002	False	15Cab1002Ch02A	7	G02
DURANCE16S_15Cab1010Ch02A	15Cab1010Ch02A	15Cab1010Ch02A	biological	biological	fish gut metagenome	1602388	Chondrostoma sp. midgut bacterial microbiota, Cab 2015, individual 1010	Chondrostoma sp.	Chondrostoma sp.	midgut [UBERON:0001045]	2015	France	Cab	Cab1010	False	15Cab1010Ch02A	7	G03
DURANCE16S_15Cab1018Ch02A	15Cab1018Ch02A	15Cab1018Ch02A	biological	biological	fish gut metagenome	1602388	Chondrostoma sp. midgut bacterial microbiota, Cab 2015, individual 1018	Chondrostoma sp.	Chondrostoma sp.	midgut [UBERON:0001045]	2015	France	Cab	Cab1018	False	15Cab1018Ch02A	7	G04
DURANCE16S_14Avi1007Cn02A	14Avi1007Cn02A	14Avi1007Cn02A	biological	biological	fish gut metagenome	1602388	Chondrostoma nasus midgut bacterial microbiota, Avi 2014, individual 1007	Chondrostoma nasus	nase	midgut [UBERON:0001045]	2014	France	Avi	Avi1007	False	14Avi1007Cn02A	7	G05
DURANCE16S_14Bue1004Cn02A	14Bue1004Cn02A	14Bue1004Cn02A	biological	biological	fish gut metagenome	1602388	Chondrostoma nasus midgut bacterial microbiota, Bue 2014, individual 1004	Chondrostoma nasus	nase	midgut [UBERON:0001045]	2014	France	Bue	Bue1004	False	14Bue1004Cn02A	7	G06
DURANCE16S_14Bue1014Ch02A	14Bue1014Ch02A	14Bue1014Ch02A	biological	biological	fish gut metagenome	1602388	Chondrostoma sp. midgut bacterial microbiota, Bue 2014, individual 1014	Chondrostoma sp.	Chondrostoma sp.	midgut [UBERON:0001045]	2014	France	Bue	Bue1014	False	14Bue1014Ch02A	7	G07
DURANCE16S_14Man1010Cn02A	14Man1010Cn02A	14Man1010Cn02A	biological	biological	fish gut metagenome	1602388	Chondrostoma nasus midgut bacterial microbiota, Man 2014, individual 1010	Chondrostoma nasus	nase	midgut [UBERON:0001045]	2014	France	Man	Man1010	False	14Man1010Cn02A	7	G08
DURANCE16S_14Man1018Ch02A	14Man1018Ch02A	14Man1018Ch02A	biological	biological	fish gut metagenome	1602388	Chondrostoma sp. midgut bacterial microbiota, Man 2014, individual 1018	Chondrostoma sp.	Chondrostoma sp.	midgut [UBERON:0001045]	2014	France	Man	Man1018	False	14Man1018Ch02A	7	G09
DURANCE16S_14Per1014Ch02A	14Per1014Ch02A	14Per1014Ch02A	biological	biological	fish gut metagenome	1602388	Chondrostoma sp. midgut bacterial microbiota, Per 2014, individual 1014	Chondrostoma sp.	Chondrostoma sp.	midgut [UBERON:0001045]	2014	France	Per	Per1014	False	14Per1014Ch02A	7	G10
DURANCE16S_empty-18	empty-18	empty-18	empty	empty	blank sample	2582415	empty well, no library added (index-hopping monitor) — empty_18				missing: control sample	missing: control sample			True	empty_18	7	G11
DURANCE16S_empty-24	empty-24	empty-24	empty	empty	blank sample	2582415	empty well, no library added (index-hopping monitor) — empty_24				missing: control sample	missing: control sample			True	empty_24	7	G12
DURANCE16S_14Ain1037Cn02A	14Ain1037Cn02A	14Ain1037Cn02A	biological	biological	fish gut metagenome	1602388	Chondrostoma nasus midgut bacterial microbiota, Ain 2014, individual 1037	Chondrostoma nasus	nase	midgut [UBERON:0001045]	2014	France	Ain	Ain1037	False	14Ain1037Cn02A	7	H01
DURANCE16S_15Cab1003Ch02A	15Cab1003Ch02A	15Cab1003Ch02A	biological	biological	fish gut metagenome	1602388	Chondrostoma sp. midgut bacterial microbiota, Cab 2015, individual 1003	Chondrostoma sp.	Chondrostoma sp.	midgut [UBERON:0001045]	2015	France	Cab	Cab1003	False	15Cab1003Ch02A	7	H02
DURANCE16S_15Cab1011Ch02A	15Cab1011Ch02A	15Cab1011Ch02A	biological	biological	fish gut metagenome	1602388	Chondrostoma sp. midgut bacterial microbiota, Cab 2015, individual 1011	Chondrostoma sp.	Chondrostoma sp.	midgut [UBERON:0001045]	2015	France	Cab	Cab1011	False	15Cab1011Ch02A	7	H03
DURANCE16S_15Cab1019Ch02A	15Cab1019Ch02A	15Cab1019Ch02A	biological	biological	fish gut metagenome	1602388	Chondrostoma sp. midgut bacterial microbiota, Cab 2015, individual 1019	Chondrostoma sp.	Chondrostoma sp.	midgut [UBERON:0001045]	2015	France	Cab	Cab1019	False	15Cab1019Ch02A	7	H04
DURANCE16S_14Avi1008Cn02A	14Avi1008Cn02A	14Avi1008Cn02A	biological	biological	fish gut metagenome	1602388	Chondrostoma nasus midgut bacterial microbiota, Avi 2014, individual 1008	Chondrostoma nasus	nase	midgut [UBERON:0001045]	2014	France	Avi	Avi1008	False	14Avi1008Cn02A	7	H05
DURANCE16S_14Bue1005Cn02A	14Bue1005Cn02A	14Bue1005Cn02A	biological	biological	fish gut metagenome	1602388	Chondrostoma nasus midgut bacterial microbiota, Bue 2014, individual 1005	Chondrostoma nasus	nase	midgut [UBERON:0001045]	2014	France	Bue	Bue1005	False	14Bue1005Cn02A	7	H06
DURANCE16S_14Bue1015Ch02A	14Bue1015Ch02A	14Bue1015Ch02A	biological	biological	fish gut metagenome	1602388	Chondrostoma sp. midgut bacterial microbiota, Bue 2014, individual 1015	Chondrostoma sp.	Chondrostoma sp.	midgut [UBERON:0001045]	2014	France	Bue	Bue1015	False	14Bue1015Ch02A	7	H07
DURANCE16S_14Man1011Ch02A	14Man1011Ch02A	14Man1011Ch02A	biological	biological	fish gut metagenome	1602388	Chondrostoma sp. midgut bacterial microbiota, Man 2014, individual 1011	Chondrostoma sp.	Chondrostoma sp.	midgut [UBERON:0001045]	2014	France	Man	Man1011	False	14Man1011Ch02A	7	H08
DURANCE16S_14Man1019Ch02A	14Man1019Ch02A	14Man1019Ch02A	biological	biological	fish gut metagenome	1602388	Chondrostoma sp. midgut bacterial microbiota, Man 2014, individual 1019	Chondrostoma sp.	Chondrostoma sp.	midgut [UBERON:0001045]	2014	France	Man	Man1019	False	14Man1019Ch02A	7	H09
DURANCE16S_14Per2011Ch02A	14Per2011Ch02A	14Per2011Ch02A	biological	biological	fish gut metagenome	1602388	Chondrostoma sp. midgut bacterial microbiota, Per 2014, individual 2011	Chondrostoma sp.	Chondrostoma sp.	midgut [UBERON:0001045]	2014	France	Per	Per2011	False	14Per2011Ch02A	7	H10
DURANCE16S_empty-19	empty-19	empty-19	empty	empty	blank sample	2582415	empty well, no library added (index-hopping monitor) — empty_19				missing: control sample	missing: control sample			True	empty_19	7	H11
DURANCE16S_empty-25	empty-25	empty-25	empty	empty	blank sample	2582415	empty well, no library added (index-hopping monitor) — empty_25				missing: control sample	missing: control sample			True	empty_25	7	H12
DURANCE16S_15Bau1001Ch02A	15Bau1001Ch02A	15Bau1001Ch02A	biological	biological	fish gut metagenome	1602388	Chondrostoma sp. midgut bacterial microbiota, Bau 2015, individual 1001	Chondrostoma sp.	Chondrostoma sp.	midgut [UBERON:0001045]	2015	France	Bau	Bau1001	False	15Bau1001Ch02A	8	A01
DURANCE16S_15Bau1009Ch02A	15Bau1009Ch02A	15Bau1009Ch02A	biological	biological	fish gut metagenome	1602388	Chondrostoma sp. midgut bacterial microbiota, Bau 2015, individual 1009	Chondrostoma sp.	Chondrostoma sp.	midgut [UBERON:0001045]	2015	France	Bau	Bau1009	False	15Bau1009Ch02A	8	A02
DURANCE16S_15Bau1017Ch02A	15Bau1017Ch02A	15Bau1017Ch02A	biological	biological	fish gut metagenome	1602388	Chondrostoma sp. midgut bacterial microbiota, Bau 2015, individual 1017	Chondrostoma sp.	Chondrostoma sp.	midgut [UBERON:0001045]	2015	France	Bau	Bau1017	False	15Bau1017Ch02A	8	A03
DURANCE16S_15Bau1025Ch02A	15Bau1025Ch02A	15Bau1025Ch02A	biological	biological	fish gut metagenome	1602388	Chondrostoma sp. midgut bacterial microbiota, Bau 2015, individual 1025	Chondrostoma sp.	Chondrostoma sp.	midgut [UBERON:0001045]	2015	France	Bau	Bau1025	False	15Bau1025Ch02A	8	A04
DURANCE16S_15Jus1008Ch0A	15Jus1008Ch0A	15Jus1008Ch0A	biological	biological	fish gut metagenome	1602388	Chondrostoma sp. midgut bacterial microbiota, Jus 2015, individual 1008	Chondrostoma sp.	Chondrostoma sp.	midgut [UBERON:0001045]	2015	France	Jus	Jus1008	False	15Jus1008Ch0A	8	A05
DURANCE16S_15Jus1016Ch0A	15Jus1016Ch0A	15Jus1016Ch0A	biological	biological	fish gut metagenome	1602388	Chondrostoma sp. midgut bacterial microbiota, Jus 2015, individual 1016	Chondrostoma sp.	Chondrostoma sp.	midgut [UBERON:0001045]	2015	France	Jus	Jus1016	False	15Jus1016Ch0A	8	A06
DURANCE16S_15Caa1005Ch0A	15Caa1005Ch0A	15Caa1005Ch0A	biological	biological	fish gut metagenome	1602388	Chondrostoma sp. midgut bacterial microbiota, Caa 2015, individual 1005	Chondrostoma sp.	Chondrostoma sp.	midgut [UBERON:0001045]	2015	France	Caa	Caa1005	False	15Caa1005Ch0A	8	A07
DURANCE16S_15Caa1013Ch0A	15Caa1013Ch0A	15Caa1013Ch0A	biological	biological	fish gut metagenome	1602388	Chondrostoma sp. midgut bacterial microbiota, Caa 2015, individual 1013	Chondrostoma sp.	Chondrostoma sp.	midgut [UBERON:0001045]	2015	France	Caa	Caa1013	False	15Caa1013Ch0A	8	A08
DURANCE16S_15Avi1001Cn02A	15Avi1001Cn02A	15Avi1001Cn02A	biological	biological	fish gut metagenome	1602388	Chondrostoma nasus midgut bacterial microbiota, Avi 2015, individual 1001	Chondrostoma nasus	nase	midgut [UBERON:0001045]	2015	France	Avi	Avi1001	False	15Avi1001Cn02A	8	A09
DURANCE16S_15Avi1009Cn02A	15Avi1009Cn02A	15Avi1009Cn02A	biological	biological	fish gut metagenome	1602388	Chondrostoma nasus midgut bacterial microbiota, Avi 2015, individual 1009	Chondrostoma nasus	nase	midgut [UBERON:0001045]	2015	France	Avi	Avi1009	False	15Avi1009Cn02A	8	A10
DURANCE16S_15Bue1004Ch02A	15Bue1004Ch02A	15Bue1004Ch02A	biological	biological	fish gut metagenome	1602388	Chondrostoma sp. midgut bacterial microbiota, Bue 2015, individual 1004	Chondrostoma sp.	Chondrostoma sp.	midgut [UBERON:0001045]	2015	France	Bue	Bue1004	False	15Bue1004Ch02A	8	A11
DURANCE16S_15Bue1012Ch02A	15Bue1012Ch02A	15Bue1012Ch02A	biological	biological	fish gut metagenome	1602388	Chondrostoma sp. midgut bacterial microbiota, Bue 2015, individual 1012	Chondrostoma sp.	Chondrostoma sp.	midgut [UBERON:0001045]	2015	France	Bue	Bue1012	False	15Bue1012Ch02A	8	A12
DURANCE16S_15Bau1002Ch02A	15Bau1002Ch02A	15Bau1002Ch02A	biological	biological	fish gut metagenome	1602388	Chondrostoma sp. midgut bacterial microbiota, Bau 2015, individual 1002	Chondrostoma sp.	Chondrostoma sp.	midgut [UBERON:0001045]	2015	France	Bau	Bau1002	False	15Bau1002Ch02A	8	B01
DURANCE16S_15Bau1010Ch02A	15Bau1010Ch02A	15Bau1010Ch02A	biological	biological	fish gut metagenome	1602388	Chondrostoma sp. midgut bacterial microbiota, Bau 2015, individual 1010	Chondrostoma sp.	Chondrostoma sp.	midgut [UBERON:0001045]	2015	France	Bau	Bau1010	False	15Bau1010Ch02A	8	B02
DURANCE16S_15Bau1018Ch02A	15Bau1018Ch02A	15Bau1018Ch02A	biological	biological	fish gut metagenome	1602388	Chondrostoma sp. midgut bacterial microbiota, Bau 2015, individual 1018	Chondrostoma sp.	Chondrostoma sp.	midgut [UBERON:0001045]	2015	France	Bau	Bau1018	False	15Bau1018Ch02A	8	B03
DURANCE16S_15Jus1001CH02A	15Jus1001CH02A	15Jus1001CH02A	biological	biological	fish gut metagenome	1602388	Chondrostoma sp. midgut bacterial microbiota, Jus 2015, individual 1001	Chondrostoma sp.	Chondrostoma sp.	midgut [UBERON:0001045]	2015	France	Jus	Jus1001	False	15Jus1001CH02A	8	B04
DURANCE16S_15Jus1009Ch0A	15Jus1009Ch0A	15Jus1009Ch0A	biological	biological	fish gut metagenome	1602388	Chondrostoma sp. midgut bacterial microbiota, Jus 2015, individual 1009	Chondrostoma sp.	Chondrostoma sp.	midgut [UBERON:0001045]	2015	France	Jus	Jus1009	False	15Jus1009Ch0A	8	B05
DURANCE16S_15Jus1017Ch0A	15Jus1017Ch0A	15Jus1017Ch0A	biological	biological	fish gut metagenome	1602388	Chondrostoma sp. midgut bacterial microbiota, Jus 2015, individual 1017	Chondrostoma sp.	Chondrostoma sp.	midgut [UBERON:0001045]	2015	France	Jus	Jus1017	False	15Jus1017Ch0A	8	B06
DURANCE16S_15Caa1006Ch0A	15Caa1006Ch0A	15Caa1006Ch0A	biological	biological	fish gut metagenome	1602388	Chondrostoma sp. midgut bacterial microbiota, Caa 2015, individual 1006	Chondrostoma sp.	Chondrostoma sp.	midgut [UBERON:0001045]	2015	France	Caa	Caa1006	False	15Caa1006Ch0A	8	B07
DURANCE16S_15Caa1014Ch0A	15Caa1014Ch0A	15Caa1014Ch0A	biological	biological	fish gut metagenome	1602388	Chondrostoma sp. midgut bacterial microbiota, Caa 2015, individual 1014	Chondrostoma sp.	Chondrostoma sp.	midgut [UBERON:0001045]	2015	France	Caa	Caa1014	False	15Caa1014Ch0A	8	B08
DURANCE16S_15Avi1002Cn02A	15Avi1002Cn02A	15Avi1002Cn02A	biological	biological	fish gut metagenome	1602388	Chondrostoma nasus midgut bacterial microbiota, Avi 2015, individual 1002	Chondrostoma nasus	nase	midgut [UBERON:0001045]	2015	France	Avi	Avi1002	False	15Avi1002Cn02A	8	B09
DURANCE16S_15Avi1010Cn02A	15Avi1010Cn02A	15Avi1010Cn02A	biological	biological	fish gut metagenome	1602388	Chondrostoma nasus midgut bacterial microbiota, Avi 2015, individual 1010	Chondrostoma nasus	nase	midgut [UBERON:0001045]	2015	France	Avi	Avi1010	False	15Avi1010Cn02A	8	B10
DURANCE16S_15Bue1005Ch02A	15Bue1005Ch02A	15Bue1005Ch02A	biological	biological	fish gut metagenome	1602388	Chondrostoma sp. midgut bacterial microbiota, Bue 2015, individual 1005	Chondrostoma sp.	Chondrostoma sp.	midgut [UBERON:0001045]	2015	France	Bue	Bue1005	False	15Bue1005Ch02A	8	B11
DURANCE16S_15Bue1013Ch02A	15Bue1013Ch02A	15Bue1013Ch02A	biological	biological	fish gut metagenome	1602388	Chondrostoma sp. midgut bacterial microbiota, Bue 2015, individual 1013	Chondrostoma sp.	Chondrostoma sp.	midgut [UBERON:0001045]	2015	France	Bue	Bue1013	False	15Bue1013Ch02A	8	B12
DURANCE16S_15Bau1003Ch02A	15Bau1003Ch02A	15Bau1003Ch02A	biological	biological	fish gut metagenome	1602388	Chondrostoma sp. midgut bacterial microbiota, Bau 2015, individual 1003	Chondrostoma sp.	Chondrostoma sp.	midgut [UBERON:0001045]	2015	France	Bau	Bau1003	False	15Bau1003Ch02A	8	C01
DURANCE16S_15Bau1011Ch02A	15Bau1011Ch02A	15Bau1011Ch02A	biological	biological	fish gut metagenome	1602388	Chondrostoma sp. midgut bacterial microbiota, Bau 2015, individual 1011	Chondrostoma sp.	Chondrostoma sp.	midgut [UBERON:0001045]	2015	France	Bau	Bau1011	False	15Bau1011Ch02A	8	C02
DURANCE16S_15Bau1019Ch02A	15Bau1019Ch02A	15Bau1019Ch02A	biological	biological	fish gut metagenome	1602388	Chondrostoma sp. midgut bacterial microbiota, Bau 2015, individual 1019	Chondrostoma sp.	Chondrostoma sp.	midgut [UBERON:0001045]	2015	France	Bau	Bau1019	False	15Bau1019Ch02A	8	C03
DURANCE16S_15Jus1002Ch0A	15Jus1002Ch0A	15Jus1002Ch0A	biological	biological	fish gut metagenome	1602388	Chondrostoma sp. midgut bacterial microbiota, Jus 2015, individual 1002	Chondrostoma sp.	Chondrostoma sp.	midgut [UBERON:0001045]	2015	France	Jus	Jus1002	False	15Jus1002Ch0A	8	C04
DURANCE16S_15Jus1010Ch0A	15Jus1010Ch0A	15Jus1010Ch0A	biological	biological	fish gut metagenome	1602388	Chondrostoma sp. midgut bacterial microbiota, Jus 2015, individual 1010	Chondrostoma sp.	Chondrostoma sp.	midgut [UBERON:0001045]	2015	France	Jus	Jus1010	False	15Jus1010Ch0A	8	C05
DURANCE16S_15Jus1018Ch0A	15Jus1018Ch0A	15Jus1018Ch0A	biological	biological	fish gut metagenome	1602388	Chondrostoma sp. midgut bacterial microbiota, Jus 2015, individual 1018	Chondrostoma sp.	Chondrostoma sp.	midgut [UBERON:0001045]	2015	France	Jus	Jus1018	False	15Jus1018Ch0A	8	C06
DURANCE16S_15Caa1007Ch0A	15Caa1007Ch0A	15Caa1007Ch0A	biological	biological	fish gut metagenome	1602388	Chondrostoma sp. midgut bacterial microbiota, Caa 2015, individual 1007	Chondrostoma sp.	Chondrostoma sp.	midgut [UBERON:0001045]	2015	France	Caa	Caa1007	False	15Caa1007Ch0A	8	C07
DURANCE16S_15Caa1015Ch0A	15Caa1015Ch0A	15Caa1015Ch0A	biological	biological	fish gut metagenome	1602388	Chondrostoma sp. midgut bacterial microbiota, Caa 2015, individual 1015	Chondrostoma sp.	Chondrostoma sp.	midgut [UBERON:0001045]	2015	France	Caa	Caa1015	False	15Caa1015Ch0A	8	C08
DURANCE16S_15Avi1003Cn02A	15Avi1003Cn02A	15Avi1003Cn02A	biological	biological	fish gut metagenome	1602388	Chondrostoma nasus midgut bacterial microbiota, Avi 2015, individual 1003	Chondrostoma nasus	nase	midgut [UBERON:0001045]	2015	France	Avi	Avi1003	False	15Avi1003Cn02A	8	C09
DURANCE16S_15Avi1011Cn02A	15Avi1011Cn02A	15Avi1011Cn02A	biological	biological	fish gut metagenome	1602388	Chondrostoma nasus midgut bacterial microbiota, Avi 2015, individual 1011	Chondrostoma nasus	nase	midgut [UBERON:0001045]	2015	France	Avi	Avi1011	False	15Avi1011Cn02A	8	C10
DURANCE16S_15Bue1006Ch02A	15Bue1006Ch02A	15Bue1006Ch02A	biological	biological	fish gut metagenome	1602388	Chondrostoma sp. midgut bacterial microbiota, Bue 2015, individual 1006	Chondrostoma sp.	Chondrostoma sp.	midgut [UBERON:0001045]	2015	France	Bue	Bue1006	False	15Bue1006Ch02A	8	C11
DURANCE16S_15Bue1014Ch02A	15Bue1014Ch02A	15Bue1014Ch02A	biological	biological	fish gut metagenome	1602388	Chondrostoma sp. midgut bacterial microbiota, Bue 2015, individual 1014	Chondrostoma sp.	Chondrostoma sp.	midgut [UBERON:0001045]	2015	France	Bue	Bue1014	False	15Bue1014Ch02A	8	C12
DURANCE16S_15Bau1004Ch02A	15Bau1004Ch02A	15Bau1004Ch02A	biological	biological	fish gut metagenome	1602388	Chondrostoma sp. midgut bacterial microbiota, Bau 2015, individual 1004	Chondrostoma sp.	Chondrostoma sp.	midgut [UBERON:0001045]	2015	France	Bau	Bau1004	False	15Bau1004Ch02A	8	D01
DURANCE16S_15Bau1012Ch02A	15Bau1012Ch02A	15Bau1012Ch02A	biological	biological	fish gut metagenome	1602388	Chondrostoma sp. midgut bacterial microbiota, Bau 2015, individual 1012	Chondrostoma sp.	Chondrostoma sp.	midgut [UBERON:0001045]	2015	France	Bau	Bau1012	False	15Bau1012Ch02A	8	D02
DURANCE16S_15Bau1020Ch02A	15Bau1020Ch02A	15Bau1020Ch02A	biological	biological	fish gut metagenome	1602388	Chondrostoma sp. midgut bacterial microbiota, Bau 2015, individual 1020	Chondrostoma sp.	Chondrostoma sp.	midgut [UBERON:0001045]	2015	France	Bau	Bau1020	False	15Bau1020Ch02A	8	D03
DURANCE16S_15Jus1003Ch0A	15Jus1003Ch0A	15Jus1003Ch0A	biological	biological	fish gut metagenome	1602388	Chondrostoma sp. midgut bacterial microbiota, Jus 2015, individual 1003	Chondrostoma sp.	Chondrostoma sp.	midgut [UBERON:0001045]	2015	France	Jus	Jus1003	False	15Jus1003Ch0A	8	D04
DURANCE16S_15Jus1011Ch0A	15Jus1011Ch0A	15Jus1011Ch0A	biological	biological	fish gut metagenome	1602388	Chondrostoma sp. midgut bacterial microbiota, Jus 2015, individual 1011	Chondrostoma sp.	Chondrostoma sp.	midgut [UBERON:0001045]	2015	France	Jus	Jus1011	False	15Jus1011Ch0A	8	D05
DURANCE16S_15Jus1019Ch0A	15Jus1019Ch0A	15Jus1019Ch0A	biological	biological	fish gut metagenome	1602388	Chondrostoma sp. midgut bacterial microbiota, Jus 2015, individual 1019	Chondrostoma sp.	Chondrostoma sp.	midgut [UBERON:0001045]	2015	France	Jus	Jus1019	False	15Jus1019Ch0A	8	D06
DURANCE16S_15Caa1008Ch0A	15Caa1008Ch0A	15Caa1008Ch0A	biological	biological	fish gut metagenome	1602388	Chondrostoma sp. midgut bacterial microbiota, Caa 2015, individual 1008	Chondrostoma sp.	Chondrostoma sp.	midgut [UBERON:0001045]	2015	France	Caa	Caa1008	False	15Caa1008Ch0A	8	D07
DURANCE16S_15Caa1016Ch0A	15Caa1016Ch0A	15Caa1016Ch0A	biological	biological	fish gut metagenome	1602388	Chondrostoma sp. midgut bacterial microbiota, Caa 2015, individual 1016	Chondrostoma sp.	Chondrostoma sp.	midgut [UBERON:0001045]	2015	France	Caa	Caa1016	False	15Caa1016Ch0A	8	D08
DURANCE16S_15Avi1004Cn02A	15Avi1004Cn02A	15Avi1004Cn02A	biological	biological	fish gut metagenome	1602388	Chondrostoma nasus midgut bacterial microbiota, Avi 2015, individual 1004	Chondrostoma nasus	nase	midgut [UBERON:0001045]	2015	France	Avi	Avi1004	False	15Avi1004Cn02A	8	D09
DURANCE16S_15Avi1012Pt02A	15Avi1012Pt02A	15Avi1012Pt02A	biological	biological	fish gut metagenome	1602388	Parachondrostoma toxostoma midgut bacterial microbiota, Avi 2015, individual 1012	Parachondrostoma toxostoma	toxostome	midgut [UBERON:0001045]	2015	France	Avi	Avi1012	False	15Avi1012Pt02A	8	D10
DURANCE16S_15Bue1007Ch02A	15Bue1007Ch02A	15Bue1007Ch02A	biological	biological	fish gut metagenome	1602388	Chondrostoma sp. midgut bacterial microbiota, Bue 2015, individual 1007	Chondrostoma sp.	Chondrostoma sp.	midgut [UBERON:0001045]	2015	France	Bue	Bue1007	False	15Bue1007Ch02A	8	D11
DURANCE16S_15Bue1015Ch02A	15Bue1015Ch02A	15Bue1015Ch02A	biological	biological	fish gut metagenome	1602388	Chondrostoma sp. midgut bacterial microbiota, Bue 2015, individual 1015	Chondrostoma sp.	Chondrostoma sp.	midgut [UBERON:0001045]	2015	France	Bue	Bue1015	False	15Bue1015Ch02A	8	D12
DURANCE16S_15Bau1005Ch02A	15Bau1005Ch02A	15Bau1005Ch02A	biological	biological	fish gut metagenome	1602388	Chondrostoma sp. midgut bacterial microbiota, Bau 2015, individual 1005	Chondrostoma sp.	Chondrostoma sp.	midgut [UBERON:0001045]	2015	France	Bau	Bau1005	False	15Bau1005Ch02A	8	E01
DURANCE16S_15Bau1013Ch02A	15Bau1013Ch02A	15Bau1013Ch02A	biological	biological	fish gut metagenome	1602388	Chondrostoma sp. midgut bacterial microbiota, Bau 2015, individual 1013	Chondrostoma sp.	Chondrostoma sp.	midgut [UBERON:0001045]	2015	France	Bau	Bau1013	False	15Bau1013Ch02A	8	E02
DURANCE16S_15Bau1021Ch02A	15Bau1021Ch02A	15Bau1021Ch02A	biological	biological	fish gut metagenome	1602388	Chondrostoma sp. midgut bacterial microbiota, Bau 2015, individual 1021	Chondrostoma sp.	Chondrostoma sp.	midgut [UBERON:0001045]	2015	France	Bau	Bau1021	False	15Bau1021Ch02A	8	E03
DURANCE16S_15Jus1004Ch0A	15Jus1004Ch0A	15Jus1004Ch0A	biological	biological	fish gut metagenome	1602388	Chondrostoma sp. midgut bacterial microbiota, Jus 2015, individual 1004	Chondrostoma sp.	Chondrostoma sp.	midgut [UBERON:0001045]	2015	France	Jus	Jus1004	False	15Jus1004Ch0A	8	E04
DURANCE16S_15Jus1012Ch0A	15Jus1012Ch0A	15Jus1012Ch0A	biological	biological	fish gut metagenome	1602388	Chondrostoma sp. midgut bacterial microbiota, Jus 2015, individual 1012	Chondrostoma sp.	Chondrostoma sp.	midgut [UBERON:0001045]	2015	France	Jus	Jus1012	False	15Jus1012Ch0A	8	E05
DURANCE16S_15Caa1001Ch0A	15Caa1001Ch0A	15Caa1001Ch0A	biological	biological	fish gut metagenome	1602388	Chondrostoma sp. midgut bacterial microbiota, Caa 2015, individual 1001	Chondrostoma sp.	Chondrostoma sp.	midgut [UBERON:0001045]	2015	France	Caa	Caa1001	False	15Caa1001Ch0A	8	E06
DURANCE16S_15Caa1009Ch0A	15Caa1009Ch0A	15Caa1009Ch0A	biological	biological	fish gut metagenome	1602388	Chondrostoma sp. midgut bacterial microbiota, Caa 2015, individual 1009	Chondrostoma sp.	Chondrostoma sp.	midgut [UBERON:0001045]	2015	France	Caa	Caa1009	False	15Caa1009Ch0A	8	E07
DURANCE16S_15Caa1017Ch0A	15Caa1017Ch0A	15Caa1017Ch0A	biological	biological	fish gut metagenome	1602388	Chondrostoma sp. midgut bacterial microbiota, Caa 2015, individual 1017	Chondrostoma sp.	Chondrostoma sp.	midgut [UBERON:0001045]	2015	France	Caa	Caa1017	False	15Caa1017Ch0A	8	E08
DURANCE16S_15Avi1005Cn02A	15Avi1005Cn02A	15Avi1005Cn02A	biological	biological	fish gut metagenome	1602388	Chondrostoma nasus midgut bacterial microbiota, Avi 2015, individual 1005	Chondrostoma nasus	nase	midgut [UBERON:0001045]	2015	France	Avi	Avi1005	False	15Avi1005Cn02A	8	E09
DURANCE16S_15Avi1013Pt02A	15Avi1013Pt02A	15Avi1013Pt02A	biological	biological	fish gut metagenome	1602388	Parachondrostoma toxostoma midgut bacterial microbiota, Avi 2015, individual 1013	Parachondrostoma toxostoma	toxostome	midgut [UBERON:0001045]	2015	France	Avi	Avi1013	False	15Avi1013Pt02A	8	E10
DURANCE16S_15Bue1008Ch02A	15Bue1008Ch02A	15Bue1008Ch02A	biological	biological	fish gut metagenome	1602388	Chondrostoma sp. midgut bacterial microbiota, Bue 2015, individual 1008	Chondrostoma sp.	Chondrostoma sp.	midgut [UBERON:0001045]	2015	France	Bue	Bue1008	False	15Bue1008Ch02A	8	E11
DURANCE16S_15Bue1016Ch02A	15Bue1016Ch02A	15Bue1016Ch02A	biological	biological	fish gut metagenome	1602388	Chondrostoma sp. midgut bacterial microbiota, Bue 2015, individual 1016	Chondrostoma sp.	Chondrostoma sp.	midgut [UBERON:0001045]	2015	France	Bue	Bue1016	False	15Bue1016Ch02A	8	E12
DURANCE16S_15Bau1006Ch02A	15Bau1006Ch02A	15Bau1006Ch02A	biological	biological	fish gut metagenome	1602388	Chondrostoma sp. midgut bacterial microbiota, Bau 2015, individual 1006	Chondrostoma sp.	Chondrostoma sp.	midgut [UBERON:0001045]	2015	France	Bau	Bau1006	False	15Bau1006Ch02A	8	F01
DURANCE16S_15Bau1014Ch02A	15Bau1014Ch02A	15Bau1014Ch02A	biological	biological	fish gut metagenome	1602388	Chondrostoma sp. midgut bacterial microbiota, Bau 2015, individual 1014	Chondrostoma sp.	Chondrostoma sp.	midgut [UBERON:0001045]	2015	France	Bau	Bau1014	False	15Bau1014Ch02A	8	F02
DURANCE16S_15Bau1022Ch02A	15Bau1022Ch02A	15Bau1022Ch02A	biological	biological	fish gut metagenome	1602388	Chondrostoma sp. midgut bacterial microbiota, Bau 2015, individual 1022	Chondrostoma sp.	Chondrostoma sp.	midgut [UBERON:0001045]	2015	France	Bau	Bau1022	False	15Bau1022Ch02A	8	F03
DURANCE16S_15Jus1005Ch0A	15Jus1005Ch0A	15Jus1005Ch0A	biological	biological	fish gut metagenome	1602388	Chondrostoma sp. midgut bacterial microbiota, Jus 2015, individual 1005	Chondrostoma sp.	Chondrostoma sp.	midgut [UBERON:0001045]	2015	France	Jus	Jus1005	False	15Jus1005Ch0A	8	F04
DURANCE16S_15Jus1013Ch0A	15Jus1013Ch0A	15Jus1013Ch0A	biological	biological	fish gut metagenome	1602388	Chondrostoma sp. midgut bacterial microbiota, Jus 2015, individual 1013	Chondrostoma sp.	Chondrostoma sp.	midgut [UBERON:0001045]	2015	France	Jus	Jus1013	False	15Jus1013Ch0A	8	F05
DURANCE16S_15Caa1002Ch0A	15Caa1002Ch0A	15Caa1002Ch0A	biological	biological	fish gut metagenome	1602388	Chondrostoma sp. midgut bacterial microbiota, Caa 2015, individual 1002	Chondrostoma sp.	Chondrostoma sp.	midgut [UBERON:0001045]	2015	France	Caa	Caa1002	False	15Caa1002Ch0A	8	F06
DURANCE16S_15Caa1010Ch0A	15Caa1010Ch0A	15Caa1010Ch0A	biological	biological	fish gut metagenome	1602388	Chondrostoma sp. midgut bacterial microbiota, Caa 2015, individual 1010	Chondrostoma sp.	Chondrostoma sp.	midgut [UBERON:0001045]	2015	France	Caa	Caa1010	False	15Caa1010Ch0A	8	F07
DURANCE16S_15Caa1018Ch0A	15Caa1018Ch0A	15Caa1018Ch0A	biological	biological	fish gut metagenome	1602388	Chondrostoma sp. midgut bacterial microbiota, Caa 2015, individual 1018	Chondrostoma sp.	Chondrostoma sp.	midgut [UBERON:0001045]	2015	France	Caa	Caa1018	False	15Caa1018Ch0A	8	F08
DURANCE16S_15Avi1006Cn02A	15Avi1006Cn02A	15Avi1006Cn02A	biological	biological	fish gut metagenome	1602388	Chondrostoma nasus midgut bacterial microbiota, Avi 2015, individual 1006	Chondrostoma nasus	nase	midgut [UBERON:0001045]	2015	France	Avi	Avi1006	False	15Avi1006Cn02A	8	F09
DURANCE16S_15Bue1001Ch02A	15Bue1001Ch02A	15Bue1001Ch02A	biological	biological	fish gut metagenome	1602388	Chondrostoma sp. midgut bacterial microbiota, Bue 2015, individual 1001	Chondrostoma sp.	Chondrostoma sp.	midgut [UBERON:0001045]	2015	France	Bue	Bue1001	False	15Bue1001Ch02A	8	F10
DURANCE16S_15Bue1009Ch02A	15Bue1009Ch02A	15Bue1009Ch02A	biological	biological	fish gut metagenome	1602388	Chondrostoma sp. midgut bacterial microbiota, Bue 2015, individual 1009	Chondrostoma sp.	Chondrostoma sp.	midgut [UBERON:0001045]	2015	France	Bue	Bue1009	False	15Bue1009Ch02A	8	F11
DURANCE16S_15Bue1017Ch02A	15Bue1017Ch02A	15Bue1017Ch02A	biological	biological	fish gut metagenome	1602388	Chondrostoma sp. midgut bacterial microbiota, Bue 2015, individual 1017	Chondrostoma sp.	Chondrostoma sp.	midgut [UBERON:0001045]	2015	France	Bue	Bue1017	False	15Bue1017Ch02A	8	F12
DURANCE16S_15Bau1007Ch02A	15Bau1007Ch02A	15Bau1007Ch02A	biological	biological	fish gut metagenome	1602388	Chondrostoma sp. midgut bacterial microbiota, Bau 2015, individual 1007	Chondrostoma sp.	Chondrostoma sp.	midgut [UBERON:0001045]	2015	France	Bau	Bau1007	False	15Bau1007Ch02A	8	G01
DURANCE16S_15Bau1015Ch02A	15Bau1015Ch02A	15Bau1015Ch02A	biological	biological	fish gut metagenome	1602388	Chondrostoma sp. midgut bacterial microbiota, Bau 2015, individual 1015	Chondrostoma sp.	Chondrostoma sp.	midgut [UBERON:0001045]	2015	France	Bau	Bau1015	False	15Bau1015Ch02A	8	G02
DURANCE16S_15Bau1023Ch02A	15Bau1023Ch02A	15Bau1023Ch02A	biological	biological	fish gut metagenome	1602388	Chondrostoma sp. midgut bacterial microbiota, Bau 2015, individual 1023	Chondrostoma sp.	Chondrostoma sp.	midgut [UBERON:0001045]	2015	France	Bau	Bau1023	False	15Bau1023Ch02A	8	G03
DURANCE16S_15Jus1006Ch0A	15Jus1006Ch0A	15Jus1006Ch0A	biological	biological	fish gut metagenome	1602388	Chondrostoma sp. midgut bacterial microbiota, Jus 2015, individual 1006	Chondrostoma sp.	Chondrostoma sp.	midgut [UBERON:0001045]	2015	France	Jus	Jus1006	False	15Jus1006Ch0A	8	G04
DURANCE16S_15Jus1014Ch0A	15Jus1014Ch0A	15Jus1014Ch0A	biological	biological	fish gut metagenome	1602388	Chondrostoma sp. midgut bacterial microbiota, Jus 2015, individual 1014	Chondrostoma sp.	Chondrostoma sp.	midgut [UBERON:0001045]	2015	France	Jus	Jus1014	False	15Jus1014Ch0A	8	G05
DURANCE16S_15Caa1003Ch0A	15Caa1003Ch0A	15Caa1003Ch0A	biological	biological	fish gut metagenome	1602388	Chondrostoma sp. midgut bacterial microbiota, Caa 2015, individual 1003	Chondrostoma sp.	Chondrostoma sp.	midgut [UBERON:0001045]	2015	France	Caa	Caa1003	False	15Caa1003Ch0A	8	G06
DURANCE16S_15Caa1011Ch0A	15Caa1011Ch0A	15Caa1011Ch0A	biological	biological	fish gut metagenome	1602388	Chondrostoma sp. midgut bacterial microbiota, Caa 2015, individual 1011	Chondrostoma sp.	Chondrostoma sp.	midgut [UBERON:0001045]	2015	France	Caa	Caa1011	False	15Caa1011Ch0A	8	G07
DURANCE16S_15Caa1019Ch0A	15Caa1019Ch0A	15Caa1019Ch0A	biological	biological	fish gut metagenome	1602388	Chondrostoma sp. midgut bacterial microbiota, Caa 2015, individual 1019	Chondrostoma sp.	Chondrostoma sp.	midgut [UBERON:0001045]	2015	France	Caa	Caa1019	False	15Caa1019Ch0A	8	G08
DURANCE16S_15Avi1007Cn02A	15Avi1007Cn02A	15Avi1007Cn02A	biological	biological	fish gut metagenome	1602388	Chondrostoma nasus midgut bacterial microbiota, Avi 2015, individual 1007	Chondrostoma nasus	nase	midgut [UBERON:0001045]	2015	France	Avi	Avi1007	False	15Avi1007Cn02A	8	G09
DURANCE16S_15Bue1002Ch02A	15Bue1002Ch02A	15Bue1002Ch02A	biological	biological	fish gut metagenome	1602388	Chondrostoma sp. midgut bacterial microbiota, Bue 2015, individual 1002	Chondrostoma sp.	Chondrostoma sp.	midgut [UBERON:0001045]	2015	France	Bue	Bue1002	False	15Bue1002Ch02A	8	G10
DURANCE16S_15Bue1010Ch02A	15Bue1010Ch02A	15Bue1010Ch02A	biological	biological	fish gut metagenome	1602388	Chondrostoma sp. midgut bacterial microbiota, Bue 2015, individual 1010	Chondrostoma sp.	Chondrostoma sp.	midgut [UBERON:0001045]	2015	France	Bue	Bue1010	False	15Bue1010Ch02A	8	G11
DURANCE16S_15Bue1018Ch02A	15Bue1018Ch02A	15Bue1018Ch02A	biological	biological	fish gut metagenome	1602388	Chondrostoma sp. midgut bacterial microbiota, Bue 2015, individual 1018	Chondrostoma sp.	Chondrostoma sp.	midgut [UBERON:0001045]	2015	France	Bue	Bue1018	False	15Bue1018Ch02A	8	G12
DURANCE16S_15Bau1008Ch02A	15Bau1008Ch02A	15Bau1008Ch02A	biological	biological	fish gut metagenome	1602388	Chondrostoma sp. midgut bacterial microbiota, Bau 2015, individual 1008	Chondrostoma sp.	Chondrostoma sp.	midgut [UBERON:0001045]	2015	France	Bau	Bau1008	False	15Bau1008Ch02A	8	H01
DURANCE16S_15Bau1016Ch02A	15Bau1016Ch02A	15Bau1016Ch02A	biological	biological	fish gut metagenome	1602388	Chondrostoma sp. midgut bacterial microbiota, Bau 2015, individual 1016	Chondrostoma sp.	Chondrostoma sp.	midgut [UBERON:0001045]	2015	France	Bau	Bau1016	False	15Bau1016Ch02A	8	H02
DURANCE16S_15Bau1024Ch02A	15Bau1024Ch02A	15Bau1024Ch02A	biological	biological	fish gut metagenome	1602388	Chondrostoma sp. midgut bacterial microbiota, Bau 2015, individual 1024	Chondrostoma sp.	Chondrostoma sp.	midgut [UBERON:0001045]	2015	France	Bau	Bau1024	False	15Bau1024Ch02A	8	H03
DURANCE16S_15Jus1007Ch0A	15Jus1007Ch0A	15Jus1007Ch0A	biological	biological	fish gut metagenome	1602388	Chondrostoma sp. midgut bacterial microbiota, Jus 2015, individual 1007	Chondrostoma sp.	Chondrostoma sp.	midgut [UBERON:0001045]	2015	France	Jus	Jus1007	False	15Jus1007Ch0A	8	H04
DURANCE16S_15Jus1015Ch0A	15Jus1015Ch0A	15Jus1015Ch0A	biological	biological	fish gut metagenome	1602388	Chondrostoma sp. midgut bacterial microbiota, Jus 2015, individual 1015	Chondrostoma sp.	Chondrostoma sp.	midgut [UBERON:0001045]	2015	France	Jus	Jus1015	False	15Jus1015Ch0A	8	H05
DURANCE16S_15Caa1004Ch0A	15Caa1004Ch0A	15Caa1004Ch0A	biological	biological	fish gut metagenome	1602388	Chondrostoma sp. midgut bacterial microbiota, Caa 2015, individual 1004	Chondrostoma sp.	Chondrostoma sp.	midgut [UBERON:0001045]	2015	France	Caa	Caa1004	False	15Caa1004Ch0A	8	H06
DURANCE16S_15Caa1012Ch0A	15Caa1012Ch0A	15Caa1012Ch0A	biological	biological	fish gut metagenome	1602388	Chondrostoma sp. midgut bacterial microbiota, Caa 2015, individual 1012	Chondrostoma sp.	Chondrostoma sp.	midgut [UBERON:0001045]	2015	France	Caa	Caa1012	False	15Caa1012Ch0A	8	H07
DURANCE16S_15Caa1020Ch0A	15Caa1020Ch0A	15Caa1020Ch0A	biological	biological	fish gut metagenome	1602388	Chondrostoma sp. midgut bacterial microbiota, Caa 2015, individual 1020	Chondrostoma sp.	Chondrostoma sp.	midgut [UBERON:0001045]	2015	France	Caa	Caa1020	False	15Caa1020Ch0A	8	H08
DURANCE16S_15Avi1008Cn02A	15Avi1008Cn02A	15Avi1008Cn02A	biological	biological	fish gut metagenome	1602388	Chondrostoma nasus midgut bacterial microbiota, Avi 2015, individual 1008	Chondrostoma nasus	nase	midgut [UBERON:0001045]	2015	France	Avi	Avi1008	False	15Avi1008Cn02A	8	H09
DURANCE16S_15Bue1003Ch02A	15Bue1003Ch02A	15Bue1003Ch02A	biological	biological	fish gut metagenome	1602388	Chondrostoma sp. midgut bacterial microbiota, Bue 2015, individual 1003	Chondrostoma sp.	Chondrostoma sp.	midgut [UBERON:0001045]	2015	France	Bue	Bue1003	False	15Bue1003Ch02A	8	H10
DURANCE16S_15Bue1011Ch02A	15Bue1011Ch02A	15Bue1011Ch02A	biological	biological	fish gut metagenome	1602388	Chondrostoma sp. midgut bacterial microbiota, Bue 2015, individual 1011	Chondrostoma sp.	Chondrostoma sp.	midgut [UBERON:0001045]	2015	France	Bue	Bue1011	False	15Bue1011Ch02A	8	H11
DURANCE16S_T-8	T-8	T-8	temoin	temoin	blank sample	2582415	no-template PCR control — T-8				missing: control sample	missing: control sample			True	T-8	8	H12
